Id,Element,Language,Meaning,Frequency
13,a,,,3952
36,tūn,Old English,,3127
10,lēah,Old English,,919
18,hām,Old English,,680
35,River-name,,,647
9,Family,,,623
2,ford,Old English,,565
77,-ingas,Old English,,492
692,bȳ,Old Norse,,475
3,Uncertain.,Old English,Personal name,468
16,dūn,Old English,,397
38,Farm/settlement,Old English,Personal name,393
20,cultivated,,,378
19,hamm,Old English,,378
37,-ingtūn,Old English,,376
105,burh,Old English,,357
190,Saint's,,,336
98,Place-name,,,334
57,feld,Old English,,280
117,dry,,,272
116,halh,Old English,,272
211,wella,Old English,,272
99,-ing,Old English,,254
50,worð,Old English,,251
155,stān,Old English,,248
185,wudu,Old English,,242
328,hundred,Old English,,232
1289,þorp,Old Norse,,224
14,or,,,223
12,wīc,Old English,,223
5,hyll,Old English,,220
51,-ing-,Old English,,214
273,nīwe,Old English,,203
136,denu,Old English,,199
90,burna,Old English,,195
224,cumb,Old English,,179
6,ēg,Old English,,165
173,west,Old English,,163
59,cot,Old English,,158
309,Obscure,,,155
25,hōh,Old English,,150
11,ēast,Old English,,150
230,mōr,Old English,,143
108,stoc,Old English,,143
152,sūð,Old English,,126
70,mere,Old English,,125
214,berg,Old English,,124
101,lang,Old English,,124
197,æsc,Old English,,124
253,magna,Latin,,117
310,"Probably,",Old English,Personal name,115
107,parva,Latin,,115
120,brōc,Old English,,114
84,hēah,Old English,,112
125,norð,Old English,,112
319,Homestead/village,Old English,Personal name,111
274,land,Old English,,110
275,possibly,,,110
464,cirice,Old English,,101
442,þorn,Old English,,99
208,brād,Old English,,90
86,hlāw,Old English,,88
46,clif,Old English,,87
154,brycg,Old English,,86
1755,stede,Old English,,83
122,middel,Old English,,81
127,āc,Old English,,81
32,brōm,Old English,,75
29,hyrst,Old English,,72
113,mersc,Old English,,72
262,cyning,Old English,,71
506,ceaster,Old English,,69
478,hwīt,Old English,,68
162,strēt,Old English,,66
80,wald,Old English,,63
501,-ingahām,Old English,,62
82,hǣð,Old English,,62
198,upp,Old English,,57
243,fearn,Old English,,55
66,stōw,Old English,,55
121,myln,Old English,,53
444,prēost,Old English,,53
590,later,,,52
88,hol,Old English,,51
1145,hop,Old English,,51
399,hrycg,Old English,,51
1007,kirkja,Old Norse,,51
547,lȳtel,Old English,,50
39,ceorl,Old English,,49
119,trēow,Old English,,49
61,ēa,Old English,,49
774,dalr,Old Norse,,48
1058,dæl,Old English,,48
44,sand,Old English,,48
129,ald,Old English,,47
102,grāf,Old English,,47
848,walh,Old English,,47
192,"Either,",Old English,Personal name,46
205,burh-tūn,Old English,,46
54,pōl,Old English,,44
1497,PROBABLY:,Old English,Personal name,43
611,bearu,Old English,,43
239,geat,Old English,,42
311,hæg,Old English,,42
147,scelf,Old English,,42
254,grēne,Old English,,41
361,cald,Old English,,39
110,headland,,,39
109,hēafod,Old English,,39
739,lann,C,,39
207,ōra,Old English,,39
619,blæc,Old English,,38
358,cē¸d,C,,38
522,dīc,Old English,,38
196,"Possibly,",Old English,Personal name,37
145,scēp,Old English,,37
1214,weg,Old English,,37
401,ōfer,Old English,,37
1331,mynster,Old English,,36
260,penn,C,,36
523,fenn,Old English,,35
15,bere-tūn,Old English,,34
563,hrēod,Old English,,34
791,alor,Old English,,33
72,flēot,Old English,,33
1021,holmr,Old Norse,,33
857,kirkju-býr,Old Norse,,33
1241,vápnatak,Old Norse,,33
396,heorot,Old English,,32
93,hīd,Old English,,32
281,rēad,Old English,,32
991,þveit,Old Norse,,32
352,Probably,Old English,Personal name,31
772,sǣ,Old English,,31
126,Tribal-Name,,,30
589,grange,Middle English,,30
1217,hūs,Old English,,30
1340,biscop,Old English,,29
181,hām-stede,Old English,,29
768,munuc,Old English,,29
760,mǣre,Old English,,29
556,ofer,Old English,,29
58,stapol,Old English,,29
577,wall,Old English,,29
179,wilig,Old English,,29
802,The,Old English,Personal name,28
394,mǣd,Old English,,28
889,mūða,Old English,,28
435,port,Old English,,28
164,swīn,Old English,,28
347,castel,Old English,,27
68,holt,Old English,,27
1104,lundr,Old Norse,,27
451,rūh,Old English,,27
1164,þyrne,Old English,,27
338,bōðl,Old English,,26
221,cild,Old English,,26
517,elm,Old English,,26
1444,episcopus,Latin,,26
1063,haugr,Old Norse,,26
1114,scīr,Old English,,26
749,wīðig,Old English,,26
170,ærn,Old English,,26
434,atten,Middle English,,25
346,calf,Old English,,25
460,clǣg,Old English,,25
229,dræg,Old English,,25
381,horu,Old English,,25
268,hȳð,Old English,,25
332,hām-tūn,Old English,,25
783,neoðera,Old English,,25
573,toft,Old English,,25
298,abbas,Latin,,24
720,hæsel,Old English,,24
79,hār,Old English,,24
537,hēg,Old English,,24
1024,karl,Old Norse,,24
574,saint,,,24
825,stocc,Old English,,24
130,weard,Old English,,24
317,winter,Old English,,24
184,croft,Old English,,23
605,erg,Old Norse,,23
477,hwǣte,Old English,,23
705,næss,Old English,,23
662,tún,Old Norse,,23
1308,Possibly,Old English,Personal name,22
212,bōc-land,Old English,,22
91,crāwe,Old English,,22
2519,haga,Old English,,22
267,līn,Old English,,22
810,rysc,Old English,,22
568,cū,Old English,,21
667,hall,Old English,,21
1244,horn,Old English,,21
1953,ryge,Old English,,21
143,salh,Old English,,21
773,set,Old English,,21
994,bekkr,Old Norse,,20
330,bǣce,Old English,,20
660,crṻg,C,,20
331,hǣme,Old English,,20
1265,micel,Old English,,20
1205,park,Middle English,,20
1408,Perhap,Old English,Personal name,19
988,askr,Old Norse,,19
55,cran,Old English,,19
2807,denn,Old English,,19
421,hlinc,Old English,,19
141,hrīs,Old English,,19
1192,le,French,,19
414,oxa,Old English,,19
948,salt,Old English,,19
288,sceaga,Old English,,19
1343,worðig,Old English,,19
1336,bǣr,Old English,,18
620,cnoll,Old English,,18
255,grǣfe,Old English,,18
248,gāra,Old English,,18
540,hors,Old English,,18
461,stēpel,Old English,,18
595,æcer,Old English,,18
1519,Winterborne,Old English,,17
1562,bī,Old English,,17
1708,cniht,Old English,,17
53,cocc,Old English,,17
1370,col,Old English,,17
349,funta,Old English,,17
505,hīwan,Old English,,17
1525,lane,Old English,,17
1907,pirige,Old English,,17
151,þrop,Old English,,17
520,ēl,Old English,,17
222,īeg,Old English,,17
76,bere,Old English,,16
78,hær,Old English,,16
1402,hālig,Old English,,16
986,lacu,Old English,,16
104,lēac-tūn,Old English,,16
316,winn,Old English,,16
474,wæter,Old English,,16
312,wīd,Old English,,16
1273,Norðman,Old English,,15
156,Wood/clearing,Old English,Personal name,15
2215,bucca,Old English,,15
1022,butere,Old English,,15
201,bēan,Old English,,15
683,eglẹ̄s,C,,15
67,eofor,Old English,,15
247,fīf,Old English,,15
123,hangra,Old English,,15
137,hræfn,Old English,,15
385,lind,Old English,,15
89,rex,Latin,,15
305,twī-,Old English,,15
388,under,Old English,,15
645,worðign,Old English,,15
202,beonet,Old English,,14
2092,billing,Old English,,14
343,breg,C,,14
544,bæc,Old English,,14
1033,corn,Old English,,14
1034,crōc,Old English,,14
448,cweorn,Old English,,14
232,earn,Old English,,14
695,fūl,Old English,,14
41,græf,Old English,,14
146,heorde-wīc,Old English,,14
168,rīð,Old English,,14
159,stōd,Old English,,14
1305,ticcen,Old English,,14
593,uferra,Old English,,14
308,wer,Old English,,14
28,bula,Old English,,13
1560,bēl,Old English,,13
706,bōc,Old English,,13
1015,bōðl-tūn,Old English,,13
383,cyne-,Old English,,13
378,gāt,Old English,,13
1768,hara,Old English,,13
1401,hæcc,Old English,,13
510,kunung,Old Norse,,13
708,melr,Old Norse,,13
797,plūme,Old English,,13
562,ramm,Old English,,13
1492,sele,Old English,,13
150,sulh,Old English,,13
1079,vað,Old Norse,,13
626,boga,Old English,,12
499,bucc,Old English,,12
40,calc,Old English,,12
1042,dēor,Old English,,12
494,ende,Old English,,12
376,fox,Old English,,12
525,grēot,Old English,,12
1539,lǣs,Old English,,12
457,sceald,Old English,,12
1019,skáli,Old Norse,,12
1088,skógr,Old Norse,,12
171,tōt,Old English,,12
318,wēoh,Old English,,12
329,At,Old English,Personal name,11
290,Open,Old English,Personal name,11
1853,Tarrant,Old English,,11
992,bel,French,,11
106,berc,Old English,,11
2936,bill,Old English,,11
498,brunnr,Old Norse,,11
2338,bēos,Old English,,11
650,ceole,Old English,,11
45,clopp,Old English,,11
512,cofa,Old English,,11
1671,corf,Old English,,11
363,cærse,Old English,,11
959,din,C,,11
1238,grēat,Old English,,11
235,hana,Old English,,11
1550,hecg,Old English,,11
1771,hege,Old English,,11
85,henn,Old English,,11
3006,hlíð,Old Norse,,11
1898,hnutu,Old English,,11
722,holegn,Old English,,11
1939,hramsa,Old English,,11
142,hrōc,Old English,,11
263,lamb,Old English,,11
1110,rauðr,Old Norse,,11
158,styfic,Old English,,11
819,sumor,Old English,,11
1138,the,,,11
2176,tūn-stall,Old English,,11
321,wiht,Old English,,11
3552,Farmstead,Old English,Personal name,10
3126,Frīsa,Old English,,10
1506,Piddle,Old English,,10
278,Stream,Old English,Personal name,10
322,Valley,Old English,Personal name,10
485,Wine,Old English,Personal name,10
2940,bere-wīc,Old English,,10
617,birce,Old English,,10
638,būr,Old English,,10
284,camp,Old English,,10
1649,cisel,Old English,,10
1032,clāte,Old English,,10
2117,edisc,Old English,,10
69,fealu,Old English,,10
1230,fāg,Old English,,10
521,gē,Old English,,10
398,hafoc,Old English,,10
715,hagu-þorn,Old English,,10
390,hamol,Old English,,10
1413,hunig,Old English,,10
710,hān,Old English,,10
545,in,Old English,,10
2922,kjarr,Old Norse,,10
1442,mȳðe,Old English,,10
779,mūl,Old English,,10
800,pull,Old English,,10
1177,scēat,Old English,,10
392,slǣp,Old English,,10
1129,sub,Latin,,10
958,temple,Middle English,,10
1610,toun,Middle English,,10
1115,viðr,Old Norse,,10
588,wice,Old English,,10
481,wincel,Old English,,10
313,wisc,Old English,,10
1149,wæsse,Old English,,10
581,wīc-hām,Old English,,10
2387,Enclosure,Old English,Personal name,9
1417,Hun,Old English,Personal name,9
469,Tata,Old English,Personal name,9
3089,barn,Old Norse,,9
1168,bigging,Middle English,,9
627,bred,Old English,,9
1603,brocc,Old English,,9
495,bēam,Old English,,9
1012,creig,C,,9
348,cēping,Old English,,9
685,ecg,Old English,,9
2115,elfitu,Old English,,9
377,fugol,Old English,,9
871,fyrhð,Old English,,9
1226,fæger,Old English,,9
1621,geard,Old English,,9
1404,here-pæð,Old English,,9
1944,hring,Old English,,9
2128,hēope,Old English,,9
1416,hīwisc,Old English,,9
1074,king,Middle English,,9
1868,mapuldor,Old English,,9
550,mearc,Old English,,9
549,mǣne,Old English,,9
3449,mór,Old Norse,,9
767,mōt,Old English,,9
951,nes,Old English,,9
2777,nunne,Old English,,9
480,perhaps,,,9
504,ric,Old English,,9
788,rod,Old English,,9
144,scearn,Old English,,9
2494,scora,Old English,,9
2408,super,Latin,,9
1294,sīd,Old English,,9
962,tre,C,,9
1501,ufan,Old English,,9
483,wīg,Old English,,9
193,æppel,Old English,,9
2466,īw,Old English,,9
359,-ware,Old English,,8
289,Ford,Old English,Personal name,8
1233,Fotr,Old Norse,Personal name,8
2985,Grimr,Old Norse,Personal name,8
48,Hill,Old English,Personal name,8
33,"Originally,",Old English,Personal name,8
2136,Scott,Old English,,8
1966,Seaxe,Old English,,8
1582,Stour,Old English,,8
2808,Woodland,Old English,Personal name,8
1495,abbesse,Middle English,,8
1326,abbod,Old English,,8
3253,austr,Old Norse,,8
382,belle,Old English,,8
206,box,Old English,,8
1554,bēo,Old English,,8
880,calu,Old English,,8
1426,canto-,C,,8
1362,cetel,Old English,,8
1190,chapel,Middle English,,8
663,clǣfre,Old English,,8
1496,court,Middle English,,8
96,cǣg,Old English,,8
1378,dēop,Old English,,8
2537,garth,C,,8
2121,gata,Old Norse,,8
249,gōs,Old English,,8
1412,helde,Old English,,8
2260,here,Old English,,8
1837,hlȳde,Old English,,8
1077,hryggr,Old Norse,,8
726,hunta,Old English,,8
1078,langr,Old Norse,,8
658,læcc,Old English,,8
264,lēac,Old English,,8
3165,market,Old English,,8
762,mearð,Old English,,8
139,mont,Middle English,,8
269,mægden,Old English,,8
932,mǭr,C,,8
1445,mūs,Old English,,8
2774,netel,Old English,,8
769,peru,Old English,,8
440,pīc,Old English,,8
776,rūm,Old English,,8
1292,scēot,Old English,,8
1467,scīete,Old English,,8
811,seofon,Old English,,8
629,smið,Old English,,8
297,strāt,Old English,,8
1010,sǽtr,Old Norse,,8
526,sǣte,Old English,,8
1125,torr,Old English,,8
178,uncultivated,,,8
177,wilde,Old English,,8
1490,wulf,Old English,,8
23,wæd,Old English,,8
732,Íri,Old Norse,,8
8,æspe,Old English,,8
3559,*Wifel,Old English,Personal name,7
3233,Ali,Old Norse,Personal name,7
3650,Becca,Old English,Personal name,7
34,Cada,Old English,Personal name,7
223,Ceol,Old English,Personal name,7
1220,Ecga,Old English,Personal name,7
3122,Eindrithi,Old Norse,Personal name,7
2114,Ella,Old English,Personal name,7
242,Engle,Old English,,7
2716,Gunni,Old Norse,Personal name,7
1415,Huna,Old English,Personal name,7
2337,Nook,Old English,Personal name,7
1998,One,Old English,Personal name,7
463,Outlying,,Personal name,7
859,Wicga,Old English,Personal name,7
2593,amore,Old English,,7
2220,anger,Old English,,7
1535,bagga,Old English,,7
210,beorht,Old English,,7
2363,beorn,Old English,,7
1030,botm,Old English,,7
1172,brant,Old English,,7
628,brēr,Old English,,7
340,bufan,Old English,,7
1,byden,Old English,,7
818,bōthe,Middle English,,7
216,catt,Old English,,7
2376,cert,Old English,,7
339,clǣgig,Old English,,7
1073,cēse,Old English,,7
879,eglēs,C,,7
3355,fald,Old English,,7
2119,fisc,Old English,,7
700,golde,Old English,,7
1400,haca,Old English,,7
603,hlid,Old English,,7
978,hlið,Old English,,7
539,horning,Old English,,7
3312,hús,Old Norse,,7
1765,hēh,Old English,,7
746,lïs,C,,7
1859,lẹ̄d,C,,7
1874,meoluc,Old English,,7
431,monke,Middle English,,7
2560,oter,Old English,,7
4292,prior,Middle English,,7
1377,priorie,Middle English,,7
1389,putta,Old English,,7
761,pyll,Old English,,7
2098,pæð,Old English,,7
283,rima,Old English,,7
1285,ripel,Old English,,7
945,rïd,C,,7
1029,saurr,Old Norse,,7
1464,sceaft,Old English,,7
813,sceot,Old English,,7
4274,scræf,Old English,,7
458,scēne,Old English,,7
1011,treβ,C,,7
841,twisla,Old English,,7
997,vrá,Old Norse,,7
2021,wacu,Old English,,7
1786,walu,Old English,,7
1487,wenn,Old English,,7
2079,wrocc,Old English,,7
183,wōh,Old English,,7
194,æppel-tūn,Old English,,7
1516,æðeling,Old English,,7
3228,þyrnir,Old Norse,,7
1385,ān-stiga,Old English,,7
231,ēar,Old English,,7
2354,*Amma,Old English,Personal name,6
1382,-āco-,C,,6
1148,Abba,Old English,Personal name,6
2152,Beda,Old English,Personal name,6
625,Bota,Old English,Personal name,6
1188,Catta,Old English,Personal name,6
1369,Cola,Old English,Personal name,6
422,Creoda,Old English,Personal name,6
403,Hwicce,Old English,,6
2862,Leofa,Old English,Personal name,6
432,Mul,Old English,Personal name,6
380,Named,,Personal name,6
790,Offa,Old English,Personal name,6
1552,PERHAPS:,Old English,Personal name,6
306,Uffa,Old English,Personal name,6
584,Wina,Old English,Personal name,6
2586,Wulfhere,Old English,Personal name,6
1316,Wōden,Old English,,6
2183,bere-ærn,Old English,,6
1337,bica,Old English,,6
4395,brǣdu,Old English,,6
31,brēmel,Old English,,6
2263,bune,Old English,,6
613,byge,Old English,,6
2100,bȳre,Old English,,6
2663,bærnet,Old English,,6
199,bæð,Old English,,6
1160,bār,Old English,,6
1031,cadeir,C,,6
2378,ciltā,C,,6
2248,clacc,Old English,,6
1777,close,Middle English,,6
2509,clǣne,Old English,,6
2721,cros,Old English,,6
379,cross,C,,6
673,crōh,Old English,,6
446,cwēn,Old English,,6
2655,cyln,Old English,,6
2515,docce,Old English,,6
515,drȳge,Old English,,6
976,eik,Old Norse,,6
2113,ellern,Old English,,6
241,ened,Old English,,6
1293,eorl,Old English,,6
315,ersc,Old English,,6
753,forest,Middle English,,6
697,geit,Old Norse,,6
420,gelād,Old English,,6
2261,gor,Old English,,6
533,gylden,Old English,,6
2483,hamor,Old English,,6
1403,here-ford,Old English,,6
2305,hruna,Old English,,6
3474,hrókr,Old Norse,,6
2493,hrīðer,Old English,,6
656,hulm,Old Norse,,6
1035,kross-bý,Old Norse,,6
2822,loca,Old English,,6
1025,lād,Old English,,6
2962,lēfer,Old English,,6
3443,marr,Old Norse,,6
1356,monachus,Latin,,6
771,mos,Old English,,6
1869,myrge,Old English,,6
1263,mæðel,Old English,,6
1134,mę̄l,C,,6
941,pohha,Old English,,6
1435,pytt,Old English,,6
719,pēac,Old English,,6
939,pīl,Old English,,6
2440,rand,Old English,,6
1460,rǣw,Old English,,6
148,scyttels,Old English,,6
2854,sell,Old English,,6
337,stall,Old English,,6
824,stæf,Old English,,6
157,stēap,Old English,,6
812,stīg,Old English,,6
795,superior,Latin,,6
467,swan,Old English,,6
1928,swelle,Old English,,6
2578,tang,Old English,,6
2230,til,Old English,,6
840,timber,Old English,,6
1150,weorc,Old English,,6
1135,weðer,Old English,,6
680,wifel,Old English,,6
1069,wind,Old English,,6
3236,wīcing,Old English,,6
1016,á,Old Norse,,6
1518,ǣwell,Old English,,6
2016,ūle,Old English,,6
578,ūt,Old English,,6
532,(later),,,5
3100,*Brant,Old English,Personal name,5
2879,*Otta,Old English,Personal name,5
796,*Pica,Old English,Personal name,5
2379,*Soppa,Old English,Personal name,5
926,-ek,C,,5
4302,Aelfweard,Old English,Personal name,5
3249,Ash-tree,Old Norse,Personal name,5
2930,Baldhere,Old English,Personal name,5
1339,Bica,Old English,Personal name,5
623,Bosa,Old English,Personal name,5
2099,Brandr,Old Norse,Personal name,5
1176,Brettas,Old English,,5
509,Cumbre,Old English,,5
1211,Dene,Old English,,5
2190,Eadburh,Old English,Personal name,5
1224,Eata,Old English,Personal name,5
1566,Frome,C,,5
1399,Goda,Old English,Personal name,5
413,Hill-spur,Old English,Personal name,5
2185,Hwita,Old English,Personal name,5
1797,Iwerne,Old English,,5
2948,Kati,Old Norse,Personal name,5
735,Ketil,Old Norse,Personal name,5
2231,Land,Old English,Personal name,5
551,Merce,Old English,,5
1569,POSSIBLY:,Old English,Personal name,5
1479,Totta,Old English,Personal name,5
2175,Tuda,Old English,Personal name,5
3231,Ulfr,Old Norse,Personal name,5
1602,Wey,Old English,,5
861,Wiglaf,Old English,Personal name,5
266,Witta,Old English,Personal name,5
671,abbat,Middle English,,5
1762,apuldor,Old English,,5
1167,beau,French,,5
3284,bile,Old English,,5
1573,binnan,Old English,,5
1004,blain,C,,5
2094,bol,Old English,,5
2095,bola,Old English,,5
631,bridd,Old English,,5
1347,brēc,Old English,,5
1178,brūn,Old English,,5
215,burh-weard,Old English,,5
2502,byht,Old English,,5
2667,byxe,Old English,,5
3815,bēag,Old English,,5
200,bēce,Old English,,5
2820,capel,French,,5
351,carn,C,,5
664,clōh,Old English,,5
542,cnafa,Old English,,5
362,coll,Old English,,5
674,croh,Old English,,5
4060,cropp,Old English,,5
1206,crumb,Old English,,5
354,cyte,Old English,,5
2927,cā,Old English,,5
648,cēod,Old English,,5
2390,dod,Old English,,5
2394,drit,Old English,,5
1218,dūfe,Old English,,5
2118,efen,Old English,,5
5076,elri,Old Norse,,5
4583,erð,Old English,,5
374,falh,Old English,,5
1732,folc,Old English,,5
2409,frið,Old English,,5
1228,fīn,Old English,,5
999,garðr,Old Norse,,5
1622,gerd,Old English,,5
3365,glēam,Old English,,5
75,grafa,Old English,,5
531,grund,Old English,,5
1186,grēosn,Old English,,5
2259,hald,Old English,,5
1769,heard,Old English,,5
276,hengest,Old English,,5
747,hlōse,Old English,,5
1959,hrung,Old English,,5
452,hrís,Old Norse,,5
92,hyse,Old English,,5
1246,hæfer,Old English,,5
47,hætt,Old English,,5
1407,hōc,Old English,,5
794,inferior,Latin,,5
4752,juxta,Latin,,5
3348,kjǫlr,Old Norse,,5
661,klakkr,Old Norse,,5
415,la,French,,5
3004,lœ́kr,Old Norse,,5
118,mapel,Old English,,5
3725,meðal,Old Norse,,5
2145,mid,Old English,,5
1872,mǣle,Old English,,5
555,ord,Old English,,5
1454,plȳme,Old English,,5
134,pott,Old English,,5
1456,pēo,Old English,,5
1108,ribbe,Old English,,5
953,ros,C,,5
805,rá,Old Norse,,5
138,rā,Old English,,5
1290,sceard,Old English,,5
1798,scīr-rēfa,Old English,,5
3492,secg,Old English,,5
1809,setl,Old English,,5
4102,skjalf,Old Norse,,5
294,spearr,Old English,,5
801,spitel,Middle English,,5
725,steort,Old English,,5
829,stubb,Old English,,5
161,stōd-fald,Old English,,5
1083,sǽr,Old Norse,,5
1759,sīc,Old English,,5
62,sōcn,Old English,,5
2945,topographically,,,5
1991,tādige,Old English,,5
1770,"uncomfortable,",,,5
1137,warde,Middle English,,5
180,wilign,Old English,,5
582,wrætt,Old English,,5
853,wæfre,Old English,,5
1486,wægn,Old English,,5
834,wēl,Old English,,5
858,wēt,Old English,,5
2321,Þunor,Old English,,5
169,þing,Old English,,5
1720,ēan,Old English,,5
1563,ēastan,Old English,,5
1605,ēg-land,Old English,,5
2194,*Aegel,Old English,Personal name,4
410,*Ic(c)a,Old English,Personal name,4
4602,*Ylfketill,Old Norse,Personal name,4
2200,Aelfgyth,Old English,Personal name,4
1151,Aelfhere,Old English,Personal name,4
3252,Aslakr,Old Norse,Personal name,4
500,Brynca,Old English,Personal name,4
1600,Bryni,Old English,Personal name,4
3105,Bucca,Old English,Personal name,4
1651,Ceatta,Old English,Personal name,4
652,Ceolmund,Old English,Personal name,4
2224,Coppa,Old English,Personal name,4
2414,Cottage(s),Old English,Personal name,4
228,Dud(d)a,Old English,Personal name,4
1152,Ealhmund,Old English,Personal name,4
2611,Esa,Old English,Personal name,4
2973,Flik,Old Norse,Personal name,4
3278,Helgi,Old Norse,Personal name,4
1284,Hrype,Old English,,4
3158,Klakkr,Old Norse,Personal name,4
1437,Leofwine,Old English,Personal name,4
1271,New,Old English,Personal name,4
1274,Occa,Old English,Personal name,4
839,Originally,Old English,Personal name,4
97,Partly,Old English,Personal name,4
52,"Perhaps,",,Personal name,4
4270,Priest,,Personal name,4
2492,Putta,Old English,Personal name,4
885,St.,,Personal name,4
2174,Thori,Old Norse,Personal name,4
1124,Thorir,Old Norse,Personal name,4
2579,Thorkell,Old Norse,Personal name,4
837,Thorsteinn,Old Norse,Personal name,4
2456,Tidbeorht,Old English,Personal name,4
2324,Toll,Old English,Personal name,4
864,Wigmund,Old English,Personal name,4
529,Wilburh,Old English,Personal name,4
870,Wulfstan,Old English,Personal name,4
2365,beofor,Old English,,4
634,berned,Old English,,4
1580,blǣge,Old English,,4
878,boia,Old English,,4
2937,brekka,Old Norse,,4
341,brig,C,,4
2602,bryne,Old English,,4
1020,bræcen,Old English,,4
360,brægen,Old English,,4
3295,brēosa,Old English,,4
2184,byrgen,Old English,,4
2339,bysce,Old English,,4
334,bytle,Old English,,4
1001,búð,Old Norse,,4
615,bīcere,Old English,,4
1627,canne,Old English,,4
1036,canoun,Middle English,,4
644,carr,Old English,,4
1654,celde,Old English,,4
2132,celf,Old English,,4
1799,cerr,Old English,,4
666,cogg,Old English,,4
2633,copp,Old English,,4
1683,crūc,Old English,,4
3336,cuccu,Middle English,,4
1212,djúr,Old Norse,,4
365,dor,Old English,,4
1046,drag,Old Norse,,4
2961,dǣl,Old English,,4
3339,dēoping,Old English,,4
2740,efes,Old English,,4
375,fennig,Old English,,4
3358,fiscere,Old English,,4
1740,fyrs,Old English,,4
1394,fær,Old English,,4
4168,fīna,Old English,,4
983,gil,Old Norse,,4
3366,glente,Old English,,4
2765,god,Old English,,4
1093,gríss,Old Norse,,4
1392,gēac,Old English,,4
3400,hafri,Old Norse,,4
4321,hals,Old English,,4
1157,haut,French,,4
2681,hearpe,Old English,,4
1744,helm,Old English,,4
2993,hind,Old English,,4
2955,hlenc,Old English,,4
2851,hlēp,Old English,,4
405,hogg,Old English,,4
3011,holr,Old Norse,,4
1283,hrafn,Old Norse,,4
2159,hrēof,Old English,,4
408,hulu,Old English,,4
3068,hwēol,Old English,,4
257,hyrne,Old English,,4
2538,hærg,Old English,,4
3981,hæsling,Old English,,4
1405,hǣddre,Old English,,4
2555,hǣs,Old English,,4
709,hāðel,Old English,,4
2986,hēap,Old English,,4
3403,hēopa,Old English,,4
1781,hōd,Old English,,4
1778,hūfe,Old English,,4
1143,hǫfuð,Old Norse,,4
259,ing,Old English,,4
3028,klif,Old Norse,,4
3022,launde,Middle English,,4
3009,lifer,Old English,,4
3157,loc,Old English,,4
3432,luh,Old English,,4
2689,lycce,Old English,,4
1429,lām,Old English,,4
740,lāwerce,Old English,,4
1013,main,C,,4
3434,malt,Old Norse,,4
1439,mamm,C,,4
923,managh,C,,4
1881,minte,Old English,,4
2284,mund,Old English,,4
1441,mǣð,Old English,,4
2277,mēl,Old English,,4
2207,mēos,Old English,,4
1094,nether,Middle English,,4
1009,new,,,4
2428,næt,Old English,,4
1449,pearroc,Old English,,4
2563,pening,Old English,,4
670,pil-āte,Old English,,4
1452,pinn,Old English,,4
279,pise,Old English,,4
1446,popel,Old English,,4
3183,pottere,Old English,,4
1459,racu,Old English,,4
3190,roð,Old English,,4
2298,rǣge,Old English,,4
2306,rūn,Old English,,4
5301,salr,Old Norse,,4
1357,salt-ærn,Old English,,4
913,sans,C,,4
2887,sceld,Old English,,4
528,sceldu,Old English,,4
1601,sceort,Old English,,4
3045,slinu,Old English,,4
393,slǣpe,Old English,,4
1266,smeoru,Old English,,4
2312,spring,Old English,,4
2935,staðr,Old Norse,,4
2171,strand,Old English,,4
3198,strēon,Old English,,4
1984,strōd,Old English,,4
4278,stīrc,Old English,,4
2898,stūt,Old English,,4
1121,sundor-land,Old English,,4
2901,swalwe,Old English,,4
1469,swēora,Old English,,4
454,sēar,Old English,,4
2013,tige,Old English,,4
630,trog,Old English,,4
3351,ville,,,4
2573,wearg,Old English,,4
855,weorf,Old English,,4
272,windels,Old English,,4
587,wisce,Old English,,4
2033,wudig,Old English,,4
2473,wudu-mann,Old English,,4
1484,wæsc,Old English,,4
1485,wæsce,Old English,,4
2024,wǣr,Old English,,4
2049,wïnn,C,,4
868,wīc-tūn,Old English,,4
3818,wīf,Old English,,4
2234,yppe,Old English,,4
1155,æppel-trēow,Old English,,4
731,ïnïs,C,,4
301,þel,Old English,,4
823,þyrel,Old English,,4
302,þēod,Old English,,4
2432,ōsle,Old English,,4
2802,*,Old English,Personal name,3
2558,*Baeddi,Old English,Personal name,3
1587,*Blocc,Old English,Personal name,3
513,*Cofa,Old English,Personal name,3
3331,*Craeta,Old English,Personal name,3
1373,*Cuca,Old English,Personal name,3
2398,*Dunt,Old English,Personal name,3
1219,*Eadin,Old English,Personal name,3
2557,*Haegel,Old English,Personal name,3
535,*Herel,Old English,Personal name,3
534,*Herela,Old English,Personal name,3
1158,*Hucca,Old English,Personal name,3
3018,*Mealla,Old English,Personal name,3
3729,*Munda,Old English,Personal name,3
2665,*Peola,Old English,Personal name,3
163,*Sunna,Old English,Personal name,3
2495,*Waendel,Old English,Personal name,3
1319,*Weorc,Old English,Personal name,3
1327,Aelfred,Old English,Personal name,3
607,Aelfstan,Old English,Personal name,3
2350,Alhmund,Old English,Personal name,3
3026,Asmund,Old Norse,Personal name,3
4042,Babba,Old English,Personal name,3
1547,Bata,Old English,Personal name,3
3651,Bil(l)a,Old English,Personal name,3
2599,Boda,Old English,Personal name,3
2750,Brand,Old Norse,Personal name,3
1626,Cana,Old English,,3
1577,Caundle,C,,3
2621,Cena,Old English,Personal name,3
1256,Cengifu,Old English,Personal name,3
1645,Cerne,Old English,,3
902,Church,,Personal name,3
3113,Cott,Old English,Personal name,3
2221,Crist,Old English,,3
514,Croc,Old English,Personal name,3
2623,Cyneheard,Old English,Personal name,3
2418,Cynemaer,Old English,Personal name,3
1425,Cyneweard,Old English,Personal name,3
1209,Dalla,Old English,Personal name,3
5071,Danir,Old Norse,,3
3844,Deor,Old English,Personal name,3
679,Dodda,Old English,Personal name,3
2402,Eadstan,Old English,Personal name,3
1252,Ealac,Old English,Personal name,3
2708,Eanwulf,Old English,Personal name,3
518,El(l)i,Old English,Personal name,3
2233,Elesa,Old English,Personal name,3
502,Free,Old English,Personal name,3
3667,Frithi,Old Norse,Personal name,3
694,Frod,Old English,Personal name,3
3664,Fugol,Old English,Personal name,3
1057,Gamall,Old Norse,Personal name,3
3134,Gauti,Old Norse,Personal name,3
3326,Hana,Old English,Personal name,3
2988,Haukr,Old Norse,Personal name,3
3975,Hawk,Old English,Personal name,3
3405,Helm,Old English,Personal name,3
3691,Hemma,Old English,Personal name,3
1248,Hocca,Old English,Personal name,3
409,Ibba,Old English,Personal name,3
3411,Ingjaldr,Old Norse,Personal name,3
564,Island,Old English,Personal name,3
3320,Kari,Old Norse,Personal name,3
3118,Krok,Old Norse,Personal name,3
3994,Leofhere,Old English,Personal name,3
3876,Lilla,Old English,Personal name,3
1433,Locc,Old English,Personal name,3
1259,Luda,Old English,Personal name,3
425,Lufa,Old English,Personal name,3
4211,Martin,Old English,Personal name,3
780,Mula,Old English,Personal name,3
2192,Old,Old English,Personal name,3
3024,Ormr,Old Norse,Personal name,3
2490,Oswulf,Old English,Personal name,3
1862,Personal-name,German,,3
1513,Place,Old English,Personal name,3
758,Pool,Old English,Personal name,3
808,Rauthr,Old Norse,Personal name,3
1941,Raven,Old English,Personal name,3
4018,Scot,Old English,Personal name,3
1988,Sigemund,Old English,Personal name,3
5042,Specialised-farm,Old English,Personal name,3
820,Sprow,Old English,Personal name,3
4145,Stream-Name,,,3
569,Swǣfe,Old English,,3
3533,Tathere,Old English,Personal name,3
3542,Thorulfr,Old Norse,Personal name,3
4231,Town-guardian,Old English,Personal name,3
1102,Ulf,Old Norse,Personal name,3
3740,W(e)alh,Old English,Personal name,3
4516,Wigferth,Old English,Personal name,3
1515,Wimborne,,,3
2056,Winter,,Personal name,3
2228,Wooded,Old English,Personal name,3
2852,Woodland-pasture,Old English,Personal name,3
2474,Wulflaf,Old English,Personal name,3
320,Wulfric,Old English,Personal name,3
487,Wulfsige,Old English,Personal name,3
1210,abbaye,Middle English,,3
3055,akr,Old Norse,,3
2330,ambo,Latin,,3
935,ar,C,,3
4316,ardd,C,,3
3261,bagge,Middle English,,3
1166,beg,Old English,,3
3596,beren,Old English,,3
867,betwēonan,Old English,,3
1002,birki,Old Norse,,3
875,bod,C,,3
1018,bogi,Old Norse,,3
1647,bord,Old English,,3
1017,borg,Old Norse,,3
1170,brakni,Old Norse,,3
1087,breiðr,Old Norse,,3
1163,brerd,Old English,,3
1349,brȳd,Old English,,3
1345,bræc,Old English,,3
4037,brïnn,C,,3
1346,brǣc,Old English,,3
1386,budda,Old English,,3
636,bugge,Middle English,,3
2202,byrde,Old English,,3
3096,bytme,Old English,,3
3289,bóndi,Old Norse,,3
5417,býjar-lǫg,Old Norse,,3
2979,bōth,Old Norse,,3
2037,canonicus,Latin,,3
642,cape,Old English,,3
507,ceaf,Old English,,3
2756,ceafor,Old English,,3
356,ceastel,Old English,,3
3872,cegel,Old English,,3
2755,cest,Old English,,3
2824,cev˜n,C,,3
2507,clear,C,,3
4238,clēo,Old English,,3
786,cnocc,Old English,,3
100,cnotta,Old English,,3
2222,colonia,Latin,,3
1453,comes,Latin,,3
1636,copis,Middle English,,3
1668,coppede,Old English,,3
1673,cors,C,,3
4414,craca,Old English,,3
2386,crumbe,Old English,,3
1675,crundel,Old English,,3
60,cum,Latin,,3
2226,cærsing,Old English,,3
2101,cēap,Old English,,3
2511,cōl,Old English,,3
1037,cṻl,C,,3
675,derne,Old English,,3
2964,dile,Old English,,3
2393,drīf,Old English,,3
1380,duβ,C,,3
3341,dík,Old Norse,,3
641,ears,Old English,,3
3653,eclẹ̄si̥ā,C,,3
1052,emel,Old English,,3
195,eorð-burg,Old English,,3
2243,eowestre,Old English,,3
2934,ey,Old Norse,,3
4598,farm/settlement,Old English,Personal name,3
3851,feax,Old English,,3
3963,feoðer-,Old English,,3
1723,fergen,Old English,,3
3512,ferja,Old Norse,,3
2764,fersc,Old English,,3
244,finc,Old English,,3
2407,fleax,Old English,,3
1731,flōr,Old English,,3
4572,forne,Old English,,3
2030,forst,Old English,,3
5070,foss,Old English,,3
1738,frere,Middle English,,3
2532,frosc,Old English,,3
2529,frēo,Old English,,3
472,fyrde,Old English,,3
3623,fēower,Old English,,3
2656,gear,Old English,,3
2858,geoc,Old English,,3
1249,gryfja,Old Norse,,3
250,grǣg,Old English,,3
74,grāfa,Old English,,3
4244,grēote,Old English,,3
4993,gwaun,C,,3
1758,gyse,Old English,,3
3377,gærs,Old English,,3
3682,gærsen,Old English,,3
3167,hafr,Old Norse,,3
1321,hirde,Old English,,3
3000,hlaða,Old Norse,,3
1705,hlēo,Old English,,3
1779,hlīg,Old English,,3
2266,hocc,Old English,,3
1458,hraca,Old English,,3
430,hrīsen,Old English,,3
3624,hugr,Old Norse,,3
256,hungor,Old English,,3
1141,hvítr,Old Norse,,3
1089,hwamm,Old English,,3
2583,hwer,Old English,,3
3057,hwerfel,Old English,,3
3986,hyldre,Old English,,3
4450,hymele,Old English,,3
1892,hæfen,Old English,,3
3166,hæfera,Old English,,3
81,hægen,Old English,,3
714,hægtesse,Old English,,3
724,hūne,Old English,,3
3634,kollr,Old Norse,,3
3647,kross,Old Norse,,3
5246,kráka,Old Norse,,3
5197,kvern,Old Norse,,3
1551,leyne,Middle English,,3
3171,linden,Old English,,3
1845,lufu,Old English,,3
3652,lǣce,Old English,,3
103,lēoht,Old English,,3
424,lūte-gār,Old English,,3
327,made,,,3
2629,malu,Old English,,3
804,mare,Latin,,3
3436,maðr,Old Norse,,3
1438,meargealla,Old English,,3
2982,mercels,Old English,,3
3446,merket,Middle English,,3
765,mikill,Old Norse,,3
271,mycg,Old English,,3
2280,mægðe,Old English,,3
111,mǣnnes,Old English,,3
3998,mönið,C,,3
3020,mýrr,Old Norse,,3
775,mōtere,Old English,,3
906,nans,C,,3
892,nant,C,,3
3730,nearu,Old English,,3
3734,nēd,Old English,,3
2776,nīge,Old English,,3
1710,orceard,Old English,,3
1905,pall,Old English,,3
3381,panne,Old English,,3
2778,pide,Old English,,3
2156,plega,Old English,,3
3033,pres,C,,3
942,pund,Old English,,3
1937,quarrere,Middle English,,3
2694,riscen,Old English,,3
1039,riu,C,,3
2304,rygen,Old English,,3
3447,ræsn,Old English,,3
2068,rāw,Old English,,3
3467,rēfa,Old English,,3
1787,rōd,Old English,,3
809,rūde,Old English,,3
2784,sceamol,Old English,,3
2783,scearp,Old English,,3
2905,scearu,Old English,,3
4020,sceote,Old English,,3
2169,scheling,Middle English,,3
2890,scoren,Old English,,3
4016,scræfen,Old English,,3
659,scucca,Old English,,3
4584,seax,Old English,,3
3038,skarð,Old Norse,,3
1065,skeið,Old Norse,,3
3209,slakki,Old Norse,,3
4769,slæd,Old English,,3
816,smæl,Old English,,3
4022,snīte,Old English,,3
1974,speoht,Old English,,3
1470,sprǣg,Old English,,3
2731,spāld,Old English,,3
3046,spēc,Old English,,3
153,staca,Old English,,3
1119,steinn,Old Norse,,3
2170,stelling,Old English,,3
1976,sticol,Old English,,3
1977,stint,Old English,,3
465,stoccen,Old English,,3
1471,stæfer,Old English,,3
633,stæð,Old English,,3
1255,stǣner,Old English,,3
466,stānig,Old English,,3
2314,stīð,Old English,,3
2978,stǫng,Old Norse,,3
2958,stǫð,Old Norse,,3
2641,sucga,Old English,,3
2729,suðrœnn,Old Norse,,3
3532,svín,Old Norse,,3
2576,swæð,Old English,,3
2885,syle,Old English,,3
2289,sēað,Old English,,3
1144,sīde,Middle English,,3
815,sūðan,Old English,,3
3789,sūðer,Old English,,3
1498,tacca,Old English,,3
957,tal,C,,3
900,to-,C,,3
1478,topp,Old English,,3
4866,topt,Old Norse,,3
843,trani,Old Norse,,3
1480,trendel,Old English,,3
1311,tup,Middle English,,3
1279,twrch,C,,3
1300,tān,Old English,,3
572,tēafor,Old English,,3
4161,tīewe,Old English,,3
4162,tīwe,Old English,,3
1128,ulfr,Old Norse,,3
3001,varða,Old Norse,,3
1055,vatn,Old Norse,,3
3066,vestr,Old Norse,,3
3457,vetus,Latin,,3
4361,wamb,Old English,,3
2467,wapol,Old English,,3
580,wende,Old English,,3
2034,westan,Old English,,3
2652,wigga,Old English,,3
872,wrenna,Old English,,3
2582,wrǣna,Old English,,3
488,wyrm,Old English,,3
2588,wyrt,Old English,,3
128,wād,Old English,,3
2336,wīðigen,Old English,,3
412,yfer,Old English,,3
326,æscen,Old English,,3
165,æt,Old English,,3
2698,þroc,Old English,,3
2245,þurruc,Old English,,3
3314,þwang,Old English,,3
300,þæc,Old English,,3
792,āna,Old English,,3
4008,ēa-land,Old English,,3
2836,ēastor,Old English,,3
826,ēcels,Old English,,3
4339,ōðer,Old English,,3
2838,,Old English,Personal name,2
2806,(Estate,,Personal name,2
2659,*Aega,Old English,Personal name,2
2360,*Baecga,Old English,Personal name,2
2204,*Baerla,Old English,Personal name,2
2660,*Be(o)ra,Old English,Personal name,2
5411,*Bila's/*Bill,Old English,Personal name,2
2367,*Bisa,Old English,Personal name,2
26,*Blecci,Old English,Personal name,2
2477,*Blitha,Old English,Personal name,2
2704,*Blunt,Old English,Personal name,2
4550,*Caf(n)a,Old English,Personal name,2
217,*Cafhere,Old English,Personal name,2
3622,*Canta,Old English,Personal name,2
3626,*Catt,Old English,Personal name,2
218,*Ceadel,Old English,Personal name,2
1194,*Ceatt,Old English,Personal name,2
2952,*Ceatta,Old English,Personal name,2
4305,*Cedd,Old English,Personal name,2
508,*Cippa,Old English,Personal name,2
1204,*Codda,Old English,Personal name,2
655,*Coppa,Old English,Personal name,2
3842,*Cula,Old English,Personal name,2
3151,*Cybba,Old English,Personal name,2
2458,*Dydda,Old English,Personal name,2
690,*Fad(d)a,Old English,Personal name,2
2236,*Fera,Old English,Personal name,2
4167,*Filica,Old English,Personal name,2
3363,*Gaeda's/Gydda,Old English,Personal name,2
3675,*Gaega,Old English,Personal name,2
2680,*Gaete(n),Old English,Personal name,2
4170,*Gara,Old English,Personal name,2
541,*Gisla,Old English,Personal name,2
3376,*Granta,Old English,Personal name,2
1397,*Gydda,Old English,Personal name,2
2714,*Gydda's/Gydela,Old English,Personal name,2
3676,*Gyldi,Old English,Personal name,2
397,*Haefer,Old English,Personal name,2
1354,*Haeme's/Hemme,Old English,Personal name,2
3865,*Helma,Old English,Personal name,2
4594,*Heppa,Old English,Personal name,2
3978,*Hethin,Old English,Personal name,2
5149,*Hror,Old English,Personal name,2
4540,*Illa,Old English,Personal name,2
3874,*Leaxa,Old English,Personal name,2
3739,*Loppa,Old English,Personal name,2
4212,*Luffa,Old English,Personal name,2
2279,*Maecca,Old English,Personal name,2
427,*Maessa,Old English,Personal name,2
3435,*Malti,Old Norse,Personal name,2
553,*Meapa,Old English,Personal name,2
3170,*Naegl,Old English,Personal name,2
436,*Olla,Old English,Personal name,2
558,*Pappa,Old English,Personal name,2
132,*Pearta,Old English,Personal name,2
3892,*Peoht,Old English,Personal name,2
1280,*Pinnel,Old English,Personal name,2
3625,*Risa,Old English,Personal name,2
3771,*Scimpel,Old English,Personal name,2
3680,*Snear,Old English,Personal name,2
4355,*Strenge,Old English,Personal name,2
293,*Sutta,Old English,Personal name,2
571,*Tada,Old English,Personal name,2
2348,*Taetel,Old English,Personal name,2
2643,*Teod(i),Old English,Personal name,2
1473,*Tetta,Old English,Personal name,2
4663,*Trymma,Old English,Personal name,2
2699,*Waca,Old English,Personal name,2
4362,*Wand's/*Wandel,Old English,Personal name,2
3076,*Weorth,Old English,Personal name,2
3813,*Weosa,Old English,Personal name,2
583,*Wit(t)el,Old English,Personal name,2
1387,*Wocga,Old English,Personal name,2
1100,*Wulfa,Old English,Personal name,2
918,-an,C,,2
4310,-ette,French,,2
955,-yel,C,,2
1652,-ǭg,C,,2
4517,Ac(c)a,Old English,Personal name,2
5386,Adda,Old English,Personal name,2
1507,Aeffa,Old English,Personal name,2
2743,Aefic,Old English,Personal name,2
5127,Aelf(a),Old English,Personal name,2
7,Aelfric,Old English,Personal name,2
2352,Aelfsige,Old English,Personal name,2
596,Aelle,Old English,Personal name,2
2359,Aethelbeorht,Old English,Personal name,2
2926,Aethelred,Old English,Personal name,2
3591,Aetla,Old English,Personal name,2
1000,Aldgyth,Old English,Personal name,2
1514,All,,,2
1664,Almer,,,2
2925,Anlaf,Old Norse,Personal name,2
3178,Asbjorn,Old Norse,Personal name,2
3248,Asgeirr,Old Norse,Personal name,2
1329,"Ash-tree',",,Personal name,2
3254,Asvarth,Old Norse,Personal name,2
1533,Bacca,Old English,,2
1534,Bacga,Old English,,2
4520,Bad(d)a,Old English,Personal name,2
4809,Baed(d)i,Old English,Personal name,2
3586,Bar,Old English,Personal name,2
3087,Bark,Old Norse,Personal name,2
4528,Be(a)da,Old English,Personal name,2
614,Beac,Old English,Personal name,2
4757,Beada,Old English,Personal name,2
4179,Bealda,Old English,Personal name,2
3598,Beaw,Old English,Personal name,2
1553,Bebbe,Old English,Personal name,2
5219,Bega,Old English,Personal name,2
3273,Beli,Old Norse,Personal name,2
2206,Beorhtel,Old English,Personal name,2
2478,Beorhtsige,Old English,Personal name,2
610,Beornthryth,Old English,Personal name,2
609,Beornwulf,Old English,Personal name,2
1561,Bere,,,2
1564,Betti,Old English,Personal name,2
5207,Bild,Old Norse,Personal name,2
3094,Bildr,Old Norse,Personal name,2
3287,Bill,Old English,Personal name,2
1571,Billa,Old English,,2
1574,Bingham,,,2
5047,Bjarni's/Barne,Old Norse,Personal name,2
4582,Blaca,Old English,Personal name,2
2211,Blaecca,Old English,Personal name,2
1342,Bola,Old English,Personal name,2
3291,Bondi,Old Norse,Personal name,2
3292,Botwulf,Old English,Personal name,2
1596,Boys,,,2
1173,Braegd,Old English,Personal name,2
3099,Brant,Old English,Personal name,2
3297,Breithr,Old Norse,Personal name,2
1175,Bretar,Old Norse,,2
3149,Briton,Old English,Personal name,2
2600,Broom,,Personal name,2
632,Bruna,Old English,Personal name,2
1598,Brȳni,Old English,,2
1590,Bubba,Old English,,2
1615,Bucge,Old English,,2
707,Budda,Old English,Personal name,2
30,Bull,Old English,Personal name,2
1832,Burton,,,2
3606,Bynna,Old English,Personal name,2
4379,Bēda,Old English,,2
1630,Canford,C,,2
2819,Cantware,Old English,,2
1801,Carey,C,,2
2377,Cedda,Old English,Personal name,2
653,Ceola,Old English,Personal name,2
1196,Ceolmaer,Old English,Personal name,2
353,Ceolred,Old English,Personal name,2
4687,Cissa,Old English,Personal name,2
4552,Clayey,Old English,Personal name,2
4405,Cliff,Old English,Personal name,2
4411,Cod(d)a,Old English,Personal name,2
4554,Codda,Old English,Personal name,2
1440,Communal,Old English,Personal name,2
1374,Cotta,Old English,Personal name,2
4557,Craeta,Old English,Personal name,2
1674,Creech,C,,2
1393,Cuckoo,Old English,Personal name,2
1711,Cusin,C,,2
4271,Cwat,Old English,,2
1804,Cyma,Old English,Personal name,2
2622,Cynebald,Old English,Personal name,2
4087,Cynehild,Old English,Personal name,2
1812,Cynestan,Old English,Personal name,2
1254,Cynewald,Old English,Personal name,2
1803,Cȳma,Old English,,2
1703,Deorwine,Old English,Personal name,2
3344,Dun(n)(i),Old English,Personal name,2
4368,Eadbald,Old English,Personal name,2
3927,Eadbeorht,Old English,Personal name,2
2837,Eadhelm,Old English,Personal name,2
3255,Eadred,Old English,Personal name,2
1251,Eadric,Old English,Personal name,2
370,Eadwulf,Old English,Personal name,2
2703,Ealdbeald,Old English,Personal name,2
372,Eanbeorht,Old English,Personal name,2
3955,Eanraed's/Eoraed,Old English,Personal name,2
3241,Eardwulf,Old English,Personal name,2
4872,Earnwulf,Old English,Personal name,2
1156,Eatta,Old English,Personal name,2
64,Ecca,Old English,Personal name,2
686,Ecghere,Old English,Personal name,2
2404,Ecgi,Old English,Personal name,2
4067,Ecgmund,Old English,Personal name,2
2112,Ecgwulf,Old English,Personal name,2
689,Eel,Old English,Personal name,2
3010,Eilifr,Old Norse,Personal name,2
2970,Enna,Old English,Personal name,2
5241,Esi,Old Norse,Personal name,2
3890,Farm/settlment,Old English,Personal name,2
1537,First,Old English,Personal name,2
1056,Fleming,Old English,,2
4571,Floki,Old Norse,Personal name,2
1733,Fontmell,,,2
3125,Fraethi,Old Norse,Personal name,2
2531,Frensche,Middle English,,2
2530,Frīg,Old English,,2
3129,Gaddr,Old Norse,Personal name,2
2713,Godmund,Old English,Personal name,2
2845,Godwine,Old English,Personal name,2
1760,Gussage,,,2
3386,Haddr,Old Norse,Personal name,2
389,Haeda,Old English,Personal name,2
2262,Haegel,Old English,Personal name,2
3687,Hagena,Old English,Personal name,2
5265,Hemele,Old English,Personal name,2
3404,Hemingr,Old Norse,Personal name,2
344,Hemmed-in,Old English,Personal name,2
4172,Herd,Old English,Personal name,2
3689,Hereca,Old English,Personal name,2
2850,Heregeard,Old English,Personal name,2
1451,High,,Personal name,2
236,Hild,Old English,Personal name,2
1780,Hinton,,,2
4079,Hoc,Old English,Personal name,2
1785,Holme,,,2
407,Horse,Old English,Personal name,2
1106,Hrafn,Old English,Personal name,2
3186,Hreitharr,Old Norse,Personal name,2
3464,Hreithi,Old Norse,Personal name,2
1940,Hremn,Old English,,2
2303,Hroc,Old English,Personal name,2
4186,Hrothwulf,Old English,Personal name,2
4084,Hucca,Old English,Personal name,2
3145,Hunbeorht,Old English,Personal name,2
5290,Hund,Old English,Personal name,2
3705,Hunstan,Old English,Personal name,2
2684,Icel,Old English,Personal name,2
730,Ida,Old English,Personal name,2
3410,Inga,Old English,Personal name,2
3706,Inta,Old English,Personal name,2
4165,Island'.,Old English,Personal name,2
3315,Kalfr,Old Norse,Personal name,2
3420,Keptr,Old Norse,Personal name,2
4057,Klyppr,Old Norse,Personal name,2
3633,Klyppr's/*Klippr,Old Norse,Personal name,2
3327,Koli,Old Norse,Personal name,2
4054,Kolr,Old Norse,Personal name,2
418,Lafa,Old English,Personal name,2
265,Leoda,Old English,Personal name,2
423,Luhha,Old English,Personal name,2
1707,Lulla,Old English,Personal name,2
4464,Lēofa,Old English,,2
1086,Maelmuire,,Personal name,2
1867,Man(n),Old English,Personal name,2
4341,Monastery,Old English,Personal name,2
770,Moor,Old English,Personal name,2
4095,Musca,Old English,Personal name,2
4626,Nagli,Old Norse,Personal name,2
4001,Nattfari,Old Norse,Personal name,2
4005,Ocga,Old English,Personal name,2
3025,Osbald,Old English,Personal name,2
1278,Osmund,Old English,Personal name,2
3027,Oswald,Old English,Personal name,2
4828,Paca,Old English,Personal name,2
2293,Pic,Old English,Personal name,2
803,Praen,Old English,Personal name,2
2292,Pybba,Old English,Personal name,2
447,Queen,Old English,Personal name,2
1109,Richard,,Personal name,2
1381,River,,Personal name,2
3762,Rudda,Old English,Personal name,2
3479,Saksar,Old Norse,,2
2166,Scurfa,Old Norse,Personal name,2
4746,Settlement,Old English,Personal name,2
5321,Shelf,Old Norse,Personal name,2
2167,Sigelac,Old English,Personal name,2
3207,Sigulfr,Old Norse,Personal name,2
5153,Skalli,Old Norse,Personal name,2
3777,Skeggi,Old Norse,Personal name,2
817,Snell,Old English,Personal name,2
3511,Soti,Old Norse,Personal name,2
2147,Specialised,Old English,Personal name,2
299,Spring/stream,Old English,Personal name,2
3383,Steapa,Old English,Personal name,2
419,Stone,Old English,Personal name,2
1296,Styrr,Old Norse,Personal name,2
4652,Sumarlithi,Old Norse,Personal name,2
2791,Sveinn,Old Norse,Personal name,2
831,Taebba,Old English,Personal name,2
5539,Tata's/*Tada,Old English,Personal name,2
4122,Thorgeirr,Old Norse,Personal name,2
3226,Thormothr,Old Norse,Personal name,2
2173,Thurstan,Old Norse,Personal name,2
1304,Tibba,Old English,Personal name,2
2322,Tila,Old English,Personal name,2
5370,Tofi,Old Norse,Personal name,2
2011,Trent,C,,2
4665,Tudda,Old English,Personal name,2
2464,Twicga,Old English,Personal name,2
2191,Two,Old English,Personal name,2
1992,Tāta,Old English,,2
4359,Ubba,Old English,Personal name,2
437,Ufa,Old English,Personal name,2
2153,Ulfkell,Old Norse,Personal name,2
3461,Uncertain,Old English,Personal name,2
3234,Vikingr,Old Norse,Personal name,2
852,Waerburh,Old English,Personal name,2
4506,Walh,Old English,Personal name,2
3835,West,,Personal name,2
174,Wibba,Old English,Personal name,2
866,Wigstan,Old English,Personal name,2
5187,Wilheard,Old English,Personal name,2
4513,Willa,Old English,Personal name,2
1288,Willow-tree,Old English,Personal name,2
2679,Wilmund,Old English,Personal name,2
863,Winebald,Old English,Personal name,2
5188,Withern,Old Norse,Personal name,2
3143,Wood,Old English,Personal name,2
2074,Wulfgar,Old English,Personal name,2
2075,Wulfgār,Old English,,2
1491,Wulfheard,Old English,Personal name,2
2797,Wulfweard,Old English,Personal name,2
2587,Wynsige,Old English,Personal name,2
1320,Wyrma,Old English,Personal name,2
2059,albus,Latin,,2
191,aldormann,Old English,,2
2800,alh,Old English,,2
2087,alt,C,,2
2265,altus,Latin,,2
3258,authn,Old Norse,,2
1538,baillie,Middle English,,2
5043,balca,Old English,,2
2946,ball,Old English,,2
869,banke,Old Norse,,2
2933,barr,C,,2
586,beche,Middle English,,2
4182,bedd,Old English,,2
3595,bera,Old English,,2
3280,biker,Middle English,,2
3934,bing,Old English,,2
2093,binn,Old English,,2
618,bircel,Old English,,2
2812,bircen,Old English,,2
2149,bita,Old English,,2
2939,blesi,Old Norse,,2
2938,blár,Old Norse,,2
3826,blæc-þorn,Old English,,2
3609,blāw,Old English,,2
204,blēo,Old English,,2
2476,blīðe,Old English,,2
4391,blōr,Old English,,2
2097,bole,Middle English,,2
2004,bolla,Old English,,2
2096,bolr,Old Norse,,2
2212,bor,Old English,,2
5058,braken,Middle English,,2
3299,brende,Middle English,,2
3302,brink,Old Norse,,2
2505,brocen,Old English,,2
3535,bruiere,French,,2
3296,bræsc,Old English,,2
3613,brēmer,Old English,,2
2942,brōðor,Old English,,2
637,bulluc,Old English,,2
3293,bulut,Old English,,2
4546,burh-stall,Old English,,2
1975,busc,Old English,,2
601,buskr,Old Norse,,2
2753,butt,Old English,,2
1171,byrgels,Old English,,2
3616,byrst,Old English,,2
3757,bæst,Old English,,2
1334,bēaw,Old English,,2
4526,bēgel,Old English,,2
2500,bēte,Old English,,2
616,bīc,Old English,,2
1616,bōcen,Old English,,2
998,bū,Old English,,2
3601,bȳtel,Old English,,2
1026,cair,C,,2
3943,camb,Old English,,2
94,camm,C,,2
744,carreg,C,,2
4227,castrum,Latin,,2
1187,catte,Old English,,2
4150,ceacce,Old English,,2
1359,ceacga,Old English,,2
2218,ceg,Old English,,2
4148,celce,Old English,,2
1424,celli,C,,2
1653,celte,Old English,,2
2417,cenep,Old English,,2
2823,cerring,Old English,,2
4303,chartrouse,French,,2
3322,chiri,Middle English,,2
1059,cil,C,,2
4233,cipp,Old English,,2
2757,clater,Old English,,2
1365,clawu,Old English,,2
1367,clof,Old English,,2
2510,clȳder,Old English,,2
678,clā,Old English,,2
665,clūd,Old English,,2
3328,colestre,Old English,,2
3722,conestable,Middle English,,2
3300,consumed,,,2
1669,coppod,Old English,,2
2229,corte,Old English,,2
2604,cradol,Old English,,2
5213,cramb,Old English,,2
56,cranuc,Old English,,2
654,cristen,Old English,,2
4996,crumm,C,,2
1811,crux,Latin,,2
672,crïu,C,,2
1684,culfre,Old English,,2
1038,cumm,C,,2
669,cung,Old English,,2
2296,cwene,Old English,,2
2182,cwic,Old English,,2
2439,cwēad,Old English,,2
4325,cylfe,Old English,,2
1805,cȳme,Old English,,2
2485,cȳta,Old English,,2
646,cæring,Old English,,2
1185,cærsen,Old English,,2
2217,cīcen,Old English,,2
2106,cūpe,Old English,,2
1181,delete,Old English,Personal name,2
3936,demeyn,Middle English,,2
4808,dervā,C,,2
1691,dodde,Middle English,,2
4425,drengr,Old Norse,,2
1383,dunnoc,Old English,,2
366,duru,Old English,,2
4387,dylf,Old English,,2
682,dūce,Old English,,2
1043,dūst,Old English,,2
3349,east,,,2
5196,eiki,Old Norse,,2
2232,elmen,Old English,,2
4318,emnet,Old English,,2
745,en,C,,2
3568,eng,Old Norse,,2
2238,eorðe,Old English,,2
1772,ermitage,Middle English,,2
5081,eski,Old Norse,,2
1223,ete,Old English,,2
4045,faba,Latin,,2
3356,falding,Old English,,2
1227,fearnig,Old English,,2
2709,fearr,Old English,,2
1722,feleðe,Old English,,2
3578,felte,Old English,,2
622,feo,Middle English,,2
3350,ferrye,Middle English,,2
3658,fers,Old English,,2
1476,figuratively,,,2
4738,finn,Old English,,2
1729,fitt,Old English,,2
1139,fjall,Old Norse,,2
2675,flage,Old English,,2
3719,flax,Middle English,,2
2585,flōde,Old English,,2
3662,flōre,Old English,,2
2975,fola,Old English,,2
4433,fore,Old English,,2
1231,forn,Old Norse,,2
1581,forum,Latin,,2
4573,fox-hol,Old English,,2
2239,friðen,Old English,,2
1234,frogga,Old English,,2
2048,frud,C,,2
1530,furlang,Old English,,2
2821,fyrhðen,Old English,,2
1355,fæsten,Old English,,2
4436,gagel,Old English,,2
3369,gausli,Old Norse,,2
4890,geil,Old Norse,,2
3856,geiri,Old Norse,,2
2614,genau,C,,2
1324,geolu,Old English,,2
5101,gifol,Old English,,2
2712,glind,Old English,,2
1745,gotu,Old English,,2
893,grant,French,,2
3378,grjót,Old Norse,,2
916,gwthyel,C,,2
897,gwynn,C,,2
1952,gærs-tūn,Old English,,2
2984,gærsing,Old English,,2
1764,half,Old English,,2
2865,harað,Old English,,2
4403,hay,Middle English,,2
3397,hearpa,Old English,,2
3120,herr,Old Norse,,2
1245,hesli,Old Norse,,2
1064,hestr,Old Norse,,2
888,heyl,C,,2
1409,heȝ,Middle English,,2
4249,hine,Middle English,,2
2539,hir,C,,2
3138,hjǫrð,Old Norse,,2
3013,hlid-geat,Old English,,2
4617,hlin,Old English,,2
384,hlynn,Old English,,2
2551,hlīf,Old English,,2
4261,hlūd,Old English,,2
3453,hnoc,Old English,,2
4843,hnæpp,Old English,,2
3681,hobbe,Old English,,2
3698,hocer,Old English,,2
4888,hof,Old English,,2
3700,holm,Old English,,2
2251,horc,Old English,,2
2541,hord,Old English,,2
3985,hous,Middle English,,2
1701,house,Middle English,,2
3737,hreppr,Old Norse,,2
3704,humele,Old English,,2
2542,hund,Old English,,2
727,hunting,Old English,,2
5185,hvarf,Old Norse,,2
3814,hvin,Old Norse,,2
4676,hwearf,Old English,,2
1317,hwet-stān,Old English,,2
3067,hwæl,Old English,,2
2180,hwæs,Old English,,2
1657,hygel,Old English,,2
728,hyrdel,Old English,,2
3692,hænep,Old English,,2
713,hæslen,Old English,,2
3580,hǣse,Old English,,2
2855,hālga,Old English,,2
716,hēah-dēor,Old English,,2
3703,hōfe,Old English,,2
5113,hūc,Old English,,2
4929,ial,C,,2
1023,kaldr,Old Norse,,2
2706,kaup-maðr,Old Norse,,2
1122,kelda,Old Norse,,2
2956,krókr,Old Norse,,2
5297,kíll,Old Norse,,2
1082,lauf,Old Norse,,2
750,lemano-,C,,2
1080,leysinga,Old Norse,,2
3879,licc,Old English,,2
3429,lindo-,C,,2
887,logh,C,,2
5310,lopt-hús,Old Norse,,2
1838,lorte,Old English,,2
3374,lyng,Old Norse,,2
909,lys,C,,2
4461,læppa,Old English,,2
3005,lǣge,Old English,,2
3584,lǣl,Old English,,2
2827,lǣt,Old English,,2
2419,lǣssa,Old English,,2
755,maes,C,,2
2928,maguïr,C,,2
764,mailo-,C,,2
756,mal,French,,2
5490,malgi,Old Norse,,2
1267,manig,Old English,,2
112,mann,Old English,,2
1638,mareis,Middle English,,2
1132,marshy,,,2
4701,mearg,Old English,,2
428,medume,Old English,,2
552,melde,Old English,,2
270,merece,Old English,,2
2144,midlest,Old English,,2
2400,moch,C,,2
3701,"mound,",,,2
2282,munte,Middle English,,2
1880,mynecen,Old English,,2
3048,mynni,Old Norse,,2
3723,mǣl,Old English,,2
2423,mǣðere,Old English,,2
5004,mêl,C,,2
2606,mọ̄r,C,,2
114,mǣl,Old English,,2
4895,nata,Old Norse,,2
4002,nese,Middle English,,2
2148,nesu,Old English,,2
2690,netelig,Old English,,2
2151,neue,Middle English,,2
3904,nigon,Old English,,2
1894,norðan,Old English,,2
1447,nïṽed,C,,2
1096,orri,Old Norse,,2
2554,paroche,Middle English,,2
2155,persc,Old English,,2
1116,perth,C,,2
1914,pimpern,Old English,,2
1917,pinc,Old English,,2
4268,pisen,Old English,,2
1521,place,Middle English,,2
1970,plek,Middle English,,2
1927,pocca,Old English,,2
4343,pode,Middle English,,2
5517,pofel,Old English,,2
798,potte,Middle English,,2
1910,pyttel,Old English,,2
4631,pāl,Old English,,2
723,pēl,Middle English,,2
2636,pīpe,Old English,,2
2781,pūca,Old English,,2
280,pūr,Old English,,2
3034,raun,Old Norse,,2
3035,rein,Old Norse,,2
4708,riche,French,,2
2702,rip,Old English,,2
373,roial,French,,2
4485,rudig,Old English,,2
806,rydd,Old English,,2
1461,ryden,Old English,,2
2307,rynel,Old English,,2
2302,ræcc,Old English,,2
4775,sadol,Old English,,2
4107,sandr,Old Norse,,2
2639,sarn,C,,2
2448,scearnig,Old English,,2
2785,scenc,Old English,,2
2219,scingol,Old English,,2
1113,scinna,Old English,,2
3487,scrēad,Old English,,2
565,scydd,Old English,,2
3060,scēacere,Old English,,2
4036,scēla,Old English,,2
2287,scēo,Old English,,2
1466,scēp-wæsce,Old English,,2
4914,selja,Old Norse,,2
4710,sende,Old English,,2
491,seolfor,Old English,,2
4709,seolh,Old English,,2
2162,set-berg,Old Norse,,2
3496,sex,Old English,,2
5033,silted,,,2
3043,sker,Old Norse,,2
1968,slæget,Old English,,2
3778,slāh,Old English,,2
2484,smiððe,Old English,,2
1969,smēðe,Old English,,2
4651,snap,Old Norse,,2
4650,snæp,Old English,,2
175,snǣd,Old English,,2
1971,snād,Old English,,2
4350,soc,Old English,,2
295,spere,Old English,,2
5166,sprota,Old English,,2
3514,spánn,Old Norse,,2
296,spōn,Old English,,2
3519,sticca,Old English,,2
4497,sticel,Old English,,2
1879,stigel,Old English,,2
3216,stofn,Old English,,2
160,stoppa,Old English,,2
827,storð,Old Norse,,2
1985,stybb,Old English,,2
4025,stāning,Old English,,2
2315,stīðe,Old English,,2
1624,stōl,Old English,,2
3213,sumarr,Old Norse,,2
2574,swǣr,Old English,,2
1987,swān,Old English,,2
2649,sæpig,Old English,,2
567,sǣge,Old English,,2
2163,sǣt,Old Norse,,2
1463,sǣtere,Old English,,2
3907,súl,Old Norse,,2
2446,sāpere,Old English,,2
3495,sēoluc,Old English,,2
2571,sīeling,Old English,,2
5244,tan,,,2
3539,thymel,Old English,,2
1066,tir,C,,2
575,titt,Old English,,2
3199,tjǫrn,Old Norse,,2
4031,todd,Old English,,2
4911,truht,Old English,,2
2919,tré,Old Norse,,2
172,turf,Old English,,2
844,tusshe,Middle English,,2
4283,tweonga,Old English,,2
1481,twicen,Old English,,2
576,tydd,Old English,,2
2401,tïg,C,,2
2397,tā,Old English,,2
2323,tēag,Old English,,2
4977,tēo,Old English,,2
3914,tīg,Old English,,2
2581,upper,Middle English,,2
3518,vale,Middle English,,2
1120,veggr,Old Norse,,2
3012,vík,Old Norse,,2
3235,víkingr,Old Norse,,2
1625,walk,,,2
1131,waroð,Old English,,2
1084,water,,,2
2025,wearm,Old English,,2
5032,wearp,Old English,,2
476,weax,Old English,,2
3065,wering,Old English,,2
4197,werpels,Old English,,2
2907,wester,Old English,,2
4514,wiligen,Old English,,2
479,wince,Old English,,2
2187,wind-geat,Old English,,2
2908,wita,Old English,,2
5189,wið,Old English,,2
2739,wode,Middle English,,2
1225,woodland,,,2
2741,wrīd,Old English,,2
4363,wǣðe,Old English,,2
2179,wācor,Old English,,2
2701,wāð,Old English,,2
4286,wēoling,Old English,,2
3567,wērloga,Old English,,2
2737,wīc-stōw,Old English,,2
176,wīl,Old English,,2
4439,wīr,Old English,,2
1794,Ælfsige,Old English,,2
1508,Æðelgifu,Old English,,2
2801,æscet,Old English,,2
4164,ǣwelm,Old English,,2
2983,þistel,Old English,,2
2038,þrote,Old English,,2
4585,þrȳð,Old English,,2
1123,þrǽll,Old Norse,,2
836,þrēap,Old English,,2
4859,þrēo,Old English,,2
1475,þrūh,Old English,,2
470,þyrre,Old English,,2
167,þȳfel,Old English,,2
166,þǣre,Old English,,2
4474,ān,Old English,,2
1667,īfig,Old English,,2
2177,ūr,Old English,,2
1795,(Woodland),Old English,Personal name,1
433,*'Myrsa's/Myri,Old English,Personal name,1
3085,*Aegel,Old Norse,Personal name,1
4166,*Aegen,Old English,Personal name,1
2116,*Aegla's/Ella,Old English,Personal name,1
65,*Aellen,Old English,Personal name,1
2678,*Aemma,Old English,Personal name,1
2356,*Aescel,Old English,Personal name,1
2198,*Aeschild,Old English,Personal name,1
3081,*Aethellac's/Athellak,Old English,Personal name,1
4917,*Aethelwaru,Old English,Personal name,1
3819,*Aettin,Old English,Personal name,1
2349,*Ald,Old English,Personal name,1
5023,*Ambre,Old English,Personal name,1
3928,*Amma's/Anna,Old English,Personal name,1
4039,*An,Old English,Personal name,1
4717,*Angenmaer,Old English,Personal name,1
874,*Anna's/,Old English,Personal name,1
3911,*Asa,Old English,Personal name,1
3912,*Asa,Old Norse,Personal name,1
3587,*Aski,Old Norse,Personal name,1
2803,*B,Old English,Personal name,1
2364,*Baecci,Old English,Personal name,1
4293,*Baecg,Old English,Personal name,1
17,*Baeddel,Old English,Personal name,1
4810,*Baell(i),Old English,Personal name,1
307,*Baestel,Old English,Personal name,1
4525,*Baetti,Old English,Personal name,1
4140,*Banna,Old English,Personal name,1
3146,*Bar,Old English,Personal name,1
2499,*Basa,Old English,Personal name,1
3604,*Beac,Old English,Personal name,1
492,*Beaduburh,Old English,Personal name,1
2809,*Beaduric,Old English,Personal name,1
3602,*Beage,Old English,Personal name,1
3262,*Bearda,Old English,Personal name,1
5045,*Beardwulf,Old English,Personal name,1
5046,*Beardwulf,,Personal name,1
3597,*Beawa,Old English,Personal name,1
4684,*Becci,Old English,Personal name,1
3283,*Bekki,Old Norse,Personal name,1
3276,*Belt,Old English,Personal name,1
3610,*Beoda,Old English,Personal name,1
2805,*Beohha,Old English,Personal name,1
4522,*Berica,Old English,Personal name,1
3931,*Bibba,Old English,Personal name,1
22,*Biccel,Old English,Personal name,1
4723,*Bicga,Old English,Personal name,1
4297,*Biddi,Old English,Personal name,1
4923,*Biedin's/*Biede,Old English,Personal name,1
24,*Billa,Old English,Personal name,1
2501,*Binta,Old English,Personal name,1
3605,*Bithil-Aki,Old Norse,Personal name,1
2810,*Bitta,Old English,Personal name,1
1341,*Bitta's/*Beota,Old English,Personal name,1
3825,*Bl,Old English,Personal name,1
2368,*Bl(a)ecci,Old English,Personal name,1
4534,*Blaec,Old English,Personal name,1
2503,*Blaedna,Old English,Personal name,1
3288,*Blanca,Old English,Personal name,1
3097,*Blar,Old Norse,Personal name,1
3098,*Bleath,Old English,Personal name,1
335,*Bledda,Old English,Personal name,1
3607,*Blicla,Old English,Personal name,1
3828,*Blith,Old English,Personal name,1
2369,*Blith(e),Old English,Personal name,1
2370,*Blocca,Old English,Personal name,1
4535,*Blunt's/Blund,Old English,Personal name,1
4536,*Blunt's/Blund,,Personal name,1
27,*Bluwa,Old English,Personal name,1
497,*Boduc,Old English,Personal name,1
1174,*Braegd,Old English,Personal name,1
2213,*Branca,Old English,Personal name,1
4206,*Brant,Old Norse,Personal name,1
4541,*Bretta,Old English,Personal name,1
3615,*Bretta's/*Boerhta,Old English,Personal name,1
5054,*Bridd,Old English,Personal name,1
1180,*Brihtric,Old English,Personal name,1
3305,*Broklau,Old Norse,Personal name,1
3301,*Brot-Ulfr,Old Norse,Personal name,1
1182,*Brunwulf,Old English,Personal name,1
1183,*Brunwulf,Old Norse,Personal name,1
4548,*Bucc,Old English,Personal name,1
4542,*Buccel,Old English,Personal name,1
5057,*Buna,Old English,Personal name,1
1169,*Bunt,Old English,Personal name,1
639,*Butta,Old English,Personal name,1
203,*Byssa,Old English,Personal name,1
3095,*Byttel,Old English,Personal name,1
4324,*C(e)alf,Old English,Personal name,1
5227,*Caega,Old English,Personal name,1
3316,*Caegel,Old English,Personal name,1
95,*Caegin,Old English,Personal name,1
4056,*Cal(u)noth,Old English,Personal name,1
5424,*Camel(e),Old English,Personal name,1
4232,*Card,Old English,Personal name,1
3627,*Catt,Old Norse,Personal name,1
1189,*Ceadd,Old English,Personal name,1
649,*Ceaddica,Old English,Personal name,1
1360,*Ceadela,Old English,Personal name,1
4301,*Ceaffa,Old English,Personal name,1
233,*Ceawa,Old English,Personal name,1
5014,*Cec,Old English,Personal name,1
4606,*Cel(i),Old English,Personal name,1
5013,*Cemmi,Old English,Personal name,1
1363,*Ceofel,Old English,Personal name,1
4153,*Ceomma,,Personal name,1
4154,*Ceonna,Old English,Personal name,1
355,*Cetta,Old English,Personal name,1
4155,*Cibba,Old English,Personal name,1
219,*Cifa,Old English,Personal name,1
220,*Cille's/Cilla,Old English,Personal name,1
5489,*Cippa's/*Cyppa,Old English,Personal name,1
4730,*Citta,Old English,Personal name,1
4731,*Climp,Old English,Personal name,1
4612,*Cnott,Old English,Personal name,1
2828,*Cobba,Old English,Personal name,1
252,*Cocc,Old English,Personal name,1
4932,*Cod(d)a,Old English,Personal name,1
3837,*Cof,Old English,Personal name,1
4553,*Cohha,Old English,Personal name,1
2383,*Col's/Coll,Old English,Personal name,1
1208,*Corda,Old English,Personal name,1
4933,*Cosa's/*Cossa,Old English,Personal name,1
3110,*Cossa,Old English,Personal name,1
3111,*Cossa,Old Norse,Personal name,1
3642,*Cost,Old English,Personal name,1
3643,*Cost,Old Norse,Personal name,1
4156,*Cott,Old English,Personal name,1
3840,*Cott's/*Codd,Old English,Personal name,1
5432,*Cridela,Old English,Personal name,1
3645,*Crymple,Old English,Personal name,1
1207,*Cubba,Old English,Personal name,1
4160,*Cuc,Old English,Personal name,1
2832,*Cucola,Old English,Personal name,1
4939,*Cufel,Old English,Personal name,1
3834,*Cugga,Old English,Personal name,1
49,*Culma,Old English,Personal name,1
226,*Cuma,Old English,Personal name,1
5501,*Cumbre,Old English,Personal name,1
4158,*Cuthen,Old English,Personal name,1
5561,*Cwic,Old English,Personal name,1
3749,*Cwida,Old English,Personal name,1
5015,*Cydder's/Cydda,Old English,Personal name,1
5487,*Cyhha,Old English,Personal name,1
5124,*Cylla,Old English,Personal name,1
3709,*Cylla's/Ceolla,Old English,Personal name,1
2685,*Cylli,Old English,Personal name,1
2134,*Cymel,Old English,Personal name,1
2860,*Cymesa,Old English,Personal name,1
2861,*Cyssi,Old English,Personal name,1
1041,*D(e)all,Old English,Personal name,1
2671,*Daecca,Old English,Personal name,1
2388,*Daegel,Old English,Personal name,1
3843,*Dafa,Old English,Personal name,1
4559,*Denegifu,Old English,Personal name,1
227,*Denic,Old English,Personal name,1
4735,*Diccel's/*Dicel,Old English,Personal name,1
3119,*Digoth,Old English,Personal name,1
681,*Dod(d)el,Old English,Personal name,1
2391,*Dogod,Old English,Personal name,1
4934,*Domgeat,Old English,Personal name,1
516,*Duc(c),Old English,Personal name,1
4736,*Dunnuca,Old English,Personal name,1
2389,*Dyd(d)a,Old English,Personal name,1
1379,*Dyddi,Old English,Personal name,1
2137,*Dyttin,Old English,Personal name,1
2799,*Ead(i),Old English,Personal name,1
1716,*Eadmod,Old English,Personal name,1
4940,*Ebbel,Old English,Personal name,1
2522,*Edla,Old English,Personal name,1
2859,*Ehta,Old English,Personal name,1
2481,*Elta,Old English,Personal name,1
519,*Elti,Old English,Personal name,1
5439,*Em(m)a's/Eama,Old English,Personal name,1
4565,*Eoforweard,Old English,Personal name,1
4982,*Eohric,Old English,Personal name,1
2406,*Eowla,Old English,Personal name,1
3655,*Fac(c)a,Old English,Personal name,1
2527,*Faca,Old English,Personal name,1
4568,*Facca,Old English,Personal name,1
3657,*Faela,Old English,Personal name,1
4570,*Faele,Old English,Personal name,1
4881,*Faerela,Old English,Personal name,1
4882,*Faerela,Old Norse,Personal name,1
4569,*Falta,Old English,Personal name,1
2841,*Fealcna,Old English,Personal name,1
5001,*Fecca,Old English,Personal name,1
4694,*Fecca's/Fecce,Old English,Personal name,1
5253,*Feit,Old Norse,Personal name,1
3659,*Fili,Old English,Personal name,1
3660,*Fili,Old Norse,Personal name,1
4243,*Fitt,Old English,Personal name,1
5002,*Flaede,Old English,Personal name,1
4740,*Flecci,Old English,Personal name,1
4945,*Fobba,Old English,Personal name,1
4745,*Folca,Old English,Personal name,1
3665,*Fraeta,Old English,Personal name,1
3359,*Frameca's/*Frani's/*Franki,Old English,Personal name,1
3666,*Frea,Old English,Personal name,1
4575,*Freca,Old English,Personal name,1
5093,*Freistingr's/*Freysteinn,Old Norse,Personal name,1
4696,*Frem(m)a,Old English,Personal name,1
4695,*Fremi,Old English,Personal name,1
4743,*Fremma's/*Fremi,Old English,Personal name,1
2842,*Freond,Old English,Personal name,1
5094,*Frigedaeg,Old English,Personal name,1
246,*Frithel,Old English,Personal name,1
245,*Frithela,Old English,Personal name,1
1396,*Frithulac,Old English,Personal name,1
2482,*Fulla,Old English,Personal name,1
3670,*Funda,Old English,Personal name,1
4942,*Fygla,Old English,Personal name,1
2742,*G(I)ella,Old English,Personal name,1
3684,*Gaega's/,Old English,Personal name,1
4578,*Gaegi,Old English,Personal name,1
3671,*Gaerbald,Old English,Personal name,1
5095,*Gagni,Old Norse,Personal name,1
2608,*Gedda,Old English,Personal name,1
2677,*Gedel's/*Gydel,Old English,Personal name,1
3362,*Gegn,Old English,Personal name,1
3926,*Geldfrith,Old English,Personal name,1
1322,*Geofa,Old English,Personal name,1
5268,*Getla,Old English,Personal name,1
4605,*Gicsa,Old English,Personal name,1
3577,*Gilla,Old English,Personal name,1
4604,*Gip,Old English,Personal name,1
5466,*Gislic,Old English,Personal name,1
4209,*Glathr,Old Norse,Personal name,1
1237,*Glott,Old English,Personal name,1
4320,*Graega,Old English,Personal name,1
2715,*Granta/*Grante,Old English,Personal name,1
5100,*Grante's/*Grente,Old English,Personal name,1
5270,*Gri,Old Norse,Personal name,1
2847,*Gu,Old English,Personal name,1
5462,*Guthmaer,Old English,Personal name,1
4579,*Gyppi/*Gyppa,Old English,Personal name,1
4580,*Gysla,Old English,Personal name,1
3677,*Gyssa's/*Gyssi,Old English,Personal name,1
4567,*Gyxen,Old English,Personal name,1
3688,*H(e)abba,Old English,Personal name,1
536,*H(e)afoc,Old English,Personal name,1
5272,*Hab(b)a,Old English,Personal name,1
234,*Hacca,Old English,Personal name,1
4589,*Haele,Old English,Personal name,1
712,*Haep,Old English,Personal name,1
4077,*Haeppel,Old English,Personal name,1
5469,*Hana,Old English,Personal name,1
711,*Haneca,Old English,Personal name,1
4591,*Haseca,Old English,Personal name,1
4173,*He(o)dena,Old English,Personal name,1
5006,*Headd,Old English,Personal name,1
2839,*Heahgy,Old English,Personal name,1
4949,*Heahthrth,Old English,Personal name,1
3980,*Hebbi,Old English,Personal name,1
3690,*Hedena,Old English,Personal name,1
2717,*Help,Old English,Personal name,1
3693,*Hemer,Old Norse,Personal name,1
4748,*Heort,Old English,Personal name,1
5010,*Heortla,Old English,Personal name,1
2410,*Her(e)sa,Old English,Personal name,1
2411,*Hersa,Old English,Personal name,1
3979,*Hethin,Old Norse,Personal name,1
5474,*Hethin,Old Norse,Personal name,1
3694,*Hicel,Old English,Personal name,1
3581,*Hilda,Old English,Personal name,1
4596,*Hilderic,Old English,Personal name,1
538,*Hildric,Old English,Personal name,1
2866,*Hlud,Old English,Personal name,1
4627,*Hnydda,Old English,Personal name,1
87,*Hocga,Old English,Personal name,1
2683,*Hod'(d),Old English,Personal name,1
3407,*Hogg,Old English,Personal name,1
449,*Hraefn,Old English,Personal name,1
450,*Hraefn,Old Norse,Personal name,1
4645,*Hring,Old English,Personal name,1
2884,*Hro,Old English,Personal name,1
4851,*Hroca,Old English,Personal name,1
3470,*Hrop(p),Old English,Personal name,1
2570,*Hroppa,Old English,Personal name,1
5150,*Hror,Old Norse,Personal name,1
5522,*Hror,Old Norse,Personal name,1
4248,*Hugga,Old English,Personal name,1
2181,*Hwaessa,Old English,Personal name,1
400,*Hycga,Old English,Personal name,1
2413,*Hydeca's/Huda,Old English,Personal name,1
5473,*Hymel,Old English,Personal name,1
4597,*Hyntel,Old English,Personal name,1
928,*Hynyed,,Personal name,1
1410,*Hyttin,Old English,Personal name,1
4799,*I(c)ca,Old English,Personal name,1
4952,*Idmaer's/*Idhelm,Old English,Personal name,1
2523,*Ielfsa,Old English,Personal name,1
4319,*Ingel's/,Old English,Personal name,1
2415,*Ingen's/Ingin,Old English,Personal name,1
4750,*Ipa,Old English,Personal name,1
5012,*Ippe,Old English,Personal name,1
5069,*Kaerandi's/*Keyrandi,Old Norse,Personal name,1
3313,*Kafni,Old Norse,Personal name,1
503,*Kakkr,Old Norse,Personal name,1
3712,*Kilvert,Old Norse,Personal name,1
2102,*Klak,Old Norse,Personal name,1
3716,*Lawa,Old English,Personal name,1
2274,*Lealla,Old English,Personal name,1
2863,*Leana,Old English,Personal name,1
3875,*Leaxa,Old Norse,Personal name,1
4616,*Lelli,Old English,Personal name,1
3427,*Leoda,Old English,Personal name,1
1436,*Leofgiest,Old English,Personal name,1
2486,*Leofsa,Old English,Personal name,1
3717,*Limpa,Old English,Personal name,1
1432,*Lod,Old English,Personal name,1
4756,*Lod(d),Old English,Personal name,1
548,*Loll's/Lull,Old English,Personal name,1
3161,*Lubb,Old English,Personal name,1
3162,*Lubba,Old English,Personal name,1
1434,*Lufa,Old English,Personal name,1
2864,*Lylla,Old English,Personal name,1
4327,*Lylla's/*Lulla,Old English,Personal name,1
3715,*Lyrel,Old English,Personal name,1
2872,*M,Old English,Personal name,1
4840,*Mac(c)a,Old English,Personal name,1
752,*Maccel,Old English,Personal name,1
4262,*Mad(d)a,Old English,Personal name,1
4333,*Maerec's/*Mearc,Old English,Personal name,1
4959,*Maerla,Old English,Personal name,1
2278,*Maessa's/*Maecca,Old English,Personal name,1
2426,*Maethelgar,Old English,Personal name,1
4093,*Maethhere,Old English,Personal name,1
3956,*Matta,Old English,Personal name,1
1871,*Mearna,Old English,Personal name,1
4622,*Melda,Old English,Personal name,1
5507,*Meoc,Old English,Personal name,1
5508,*Meoc,Old Norse,Personal name,1
4962,*Milda,Old English,Personal name,1
1885,*Mort,Old English,Personal name,1
4181,*Mul,Old English,Personal name,1
5318,*Mula's/Muli,Old English,Personal name,1
4841,*Myn(n)a,Old English,Personal name,1
3724,*Mynda,Old English,Personal name,1
4621,*Myndel,Old English,Personal name,1
2285,*Nethel,Old English,Personal name,1
4965,*Od(d)a,Old English,Personal name,1
1275,*Offa,Old English,Personal name,1
1314,*On,Old English,Personal name,1
2561,*Osla,Old English,Personal name,1
2880,*P,Old English,Personal name,1
4630,*Pac(c)a,Old English,Personal name,1
4629,*Pac(c)a's/Paga,Old English,Personal name,1
2290,*Paeccel,Old English,Personal name,1
4761,*Paecga,Old English,Personal name,1
3888,*Paetti,Old English,Personal name,1
557,*Pamp(e),Old English,Personal name,1
131,*Papa,Old English,Personal name,1
559,*Pappa,,Personal name,1
4967,*Peatta,Old English,Personal name,1
4762,*Pecca,Old English,Personal name,1
4007,*Pecg,Old English,Personal name,1
4968,*Pefe,Old English,Personal name,1
4767,*Pefen,Old English,Personal name,1
4764,*Pena,Old English,Personal name,1
2634,*Pena's/*Paegna,Old English,Personal name,1
1281,*Penec,Old English,Personal name,1
3746,*Pening,Old English,Personal name,1
3747,*Pening,Old Norse,Personal name,1
5024,*Peobba,Old English,Personal name,1
4707,*Peohtric,Old English,Personal name,1
3181,*Peotla,Old English,Personal name,1
3891,*Pileca,Old English,Personal name,1
4847,*Pinna,Old English,Personal name,1
4848,*Poll,Old English,Personal name,1
3748,*Poss(a),Old English,Personal name,1
4010,*Pruda,Old English,Personal name,1
2438,*Pucela,Old English,Personal name,1
135,*Pulloc,Old English,Personal name,1
1933,*Puma,Old English,Personal name,1
4770,*Pun(a),Old English,Personal name,1
2724,*Pyda,Old English,Personal name,1
4342,*Pytta's/Peota,Old English,Personal name,1
4640,*Read,Old English,Personal name,1
282,*Reada,Old English,Personal name,1
3753,*Regna,Old English,Personal name,1
4643,*Rendel,Old English,Personal name,1
3037,*Ric,Old English,Personal name,1
5144,*Rica,Old English,Personal name,1
2301,*Ricela,Old English,Personal name,1
2692,*Ricmaer,Old English,Personal name,1
285,*Rot,Old English,Personal name,1
3184,*Rota,Old English,Personal name,1
2569,*Rum,Old English,Personal name,1
3763,*Runa,Old English,Personal name,1
4971,*Rust,Old English,Personal name,1
3191,*Salte,Old Norse,Personal name,1
5530,*Scearf,Old English,Personal name,1
2640,*Sceobba,Old English,Personal name,1
4188,*Scytta,Old English,Personal name,1
4647,*Seaxmund,Old English,Personal name,1
5034,*Secg,Old English,Personal name,1
4779,*Sidel,Old English,Personal name,1
149,*Sifel,Old English,Personal name,1
2449,*Sige,Old English,Personal name,1
3206,*Sigebed,Old English,Personal name,1
4902,*Sigg,Old English,Personal name,1
3770,*Sith(a),Old English,Personal name,1
4903,*Skjaldmar,Old Norse,Personal name,1
3042,*Skjaldmarr,Old Norse,Personal name,1
3488,*Skraema,Old Norse,Personal name,1
3779,*Snaet's/Sneti,Old English,Personal name,1
3210,*Snar(o)c,Old English,Personal name,1
3211,*Snar(o)c,Old Norse,Personal name,1
4191,*Speol,Old English,Personal name,1
3515,*Spillir,Old Norse,Personal name,1
5536,*Sprota,Old English,Personal name,1
4784,*Stoppa,Old English,Personal name,1
4192,*Stunt,Old English,Personal name,1
4656,*Stut,Old English,Personal name,1
3906,*Sula,Old Norse,Personal name,1
4653,*Sumor,Old English,Personal name,1
570,*Swaef,Old English,Personal name,1
2695,*Swaefa,Old English,Personal name,1
3529,*Swafa,Old English,Personal name,1
3530,*Swafa,Old Norse,Personal name,1
3791,*Sweord,Old English,Personal name,1
3219,*Sweppi,Old English,Personal name,1
2318,*Taecca,Old English,Personal name,1
5541,*Taedden,Old English,Personal name,1
468,*Taeppa's/*Teppa,Old English,Personal name,1
3793,*Taesa,Old English,Personal name,1
2455,*Teodec,Old English,Personal name,1
4800,*Teorra,,Personal name,1
3537,*Theodlac,Old English,Personal name,1
3795,*Therir's/*Thyr,Old Norse,Personal name,1
3957,*Thraesfrith,Old English,Personal name,1
3800,*Threc,Old English,Personal name,1
3801,*Thrykki,Old Norse,Personal name,1
3797,*Thymel,Old English,Personal name,1
3798,*Thymel,Old Norse,Personal name,1
5361,*Thymill,Old Norse,Personal name,1
3538,*Thymill's/,Old Norse,Personal name,1
5175,*Tibbi,Old English,Personal name,1
5176,*Tibbi,Old Norse,Personal name,1
2544,*Tibbi's/,Old English,Personal name,1
4662,*Tima,Old English,Personal name,1
4787,*Titel,Old English,Personal name,1
4978,*Titta,Old English,Personal name,1
4503,*Titten,Old English,Personal name,1
2697,*Tiwa,Old English,Personal name,1
4980,*Toc(c)a,Old English,Personal name,1
4032,*Tocg,Old English,Personal name,1
2462,*Torhta,Old English,Personal name,1
4664,*Trost(a),Old English,Personal name,1
304,*Tubba,Old English,Personal name,1
4284,*Tucga,Old English,Personal name,1
3545,*Turc,Old English,Personal name,1
3585,*Twicca,Old English,Personal name,1
5545,*Tynni,Old English,Personal name,1
4938,*Tyssi,Old English,Personal name,1
4194,*Tytta,Old English,Personal name,1
3805,*Tyttel,Old English,Personal name,1
2328,*Ugga,Old English,Personal name,1
1482,*Ugga's/*Ucga,Old English,Personal name,1
4667,*Uggeca,Old English,Personal name,1
4844,*Ulla,Old English,Personal name,1
473,*W(e)ott,Old English,Personal name,1
4672,*Waecci,Old English,Personal name,1
5550,*Waeddi,Old English,Personal name,1
4200,*Waendla,Old English,Personal name,1
3917,*Waeppa,Old English,Personal name,1
475,*Wafa,Old English,Personal name,1
4668,*Waldberht,,Personal name,1
4670,*Want,Old English,Personal name,1
3918,*We(o)rca,Old English,Personal name,1
4861,*Weappa,Old English,Personal name,1
2071,*Weard,Old English,Personal name,1
2735,*Weder,Old English,Personal name,1
1488,*Wemba,Old English,Personal name,1
489,*Weoca,Old English,Personal name,1
4035,*Weorca,Old English,Personal name,1
4794,*Werna,Old English,Personal name,1
2651,*Wi(o)bba,Old English,Personal name,1
3237,*Wicg(a),Old English,Personal name,1
2341,*Wife's/*Wifa,Old English,Personal name,1
4870,*Wilma,Old English,Personal name,1
4983,*Wina,Old English,Personal name,1
2186,*Windel's/Winel,Old English,Personal name,1
314,*Wineca,Old English,Personal name,1
1318,*Winegar,Old English,Personal name,1
2344,*Withermund,Old English,Personal name,1
3920,*Witla,Old English,Personal name,1
4681,*Wittin,Old English,Personal name,1
4755,*Wlenca,Old English,Personal name,1
4964,*Wocc,Old English,Personal name,1
4289,*Wonta's/*Wenta,Old English,Personal name,1
2346,*Wrabba,Old English,Personal name,1
3572,*Wraghi,Old Norse,Personal name,1
2913,*Wrota,Old English,Personal name,1
2912,*Wulda,Old English,Personal name,1
1101,*Wulfa,Old Norse,Personal name,1
4201,*Wulfgar,Old English,Personal name,1
3075,*Wurth,Old English,Personal name,1
4673,*Wynhaeth,Old English,Personal name,1
5569,*Wyrc,Old English,Personal name,1
3062,*Wyrm,Old English,Personal name,1
3063,*Wyrm,Old Norse,Personal name,1
4796,*Wyrtel,Old English,Personal name,1
5295,*Ylca,Old English,Personal name,1
5483,*Yllica's/*Illica,Old English,Personal name,1
4947,-el,C,,1
5426,-et,C,,1
973,-i,C,,1
5368,-lauss,Old Norse,,1
3785,-lēas,Old English,,1
1696,A,,Personal name,1
4086,A,Old English,Personal name,1
4973,A,Old English,Personal name,1
2520,Abba,Old English,,1
4375,Abba,Old English,,1
4986,Abba,,Personal name,1
5384,Acca,Old English,Personal name,1
789,Acwulf,Old English,Personal name,1
189,Aebbe,Old English,Personal name,1
323,Aeddi's/Eadda,Old English,Personal name,1
598,Aefwald,Old English,Personal name,1
1332,Aegel,Old English,Personal name,1
2917,Aegen,Old English,Personal name,1
2607,Aegheard,Old English,Personal name,1
2429,Aelf,Old English,Personal name,1
2921,Aelf's/Aelfsige,Old English,Personal name,1
4373,Aelfa,Old English,Personal name,1
3242,Aelfgar's/Alger,Old English,Personal name,1
4920,Aelfgeat,Old English,Personal name,1
4137,Aelfheah,Old English,Personal name,1
2193,Aelfhelm,Old English,Personal name,1
4716,Aelfsige's/Ealhsige,Old English,Personal name,1
597,Aelfwald,Old English,Personal name,1
5040,Aelfweard,Old Norse,Personal name,1
2353,Aelfwig,Old English,Personal name,1
2744,Aelfwynn,Old English,Personal name,1
5080,Aelfwynn's/Alfwine,Old English,Personal name,1
4202,Aelnoth,Old English,Personal name,1
1328,Aeschere,Old English,Personal name,1
2405,Aethelbeort,Old English,Personal name,1
2595,Aethelgifu,Old English,Personal name,1
1153,Aethelheard,Old English,Personal name,1
1529,Aethelhelm,Old English,Personal name,1
2929,Aethelhere,Old English,Personal name,1
3592,Aethelmaer,Old English,Personal name,1
3121,Aethelmaer's/Ailmer,Old English,Personal name,1
2596,Aethelmund,Old English,Personal name,1
5240,Aethelric,Old English,Personal name,1
2969,Aethelsige's/Ethel,Old English,Personal name,1
4203,Aethelstan,Old English,Personal name,1
1222,Aethelweald,Old English,Personal name,1
2351,Aethlmod's/Aethelmund,Old English,Personal name,1
591,Aggi,Old Norse,Personal name,1
3260,Agi,Old Norse,Personal name,1
3174,Aki,Old Norse,Personal name,1
3175,Aki,,Personal name,1
3243,Al(u)ca,Old English,Personal name,1
2592,Alan,,Personal name,1
5396,Alca's/Alha,Old English,Personal name,1
1510,Alcester,,,1
2920,Alda,Old English,Personal name,1
982,Alein,,Personal name,1
1523,Alflede,,,1
4372,Alfred,Old English,Personal name,1
594,Alhburh,Old English,Personal name,1
5397,Alstan,Old English,Personal name,1
782,Althrth,Old English,Personal name,1
793,Althryth,Old English,Personal name,1
4220,Aluburg,Old English,Personal name,1
1154,Alwald,Old English,Personal name,1
3244,An(n)a,Old English,Personal name,1
1520,Anketil,,,1
3247,Anna,Old English,Personal name,1
1522,Antioche,,,1
1054,Anund,Old Norse,Personal name,1
3822,Api,Old Norse,Personal name,1
4492,Apparently,Old English,Personal name,1
5201,Arkil,,Personal name,1
2197,Arnkel,Old Norse,Personal name,1
604,Arnkell,Old Norse,Personal name,1
3083,Asfrothr,Old Norse,Personal name,1
3179,Asgautr,Old English,Personal name,1
3180,Asgautr,Old Norse,Personal name,1
3459,Asgautr,Old Norse,Personal name,1
5141,Asgautr,Old Norse,Personal name,1
987,Asgeirre,Old Norse,Personal name,1
4518,Ash,Old Norse,Personal name,1
4806,Ash-tree,Old English,Personal name,1
1462,Ash-tree'.,,Personal name,1
5041,Askell,Old Norse,Personal name,1
2085,Aslak,Old Norse,Personal name,1
5198,Asulfr,Old Norse,Personal name,1
3576,At,Old Norse,Personal name,1
3590,At,,Personal name,1
3885,At,,Personal name,1
5039,At,Old Norse,Personal name,1
5192,At,,Personal name,1
5248,Atheling,Old English,Personal name,1
3084,Athelred's/Eadred,Old English,Personal name,1
5391,Athelwald,Old English,Personal name,1
5398,Atsurr,Old Norse,Personal name,1
3257,Aun,Old Norse,Personal name,1
3930,Bacc,Old English,Personal name,1
2597,Bacca,Old English,Personal name,1
2804,Bacca,Old English,Personal name,1
3593,Bacca,Old English,Personal name,1
4519,Bacca,Old English,Personal name,1
2361,Bacga,Old English,Personal name,1
1531,Badda,Old English,,1
1532,Badda,Old English,Personal name,1
3272,Badda,Old English,Personal name,1
3824,Badda,Old English,Personal name,1
4221,Baecg,Old English,Personal name,1
4139,Baecga,Old English,Personal name,1
608,Baedda,Old English,Personal name,1
2661,Baega,Old English,Personal name,1
493,Baelli,Old English,Personal name,1
3263,Baerla,Old English,Personal name,1
5204,Baggi,Old Norse,Personal name,1
3271,Bak,Old Norse,Personal name,1
4376,Baldthryth,Old English,Personal name,1
5399,Balli,Old Norse,Personal name,1
1541,Bardolf,,,1
1791,Baret,,,1
3086,Barki's/Borkr,Old Norse,Personal name,1
5403,Barkr,Old Norse,Personal name,1
5404,Barkr's/Borkr,Old Norse,Personal name,1
2931,Barn,Old English,Personal name,1
2932,Barn,Old Norse,Personal name,1
3090,Barn,Old Norse,Personal name,1
1542,Barnaby,,,1
1897,Barnage,,,1
5405,Barni's/Bjarni,Old Norse,Personal name,1
4222,Bas(s)a,Old English,Personal name,1
4096,Basa,Old English,Personal name,1
1161,Bassa,Old English,Personal name,1
990,Bastun,,Personal name,1
2017,Bayhouse;,,,1
4989,Be(o)nna,Old English,Personal name,1
4815,Be(o)rcol,Old English,Personal name,1
4811,Beaduric,Old English,Personal name,1
1335,Beaga,Old English,Personal name,1
2366,Beage,Old English,Personal name,1
4988,Beage's/Baega,Old English,Personal name,1
4294,Bealdhun,Old English,Personal name,1
4272,Beautiful,Old English,Personal name,1
4224,Bedgeat,Old English,Personal name,1
1878,Beek,,,1
4380,Beffa,Old English,,1
4381,Beffa,Old English,Personal name,1
3281,Bekki,Old Norse,,1
3282,Bekki,Old Norse,Personal name,1
1818,Belet;,,,1
5205,Belgr,Old Norse,Personal name,1
5049,Belli's/Bjalla,Old Norse,Personal name,1
3600,Bent-gra,Old English,Personal name,1
5410,Bent-gra,Old Norse,Personal name,1
1338,Beocca,Old English,Personal name,1
640,Beofa,Old English,Personal name,1
2208,Beohha,Old English,Personal name,1
2372,Beohrtwald,Old English,Personal name,1
1575,Beonna,Old English,,1
4378,Beorcol,Old English,Personal name,1
3829,Beorhtel's/*Bricel's/Beorhthelm,Old English,Personal name,1
4727,Beorhthelm,Old English,Personal name,1
4382,Beorhthere,Old English,,1
4383,Beorhthere'.,Old English,Personal name,1
4384,Beorhtmund,Old English,Personal name,1
2214,Beorhtric's/*Beorhtling,Old English,Personal name,1
4812,Beorhtstan,Old English,Personal name,1
2598,Beorhtwald,Old English,Personal name,1
2752,Beorhtwig,Old English,Personal name,1
2088,Beorma,Old English,Personal name,1
1545,Beorn,Old English,,1
1546,Beorn,Old English,Personal name,1
2205,Beorn,Old English,Personal name,1
4524,Beorn,Old English,Personal name,1
5048,Beorn,Old English,Personal name,1
5407,Beorn,Old English,Personal name,1
3264,Beornede,Old English,,1
2745,Beornfrith,Old English,Personal name,1
1543,Beornheard,Old English,,1
1544,Beornheard,Old English,Personal name,1
2362,Beornmod,Old English,Personal name,1
2475,Beornmund,Old English,Personal name,1
3266,"Beornnoth's,",Old English,Personal name,1
3267,Beornnoth's/*Beornede,Old English,Personal name,1
3265,Beornnōð,Old English,,1
5402,Beornraed,Old English,Personal name,1
5406,Beornwulf's/Bjornulfr,Old Norse,Personal name,1
2374,Beorthelm,Old English,Personal name,1
612,Bercol,Old English,Personal name,1
2203,Berica,Old English,Personal name,1
2090,Bernard,,Personal name,1
3088,Berwulf's/Beornwulf,Old English,Personal name,1
3274,Besi,Old Norse,Personal name,1
5050,Besing's/Basing,Old Norse,Personal name,1
4385,Bette,Old English,Personal name,1
2053,Beuchamp,,,1
1639,Bevin,,,1
4386,Bica,Old English,,1
3599,Bicca,Old English,Personal name,1
1555,Bida,,,1
21,Bieda's/Byda,Old English,Personal name,1
3093,Bil,Old English,Personal name,1
4048,Bila,Old English,Personal name,1
5053,Bill's/*Billa,Old English,Personal name,1
1572,Billa,Old English,Personal name,1
4389,Billa,Old English,Personal name,1
4724,Billing,Old English,Personal name,1
2811,Bilswi,Old English,Personal name,1
1003,Birch-tree,Old Norse,Personal name,1
1568,Bitta,Old English,,1
5068,Bjorg,Old Norse,Personal name,1
3268,Bjornulfr,Old Norse,Personal name,1
2813,Bl,Old English,Personal name,1
336,Bl(a)ecca's/Blecci,Old English,Personal name,1
1579,Blackmore,,,1
1583,Blandford;,,,1
1607,Blaneford;,,,1
1588,Blinch,,,1
4050,Blitha,Old English,Personal name,1
1585,Blocc,Old English,,1
1586,Blocc,Old English,Personal name,1
4392,Blocc,Old English,Personal name,1
4119,Bochard,,,1
4729,Bodeca,Old English,Personal name,1
1493,Boia,Old English,,1
4726,Bol(l)a,Old English,Personal name,1
342,Bolle,,Personal name,1
5211,Bolti,Old Norse,Personal name,1
1565,Boneville,,,1
1567,Boneville,,Personal name,1
624,Bosa's/*Bot,Old English,Personal name,1
5051,Bosi's/Becci,Old Norse,Personal name,1
3611,Bota,Old Norse,Personal name,1
1819,Botiller;,,,1
2216,Botolph's/Botwulf,Old English,Personal name,1
4256,Botta,Old English,Personal name,1
4053,Botti,Old Norse,Personal name,1
2157,Boundary,Old English,Personal name,1
1761,Bount;,,,1
1589,Boyt,,,1
5214,Bragi,Old Norse,Personal name,1
4857,Branch,Old English,Personal name,1
3298,Brandr,Old Norse,,1
1597,Branksome,,,1
1344,Branoc,,Personal name,1
3938,Branoc,Old English,Personal name,1
3102,Branting's/Brenting,Old English,Personal name,1
4991,Breme,Old English,Personal name,1
2373,Bremi's/Brymi,Old English,Personal name,1
3104,Brenting's/Branting,Old English,Personal name,1
1608,Brian,,Personal name,1
1611,Brian,,,1
2666,Brica,Old English,Personal name,1
1243,Bridge,Old English,Personal name,1
4926,Brihtric,Old English,Personal name,1
1352,Brioc,,Personal name,1
5423,Briton,,Personal name,1
4055,Britton,C,,1
4539,Broad,,Personal name,1
5215,Broc,Old English,Personal name,1
4052,Broddi,Old Norse,Personal name,1
5420,Broddr,Old English,Personal name,1
5421,Broddr,Old Norse,Personal name,1
3941,Brodor,Old English,Personal name,1
3304,Broklau,Old Norse,Personal name,1
5416,Broom,Old Norse,Personal name,1
1606,Brownsall,,,1
3617,Brun,Old Norse,Personal name,1
4051,Brun,Old English,Personal name,1
2603,Brun's/Bryni,Old English,Personal name,1
5061,Brungar,Old English,Personal name,1
3307,Bruni,Old Norse,Personal name,1
3032,Brushwood,Old Norse,Personal name,1
5064,Brusti,Old English,Personal name,1
5065,Brusti,Old Norse,Personal name,1
1609,Bryan,,Personal name,1
2943,Bryni,Old Norse,Personal name,1
4143,Bryt,Old English,,1
3303,Bróklauss,Old Norse,,1
1604,Brūnoc,Old English,,1
1591,Bubba,Old English,Personal name,1
1614,Bubba,Old English,Personal name,1
4822,Bubba,Old English,Personal name,1
5062,Bubba,Old English,Personal name,1
2705,Bucge,Old English,Personal name,1
3156,Bucge,Old English,Personal name,1
3859,Bucge,Old English,Personal name,1
4725,Bucge,Old English,Personal name,1
4300,Budeca,Old English,Personal name,1
5063,Buggi,Old Norse,Personal name,1
3612,Bui,Old Norse,Personal name,1
3933,Building,Old English,Personal name,1
1617,Bula,Old English,,1
2506,Bula,Old English,Personal name,1
1623,Burcy,,,1
1618,Burdel,Old English,,1
1619,Burdel,Old English,Personal name,1
213,Burghild,Old English,Personal name,1
1358,Burgweald,Old English,Personal name,1
1620,Burgwynn,Old English,Personal name,1
4423,Burial,Old English,Personal name,1
3309,Buselin,,Personal name,1
5271,Bush,Old Norse,Personal name,1
4685,Bushy,Old English,Personal name,1
3106,Butr's/*Butsi,Old Norse,Personal name,1
1570,Buttel,Old English,,1
4142,Byni,Old English,Personal name,1
1578,Byttel,Old English,,1
1549,Bæll,Old English,,1
1595,Bār,Old English,,1
1558,Bēaghild,Old English,,1
1593,Bōfa,Old English,,1
3290,Bōndi,Old Norse,,1
1633,Cabel,C,,1
4992,Cacca,Old English,Personal name,1
3311,Cada,Old English,,1
3416,Caegel,Old English,Personal name,1
4400,Cafhere,Old English,Personal name,1
1995,Cahaignes,C,,1
3317,Cal(u)noth,Old English,Personal name,1
350,Calf,,Personal name,1
2050,Came,C,,1
1629,Cana,Old English,Personal name,1
2247,Cana,Old English,Personal name,1
3318,Cana,Old English,Personal name,1
3319,Cana,Old English,Personal name,1
4918,Cana,Old English,Personal name,1
4924,Cana,Old English,Personal name,1
1632,Canon,C,,1
1637,Cat(t),,Personal name,1
1053,Caterpillar,Old English,Personal name,1
3629,Catta,Old Norse,Personal name,1
5109,Catta,Old Norse,Personal name,1
5226,Catta,Old Norse,Personal name,1
1934,Caundle;,C,,1
4689,Ceabba,Old English,Personal name,1
4437,Ceatta,Old English,,1
1648,Ceatwa,Old English,,1
3832,Ceawa,,Personal name,1
2165,Cedd,Old English,Personal name,1
4253,Cenbeorht,Old English,Personal name,1
5492,Cenhear,Old English,Personal name,1
4177,Cenhelm,Old English,Personal name,1
5121,Cenhere's/Cynehere,Old English,Personal name,1
2999,Cenwulf's/Cynewulf,Old English,Personal name,1
4551,Ceofa,Old English,Personal name,1
4152,Ceol(a),Old English,Personal name,1
4306,Ceol(l)a,Old English,Personal name,1
2508,Ceola,,Personal name,1
4823,Ceolfrith,Old English,Personal name,1
1195,Ceolheard,Old English,Personal name,1
3833,Ceolwulf,Old English,Personal name,1
42,Ceolwynn,Old English,Personal name,1
4686,Ceor(o)t,,Personal name,1
4149,Ceorl,Old English,Personal name,1
2029,Chaldon,C,,1
1767,Chamberlayn;,C,,1
1962,Champaigne;,C,,1
4408,Charcoal,Old English,Personal name,1
1390,"Charter-land',",,Personal name,1
1642,Chaumberlayn,C,,1
1646,Chavel,C,,1
4402,Chebbi,Old English,Personal name,1
1833,Cheselbourne,C,,1
1650,Chesil,C,,1
3873,Children,Old English,Personal name,1
1800,Chur,C,,1
1048,Church,Old English,Personal name,1
1406,Church,Old English,Personal name,1
3422,Church,Old Norse,Personal name,1
3423,Church,Old Norse,Personal name,1
5126,Church,Old Norse,Personal name,1
5128,Church,Old English,Personal name,1
5300,Church,Old Norse,Personal name,1
43,Cic(c)a,Old English,Personal name,1
651,Cidda,Old English,Personal name,1
4404,Cilla,Old English,,1
2825,Ciolla,Old English,Personal name,1
4307,Cippa,Old English,Personal name,1
3323,Clac,Old Norse,Personal name,1
3324,Clay'.,Old Norse,Personal name,1
5523,Clearing'.,Old English,Personal name,1
2051,Clench,C,,1
2686,Cnebba,Old English,Personal name,1
1815,Cnihtwine,Old English,,1
1816,Cnihtwine,Old English,Personal name,1
1428,Cnut,Old English,Personal name,1
4058,Coal,Old English,Personal name,1
2107,Cocc,Old English,Personal name,1
1656,Cocca,Old English,,1
2103,Cocca,Old English,Personal name,1
3391,Cock,Old English,Personal name,1
3392,Cock,Old Norse,Personal name,1
4406,Cod,Old English,Personal name,1
2546,Coenhelm's/Kenhelm,Old English,Personal name,1
4690,Cofa,Old English,Personal name,1
1978,Coilard,C,,1
1659,Coker,C,,1
1661,Cola,Old English,,1
1663,Cola,Old English,,1
3636,Cola,Old Norse,Personal name,1
3637,Cola,Old Norse,Personal name,1
5430,Cola,Old Norse,Personal name,1
3949,Collan,,Personal name,1
5232,Colman,Irish,Personal name,1
1902,Compton;,C,,1
876,Conec's/Kenec,,Personal name,1
1371,Cool,Old English,Personal name,1
1665,Coombe,C,,1
4409,Coppa,Old English,,1
1628,Copse,Old English,Personal name,1
1728,Copse,C,,1
1814,Copse,C,,1
4824,Copsi,Old English,Personal name,1
1979,Cosin,C,,1
511,Cot(t)a,Old English,Personal name,1
4410,Coton,C,,1
1634,Cottage,C,,1
2384,Cottage,Old English,Personal name,1
2669,Cottage,Old English,Personal name,1
4138,Cottage,Old English,Personal name,1
4473,Cottage,Old English,Personal name,1
4481,Cottage,,Personal name,1
4990,Cottage,Old English,Personal name,1
2072,Cottages;,C,,1
3895,Counsellor,Old Norse,Personal name,1
1796,Courtney,C,,1
2385,Crane/heron,Old English,Personal name,1
1993,Crawford,C,,1
4595,Creek,Old English,Personal name,1
1884,Crichel,C,,1
4878,Cro,,Personal name,1
4879,Cro,Old Norse,Personal name,1
5237,Cro,Old Norse,Personal name,1
2957,Croc,Old Norse,Personal name,1
1682,Crokkerne,C,,1
3950,Crossan,,Personal name,1
1810,Crubbe,C,,1
3337,Cuca,Old English,Personal name,1
2512,Cuda,Old English,,1
2831,Cuda,Old English,Personal name,1
4312,Cuda,Old English,Personal name,1
4313,Cuda,Old English,Personal name,1
4413,Cufa,Old English,,1
4556,Cul(a),Old English,Personal name,1
4558,Cula,Old English,Personal name,1
2894,Cultivated,Old English,Personal name,1
3335,Cumbra,Old English,Personal name,1
668,Cumbrian,Old English,Personal name,1
5433,Cutha,Old English,Personal name,1
2382,Cuthbeorht,Old English,Personal name,1
4159,Cuthen's/Cuthwine,Old English,Personal name,1
5233,Cuthhere,Old English,Personal name,1
4309,Cuthwulf,Old English,Personal name,1
3150,Cybba,Old English,Personal name,1
1655,Cydda,Old English,,1
3988,Cydda,Old English,Personal name,1
4326,Cyddi,Old English,Personal name,1
1253,Cylla,Old English,Personal name,1
3710,Cymi,Old English,Personal name,1
4834,Cyne,Old English,Personal name,1
3713,Cyneburg,Old English,Personal name,1
3421,Cynegeard,Old English,Personal name,1
1427,Cynehelm,Old English,Personal name,1
4085,Cynehere,Old English,Personal name,1
2271,Cynelaf,Old English,Personal name,1
3152,Cynemund,Old English,Personal name,1
736,Cyneraed,Old English,Personal name,1
2547,Cynestān,Old English,,1
4459,Cynewald,Old English,,1
4151,Cyneward,Old English,Personal name,1
4835,Cyneweald,Old English,Personal name,1
3987,Cynhere's/Cenhere,Old English,Personal name,1
4311,Cynmaer,Old English,Personal name,1
4836,Cynweard,Old English,Personal name,1
1640,Cēol,Old English,,1
1361,Cēola,Old English,,1
2227,Daecca,Old English,Personal name,1
1685,Dagon,,,1
5056,Dark,Old Norse,Personal name,1
4420,Dene's/Deni,Old English,Personal name,1
4560,Deneheard,Old English,Personal name,1
4692,Deorc,Old English,Personal name,1
4419,Deorlaf,Old English,Personal name,1
4061,Deorlufu,Old English,Personal name,1
4999,Deormod,Old English,Personal name,1
2399,Deorsige,Old English,Personal name,1
1687,Deverel,,,1
5435,Dewi,,Personal name,1
2672,Dicen's/Dicel,Old English,Personal name,1
4679,Difficult.,Old English,Personal name,1
2856,Dirty,,Personal name,1
2210,Distinguishing,,Personal name,1
5099,Ditch'.,,Personal name,1
3954,Docc,Old English,Personal name,1
5436,Dod(d)'s/Dod(d)a,Old English,Personal name,1
4997,Dod(d)a,Old English,Personal name,1
1690,Dodda,Old English,,1
1313,Double,Old Norse,Personal name,1
4561,Drengr,Old Norse,Personal name,1
1695,Dru,,,1
5074,Dubgall,,Personal name,1
2967,Duc,Old English,Personal name,1
4241,Dud(d)ela,Old English,Personal name,1
1697,Dudd,Old English,,1
1698,Dudd,Old English,Personal name,1
2966,Dudda,Old English,Personal name,1
4998,Dudra,Old English,Personal name,1
1384,Duduc's/*Dunnuc,Old English,Personal name,1
1045,Dufan,,Personal name,1
5549,Dun(n),Old English,Personal name,1
3345,Dun(n)'s/Duni,Old English,Personal name,1
4314,Dun(n)a,Old English,Personal name,1
4426,Dunn,Old English,,1
4427,Dunn,Old English,Personal name,1
4825,Dunn,Old English,Personal name,1
4428,Dunn's/Duni,Old English,Personal name,1
3343,Dunna,Old English,Personal name,1
3342,Dusi,Old Norse,Personal name,1
2963,Dyd(d)i,Old English,Personal name,1
4734,Dyddel,Old English,Personal name,1
1688,Dydel,Old English,,1
1702,Dēorwine,Old English,,1
1956,EITHER:,Old English,Personal name,1
684,Ead,Old English,Personal name,1
4136,Ead(d)a,Old English,Personal name,1
3352,Eada,Old English,Personal name,1
2403,Eadbeorht's/Eadbriht,Old English,Personal name,1
3820,Eadbold,Old English,Personal name,1
5245,Eadbriht,Old English,Personal name,1
4369,Eadgar,Old English,Personal name,1
3654,Eadgyth,Old English,Personal name,1
4429,Eadlac,Old English,Personal name,1
1715,Eadmod,Old English,Personal name,1
5075,Eadwald,Old English,Personal name,1
4065,Eadweald,Old English,Personal name,1
4562,Eadweard,Old English,Personal name,1
1419,Eadwig,Old English,Personal name,1
4317,Eadwine,Old English,Personal name,1
3353,Eafe,Old English,Personal name,1
4041,Eald,Old English,Personal name,1
3821,Ealda,Old English,Personal name,1
4291,Ealdgyth,Old English,Personal name,1
592,Ealdhere,Old English,Personal name,1
4219,Ealdthryth,Old English,Personal name,1
4807,Ealdwulf,Old English,Personal name,1
325,Ealhmund's/*Ealhmod,Old English,Personal name,1
4987,Ealhraed's/Alfred,Old English,Personal name,1
2923,Eanred,Old English,Personal name,1
4374,Eanswith,Old English,Personal name,1
2658,Earda,Old English,Personal name,1
5394,Earm(a),Old English,Personal name,1
599,Earnred,Old English,Personal name,1
600,Earnred,Old Norse,Personal name,1
4873,Earnwulf,Old Norse,Personal name,1
5395,Earnwulf,Old Norse,Personal name,1
4693,Ebbe's/Ebbi,Old English,Personal name,1
1712,Ecga,Old English,,1
1221,Ecga's/Ecgi,Old English,Personal name,1
4826,Ecgbald,Old English,Personal name,1
687,Ecglaf,Old English,Personal name,1
2610,Ecgwulf's/Ecgel,Old English,Personal name,1
63,Edda,Old English,Personal name,1
4063,Eddi,Old English,Personal name,1
2110,Edmund,Old English,Personal name,1
4566,Efe,Old English,Personal name,1
1891,Eggelin,German,,1
4068,Eilafr,Old Norse,Personal name,1
2998,Einion,,Personal name,1
3308,Either,Old English,Personal name,1
1239,"Either,",Old Norse,Personal name,1
1310,"Either,",Old Norse,Personal name,1
3672,"Either,",Old Norse,Personal name,1
3673,"Either,",,Personal name,1
3764,"Either,",Old Norse,Personal name,1
5208,"Either,",Old Norse,Personal name,1
5217,"Either,",Old Norse,Personal name,1
5273,"Either,",Old Norse,Personal name,1
5320,"Either,",Old Norse,Personal name,1
5327,"Either,",Old Norse,Personal name,1
5333,"Either,",Old Norse,Personal name,1
5422,"Either,",Old Norse,Personal name,1
5512,"Either,",Old Norse,Personal name,1
5547,"Either,",Old Norse,Personal name,1
4147,"Either,'Bucca",Old English,Personal name,1
3959,El(l)Ii,Old English,Personal name,1
5000,Elder-tree,Old English,Personal name,1
4242,Elli,Old English,Personal name,1
3849,Elta,,Personal name,1
4125,Enclosure,Old Norse,Personal name,1
4163,Eoppa,Old English,Personal name,1
5438,Eored's/Eanred,Old English,Personal name,1
3823,Eorm's/Earnmund,Old English,Personal name,1
4069,Eorphere,Old English,Personal name,1
5392,Eorred's/Eanred,Old English,Personal name,1
5440,Eric,Old Norse,Personal name,1
238,Esgar,Old Norse,Personal name,1
5252,Eskil,Old Norse,Personal name,1
4431,Esne,Old English,,1
3866,Estate,Old English,Personal name,1
2968,Ethel,Old English,Personal name,1
5199,Eymundr,Old Norse,Personal name,1
5203,Eystein,Old Norse,Personal name,1
3357,Faraldr's/Farulf,Old Norse,Personal name,1
961,Farm,,Personal name,1
1260,Farm,Old English,Personal name,1
1303,Farm,Old Norse,Personal name,1
1594,Farm,Old English,Personal name,1
1599,Farm,,,1
1689,Farm,Old English,Personal name,1
1748,Farm,,,1
1793,Farm,Old English,Personal name,1
1825,Farm,Old English,Personal name,1
1831,Farm,Old English,Personal name,1
1857,Farm,,,1
1865,Farm,Old English,Personal name,1
1896,Farm,Old English,Personal name,1
1903,Farm,,,1
1935,Farm,Old English,Personal name,1
1946,Farm,,,1
1949,Farm,,,1
2035,Farm,,,1
2036,Farm,,,1
2039,Farm,Old English,Personal name,1
2042,Farm,,,1
2076,Farm,Old English,Personal name,1
2082,Farm,,,1
4116,Farm,Old English,Personal name,1
4118,Farm,Old Norse,Personal name,1
4124,Farm,Old Norse,Personal name,1
4126,Farm,Old Norse,Personal name,1
4129,Farm,Old Norse,Personal name,1
4134,Farm,Old English,Personal name,1
4135,Farm,Old English,Personal name,1
3218,Farm/settlement,Old Norse,Personal name,1
3334,Farm/settlement,Old Norse,Personal name,1
3857,Farm/settlement,Old Norse,Personal name,1
4523,Farm/settlement,,Personal name,1
5097,Farm/settlement,Old Norse,Personal name,1
5282,Farm/settlement,,Personal name,1
4919,Farms/settlement,Old English,Personal name,1
4418,Farmstead,Old Norse,Personal name,1
5445,Fech,Old English,Personal name,1
5441,Felagh,Old Norse,Personal name,1
71,Feolumaer,Old English,Personal name,1
1724,Fern,,,1
4502,Field,Old Norse,Personal name,1
3853,Finn,Old Norse,Personal name,1
1726,Fitela,Old English,,1
1727,Fitela,Old English,Personal name,1
4739,Fitela,Old English,Personal name,1
4943,Fitela,Old English,Personal name,1
5086,Fitela,Old English,Personal name,1
2676,Flag-stone,Old English,Personal name,1
5446,Flatr,Old Norse,Personal name,1
5447,Flatr,Old English,Personal name,1
5088,Flenn,Old Norse,Personal name,1
1735,Fo(r)sard,,Personal name,1
2710,Folc,Old English,Personal name,1
5090,Folcward,,Personal name,1
4688,Fold,Old English,Personal name,1
5091,Folki's/*,Old Norse,Personal name,1
5448,Folkvarthr,Old Norse,Personal name,1
4479,Ford,,Personal name,1
5242,Forest,Old English,Personal name,1
4331,Form,Old English,Personal name,1
1494,Formerly,Old English,Personal name,1
3663,Forni,Old Norse,Personal name,1
1734,Forsard,,,1
2031,Forst,Old English,,1
1027,Fortification,,Personal name,1
2250,Fortification,Old English,Personal name,1
4817,Fortification,Old English,Personal name,1
5206,Fortification,Old English,Personal name,1
4819,Fortified,Old English,Personal name,1
5067,Fortified,,Personal name,1
4434,Fot,Old English,Personal name,1
4435,Fot,Old Norse,Personal name,1
5443,Fotr,Old English,Personal name,1
5092,Fox-hole(s)'.,Old English,Personal name,1
3124,Fraena'/*Frani's/*Fraeni,Old Norse,Personal name,1
4574,Fram,Old English,Personal name,1
693,Franca,Old English,,1
4827,Franca,Old English,Personal name,1
5003,Franca,Old English,Personal name,1
5307,Freedman,Old Norse,Personal name,1
1081,Freedmen,Old Norse,Personal name,1
1737,Frenche,French,,1
3127,Freothulf,Old English,Personal name,1
2843,Fri,Old English,Personal name,1
5257,Frith(i),Old Norse,Personal name,1
3668,Fulcmod,Old Norse,Personal name,1
3669,Fulcmod,,Personal name,1
5262,Fygela,Old English,Personal name,1
5451,Gairulfr,Old Norse,Personal name,1
5452,Gairulfr,,Personal name,1
5096,Galma,Old Norse,Personal name,1
5263,Galmr,Old Norse,Personal name,1
2124,Garmund,Old English,Personal name,1
5450,Garth,Old Norse,Personal name,1
2609,Gedda,Old English,Personal name,1
4072,Gedel,Old English,Personal name,1
1323,Geldhere,Old English,Personal name,1
5098,Gemela,Old English,Personal name,1
2052,Germeyn,,,1
3372,Germund,Old Norse,Personal name,1
3373,Germund,,Personal name,1
5264,Gerth,Old Norse,Personal name,1
5267,Getla,,Personal name,1
5453,Gikel,Old English,Personal name,1
5454,Gikel,,Personal name,1
3131,Gilli,Old Norse,Personal name,1
5269,Gilman,Old Norse,Personal name,1
3583,Gislhere,Old English,Personal name,1
1236,Glappa,Old English,Personal name,1
1060,Glassan,,Personal name,1
3133,Glor,Old English,Personal name,1
698,Goat,Old Norse,Personal name,1
3674,Goat,Old English,Personal name,1
699,God(d)a,Old English,Personal name,1
5461,Godel,Old English,Personal name,1
1749,Godelin,Middle English,,1
1751,Godelin,Old English,Personal name,1
4697,Godhelm,Old English,Personal name,1
1750,Godling,Middle English,,1
2844,Godm,Old English,Personal name,1
1752,Godmann,Old English,Personal name,1
2617,"Godric',",Old English,Personal name,1
2980,Goldgeofu,Old English,Personal name,1
703,Gorse,Old Norse,Personal name,1
2981,Gosan's/Gussan,,Personal name,1
3367,Gosbert,,Personal name,1
1994,Goundevile,,,1
4074,Grani,Old Norse,Personal name,1
546,Granti,Old English,Personal name,1
4957,Grey,,Personal name,1
1754,Grim,Old Norse,Personal name,1
5140,Grim's/Grimr,Old Norse,Personal name,1
3385,Grimaldi,Old Norse,Personal name,1
3384,Grimkel,Old Norse,Personal name,1
5103,Grip,Old Norse,Personal name,1
484,Grove,Old English,Personal name,1
1557,Grove'.,,Personal name,1
1753,Grímr,Old Norse,,1
1820,Gulden,,,1
1756,Gummer,,,1
1757,Gummer,,Personal name,1
5467,Gunhild,Old Norse,Personal name,1
3685,Gunne,Old Norse,Personal name,1
4354,Gunner's/Gumer,,Personal name,1
3382,Gunnfrothr,Old Norse,Personal name,1
4076,Gunnhild,Old Norse,Personal name,1
4440,Gunni,Old Norse,,1
4073,Gunnolf,Old Norse,Personal name,1
3679,Guthere,Old English,Personal name,1
3137,Guthlac,Old English,Personal name,1
5460,Guthleikr's/Guthlaugr,Old Norse,Personal name,1
1763,Guy,,,1
911,Gwenek,,Personal name,1
908,Gwethen,,Personal name,1
1398,Gyddi,Old English,Personal name,1
1743,Gylla,Old English,,1
3388,Hacon,Old Norse,Personal name,1
2258,Hada,Old English,Personal name,1
3399,Hadda,Old English,Personal name,1
4588,Haecci,Old English,Personal name,1
402,Haedde's/*Haeddel,Old English,Personal name,1
3976,Hafoc,Old English,Personal name,1
3389,Haghni,Old Norse,Personal name,1
5471,Hagni's/Hogni,Old Norse,Personal name,1
3402,Haki,Old Norse,Personal name,1
5279,Hakr,Old Norse,Personal name,1
5468,Haldan,Old Norse,Personal name,1
984,Halfdan,Old Norse,Personal name,1
985,Halfdan,,Personal name,1
3867,Halfdan's/Haldan,Old Norse,Personal name,1
1948,Hall,,,1
2535,Hall,Old English,Personal name,1
2534,Hama,Old English,Personal name,1
5470,Hamr's/Hamall,Old Norse,Personal name,1
4443,Hand,Old English,Personal name,1
1773,Hareng,,,1
1774,Hareng,,Personal name,1
3393,Hari,Old Norse,Personal name,1
1789,Harper,,,1
5104,Haskel,Old Norse,Personal name,1
5008,Haw,Old English,Personal name,1
3401,Hawarth,Old Norse,Personal name,1
5276,Hawk,Old Norse,Personal name,1
4247,Headda,Old English,Personal name,1
4886,Heahfrith,Old English,Personal name,1
5472,Heahmund,Old English,Personal name,1
2682,Heahstan,Old English,Personal name,1
2533,Hearda,Old English,Personal name,1
3862,Hearding,Old English,Personal name,1
4831,Heardred,Old English,Personal name,1
1808,Heath,,,1
4246,Heathuburh's/Heahburh,Old English,Personal name,1
4446,Heddīn,Old English,,1
4251,Helgot,,Personal name,1
5079,Helm,Old Norse,Personal name,1
4951,Helpric,Old English,Personal name,1
4592,Heming,Old Norse,Personal name,1
357,Hemmed-in,,Personal name,1
1704,Hemmede,Old English,,1
4444,Heoruwulf,Old English,Personal name,1
3863,Heoruwulf's/Herewulf,Old English,Personal name,1
395,Heoruwulf's/Herewulf's/Hereweald,Old English,Personal name,1
5107,Her(e)sa,Old English,Personal name,1
1775,Here,Old English,,1
1776,Here,Old English,Personal name,1
2849,Herebeald,Old English,Personal name,1
4830,Hereburh,Old English,Personal name,1
4747,Heregyth,Old English,Personal name,1
5106,Herel,Old Norse,Personal name,1
3395,Heremod,Old English,Personal name,1
3396,Heremod,Old Norse,Personal name,1
3579,Heremund's/Heremod,Old English,Personal name,1
2317,Hereweard,Old English,Personal name,1
4590,Herewulf,Old English,Personal name,1
4080,Hicel,Old English,Personal name,1
3977,Hiddi,Old English,Personal name,1
5111,Hidolf,Old English,Personal name,1
5112,Hidolf,Old Norse,Personal name,1
4285,Higher,,Personal name,1
5036,Higher,Old English,Personal name,1
3695,Hildeburh,Old English,Personal name,1
5110,Hildiger,Old Norse,Personal name,1
5284,Hilding,Old English,Personal name,1
5285,Hildr,Old Norse,Personal name,1
4448,Hildulfr,Old English,Personal name,1
4449,Hildulfr,Old Norse,Personal name,1
1641,Hill,,,1
1070,Hill-spur,,Personal name,1
1071,Hill-spur,,Personal name,1
3142,Hill-spur,Old Norse,Personal name,1
4892,Hill-spur,,Personal name,1
5293,Hill-spur,Old Norse,Personal name,1
5294,Hill-spur,Old Norse,Personal name,1
5479,Hill-spur,,Personal name,1
5480,Hill-spur,,Personal name,1
5011,Hilla,Old English,Personal name,1
4732,Hillock,Old English,Personal name,1
2613,Hind,,Personal name,1
3696,Hindwulf,Old English,Personal name,1
5108,Hjalp,Old Norse,Personal name,1
5275,Hjarni,Old Norse,Personal name,1
5280,Hjlap,Old Norse,Personal name,1
5016,Hlappa,Old English,Personal name,1
4619,Hlothver,Old English,Personal name,1
4092,Hluda,Old English,Personal name,1
4893,Hluppa,Old English,Personal name,1
5500,Hlutor,Old English,Personal name,1
5018,Hlyda,Old English,Personal name,1
4624,Hnaki,Old Norse,Personal name,1
1895,Hnotta,Old English,,1
1418,Hoc(c),Old English,Personal name,1
721,Hoc(c)a,Old English,Personal name,1
4082,Hod,Old English,Personal name,1
4832,Hodda,Old English,Personal name,1
1782,Hog,Old English,Personal name,1
1411,Hollow,,Personal name,1
3702,Holmfast,Old English,Personal name,1
5286,Holti,Old Norse,Personal name,1
1448,Holy,,Personal name,1
2718,Holy,Old English,Personal name,1
3330,Homestead,Old English,Personal name,1
2909,Homestead/village,,Personal name,1
1414,Honey,Old English,Personal name,1
4475,Horsa,Old English,,1
4476,Horsa,Old English,Personal name,1
1559,Household,Old English,Personal name,1
4273,Hovel,Old English,Personal name,1
4453,Howel,,Personal name,1
1107,Hrafn,Old Norse,Personal name,1
3185,Hrafn,Old Norse,Personal name,1
3894,Hrafn,Old Norse,Personal name,1
4104,Hrempi,Old English,Personal name,1
3759,Hrethel,Old English,Personal name,1
4105,Hroaldr,Old Norse,Personal name,1
5329,Hroca,Old Norse,Personal name,1
3473,Hrokr,Old Norse,Personal name,1
3188,Hrolfr,Old English,Personal name,1
3189,Hrolfr,Old Norse,Personal name,1
3472,Hrolfr,Old Norse,Personal name,1
3761,Hrolfr,Old Norse,Personal name,1
1286,Hrothlaf,Old English,Personal name,1
4484,Hrothwulf,Old Norse,Personal name,1
729,Hucc,Old English,Personal name,1
3144,Hucel,Old English,Personal name,1
5481,Hudel,Old English,Personal name,1
2055,Hugh,,,1
2620,Hugh,,Personal name,1
1788,Humber,Old English,,1
4749,Hun(a),Old English,Personal name,1
5291,Hund,Old Norse,Personal name,1
3409,Hundulfr,Old Norse,Personal name,1
2770,Hunfrith,Old English,Personal name,1
2995,Huthere,Old English,Personal name,1
3558,Hvit,Old Norse,Personal name,1
5559,Hvitr,Old English,Personal name,1
5560,Hvitr,Old Norse,Personal name,1
3919,Hwicce,Old English,Personal name,1
1040,Hwitingtun,Old English,Personal name,1
404,Hycga,Old English,Personal name,1
2412,Hygewald,Old English,Personal name,1
3141,Hynca,Old English,Personal name,1
2657,Iago,,Personal name,1
3082,Iarund's/*Erendi,Old Norse,Personal name,1
2380,Ic(c)a,Old English,Personal name,1
2545,Idda,Old English,Personal name,1
1666,Ifa,Old English,,1
2131,Ifa's/*Ifi,Old English,Personal name,1
4953,Imma,Old English,Personal name,1
2270,Ina,Old English,Personal name,1
2130,Ingeld,Old Norse,Personal name,1
5484,Ingrid,Old Norse,Personal name,1
3147,Iolfr,Old English,Personal name,1
3148,Iolfr,Old Norse,Personal name,1
1423,Ipela,Old English,Personal name,1
3868,Ira's/*Yra,Old English,Personal name,1
4751,Isa,Old English,Personal name,1
1072,Ise,Old English,Personal name,1
4424,"Island,",Old English,Personal name,1
2625,Iunapui's/Iunabwy,,Personal name,1
3354,Ivarr,Old Norse,Personal name,1
1942,Iwerne,,,1
5193,Jokell,Old Norse,Personal name,1
5383,Joli,Old Norse,Personal name,1
3430,Ka(r)li,Old Norse,Personal name,1
5231,Kaeri,Old Norse,Personal name,1
3153,Kaerir,Old Norse,Personal name,1
3412,Kaeti's/Keti,Old Norse,Personal name,1
3621,Kali,Old Norse,Personal name,1
3644,Karr,Old Norse,Personal name,1
3112,Katr,Old Norse,Personal name,1
3831,Katr's/Kati,Old Norse,Personal name,1
5234,Kausi,Old Norse,Personal name,1
733,Keikr,Old Norse,Personal name,1
734,Kell,,Personal name,1
914,Kenhoarn,,Personal name,1
5486,Kere,Old Norse,Personal name,1
3080,Ketil,,Personal name,1
3711,Ketil,Old English,Personal name,1
4608,Ketilbjorn,Old Norse,Personal name,1
3417,Ketill,Old Norse,,1
3418,Ketill,Old Norse,Personal name,1
3419,Kettleby,,,1
2133,Kilvert,Old Norse,Personal name,1
1835,Kimmeridge,,,1
1836,Kington,,,1
3414,Kisi,Old Norse,Personal name,1
3630,Klakke's/Klakki,Old Norse,Personal name,1
4234,Knoll,Old English,Personal name,1
737,Knutr,Old Norse,Personal name,1
3638,Kolfr,Old Norse,Personal name,1
3635,Kolli,Old Norse,Personal name,1
3329,Kori,Old Norse,Personal name,1
4416,Krokr,Old English,Personal name,1
4417,Krokr,Old Norse,Personal name,1
3116,Kroppr,Old English,Personal name,1
3117,Kroppr,Old Norse,Personal name,1
3332,Kroppr,Old Norse,Personal name,1
5130,Lagi's/Logi,Old Norse,Personal name,1
2760,Land,,Personal name,1
4909,Land,,Personal name,1
4910,Land,,Personal name,1
4613,Landing-place,Old English,Personal name,1
5304,Langlifr,Old Norse,Personal name,1
1821,Latylle,,,1
2719,Leek,Old English,Personal name,1
4089,Leen,C,,1
3428,Leggr,Old Norse,Personal name,1
1826,Leigh,,,1
5308,Leodbriht,Old English,Personal name,1
4178,Leofeca,Old English,Personal name,1
742,Leofede,Old English,Personal name,1
2773,Leofgar,Old English,Personal name,1
5309,Leofgeat,Old English,Personal name,1
2771,Leofmaer,Old English,Personal name,1
3990,Leofric,Old English,Personal name,1
2688,Leofstan,Old English,Personal name,1
743,Leoftaet,Old English,Personal name,1
1829,Leofwig,Old English,Personal name,1
2549,Lesser,Old English,Personal name,1
4257,Lill,Old English,Personal name,1
3877,Lilla,Old Norse,Personal name,1
3200,"Literally,",Old English,Personal name,1
4821,"Literally,",,Personal name,1
1841,Lodda,Old English,,1
1847,Lolla,Old English,,1
1849,Lolla,Old English,Personal name,1
5129,Lothinn,Old Norse,Personal name,1
3163,Lubba,Old English,Personal name,1
4330,Luca,Old English,Personal name,1
1844,Lufa,Old English,,1
1852,Lufa,Old English,,1
1850,Lugga,Old English,,1
1851,Lugga,Old English,Personal name,1
3882,Luhha's/*Luffa,Old English,Personal name,1
3159,Luhhede,Old English,Personal name,1
5017,Lull,Old English,Personal name,1
1709,Lulla,Old English,,1
1848,Lulla,Old English,,1
2867,Lulling,Old English,Personal name,1
2032,Lulworth,,,1
3431,Lutr,Old Norse,Personal name,1
1854,Lutta,Old English,,1
1856,Lydden,Old English,,1
1830,Lylla,Old English,,1
1860,Lytchett,,,1
1824,Lēofsige,Old English,,1
1846,Lēofwaru,Old English,,1
1996,Lēofwine,Old English,,1
1828,Lēofwīg,Old English,,1
2871,M,Old English,Personal name,1
1261,Macca,Old English,Personal name,1
2720,Maccu,,Personal name,1
4468,Mad(d)a,Old English,Personal name,1
1861,Madalgar,German,,1
4958,Maeldub,,Personal name,1
3720,Maerec,Old English,Personal name,1
759,Maerel,Old English,Personal name,1
3996,Maerheard,Old English,Personal name,1
2425,Maethhere,Old English,Personal name,1
5314,Magni,Old Norse,Personal name,1
2140,Maino,Old English,Personal name,1
2141,Maino,,Personal name,1
3433,Malbert,,Personal name,1
2046,Malemains;,,,1
1983,Malherbe;,,,1
3721,Malti,Old Norse,Personal name,1
2422,Mangod,,Personal name,1
657,Mann,Old English,Personal name,1
1863,Mann,Old English,,1
1866,Mann,Old English,,1
4894,Mann,Old Norse,Personal name,1
1864,Manna,Old English,,1
3437,Manni,Old English,Personal name,1
3438,Manni,Old Norse,Personal name,1
3439,Manni,Old Norse,Personal name,1
3440,Manni,Old Norse,Personal name,1
5131,Maple-tree,Old Norse,Personal name,1
701,Marigold,,Personal name,1
3445,Marki,Old Norse,Personal name,1
3883,Marsh,,Personal name,1
5313,Marsh,Old Norse,Personal name,1
4133,Marshy-meadow,Old English,Personal name,1
763,Matta,Old English,Personal name,1
3017,Maud,,Personal name,1
1090,Maurice,,Personal name,1
1262,Mearca,Old English,Personal name,1
4081,Mearna,Old English,Personal name,1
5132,Men(n)ing,Old Norse,Personal name,1
5133,Menni,Old English,Personal name,1
5134,Menni,Old Norse,Personal name,1
429,Menta,Old English,Personal name,1
1264,Merchion,,Personal name,1
3884,Middle,,Personal name,1
4623,Middle,Old English,Personal name,1
2143,Middlemost,Old English,Personal name,1
5317,Mildi,Old Norse,Personal name,1
4961,Milk,Old English,Personal name,1
1556,Mill,Old English,Personal name,1
1882,Minterne,,,1
4471,Modred,Old English,Personal name,1
3999,Mol's/Mul,Old English,Personal name,1
766,Monn,Old English,Personal name,1
4705,Morta,Old English,Personal name,1
5137,Mouse,Old Norse,Personal name,1
5019,Mower,Old English,Personal name,1
1613,Moygne,,,1
3450,Muca,Old English,Personal name,1
1887,Mucel,Old English,,1
1889,Mucel,Old English,Personal name,1
4472,Mucel,Old English,Personal name,1
1888,Mucela,Old English,,1
3463,Muddy,Old English,Personal name,1
3728,Mul's/*Mundel,Old English,Personal name,1
2632,Mul/*Mundel,Old English,Personal name,1
1092,Mula's/Muli,Old English,Personal name,1
1873,Multi-coloured,,Personal name,1
4758,Munda,Old English,Personal name,1
1111,Murdoch,,Personal name,1
1890,Muster,,,1
3726,Myntel,Old English,Personal name,1
1886,Mūla,Old English,,1
3452,Nafni,Old Norse,Personal name,1
1505,Named,Old English,Personal name,1
1997,Named,Old English,Personal name,1
4896,Nettle,Old Norse,Personal name,1
5243,New,Old Norse,Personal name,1
5322,New,Old Norse,Personal name,1
5009,Nook,,Personal name,1
1272,North,Old English,Personal name,1
3860,North,,Personal name,1
3172,Nothwulf,Old English,Personal name,1
2916,Oak,Old English,Personal name,1
4367,Oak-tree,Old English,Personal name,1
369,Oaken,Old English,Personal name,1
1540,Obscure,Old English,,1
4377,Obscure,Old English,,1
4394,Obscure,Old English,,1
4396,Obscure,Old English,,1
4455,Obscure,Old English,,1
4460,Obscure,Old English,,1
4463,Obscure,Old English,,1
4412,Obscure.,Old English,Personal name,1
4213,Oc(c)a,Old English,Personal name,1
5514,Ofa,Old English,Personal name,1
4845,Ofe,Old English,Personal name,1
5022,Offa's/Uffa,Old English,Personal name,1
4846,Ohta,Old English,Personal name,1
2431,Ol(l)a,Old English,Personal name,1
1783,Olla,Old English,,1
1784,Olla,Old English,Personal name,1
3741,Omr,Old Norse,Personal name,1
2000,One,,Personal name,1
2201,One,,Personal name,1
2877,Ordgar,Old English,Personal name,1
2878,Ordlaf,Old English,Personal name,1
4966,Ordric,Old English,Personal name,1
4239,Originally,,Personal name,1
3394,"Originally,",Old Norse,Personal name,1
3889,"Originally,",,Personal name,1
4299,"Originally,",,Personal name,1
5195,"Originally,",Old Norse,Personal name,1
2616,"Originally,'Guoruoe",,Personal name,1
3513,Ormarr,Old Norse,Personal name,1
3458,Orri,Old Norse,Personal name,1
2178,Osa,Old English,Personal name,1
1527,Osgar,Old English,Personal name,1
1276,Oslaf,Old English,Personal name,1
1277,Oslaf,Old Norse,Personal name,1
1900,Osweald,Old English,Personal name,1
3742,Othulf,,Personal name,1
2209,Otto,,Personal name,1
4466,Our,,,1
2241,Outlying,Old English,Personal name,1
4059,Outlying,Old English,Personal name,1
4132,Outlying,Old Norse,Personal name,1
5326,Outlying,Old English,Personal name,1
3743,Ox,Old English,Personal name,1
4763,Paecc(i),Old English,Personal name,1
3744,Paelli,Old English,Personal name,1
4477,Paettel,Old English,Personal name,1
2291,Paetti's/Paettel,Old English,Personal name,1
5515,Pai,Old Norse,Personal name,1
2433,Pain,,Personal name,1
4006,Palloc,Old English,Personal name,1
3887,Passa,Old English,Personal name,1
4901,Patric,,Personal name,1
989,Patrick,,Personal name,1
4969,Paul,,Personal name,1
277,Peada,Old English,Personal name,1
3182,Peak,Old English,Personal name,1
5028,Penda,Old English,Personal name,1
4634,Peohtred,Old English,Personal name,1
4635,Peohtred,,Personal name,1
1908,Peohtric,Old English,Personal name,1
4478,Peol,Old English,Personal name,1
2269,People,,Personal name,1
2816,People,Old English,Personal name,1
2830,People,Old English,Personal name,1
2833,People,Old English,Personal name,1
2834,People,Old English,Personal name,1
2835,People,Old English,Personal name,1
2848,People,Old English,Personal name,1
2857,People,Old English,Personal name,1
2906,People,Old English,Personal name,1
2914,People,Old English,Personal name,1
439,Peot,Old English,Personal name,1
4633,Peota,Old English,Personal name,1
2951,Perhap,,Personal name,1
4615,Perhap,Old Norse,Personal name,1
286,"Perhaps,",Old English,Personal name,1
345,"Perhaps,",Old English,Personal name,1
391,"Perhaps,",Old English,Personal name,1
471,"Perhaps,",Old Norse,Personal name,1
543,"Perhaps,",Old English,Personal name,1
1240,"Perhaps,",Old English,Personal name,1
1257,"Perhaps,",Old English,Personal name,1
2109,"Perhaps,",Old English,Personal name,1
2355,"Perhaps,",Old English,Personal name,1
2437,"Perhaps,",Old English,Personal name,1
2664,"Perhaps,",Old English,Personal name,1
2668,"Perhaps,",Old English,Personal name,1
3285,"Perhaps,",Old Norse,Personal name,1
3760,"Perhaps,",Old English,Personal name,1
3766,"Perhaps,",Old English,Personal name,1
3781,"Perhaps,",Old English,Personal name,1
3953,"Perhaps,",Old English,Personal name,1
3958,"Perhaps,",Old English,Personal name,1
3960,"Perhaps,",Old English,Personal name,1
3961,"Perhaps,",Old Norse,Personal name,1
4003,"Perhaps,",Old English,Personal name,1
4028,"Perhaps,",Old English,Personal name,1
4117,"Perhaps,",Old English,Personal name,1
4128,"Perhaps,",Old Norse,Personal name,1
4187,"Perhaps,",Old English,Personal name,1
4207,"Perhaps,",Old English,Personal name,1
4240,"Perhaps,",Old English,Personal name,1
4260,"Perhaps,",Old English,Personal name,1
4397,"Perhaps,",Old English,Personal name,1
4490,"Perhaps,",Old English,Personal name,1
4555,"Perhaps,",Old Norse,Personal name,1
4753,"Perhaps,",Old English,Personal name,1
5102,"Perhaps,",Old Norse,Personal name,1
5324,"Perhaps,",Old English,Personal name,1
5488,"Perhaps,",Old English,Personal name,1
5296,"Perhaps,'*Cylla",Old English,Personal name,1
5157,"Perhaps,'farm/settlement",Old English,Personal name,1
1909,Philip,,Personal name,1
441,Picel,Old English,Personal name,1
2637,Pict,Old English,Personal name,1
1746,Pier;,,,1
4498,Pig,Old English,Personal name,1
748,Pig-sty,,Personal name,1
2018,Pigace;,,,1
3030,Pil,Old English,Personal name,1
1920,Pinna,Old English,,1
1282,Plesa,Old English,Personal name,1
4599,Ploughed,Old English,Personal name,1
2881,Plucca,Old English,Personal name,1
1925,Poc,Old English,,1
1926,Poca,Old English,,1
1913,Poer,,Personal name,1
5029,Poh(h)a,Old English,Personal name,1
1747,Point,,,1
5021,Pond,Old English,Personal name,1
3031,Pool,Old Norse,Personal name,1
367,Portage,,Personal name,1
602,"Possibly,",Old Norse,Personal name,1
904,"Possibly,",,Personal name,1
963,"Possibly,",,Personal name,1
967,"Possibly,",,Personal name,1
2146,"Possibly,",,Personal name,1
2626,"Possibly,",,Personal name,1
3482,"Possibly,",Old Norse,Personal name,1
4921,"Possibly,",,Personal name,1
5266,"Possibly,",,Personal name,1
4927,"Possibly,'*Bryda",Old English,Personal name,1
4030,Post,Old English,Personal name,1
133,Pot,Old English,Personal name,1
1982,Pratellis;,,,1
4009,Prend,Old English,Personal name,1
2779,Prim,Old English,Personal name,1
1517,Prince,Old English,Personal name,1
2815,Probably,,Personal name,1
2876,Probably,,Personal name,1
4533,Probably,Old Norse,Personal name,1
4609,Probably,Old Norse,Personal name,1
4637,Probably,,Personal name,1
912,"Probably,",,Personal name,1
915,"Probably,",,Personal name,1
1353,"Probably,",,Personal name,1
2991,"Probably,",,Personal name,1
3103,"Probably,",Old Norse,Personal name,1
3160,"Probably,",Old Norse,Personal name,1
3173,"Probably,",Old Norse,Personal name,1
3195,"Probably,",Old Norse,Personal name,1
3208,"Probably,",Old Norse,Personal name,1
3306,"Probably,",Old Norse,Personal name,1
3325,"Probably,",Old Norse,Personal name,1
3368,"Probably,",Old Norse,Personal name,1
3456,"Probably,",Old Norse,Personal name,1
3850,"Probably,",Old Norse,Personal name,1
4043,"Probably,",Old Norse,Personal name,1
4044,"Probably,",Old Norse,Personal name,1
4046,"Probably,",Old Norse,Personal name,1
4047,"Probably,",Old Norse,Personal name,1
4078,"Probably,",Old Norse,Personal name,1
4106,"Probably,",Old Norse,Personal name,1
4108,"Probably,",Old Norse,Personal name,1
4549,"Probably,",Old Norse,Personal name,1
5218,"Probably,",,Personal name,1
5274,"Probably,",Old Norse,Personal name,1
5278,"Probably,",Old Norse,Personal name,1
5298,"Probably,",Old Norse,Personal name,1
4632,"Probably,'*Penta",Old English,Personal name,1
4714,"Probably,'Win(d)el",Old English,Personal name,1
4577,Protected,Old Norse,Personal name,1
1930,Prym,Old English,Personal name,1
1931,Prym,Old English,,1
4346,Pubba,Old English,Personal name,1
1936,Puda,Old English,,1
1932,Pul(l)ein,,Personal name,1
1105,Puncan,,Personal name,1
1929,Punt,Old English,,1
4765,Pytta's/Peota,Old English,Personal name,1
1911,Pyttel,Old English,,1
1906,Pælli,Old English,,1
1924,Pēof,Old English,,1
4772,Raca,Old English,Personal name,1
1945,Radulf,German,,1
3466,Ragnald,Old Norse,Personal name,1
4100,Ragni,Old Norse,Personal name,1
3758,Raimar,,Personal name,1
2647,Ram,,Personal name,1
3465,Randi,Old Norse,Personal name,1
1943,Randulf'sv,,Personal name,1
3640,Raven,Old Norse,Personal name,1
4101,Raven,Old Norse,Personal name,1
1198,Ravine,Old English,Personal name,1
4482,Redbald,Old English,Personal name,1
2158,Reed,Old English,Personal name,1
3755,Reedy,Old English,Personal name,1
3756,Reeve,Old English,Personal name,1
3468,Refr,Old Norse,Personal name,1
3678,Revelry,Old English,Personal name,1
905,Reydhogh,,Personal name,1
4480,Ricard,Old English,,1
3415,Ridge,Old English,Personal name,1
3469,Ridge,Old Norse,Personal name,1
1391,River,Old English,Personal name,1
5251,River,Old Norse,Personal name,1
2340,River-bend,Old English,Personal name,1
2080,River-meadow,Old English,Personal name,1
1725,River-name,Old English,,1
2047,River-name,Old English,,1
2062,Rocheford,,,1
1014,Rock,Old English,Personal name,1
3924,Rod,,Personal name,1
2693,Rohesia,Old English,Personal name,1
2638,Rolf,Old English,Personal name,1
4970,Rolf,,Personal name,1
4856,Roman,Old English,Personal name,1
5147,Rot(a),Old English,Personal name,1
5330,Rothmund,Old Norse,Personal name,1
4607,Royal,Old English,Personal name,1
1351,Ruald,,Personal name,1
4774,Rumbold,Old English,Personal name,1
4852,Rye,Old English,Personal name,1
1957,Rǣdel,Old English,,1
1958,Rǣdla,Old English,,1
4483,Rēdbald,Old English,,1
2886,S,Old English,Personal name,1
5027,Sachson,C,,1
2696,Saebeorht,Old English,Personal name,1
2445,Saewine,Old English,Personal name,1
3589,Sailor's/pirate,Old English,Personal name,1
3481,Saksulfr,Old Norse,Personal name,1
3475,Salli,Old Norse,Personal name,1
3476,Salmundr,Old Norse,Personal name,1
4486,Salt-works'.,Old English,Personal name,1
2726,Salty,,Personal name,1
5151,Sand,Old English,Personal name,1
3477,Sauthr,Old Norse,Personal name,1
3767,Saxi,Old Norse,Personal name,1
3193,Saxon,Old Norse,Personal name,1
2526,Saxones,C,,1
1961,Sceaft,Old English,,1
1643,Sceortmann,Old English,,1
1964,Schelin,,Personal name,1
3773,Scott,Old English,Personal name,1
4491,Scēot,Old English,,1
4438,Searu,Old English,,1
4853,Secca,Old English,Personal name,1
4488,Secg,Old English,Personal name,1
5342,Sek,Old Norse,Personal name,1
4110,Seli,Old English,Personal name,1
4430,Settlement/farmstead,Old English,Personal name,1
456,Shallow,Old English,Personal name,1
2244,Sheep-fold'.,Old English,Personal name,1
1730,Shore,Old English,Personal name,1
4111,Sibba,Old Norse,Personal name,1
4189,Sibba,Old English,Personal name,1
4190,Sibba,Old English,Personal name,1
4276,Sibba,Old English,Personal name,1
4649,Sibba,Old English,Personal name,1
2727,Sibbi,Old English,Personal name,1
2577,Sidumann,Old English,Personal name,1
3493,Sigebald,Old English,Personal name,1
3897,Sigebeorht,Old English,Personal name,1
3898,Sigebeorht,Old Norse,Personal name,1
3222,Sigehaeth's/Sigethryth,Old English,Personal name,1
3776,Sigeheah's/Sige,Old English,Personal name,1
4776,Sigehelm,Old English,Personal name,1
3908,Sigehere,Old English,Personal name,1
5160,Sigel,Old Norse,Personal name,1
3041,Sigemund's/Simund,Old English,Personal name,1
4499,Sigeric,Old English,Personal name,1
459,Sigewine,Old English,Personal name,1
3221,Sigsteinn,Old Norse,Personal name,1
5170,Sigstienn,Old Norse,Personal name,1
3205,Sigvald,Old Norse,Personal name,1
5159,Sigvarthr,Old Norse,Personal name,1
1967,Sixpenny,,,1
5338,Skakari,Old Norse,Personal name,1
5152,Skakull's/Skakli,Old Norse,Personal name,1
5527,Skammbein,Old Norse,Personal name,1
5154,Skammr,Old Norse,Personal name,1
5337,Skarthi,Old Norse,Personal name,1
5349,Skavathra,Old Norse,Personal name,1
5528,Skott,Old Norse,Personal name,1
3489,Skrifli's/Skrifill,Old Norse,Personal name,1
4109,Skropi,Old Norse,Personal name,1
3768,Skuli,Old English,Personal name,1
3769,Skuli,Old Norse,Personal name,1
5156,Skuli,Old Norse,Personal name,1
3490,Skuma,Old Norse,Personal name,1
5163,Skyti,Old Norse,Personal name,1
5350,Slengr,Old Norse,Personal name,1
1576,Slope,Old English,Personal name,1
287,Small,Old English,Personal name,1
1972,Snell,Old English,,1
3506,Snjallr,Old English,Personal name,1
3507,Snjallr,Old Norse,Personal name,1
3505,Snotr,Old Norse,Personal name,1
4103,Soar,C,,1
2168,Socca,Old English,Personal name,1
1297,South,Old English,Personal name,1
2900,South,,Personal name,1
4975,South,,Personal name,1
4352,Spac,Old English,Personal name,1
3783,Spar,Old English,Personal name,1
3948,Spelling,Old English,Personal name,1
1973,Speoht,Old English,,1
4127,Spring,Old English,Personal name,1
2723,St,,Personal name,1
3239,St.,Old English,Personal name,1
3406,St.,Old English,Personal name,1
4066,St.,Old English,Personal name,1
1242,Stag,Old English,Personal name,1
4782,Stallion,Old English,Personal name,1
4494,Standeford,,,1
4114,Stari,Old Norse,Personal name,1
3517,Stigandi,Old Norse,Personal name,1
3520,Stigr,Old English,Personal name,1
2789,Stith,Old English,Personal name,1
3784,Stoke,Old Norse,Personal name,1
3215,Stone,,Personal name,1
4353,Stone,,Personal name,1
4974,Stone,,Personal name,1
5183,Stone,Old Norse,Personal name,1
4456,Stone(s),Old English,Personal name,1
4495,Stoney,Old English,Personal name,1
1981,Stotting,Old English,,1
3905,Strikr,Old Norse,Personal name,1
4587,Stronghold,Old English,Personal name,1
3547,Strutr,Old Norse,Personal name,1
3522,Stutr,Old Norse,Personal name,1
3788,Styr,Old Norse,Personal name,1
921,Sulyen,,Personal name,1
1062,Suthan,,Personal name,1
3526,Svafi,Old Norse,Personal name,1
5167,Svan,Old Norse,Personal name,1
3528,Svarri,Old Norse,Personal name,1
1298,Svartlingr,Old Norse,Personal name,1
4356,Svein,Old English,Personal name,1
3790,Sveinn,Old English,Personal name,1
5247,Swan,Old English,Personal name,1
1299,Swerkir,Old Norse,Personal name,1
830,Sweta,Old English,Personal name,1
2888,Swi,Old English,Personal name,1
5540,T(h)ancred,,Personal name,1
1499,Tacca,Old English,,1
833,Taeta,Old English,Personal name,1
3536,Taeta's/Taete,Old English,Personal name,1
1301,Tappa,Old English,Personal name,1
4711,Tatel's/Taetel,Old English,Personal name,1
3534,Tatershall,Old English,Personal name,1
3792,Tatwulf,Old English,Personal name,1
2460,Teoda,Old English,Personal name,1
4501,Teotta,Old English,Personal name,1
2732,Tetta,Old English,Personal name,1
2454,Tette,Old English,Personal name,1
4504,Tetti,Old English,Personal name,1
1095,The,,Personal name,1
4112,The,,Personal name,1
4441,The,Old Norse,Personal name,1
2457,Theobald,Old English,Personal name,1
4658,Theodbeorht,Old English,Personal name,1
4979,Theodwulf's/Tidwulf,Old English,Personal name,1
2953,Thi,Old English,Personal name,1
3796,Thialfi,Old Norse,Personal name,1
2058,Thomas,,,1
3540,Thor,Old Norse,,1
5364,Thoraldr,Old Norse,Personal name,1
3803,Thorferth,Old Norse,Personal name,1
5171,Thorgrim,Old English,Personal name,1
5172,Thorgrim,Old Norse,Personal name,1
3541,Thorgrimr,Old Norse,Personal name,1
3058,Thori's/Thor,Old Norse,Personal name,1
5169,Thorkel,Old Norse,Personal name,1
3224,Thorketill,Old Norse,Personal name,1
4858,Thorlaf,Old Norse,Personal name,1
3225,Thorleifr,Old Norse,Personal name,1
5365,Thormoth,Old Norse,Personal name,1
1474,Thorn-tree,Old Norse,Personal name,1
5366,Thorn-tree,,Personal name,1
3543,Thorulf,Old Norse,Personal name,1
4660,Thrandr,Old Norse,Personal name,1
3802,Thurgar,Old Norse,Personal name,1
4358,Thurlak,,Personal name,1
3227,Thyrnir,Old Norse,Personal name,1
3582,Tic(c)a,Old English,Personal name,1
1306,Tidi,Old English,Personal name,1
1307,Tidsige,Old English,Personal name,1
2673,Tidwulf,Old English,Personal name,1
838,Tilli's/Tilla,Old English,Personal name,1
2903,Tilmann,Old English,Personal name,1
3059,Tilwald,Old English,Personal name,1
4027,Tir,Old English,Personal name,1
4282,Titta,Old English,Personal name,1
3229,Toki,Old English,Personal name,1
3230,Toki,Old Norse,Personal name,1
5546,Toki,Old Norse,Personal name,1
3054,Toki's/Tok,Old Norse,Personal name,1
2010,Tola,Old Norse,Personal name,1
2733,Toli's/Toglo,Old Norse,Personal name,1
2325,Toll,,Personal name,1
2008,Tollard,,,1
3806,Topi,Old English,Personal name,1
2007,Tota,Old English,,1
3546,Tota,Old English,Personal name,1
2002,Totta,Old English,,1
5177,Tove's/Tofi,Old Norse,Personal name,1
462,Tree-stump,,Personal name,1
5552,Tree-stumps'.,Old English,Personal name,1
5553,Tree-stumps'.,,Personal name,1
188,Tribal-Name,Old English,,1
554,Tribal-Name,Old English,,1
2738,Tribal-Name,Old English,,1
3848,Tribal-Name,Old English,,1
4175,Tribal-Name,Old English,,1
4210,Tribal-Name,Old English,,1
4033,Tucga,Old English,Personal name,1
2463,Tuffa,Old English,Personal name,1
3799,Tumi,Old Norse,Personal name,1
2580,Tunna,Old English,Personal name,1
3549,Tupi,Old Norse,Personal name,1
2057,Turbervill,,,1
4505,Tutta,Old English,Personal name,1
4500,Tydi,Old English,Personal name,1
4712,Tydic,Old English,Personal name,1
2320,Tyrhtel,Old English,Personal name,1
1990,Tāda,Old English,,1
4860,Tīw,Old English,,1
4666,Ubbi,Old Norse,Personal name,1
4791,Ucca,Old English,Personal name,1
4338,Uda,Old English,Personal name,1
2014,Udd,Old English,,1
2015,Udda,Old English,,1
4097,Ufi,Old Norse,Personal name,1
3886,Ufic's/Ofe,Old English,Personal name,1
5373,Uggi,Old Norse,Personal name,1
1098,Uhtred,Old English,Personal name,1
1099,Uhtred,Old Norse,Personal name,1
3551,Uhtred's/Uhere,Old English,Personal name,1
5323,Ulf,Old English,Personal name,1
3550,Ulfr,Old English,Personal name,1
1325,"Uncertain,",Old English,Personal name,1
777,Uncertain.,,Personal name,1
940,Uncertain.,,Personal name,1
1044,Uncertain.,,Personal name,1
1097,Uncertain.,Old Norse,Personal name,1
1127,Uncertain.,Old Norse,Personal name,1
1348,Uncertain.,,Personal name,1
1376,Uncertain.,,Personal name,1
2138,Uncertain.,,Personal name,1
2311,Uncertain.,,Personal name,1
2461,Uncertain.,Old Norse,Personal name,1
2521,Uncertain.,,Personal name,1
2615,Uncertain.,,Personal name,1
2736,Uncertain.,,Personal name,1
2748,Uncertain.,,Personal name,1
2974,Uncertain.,Old Norse,Personal name,1
2994,Uncertain.,Old Norse,Personal name,1
3021,Uncertain.,Old Norse,Personal name,1
3050,Uncertain.,Old Norse,Personal name,1
3051,Uncertain.,Old Norse,Personal name,1
3052,Uncertain.,Old Norse,Personal name,1
3069,Uncertain.,,Personal name,1
3092,Uncertain.,Old Norse,Personal name,1
3139,Uncertain.,Old Norse,Personal name,1
3177,Uncertain.,Old Norse,Personal name,1
3194,Uncertain.,Old Norse,Personal name,1
3203,Uncertain.,Old Norse,Personal name,1
3212,Uncertain.,Old Norse,Personal name,1
3214,Uncertain.,Old Norse,Personal name,1
3223,Uncertain.,Old Norse,Personal name,1
3245,Uncertain.,Old Norse,Personal name,1
3246,Uncertain.,,Personal name,1
3250,Uncertain.,Old Norse,Personal name,1
3259,Uncertain.,Old Norse,Personal name,1
3347,Uncertain.,Old Norse,Personal name,1
3360,Uncertain.,,Personal name,1
3371,Uncertain.,Old Norse,Personal name,1
3379,Uncertain.,,Personal name,1
3398,Uncertain.,Old Norse,Personal name,1
3448,Uncertain.,Old Norse,Personal name,1
3451,Uncertain.,Old Norse,Personal name,1
3460,Uncertain.,Old Norse,Personal name,1
3478,Uncertain.,Old Norse,Personal name,1
3480,Uncertain.,Old Norse,Personal name,1
3484,Uncertain.,Old Norse,Personal name,1
3497,Uncertain.,Old Norse,Personal name,1
3508,Uncertain.,Old Norse,Personal name,1
3509,Uncertain.,Old Norse,Personal name,1
3510,Uncertain.,Old Norse,Personal name,1
3521,Uncertain.,,Personal name,1
3548,Uncertain.,Old Norse,Personal name,1
3563,Uncertain.,Old Norse,Personal name,1
3594,Uncertain.,Old Norse,Personal name,1
3603,Uncertain.,Old Norse,Personal name,1
3628,Uncertain.,Old Norse,Personal name,1
3631,Uncertain.,Old Norse,Personal name,1
3648,Uncertain.,Old Norse,Personal name,1
3683,Uncertain.,Old Norse,Personal name,1
3718,Uncertain.,,Personal name,1
3751,Uncertain.,Old Norse,Personal name,1
3752,Uncertain.,,Personal name,1
3775,Uncertain.,,Personal name,1
3836,Uncertain.,Old Norse,Personal name,1
3852,Uncertain.,Old Norse,Personal name,1
3870,Uncertain.,,Personal name,1
3881,Uncertain.,Old Norse,Personal name,1
3922,Uncertain.,Old Norse,Personal name,1
4049,Uncertain.,Old Norse,Personal name,1
4415,Uncertain.,Old Norse,Personal name,1
4876,Uncertain.,Old Norse,Personal name,1
4877,Uncertain.,Old Norse,Personal name,1
4897,Uncertain.,Old Norse,Personal name,1
4900,Uncertain.,Old Norse,Personal name,1
4904,Uncertain.,Old Norse,Personal name,1
4908,Uncertain.,Old Norse,Personal name,1
5044,Uncertain.,Old Norse,Personal name,1
5059,Uncertain.,Old Norse,Personal name,1
5060,Uncertain.,Old Norse,Personal name,1
5078,Uncertain.,Old Norse,Personal name,1
5083,Uncertain.,Old Norse,Personal name,1
5119,Uncertain.,Old Norse,Personal name,1
5123,Uncertain.,Old Norse,Personal name,1
5145,Uncertain.,Old Norse,Personal name,1
5155,Uncertain.,Old Norse,Personal name,1
5162,Uncertain.,Old Norse,Personal name,1
5216,Uncertain.,Old Norse,Personal name,1
5222,Uncertain.,Old Norse,Personal name,1
5223,Uncertain.,,Personal name,1
5228,Uncertain.,Old Norse,Personal name,1
5229,Uncertain.,Old Norse,Personal name,1
5238,Uncertain.,Old Norse,Personal name,1
5288,Uncertain.,Old Norse,Personal name,1
5289,Uncertain.,Old Norse,Personal name,1
5292,Uncertain.,Old Norse,Personal name,1
5305,Uncertain.,,Personal name,1
5316,Uncertain.,,Personal name,1
5325,Uncertain.,Old Norse,Personal name,1
5332,Uncertain.,Old Norse,Personal name,1
5343,Uncertain.,Old Norse,Personal name,1
5346,Uncertain.,Old Norse,Personal name,1
5352,Uncertain.,Old Norse,Personal name,1
5353,Uncertain.,Old Norse,Personal name,1
5358,Uncertain.,Old Norse,Personal name,1
5362,Uncertain.,Old Norse,Personal name,1
5371,Uncertain.,Old Norse,Personal name,1
5372,Uncertain.,Old Norse,Personal name,1
5378,Uncertain.,Old Norse,Personal name,1
5418,Uncertain.,Old Norse,Personal name,1
5431,Uncertain.,,Personal name,1
5444,Uncertain.,Old Norse,Personal name,1
5458,Uncertain.,Old Norse,Personal name,1
5504,Uncertain.,Old Norse,Personal name,1
5526,Uncertain.,Old Norse,Personal name,1
5538,Uncertain.,Old Norse,Personal name,1
4176,Upland,Old English,Personal name,1
4308,Valley,,Personal name,1
5239,Valley,Old Norse,Personal name,1
3935,"Valley',",,Personal name,1
1372,Valley'.,,Personal name,1
2619,Valley'.,Old English,Personal name,1
3554,Valr,Old Norse,Personal name,1
4674,Vestlithi,Old Norse,Personal name,1
5562,Vikarr,Old Norse,Personal name,1
2001,Vilers,,,1
3560,Vilgeirr's/Vilgerth,Old Norse,Personal name,1
4123,Village,Old Norse,Personal name,1
4915,Vinandr,Old Norse,Personal name,1
3564,Vindr,Old Norse,Personal name,1
5181,Vithfari,Old English,Personal name,1
5182,Vithfari,Old Norse,Personal name,1
5551,Wad(d)a,Old English,Personal name,1
3553,Wada,Old English,,1
3812,Wada,Old English,Personal name,1
3916,Wada,Old English,Personal name,1
4792,Wada,Old English,Personal name,1
850,Waerburg,Old English,Personal name,1
5037,Waerma,Old English,Personal name,1
5555,Waermi,Old English,Personal name,1
4795,Waerna,Old English,Personal name,1
3555,Waldmaer,Old English,Personal name,1
3064,Waldmer,Old English,Personal name,1
1986,Waleran,,,1
2026,Walter,Old English,Personal name,1
2027,Walter,Middle English,,1
2650,Walter,,Personal name,1
4141,Warrior,Old English,Personal name,1
4793,Wealdburh,Old English,Personal name,1
847,Wealhhere,Old English,Personal name,1
2028,Wedera,Old English,,1
2910,Weevil,Old English,Personal name,1
4287,Welisc,Middle English,,1
4713,Wenna,Old English,Personal name,1
5554,Werlaf,Old English,Personal name,1
4208,West,Old English,Personal name,1
4680,Wether,Old Norse,Personal name,1
4677,White,Old English,Personal name,1
4678,White,Old Norse,Personal name,1
2469,White/bright,Old English,Personal name,1
4865,Wibba,Old Norse,Personal name,1
1489,Wide,Old English,Personal name,1
2472,Widia,Old English,Personal name,1
187,Widmund,Old English,Personal name,1
2343,Widuc,Old English,Personal name,1
3238,Wifel,Old English,Personal name,1
5566,Wifel,Old Norse,Personal name,1
3574,Wigbeorht,Old English,Personal name,1
3575,Wigbeorht,,Personal name,1
865,Wighere,Old English,Personal name,1
2589,Wigmaer,Old English,Personal name,1
490,Wigred,Old English,Personal name,1
4802,Wigstan's/Winestan,Old English,Personal name,1
3240,Wigthryth,Old English,Personal name,1
2331,Wihthere's/*Wether,Old English,Personal name,1
4867,Wihtlac,Old English,Personal name,1
2041,Wihtlufu,Old English,,1
2040,Wihtlāf,Old English,,1
2911,Wihtric,Old English,Personal name,1
5564,Wike,Old English,Personal name,1
182,Wil's/Winel,Old English,Personal name,1
3921,Wilbeorht,Old English,Personal name,1
4512,Wilbeorht,Old English,,1
2470,Wilhere's/Wilheard,Old English,Personal name,1
2043,Willic,Old English,Personal name,1
2044,Willic,Old English,,1
3494,Willow-tree,Old Norse,Personal name,1
3561,Willow-tree,Old Norse,Personal name,1
5055,Willow-tree,Old Norse,Personal name,1
5568,Wilmaer,Old English,Personal name,1
5565,Wilsige,Old English,Personal name,1
5563,Wincel,Old English,Personal name,1
2081,Windel,Old English,,1
5381,Wine's/Wini,Old English,Personal name,1
3816,Winebaud,Old English,Personal name,1
3073,Wineca,Old English,Personal name,1
2188,Winelac,Old English,Personal name,1
3071,Winemaer,Old English,Personal name,1
2653,Winfrith,Old English,Personal name,1
4984,Winter,Old English,Personal name,1
5567,Winuc,Old English,Personal name,1
2342,Wistan,Old English,Personal name,1
4510,Witi,Old English,Personal name,1
4511,Witi,Old English,,1
482,Wiwa,Old English,Personal name,1
4715,Wocc(a),Old English,Personal name,1
2286,Wocca,Old English,Personal name,1
1315,Woden,Old English,Personal name,1
3566,Wood,Old Norse,Personal name,1
4869,Wood,,Personal name,1
1421,Wood/clearing,,Personal name,1
2375,Wood/clearing,,Personal name,1
5537,Wood/clearing,,Personal name,1
4252,"Wood/clearing',",Old English,Personal name,1
3002,Wood/clearing'.,Old English,Personal name,1
5476,Woodpecker,Old English,Personal name,1
3569,Wraggi,Old Norse,Personal name,1
2045,Wuduc,Old English,,1
2189,Wulf,Old English,Personal name,1
2065,Wulfa,Old English,,1
4803,Wulfbaed,Old English,Personal name,1
4457,Wulfgeat,Old English,Personal name,1
4458,Wulfgeat,Old English,,1
4868,Wulfhelm,Old English,Personal name,1
3061,Wulfhere,Old Norse,Personal name,1
5178,Wulfhere'shomestead/village,Old English,Personal name,1
3923,Wulflaf's/Wiglaf,Old English,Personal name,1
4515,Wulflāf,Old English,,1
2066,Wulfmaer,Old English,Personal name,1
2067,Wulfmǣr,Old English,,1
2077,Wulfrūn,Old English,,1
3074,Wulfsige,,Personal name,1
2654,Wulgifu,Old English,Personal name,1
2083,Wych,Old English,,1
5382,Wynbald's/Winebald,Old English,Personal name,1
862,Wynflaeth,Old English,Personal name,1
2471,Wynna,Old English,Personal name,1
3072,Wynstan,Old English,Personal name,1
5502,Wyrca,Old English,Personal name,1
851,Wǣrburg,Old English,,1
2070,Wīgheard,Old English,,1
3915,Young,Old English,Personal name,1
5359,Young,Old Norse,Personal name,1
5035,\,Old English,Personal name,1
2590,abbey,,,1
5385,adela,Old English,,1
2358,afor,Old English,,1
1049,aigre,French,,1
4334,aigu,French,,1
4370,aley,Middle English,,1
5390,almenn,Old Norse,,1
873,alter,C,,1
5200,ampre,Old English,,1
965,an,C,,1
2122,an,,,1
2707,an,,,1
3390,an,,,1
3516,an,,,1
3619,an,,,1
5115,an,,,1
5387,an,,,1
5412,an,,,1
2924,angr,Old Norse,,1
5388,aqua,Latin,,1
2086,archedeken,Middle English,,1
2452,archere,Middle English,,1
5393,arke,Middle English,,1
2199,assa,Old English,,1
1443,assart,Middle English,,1
1954,atte,,,1
1955,atter,Middle English,,1
4527,bacc,C,,1
4521,balg,Old English,,1
5400,balne,Middle English,,1
5401,balneum,Latin,,1
4295,bana,Old English,,1
2333,bann,Old English,,1
4721,batail,Middle English,,1
4223,bataille,French,,1
4337,batt,Old English,,1
1548,bay,,,1
3310,bayard,French,,1
4720,bealu,Old English,,1
1162,beard,Old English,,1
1333,bearde,Old English,,1
3346,bearg,Old English,,1
931,bedh,C,,1
4946,bedwinde,Old English,,1
4298,begen,Old English,,1
3620,bel,Old English,,1
4205,bel,Old English,,1
4529,bel,Old English,,1
4530,bel,Old English,,1
4581,bel,Old English,,1
4618,bel,Old English,,1
1159,belg,Old English,,1
4229,bello,,,1
3275,belt,,,1
1512,beneoðan,Old English,,1
4816,beolone,Old English,,1
1165,bera-weard,Old English,,1
2160,berg,Old Norse,,1
3269,berg,Old Norse,,1
3270,berg,Old Norse,,1
5212,berg,Old Norse,,1
5221,berg,Old Norse,,1
5303,berg,Old Norse,,1
968,berow,C,,1
4225,bettws,C,,1
5408,beðme,Old English,,1
4922,bicce,Old English,,1
4532,bildr,Old Norse,,1
4388,billere,Old English,,1
2662,bishop,Middle English,,1
3286,biskup,Old Norse,,1
4874,bjórr,Old Norse,,1
4875,bjóðr,Old Norse,,1
5052,bjúgr,Old Norse,,1
2357,blanc,French,,1
2060,blanche,Middle English,,1
2795,blanche,French,,1
5415,bluber,Middle English,,1
1584,blǣcen,Old English,,1
3827,blǣddre,Old English,,1
3608,blā,Old English,,1
2747,blāc,Old English,,1
2814,blēa,Old English,,1
4258,blōd,Old English,,1
4228,bogel,Old English,,1
2019,bois,French,,1
741,bold,Old English,,1
5209,boli,Old Norse,,1
2334,bone,Middle English,,1
2749,borda,Old English,,1
2817,borg,Old English,,1
2853,borg,Old English,,1
2895,borg,Old English,,1
4925,bors,Old English,,1
4230,bosco,,,1
3077,botn,Old Norse,,1
4537,bouge,French,,1
1612,bouker;,,,1
1592,boðen,Old English,,1
2246,bracu,Old English,,1
209,bray,French,,1
2601,breden,Old English,,1
4398,brende,Old English,,1
2751,brigdels,Old English,,1
3101,brigā,C,,1
4820,brince,Old English,,1
3830,brocc-hol,Old English,,1
881,bronn,C,,1
3939,broom,,,1
3364,bryggja,Old Norse,,1
4144,brytta,Old English,,1
1350,brȳde,Old English,,1
2479,bræmbel,Old English,,1
3294,bræsen,Old English,,1
2941,bróðir,Old Norse,,1
3937,brēmen,Old English,,1
4146,brēow-ærn,Old English,,1
3618,brōmig,Old English,,1
3880,bukkr,Old Norse,,1
2944,bulki,Old Norse,,1
4543,bung,Old English,,1
2687,bunting,Middle English,,1
635,burgæsn,Old English,,1
4544,burh-geat,Old English,,1
2818,burh-ware,Old English,,1
4547,butta,Old English,,1
924,byghan,C,,1
5511,bȳrel,Old English,,1
4813,bæcestre,Old English,,1
784,ból,Old Norse,,1
5414,býjar-staðr,Old Norse,,1
2332,bān,Old English,,1
333,bēacen,Old English,,1
4531,bēanen,Old English,,1
2504,bōt,Old English,,1
1184,būg-stān,Old English,,1
1028,cairōg,C,,1
2104,cald,Middle English,,1
2223,cald,Middle English,,1
3109,cald,Middle English,,1
3945,cald,Middle English,,1
882,cam,C,,1
1631,canc,Old English,,1
979,cappella,Latin,,1
3944,caput,Latin,,1
647,caring,Old English,,1
1635,castel,Middle English,,1
1670,castel,Middle English,,1
1963,castel,Middle English,,1
2089,castel,Middle English,,1
3108,castel,Middle English,,1
3321,castel,Middle English,,1
3736,castel,Middle English,,1
4399,castel,Middle English,,1
4545,castel,Middle English,,1
4928,castel,Middle English,,1
5224,cataracta,Latin,,1
5225,cater,C,,1
3947,cauce,Middle English,,1
1270,cauel,Middle English,,1
2754,cawel,Old English,,1
1193,ceafl,Old English,,1
1644,cearr,Old English,,1
4401,ceas,Old English,,1
2517,cempa,Old English,,1
4304,ceunant,C,,1
4204,chace,Middle English,,1
3491,check,Old Norse,Personal name,1
5409,chef,French,,1
3946,chere,Middle English,,1
3425,chevrele,French,,1
4235,chirche,Middle English,,1
1197,cinu,Old English,,1
2381,ciren,Old English,,1
527,cis,Old English,,1
2447,cisen,Old English,,1
1258,cisse,Old English,,1
2826,cistelet,Old English,,1
1366,cleath,C,,1
3632,clenc,Old English,,1
4995,clent,Old English,,1
2480,clerc,Middle English,,1
1364,clofen,Old English,,1
4120,clott,Old English,,1
4452,clough,Middle English,,1
5427,clæpe,Old English,,1
4931,clǣfren,Old English,,1
5429,clūder,Old English,,1
3989,cnearr,Old English,,1
4255,cnocc,C,,1
4955,cnocc,C,,1
4937,cnugel,Old English,,1
2135,cnycc,Old English,,1
2624,cnyll,Old English,,1
4842,cnæpp,Old English,,1
1813,cnæppede,Old English,,1
3426,cnēo,Old English,,1
2792,coccel,Old English,,1
1005,cog,C,,1
1660,cokaygne,Middle English,,1
1200,colauno-,C,,1
1202,cold,Middle English,,1
2105,colere,Old English,,1
4407,colt,Old English,,1
1201,colṻn,C,,1
4538,combust,Middle English,,1
2416,comel,C,,1
3114,contasse,Middle English,,1
2758,copped,Middle English,,1
3839,corther,Old English,,1
2762,cou,Middle English,,1
3838,coð-ærn,Old English,,1
621,crabba,Old English,,1
3841,creowel,Old English,,1
1679,cribbe,Middle English,,1
2225,crike,Middle English,,1
4930,cristel-mǣl,Old English,,1
1680,crocc,Old English,,1
1681,croccere,Old English,,1
3155,cross,Old English,,1
4226,crowyn,C,,1
2759,crȳde,Old English,,1
3115,cræft,Old English,,1
4963,crǣwe,Old English,,1
3333,crūw,Old English,,1
943,cuid,C,,1
4691,cull,C,,1
1375,cunẹ̄ti̥ū,C,,1
3557,cwappa,Old English,,1
5186,cweld,Old English,,1
4733,cwice,Old English,,1
2780,cwicu,Old English,,1
2272,cylu,Old English,,1
3455,cymbe,Old English,,1
3424,cyrn,Old English,,1
4954,cȳf,Old English,,1
2997,cȳpe,Old English,,1
5143,cā,Middle English,,1
1662,cāl,Old English,,1
4489,cēast,Old English,,1
225,cōc,Old English,,1
2670,cōd,Old English,,1
4421,dale,Middle English,,1
579,dam,,,1
676,de,French,,1
1766,de,,,1
1999,de,,,1
2054,de,,,1
2063,de,,,1
4804,delf,Old English,,1
4718,dell,Old English,,1
3340,dembil,Old Norse,,1
3893,den,Middle English,,1
1686,deorc,Old English,,1
4814,desert,Middle English,,1
4935,devise,French,,1
886,dew,C,,1
4936,dierne,Old English,,1
4422,dimple,Middle English,,1
883,dinan,C,,1
952,dinas,C,,1
3845,dingle,Middle English,,1
364,dora,Old English,,1
2965,doun,Middle English,,1
1839,dour,C,,1
1215,draca,Old English,,1
5072,dreng,Old English,,1
2516,drocen,Old English,,1
560,drove,,,1
1047,drum,C,,1
5437,dræge,Old English,,1
1676,drāf,Old English,,1
1216,drān,Old English,,1
2497,dubro-,C,,1
2395,dumbel,Old English,,1
1699,dunn,Old English,,1
1692,durn,C,,1
1693,durno-,C,,1
2883,duro-,C,,1
3846,dus,Old English,,1
677,dystels,Old English,,1
2514,dȳne,Old English,,1
3338,dæld,Old Norse,,1
2761,dēaw,Old English,,1
1213,dēað,Old English,,1
1923,dēofol,Old English,,1
3649,dēope,Old English,,1
5434,dēor-tūn,Old English,,1
2605,dīgle,Old English,,1
4315,dīgol,Old English,,1
2513,dōmere,Old English,,1
2392,dūne,Old English,,1
3614,dūno-,C,,1
4880,dǫkk,Old Norse,,1
2196,eard,Old English,,1
5571,eburos,C,,1
2918,einn,Old Norse,,1
977,einstapi,Old Norse,,1
2996,eithin,C,,1
974,elergh,C,,1
4564,elf,Old English,,1
5077,elgr,Old Norse,,1
2023,elm,,,1
4563,elme,Old English,,1
5105,emprise,French,,1
1191,en,French,,1
3847,eorl,Middle English,,1
1051,eowu,Old English,,1
5250,epli,Old Norse,,1
995,ermite,Middle English,,1
3869,erðling,Old English,,1
371,esol,Old English,,1
4838,essedum,C,,1
4742,estranged,,,1
3932,estre,French,,1
1700,etisc,Old English,,1
4432,etting,Old English,,1
2612,ewig,C,,1
2567,extra,Latin,,1
5442,faereyingr,Old Norse,,1
2235,falca,Old English,,1
3984,faldere,Old English,,1
2796,faloise,French,,1
5082,fang,Old Norse,,1
2528,fearh,Old English,,1
2150,feld,Middle English,,1
1368,felg,Old English,,1
3962,felging,Old English,,1
496,fen,,,1
530,fen,Old Norse,,1
4976,fenni,Middle English,,1
5449,feoht,Old English,,1
4636,feorm,Old English,,1
4797,feralia,Latin,,1
1823,ferme,Middle English,,1
4744,fernðe,Old English,,1
5255,fethuru,Old Norse,,1
5254,feðer,Old English,,1
754,ffin,C,,1
4798,fierel,Old English,,1
1395,filde,Old English,,1
2237,finger,Old English,,1
4070,fiskari,Old Norse,,1
2793,fithelare,Middle English,,1
3656,fjǫl,Old Norse,,1
5256,fjǫðr,Old Norse,,1
1229,flag,Old Norse,,1
5259,flagð,Old Norse,,1
4019,flatte,Middle English,,1
5258,flaða,Old Norse,,1
5260,fleaðe,Old English,,1
3123,fleca,Old English,,1
5087,fleinn,Old Norse,,1
3661,flicce,Old English,,1
5089,flint,Old English,,1
73,fliten,Middle English,,1
3965,flot,Old English,,1
2674,flēam,Old English,,1
1524,flēd,Old English,,1
524,flēma,Old English,,1
4071,flōh,Old English,,1
5497,fontein,French,,1
890,fore-burg,Old English,,1
5261,fors,Old Norse,,1
1736,fortune,,,1
3855,forð,Old English,,1
5518,fractus,Latin,,1
2120,fram,Old English,,1
1834,fraunchise,Middle English,,1
4169,freht,Old English,,1
4741,fremde,Old English,,1
2009,frāter,Latin,,1
3361,full-nautr,Old Norse,,1
4944,funt,C,,1
3036,fylja,Old Norse,,1
4576,fyrsen,Old English,,1
2840,fæfer,Old English,,1
691,fælging,Old English,,1
2972,fæs,Old English,,1
5084,fífa,Old Norse,,1
2971,fēgels,Old English,,1
3817,fēorðung,Old English,,1
5085,fīfel,Old English,,1
3854,fōdring,Old English,,1
3128,gaddr,Old Norse,,1
1741,gafol,Old English,,1
3966,galga,Old English,,1
3130,gall,Old Norse,,1
4862,galle,Middle English,,1
5194,gaukr,Old Norse,,1
4038,gavr,C,,1
2195,ge-ǣled,Old English,,1
3925,gearwe,Old English,,1
2123,gegn,Old English,,1
2977,geirr,Old Norse,,1
3731,genēat,Old English,,1
1420,giedd,Old English,,1
2256,gild,Old English,,1
5456,gildande,Old English,,1
5455,gildi-hús,Old Norse,,1
4603,gip(s),Old English,,1
5558,gipt,Old Norse,,1
4121,glebe,Middle English,,1
3132,glenn,Old English,,1
1855,gleoda,Old English,,1
5459,gluss,Old Norse,,1
2711,glæd,Old English,,1
1235,glæppe,Old English,,1
4393,glæs,Old English,,1
3136,glïnn,C,,1
3968,glēow,Old English,,1
4610,gnætt,Old English,,1
3154,gnípa,Old Norse,,1
891,goel,C,,1
936,goethel,C,,1
696,gof,C,,1
2242,gold,Old English,,1
1742,gold-hord,Old English,,1
975,gor-,C,,1
2240,gorst,Old English,,1
702,gorst-trēow,Old English,,1
5463,goule,Middle English,,1
3375,grand,Old English,,1
4898,graveship,,,1
3370,grein,Old Norse,,1
5465,grendel,Old English,,1
4075,gres,Old Norse,,1
4884,gres,Old English,,1
4586,groten,Old English,,1
4245,grynel,Old English,,1
4885,grár,Old Norse,,1
4593,grēd,Old English,,1
2846,grēon,Old English,,1
5005,grīma,Old English,,1
704,grōp,Old English,,1
3738,grœnn,Old Norse,,1
2627,gwern,C,,1
907,gwyth,C,,1
3707,gyr,Old English,,1
4871,gyrd,Old English,,1
5457,gysel,Old English,,1
5191,gēap,Old English,,1
258,gīfete,Old English,,1
3135,gōp,Old English,,1
5570,gǣh,Old English,,1
3387,haca-þorn,Old English,,1
1142,hafn,Old Norse,,1
930,hag,C,,1
5007,hagga,Old English,,1
950,hagi,Old Norse,,1
2990,haidd,C,,1
2949,hali,Old Norse,,1
5277,halm,Old English,,1
2127,hamstra,Old English,,1
3861,hangende,Old English,,1
4759,haven,Middle English,,1
4250,hawdd,C,,1
5425,haðel,Old English,,1
1133,head,,,1
3858,hearg,Old English,,1
1790,hearpere,Old English,,1
2536,hecen,Old English,,1
3140,heiðr,Old Norse,,1
5281,hella,Old Norse,,1
4887,hellir,Old Norse,,1
2648,hemm,Old English,,1
895,hen,C,,1
896,hen-lys,C,,1
4829,heord,Old English,,1
5419,heorð,Old English,,1
3686,here-geatu,Old English,,1
2992,heschen,C,,1
4277,heth,Middle English,,1
1006,hey,Old Norse,,1
5025,heði̯og,C,,1
5475,hicol,Old English,,1
4950,hieg,Old English,,1
3971,higera,Old English,,1
4496,hill,Old English,Personal name,1
3697,hinder,Middle English,,1
717,hjallr,Old Norse,,1
1430,hlanc,Old English,,1
3991,hleomoc,Old English,,1
751,hlimme,Old English,,1
4837,hlot,Old English,,1
1431,hlēape-wince,Old English,,1
1706,hlēow,Old English,,1
4254,hlēt,Old English,,1
3164,hlūttor,Old English,,1
3733,hnecca,Old English,,1
1989,hnoll,Old English,,1
2427,hnybba,Old English,,1
4889,hof,Old Norse,,1
4083,hofer,Old English,,1
3699,holc,Old English,,1
2313,hop,Middle English,,1
2987,hord-ærn,Old English,,1
2875,horh,Old English,,1
5114,horn,Old Norse,,1
5287,horn,Old Norse,,1
4322,horn-blāwere,Old English,,1
2267,hornede,Old English,,1
4323,hors-þegn,Old English,,1
406,horsa,Old English,,1
2252,horsc,Old English,,1
2767,horte,Old English,,1
1739,hospital,Middle English,,1
944,hrama,Old English,,1
3056,hreysi,Old Norse,,1
3765,hrif,Old English,,1
1950,hring-stede,Old English,,1
1951,hringe,Old English,,1
4062,hringr,Old Norse,,1
5331,hross,Old Norse,,1
5146,hrot,Old English,,1
2441,hrynge,Old English,,1
2299,hrægene,Old English,,1
5148,hrúðr,Old Norse,,1
2297,hrāgra,Old English,,1
4771,hrēac,Old English,,1
3754,hrēoden,Old English,,1
1938,hrēodig,Old English,,1
3471,hrōf,Old English,,1
3408,hugol,Old English,,1
5116,humli,Old Norse,,1
5117,humol,Old English,,1
5118,humul,Old Norse,,1
5120,hunda-maðr,Old Norse,,1
1068,hunda-sveinn,Old Norse,,1
1250,hungrig,Old English,,1
2335,hunte,Old English,,1
4601,huntere,Old English,,1
2129,hurð,Old English,,1
5379,hvirfill,Old Norse,,1
4675,hwippe,Old English,,1
5380,hwyrfel,Old English,,1
4509,hwǣten,Old English,,1
2540,hyles,Old English,,1
4454,hylr,Old Norse,,1
1061,hylte,Old English,,1
1658,hylu,Old English,,1
4451,hynt,C,,1
5478,hyper,Old English,,1
2543,hyrse,Old English,,1
3972,hȳr,Old English,,1
3973,hȳra,Old English,,1
4891,hár,Old Norse,,1
3982,hægstald,Old English,,1
3974,hæren,Old English,,1
1717,hǣl,Old English,,1
1718,hǣle,Old English,,1
3864,hǣlig,Old English,,1
1719,hǣlu,Old English,,1
718,hǣmed,Old English,,1
3044,hǣst,Old English,,1
2768,hǣðen,Old English,,1
2769,hǣðig,Old English,,1
4445,hǣðiht,Old English,,1
2618,hên,C,,1
1117,hóll,Old Norse,,1
4442,hām-stall,Old English,,1
4719,hārhūne,Old English,,1
3969,hāw,Old English,,1
2084,hēafod-stocc,Old English,,1
4174,hēns,Old English,,1
3454,hīce,Old English,,1
3732,hīred,Old English,,1
5389,hōpere,Old English,,1
5413,hǫrgr,Old Norse,,1
411,igil,Old English,,1
2524,imbe,Old English,,1
937,in,Latin,,1
1875,in,,,1
1876,in,,,1
1877,in,,,1
2873,in,,,1
3727,in,,,1
3997,in,,,1
4722,in,,,1
4960,in,,,1
2568,infra,Latin,,1
5485,ingel,Old English,,1
1960,intrinseca,Latin,,1
1147,jafn,Old Norse,,1
643,kapp,Old Norse,,1
2947,kartr,Old Norse,,1
3107,kati,Old Norse,,1
2950,kattar,Old Norse,,1
3951,kaupa-land,Old Norse,,1
884,ker,C,,1
2960,kerden,C,,1
3942,kers,Middle English,,1
4948,kevar,C,,1
954,kevyll,C,,1
5122,kex,Middle English,,1
4698,key,Middle English,,1
898,keyn,C,,1
1802,kiken,Middle English,,1
2954,kleif,Old Norse,,1
5428,klint,Old Norse,,1
2548,knight,Middle English,,1
4611,knot,Middle English,,1
2959,kofri,Old Norse,,1
5230,kol,Old Norse,,1
5377,kona,Old Norse,,1
3639,korpr,Old Norse,,1
3646,kringla,Old Norse,,1
5235,krá,Old Norse,,1
899,kylgh,C,,1
3413,kīs,Old Norse,,1
738,lache,Middle English,,1
4956,lacuc,Old English,,1
4703,lagge,Old English,,1
2264,lagu,Old English,,1
1008,land,Old Norse,,1
3007,land,Old Norse,,1
3810,land,Old Norse,,1
5544,land,Old Norse,,1
4184,land-riht,Old English,,1
1076,landā,C,,1
3992,lane-ende,Middle English,,1
2553,lang,Middle English,,1
3993,lang,Middle English,,1
901,lannergh,C,,1
5494,laukr,Old Norse,,1
2550,leaht,Old English,,1
2371,leahtric,Old English,,1
2276,leax,Old English,,1
4088,lei-,C,,1
3008,leira,Old Norse,,1
785,leirr,Old Norse,,1
3003,leið-gríma,Old Norse,,1
1817,leman,Middle English,,1
2868,lemo-,C,,1
1827,lencten,Old English,,1
4332,lengen,Old English,,1
5496,lette,Middle English,,1
4465,levedi,Middle English,,1
2421,lida,Old English,,1
4090,lind,Old Norse,,1
5499,lind,Old Norse,,1
1858,lisc,Old English,,1
1840,lo-dre,C,,1
1842,lobb,Old English,,1
4462,loddere,Old English,,1
920,log,C,,1
4091,loge,Middle English,,1
4259,loppe,Old English,,1
1203,lopt,Old Norse,,1
917,lost,C,,1
1067,low,,,1
2126,lumm,Old English,,1
4328,lump,Middle English,,1
919,lusow,C,,1
5306,lágr,Old Norse,,1
2273,læcen,Old English,,1
417,lætt,Old English,,1
1822,lǣcere,Old English,,1
5495,lǣd,Old English,,1
5498,lín,Old Norse,,1
3714,lïnn,C,,1
3277,ló,Old Norse,,1
3995,lúka,Old Norse,,1
237,lāc,Old English,,1
386,lāf,Old English,,1
2275,lēaden,Old English,,1
4614,lēg,Old English,,1
4699,lēode,Old English,,1
4467,lẹ̄to-,C,,1
3878,līc,Old English,,1
2488,līm,Old English,,1
2552,lōcere,Old English,,1
2628,lūs,Old English,,1
4754,lǣw,Old English,,1
1870,m(e)arn,Old English,,1
927,ma,C,,1
3014,mages,C,,1
922,magoer,C,,1
426,maiden,Middle English,,1
3441,malm,Old English,,1
5315,malmr,Old Norse,,1
5503,malr,Old Norse,,1
5020,mamme,Old English,,1
606,man-drēam,Old English,,1
4839,mandu,C,,1
3015,manslaga,Old English,,1
3016,manslagari,Old Norse,,1
3442,mare,Old English,,1
3444,mare,Old English,,1
3556,marfur,Middle English,,1
925,marghas,C,,1
2424,mattere,Old English,,1
1085,maðra,Old Norse,,1
4702,mearh,Old English,,1
115,melce,Old English,,1
5506,melt,Old English,,1
964,men,C,,1
877,menehi,C,,1
929,merther,C,,1
4778,mill,,,1
5299,mispeler,Old English,,1
2281,mistel,Old English,,1
4180,mixen,Old English,,1
5319,mjór,Old Norse,,1
2396,moel,C,,1
124,mokerer,Middle English,,1
778,molda,Old English,,1
3187,molde,Old English,,1
1672,molin,French,,1
2061,monasterium;,,,1
993,mont,French,,1
1050,mont,French,,1
3091,mont,French,,1
4335,mont,French,,1
933,mor,C,,1
4704,mort,Middle English,,1
4000,morð,Old English,,1
1091,mosi,Old Norse,,1
1075,mota,Latin,,1
4336,muddig,Old English,,1
2283,muk,Middle English,,1
3169,must,Old English,,1
4773,mylde,Old English,,1
4265,mylen-stān,Old English,,1
4094,mysni,Old Norse,,1
387,mysse,Old English,,1
4267,mȳðel,Old English,,1
5312,márr,Old Norse,,1
4470,mæddre,Old English,,1
4263,mægen,Old English,,1
2869,mægð,Old English,,1
2870,mǣgð,Old English,,1
5509,mǣnscipe,Old English,,1
996,mót,Old Norse,,1
2646,mölin,C,,1
5136,múll,Old Norse,,1
2874,māl,Old English,,1
4266,māna,Old English,,1
2142,māra,Old English,,1
2249,māwe,Old English,,1
2630,māððum,Old English,,1
2489,mīl,Old English,,1
416,mūga,Old English,,1
5135,mǣte,Old English,,1
4625,nafela,Old English,,1
781,named,Middle English,,1
903,neved,C,,1
4760,niman,Old English,,1
2775,niming,Old English,,1
5510,niðemest,Old English,,1
3735,nova,Latin,,1
910,nowydh,C,,1
5138,ná-,Old Norse,,1
5139,nár,Old Norse,,1
2556,nēat,Old English,,1
2345,nōs,Old English,,1
3176,oddr,Old Norse,,1
1904,oerddrws,C,,1
980,omni,Latin,,1
2498,onn,C,,1
4447,onnen,C,,1
3023,open,Old English,,1
4899,ormr,Old Norse,,1
1269,padde,Old English,,1
5142,pagol,Old English,,1
1806,paleis,Middle English,,1
1807,palis,Middle English,,1
3380,pamp,Old English,,1
2434,pant,C,,1
1103,papi,Old Norse,,1
4098,papol,Old English,,1
3940,park,,,1
757,pas,French,,1
2722,patte,Old English,,1
3029,pearr,Old English,,1
1450,peddere,Middle English,,1
2154,pele,Middle English,,1
261,penn,Old English,,1
438,penn,Old English,,1
1422,penn,Old English,,1
1843,penn,Old English,,1
1918,penn,Old English,,1
2430,penn,Old English,,1
2562,penn,Old English,,1
2635,penn,Old English,,1
2746,penn,Old English,,1
2766,penn,Old English,,1
2794,penn,Old English,,1
3952,penn,Old English,,1
4329,penn,Old English,,1
4340,penn,Old English,,1
5125,penn,Old English,,1
2435,pennuc,Old English,,1
2254,peren,Old English,,1
2594,peretūn,Old English,,1
561,persone,Middle English,,1
2436,picen,Old English,,1
2725,pidele,Old English,,1
3462,pinca,Old English,,1
2294,plaissiet,French,,1
1677,plat,Middle English,,1
2564,pleget,Old English,,1
1678,plot,Old English,,1
934,plu,C,,1
1922,plysc,Old English,,1
4099,plūm-trēow,Old English,,1
4768,plūm-tūn,Old English,,1
1893,point,Middle English,,1
1455,polra,Old English,,1
5519,pons,Latin,,1
894,pont,French,,1
2491,popler,Middle English,,1
688,port,,,1
1388,porth,C,,1
1291,post,Old English,,1
1915,pren,C,,1
445,prince,Middle English,,1
4345,prisc,C,,1
2295,pritol,Old English,,1
4344,prið,C,,1
5336,probably,,,1
2565,pryfet,Old English,,1
4236,prēon,Old English,,1
4728,prūme,Old English,,1
3251,puer,Latin,,1
4237,pulfre,Old English,,1
1916,pump,C,,1
4269,pusa,Old English,,1
1921,pynd,Old English,,1
3745,pæsc(e),Old English,,1
4215,píll,Old Norse,,1
443,pāwa,Old English,,1
1919,pīn,Old English,,1
4706,pīpere,Old English,,1
2782,quarriere,French,,1
3750,rake,Middle English,,1
1947,reef,,,1
4644,rendel,Old English,,1
2442,resp,Old English,,1
4013,reve,Middle English,,1
2631,rhos,C,,1
2645,rhyd,C,,1
4290,rhyn,C,,1
4700,rida,Old English,,1
4004,ridded,C,,1
2566,rimuc,Old English,,1
4641,rind,Old English,,1
5030,riscuc,Old English,,1
2882,rivere,Middle English,,1
2443,rocc,Old English,,1
947,rocher,French,,1
2444,rodd,Old English,,1
4014,rokke,Middle English,,1
5521,rond,French,,1
4015,roth,Old Norse,,1
140,rouge,French,,1
4218,round,Middle English,,1
3964,roðer,Old English,,1
946,rudh,C,,1
5334,ruð,Old Norse,,1
2829,ryde,Old English,,1
4012,ryding,Old English,,1
4646,ryð,Old Norse,,1
5524,ryðer,Old English,,1
2691,rȳhð,Old English,,1
4642,rȳmed,Old English,,1
2300,rætten,Old English,,1
83,rǣc,Old English,,1
3896,rǣdere,Old English,,1
4185,rïcc,C,,1
5210,rúm,Old Norse,,1
4347,rād,Old English,,1
4849,rād-weg,Old English,,1
807,rāp,Old English,,1
4638,rēod,Old English,,1
4157,rīðig,Old English,,1
4850,rōt,Old English,,1
5520,rǫst,Old Norse,,1
938,sabulo,Latin,,1
2308,saffroun,Middle English,,1
5525,saltere,Old English,,1
5031,salu,Old English,,1
981,sancio,Latin,,1
1287,sandig,Old English,,1
2161,sate,Old Norse,,1
3201,scanca,Old English,,1
966,scaw,C,,1
5335,sceacol,Old English,,1
5529,sceadu,Old English,,1
3204,sceafa,Old English,,1
1268,scegel,Old English,,1
2559,scell,Old English,,1
2309,sceolh,Old English,,1
2310,sceoppa,Old English,,1
291,sceota,Old English,,1
3500,sciell,Old English,,1
4348,scilig,Old English,,1
3501,scilling,Old English,,1
3929,scip,Old English,,1
3499,scite,Old English,,1
1465,scitel,Old English,,1
1965,scitere,Old English,,1
2889,scofl,Old English,,1
814,scorf,Old English,,1
3039,scot,Middle English,,1
292,scrifen,Old English,,1
4264,scrivener,Middle English,,1
4275,scrubb,Old English,,1
4017,scrēawa,Old English,,1
799,scrīc,Old English,,1
3774,sculd,Old English,,1
4349,scyl,Old English,,1
5348,scypen,Old English,,1
1468,scyte,Old English,,1
4648,scēad,Old English,,1
3202,scēað,Old English,,1
3970,scēling,Old English,,1
3192,scēp-cot,Old English,,1
3772,scēpde,Old English,,1
2786,scīd,Old English,,1
3502,scīnende,Old English,,1
4777,scīr-mann,Old English,,1
2288,scōh,Old English,,1
3040,sef,Old Norse,,1
4487,selte,Old English,,1
4780,sengel,Old English,,1
453,senget,Old English,,1
5158,seohtre,Old English,,1
455,serre,French,,1
949,sevi,C,,1
4786,sielling,Old English,,1
5344,sinder,Old English,,1
4600,sinu,Old English,,1
3485,skalli,Old Norse,,1
3483,skammr,Old Norse,,1
3498,skegg,Old Norse,,1
5066,skekill,Old Norse,,1
5165,skerpin,Old Norse,,1
5164,skip,Old Norse,,1
5341,skor,Old Norse,,1
5339,skraki,Old Norse,,1
3196,skrap,Old Norse,,1
3486,skreið,Old Norse,,1
5340,skál,Old Norse,,1
3503,skírn,Old Norse,,1
3504,skírr,Old Norse,,1
5347,skíð,Old Norse,,1
1112,skúti,Old Norse,,1
5531,slag,Old Norse,,1
4905,slefa,Old Norse,,1
4493,slind,Old English,,1
2164,sling,Old English,,1
3899,slipa,Old English,,1
3900,slipe,Middle English,,1
4021,slæf,Old English,,1
3562,slóth,Old Norse,,1
4972,slāh-þorn,Old English,,1
2450,slīm,Old English,,1
2420,slōhtre,Old English,,1
1295,smiðr,Old Norse,,1
4907,smjǫr,Old Norse,,1
4906,smǽra,Old Norse,,1
2893,snafa,Old English,,1
2892,sneare,Old English,,1
5351,snecche,Middle English,,1
5532,sneið,Old Norse,,1
5354,snigill,Old Norse,,1
4023,sniteren,Middle English,,1
566,snægl,Old English,,1
2451,snāw,Old English,,1
5534,sogh,Middle English,,1
4214,soke,Middle English,,1
251,sol,Old English,,1
2572,soppa,Old English,,1
3168,sorel,French,,1
2730,spald,Old English,,1
2772,spann,Old English,,1
4351,spearca,Old English,,1
2896,speld,Old English,,1
3901,spell,Old English,,1
5355,spenn,Old English,,1
5356,spenning,Old English,,1
5357,spenning,Old Norse,,1
3782,spic,Old English,,1
4024,spinele,Old English,,1
3047,splott,Old English,,1
821,spor,Old English,,1
5535,spot,Old English,,1
3902,sprēot,Old English,,1
822,spura,Old English,,1
1118,stafr,Old Norse,,1
4113,standard,Middle English,,1
5367,stig-weard,Old English,,1
2316,stigu,Old English,,1
3217,stofn,Old Norse,,1
4654,stofn,Old Norse,,1
2268,ston,Middle English,,1
4785,storc,Old English,,1
1980,stot,Old English,,1
956,stras,C,,1
5249,strengr,Old Norse,,1
1536,strete,Middle English,,1
3787,strump,Old English,,1
3786,strēaw,Old English,,1
2728,stybbing,Old English,,1
3049,stæg,Old English,,1
3903,stǣne,Old English,,1
2788,stǣnen,Old English,,1
3641,stígr,Old Norse,,1
828,stórr,Old Norse,,1
4657,stútr,Old Norse,,1
4783,stēda,Old English,,1
4115,stīg-rāp,Old English,,1
4279,stōdere,Old English,,1
2642,sugga,Old English,,1
4854,sulig,Old English,,1
2172,sumor-hūs,Old English,,1
4781,sumpt,Old English,,1
2899,sundor,Old English,,1
3531,sundri,Old Norse,,1
5360,sveinn,Old Norse,,1
3220,sviðinn,Old Norse,,1
3527,swalg,Old English,,1
2575,sweard,Old English,,1
2790,swelgend,Old English,,1
5168,swin,Old English,,1
4026,swēte,Old English,,1
4855,sylig,Old English,,1
5345,syndri,Old Norse,,1
5556,sæl,Old English,,1
4196,sænget,Old English,,1
3524,sútari,Old Norse,,1
1179,sīde,Old English,,1
1199,sīde,Old English,,1
1883,sīde,Old English,,1
2091,sīde,Old English,,1
2453,sīde,Old English,,1
2891,sīde,Old English,,1
3019,sīde,Old English,,1
3967,sīde,Old English,,1
4883,sīde,Old English,,1
5283,sīde,Old English,,1
5477,sīde,Old English,,1
5493,sīde,Old English,,1
5548,sīde,Old English,,1
2787,sīpe,Old English,,1
2139,sōfte,Old English,,1
4280,sōg,Old English,,1
5533,sōt,Old English,,1
3523,sūr,Old English,,1
3525,sūtere,Old English,,1
3780,sūðerne,Old English,,1
960,tagell,C,,1
1302,tak,Middle English,,1
3913,ti,Old English,,1
303,tigel,Old English,,1
3544,timbær,Old Norse,,1
2644,titta,Old English,,1
970,tiʒ,C,,1
3197,toft,Old Norse,,1
4620,toft,Old Norse,,1
5369,tolnere,Old English,,1
4788,tord,Old English,,1
3053,torf,Old Norse,,1
4195,tote,Middle English,,1
1912,trente,French,,1
2459,trind,Old English,,1
3807,tronchet,French,,1
1126,trough,,,1
1312,trun,Old English,,1
969,try-,C,,1
4790,træd,Old English,,1
4296,træppe,Old English,,1
971,trêth,C,,1
3808,trūm,C,,1
1309,trūs,Old English,,1
4981,tull,C,,1
2326,twigen,Old English,,1
2465,twigge,Old English,,1
2327,twinn,Old English,,1
845,twēgen,Old English,,1
5464,tymbel,Old English,,1
2319,tynder,Old English,,1
3983,tyri,Old Norse,,1
2012,tyrl,Old English,,1
846,tȳdring,Old English,,1
4357,tæfle,Old English,,1
2902,tær,Old English,,1
4818,tǣcels,Old English,,1
3909,tǣcne,Old English,,1
3794,tǣse,Old English,,1
4281,tǣsel,Old English,,1
787,tírim,C,,1
1472,tēn,Old English,,1
2518,tīedre,Old English,,1
2257,tīege,Old English,,1
4183,tōh,Old English,,1
3809,tūn-stede,Old English,,1
2005,tūnincel,Old English,,1
2006,tȳnincel,Old English,,1
2763,ulm,Old English,,1
4034,unþanc,Old English,,1
4655,upland,Middle English,,1
5073,upp,Old Norse,,1
5302,upp,Old Norse,,1
5374,upp,Old Norse,,1
5375,upp,Old Norse,,1
5376,upp,Old Norse,,1
4360,uppan,Old English,,1
2584,u̥entā,C,,1
1694,u̯ariā,C,,1
854,u̯erno-,C,,1
5328,val,French,,1
5311,vallem,Latin,,1
3279,vedeir,French,,1
1130,veiðr,Old Norse,,1
4216,vengi,Old Norse,,1
1232,verk,Old Norse,,1
5557,veðr,Old Norse,,1
2020,vikere,Middle English,,1
2989,við,Old Norse,,1
3570,vrengill,Old Norse,,1
4912,vátr,Old Norse,,1
5184,vǽtt-vangr,Old Norse,,1
4916,víðir,Old Norse,,1
5505,vǫllr,Old Norse,,1
4913,vǫrthr,Old Norse,,1
2255,wacol,Old English,,1
5180,wagen,Old English,,1
2700,walc,Old English,,1
4130,walcere,Old English,,1
4131,wallen,Middle English,,1
2022,walt,Old English,,1
4669,wang,Old English,,1
972,war,C,,1
4671,wareine,Middle English,,1
3811,watel,Old English,,1
4171,water,Middle English,,1
4198,water,Middle English,,1
4199,water,Middle English,,1
4863,water,Middle English,,1
5220,wath,Middle English,,1
4507,weard-setl,Old English,,1
2078,wearg-rōd,Old English,,1
5179,wearr,Old English,,1
849,wellere,Old English,,1
2734,welm,Old English,,1
4288,wemm,Old English,,1
3079,weorod,Old English,,1
2253,wereð,Old English,,1
2468,westerne,Old English,,1
4801,westmest,Old English,,1
1140,whin,Middle English,,1
2073,widuwe,Old English,,1
2069,wierde,Old English,,1
856,wifer,Old English,,1
2329,wilcuma,Old English,,1
860,wilde-bār,Old English,,1
2064,wise,Old English,,1
3565,wisp,Old English,,1
585,wisse,Old English,,1
2897,wið-ūtan,Old English,,1
3070,wlïb,C,,1
4390,woodland,Old English,Personal name,1
4469,woodland,Old English,Personal name,1
2347,wrabb,Old English,,1
4217,wrang,Old English,,1
4011,wrecca,Old English,,1
3571,wrengel,Old English,,1
4683,wride,Old English,,1
186,wræstan,Old English,,1
5190,wrǣsel,Old English,,1
4639,wrēode,Old English,,1
5513,wrīdels,Old English,,1
3573,wrōt,Old English,,1
4682,wulf-pytt,Old English,,1
2496,wull,Old English,,1
3078,wyrhta,Old English,,1
4985,wyrt-tūn,Old English,,1
1483,wæferce,Old English,,1
2976,wæl,Old English,,1
4508,wæter-fall,Old English,,1
4364,wǣðe-mann,Old English,,1
486,wāg,Old English,,1
1136,wēod,Old English,,1
4994,wīg,C,,1
5038,wīg,C,,1
4365,wōcig,Old English,,1
4366,wōr,Old English,,1
4864,wǣt,Old English,,1
4833,ylme,Old English,,1
3871,yrðling,Old English,,1
1504,Æffa,Old English,,1
2525,Ægen,Old English,,1
4371,Ælfrēd,Old English,,1
1511,Ælfrīc,Old English,,1
1502,Ælfrūn,Old English,,1
1503,Ælfrūn,Old English,Personal name,1
1526,Æsca,Old English,,1
1509,Æðelgifu,Old English,Personal name,1
1528,Æðelhelm,Old English,,1
3256,áll,Old Norse,,1
2915,æcern,Old English,,1
1247,æfēsn,Old English,,1
2125,æpplen,Old English,,1
1457,ærne,Old English,,1
3588,æsc-mann,Old English,,1
368,ǣcen,Old English,,1
4,ǣmette,Old English,,1
5026,ïd,C,,1
4789,þaca,Old English,,1
3910,þegn,Old English,,1
842,þengel,Old English,,1
2108,þicce,Old English,,1
4659,þing,Old Norse,,1
835,þing-vǫllr,Old Norse,,1
5161,þorn,Old Norse,,1
5202,þorn,Old Norse,,1
5236,þorn,Old Norse,,1
5516,þorn,Old Norse,,1
5542,þorn,Old Norse,,1
832,þorpere,Old English,,1
5543,þresc,Old English,,1
5363,þresk,Old Norse,,1
4661,þriðing,Old English,,1
1477,þryscele,Old English,,1
5173,þvengr,Old Norse,,1
5174,þweng,Old English,,1
2003,þyrnet,Old English,,1
4029,þyrning,Old English,,1
3804,þyrs,Old English,,1
4193,þūma,Old English,,1
324,ācen,Old English,,1
2591,ācweorna,Old English,,1
3232,ān-lipig,Old English,,1
4805,ān-setl,Old English,,1
2487,āst,Old English,,1
1330,āwel,Old English,,1
1792,Ēadbeorht,Old English,,1
240,Ēadgifu,Old English,,1
1714,Ēadmund,Old English,,1
1713,Ēadmōd,Old English,,1
4064,Ēadweald,Old English,,1
1721,Ēana,Old English,,1
1500,Ēata,Old English,,1
1146,ēa-mōt,Old English,,1
2798,ēaren,Old English,,1
4737,ēasterra,Old English,,1
2111,ēde-mann,Old English,,1
4040,ēgor,Old English,,1
4941,ēðe,Old English,,1
5482,īdel,Old English,,1
4766,īegeð,Old English,,1
2904,īfede,Old English,,1
1901,Ōsmund,Old English,,1
1899,Ōswald,Old English,,1
5491,ōr-blāwere,Old English,,1
4628,ūf,Old English,,1
3708,ūterra,Old English,,1
