TOWN NAME,SIZE FLAG,REGION/COUNTRY,WORKPLACE FLAG,INCOME FLAG,COASTAL CLASSIFICATION,Population
Carlton in Lindrick,Small,East Midlands,Residential,High Deprivation,Smaller non-coastal towns ,"{'2001': np.int64(5764), '2002': np.int64(5712), '2003': np.int64(5728), '2004': np.int64(5678), '2005': np.int64(5646), '2006': np.int64(5666), '2007': np.int64(5649), '2008': np.int64(5611), '2009': np.int64(5564), '2010': np.int64(5491), '2011': np.int64(5454), '2012': np.int64(5425), '2013': np.int64(5466), '2014': np.int64(5475), '2015': np.int64(5465), '2016': np.int64(5445), '2017': np.int64(5437), '2018': np.int64(5440), '2019': np.int64(5454)}"
Dorchester (West Dorset),Small,South West,Working,Middle Deprivation,Smaller non-coastal towns ,"{'2001': np.int64(16267), '2002': np.int64(16742), '2003': np.int64(17106), '2004': np.int64(17313), '2005': np.int64(17510), '2006': np.int64(17829), '2007': np.int64(18123), '2008': np.int64(18367), '2009': np.int64(18540), '2010': np.int64(18773), '2011': np.int64(19031), '2012': np.int64(19152), '2013': np.int64(19521), '2014': np.int64(19633), '2015': np.int64(19750), '2016': np.int64(20254), '2017': np.int64(20633), '2018': np.int64(21082), '2019': np.int64(21438)}"
Ely,Small,East of England,Working,Low Deprivation,Smaller non-coastal towns ,"{'2001': np.int64(14009), '2002': np.int64(14803), '2003': np.int64(15863), '2004': np.int64(15954), '2005': np.int64(16634), '2006': np.int64(17153), '2007': np.int64(17694), '2008': np.int64(18107), '2009': np.int64(18605), '2010': np.int64(18849), '2011': np.int64(19270), '2012': np.int64(19591), '2013': np.int64(19543), '2014': np.int64(19948), '2015': np.int64(20053), '2016': np.int64(20144), '2017': np.int64(20255), '2018': np.int64(20321), '2019': np.int64(20330)}"
Market Weighton,Small,Yorkshire and The Humber,Residential,Low Deprivation,Smaller non-coastal towns ,"{'2001': np.int64(5242), '2002': np.int64(5505), '2003': np.int64(5623), '2004': np.int64(5740), '2005': np.int64(5851), '2006': np.int64(5993), '2007': np.int64(6025), '2008': np.int64(6209), '2009': np.int64(6235), '2010': np.int64(6344), '2011': np.int64(6456), '2012': np.int64(6647), '2013': np.int64(6711), '2014': np.int64(6821), '2015': np.int64(6933), '2016': np.int64(7061), '2017': np.int64(7177), '2018': np.int64(7198), '2019': np.int64(7332)}"
Downham Market,Small,East of England,Residential,High Deprivation,Smaller non-coastal towns ,"{'2001': np.int64(7578), '2002': np.int64(8043), '2003': np.int64(8331), '2004': np.int64(8823), '2005': np.int64(9136), '2006': np.int64(9512), '2007': np.int64(9927), '2008': np.int64(10220), '2009': np.int64(10377), '2010': np.int64(10634), '2011': np.int64(10882), '2012': np.int64(10974), '2013': np.int64(11192), '2014': np.int64(11349), '2015': np.int64(11650), '2016': np.int64(11841), '2017': np.int64(11937), '2018': np.int64(11871), '2019': np.int64(11910)}"
Penrith,Small,North West,Working,Low Deprivation,Smaller non-coastal towns ,"{'2001': np.int64(14431), '2002': np.int64(14447), '2003': np.int64(14623), '2004': np.int64(14525), '2005': np.int64(14571), '2006': np.int64(14745), '2007': np.int64(14760), '2008': np.int64(14833), '2009': np.int64(14926), '2010': np.int64(15087), '2011': np.int64(15172), '2012': np.int64(15232), '2013': np.int64(15267), '2014': np.int64(15287), '2015': np.int64(15324), '2016': np.int64(15376), '2017': np.int64(15494), '2018': np.int64(15542), '2019': np.int64(15880)}"
Bolsover,Small,East Midlands,Residential,High Deprivation,Smaller non-coastal towns ,"{'2001': np.int64(11637), '2002': np.int64(11708), '2003': np.int64(11657), '2004': np.int64(11741), '2005': np.int64(11748), '2006': np.int64(11791), '2007': np.int64(11878), '2008': np.int64(11779), '2009': np.int64(11770), '2010': np.int64(11827), '2011': np.int64(11767), '2012': np.int64(12002), '2013': np.int64(12042), '2014': np.int64(12104), '2015': np.int64(12052), '2016': np.int64(12019), '2017': np.int64(12014), '2018': np.int64(11984), '2019': np.int64(11996)}"
March,Medium,East of England,Residential,High Deprivation,Larger non-coastal towns,"{'2001': np.int64(18024), '2002': np.int64(18350), '2003': np.int64(18863), '2004': np.int64(19185), '2005': np.int64(19483), '2006': np.int64(19907), '2007': np.int64(20371), '2008': np.int64(20717), '2009': np.int64(20881), '2010': np.int64(21054), '2011': np.int64(21078), '2012': np.int64(21084), '2013': np.int64(21174), '2014': np.int64(21300), '2015': np.int64(21426), '2016': np.int64(21489), '2017': np.int64(21669), '2018': np.int64(21797), '2019': np.int64(21768)}"
Southam,Small,West Midlands,Working,Low Deprivation,Smaller non-coastal towns ,"{'2001': np.int64(6532), '2002': np.int64(6558), '2003': np.int64(6522), '2004': np.int64(6496), '2005': np.int64(6563), '2006': np.int64(6582), '2007': np.int64(6600), '2008': np.int64(6604), '2009': np.int64(6519), '2010': np.int64(6531), '2011': np.int64(6571), '2012': np.int64(6581), '2013': np.int64(6542), '2014': np.int64(6529), '2015': np.int64(6493), '2016': np.int64(6531), '2017': np.int64(6633), '2018': np.int64(6842), '2019': np.int64(7098)}"
Royston,Small,East of England,Working,Low Deprivation,Smaller non-coastal towns ,"{'2001': np.int64(14660), '2002': np.int64(14730), '2003': np.int64(14940), '2004': np.int64(15038), '2005': np.int64(15187), '2006': np.int64(15349), '2007': np.int64(15406), '2008': np.int64(15473), '2009': np.int64(15662), '2010': np.int64(15799), '2011': np.int64(15859), '2012': np.int64(15896), '2013': np.int64(16036), '2014': np.int64(16308), '2015': np.int64(16409), '2016': np.int64(16625), '2017': np.int64(16911), '2018': np.int64(16949), '2019': np.int64(17042)}"
Studley,Small,West Midlands,Working,Low Deprivation,Smaller non-coastal towns ,"{'2001': np.int64(6236), '2002': np.int64(6328), '2003': np.int64(6274), '2004': np.int64(6195), '2005': np.int64(6167), '2006': np.int64(6156), '2007': np.int64(6176), '2008': np.int64(6208), '2009': np.int64(6193), '2010': np.int64(6232), '2011': np.int64(6202), '2012': np.int64(6147), '2013': np.int64(6066), '2014': np.int64(6152), '2015': np.int64(6191), '2016': np.int64(6126), '2017': np.int64(6037), '2018': np.int64(6150), '2019': np.int64(6248)}"
Irthlingborough,Small,East Midlands,Residential,Middle Deprivation,Smaller non-coastal towns ,"{'2001': np.int64(6192), '2002': np.int64(6379), '2003': np.int64(6534), '2004': np.int64(6680), '2005': np.int64(6855), '2006': np.int64(7119), '2007': np.int64(7343), '2008': np.int64(7349), '2009': np.int64(7436), '2010': np.int64(7503), '2011': np.int64(7523), '2012': np.int64(7576), '2013': np.int64(7642), '2014': np.int64(7803), '2015': np.int64(7915), '2016': np.int64(8101), '2017': np.int64(8130), '2018': np.int64(8109), '2019': np.int64(8142)}"
Freshwater,Small,South East,Residential,High Deprivation,Smaller seaside towns ,"{'2001': np.int64(7886), '2002': np.int64(7846), '2003': np.int64(7839), '2004': np.int64(7966), '2005': np.int64(8014), '2006': np.int64(7976), '2007': np.int64(7951), '2008': np.int64(7996), '2009': np.int64(7937), '2010': np.int64(7938), '2011': np.int64(7832), '2012': np.int64(7870), '2013': np.int64(7770), '2014': np.int64(7741), '2015': np.int64(7730), '2016': np.int64(7799), '2017': np.int64(7827), '2018': np.int64(7938), '2019': np.int64(7928)}"
Barnoldswick,Small,North West,Mixed,Middle Deprivation,Smaller non-coastal towns ,"{'2001': np.int64(10491), '2002': np.int64(10444), '2003': np.int64(10516), '2004': np.int64(10482), '2005': np.int64(10440), '2006': np.int64(10498), '2007': np.int64(10312), '2008': np.int64(10384), '2009': np.int64(10462), '2010': np.int64(10485), '2011': np.int64(10444), '2012': np.int64(10436), '2013': np.int64(10554), '2014': np.int64(10474), '2015': np.int64(10401), '2016': np.int64(10373), '2017': np.int64(10241), '2018': np.int64(10271), '2019': np.int64(10362)}"
Wirksworth,Small,East Midlands,Residential,Middle Deprivation,Smaller non-coastal towns ,"{'2001': np.int64(4944), '2002': np.int64(4995), '2003': np.int64(5072), '2004': np.int64(5103), '2005': np.int64(5013), '2006': np.int64(4991), '2007': np.int64(4939), '2008': np.int64(4965), '2009': np.int64(5017), '2010': np.int64(5023), '2011': np.int64(5034), '2012': np.int64(5090), '2013': np.int64(5144), '2014': np.int64(5145), '2015': np.int64(5133), '2016': np.int64(5099), '2017': np.int64(5093), '2018': np.int64(5140), '2019': np.int64(5180)}"
Dalton-in-Furness,Small,North West,Residential,Middle Deprivation,Smaller non-coastal towns ,"{'2001': np.int64(8067), '2002': np.int64(8012), '2003': np.int64(7955), '2004': np.int64(7957), '2005': np.int64(8026), '2006': np.int64(7951), '2007': np.int64(7957), '2008': np.int64(7955), '2009': np.int64(7878), '2010': np.int64(7827), '2011': np.int64(7838), '2012': np.int64(7784), '2013': np.int64(7805), '2014': np.int64(7762), '2015': np.int64(7700), '2016': np.int64(7632), '2017': np.int64(7577), '2018': np.int64(7507), '2019': np.int64(7424)}"
Bedlington,Small,North East,Residential,High Deprivation,Smaller non-coastal towns ,"{'2001': np.int64(16326), '2002': np.int64(16533), '2003': np.int64(16768), '2004': np.int64(16803), '2005': np.int64(16966), '2006': np.int64(17000), '2007': np.int64(16952), '2008': np.int64(16908), '2009': np.int64(16900), '2010': np.int64(16906), '2011': np.int64(16943), '2012': np.int64(16967), '2013': np.int64(16957), '2014': np.int64(16894), '2015': np.int64(16829), '2016': np.int64(16831), '2017': np.int64(16987), '2018': np.int64(16963), '2019': np.int64(17081)}"
Brigg,Small,Yorkshire and The Humber,Working,High Deprivation,Smaller non-coastal towns ,"{'2001': np.int64(5779), '2002': np.int64(5901), '2003': np.int64(6099), '2004': np.int64(6277), '2005': np.int64(6430), '2006': np.int64(6420), '2007': np.int64(6497), '2008': np.int64(6683), '2009': np.int64(6737), '2010': np.int64(6741), '2011': np.int64(6792), '2012': np.int64(6745), '2013': np.int64(6823), '2014': np.int64(6838), '2015': np.int64(6764), '2016': np.int64(6880), '2017': np.int64(6872), '2018': np.int64(6897), '2019': np.int64(6845)}"
Widnes,Medium,North West,Mixed,High Deprivation,Larger non-coastal towns,"{'2001': np.int64(55967), '2002': np.int64(56259), '2003': np.int64(56681), '2004': np.int64(57292), '2005': np.int64(57712), '2006': np.int64(58392), '2007': np.int64(58991), '2008': np.int64(59749), '2009': np.int64(60221), '2010': np.int64(60857), '2011': np.int64(61461), '2012': np.int64(61569), '2013': np.int64(61916), '2014': np.int64(62445), '2015': np.int64(62759), '2016': np.int64(63079), '2017': np.int64(63365), '2018': np.int64(63829), '2019': np.int64(64568)}"
Hethersett,Small,East of England,Residential,Low Deprivation,Smaller non-coastal towns ,"{'2001': np.int64(5255), '2002': np.int64(5176), '2003': np.int64(5167), '2004': np.int64(5179), '2005': np.int64(5175), '2006': np.int64(5224), '2007': np.int64(5277), '2008': np.int64(5416), '2009': np.int64(5437), '2010': np.int64(5550), '2011': np.int64(5532), '2012': np.int64(5501), '2013': np.int64(5534), '2014': np.int64(5607), '2015': np.int64(5617), '2016': np.int64(5653), '2017': np.int64(5828), '2018': np.int64(5987), '2019': np.int64(5942)}"
Coningsby Airfield,Small,East Midlands,Mixed,Middle Deprivation,Smaller non-coastal towns ,"{'2001': np.int64(3767), '2002': np.int64(3882), '2003': np.int64(4010), '2004': np.int64(4178), '2005': np.int64(4460), '2006': np.int64(4641), '2007': np.int64(5007), '2008': np.int64(5080), '2009': np.int64(5203), '2010': np.int64(5310), '2011': np.int64(5193), '2012': np.int64(5312), '2013': np.int64(5427), '2014': np.int64(5532), '2015': np.int64(5600), '2016': np.int64(5685), '2017': np.int64(5708), '2018': np.int64(5785), '2019': np.int64(5919)}"
Amble,Small,North East,Residential,High Deprivation,Smaller seaside towns ,"{'2001': np.int64(6067), '2002': np.int64(6073), '2003': np.int64(6108), '2004': np.int64(6086), '2005': np.int64(6049), '2006': np.int64(6071), '2007': np.int64(6081), '2008': np.int64(6059), '2009': np.int64(6072), '2010': np.int64(6063), '2011': np.int64(6010), '2012': np.int64(5937), '2013': np.int64(5969), '2014': np.int64(5903), '2015': np.int64(5873), '2016': np.int64(5925), '2017': np.int64(5943), '2018': np.int64(6063), '2019': np.int64(6103)}"
Skelton (Redcar and Cleveland),Small,North East,Residential,High Deprivation,Smaller non-coastal towns ,"{'2001': np.int64(5456), '2002': np.int64(5647), '2003': np.int64(5705), '2004': np.int64(5785), '2005': np.int64(5962), '2006': np.int64(6123), '2007': np.int64(6354), '2008': np.int64(6412), '2009': np.int64(6444), '2010': np.int64(6455), '2011': np.int64(6515), '2012': np.int64(6524), '2013': np.int64(6564), '2014': np.int64(6426), '2015': np.int64(6665), '2016': np.int64(6747), '2017': np.int64(6845), '2018': np.int64(6970), '2019': np.int64(6904)}"
Seaford,Medium,South East,Residential,Middle Deprivation,Larger seaside towns,"{'2001': np.int64(21799), '2002': np.int64(21948), '2003': np.int64(22078), '2004': np.int64(22177), '2005': np.int64(21991), '2006': np.int64(22023), '2007': np.int64(22107), '2008': np.int64(22134), '2009': np.int64(22300), '2010': np.int64(22533), '2011': np.int64(22556), '2012': np.int64(22654), '2013': np.int64(22963), '2014': np.int64(23236), '2015': np.int64(23348), '2016': np.int64(23574), '2017': np.int64(23463), '2018': np.int64(23503), '2019': np.int64(23601)}"
Ryhill,Small,Yorkshire and The Humber,Residential,High Deprivation,Smaller non-coastal towns ,"{'2001': np.int64(4758), '2002': np.int64(4893), '2003': np.int64(4993), '2004': np.int64(5009), '2005': np.int64(5085), '2006': np.int64(5169), '2007': np.int64(5174), '2008': np.int64(5178), '2009': np.int64(5196), '2010': np.int64(5175), '2011': np.int64(5161), '2012': np.int64(5154), '2013': np.int64(5217), '2014': np.int64(5285), '2015': np.int64(5308), '2016': np.int64(5359), '2017': np.int64(5341), '2018': np.int64(5356), '2019': np.int64(5360)}"
Budleigh Salterton,Small,South West,Residential,Low Deprivation,Smaller seaside towns ,"{'2001': np.int64(4840), '2002': np.int64(4812), '2003': np.int64(4807), '2004': np.int64(4828), '2005': np.int64(4964), '2006': np.int64(4990), '2007': np.int64(5029), '2008': np.int64(5115), '2009': np.int64(5154), '2010': np.int64(5140), '2011': np.int64(5184), '2012': np.int64(5174), '2013': np.int64(5136), '2014': np.int64(5167), '2015': np.int64(5217), '2016': np.int64(5240), '2017': np.int64(5254), '2018': np.int64(5284), '2019': np.int64(5379)}"
Great Dunmow,Small,East of England,Mixed,Low Deprivation,Smaller non-coastal towns ,"{'2001': np.int64(6023), '2002': np.int64(6013), '2003': np.int64(6223), '2004': np.int64(6301), '2005': np.int64(6587), '2006': np.int64(6866), '2007': np.int64(7082), '2008': np.int64(7311), '2009': np.int64(7453), '2010': np.int64(7642), '2011': np.int64(7767), '2012': np.int64(7906), '2013': np.int64(8043), '2014': np.int64(8206), '2015': np.int64(8258), '2016': np.int64(8429), '2017': np.int64(8493), '2018': np.int64(8564), '2019': np.int64(9006)}"
Wideopen,Small,North East,Mixed,Middle Deprivation,Smaller non-coastal towns ,"{'2001': np.int64(9021), '2002': np.int64(8989), '2003': np.int64(8926), '2004': np.int64(8945), '2005': np.int64(9006), '2006': np.int64(8937), '2007': np.int64(8912), '2008': np.int64(8898), '2009': np.int64(8895), '2010': np.int64(8939), '2011': np.int64(8967), '2012': np.int64(9059), '2013': np.int64(8998), '2014': np.int64(9066), '2015': np.int64(9233), '2016': np.int64(9337), '2017': np.int64(9467), '2018': np.int64(9659), '2019': np.int64(9815)}"
Frodsham,Small,North West,Residential,Low Deprivation,Smaller non-coastal towns ,"{'2001': np.int64(8969), '2002': np.int64(8968), '2003': np.int64(8936), '2004': np.int64(8817), '2005': np.int64(8801), '2006': np.int64(8880), '2007': np.int64(8973), '2008': np.int64(9027), '2009': np.int64(8995), '2010': np.int64(9007), '2011': np.int64(9031), '2012': np.int64(9108), '2013': np.int64(9105), '2014': np.int64(9147), '2015': np.int64(9253), '2016': np.int64(9262), '2017': np.int64(9227), '2018': np.int64(9202), '2019': np.int64(9074)}"
Rothwell,Small,East Midlands,Residential,High Deprivation,Smaller non-coastal towns ,"{'2001': np.int64(7172), '2002': np.int64(7128), '2003': np.int64(7188), '2004': np.int64(7226), '2005': np.int64(7226), '2006': np.int64(7273), '2007': np.int64(7445), '2008': np.int64(7505), '2009': np.int64(7611), '2010': np.int64(7691), '2011': np.int64(7706), '2012': np.int64(7706), '2013': np.int64(7792), '2014': np.int64(7874), '2015': np.int64(7938), '2016': np.int64(8117), '2017': np.int64(8169), '2018': np.int64(8204), '2019': np.int64(8213)}"
Chard,Small,South West,Mixed,High Deprivation,Smaller non-coastal towns ,"{'2001': np.int64(12043), '2002': np.int64(12110), '2003': np.int64(12169), '2004': np.int64(12564), '2005': np.int64(12627), '2006': np.int64(12790), '2007': np.int64(12889), '2008': np.int64(13003), '2009': np.int64(13057), '2010': np.int64(13090), '2011': np.int64(13116), '2012': np.int64(13163), '2013': np.int64(13362), '2014': np.int64(13415), '2015': np.int64(13611), '2016': np.int64(13722), '2017': np.int64(13784), '2018': np.int64(13868), '2019': np.int64(13873)}"
Hook (Hart),Small,South East,Working,Low Deprivation,Smaller non-coastal towns ,"{'2001': np.int64(6914), '2002': np.int64(6920), '2003': np.int64(6950), '2004': np.int64(7140), '2005': np.int64(7366), '2006': np.int64(7494), '2007': np.int64(7810), '2008': np.int64(7906), '2009': np.int64(7948), '2010': np.int64(7992), '2011': np.int64(7945), '2012': np.int64(7949), '2013': np.int64(7883), '2014': np.int64(7984), '2015': np.int64(7993), '2016': np.int64(8071), '2017': np.int64(8057), '2018': np.int64(8019), '2019': np.int64(8205)}"
Rainworth,Small,East Midlands,Residential,High Deprivation,Smaller non-coastal towns ,"{'2001': np.int64(7866), '2002': np.int64(7810), '2003': np.int64(7779), '2004': np.int64(7852), '2005': np.int64(7832), '2006': np.int64(7840), '2007': np.int64(7819), '2008': np.int64(7826), '2009': np.int64(7791), '2010': np.int64(7740), '2011': np.int64(7697), '2012': np.int64(7682), '2013': np.int64(7779), '2014': np.int64(7862), '2015': np.int64(8012), '2016': np.int64(8030), '2017': np.int64(8108), '2018': np.int64(8197), '2019': np.int64(8252)}"
Beverley,Medium,Yorkshire and The Humber,Working,Low Deprivation,Larger non-coastal towns,"{'2001': np.int64(29172), '2002': np.int64(29452), '2003': np.int64(29539), '2004': np.int64(29856), '2005': np.int64(30098), '2006': np.int64(30126), '2007': np.int64(30147), '2008': np.int64(30145), '2009': np.int64(30312), '2010': np.int64(30426), '2011': np.int64(30621), '2012': np.int64(30553), '2013': np.int64(30609), '2014': np.int64(30750), '2015': np.int64(30587), '2016': np.int64(30779), '2017': np.int64(30964), '2018': np.int64(31116), '2019': np.int64(31130)}"
Haverhill,Medium,East of England,Mixed,Middle Deprivation,Larger non-coastal towns,"{'2001': np.int64(22187), '2002': np.int64(22702), '2003': np.int64(23199), '2004': np.int64(23534), '2005': np.int64(23929), '2006': np.int64(24628), '2007': np.int64(25026), '2008': np.int64(25644), '2009': np.int64(26112), '2010': np.int64(26559), '2011': np.int64(27145), '2012': np.int64(27072), '2013': np.int64(27201), '2014': np.int64(27362), '2015': np.int64(27423), '2016': np.int64(27517), '2017': np.int64(27747), '2018': np.int64(27503), '2019': np.int64(27481)}"
St Leonards,Small,South West,Residential,Low Deprivation,Smaller non-coastal towns ,"{'2001': np.int64(5844), '2002': np.int64(5812), '2003': np.int64(5943), '2004': np.int64(5915), '2005': np.int64(5902), '2006': np.int64(5982), '2007': np.int64(6008), '2008': np.int64(6006), '2009': np.int64(6009), '2010': np.int64(6033), '2011': np.int64(5983), '2012': np.int64(5986), '2013': np.int64(6033), '2014': np.int64(5992), '2015': np.int64(6078), '2016': np.int64(6054), '2017': np.int64(6156), '2018': np.int64(6183), '2019': np.int64(6233)}"
Upton (Wakefield),Small,Yorkshire and The Humber,Residential,High Deprivation,Smaller non-coastal towns ,"{'2001': np.int64(6077), '2002': np.int64(5987), '2003': np.int64(5968), '2004': np.int64(6061), '2005': np.int64(6096), '2006': np.int64(6102), '2007': np.int64(6061), '2008': np.int64(6045), '2009': np.int64(5984), '2010': np.int64(5919), '2011': np.int64(5877), '2012': np.int64(5983), '2013': np.int64(6063), '2014': np.int64(6011), '2015': np.int64(6060), '2016': np.int64(6090), '2017': np.int64(6183), '2018': np.int64(6245), '2019': np.int64(6374)}"
Wincanton,Small,South West,Working,Middle Deprivation,Smaller non-coastal towns ,"{'2001': np.int64(4877), '2002': np.int64(4891), '2003': np.int64(4972), '2004': np.int64(4982), '2005': np.int64(5065), '2006': np.int64(5156), '2007': np.int64(5232), '2008': np.int64(5265), '2009': np.int64(5275), '2010': np.int64(5345), '2011': np.int64(5457), '2012': np.int64(5635), '2013': np.int64(5779), '2014': np.int64(5863), '2015': np.int64(5978), '2016': np.int64(6142), '2017': np.int64(6213), '2018': np.int64(6243), '2019': np.int64(6312)}"
Chinnor,Small,South East,Residential,Low Deprivation,Smaller non-coastal towns ,"{'2001': np.int64(5420), '2002': np.int64(5559), '2003': np.int64(5440), '2004': np.int64(5433), '2005': np.int64(5429), '2006': np.int64(5421), '2007': np.int64(5398), '2008': np.int64(5440), '2009': np.int64(5493), '2010': np.int64(5459), '2011': np.int64(5480), '2012': np.int64(5478), '2013': np.int64(5509), '2014': np.int64(5553), '2015': np.int64(5593), '2016': np.int64(5623), '2017': np.int64(5618), '2018': np.int64(5616), '2019': np.int64(5782)}"
Thurcroft,Small,Yorkshire and The Humber,Residential,High Deprivation,Smaller non-coastal towns ,"{'2001': np.int64(4723), '2002': np.int64(4777), '2003': np.int64(4893), '2004': np.int64(4886), '2005': np.int64(4940), '2006': np.int64(4965), '2007': np.int64(4964), '2008': np.int64(4957), '2009': np.int64(5006), '2010': np.int64(5007), '2011': np.int64(5114), '2012': np.int64(5020), '2013': np.int64(4986), '2014': np.int64(5011), '2015': np.int64(5192), '2016': np.int64(5271), '2017': np.int64(5528), '2018': np.int64(5756), '2019': np.int64(5874)}"
Exmouth,Medium,South West,Residential,Middle Deprivation,Larger seaside towns,"{'2001': np.int64(32989), '2002': np.int64(33237), '2003': np.int64(33362), '2004': np.int64(33524), '2005': np.int64(33743), '2006': np.int64(33892), '2007': np.int64(34202), '2008': np.int64(34337), '2009': np.int64(34161), '2010': np.int64(34370), '2011': np.int64(34533), '2012': np.int64(34697), '2013': np.int64(34914), '2014': np.int64(35241), '2015': np.int64(35190), '2016': np.int64(35311), '2017': np.int64(35438), '2018': np.int64(35632), '2019': np.int64(35727)}"
Bolton-le-Sands,Small,North West,Residential,Low Deprivation,Smaller non-coastal towns ,"{'2001': np.int64(7045), '2002': np.int64(7081), '2003': np.int64(7102), '2004': np.int64(7056), '2005': np.int64(7018), '2006': np.int64(6983), '2007': np.int64(7026), '2008': np.int64(7006), '2009': np.int64(6964), '2010': np.int64(6958), '2011': np.int64(6977), '2012': np.int64(6966), '2013': np.int64(6893), '2014': np.int64(6894), '2015': np.int64(6957), '2016': np.int64(6987), '2017': np.int64(6973), '2018': np.int64(6975), '2019': np.int64(6905)}"
Crediton,Small,South West,Working,Middle Deprivation,Smaller non-coastal towns ,"{'2001': np.int64(7140), '2002': np.int64(7292), '2003': np.int64(7389), '2004': np.int64(7333), '2005': np.int64(7350), '2006': np.int64(7315), '2007': np.int64(7392), '2008': np.int64(7517), '2009': np.int64(7560), '2010': np.int64(7761), '2011': np.int64(7859), '2012': np.int64(7907), '2013': np.int64(7862), '2014': np.int64(8004), '2015': np.int64(7962), '2016': np.int64(8039), '2017': np.int64(8077), '2018': np.int64(8137), '2019': np.int64(8159)}"
Henley-on-Thames,Small,South East,Working,Low Deprivation,Smaller non-coastal towns ,"{'2001': np.int64(10493), '2002': np.int64(10539), '2003': np.int64(10727), '2004': np.int64(10556), '2005': np.int64(10673), '2006': np.int64(10679), '2007': np.int64(10811), '2008': np.int64(11087), '2009': np.int64(11162), '2010': np.int64(11290), '2011': np.int64(11536), '2012': np.int64(11667), '2013': np.int64(11622), '2014': np.int64(11741), '2015': np.int64(11619), '2016': np.int64(11643), '2017': np.int64(11633), '2018': np.int64(11613), '2019': np.int64(11714)}"
Snodland,Small,South East,Residential,High Deprivation,Smaller non-coastal towns ,"{'2001': np.int64(9352), '2002': np.int64(9241), '2003': np.int64(9170), '2004': np.int64(9203), '2005': np.int64(9193), '2006': np.int64(9311), '2007': np.int64(9492), '2008': np.int64(9550), '2009': np.int64(9770), '2010': np.int64(10010), '2011': np.int64(10271), '2012': np.int64(10537), '2013': np.int64(10670), '2014': np.int64(10800), '2015': np.int64(11090), '2016': np.int64(11438), '2017': np.int64(11551), '2018': np.int64(11736), '2019': np.int64(11873)}"
Meltham,Small,Yorkshire and The Humber,Residential,Middle Deprivation,Smaller non-coastal towns ,"{'2001': np.int64(7541), '2002': np.int64(7761), '2003': np.int64(7681), '2004': np.int64(7798), '2005': np.int64(7885), '2006': np.int64(7866), '2007': np.int64(7800), '2008': np.int64(7798), '2009': np.int64(7774), '2010': np.int64(7779), '2011': np.int64(7828), '2012': np.int64(7875), '2013': np.int64(7950), '2014': np.int64(8031), '2015': np.int64(8008), '2016': np.int64(8051), '2017': np.int64(7971), '2018': np.int64(8040), '2019': np.int64(8179)}"
Minehead,Small,South West,Working,High Deprivation,Smaller seaside towns ,"{'2001': np.int64(11736), '2002': np.int64(11739), '2003': np.int64(11850), '2004': np.int64(11881), '2005': np.int64(11933), '2006': np.int64(11970), '2007': np.int64(12089), '2008': np.int64(12137), '2009': np.int64(12033), '2010': np.int64(12042), '2011': np.int64(11923), '2012': np.int64(11880), '2013': np.int64(11746), '2014': np.int64(11817), '2015': np.int64(11910), '2016': np.int64(11908), '2017': np.int64(12043), '2018': np.int64(12014), '2019': np.int64(12087)}"
Daventry,Medium,East Midlands,Working,Middle Deprivation,Larger non-coastal towns,"{'2001': np.int64(21796), '2002': np.int64(22423), '2003': np.int64(23064), '2004': np.int64(23127), '2005': np.int64(23390), '2006': np.int64(23774), '2007': np.int64(23718), '2008': np.int64(23626), '2009': np.int64(23740), '2010': np.int64(23755), '2011': np.int64(24031), '2012': np.int64(24160), '2013': np.int64(24137), '2014': np.int64(24250), '2015': np.int64(24465), '2016': np.int64(24840), '2017': np.int64(24983), '2018': np.int64(25464), '2019': np.int64(25781)}"
Keyworth,Small,East Midlands,Residential,Low Deprivation,Smaller non-coastal towns ,"{'2001': np.int64(6934), '2002': np.int64(6884), '2003': np.int64(6968), '2004': np.int64(6893), '2005': np.int64(6953), '2006': np.int64(6831), '2007': np.int64(6798), '2008': np.int64(6807), '2009': np.int64(6826), '2010': np.int64(6801), '2011': np.int64(6725), '2012': np.int64(6690), '2013': np.int64(6728), '2014': np.int64(6677), '2015': np.int64(6735), '2016': np.int64(6679), '2017': np.int64(6762), '2018': np.int64(6717), '2019': np.int64(6695)}"
Deal,Medium,South East,Residential,High Deprivation,Larger seaside towns,"{'2001': np.int64(29349), '2002': np.int64(29238), '2003': np.int64(29554), '2004': np.int64(29779), '2005': np.int64(29916), '2006': np.int64(29903), '2007': np.int64(30061), '2008': np.int64(30176), '2009': np.int64(30236), '2010': np.int64(30473), '2011': np.int64(30520), '2012': np.int64(30543), '2013': np.int64(30762), '2014': np.int64(30669), '2015': np.int64(30866), '2016': np.int64(31275), '2017': np.int64(31639), '2018': np.int64(31757), '2019': np.int64(31963)}"
Hythe,Medium,South East,Residential,Low Deprivation,Larger non-coastal towns,"{'2001': np.int64(19548), '2002': np.int64(19754), '2003': np.int64(19895), '2004': np.int64(19911), '2005': np.int64(19926), '2006': np.int64(19908), '2007': np.int64(20003), '2008': np.int64(20150), '2009': np.int64(20235), '2010': np.int64(20166), '2011': np.int64(20250), '2012': np.int64(20286), '2013': np.int64(20346), '2014': np.int64(20324), '2015': np.int64(20336), '2016': np.int64(20434), '2017': np.int64(20454), '2018': np.int64(20408), '2019': np.int64(20402)}"
Ibstock,Small,East Midlands,Residential,Middle Deprivation,Smaller non-coastal towns ,"{'2001': np.int64(5244), '2002': np.int64(5252), '2003': np.int64(5361), '2004': np.int64(5506), '2005': np.int64(5548), '2006': np.int64(5630), '2007': np.int64(5591), '2008': np.int64(5637), '2009': np.int64(5612), '2010': np.int64(5599), '2011': np.int64(5649), '2012': np.int64(5694), '2013': np.int64(5769), '2014': np.int64(5861), '2015': np.int64(6050), '2016': np.int64(6329), '2017': np.int64(6659), '2018': np.int64(6777), '2019': np.int64(6843)}"
Market Deeping,Small,East Midlands,Residential,Low Deprivation,Smaller non-coastal towns ,"{'2001': np.int64(13686), '2002': np.int64(13587), '2003': np.int64(13620), '2004': np.int64(13418), '2005': np.int64(13328), '2006': np.int64(13302), '2007': np.int64(13422), '2008': np.int64(13415), '2009': np.int64(13386), '2010': np.int64(13481), '2011': np.int64(13586), '2012': np.int64(13745), '2013': np.int64(13907), '2014': np.int64(13828), '2015': np.int64(14079), '2016': np.int64(14348), '2017': np.int64(14398), '2018': np.int64(14343), '2019': np.int64(14306)}"
Horncastle,Small,East Midlands,Working,High Deprivation,Smaller non-coastal towns ,"{'2001': np.int64(6073), '2002': np.int64(6163), '2003': np.int64(6369), '2004': np.int64(6300), '2005': np.int64(6346), '2006': np.int64(6292), '2007': np.int64(6409), '2008': np.int64(6529), '2009': np.int64(6601), '2010': np.int64(6728), '2011': np.int64(6807), '2012': np.int64(6816), '2013': np.int64(6819), '2014': np.int64(6857), '2015': np.int64(6848), '2016': np.int64(6956), '2017': np.int64(7088), '2018': np.int64(7123), '2019': np.int64(7123)}"
Glastonbury,Small,South West,Working,High Deprivation,Smaller non-coastal towns ,"{'2001': np.int64(8446), '2002': np.int64(8456), '2003': np.int64(8253), '2004': np.int64(8232), '2005': np.int64(8240), '2006': np.int64(8253), '2007': np.int64(8351), '2008': np.int64(8439), '2009': np.int64(8395), '2010': np.int64(8479), '2011': np.int64(8463), '2012': np.int64(8562), '2013': np.int64(8534), '2014': np.int64(8598), '2015': np.int64(8706), '2016': np.int64(8660), '2017': np.int64(8681), '2018': np.int64(8755), '2019': np.int64(8783)}"
Witham,Medium,East of England,Working,High Deprivation,Larger non-coastal towns,"{'2001': np.int64(22457), '2002': np.int64(22412), '2003': np.int64(22670), '2004': np.int64(23007), '2005': np.int64(23527), '2006': np.int64(24038), '2007': np.int64(24354), '2008': np.int64(24739), '2009': np.int64(25087), '2010': np.int64(25297), '2011': np.int64(25414), '2012': np.int64(25575), '2013': np.int64(25938), '2014': np.int64(25919), '2015': np.int64(26104), '2016': np.int64(26491), '2017': np.int64(26633), '2018': np.int64(26691), '2019': np.int64(26951)}"
Holmes Chapel,Small,North West,Mixed,Low Deprivation,Smaller non-coastal towns ,"{'2001': np.int64(5695), '2002': np.int64(5708), '2003': np.int64(5709), '2004': np.int64(5724), '2005': np.int64(5678), '2006': np.int64(5648), '2007': np.int64(5679), '2008': np.int64(5659), '2009': np.int64(5654), '2010': np.int64(5629), '2011': np.int64(5599), '2012': np.int64(5602), '2013': np.int64(5624), '2014': np.int64(5647), '2015': np.int64(5838), '2016': np.int64(5859), '2017': np.int64(5878), '2018': np.int64(6046), '2019': np.int64(6203)}"
Whaley Bridge,Small,East Midlands,Mixed,Low Deprivation,Smaller non-coastal towns ,"{'2001': np.int64(4840), '2002': np.int64(4843), '2003': np.int64(4893), '2004': np.int64(4939), '2005': np.int64(4997), '2006': np.int64(5071), '2007': np.int64(5083), '2008': np.int64(5150), '2009': np.int64(5186), '2010': np.int64(5143), '2011': np.int64(5148), '2012': np.int64(5144), '2013': np.int64(5205), '2014': np.int64(5220), '2015': np.int64(5173), '2016': np.int64(5220), '2017': np.int64(5224), '2018': np.int64(5201), '2019': np.int64(5206)}"
Gerrards Cross,Medium,South East,Working,Low Deprivation,Larger non-coastal towns,"{'2001': np.int64(19606), '2002': np.int64(19388), '2003': np.int64(19669), '2004': np.int64(20048), '2005': np.int64(20263), '2006': np.int64(20448), '2007': np.int64(20570), '2008': np.int64(20546), '2009': np.int64(20522), '2010': np.int64(20717), '2011': np.int64(20616), '2012': np.int64(20457), '2013': np.int64(20421), '2014': np.int64(20557), '2015': np.int64(20630), '2016': np.int64(20835), '2017': np.int64(21004), '2018': np.int64(21194), '2019': np.int64(21405)}"
Ulverston,Small,North West,Working,Low Deprivation,Smaller non-coastal towns ,"{'2001': np.int64(11294), '2002': np.int64(11088), '2003': np.int64(10978), '2004': np.int64(11032), '2005': np.int64(11049), '2006': np.int64(11096), '2007': np.int64(11196), '2008': np.int64(11242), '2009': np.int64(11299), '2010': np.int64(11323), '2011': np.int64(11357), '2012': np.int64(11320), '2013': np.int64(11332), '2014': np.int64(11433), '2015': np.int64(11476), '2016': np.int64(11412), '2017': np.int64(11358), '2018': np.int64(11311), '2019': np.int64(11385)}"
Chapeltown,Medium,Yorkshire and The Humber,Mixed,Middle Deprivation,Larger non-coastal towns,"{'2001': np.int64(23030), '2002': np.int64(23419), '2003': np.int64(23381), '2004': np.int64(23522), '2005': np.int64(23530), '2006': np.int64(23234), '2007': np.int64(23151), '2008': np.int64(23124), '2009': np.int64(23071), '2010': np.int64(22939), '2011': np.int64(23018), '2012': np.int64(22936), '2013': np.int64(22802), '2014': np.int64(22806), '2015': np.int64(22747), '2016': np.int64(22723), '2017': np.int64(22649), '2018': np.int64(22492), '2019': np.int64(22213)}"
Hornsea,Small,Yorkshire and The Humber,Residential,High Deprivation,Smaller seaside towns ,"{'2001': np.int64(8208), '2002': np.int64(8235), '2003': np.int64(8389), '2004': np.int64(8447), '2005': np.int64(8426), '2006': np.int64(8362), '2007': np.int64(8444), '2008': np.int64(8519), '2009': np.int64(8446), '2010': np.int64(8490), '2011': np.int64(8414), '2012': np.int64(8517), '2013': np.int64(8589), '2014': np.int64(8550), '2015': np.int64(8580), '2016': np.int64(8652), '2017': np.int64(8704), '2018': np.int64(8807), '2019': np.int64(8793)}"
Wem,Small,West Midlands,Residential,Middle Deprivation,Smaller non-coastal towns ,"{'2001': np.int64(5108), '2002': np.int64(5182), '2003': np.int64(5141), '2004': np.int64(5140), '2005': np.int64(5312), '2006': np.int64(5470), '2007': np.int64(5564), '2008': np.int64(5678), '2009': np.int64(5679), '2010': np.int64(5798), '2011': np.int64(5873), '2012': np.int64(5921), '2013': np.int64(5880), '2014': np.int64(6049), '2015': np.int64(6061), '2016': np.int64(6133), '2017': np.int64(6230), '2018': np.int64(6313), '2019': np.int64(6343)}"
Loughborough,Medium,East Midlands,Working,Middle Deprivation,Larger non-coastal towns,"{'2001': np.int64(55340), '2002': np.int64(55066), '2003': np.int64(55278), '2004': np.int64(55729), '2005': np.int64(56563), '2006': np.int64(57260), '2007': np.int64(57836), '2008': np.int64(58339), '2009': np.int64(58959), '2010': np.int64(59606), '2011': np.int64(59702), '2012': np.int64(60883), '2013': np.int64(61147), '2014': np.int64(62325), '2015': np.int64(63375), '2016': np.int64(64313), '2017': np.int64(65635), '2018': np.int64(66611), '2019': np.int64(67956)}"
Maghull,Medium,North West,Residential,Low Deprivation,Larger non-coastal towns,"{'2001': np.int64(28814), '2002': np.int64(28562), '2003': np.int64(28436), '2004': np.int64(28135), '2005': np.int64(27866), '2006': np.int64(27758), '2007': np.int64(27615), '2008': np.int64(27633), '2009': np.int64(27436), '2010': np.int64(27197), '2011': np.int64(27005), '2012': np.int64(26931), '2013': np.int64(26695), '2014': np.int64(26542), '2015': np.int64(26366), '2016': np.int64(26376), '2017': np.int64(25736), '2018': np.int64(25737), '2019': np.int64(25877)}"
Southport,Large,North West,Mixed,High Deprivation,Larger seaside towns,"{'2001': np.int64(91279), '2002': np.int64(91333), '2003': np.int64(91160), '2004': np.int64(91457), '2005': np.int64(91209), '2006': np.int64(91010), '2007': np.int64(90977), '2008': np.int64(91033), '2009': np.int64(91198), '2010': np.int64(91435), '2011': np.int64(91710), '2012': np.int64(91934), '2013': np.int64(92132), '2014': np.int64(92677), '2015': np.int64(93068), '2016': np.int64(93362), '2017': np.int64(93426), '2018': np.int64(93758), '2019': np.int64(93902)}"
Thornbury,Small,South West,Mixed,Low Deprivation,Smaller non-coastal towns ,"{'2001': np.int64(11965), '2002': np.int64(11984), '2003': np.int64(12100), '2004': np.int64(11942), '2005': np.int64(11997), '2006': np.int64(11936), '2007': np.int64(11892), '2008': np.int64(11743), '2009': np.int64(11754), '2010': np.int64(11706), '2011': np.int64(11685), '2012': np.int64(11641), '2013': np.int64(11674), '2014': np.int64(11656), '2015': np.int64(11729), '2016': np.int64(11860), '2017': np.int64(11919), '2018': np.int64(12132), '2019': np.int64(12459)}"
Street,Small,South West,Working,Middle Deprivation,Smaller non-coastal towns ,"{'2001': np.int64(12118), '2002': np.int64(12131), '2003': np.int64(12241), '2004': np.int64(12382), '2005': np.int64(12513), '2006': np.int64(12565), '2007': np.int64(12725), '2008': np.int64(12770), '2009': np.int64(12703), '2010': np.int64(12784), '2011': np.int64(12915), '2012': np.int64(13159), '2013': np.int64(13295), '2014': np.int64(13501), '2015': np.int64(13396), '2016': np.int64(13638), '2017': np.int64(13702), '2018': np.int64(13923), '2019': np.int64(13782)}"
Bishop's Waltham,Small,South East,Residential,Low Deprivation,Smaller non-coastal towns ,"{'2001': np.int64(6170), '2002': np.int64(6117), '2003': np.int64(6059), '2004': np.int64(6139), '2005': np.int64(6147), '2006': np.int64(6050), '2007': np.int64(6058), '2008': np.int64(6046), '2009': np.int64(6168), '2010': np.int64(6198), '2011': np.int64(6289), '2012': np.int64(6304), '2013': np.int64(6344), '2014': np.int64(6429), '2015': np.int64(6454), '2016': np.int64(6466), '2017': np.int64(6419), '2018': np.int64(6429), '2019': np.int64(6296)}"
Frome,Medium,South West,Residential,High Deprivation,Larger non-coastal towns,"{'2001': np.int64(24557), '2002': np.int64(24791), '2003': np.int64(24981), '2004': np.int64(25222), '2005': np.int64(25421), '2006': np.int64(25508), '2007': np.int64(25768), '2008': np.int64(26105), '2009': np.int64(26142), '2010': np.int64(26290), '2011': np.int64(26273), '2012': np.int64(26519), '2013': np.int64(26699), '2014': np.int64(26979), '2015': np.int64(27227), '2016': np.int64(27350), '2017': np.int64(27372), '2018': np.int64(27937), '2019': np.int64(28168)}"
Bagshot,Small,South East,Working,Low Deprivation,Smaller non-coastal towns ,"{'2001': np.int64(5272), '2002': np.int64(5190), '2003': np.int64(5128), '2004': np.int64(5173), '2005': np.int64(5212), '2006': np.int64(5199), '2007': np.int64(5192), '2008': np.int64(5294), '2009': np.int64(5292), '2010': np.int64(5321), '2011': np.int64(5460), '2012': np.int64(5734), '2013': np.int64(5847), '2014': np.int64(5902), '2015': np.int64(5996), '2016': np.int64(5977), '2017': np.int64(5970), '2018': np.int64(5954), '2019': np.int64(5920)}"
Ross-on-Wye,Small,West Midlands,Working,High Deprivation,Smaller non-coastal towns ,"{'2001': np.int64(10130), '2002': np.int64(10143), '2003': np.int64(10142), '2004': np.int64(10148), '2005': np.int64(10093), '2006': np.int64(10099), '2007': np.int64(10182), '2008': np.int64(10279), '2009': np.int64(10420), '2010': np.int64(10585), '2011': np.int64(10573), '2012': np.int64(10610), '2013': np.int64(10689), '2014': np.int64(10859), '2015': np.int64(11065), '2016': np.int64(11179), '2017': np.int64(11360), '2018': np.int64(11351), '2019': np.int64(11309)}"
Storrington,Small,South East,Residential,Low Deprivation,Smaller non-coastal towns ,"{'2001': np.int64(7785), '2002': np.int64(7894), '2003': np.int64(8137), '2004': np.int64(8177), '2005': np.int64(8157), '2006': np.int64(8300), '2007': np.int64(8310), '2008': np.int64(8433), '2009': np.int64(8447), '2010': np.int64(8598), '2011': np.int64(8634), '2012': np.int64(8658), '2013': np.int64(8695), '2014': np.int64(8420), '2015': np.int64(8677), '2016': np.int64(8713), '2017': np.int64(8866), '2018': np.int64(8955), '2019': np.int64(9100)}"
Alnwick,Small,North East,Working,High Deprivation,Smaller non-coastal towns ,"{'2001': np.int64(7829), '2002': np.int64(7880), '2003': np.int64(8006), '2004': np.int64(7985), '2005': np.int64(7954), '2006': np.int64(7929), '2007': np.int64(8024), '2008': np.int64(8072), '2009': np.int64(8133), '2010': np.int64(8144), '2011': np.int64(8133), '2012': np.int64(8193), '2013': np.int64(8156), '2014': np.int64(8048), '2015': np.int64(8054), '2016': np.int64(8060), '2017': np.int64(8086), '2018': np.int64(7995), '2019': np.int64(7978)}"
Billinge,Small,North West,Residential,Low Deprivation,Smaller non-coastal towns ,"{'2001': np.int64(6290), '2002': np.int64(6298), '2003': np.int64(6224), '2004': np.int64(6213), '2005': np.int64(6167), '2006': np.int64(6122), '2007': np.int64(6092), '2008': np.int64(6025), '2009': np.int64(5997), '2010': np.int64(5967), '2011': np.int64(5886), '2012': np.int64(5873), '2013': np.int64(5846), '2014': np.int64(5784), '2015': np.int64(5694), '2016': np.int64(5675), '2017': np.int64(5637), '2018': np.int64(5586), '2019': np.int64(5488)}"
Hailsham,Small,South East,Residential,High Deprivation,Smaller non-coastal towns ,"{'2001': np.int64(19302), '2002': np.int64(19412), '2003': np.int64(19380), '2004': np.int64(19371), '2005': np.int64(19361), '2006': np.int64(19345), '2007': np.int64(19404), '2008': np.int64(19499), '2009': np.int64(19511), '2010': np.int64(19730), '2011': np.int64(20034), '2012': np.int64(20260), '2013': np.int64(20508), '2014': np.int64(20993), '2015': np.int64(21503), '2016': np.int64(21854), '2017': np.int64(22057), '2018': np.int64(22241), '2019': np.int64(22530)}"
Richmond,Small,Yorkshire and The Humber,Mixed,Low Deprivation,Smaller non-coastal towns ,"{'2001': np.int64(8179), '2002': np.int64(8120), '2003': np.int64(8164), '2004': np.int64(8256), '2005': np.int64(8308), '2006': np.int64(8288), '2007': np.int64(8323), '2008': np.int64(8355), '2009': np.int64(8331), '2010': np.int64(8313), '2011': np.int64(8397), '2012': np.int64(8381), '2013': np.int64(8355), '2014': np.int64(8420), '2015': np.int64(8419), '2016': np.int64(8420), '2017': np.int64(8400), '2018': np.int64(8369), '2019': np.int64(8378)}"
Cheddar,Small,South West,Working,Low Deprivation,Smaller non-coastal towns ,"{'2001': np.int64(4815), '2002': np.int64(4882), '2003': np.int64(4917), '2004': np.int64(4979), '2005': np.int64(5035), '2006': np.int64(5092), '2007': np.int64(5146), '2008': np.int64(5175), '2009': np.int64(5198), '2010': np.int64(5191), '2011': np.int64(5196), '2012': np.int64(5241), '2013': np.int64(5433), '2014': np.int64(5450), '2015': np.int64(5471), '2016': np.int64(5479), '2017': np.int64(5496), '2018': np.int64(5479), '2019': np.int64(5529)}"
Oakley (Basingstoke and Deane),Small,South East,Residential,Low Deprivation,Smaller non-coastal towns ,"{'2001': np.int64(5243), '2002': np.int64(5264), '2003': np.int64(5200), '2004': np.int64(5197), '2005': np.int64(5240), '2006': np.int64(5158), '2007': np.int64(5133), '2008': np.int64(5108), '2009': np.int64(5075), '2010': np.int64(5105), '2011': np.int64(5088), '2012': np.int64(5094), '2013': np.int64(5092), '2014': np.int64(5153), '2015': np.int64(5150), '2016': np.int64(5106), '2017': np.int64(5102), '2018': np.int64(5099), '2019': np.int64(5040)}"
Mablethorpe,Small,East Midlands,Residential,High Deprivation,Smaller seaside towns ,"{'2001': np.int64(11880), '2002': np.int64(12133), '2003': np.int64(12386), '2004': np.int64(12586), '2005': np.int64(12584), '2006': np.int64(12627), '2007': np.int64(12790), '2008': np.int64(12816), '2009': np.int64(12729), '2010': np.int64(12713), '2011': np.int64(12505), '2012': np.int64(12339), '2013': np.int64(12380), '2014': np.int64(12346), '2015': np.int64(12384), '2016': np.int64(12372), '2017': np.int64(12577), '2018': np.int64(12628), '2019': np.int64(12633)}"
Lutterworth,Small,East Midlands,Working,Low Deprivation,Smaller non-coastal towns ,"{'2001': np.int64(8750), '2002': np.int64(9174), '2003': np.int64(9326), '2004': np.int64(9448), '2005': np.int64(9525), '2006': np.int64(9654), '2007': np.int64(9774), '2008': np.int64(9815), '2009': np.int64(9774), '2010': np.int64(9822), '2011': np.int64(9964), '2012': np.int64(9874), '2013': np.int64(10004), '2014': np.int64(10052), '2015': np.int64(10082), '2016': np.int64(10215), '2017': np.int64(10528), '2018': np.int64(10854), '2019': np.int64(10958)}"
Sawston,Small,East of England,Working,Low Deprivation,Smaller non-coastal towns ,"{'2001': np.int64(7308), '2002': np.int64(7242), '2003': np.int64(7071), '2004': np.int64(7116), '2005': np.int64(7086), '2006': np.int64(7071), '2007': np.int64(7202), '2008': np.int64(7259), '2009': np.int64(7260), '2010': np.int64(7290), '2011': np.int64(7296), '2012': np.int64(7332), '2013': np.int64(7349), '2014': np.int64(7389), '2015': np.int64(7440), '2016': np.int64(7479), '2017': np.int64(7370), '2018': np.int64(7418), '2019': np.int64(7374)}"
Sidmouth,Small,South West,Mixed,Low Deprivation,Smaller seaside towns ,"{'2001': np.int64(12129), '2002': np.int64(12173), '2003': np.int64(12183), '2004': np.int64(12327), '2005': np.int64(12404), '2006': np.int64(12520), '2007': np.int64(12536), '2008': np.int64(12460), '2009': np.int64(12290), '2010': np.int64(12339), '2011': np.int64(12539), '2012': np.int64(12735), '2013': np.int64(12839), '2014': np.int64(13089), '2015': np.int64(13174), '2016': np.int64(13221), '2017': np.int64(13179), '2018': np.int64(13277), '2019': np.int64(13280)}"
Epping,Small,East of England,Working,Low Deprivation,Smaller non-coastal towns ,"{'2001': np.int64(9985), '2002': np.int64(9924), '2003': np.int64(9850), '2004': np.int64(9824), '2005': np.int64(9899), '2006': np.int64(9930), '2007': np.int64(9955), '2008': np.int64(9964), '2009': np.int64(10048), '2010': np.int64(10149), '2011': np.int64(10316), '2012': np.int64(10494), '2013': np.int64(10556), '2014': np.int64(10622), '2015': np.int64(10833), '2016': np.int64(11015), '2017': np.int64(11185), '2018': np.int64(11155), '2019': np.int64(11152)}"
Torpoint,Small,South West,Residential,High Deprivation,Smaller other coastal towns,"{'2001': np.int64(8529), '2002': np.int64(8371), '2003': np.int64(8377), '2004': np.int64(8190), '2005': np.int64(8097), '2006': np.int64(8126), '2007': np.int64(8081), '2008': np.int64(8059), '2009': np.int64(8045), '2010': np.int64(7982), '2011': np.int64(7836), '2012': np.int64(7741), '2013': np.int64(7723), '2014': np.int64(7784), '2015': np.int64(7659), '2016': np.int64(7689), '2017': np.int64(7645), '2018': np.int64(7633), '2019': np.int64(7549)}"
Hilton (South Derbyshire),Small,East Midlands,Residential,Low Deprivation,Smaller non-coastal towns ,"{'2001': np.int64(3941), '2002': np.int64(4194), '2003': np.int64(4695), '2004': np.int64(5199), '2005': np.int64(5736), '2006': np.int64(6119), '2007': np.int64(6434), '2008': np.int64(6823), '2009': np.int64(7136), '2010': np.int64(7539), '2011': np.int64(7766), '2012': np.int64(7879), '2013': np.int64(8015), '2014': np.int64(8172), '2015': np.int64(8189), '2016': np.int64(8224), '2017': np.int64(8333), '2018': np.int64(8469), '2019': np.int64(8588)}"
Burghfield Common,Small,South East,Residential,Low Deprivation,Smaller non-coastal towns ,"{'2001': np.int64(5712), '2002': np.int64(5749), '2003': np.int64(5761), '2004': np.int64(5777), '2005': np.int64(5688), '2006': np.int64(5772), '2007': np.int64(5801), '2008': np.int64(5822), '2009': np.int64(5868), '2010': np.int64(5886), '2011': np.int64(5958), '2012': np.int64(5902), '2013': np.int64(5966), '2014': np.int64(5982), '2015': np.int64(5988), '2016': np.int64(5937), '2017': np.int64(5949), '2018': np.int64(5887), '2019': np.int64(5877)}"
Buckingham,Small,South East,Working,Low Deprivation,Smaller non-coastal towns ,"{'2001': np.int64(12605), '2002': np.int64(12863), '2003': np.int64(12618), '2004': np.int64(12593), '2005': np.int64(12665), '2006': np.int64(12690), '2007': np.int64(12711), '2008': np.int64(12735), '2009': np.int64(12658), '2010': np.int64(12753), '2011': np.int64(12930), '2012': np.int64(12904), '2013': np.int64(12869), '2014': np.int64(13050), '2015': np.int64(13706), '2016': np.int64(14070), '2017': np.int64(14777), '2018': np.int64(15235), '2019': np.int64(15379)}"
Netley,Small,South East,Residential,Low Deprivation,Smaller other coastal towns,"{'2001': np.int64(6068), '2002': np.int64(6279), '2003': np.int64(6212), '2004': np.int64(6215), '2005': np.int64(6190), '2006': np.int64(6217), '2007': np.int64(6175), '2008': np.int64(6130), '2009': np.int64(6127), '2010': np.int64(6243), '2011': np.int64(6354), '2012': np.int64(6408), '2013': np.int64(6503), '2014': np.int64(6594), '2015': np.int64(6530), '2016': np.int64(6522), '2017': np.int64(6485), '2018': np.int64(6492), '2019': np.int64(6484)}"
Brackley,Small,East Midlands,Working,Low Deprivation,Smaller non-coastal towns ,"{'2001': np.int64(13319), '2002': np.int64(13583), '2003': np.int64(13483), '2004': np.int64(13445), '2005': np.int64(13454), '2006': np.int64(13533), '2007': np.int64(13461), '2008': np.int64(13248), '2009': np.int64(13129), '2010': np.int64(13085), '2011': np.int64(13082), '2012': np.int64(13148), '2013': np.int64(13311), '2014': np.int64(13370), '2015': np.int64(13389), '2016': np.int64(13701), '2017': np.int64(14161), '2018': np.int64(14651), '2019': np.int64(15315)}"
Ivybridge,Small,South West,Residential,Low Deprivation,Smaller non-coastal towns ,"{'2001': np.int64(12076), '2002': np.int64(12065), '2003': np.int64(12121), '2004': np.int64(11927), '2005': np.int64(11964), '2006': np.int64(12029), '2007': np.int64(12111), '2008': np.int64(12091), '2009': np.int64(11917), '2010': np.int64(11872), '2011': np.int64(11879), '2012': np.int64(11975), '2013': np.int64(11922), '2014': np.int64(11881), '2015': np.int64(11744), '2016': np.int64(11766), '2017': np.int64(11727), '2018': np.int64(11740), '2019': np.int64(11757)}"
Marske-by-the-Sea,Small,North East,Residential,Middle Deprivation,Smaller other coastal towns,"{'2001': np.int64(8886), '2002': np.int64(8761), '2003': np.int64(8653), '2004': np.int64(8635), '2005': np.int64(8521), '2006': np.int64(8496), '2007': np.int64(8445), '2008': np.int64(8367), '2009': np.int64(8349), '2010': np.int64(8323), '2011': np.int64(8261), '2012': np.int64(8160), '2013': np.int64(8156), '2014': np.int64(8200), '2015': np.int64(8049), '2016': np.int64(8049), '2017': np.int64(7998), '2018': np.int64(7937), '2019': np.int64(7998)}"
Denmead,Small,South East,Residential,Low Deprivation,Smaller non-coastal towns ,"{'2001': np.int64(5839), '2002': np.int64(5826), '2003': np.int64(5763), '2004': np.int64(5817), '2005': np.int64(5979), '2006': np.int64(5998), '2007': np.int64(5978), '2008': np.int64(6057), '2009': np.int64(6033), '2010': np.int64(6001), '2011': np.int64(6097), '2012': np.int64(6143), '2013': np.int64(6191), '2014': np.int64(6362), '2015': np.int64(6307), '2016': np.int64(6390), '2017': np.int64(6253), '2018': np.int64(6233), '2019': np.int64(6162)}"
Paddock Wood,Small,South East,Working,Low Deprivation,Smaller non-coastal towns ,"{'2001': np.int64(7917), '2002': np.int64(7832), '2003': np.int64(7739), '2004': np.int64(7831), '2005': np.int64(7768), '2006': np.int64(7801), '2007': np.int64(7799), '2008': np.int64(7840), '2009': np.int64(7839), '2010': np.int64(7899), '2011': np.int64(7848), '2012': np.int64(7953), '2013': np.int64(8015), '2014': np.int64(7902), '2015': np.int64(7754), '2016': np.int64(7768), '2017': np.int64(7732), '2018': np.int64(7657), '2019': np.int64(7719)}"
Garforth,Small,Yorkshire and The Humber,Mixed,Low Deprivation,Smaller non-coastal towns ,"{'2001': np.int64(15500), '2002': np.int64(15430), '2003': np.int64(15248), '2004': np.int64(15191), '2005': np.int64(15230), '2006': np.int64(15190), '2007': np.int64(15120), '2008': np.int64(15038), '2009': np.int64(15019), '2010': np.int64(14870), '2011': np.int64(14789), '2012': np.int64(14875), '2013': np.int64(14861), '2014': np.int64(14788), '2015': np.int64(14828), '2016': np.int64(14833), '2017': np.int64(14752), '2018': np.int64(14584), '2019': np.int64(14464)}"
Northallerton,Small,Yorkshire and The Humber,Working,Middle Deprivation,Smaller non-coastal towns ,"{'2001': np.int64(15821), '2002': np.int64(15872), '2003': np.int64(15945), '2004': np.int64(15768), '2005': np.int64(15944), '2006': np.int64(16206), '2007': np.int64(16329), '2008': np.int64(16602), '2009': np.int64(16655), '2010': np.int64(16857), '2011': np.int64(16862), '2012': np.int64(16878), '2013': np.int64(17025), '2014': np.int64(16837), '2015': np.int64(16786), '2016': np.int64(16976), '2017': np.int64(17002), '2018': np.int64(17045), '2019': np.int64(17030)}"
Tenterden,Small,South East,Working,Low Deprivation,Smaller non-coastal towns ,"{'2001': np.int64(6952), '2002': np.int64(7060), '2003': np.int64(7044), '2004': np.int64(7075), '2005': np.int64(7002), '2006': np.int64(7021), '2007': np.int64(7041), '2008': np.int64(7069), '2009': np.int64(7128), '2010': np.int64(7150), '2011': np.int64(7110), '2012': np.int64(7173), '2013': np.int64(7204), '2014': np.int64(7187), '2015': np.int64(7124), '2016': np.int64(7076), '2017': np.int64(7092), '2018': np.int64(7098), '2019': np.int64(7102)}"
Market Warsop,Small,East Midlands,Residential,High Deprivation,Smaller non-coastal towns ,"{'2001': np.int64(9623), '2002': np.int64(9532), '2003': np.int64(9551), '2004': np.int64(9356), '2005': np.int64(9227), '2006': np.int64(9133), '2007': np.int64(9078), '2008': np.int64(9099), '2009': np.int64(9052), '2010': np.int64(9020), '2011': np.int64(9010), '2012': np.int64(9028), '2013': np.int64(8993), '2014': np.int64(9009), '2015': np.int64(9058), '2016': np.int64(9280), '2017': np.int64(9386), '2018': np.int64(9410), '2019': np.int64(9425)}"
Tadcaster,Small,Yorkshire and The Humber,Working,Low Deprivation,Smaller non-coastal towns ,"{'2001': np.int64(6575), '2002': np.int64(6506), '2003': np.int64(6454), '2004': np.int64(6434), '2005': np.int64(6442), '2006': np.int64(6448), '2007': np.int64(6504), '2008': np.int64(6505), '2009': np.int64(6416), '2010': np.int64(6451), '2011': np.int64(6474), '2012': np.int64(6465), '2013': np.int64(6471), '2014': np.int64(6521), '2015': np.int64(6465), '2016': np.int64(6413), '2017': np.int64(6379), '2018': np.int64(6368), '2019': np.int64(6380)}"
Long Ashton,Small,South West,Residential,Low Deprivation,Smaller non-coastal towns ,"{'2001': np.int64(3937), '2002': np.int64(3944), '2003': np.int64(4030), '2004': np.int64(4153), '2005': np.int64(4247), '2006': np.int64(4392), '2007': np.int64(4669), '2008': np.int64(4904), '2009': np.int64(5132), '2010': np.int64(5222), '2011': np.int64(5315), '2012': np.int64(5418), '2013': np.int64(5459), '2014': np.int64(5545), '2015': np.int64(5514), '2016': np.int64(5530), '2017': np.int64(5571), '2018': np.int64(5593), '2019': np.int64(5633)}"
Hayle,Small,South West,Mixed,High Deprivation,Smaller seaside towns ,"{'2001': np.int64(7669), '2002': np.int64(7714), '2003': np.int64(7776), '2004': np.int64(7712), '2005': np.int64(7740), '2006': np.int64(7840), '2007': np.int64(7954), '2008': np.int64(8028), '2009': np.int64(8002), '2010': np.int64(8138), '2011': np.int64(8230), '2012': np.int64(8306), '2013': np.int64(8304), '2014': np.int64(8328), '2015': np.int64(8399), '2016': np.int64(8377), '2017': np.int64(8560), '2018': np.int64(8708), '2019': np.int64(8839)}"
Conisbrough,Small,Yorkshire and The Humber,Residential,High Deprivation,Smaller non-coastal towns ,"{'2001': np.int64(15319), '2002': np.int64(15321), '2003': np.int64(15194), '2004': np.int64(15267), '2005': np.int64(15413), '2006': np.int64(15392), '2007': np.int64(15518), '2008': np.int64(15539), '2009': np.int64(15767), '2010': np.int64(15822), '2011': np.int64(15918), '2012': np.int64(15979), '2013': np.int64(15998), '2014': np.int64(16023), '2015': np.int64(15876), '2016': np.int64(15993), '2017': np.int64(15952), '2018': np.int64(15916), '2019': np.int64(15873)}"
Nantwich,Small,North West,Working,Low Deprivation,Smaller non-coastal towns ,"{'2001': np.int64(13535), '2002': np.int64(13680), '2003': np.int64(14250), '2004': np.int64(14965), '2005': np.int64(15580), '2006': np.int64(16054), '2007': np.int64(16370), '2008': np.int64(16733), '2009': np.int64(16998), '2010': np.int64(17095), '2011': np.int64(17231), '2012': np.int64(17376), '2013': np.int64(17595), '2014': np.int64(17663), '2015': np.int64(17836), '2016': np.int64(18003), '2017': np.int64(18003), '2018': np.int64(17955), '2019': np.int64(17997)}"
Market Drayton,Small,West Midlands,Working,High Deprivation,Smaller non-coastal towns ,"{'2001': np.int64(10457), '2002': np.int64(10686), '2003': np.int64(10682), '2004': np.int64(10712), '2005': np.int64(10880), '2006': np.int64(11122), '2007': np.int64(11382), '2008': np.int64(11451), '2009': np.int64(11474), '2010': np.int64(11545), '2011': np.int64(11816), '2012': np.int64(11806), '2013': np.int64(11881), '2014': np.int64(12080), '2015': np.int64(12111), '2016': np.int64(12177), '2017': np.int64(12218), '2018': np.int64(12211), '2019': np.int64(12327)}"
Portishead,Medium,South West,Mixed,Low Deprivation,Larger other coastal towns ,"{'2001': np.int64(17180), '2002': np.int64(17379), '2003': np.int64(17764), '2004': np.int64(18211), '2005': np.int64(18848), '2006': np.int64(19642), '2007': np.int64(20484), '2008': np.int64(21339), '2009': np.int64(22335), '2010': np.int64(23195), '2011': np.int64(23797), '2012': np.int64(24246), '2013': np.int64(24838), '2014': np.int64(25389), '2015': np.int64(25815), '2016': np.int64(26156), '2017': np.int64(26286), '2018': np.int64(26490), '2019': np.int64(26535)}"
Crofton,Small,Yorkshire and The Humber,Residential,Low Deprivation,Smaller non-coastal towns ,"{'2001': np.int64(5385), '2002': np.int64(5420), '2003': np.int64(5366), '2004': np.int64(5279), '2005': np.int64(5242), '2006': np.int64(5249), '2007': np.int64(5269), '2008': np.int64(5272), '2009': np.int64(5291), '2010': np.int64(5263), '2011': np.int64(5264), '2012': np.int64(5182), '2013': np.int64(5223), '2014': np.int64(5146), '2015': np.int64(5131), '2016': np.int64(5338), '2017': np.int64(5449), '2018': np.int64(5585), '2019': np.int64(5742)}"
Wotton-under-Edge,Small,South West,Residential,Low Deprivation,Smaller non-coastal towns ,"{'2001': np.int64(5508), '2002': np.int64(5510), '2003': np.int64(5445), '2004': np.int64(5553), '2005': np.int64(5605), '2006': np.int64(5639), '2007': np.int64(5662), '2008': np.int64(5651), '2009': np.int64(5613), '2010': np.int64(5615), '2011': np.int64(5627), '2012': np.int64(5559), '2013': np.int64(5700), '2014': np.int64(5726), '2015': np.int64(5642), '2016': np.int64(5764), '2017': np.int64(5752), '2018': np.int64(5767), '2019': np.int64(5786)}"
Marple,Small,North West,Residential,Low Deprivation,Smaller non-coastal towns ,"{'2001': np.int64(18737), '2002': np.int64(18517), '2003': np.int64(18547), '2004': np.int64(18413), '2005': np.int64(18340), '2006': np.int64(18255), '2007': np.int64(18311), '2008': np.int64(18351), '2009': np.int64(18251), '2010': np.int64(18090), '2011': np.int64(18204), '2012': np.int64(18266), '2013': np.int64(18285), '2014': np.int64(18466), '2015': np.int64(18513), '2016': np.int64(18662), '2017': np.int64(18593), '2018': np.int64(18676), '2019': np.int64(18621)}"
Southwell,Small,East Midlands,Mixed,Low Deprivation,Smaller non-coastal towns ,"{'2001': np.int64(6249), '2002': np.int64(6318), '2003': np.int64(6373), '2004': np.int64(6529), '2005': np.int64(6551), '2006': np.int64(6563), '2007': np.int64(6554), '2008': np.int64(6653), '2009': np.int64(6765), '2010': np.int64(6747), '2011': np.int64(6752), '2012': np.int64(6862), '2013': np.int64(6828), '2014': np.int64(6798), '2015': np.int64(6762), '2016': np.int64(6773), '2017': np.int64(6834), '2018': np.int64(6829), '2019': np.int64(6853)}"
Dawlish,Small,South West,Residential,High Deprivation,Smaller seaside towns ,"{'2001': np.int64(11053), '2002': np.int64(11271), '2003': np.int64(11208), '2004': np.int64(11271), '2005': np.int64(11290), '2006': np.int64(11364), '2007': np.int64(11360), '2008': np.int64(11332), '2009': np.int64(11418), '2010': np.int64(11282), '2011': np.int64(11305), '2012': np.int64(11467), '2013': np.int64(11618), '2014': np.int64(12026), '2015': np.int64(12350), '2016': np.int64(12564), '2017': np.int64(12814), '2018': np.int64(13048), '2019': np.int64(13355)}"
Dronfield,Medium,East Midlands,Mixed,Low Deprivation,Larger non-coastal towns,"{'2001': np.int64(21160), '2002': np.int64(21157), '2003': np.int64(20714), '2004': np.int64(20815), '2005': np.int64(20733), '2006': np.int64(20755), '2007': np.int64(20841), '2008': np.int64(20887), '2009': np.int64(20872), '2010': np.int64(20973), '2011': np.int64(21114), '2012': np.int64(21145), '2013': np.int64(21099), '2014': np.int64(21090), '2015': np.int64(21006), '2016': np.int64(21071), '2017': np.int64(20927), '2018': np.int64(20956), '2019': np.int64(20964)}"
Wootton Bassett,Small,South West,Mixed,Low Deprivation,Smaller non-coastal towns ,"{'2001': np.int64(10904), '2002': np.int64(10904), '2003': np.int64(10963), '2004': np.int64(11052), '2005': np.int64(11143), '2006': np.int64(11166), '2007': np.int64(11246), '2008': np.int64(11231), '2009': np.int64(11136), '2010': np.int64(11192), '2011': np.int64(11263), '2012': np.int64(11513), '2013': np.int64(11716), '2014': np.int64(12006), '2015': np.int64(12575), '2016': np.int64(12604), '2017': np.int64(12792), '2018': np.int64(12926), '2019': np.int64(12943)}"
Hawkinge,Small,South East,Residential,Middle Deprivation,Smaller non-coastal towns ,"{'2001': np.int64(4406), '2002': np.int64(4987), '2003': np.int64(5451), '2004': np.int64(5891), '2005': np.int64(6142), '2006': np.int64(6381), '2007': np.int64(6503), '2008': np.int64(6785), '2009': np.int64(7251), '2010': np.int64(7662), '2011': np.int64(8014), '2012': np.int64(8189), '2013': np.int64(8373), '2014': np.int64(8487), '2015': np.int64(8441), '2016': np.int64(8508), '2017': np.int64(8608), '2018': np.int64(8715), '2019': np.int64(8777)}"
Peasedown St John,Small,South West,Residential,Middle Deprivation,Smaller non-coastal towns ,"{'2001': np.int64(6132), '2002': np.int64(6209), '2003': np.int64(6279), '2004': np.int64(6291), '2005': np.int64(6295), '2006': np.int64(6238), '2007': np.int64(6221), '2008': np.int64(6300), '2009': np.int64(6248), '2010': np.int64(6296), '2011': np.int64(6266), '2012': np.int64(6220), '2013': np.int64(6420), '2014': np.int64(6511), '2015': np.int64(6614), '2016': np.int64(6774), '2017': np.int64(6824), '2018': np.int64(6837), '2019': np.int64(6788)}"
New Waltham,Small,Yorkshire and The Humber,Residential,Low Deprivation,Smaller non-coastal towns ,"{'2001': np.int64(4930), '2002': np.int64(5161), '2003': np.int64(5262), '2004': np.int64(5356), '2005': np.int64(5380), '2006': np.int64(5432), '2007': np.int64(5456), '2008': np.int64(5471), '2009': np.int64(5473), '2010': np.int64(5481), '2011': np.int64(5601), '2012': np.int64(5633), '2013': np.int64(5742), '2014': np.int64(5794), '2015': np.int64(5724), '2016': np.int64(5717), '2017': np.int64(5732), '2018': np.int64(5841), '2019': np.int64(6023)}"
Dinnington (Rotherham),Small,Yorkshire and The Humber,Residential,High Deprivation,Smaller non-coastal towns ,"{'2001': np.int64(19077), '2002': np.int64(19203), '2003': np.int64(19218), '2004': np.int64(19257), '2005': np.int64(19342), '2006': np.int64(19358), '2007': np.int64(19447), '2008': np.int64(19710), '2009': np.int64(19783), '2010': np.int64(19822), '2011': np.int64(19893), '2012': np.int64(19999), '2013': np.int64(19970), '2014': np.int64(20161), '2015': np.int64(20401), '2016': np.int64(20585), '2017': np.int64(20433), '2018': np.int64(20542), '2019': np.int64(20443)}"
Stansted Mountfitchet,Small,East of England,Working,Low Deprivation,Smaller non-coastal towns ,"{'2001': np.int64(5589), '2002': np.int64(5643), '2003': np.int64(5755), '2004': np.int64(5761), '2005': np.int64(5788), '2006': np.int64(5832), '2007': np.int64(5941), '2008': np.int64(6011), '2009': np.int64(6197), '2010': np.int64(6535), '2011': np.int64(6723), '2012': np.int64(6860), '2013': np.int64(7236), '2014': np.int64(7440), '2015': np.int64(7630), '2016': np.int64(7829), '2017': np.int64(8048), '2018': np.int64(8151), '2019': np.int64(8469)}"
Balsall Common,Small,West Midlands,Residential,Low Deprivation,Smaller non-coastal towns ,"{'2001': np.int64(6527), '2002': np.int64(6597), '2003': np.int64(6860), '2004': np.int64(6954), '2005': np.int64(6929), '2006': np.int64(6963), '2007': np.int64(6994), '2008': np.int64(7043), '2009': np.int64(7021), '2010': np.int64(7087), '2011': np.int64(7051), '2012': np.int64(7001), '2013': np.int64(7168), '2014': np.int64(7273), '2015': np.int64(7230), '2016': np.int64(7258), '2017': np.int64(7343), '2018': np.int64(7449), '2019': np.int64(7516)}"
Bayston Hill,Small,West Midlands,Residential,Low Deprivation,Smaller non-coastal towns ,"{'2001': np.int64(5234), '2002': np.int64(5227), '2003': np.int64(5131), '2004': np.int64(5159), '2005': np.int64(5205), '2006': np.int64(5188), '2007': np.int64(5143), '2008': np.int64(5147), '2009': np.int64(5121), '2010': np.int64(5101), '2011': np.int64(5075), '2012': np.int64(5110), '2013': np.int64(5150), '2014': np.int64(5162), '2015': np.int64(5144), '2016': np.int64(5169), '2017': np.int64(5176), '2018': np.int64(5217), '2019': np.int64(5238)}"
Faringdon,Small,South East,Residential,Low Deprivation,Smaller non-coastal towns ,"{'2001': np.int64(6189), '2002': np.int64(6346), '2003': np.int64(6384), '2004': np.int64(6390), '2005': np.int64(6499), '2006': np.int64(6562), '2007': np.int64(6585), '2008': np.int64(6642), '2009': np.int64(6671), '2010': np.int64(6856), '2011': np.int64(7156), '2012': np.int64(7427), '2013': np.int64(7568), '2014': np.int64(7772), '2015': np.int64(7955), '2016': np.int64(8011), '2017': np.int64(8093), '2018': np.int64(8098), '2019': np.int64(7992)}"
Weaverham,Small,North West,Residential,High Deprivation,Smaller non-coastal towns ,"{'2001': np.int64(6252), '2002': np.int64(6325), '2003': np.int64(6229), '2004': np.int64(6309), '2005': np.int64(6285), '2006': np.int64(6268), '2007': np.int64(6249), '2008': np.int64(6235), '2009': np.int64(6194), '2010': np.int64(6187), '2011': np.int64(6092), '2012': np.int64(6074), '2013': np.int64(6106), '2014': np.int64(6118), '2015': np.int64(6082), '2016': np.int64(5991), '2017': np.int64(6007), '2018': np.int64(6040), '2019': np.int64(5938)}"
Ilminster,Small,South West,Mixed,Middle Deprivation,Smaller non-coastal towns ,"{'2001': np.int64(4577), '2002': np.int64(4911), '2003': np.int64(5157), '2004': np.int64(5251), '2005': np.int64(5383), '2006': np.int64(5497), '2007': np.int64(5558), '2008': np.int64(5609), '2009': np.int64(5686), '2010': np.int64(5771), '2011': np.int64(5852), '2012': np.int64(5849), '2013': np.int64(5894), '2014': np.int64(5960), '2015': np.int64(6042), '2016': np.int64(6062), '2017': np.int64(6113), '2018': np.int64(6060), '2019': np.int64(6018)}"
Ferryhill,Small,North East,Residential,High Deprivation,Smaller non-coastal towns ,"{'2001': np.int64(10509), '2002': np.int64(10545), '2003': np.int64(10487), '2004': np.int64(10515), '2005': np.int64(10486), '2006': np.int64(10383), '2007': np.int64(10210), '2008': np.int64(10052), '2009': np.int64(9990), '2010': np.int64(9863), '2011': np.int64(9806), '2012': np.int64(9700), '2013': np.int64(9657), '2014': np.int64(9569), '2015': np.int64(9572), '2016': np.int64(9460), '2017': np.int64(9445), '2018': np.int64(9362), '2019': np.int64(9268)}"
Raunds,Small,East Midlands,Residential,Low Deprivation,Smaller non-coastal towns ,"{'2001': np.int64(8286), '2002': np.int64(8372), '2003': np.int64(8498), '2004': np.int64(8470), '2005': np.int64(8431), '2006': np.int64(8513), '2007': np.int64(8522), '2008': np.int64(8561), '2009': np.int64(8627), '2010': np.int64(8649), '2011': np.int64(8637), '2012': np.int64(8541), '2013': np.int64(8566), '2014': np.int64(8569), '2015': np.int64(8571), '2016': np.int64(8661), '2017': np.int64(8822), '2018': np.int64(8972), '2019': np.int64(9165)}"
Halstead,Small,East of England,Mixed,Middle Deprivation,Smaller non-coastal towns ,"{'2001': np.int64(11019), '2002': np.int64(11227), '2003': np.int64(11307), '2004': np.int64(11402), '2005': np.int64(11382), '2006': np.int64(11559), '2007': np.int64(11620), '2008': np.int64(11736), '2009': np.int64(11726), '2010': np.int64(11818), '2011': np.int64(11934), '2012': np.int64(11977), '2013': np.int64(11897), '2014': np.int64(11975), '2015': np.int64(11992), '2016': np.int64(12194), '2017': np.int64(12127), '2018': np.int64(12051), '2019': np.int64(12161)}"
Newport (Isle of Wight),Medium,South East,Working,High Deprivation,Larger non-coastal towns,"{'2001': np.int64(23032), '2002': np.int64(23275), '2003': np.int64(23397), '2004': np.int64(23525), '2005': np.int64(24003), '2006': np.int64(24369), '2007': np.int64(24509), '2008': np.int64(24777), '2009': np.int64(24712), '2010': np.int64(24897), '2011': np.int64(24937), '2012': np.int64(25159), '2013': np.int64(24925), '2014': np.int64(25240), '2015': np.int64(25518), '2016': np.int64(25622), '2017': np.int64(25773), '2018': np.int64(25926), '2019': np.int64(25844)}"
Ponteland,Small,North East,Residential,Low Deprivation,Smaller non-coastal towns ,"{'2001': np.int64(10185), '2002': np.int64(10123), '2003': np.int64(10114), '2004': np.int64(10123), '2005': np.int64(10090), '2006': np.int64(10089), '2007': np.int64(10098), '2008': np.int64(10135), '2009': np.int64(10066), '2010': np.int64(10093), '2011': np.int64(10124), '2012': np.int64(10170), '2013': np.int64(10284), '2014': np.int64(10297), '2015': np.int64(10341), '2016': np.int64(10406), '2017': np.int64(10480), '2018': np.int64(10380), '2019': np.int64(10465)}"
Measham,Small,East Midlands,Residential,Middle Deprivation,Smaller non-coastal towns ,"{'2001': np.int64(4916), '2002': np.int64(5005), '2003': np.int64(5025), '2004': np.int64(5065), '2005': np.int64(5106), '2006': np.int64(5165), '2007': np.int64(5204), '2008': np.int64(5335), '2009': np.int64(5302), '2010': np.int64(5297), '2011': np.int64(5231), '2012': np.int64(5172), '2013': np.int64(5175), '2014': np.int64(5305), '2015': np.int64(5403), '2016': np.int64(5419), '2017': np.int64(5497), '2018': np.int64(5539), '2019': np.int64(5559)}"
Oakham,Small,East Midlands,Working,Low Deprivation,Smaller non-coastal towns ,"{'2001': np.int64(9983), '2002': np.int64(10295), '2003': np.int64(10298), '2004': np.int64(10241), '2005': np.int64(10302), '2006': np.int64(10489), '2007': np.int64(10734), '2008': np.int64(10700), '2009': np.int64(10706), '2010': np.int64(10691), '2011': np.int64(10935), '2012': np.int64(11000), '2013': np.int64(11090), '2014': np.int64(11305), '2015': np.int64(11189), '2016': np.int64(11065), '2017': np.int64(11136), '2018': np.int64(11157), '2019': np.int64(11191)}"
Brotton,Small,North East,Residential,High Deprivation,Smaller non-coastal towns ,"{'2001': np.int64(5520), '2002': np.int64(5429), '2003': np.int64(5420), '2004': np.int64(5426), '2005': np.int64(5383), '2006': np.int64(5294), '2007': np.int64(5282), '2008': np.int64(5275), '2009': np.int64(5327), '2010': np.int64(5343), '2011': np.int64(5411), '2012': np.int64(5378), '2013': np.int64(5532), '2014': np.int64(5487), '2015': np.int64(5535), '2016': np.int64(5496), '2017': np.int64(5488), '2018': np.int64(5525), '2019': np.int64(5506)}"
Okehampton,Small,South West,Working,High Deprivation,Smaller non-coastal towns ,"{'2001': np.int64(6193), '2002': np.int64(6516), '2003': np.int64(6604), '2004': np.int64(6826), '2005': np.int64(7011), '2006': np.int64(7131), '2007': np.int64(7237), '2008': np.int64(7303), '2009': np.int64(7407), '2010': np.int64(7499), '2011': np.int64(7665), '2012': np.int64(7754), '2013': np.int64(7782), '2014': np.int64(7901), '2015': np.int64(8164), '2016': np.int64(8248), '2017': np.int64(8470), '2018': np.int64(8643), '2019': np.int64(8805)}"
Great Wakering,Small,East of England,Residential,Middle Deprivation,Smaller non-coastal towns ,"{'2001': np.int64(5207), '2002': np.int64(5333), '2003': np.int64(5302), '2004': np.int64(5366), '2005': np.int64(5461), '2006': np.int64(5446), '2007': np.int64(5435), '2008': np.int64(5498), '2009': np.int64(5471), '2010': np.int64(5428), '2011': np.int64(5409), '2012': np.int64(5417), '2013': np.int64(5429), '2014': np.int64(5485), '2015': np.int64(5495), '2016': np.int64(5484), '2017': np.int64(5578), '2018': np.int64(5665), '2019': np.int64(5639)}"
Clitheroe,Small,North West,Working,Low Deprivation,Smaller non-coastal towns ,"{'2001': np.int64(14743), '2002': np.int64(14715), '2003': np.int64(14570), '2004': np.int64(14751), '2005': np.int64(14779), '2006': np.int64(14731), '2007': np.int64(14692), '2008': np.int64(14747), '2009': np.int64(14610), '2010': np.int64(14779), '2011': np.int64(14801), '2012': np.int64(14905), '2013': np.int64(15093), '2014': np.int64(15143), '2015': np.int64(15374), '2016': np.int64(15587), '2017': np.int64(15974), '2018': np.int64(16279), '2019': np.int64(16653)}"
Helsby,Small,North West,Mixed,Low Deprivation,Smaller non-coastal towns ,"{'2001': np.int64(4943), '2002': np.int64(4926), '2003': np.int64(5019), '2004': np.int64(4986), '2005': np.int64(5004), '2006': np.int64(5044), '2007': np.int64(5098), '2008': np.int64(5131), '2009': np.int64(5099), '2010': np.int64(5154), '2011': np.int64(5153), '2012': np.int64(5229), '2013': np.int64(5223), '2014': np.int64(5194), '2015': np.int64(5179), '2016': np.int64(5172), '2017': np.int64(5189), '2018': np.int64(5175), '2019': np.int64(5221)}"
Petersfield,Small,South East,Working,Low Deprivation,Smaller non-coastal towns ,"{'2001': np.int64(13305), '2002': np.int64(13419), '2003': np.int64(13506), '2004': np.int64(13556), '2005': np.int64(13761), '2006': np.int64(13950), '2007': np.int64(14148), '2008': np.int64(14387), '2009': np.int64(14639), '2010': np.int64(14842), '2011': np.int64(14998), '2012': np.int64(14955), '2013': np.int64(14936), '2014': np.int64(14973), '2015': np.int64(15005), '2016': np.int64(15093), '2017': np.int64(15246), '2018': np.int64(15390), '2019': np.int64(15450)}"
Louth,Small,East Midlands,Working,High Deprivation,Smaller non-coastal towns ,"{'2001': np.int64(16023), '2002': np.int64(16092), '2003': np.int64(15966), '2004': np.int64(16040), '2005': np.int64(16100), '2006': np.int64(16232), '2007': np.int64(16338), '2008': np.int64(16434), '2009': np.int64(16467), '2010': np.int64(16548), '2011': np.int64(16466), '2012': np.int64(16538), '2013': np.int64(16641), '2014': np.int64(16766), '2015': np.int64(16845), '2016': np.int64(16852), '2017': np.int64(16991), '2018': np.int64(17137), '2019': np.int64(17413)}"
Ashington (Northumberland),Medium,North East,Mixed,High Deprivation,Larger other coastal towns ,"{'2001': np.int64(27386), '2002': np.int64(27234), '2003': np.int64(27280), '2004': np.int64(27319), '2005': np.int64(27359), '2006': np.int64(27416), '2007': np.int64(27433), '2008': np.int64(27617), '2009': np.int64(27643), '2010': np.int64(27567), '2011': np.int64(27685), '2012': np.int64(27736), '2013': np.int64(27803), '2014': np.int64(27720), '2015': np.int64(27761), '2016': np.int64(27664), '2017': np.int64(27993), '2018': np.int64(28100), '2019': np.int64(28139)}"
Newmarket,Medium,East of England,Working,Low Deprivation,Larger non-coastal towns,"{'2001': np.int64(18727), '2002': np.int64(18813), '2003': np.int64(19132), '2004': np.int64(18895), '2005': np.int64(18926), '2006': np.int64(18998), '2007': np.int64(18947), '2008': np.int64(19290), '2009': np.int64(19602), '2010': np.int64(20128), '2011': np.int64(20464), '2012': np.int64(20244), '2013': np.int64(20386), '2014': np.int64(20790), '2015': np.int64(20875), '2016': np.int64(20472), '2017': np.int64(20977), '2018': np.int64(21061), '2019': np.int64(20819)}"
Culcheth,Small,North West,Residential,Low Deprivation,Smaller non-coastal towns ,"{'2001': np.int64(6821), '2002': np.int64(6848), '2003': np.int64(6780), '2004': np.int64(6817), '2005': np.int64(6767), '2006': np.int64(6717), '2007': np.int64(6722), '2008': np.int64(6731), '2009': np.int64(6661), '2010': np.int64(6727), '2011': np.int64(6700), '2012': np.int64(6809), '2013': np.int64(6756), '2014': np.int64(6748), '2015': np.int64(6708), '2016': np.int64(6751), '2017': np.int64(6718), '2018': np.int64(6679), '2019': np.int64(6694)}"
Heswall,Medium,North West,Residential,Low Deprivation,Larger non-coastal towns,"{'2001': np.int64(30072), '2002': np.int64(30030), '2003': np.int64(29977), '2004': np.int64(30090), '2005': np.int64(30049), '2006': np.int64(30007), '2007': np.int64(30007), '2008': np.int64(30011), '2009': np.int64(29864), '2010': np.int64(29858), '2011': np.int64(29735), '2012': np.int64(29850), '2013': np.int64(29762), '2014': np.int64(29683), '2015': np.int64(29609), '2016': np.int64(29509), '2017': np.int64(29467), '2018': np.int64(29541), '2019': np.int64(29436)}"
Sheerness,Small,South East,Mixed,High Deprivation,Smaller seaside towns ,"{'2001': np.int64(11697), '2002': np.int64(11497), '2003': np.int64(11525), '2004': np.int64(11562), '2005': np.int64(11591), '2006': np.int64(11681), '2007': np.int64(11715), '2008': np.int64(11764), '2009': np.int64(11739), '2010': np.int64(11901), '2011': np.int64(12004), '2012': np.int64(12273), '2013': np.int64(12326), '2014': np.int64(12518), '2015': np.int64(12725), '2016': np.int64(13088), '2017': np.int64(13270), '2018': np.int64(13422), '2019': np.int64(13418)}"
Driffield,Small,Yorkshire and The Humber,Residential,Low Deprivation,Smaller non-coastal towns ,"{'2001': np.int64(11442), '2002': np.int64(11755), '2003': np.int64(12057), '2004': np.int64(12360), '2005': np.int64(12554), '2006': np.int64(12712), '2007': np.int64(12861), '2008': np.int64(12964), '2009': np.int64(12984), '2010': np.int64(12936), '2011': np.int64(13111), '2012': np.int64(13165), '2013': np.int64(13175), '2014': np.int64(13092), '2015': np.int64(12930), '2016': np.int64(12980), '2017': np.int64(13049), '2018': np.int64(12966), '2019': np.int64(13117)}"
Retford,Medium,East Midlands,Mixed,High Deprivation,Larger non-coastal towns,"{'2001': np.int64(20960), '2002': np.int64(21083), '2003': np.int64(21178), '2004': np.int64(21239), '2005': np.int64(21345), '2006': np.int64(21403), '2007': np.int64(21474), '2008': np.int64(21749), '2009': np.int64(21879), '2010': np.int64(21986), '2011': np.int64(22033), '2012': np.int64(22097), '2013': np.int64(22337), '2014': np.int64(22542), '2015': np.int64(22813), '2016': np.int64(22955), '2017': np.int64(23247), '2018': np.int64(23277), '2019': np.int64(23348)}"
Radcliffe on Trent,Small,East Midlands,Residential,Low Deprivation,Smaller non-coastal towns ,"{'2001': np.int64(7234), '2002': np.int64(7156), '2003': np.int64(7169), '2004': np.int64(7311), '2005': np.int64(7335), '2006': np.int64(7343), '2007': np.int64(7448), '2008': np.int64(7473), '2009': np.int64(7470), '2010': np.int64(7521), '2011': np.int64(7501), '2012': np.int64(7432), '2013': np.int64(7461), '2014': np.int64(7502), '2015': np.int64(7569), '2016': np.int64(7589), '2017': np.int64(7517), '2018': np.int64(7532), '2019': np.int64(7551)}"
Ruskington,Small,East Midlands,Residential,Middle Deprivation,Smaller non-coastal towns ,"{'2001': np.int64(5214), '2002': np.int64(5240), '2003': np.int64(5379), '2004': np.int64(5548), '2005': np.int64(5550), '2006': np.int64(5606), '2007': np.int64(5699), '2008': np.int64(5723), '2009': np.int64(5716), '2010': np.int64(5661), '2011': np.int64(5636), '2012': np.int64(5626), '2013': np.int64(5657), '2014': np.int64(5635), '2015': np.int64(5495), '2016': np.int64(5569), '2017': np.int64(5605), '2018': np.int64(5608), '2019': np.int64(5572)}"
Wigton,Small,North West,Working,Middle Deprivation,Smaller non-coastal towns ,"{'2001': np.int64(5415), '2002': np.int64(5583), '2003': np.int64(5571), '2004': np.int64(5674), '2005': np.int64(5669), '2006': np.int64(5767), '2007': np.int64(5799), '2008': np.int64(5801), '2009': np.int64(5819), '2010': np.int64(5809), '2011': np.int64(5826), '2012': np.int64(5800), '2013': np.int64(5809), '2014': np.int64(5803), '2015': np.int64(5875), '2016': np.int64(5989), '2017': np.int64(5982), '2018': np.int64(6043), '2019': np.int64(6025)}"
Leominster,Small,West Midlands,Mixed,High Deprivation,Smaller non-coastal towns ,"{'2001': np.int64(10371), '2002': np.int64(10253), '2003': np.int64(10346), '2004': np.int64(10421), '2005': np.int64(10441), '2006': np.int64(10501), '2007': np.int64(10597), '2008': np.int64(10668), '2009': np.int64(10761), '2010': np.int64(10900), '2011': np.int64(10933), '2012': np.int64(11002), '2013': np.int64(11119), '2014': np.int64(11145), '2015': np.int64(11191), '2016': np.int64(11183), '2017': np.int64(11417), '2018': np.int64(11633), '2019': np.int64(11614)}"
Bodmin,Small,South West,Working,High Deprivation,Smaller non-coastal towns ,"{'2001': np.int64(12699), '2002': np.int64(12995), '2003': np.int64(13258), '2004': np.int64(13490), '2005': np.int64(13689), '2006': np.int64(13829), '2007': np.int64(14035), '2008': np.int64(14306), '2009': np.int64(14303), '2010': np.int64(14416), '2011': np.int64(14672), '2012': np.int64(14859), '2013': np.int64(15100), '2014': np.int64(15170), '2015': np.int64(15447), '2016': np.int64(15601), '2017': np.int64(15681), '2018': np.int64(15868), '2019': np.int64(16000)}"
Caister-on-Sea,Small,East of England,Residential,High Deprivation,Smaller seaside towns ,"{'2001': np.int64(8786), '2002': np.int64(8819), '2003': np.int64(9076), '2004': np.int64(8950), '2005': np.int64(8960), '2006': np.int64(8907), '2007': np.int64(8799), '2008': np.int64(8767), '2009': np.int64(8775), '2010': np.int64(8852), '2011': np.int64(8891), '2012': np.int64(8850), '2013': np.int64(8950), '2014': np.int64(8972), '2015': np.int64(9025), '2016': np.int64(8972), '2017': np.int64(8898), '2018': np.int64(8911), '2019': np.int64(8801)}"
Devizes,Small,South West,Working,Middle Deprivation,Smaller non-coastal towns ,"{'2001': np.int64(14219), '2002': np.int64(14472), '2003': np.int64(14712), '2004': np.int64(15188), '2005': np.int64(15598), '2006': np.int64(16048), '2007': np.int64(16380), '2008': np.int64(16822), '2009': np.int64(17205), '2010': np.int64(17615), '2011': np.int64(18082), '2012': np.int64(18554), '2013': np.int64(18760), '2014': np.int64(18937), '2015': np.int64(18877), '2016': np.int64(19006), '2017': np.int64(18907), '2018': np.int64(18978), '2019': np.int64(19097)}"
Cotgrave,Small,East Midlands,Residential,Middle Deprivation,Smaller non-coastal towns ,"{'2001': np.int64(7390), '2002': np.int64(7337), '2003': np.int64(7362), '2004': np.int64(7398), '2005': np.int64(7398), '2006': np.int64(7295), '2007': np.int64(7171), '2008': np.int64(7073), '2009': np.int64(7075), '2010': np.int64(7152), '2011': np.int64(7195), '2012': np.int64(7273), '2013': np.int64(7356), '2014': np.int64(7303), '2015': np.int64(7357), '2016': np.int64(7260), '2017': np.int64(7481), '2018': np.int64(7836), '2019': np.int64(8113)}"
Wingate,Small,North East,Residential,High Deprivation,Smaller non-coastal towns ,"{'2001': np.int64(4658), '2002': np.int64(4723), '2003': np.int64(4732), '2004': np.int64(4687), '2005': np.int64(4686), '2006': np.int64(4752), '2007': np.int64(4889), '2008': np.int64(5025), '2009': np.int64(5123), '2010': np.int64(5165), '2011': np.int64(5136), '2012': np.int64(5133), '2013': np.int64(5092), '2014': np.int64(5098), '2015': np.int64(5088), '2016': np.int64(5101), '2017': np.int64(5115), '2018': np.int64(5133), '2019': np.int64(5186)}"
Elland,Small,Yorkshire and The Humber,Working,High Deprivation,Smaller non-coastal towns ,"{'2001': np.int64(14630), '2002': np.int64(14713), '2003': np.int64(14918), '2004': np.int64(14931), '2005': np.int64(15093), '2006': np.int64(15084), '2007': np.int64(15200), '2008': np.int64(15301), '2009': np.int64(15316), '2010': np.int64(15447), '2011': np.int64(15651), '2012': np.int64(15761), '2013': np.int64(15950), '2014': np.int64(16053), '2015': np.int64(16085), '2016': np.int64(16236), '2017': np.int64(16153), '2018': np.int64(16248), '2019': np.int64(16255)}"
Bishop's Stortford,Medium,East of England,Working,Low Deprivation,Larger non-coastal towns,"{'2001': np.int64(35365), '2002': np.int64(35372), '2003': np.int64(35354), '2004': np.int64(35520), '2005': np.int64(35658), '2006': np.int64(36144), '2007': np.int64(36661), '2008': np.int64(36762), '2009': np.int64(37210), '2010': np.int64(37649), '2011': np.int64(38005), '2012': np.int64(38338), '2013': np.int64(38824), '2014': np.int64(39392), '2015': np.int64(39682), '2016': np.int64(39863), '2017': np.int64(40089), '2018': np.int64(40423), '2019': np.int64(40815)}"
Kenilworth,Medium,West Midlands,Residential,Low Deprivation,Larger non-coastal towns,"{'2001': np.int64(22271), '2002': np.int64(22284), '2003': np.int64(22346), '2004': np.int64(22544), '2005': np.int64(22726), '2006': np.int64(22801), '2007': np.int64(22875), '2008': np.int64(22764), '2009': np.int64(22585), '2010': np.int64(22581), '2011': np.int64(22397), '2012': np.int64(22219), '2013': np.int64(22080), '2014': np.int64(22017), '2015': np.int64(21758), '2016': np.int64(21450), '2017': np.int64(21490), '2018': np.int64(21682), '2019': np.int64(21616)}"
Hungerford,Small,South East,Working,Low Deprivation,Smaller non-coastal towns ,"{'2001': np.int64(4921), '2002': np.int64(4889), '2003': np.int64(4932), '2004': np.int64(4995), '2005': np.int64(5019), '2006': np.int64(5008), '2007': np.int64(5044), '2008': np.int64(5022), '2009': np.int64(5079), '2010': np.int64(5100), '2011': np.int64(5116), '2012': np.int64(5060), '2013': np.int64(5141), '2014': np.int64(5083), '2015': np.int64(5149), '2016': np.int64(5194), '2017': np.int64(5216), '2018': np.int64(5241), '2019': np.int64(5157)}"
Countesthorpe,Small,East Midlands,Residential,Low Deprivation,Smaller non-coastal towns ,"{'2001': np.int64(6418), '2002': np.int64(6441), '2003': np.int64(6448), '2004': np.int64(6436), '2005': np.int64(6437), '2006': np.int64(6409), '2007': np.int64(6483), '2008': np.int64(6408), '2009': np.int64(6396), '2010': np.int64(6387), '2011': np.int64(6377), '2012': np.int64(6505), '2013': np.int64(6672), '2014': np.int64(6868), '2015': np.int64(7085), '2016': np.int64(7219), '2017': np.int64(7364), '2018': np.int64(7461), '2019': np.int64(7447)}"
Easington (County Durham),Small,North East,Residential,High Deprivation,Smaller other coastal towns,"{'2001': np.int64(7162), '2002': np.int64(7134), '2003': np.int64(6988), '2004': np.int64(7095), '2005': np.int64(7201), '2006': np.int64(7276), '2007': np.int64(7240), '2008': np.int64(7250), '2009': np.int64(7237), '2010': np.int64(7244), '2011': np.int64(7198), '2012': np.int64(7114), '2013': np.int64(7064), '2014': np.int64(7035), '2015': np.int64(7049), '2016': np.int64(7067), '2017': np.int64(7034), '2018': np.int64(7037), '2019': np.int64(7093)}"
New Romney,Small,South East,Mixed,High Deprivation,Smaller seaside towns ,"{'2001': np.int64(9377), '2002': np.int64(9546), '2003': np.int64(9545), '2004': np.int64(9569), '2005': np.int64(9610), '2006': np.int64(9677), '2007': np.int64(9684), '2008': np.int64(9761), '2009': np.int64(9734), '2010': np.int64(9774), '2011': np.int64(9676), '2012': np.int64(9624), '2013': np.int64(9691), '2014': np.int64(9716), '2015': np.int64(9754), '2016': np.int64(9983), '2017': np.int64(9941), '2018': np.int64(10009), '2019': np.int64(9989)}"
Highworth,Small,South West,Residential,Low Deprivation,Smaller non-coastal towns ,"{'2001': np.int64(7993), '2002': np.int64(8036), '2003': np.int64(7954), '2004': np.int64(7942), '2005': np.int64(7867), '2006': np.int64(7877), '2007': np.int64(7932), '2008': np.int64(7976), '2009': np.int64(7929), '2010': np.int64(7897), '2011': np.int64(7882), '2012': np.int64(7869), '2013': np.int64(7863), '2014': np.int64(7849), '2015': np.int64(8003), '2016': np.int64(7941), '2017': np.int64(7867), '2018': np.int64(7829), '2019': np.int64(7750)}"
Washingborough,Small,East Midlands,Residential,Low Deprivation,Smaller non-coastal towns ,"{'2001': np.int64(6326), '2002': np.int64(6395), '2003': np.int64(6415), '2004': np.int64(6399), '2005': np.int64(6355), '2006': np.int64(6361), '2007': np.int64(6427), '2008': np.int64(6425), '2009': np.int64(6489), '2010': np.int64(6487), '2011': np.int64(6469), '2012': np.int64(6506), '2013': np.int64(6509), '2014': np.int64(6512), '2015': np.int64(6539), '2016': np.int64(6612), '2017': np.int64(6754), '2018': np.int64(6740), '2019': np.int64(6757)}"
South Ockendon,Small,East of England,Residential,High Deprivation,Smaller non-coastal towns ,"{'2001': np.int64(17761), '2002': np.int64(17870), '2003': np.int64(18126), '2004': np.int64(18133), '2005': np.int64(18172), '2006': np.int64(18282), '2007': np.int64(18319), '2008': np.int64(18744), '2009': np.int64(19024), '2010': np.int64(19306), '2011': np.int64(19505), '2012': np.int64(19844), '2013': np.int64(20169), '2014': np.int64(20562), '2015': np.int64(21061), '2016': np.int64(21491), '2017': np.int64(21794), '2018': np.int64(22055), '2019': np.int64(22303)}"
Chipping Norton,Small,South East,Working,Low Deprivation,Smaller non-coastal towns ,"{'2001': np.int64(5507), '2002': np.int64(5467), '2003': np.int64(5497), '2004': np.int64(5460), '2005': np.int64(5442), '2006': np.int64(5508), '2007': np.int64(5633), '2008': np.int64(5646), '2009': np.int64(5664), '2010': np.int64(5677), '2011': np.int64(5738), '2012': np.int64(5680), '2013': np.int64(5766), '2014': np.int64(5745), '2015': np.int64(5780), '2016': np.int64(5833), '2017': np.int64(5950), '2018': np.int64(6121), '2019': np.int64(6254)}"
West Chiltington Common,Small,South East,Mixed,Low Deprivation,Smaller non-coastal towns ,"{'2001': np.int64(6924), '2002': np.int64(6908), '2003': np.int64(6978), '2004': np.int64(6971), '2005': np.int64(7009), '2006': np.int64(7061), '2007': np.int64(7062), '2008': np.int64(7165), '2009': np.int64(7295), '2010': np.int64(7441), '2011': np.int64(7479), '2012': np.int64(7584), '2013': np.int64(7700), '2014': np.int64(7871), '2015': np.int64(7864), '2016': np.int64(7903), '2017': np.int64(7891), '2018': np.int64(7892), '2019': np.int64(7867)}"
New Rossington,Small,Yorkshire and The Humber,Residential,High Deprivation,Smaller non-coastal towns ,"{'2001': np.int64(13261), '2002': np.int64(13474), '2003': np.int64(13717), '2004': np.int64(13625), '2005': np.int64(13550), '2006': np.int64(13450), '2007': np.int64(13362), '2008': np.int64(13382), '2009': np.int64(13355), '2010': np.int64(13478), '2011': np.int64(13536), '2012': np.int64(13502), '2013': np.int64(13432), '2014': np.int64(13453), '2015': np.int64(13500), '2016': np.int64(13346), '2017': np.int64(13295), '2018': np.int64(13375), '2019': np.int64(13656)}"
Brightlingsea,Small,East of England,Residential,Middle Deprivation,Smaller other coastal towns,"{'2001': np.int64(8177), '2002': np.int64(8194), '2003': np.int64(8263), '2004': np.int64(8272), '2005': np.int64(8370), '2006': np.int64(8385), '2007': np.int64(8312), '2008': np.int64(8331), '2009': np.int64(8236), '2010': np.int64(8246), '2011': np.int64(8069), '2012': np.int64(8127), '2013': np.int64(8171), '2014': np.int64(8252), '2015': np.int64(8290), '2016': np.int64(8417), '2017': np.int64(8557), '2018': np.int64(8573), '2019': np.int64(8651)}"
Stanford-le-Hope,Medium,East of England,Residential,Middle Deprivation,Larger non-coastal towns,"{'2001': np.int64(30133), '2002': np.int64(29958), '2003': np.int64(29549), '2004': np.int64(29383), '2005': np.int64(29303), '2006': np.int64(29215), '2007': np.int64(29206), '2008': np.int64(28994), '2009': np.int64(28979), '2010': np.int64(28744), '2011': np.int64(28724), '2012': np.int64(28451), '2013': np.int64(28387), '2014': np.int64(28476), '2015': np.int64(28617), '2016': np.int64(28786), '2017': np.int64(29064), '2018': np.int64(29059), '2019': np.int64(29004)}"
Yeovil,Medium,South West,Working,High Deprivation,Larger non-coastal towns,"{'2001': np.int64(42058), '2002': np.int64(42411), '2003': np.int64(42843), '2004': np.int64(43219), '2005': np.int64(43895), '2006': np.int64(44178), '2007': np.int64(44696), '2008': np.int64(45123), '2009': np.int64(45357), '2010': np.int64(45334), '2011': np.int64(45964), '2012': np.int64(46523), '2013': np.int64(46921), '2014': np.int64(47385), '2015': np.int64(47576), '2016': np.int64(47919), '2017': np.int64(48303), '2018': np.int64(48590), '2019': np.int64(48615)}"
North Baddesley,Small,South East,Residential,Low Deprivation,Smaller non-coastal towns ,"{'2001': np.int64(6246), '2002': np.int64(6288), '2003': np.int64(6213), '2004': np.int64(6172), '2005': np.int64(6185), '2006': np.int64(6331), '2007': np.int64(6598), '2008': np.int64(6737), '2009': np.int64(6741), '2010': np.int64(6818), '2011': np.int64(6833), '2012': np.int64(6813), '2013': np.int64(6774), '2014': np.int64(6855), '2015': np.int64(6792), '2016': np.int64(6938), '2017': np.int64(6971), '2018': np.int64(6985), '2019': np.int64(6950)}"
Amesbury,Small,South West,Mixed,Low Deprivation,Smaller non-coastal towns ,"{'2001': np.int64(8271), '2002': np.int64(8364), '2003': np.int64(8601), '2004': np.int64(8581), '2005': np.int64(8625), '2006': np.int64(8795), '2007': np.int64(9176), '2008': np.int64(9402), '2009': np.int64(9702), '2010': np.int64(9993), '2011': np.int64(10198), '2012': np.int64(10373), '2013': np.int64(10570), '2014': np.int64(10628), '2015': np.int64(10616), '2016': np.int64(10726), '2017': np.int64(11149), '2018': np.int64(11404), '2019': np.int64(11754)}"
Crook,Small,North East,Residential,High Deprivation,Smaller non-coastal towns ,"{'2001': np.int64(8495), '2002': np.int64(8484), '2003': np.int64(8728), '2004': np.int64(8846), '2005': np.int64(8861), '2006': np.int64(8964), '2007': np.int64(9201), '2008': np.int64(9356), '2009': np.int64(9421), '2010': np.int64(9403), '2011': np.int64(9488), '2012': np.int64(9516), '2013': np.int64(9457), '2014': np.int64(9453), '2015': np.int64(9492), '2016': np.int64(9561), '2017': np.int64(9546), '2018': np.int64(9542), '2019': np.int64(9627)}"
Shipston-on-Stour,Small,West Midlands,Residential,Low Deprivation,Smaller non-coastal towns ,"{'2001': np.int64(4461), '2002': np.int64(4447), '2003': np.int64(4576), '2004': np.int64(4701), '2005': np.int64(4796), '2006': np.int64(4861), '2007': np.int64(4965), '2008': np.int64(5012), '2009': np.int64(4981), '2010': np.int64(5003), '2011': np.int64(5048), '2012': np.int64(5098), '2013': np.int64(5118), '2014': np.int64(5112), '2015': np.int64(5105), '2016': np.int64(5053), '2017': np.int64(5109), '2018': np.int64(5164), '2019': np.int64(5243)}"
Maldon,Medium,East of England,Working,Middle Deprivation,Larger non-coastal towns,"{'2001': np.int64(20730), '2002': np.int64(20986), '2003': np.int64(20908), '2004': np.int64(21100), '2005': np.int64(21053), '2006': np.int64(21068), '2007': np.int64(21204), '2008': np.int64(21255), '2009': np.int64(21391), '2010': np.int64(21493), '2011': np.int64(21507), '2012': np.int64(21569), '2013': np.int64(21783), '2014': np.int64(21848), '2015': np.int64(21824), '2016': np.int64(21945), '2017': np.int64(21810), '2018': np.int64(21886), '2019': np.int64(22032)}"
Sudbury,Medium,East of England,Working,Middle Deprivation,Larger non-coastal towns,"{'2001': np.int64(20112), '2002': np.int64(20232), '2003': np.int64(20624), '2004': np.int64(20710), '2005': np.int64(20834), '2006': np.int64(21024), '2007': np.int64(21224), '2008': np.int64(21576), '2009': np.int64(21774), '2010': np.int64(21889), '2011': np.int64(22268), '2012': np.int64(22471), '2013': np.int64(22696), '2014': np.int64(22915), '2015': np.int64(23093), '2016': np.int64(23177), '2017': np.int64(23456), '2018': np.int64(23626), '2019': np.int64(23842)}"
Brandon (County Durham),Small,North East,Working,High Deprivation,Smaller non-coastal towns ,"{'2001': np.int64(9047), '2002': np.int64(9073), '2003': np.int64(8951), '2004': np.int64(8927), '2005': np.int64(8936), '2006': np.int64(9047), '2007': np.int64(9110), '2008': np.int64(9226), '2009': np.int64(9261), '2010': np.int64(9471), '2011': np.int64(9576), '2012': np.int64(9553), '2013': np.int64(9546), '2014': np.int64(9572), '2015': np.int64(9834), '2016': np.int64(9920), '2017': np.int64(9967), '2018': np.int64(10134), '2019': np.int64(10177)}"
Ormskirk,Medium,North West,Mixed,Low Deprivation,Larger non-coastal towns,"{'2001': np.int64(23560), '2002': np.int64(23779), '2003': np.int64(23616), '2004': np.int64(23575), '2005': np.int64(23577), '2006': np.int64(23596), '2007': np.int64(23688), '2008': np.int64(23591), '2009': np.int64(23506), '2010': np.int64(23748), '2011': np.int64(24018), '2012': np.int64(24395), '2013': np.int64(24747), '2014': np.int64(24971), '2015': np.int64(25288), '2016': np.int64(25523), '2017': np.int64(26121), '2018': np.int64(26327), '2019': np.int64(26262)}"
Blyth (Northumberland),Medium,North East,Residential,High Deprivation,Larger other coastal towns ,"{'2001': np.int64(35865), '2002': np.int64(36050), '2003': np.int64(36109), '2004': np.int64(36109), '2005': np.int64(36317), '2006': np.int64(36436), '2007': np.int64(36661), '2008': np.int64(36916), '2009': np.int64(37166), '2010': np.int64(37306), '2011': np.int64(37425), '2012': np.int64(37434), '2013': np.int64(37455), '2014': np.int64(37513), '2015': np.int64(37959), '2016': np.int64(38388), '2017': np.int64(38794), '2018': np.int64(39251), '2019': np.int64(39535)}"
Holbeach,Small,East Midlands,Residential,High Deprivation,Smaller non-coastal towns ,"{'2001': np.int64(7225), '2002': np.int64(7390), '2003': np.int64(7431), '2004': np.int64(7446), '2005': np.int64(7406), '2006': np.int64(7565), '2007': np.int64(7703), '2008': np.int64(7817), '2009': np.int64(7842), '2010': np.int64(7901), '2011': np.int64(7900), '2012': np.int64(7838), '2013': np.int64(7873), '2014': np.int64(7927), '2015': np.int64(7946), '2016': np.int64(8142), '2017': np.int64(8274), '2018': np.int64(8400), '2019': np.int64(8418)}"
East Horsley,Small,South East,Residential,Low Deprivation,Smaller non-coastal towns ,"{'2001': np.int64(5602), '2002': np.int64(5626), '2003': np.int64(5612), '2004': np.int64(5663), '2005': np.int64(5682), '2006': np.int64(5671), '2007': np.int64(5673), '2008': np.int64(5654), '2009': np.int64(5673), '2010': np.int64(5792), '2011': np.int64(5859), '2012': np.int64(5857), '2013': np.int64(5891), '2014': np.int64(5907), '2015': np.int64(5964), '2016': np.int64(6011), '2017': np.int64(5993), '2018': np.int64(5951), '2019': np.int64(6002)}"
Burwell,Small,East of England,Residential,Low Deprivation,Smaller non-coastal towns ,"{'2001': np.int64(5861), '2002': np.int64(5919), '2003': np.int64(6142), '2004': np.int64(5990), '2005': np.int64(6084), '2006': np.int64(6143), '2007': np.int64(6154), '2008': np.int64(6207), '2009': np.int64(6248), '2010': np.int64(6320), '2011': np.int64(6335), '2012': np.int64(6383), '2013': np.int64(6432), '2014': np.int64(6413), '2015': np.int64(6435), '2016': np.int64(6375), '2017': np.int64(6433), '2018': np.int64(6438), '2019': np.int64(6417)}"
Darlington,Large,North East,Working,High Deprivation,Larger non-coastal towns,"{'2001': np.int64(86518), '2002': np.int64(86928), '2003': np.int64(87197), '2004': np.int64(87279), '2005': np.int64(87978), '2006': np.int64(89038), '2007': np.int64(90006), '2008': np.int64(90929), '2009': np.int64(91453), '2010': np.int64(91981), '2011': np.int64(92395), '2012': np.int64(92348), '2013': np.int64(92572), '2014': np.int64(92617), '2015': np.int64(92670), '2016': np.int64(92934), '2017': np.int64(92988), '2018': np.int64(93124), '2019': np.int64(93305)}"
Axminster,Small,South West,Mixed,Middle Deprivation,Smaller non-coastal towns ,"{'2001': np.int64(4914), '2002': np.int64(4994), '2003': np.int64(4931), '2004': np.int64(4976), '2005': np.int64(5120), '2006': np.int64(5297), '2007': np.int64(5505), '2008': np.int64(5518), '2009': np.int64(5577), '2010': np.int64(5636), '2011': np.int64(5800), '2012': np.int64(5846), '2013': np.int64(5829), '2014': np.int64(5960), '2015': np.int64(6130), '2016': np.int64(6396), '2017': np.int64(6600), '2018': np.int64(6702), '2019': np.int64(6788)}"
Looe,Small,South West,Mixed,High Deprivation,Smaller seaside towns ,"{'2001': np.int64(5260), '2002': np.int64(5340), '2003': np.int64(5294), '2004': np.int64(5302), '2005': np.int64(5299), '2006': np.int64(5244), '2007': np.int64(5221), '2008': np.int64(5138), '2009': np.int64(5122), '2010': np.int64(5106), '2011': np.int64(5102), '2012': np.int64(5185), '2013': np.int64(5131), '2014': np.int64(5165), '2015': np.int64(5183), '2016': np.int64(5208), '2017': np.int64(5194), '2018': np.int64(5121), '2019': np.int64(5175)}"
Southwater,Small,South East,Residential,Low Deprivation,Smaller non-coastal towns ,"{'2001': np.int64(8337), '2002': np.int64(8497), '2003': np.int64(8537), '2004': np.int64(8576), '2005': np.int64(8570), '2006': np.int64(8649), '2007': np.int64(8683), '2008': np.int64(8717), '2009': np.int64(8715), '2010': np.int64(8687), '2011': np.int64(8712), '2012': np.int64(8687), '2013': np.int64(8730), '2014': np.int64(9041), '2015': np.int64(9097), '2016': np.int64(9168), '2017': np.int64(9206), '2018': np.int64(9239), '2019': np.int64(9313)}"
Cranfield,Small,East of England,Working,Low Deprivation,Smaller non-coastal towns ,"{'2001': np.int64(4919), '2002': np.int64(5033), '2003': np.int64(5180), '2004': np.int64(5271), '2005': np.int64(5297), '2006': np.int64(5240), '2007': np.int64(5155), '2008': np.int64(5263), '2009': np.int64(5286), '2010': np.int64(5415), '2011': np.int64(5409), '2012': np.int64(5430), '2013': np.int64(5543), '2014': np.int64(5684), '2015': np.int64(5749), '2016': np.int64(5828), '2017': np.int64(6038), '2018': np.int64(6301), '2019': np.int64(6427)}"
Norton Canes,Small,West Midlands,Working,High Deprivation,Smaller non-coastal towns ,"{'2001': np.int64(6405), '2002': np.int64(6723), '2003': np.int64(7001), '2004': np.int64(7090), '2005': np.int64(7182), '2006': np.int64(7214), '2007': np.int64(7228), '2008': np.int64(7335), '2009': np.int64(7424), '2010': np.int64(7459), '2011': np.int64(7470), '2012': np.int64(7453), '2013': np.int64(7429), '2014': np.int64(7338), '2015': np.int64(7401), '2016': np.int64(7360), '2017': np.int64(7383), '2018': np.int64(7450), '2019': np.int64(7482)}"
Newquay,Medium,South West,Mixed,High Deprivation,Larger seaside towns,"{'2001': np.int64(19315), '2002': np.int64(19542), '2003': np.int64(19815), '2004': np.int64(19789), '2005': np.int64(19856), '2006': np.int64(19939), '2007': np.int64(19865), '2008': np.int64(19712), '2009': np.int64(19820), '2010': np.int64(19973), '2011': np.int64(20218), '2012': np.int64(20284), '2013': np.int64(20615), '2014': np.int64(20628), '2015': np.int64(20892), '2016': np.int64(21392), '2017': np.int64(21889), '2018': np.int64(22218), '2019': np.int64(22612)}"
Hemsworth,Small,Yorkshire and The Humber,Residential,High Deprivation,Smaller non-coastal towns ,"{'2001': np.int64(9076), '2002': np.int64(9130), '2003': np.int64(9040), '2004': np.int64(9142), '2005': np.int64(9080), '2006': np.int64(8912), '2007': np.int64(9071), '2008': np.int64(9238), '2009': np.int64(9246), '2010': np.int64(9210), '2011': np.int64(9269), '2012': np.int64(9321), '2013': np.int64(9310), '2014': np.int64(9384), '2015': np.int64(9271), '2016': np.int64(9312), '2017': np.int64(9350), '2018': np.int64(9357), '2019': np.int64(9425)}"
Lightwater,Small,South East,Residential,Low Deprivation,Smaller non-coastal towns ,"{'2001': np.int64(6657), '2002': np.int64(6571), '2003': np.int64(6582), '2004': np.int64(6571), '2005': np.int64(6602), '2006': np.int64(6618), '2007': np.int64(6720), '2008': np.int64(6556), '2009': np.int64(6596), '2010': np.int64(6646), '2011': np.int64(6779), '2012': np.int64(6784), '2013': np.int64(6873), '2014': np.int64(6866), '2015': np.int64(6869), '2016': np.int64(6865), '2017': np.int64(6829), '2018': np.int64(6727), '2019': np.int64(6720)}"
Bewdley,Small,West Midlands,Residential,Middle Deprivation,Smaller non-coastal towns ,"{'2001': np.int64(8537), '2002': np.int64(8541), '2003': np.int64(8520), '2004': np.int64(8537), '2005': np.int64(8625), '2006': np.int64(8655), '2007': np.int64(8638), '2008': np.int64(8664), '2009': np.int64(8602), '2010': np.int64(8562), '2011': np.int64(8576), '2012': np.int64(8590), '2013': np.int64(8665), '2014': np.int64(8657), '2015': np.int64(8666), '2016': np.int64(8611), '2017': np.int64(8558), '2018': np.int64(8589), '2019': np.int64(8686)}"
Sawtry,Small,East of England,Residential,Low Deprivation,Smaller non-coastal towns ,"{'2001': np.int64(5558), '2002': np.int64(5567), '2003': np.int64(5562), '2004': np.int64(5558), '2005': np.int64(5461), '2006': np.int64(5449), '2007': np.int64(5357), '2008': np.int64(5330), '2009': np.int64(5285), '2010': np.int64(5236), '2011': np.int64(5250), '2012': np.int64(5193), '2013': np.int64(5203), '2014': np.int64(5257), '2015': np.int64(5580), '2016': np.int64(5669), '2017': np.int64(5643), '2018': np.int64(5630), '2019': np.int64(5687)}"
Millom,Small,North West,Residential,High Deprivation,Smaller non-coastal towns ,"{'2001': np.int64(6027), '2002': np.int64(6050), '2003': np.int64(6030), '2004': np.int64(6018), '2005': np.int64(5979), '2006': np.int64(6039), '2007': np.int64(6005), '2008': np.int64(5986), '2009': np.int64(5982), '2010': np.int64(6002), '2011': np.int64(5977), '2012': np.int64(6016), '2013': np.int64(6056), '2014': np.int64(6036), '2015': np.int64(5980), '2016': np.int64(6025), '2017': np.int64(5930), '2018': np.int64(5887), '2019': np.int64(5787)}"
Thirsk,Small,Yorkshire and The Humber,Residential,Middle Deprivation,Smaller non-coastal towns ,"{'2001': np.int64(9129), '2002': np.int64(9014), '2003': np.int64(9048), '2004': np.int64(9084), '2005': np.int64(9106), '2006': np.int64(9183), '2007': np.int64(9422), '2008': np.int64(9573), '2009': np.int64(9710), '2010': np.int64(9830), '2011': np.int64(9976), '2012': np.int64(10054), '2013': np.int64(10057), '2014': np.int64(10191), '2015': np.int64(10264), '2016': np.int64(10405), '2017': np.int64(10554), '2018': np.int64(10760), '2019': np.int64(10946)}"
Huntingdon,Medium,East of England,Working,Middle Deprivation,Larger non-coastal towns,"{'2001': np.int64(20815), '2002': np.int64(20867), '2003': np.int64(20987), '2004': np.int64(21608), '2005': np.int64(21815), '2006': np.int64(22155), '2007': np.int64(22584), '2008': np.int64(23092), '2009': np.int64(23191), '2010': np.int64(23495), '2011': np.int64(24109), '2012': np.int64(24268), '2013': np.int64(24472), '2014': np.int64(25024), '2015': np.int64(25404), '2016': np.int64(25730), '2017': np.int64(25908), '2018': np.int64(25825), '2019': np.int64(26004)}"
Shirebrook,Small,East Midlands,Mixed,High Deprivation,Smaller non-coastal towns ,"{'2001': np.int64(10403), '2002': np.int64(10409), '2003': np.int64(10757), '2004': np.int64(10666), '2005': np.int64(10693), '2006': np.int64(10755), '2007': np.int64(10880), '2008': np.int64(10963), '2009': np.int64(10967), '2010': np.int64(10953), '2011': np.int64(10916), '2012': np.int64(10974), '2013': np.int64(11172), '2014': np.int64(11343), '2015': np.int64(11549), '2016': np.int64(11632), '2017': np.int64(11750), '2018': np.int64(12009), '2019': np.int64(12408)}"
Sherborne,Small,South West,Working,Middle Deprivation,Smaller non-coastal towns ,"{'2001': np.int64(9273), '2002': np.int64(9235), '2003': np.int64(9374), '2004': np.int64(9424), '2005': np.int64(9557), '2006': np.int64(9628), '2007': np.int64(9673), '2008': np.int64(9684), '2009': np.int64(9627), '2010': np.int64(9618), '2011': np.int64(9495), '2012': np.int64(9552), '2013': np.int64(9636), '2014': np.int64(9756), '2015': np.int64(9729), '2016': np.int64(9754), '2017': np.int64(9815), '2018': np.int64(9922), '2019': np.int64(9894)}"
Silsden,Small,Yorkshire and The Humber,Residential,Low Deprivation,Smaller non-coastal towns ,"{'2001': np.int64(7741), '2002': np.int64(7730), '2003': np.int64(7731), '2004': np.int64(7775), '2005': np.int64(7751), '2006': np.int64(7819), '2007': np.int64(7823), '2008': np.int64(7860), '2009': np.int64(7861), '2010': np.int64(7864), '2011': np.int64(7901), '2012': np.int64(7998), '2013': np.int64(8047), '2014': np.int64(8046), '2015': np.int64(8095), '2016': np.int64(8064), '2017': np.int64(8005), '2018': np.int64(7991), '2019': np.int64(7996)}"
Willington (County Durham),Small,North East,Residential,High Deprivation,Smaller non-coastal towns ,"{'2001': np.int64(6176), '2002': np.int64(6130), '2003': np.int64(6086), '2004': np.int64(6112), '2005': np.int64(6284), '2006': np.int64(6396), '2007': np.int64(6401), '2008': np.int64(6493), '2009': np.int64(6576), '2010': np.int64(6597), '2011': np.int64(6618), '2012': np.int64(6576), '2013': np.int64(6591), '2014': np.int64(6654), '2015': np.int64(6710), '2016': np.int64(6797), '2017': np.int64(6736), '2018': np.int64(6696), '2019': np.int64(6832)}"
South Molton,Small,South West,Working,High Deprivation,Smaller non-coastal towns ,"{'2001': np.int64(4360), '2002': np.int64(4367), '2003': np.int64(4423), '2004': np.int64(4398), '2005': np.int64(4538), '2006': np.int64(4637), '2007': np.int64(4710), '2008': np.int64(4875), '2009': np.int64(4962), '2010': np.int64(5001), '2011': np.int64(5118), '2012': np.int64(5151), '2013': np.int64(5191), '2014': np.int64(5217), '2015': np.int64(5211), '2016': np.int64(5249), '2017': np.int64(5249), '2018': np.int64(5483), '2019': np.int64(5674)}"
Honiton,Small,South West,Working,Middle Deprivation,Smaller non-coastal towns ,"{'2001': np.int64(11213), '2002': np.int64(11387), '2003': np.int64(11295), '2004': np.int64(11492), '2005': np.int64(11511), '2006': np.int64(11536), '2007': np.int64(11664), '2008': np.int64(11665), '2009': np.int64(11568), '2010': np.int64(11498), '2011': np.int64(11507), '2012': np.int64(11518), '2013': np.int64(11489), '2014': np.int64(11526), '2015': np.int64(11514), '2016': np.int64(11478), '2017': np.int64(11516), '2018': np.int64(11588), '2019': np.int64(11549)}"
Chippenham (Wiltshire),Medium,South West,Working,Low Deprivation,Larger non-coastal towns,"{'2001': np.int64(33201), '2002': np.int64(33516), '2003': np.int64(33884), '2004': np.int64(33772), '2005': np.int64(34076), '2006': np.int64(34428), '2007': np.int64(34943), '2008': np.int64(35354), '2009': np.int64(35606), '2010': np.int64(35655), '2011': np.int64(35886), '2012': np.int64(35954), '2013': np.int64(36024), '2014': np.int64(36127), '2015': np.int64(35980), '2016': np.int64(36016), '2017': np.int64(35919), '2018': np.int64(35719), '2019': np.int64(35469)}"
Gillingham (North Dorset),Small,South West,Mixed,Low Deprivation,Smaller non-coastal towns ,"{'2001': np.int64(8807), '2002': np.int64(9142), '2003': np.int64(9588), '2004': np.int64(10000), '2005': np.int64(10351), '2006': np.int64(10703), '2007': np.int64(11139), '2008': np.int64(11314), '2009': np.int64(11170), '2010': np.int64(11085), '2011': np.int64(11319), '2012': np.int64(11364), '2013': np.int64(11410), '2014': np.int64(11426), '2015': np.int64(11524), '2016': np.int64(11538), '2017': np.int64(11585), '2018': np.int64(11549), '2019': np.int64(11490)}"
Redbourn,Small,East of England,Residential,Low Deprivation,Smaller non-coastal towns ,"{'2001': np.int64(4759), '2002': np.int64(4823), '2003': np.int64(4769), '2004': np.int64(4861), '2005': np.int64(4853), '2006': np.int64(4906), '2007': np.int64(4923), '2008': np.int64(4937), '2009': np.int64(4971), '2010': np.int64(5055), '2011': np.int64(5116), '2012': np.int64(5147), '2013': np.int64(5130), '2014': np.int64(5217), '2015': np.int64(5179), '2016': np.int64(5168), '2017': np.int64(5188), '2018': np.int64(5148), '2019': np.int64(5178)}"
West Mersea,Small,East of England,Residential,Low Deprivation,Smaller seaside towns ,"{'2001': np.int64(6821), '2002': np.int64(6807), '2003': np.int64(6814), '2004': np.int64(6783), '2005': np.int64(6784), '2006': np.int64(6856), '2007': np.int64(6852), '2008': np.int64(6890), '2009': np.int64(6916), '2010': np.int64(6980), '2011': np.int64(7033), '2012': np.int64(7054), '2013': np.int64(7078), '2014': np.int64(7243), '2015': np.int64(7250), '2016': np.int64(7269), '2017': np.int64(7238), '2018': np.int64(7207), '2019': np.int64(7144)}"
Tring,Small,East of England,Mixed,Low Deprivation,Smaller non-coastal towns ,"{'2001': np.int64(11870), '2002': np.int64(11778), '2003': np.int64(11828), '2004': np.int64(11752), '2005': np.int64(11810), '2006': np.int64(11834), '2007': np.int64(11828), '2008': np.int64(11855), '2009': np.int64(11993), '2010': np.int64(11912), '2011': np.int64(11936), '2012': np.int64(11939), '2013': np.int64(11893), '2014': np.int64(11957), '2015': np.int64(12050), '2016': np.int64(12177), '2017': np.int64(12267), '2018': np.int64(12307), '2019': np.int64(12297)}"
Guisborough,Small,North East,Residential,Middle Deprivation,Smaller non-coastal towns ,"{'2001': np.int64(17109), '2002': np.int64(17261), '2003': np.int64(17397), '2004': np.int64(17576), '2005': np.int64(17470), '2006': np.int64(17484), '2007': np.int64(17307), '2008': np.int64(17201), '2009': np.int64(17123), '2010': np.int64(17073), '2011': np.int64(16951), '2012': np.int64(16917), '2013': np.int64(16999), '2014': np.int64(17035), '2015': np.int64(17019), '2016': np.int64(17086), '2017': np.int64(17301), '2018': np.int64(17665), '2019': np.int64(17795)}"
Olney,Small,South East,Working,Low Deprivation,Smaller non-coastal towns ,"{'2001': np.int64(6208), '2002': np.int64(6253), '2003': np.int64(6311), '2004': np.int64(6280), '2005': np.int64(6287), '2006': np.int64(6267), '2007': np.int64(6354), '2008': np.int64(6434), '2009': np.int64(6416), '2010': np.int64(6452), '2011': np.int64(6494), '2012': np.int64(6364), '2013': np.int64(6378), '2014': np.int64(6359), '2015': np.int64(6328), '2016': np.int64(6304), '2017': np.int64(6170), '2018': np.int64(6052), '2019': np.int64(6060)}"
New Alresford,Small,South East,Mixed,Low Deprivation,Smaller non-coastal towns ,"{'2001': np.int64(5138), '2002': np.int64(5124), '2003': np.int64(5155), '2004': np.int64(5137), '2005': np.int64(5125), '2006': np.int64(5160), '2007': np.int64(5164), '2008': np.int64(5228), '2009': np.int64(5343), '2010': np.int64(5381), '2011': np.int64(5428), '2012': np.int64(5410), '2013': np.int64(5432), '2014': np.int64(5486), '2015': np.int64(5461), '2016': np.int64(5486), '2017': np.int64(5459), '2018': np.int64(5400), '2019': np.int64(5393)}"
Marchwood,Small,South East,Mixed,Low Deprivation,Smaller non-coastal towns ,"{'2001': np.int64(5606), '2002': np.int64(5730), '2003': np.int64(5785), '2004': np.int64(5732), '2005': np.int64(5774), '2006': np.int64(5845), '2007': np.int64(5991), '2008': np.int64(6126), '2009': np.int64(6116), '2010': np.int64(6176), '2011': np.int64(6264), '2012': np.int64(6258), '2013': np.int64(6182), '2014': np.int64(6174), '2015': np.int64(6119), '2016': np.int64(6042), '2017': np.int64(6091), '2018': np.int64(6115), '2019': np.int64(6035)}"
Rugeley,Medium,West Midlands,Mixed,High Deprivation,Larger non-coastal towns,"{'2001': np.int64(22617), '2002': np.int64(22683), '2003': np.int64(23013), '2004': np.int64(23280), '2005': np.int64(23500), '2006': np.int64(23487), '2007': np.int64(23557), '2008': np.int64(23746), '2009': np.int64(23796), '2010': np.int64(23881), '2011': np.int64(24065), '2012': np.int64(24294), '2013': np.int64(24391), '2014': np.int64(24502), '2015': np.int64(24414), '2016': np.int64(24526), '2017': np.int64(24487), '2018': np.int64(24683), '2019': np.int64(24725)}"
Saffron Walden,Small,East of England,Working,Low Deprivation,Smaller non-coastal towns ,"{'2001': np.int64(14274), '2002': np.int64(14445), '2003': np.int64(14335), '2004': np.int64(14333), '2005': np.int64(14362), '2006': np.int64(14543), '2007': np.int64(14654), '2008': np.int64(14838), '2009': np.int64(14872), '2010': np.int64(15003), '2011': np.int64(15277), '2012': np.int64(15450), '2013': np.int64(15721), '2014': np.int64(15885), '2015': np.int64(16356), '2016': np.int64(16522), '2017': np.int64(16719), '2018': np.int64(16825), '2019': np.int64(17012)}"
Knutsford,Small,North West,Working,Low Deprivation,Smaller non-coastal towns ,"{'2001': np.int64(12599), '2002': np.int64(12658), '2003': np.int64(12712), '2004': np.int64(12697), '2005': np.int64(12792), '2006': np.int64(12907), '2007': np.int64(12956), '2008': np.int64(12975), '2009': np.int64(13091), '2010': np.int64(13133), '2011': np.int64(13230), '2012': np.int64(13271), '2013': np.int64(13250), '2014': np.int64(13281), '2015': np.int64(13220), '2016': np.int64(13340), '2017': np.int64(13286), '2018': np.int64(13164), '2019': np.int64(13095)}"
Shepley,Small,Yorkshire and The Humber,Residential,Low Deprivation,Smaller non-coastal towns ,"{'2001': np.int64(5293), '2002': np.int64(5274), '2003': np.int64(5367), '2004': np.int64(5409), '2005': np.int64(5372), '2006': np.int64(5364), '2007': np.int64(5408), '2008': np.int64(5422), '2009': np.int64(5377), '2010': np.int64(5374), '2011': np.int64(5450), '2012': np.int64(5494), '2013': np.int64(5522), '2014': np.int64(5569), '2015': np.int64(5542), '2016': np.int64(5596), '2017': np.int64(5456), '2018': np.int64(5463), '2019': np.int64(5438)}"
Biggleswade,Small,East of England,Mixed,Low Deprivation,Smaller non-coastal towns ,"{'2001': np.int64(15481), '2002': np.int64(15658), '2003': np.int64(15953), '2004': np.int64(16125), '2005': np.int64(16107), '2006': np.int64(16234), '2007': np.int64(16289), '2008': np.int64(16294), '2009': np.int64(16291), '2010': np.int64(16441), '2011': np.int64(16630), '2012': np.int64(17117), '2013': np.int64(17488), '2014': np.int64(17972), '2015': np.int64(18604), '2016': np.int64(19309), '2017': np.int64(20221), '2018': np.int64(20983), '2019': np.int64(21673)}"
Ripon,Small,Yorkshire and The Humber,Mixed,Low Deprivation,Smaller non-coastal towns ,"{'2001': np.int64(15489), '2002': np.int64(15548), '2003': np.int64(15581), '2004': np.int64(15654), '2005': np.int64(15778), '2006': np.int64(16021), '2007': np.int64(16139), '2008': np.int64(16179), '2009': np.int64(16446), '2010': np.int64(16383), '2011': np.int64(16534), '2012': np.int64(16733), '2013': np.int64(16669), '2014': np.int64(16450), '2015': np.int64(16409), '2016': np.int64(16203), '2017': np.int64(16181), '2018': np.int64(16173), '2019': np.int64(16121)}"
Selsey,Small,South East,Residential,Middle Deprivation,Smaller seaside towns ,"{'2001': np.int64(9720), '2002': np.int64(9842), '2003': np.int64(9939), '2004': np.int64(9967), '2005': np.int64(10107), '2006': np.int64(10363), '2007': np.int64(10522), '2008': np.int64(10561), '2009': np.int64(10532), '2010': np.int64(10589), '2011': np.int64(10520), '2012': np.int64(10450), '2013': np.int64(10503), '2014': np.int64(10519), '2015': np.int64(10500), '2016': np.int64(10460), '2017': np.int64(10486), '2018': np.int64(10533), '2019': np.int64(10519)}"
Ilfracombe,Small,South West,Mixed,High Deprivation,Smaller seaside towns ,"{'2001': np.int64(10466), '2002': np.int64(10691), '2003': np.int64(10838), '2004': np.int64(10903), '2005': np.int64(10932), '2006': np.int64(11028), '2007': np.int64(11079), '2008': np.int64(11136), '2009': np.int64(11072), '2010': np.int64(11156), '2011': np.int64(11169), '2012': np.int64(11108), '2013': np.int64(11126), '2014': np.int64(11069), '2015': np.int64(11023), '2016': np.int64(10990), '2017': np.int64(11068), '2018': np.int64(11055), '2019': np.int64(10946)}"
Saltburn-by-the-Sea,Small,North East,Residential,High Deprivation,Smaller seaside towns ,"{'2001': np.int64(5946), '2002': np.int64(5935), '2003': np.int64(5997), '2004': np.int64(5940), '2005': np.int64(5944), '2006': np.int64(5956), '2007': np.int64(5979), '2008': np.int64(5989), '2009': np.int64(5975), '2010': np.int64(5944), '2011': np.int64(5938), '2012': np.int64(6002), '2013': np.int64(6018), '2014': np.int64(6148), '2015': np.int64(6173), '2016': np.int64(6127), '2017': np.int64(6085), '2018': np.int64(6095), '2019': np.int64(6112)}"
Ventnor,Small,South East,Residential,High Deprivation,Smaller seaside towns ,"{'2001': np.int64(6288), '2002': np.int64(6182), '2003': np.int64(6264), '2004': np.int64(6253), '2005': np.int64(6199), '2006': np.int64(6218), '2007': np.int64(6180), '2008': np.int64(6137), '2009': np.int64(6087), '2010': np.int64(5993), '2011': np.int64(5958), '2012': np.int64(5902), '2013': np.int64(5848), '2014': np.int64(5844), '2015': np.int64(5858), '2016': np.int64(5819), '2017': np.int64(5785), '2018': np.int64(5773), '2019': np.int64(5809)}"
Newton Aycliffe,Medium,North East,Working,High Deprivation,Larger non-coastal towns,"{'2001': np.int64(25673), '2002': np.int64(25718), '2003': np.int64(25547), '2004': np.int64(25763), '2005': np.int64(25747), '2006': np.int64(25602), '2007': np.int64(25658), '2008': np.int64(25635), '2009': np.int64(25775), '2010': np.int64(25859), '2011': np.int64(25980), '2012': np.int64(25964), '2013': np.int64(25726), '2014': np.int64(25767), '2015': np.int64(25778), '2016': np.int64(25833), '2017': np.int64(25859), '2018': np.int64(26065), '2019': np.int64(26116)}"
Newbiggin-by-the-Sea,Small,North East,Residential,High Deprivation,Smaller seaside towns ,"{'2001': np.int64(5961), '2002': np.int64(5866), '2003': np.int64(5912), '2004': np.int64(5808), '2005': np.int64(5839), '2006': np.int64(5868), '2007': np.int64(5908), '2008': np.int64(5995), '2009': np.int64(5998), '2010': np.int64(6224), '2011': np.int64(6291), '2012': np.int64(6290), '2013': np.int64(6258), '2014': np.int64(6234), '2015': np.int64(6199), '2016': np.int64(6157), '2017': np.int64(6132), '2018': np.int64(6122), '2019': np.int64(6133)}"
Filey,Small,Yorkshire and The Humber,Residential,High Deprivation,Smaller seaside towns ,"{'2001': np.int64(6451), '2002': np.int64(6493), '2003': np.int64(6552), '2004': np.int64(6564), '2005': np.int64(6702), '2006': np.int64(6711), '2007': np.int64(6793), '2008': np.int64(6742), '2009': np.int64(6659), '2010': np.int64(6537), '2011': np.int64(6499), '2012': np.int64(6490), '2013': np.int64(6517), '2014': np.int64(6549), '2015': np.int64(6606), '2016': np.int64(6745), '2017': np.int64(6785), '2018': np.int64(6795), '2019': np.int64(6772)}"
Hoo St Werburgh,Small,South East,Residential,Middle Deprivation,Smaller non-coastal towns ,"{'2001': np.int64(5256), '2002': np.int64(5222), '2003': np.int64(5276), '2004': np.int64(5228), '2005': np.int64(5199), '2006': np.int64(5240), '2007': np.int64(5307), '2008': np.int64(5444), '2009': np.int64(5602), '2010': np.int64(5786), '2011': np.int64(6134), '2012': np.int64(6409), '2013': np.int64(6586), '2014': np.int64(6702), '2015': np.int64(6852), '2016': np.int64(7021), '2017': np.int64(7091), '2018': np.int64(7098), '2019': np.int64(7047)}"
Arlesey,Small,East of England,Residential,Low Deprivation,Smaller non-coastal towns ,"{'2001': np.int64(4739), '2002': np.int64(4865), '2003': np.int64(4995), '2004': np.int64(5079), '2005': np.int64(5191), '2006': np.int64(5265), '2007': np.int64(5368), '2008': np.int64(5390), '2009': np.int64(5445), '2010': np.int64(5487), '2011': np.int64(5619), '2012': np.int64(5690), '2013': np.int64(5804), '2014': np.int64(5929), '2015': np.int64(5981), '2016': np.int64(6081), '2017': np.int64(6051), '2018': np.int64(6092), '2019': np.int64(6106)}"
South Woodham Ferrers,Small,East of England,Mixed,Low Deprivation,Smaller non-coastal towns ,"{'2001': np.int64(16727), '2002': np.int64(16735), '2003': np.int64(16672), '2004': np.int64(16751), '2005': np.int64(16723), '2006': np.int64(16604), '2007': np.int64(16456), '2008': np.int64(16518), '2009': np.int64(16390), '2010': np.int64(16513), '2011': np.int64(16447), '2012': np.int64(16374), '2013': np.int64(16416), '2014': np.int64(16488), '2015': np.int64(16320), '2016': np.int64(16273), '2017': np.int64(16239), '2018': np.int64(16137), '2019': np.int64(15978)}"
Earls Barton,Small,East Midlands,Mixed,Low Deprivation,Smaller non-coastal towns ,"{'2001': np.int64(5349), '2002': np.int64(5346), '2003': np.int64(5408), '2004': np.int64(5368), '2005': np.int64(5429), '2006': np.int64(5421), '2007': np.int64(5412), '2008': np.int64(5417), '2009': np.int64(5393), '2010': np.int64(5411), '2011': np.int64(5385), '2012': np.int64(5343), '2013': np.int64(5380), '2014': np.int64(5335), '2015': np.int64(5297), '2016': np.int64(5372), '2017': np.int64(5441), '2018': np.int64(5600), '2019': np.int64(5685)}"
Lichfield,Medium,West Midlands,Working,Middle Deprivation,Larger non-coastal towns,"{'2001': np.int64(28332), '2002': np.int64(28456), '2003': np.int64(28877), '2004': np.int64(29442), '2005': np.int64(29882), '2006': np.int64(30456), '2007': np.int64(31215), '2008': np.int64(31909), '2009': np.int64(32280), '2010': np.int64(32651), '2011': np.int64(33003), '2012': np.int64(33188), '2013': np.int64(33350), '2014': np.int64(33479), '2015': np.int64(33629), '2016': np.int64(33704), '2017': np.int64(33816), '2018': np.int64(33970), '2019': np.int64(34169)}"
Calverton,Small,East Midlands,Residential,Low Deprivation,Smaller non-coastal towns ,"{'2001': np.int64(6761), '2002': np.int64(6646), '2003': np.int64(6717), '2004': np.int64(6721), '2005': np.int64(6670), '2006': np.int64(6520), '2007': np.int64(6531), '2008': np.int64(6626), '2009': np.int64(6702), '2010': np.int64(6764), '2011': np.int64(6879), '2012': np.int64(6796), '2013': np.int64(6829), '2014': np.int64(6877), '2015': np.int64(6980), '2016': np.int64(7097), '2017': np.int64(7177), '2018': np.int64(7178), '2019': np.int64(7139)}"
Blackfield,Small,South East,Mixed,Middle Deprivation,Smaller other coastal towns,"{'2001': np.int64(13769), '2002': np.int64(13840), '2003': np.int64(13839), '2004': np.int64(13719), '2005': np.int64(13726), '2006': np.int64(13724), '2007': np.int64(13714), '2008': np.int64(13688), '2009': np.int64(13739), '2010': np.int64(13755), '2011': np.int64(13741), '2012': np.int64(13879), '2013': np.int64(13776), '2014': np.int64(13874), '2015': np.int64(13809), '2016': np.int64(13713), '2017': np.int64(13594), '2018': np.int64(13537), '2019': np.int64(13505)}"
Yaxley,Small,East of England,Residential,Low Deprivation,Smaller non-coastal towns ,"{'2001': np.int64(7399), '2002': np.int64(7879), '2003': np.int64(8094), '2004': np.int64(8356), '2005': np.int64(8480), '2006': np.int64(8595), '2007': np.int64(8774), '2008': np.int64(8893), '2009': np.int64(8986), '2010': np.int64(9215), '2011': np.int64(9191), '2012': np.int64(9315), '2013': np.int64(9402), '2014': np.int64(9479), '2015': np.int64(9371), '2016': np.int64(9352), '2017': np.int64(9412), '2018': np.int64(9554), '2019': np.int64(9505)}"
Lymm,Small,North West,Residential,Low Deprivation,Smaller non-coastal towns ,"{'2001': np.int64(9794), '2002': np.int64(9919), '2003': np.int64(10153), '2004': np.int64(10477), '2005': np.int64(10623), '2006': np.int64(10786), '2007': np.int64(10977), '2008': np.int64(11259), '2009': np.int64(11430), '2010': np.int64(11543), '2011': np.int64(11638), '2012': np.int64(11702), '2013': np.int64(11857), '2014': np.int64(11971), '2015': np.int64(11985), '2016': np.int64(11973), '2017': np.int64(11950), '2018': np.int64(11870), '2019': np.int64(11908)}"
Dereham,Medium,East of England,Mixed,Middle Deprivation,Larger non-coastal towns,"{'2001': np.int64(17816), '2002': np.int64(18288), '2003': np.int64(18703), '2004': np.int64(18965), '2005': np.int64(19340), '2006': np.int64(19552), '2007': np.int64(19944), '2008': np.int64(20306), '2009': np.int64(20441), '2010': np.int64(20647), '2011': np.int64(20732), '2012': np.int64(20803), '2013': np.int64(20874), '2014': np.int64(21051), '2015': np.int64(21119), '2016': np.int64(21079), '2017': np.int64(21246), '2018': np.int64(21434), '2019': np.int64(21362)}"
Shrewsbury,Medium,West Midlands,Working,Middle Deprivation,Larger non-coastal towns,"{'2001': np.int64(67269), '2002': np.int64(67073), '2003': np.int64(67098), '2004': np.int64(67279), '2005': np.int64(68027), '2006': np.int64(68570), '2007': np.int64(69097), '2008': np.int64(69661), '2009': np.int64(70100), '2010': np.int64(70828), '2011': np.int64(71990), '2012': np.int64(72102), '2013': np.int64(72114), '2014': np.int64(72772), '2015': np.int64(73080), '2016': np.int64(73724), '2017': np.int64(74838), '2018': np.int64(75711), '2019': np.int64(76621)}"
Witley,Small,South East,Residential,Low Deprivation,Smaller non-coastal towns ,"{'2001': np.int64(6056), '2002': np.int64(6039), '2003': np.int64(6104), '2004': np.int64(6159), '2005': np.int64(6123), '2006': np.int64(6159), '2007': np.int64(6192), '2008': np.int64(6165), '2009': np.int64(6343), '2010': np.int64(6393), '2011': np.int64(6459), '2012': np.int64(6383), '2013': np.int64(6411), '2014': np.int64(6425), '2015': np.int64(6363), '2016': np.int64(6373), '2017': np.int64(6356), '2018': np.int64(6418), '2019': np.int64(6423)}"
Newport (Telford and Wrekin),Small,West Midlands,Residential,Low Deprivation,Smaller non-coastal towns ,"{'2001': np.int64(12035), '2002': np.int64(12088), '2003': np.int64(12315), '2004': np.int64(12261), '2005': np.int64(12188), '2006': np.int64(12191), '2007': np.int64(12291), '2008': np.int64(12474), '2009': np.int64(12634), '2010': np.int64(12609), '2011': np.int64(12702), '2012': np.int64(12700), '2013': np.int64(12544), '2014': np.int64(12459), '2015': np.int64(12592), '2016': np.int64(12859), '2017': np.int64(13184), '2018': np.int64(13442), '2019': np.int64(13539)}"
Beaconsfield,Small,South East,Working,Low Deprivation,Smaller non-coastal towns ,"{'2001': np.int64(12375), '2002': np.int64(12499), '2003': np.int64(12428), '2004': np.int64(12598), '2005': np.int64(12906), '2006': np.int64(13065), '2007': np.int64(13175), '2008': np.int64(13213), '2009': np.int64(13414), '2010': np.int64(13652), '2011': np.int64(13836), '2012': np.int64(14035), '2013': np.int64(14264), '2014': np.int64(14443), '2015': np.int64(14619), '2016': np.int64(14699), '2017': np.int64(14650), '2018': np.int64(14677), '2019': np.int64(14667)}"
Croesowallt,Small,West Midlands,Working,High Deprivation,Smaller non-coastal towns ,"{'2001': np.int64(16702), '2002': np.int64(16803), '2003': np.int64(16794), '2004': np.int64(17050), '2005': np.int64(17400), '2006': np.int64(17812), '2007': np.int64(18207), '2008': np.int64(18385), '2009': np.int64(18442), '2010': np.int64(18592), '2011': np.int64(18814), '2012': np.int64(18791), '2013': np.int64(18998), '2014': np.int64(19184), '2015': np.int64(19257), '2016': np.int64(19577), '2017': np.int64(19850), '2018': np.int64(19886), '2019': np.int64(20119)}"
Chapel-en-le-Frith,Small,East Midlands,Mixed,Low Deprivation,Smaller non-coastal towns ,"{'2001': np.int64(6565), '2002': np.int64(6593), '2003': np.int64(6595), '2004': np.int64(6642), '2005': np.int64(6593), '2006': np.int64(6657), '2007': np.int64(6692), '2008': np.int64(6665), '2009': np.int64(6639), '2010': np.int64(6578), '2011': np.int64(6607), '2012': np.int64(6533), '2013': np.int64(6621), '2014': np.int64(6613), '2015': np.int64(6729), '2016': np.int64(6847), '2017': np.int64(7113), '2018': np.int64(7356), '2019': np.int64(7614)}"
Longridge,Small,North West,Mixed,Low Deprivation,Smaller non-coastal towns ,"{'2001': np.int64(7457), '2002': np.int64(7420), '2003': np.int64(7534), '2004': np.int64(7373), '2005': np.int64(7440), '2006': np.int64(7413), '2007': np.int64(7420), '2008': np.int64(7414), '2009': np.int64(7461), '2010': np.int64(7487), '2011': np.int64(7580), '2012': np.int64(7493), '2013': np.int64(7519), '2014': np.int64(7608), '2015': np.int64(7753), '2016': np.int64(7812), '2017': np.int64(7936), '2018': np.int64(8068), '2019': np.int64(8087)}"
Verwood,Small,South West,Residential,Low Deprivation,Smaller non-coastal towns ,"{'2001': np.int64(12189), '2002': np.int64(12550), '2003': np.int64(12734), '2004': np.int64(13013), '2005': np.int64(13071), '2006': np.int64(13190), '2007': np.int64(13218), '2008': np.int64(13275), '2009': np.int64(13317), '2010': np.int64(13300), '2011': np.int64(13394), '2012': np.int64(13475), '2013': np.int64(13591), '2014': np.int64(13683), '2015': np.int64(13636), '2016': np.int64(13650), '2017': np.int64(13745), '2018': np.int64(13673), '2019': np.int64(13650)}"
Whitchurch (Shropshire),Small,West Midlands,Mixed,High Deprivation,Smaller non-coastal towns ,"{'2001': np.int64(8681), '2002': np.int64(8709), '2003': np.int64(8759), '2004': np.int64(8726), '2005': np.int64(8925), '2006': np.int64(9117), '2007': np.int64(9245), '2008': np.int64(9386), '2009': np.int64(9521), '2010': np.int64(9563), '2011': np.int64(9722), '2012': np.int64(9712), '2013': np.int64(9855), '2014': np.int64(9883), '2015': np.int64(10011), '2016': np.int64(9917), '2017': np.int64(9968), '2018': np.int64(10111), '2019': np.int64(10211)}"
Tidworth,Small,South West,Residential,Low Deprivation,Smaller non-coastal towns ,"{'2001': np.int64(7010), '2002': np.int64(6853), '2003': np.int64(6881), '2004': np.int64(7512), '2005': np.int64(7485), '2006': np.int64(7826), '2007': np.int64(8287), '2008': np.int64(8688), '2009': np.int64(9163), '2010': np.int64(9658), '2011': np.int64(10023), '2012': np.int64(10061), '2013': np.int64(10098), '2014': np.int64(10305), '2015': np.int64(10971), '2016': np.int64(10943), '2017': np.int64(11304), '2018': np.int64(11507), '2019': np.int64(11686)}"
Bracebridge Heath,Small,East Midlands,Residential,Low Deprivation,Smaller non-coastal towns ,"{'2001': np.int64(4556), '2002': np.int64(4840), '2003': np.int64(5070), '2004': np.int64(5215), '2005': np.int64(5391), '2006': np.int64(5460), '2007': np.int64(5479), '2008': np.int64(5596), '2009': np.int64(5640), '2010': np.int64(5656), '2011': np.int64(5685), '2012': np.int64(5790), '2013': np.int64(5850), '2014': np.int64(5886), '2015': np.int64(5891), '2016': np.int64(5922), '2017': np.int64(6020), '2018': np.int64(6051), '2019': np.int64(6082)}"
Barton-upon-Humber,Small,Yorkshire and The Humber,Working,High Deprivation,Smaller other coastal towns,"{'2001': np.int64(9506), '2002': np.int64(9595), '2003': np.int64(9788), '2004': np.int64(10020), '2005': np.int64(10163), '2006': np.int64(10273), '2007': np.int64(10458), '2008': np.int64(10679), '2009': np.int64(10827), '2010': np.int64(10927), '2011': np.int64(11080), '2012': np.int64(11115), '2013': np.int64(11227), '2014': np.int64(11374), '2015': np.int64(11449), '2016': np.int64(11529), '2017': np.int64(11659), '2018': np.int64(11709), '2019': np.int64(11670)}"
Aylsham,Small,East of England,Residential,Middle Deprivation,Smaller non-coastal towns ,"{'2001': np.int64(5526), '2002': np.int64(5469), '2003': np.int64(5582), '2004': np.int64(5676), '2005': np.int64(5672), '2006': np.int64(5759), '2007': np.int64(5864), '2008': np.int64(5867), '2009': np.int64(5896), '2010': np.int64(5962), '2011': np.int64(6008), '2012': np.int64(6121), '2013': np.int64(6127), '2014': np.int64(6252), '2015': np.int64(6319), '2016': np.int64(6488), '2017': np.int64(6809), '2018': np.int64(7092), '2019': np.int64(7329)}"
Poringland,Small,East of England,Residential,Low Deprivation,Smaller non-coastal towns ,"{'2001': np.int64(4588), '2002': np.int64(4615), '2003': np.int64(4694), '2004': np.int64(4818), '2005': np.int64(4846), '2006': np.int64(4877), '2007': np.int64(4921), '2008': np.int64(4978), '2009': np.int64(5046), '2010': np.int64(5085), '2011': np.int64(5149), '2012': np.int64(5257), '2013': np.int64(5362), '2014': np.int64(5444), '2015': np.int64(5523), '2016': np.int64(5681), '2017': np.int64(6025), '2018': np.int64(6420), '2019': np.int64(6795)}"
Manningtree,Small,East of England,Mixed,Low Deprivation,Smaller non-coastal towns ,"{'2001': np.int64(5800), '2002': np.int64(5707), '2003': np.int64(5781), '2004': np.int64(5729), '2005': np.int64(5740), '2006': np.int64(5789), '2007': np.int64(5771), '2008': np.int64(5703), '2009': np.int64(5732), '2010': np.int64(5687), '2011': np.int64(5709), '2012': np.int64(5623), '2013': np.int64(5680), '2014': np.int64(5709), '2015': np.int64(5751), '2016': np.int64(5750), '2017': np.int64(5780), '2018': np.int64(5866), '2019': np.int64(5996)}"
Keynsham,Small,South West,Working,Middle Deprivation,Smaller non-coastal towns ,"{'2001': np.int64(15580), '2002': np.int64(15633), '2003': np.int64(15633), '2004': np.int64(15534), '2005': np.int64(15483), '2006': np.int64(15423), '2007': np.int64(15485), '2008': np.int64(15486), '2009': np.int64(15491), '2010': np.int64(15568), '2011': np.int64(15612), '2012': np.int64(15670), '2013': np.int64(15839), '2014': np.int64(15869), '2015': np.int64(16285), '2016': np.int64(16739), '2017': np.int64(17293), '2018': np.int64(17945), '2019': np.int64(18361)}"
Sleaford,Small,East Midlands,Working,Middle Deprivation,Smaller non-coastal towns ,"{'2001': np.int64(14959), '2002': np.int64(15773), '2003': np.int64(16126), '2004': np.int64(16442), '2005': np.int64(16525), '2006': np.int64(16750), '2007': np.int64(16871), '2008': np.int64(17045), '2009': np.int64(17116), '2010': np.int64(17196), '2011': np.int64(17412), '2012': np.int64(17594), '2013': np.int64(17656), '2014': np.int64(17858), '2015': np.int64(17823), '2016': np.int64(17912), '2017': np.int64(17983), '2018': np.int64(18331), '2019': np.int64(18569)}"
Barrow-in-Furness,Medium,North West,Working,High Deprivation,Larger other coastal towns ,"{'2001': np.int64(47474), '2002': np.int64(47034), '2003': np.int64(46731), '2004': np.int64(46674), '2005': np.int64(46476), '2006': np.int64(46379), '2007': np.int64(46224), '2008': np.int64(46102), '2009': np.int64(46129), '2010': np.int64(45975), '2011': np.int64(45864), '2012': np.int64(45322), '2013': np.int64(44965), '2014': np.int64(44874), '2015': np.int64(44795), '2016': np.int64(44662), '2017': np.int64(44407), '2018': np.int64(44407), '2019': np.int64(44513)}"
Wellesbourne,Small,West Midlands,Mixed,Low Deprivation,Smaller non-coastal towns ,"{'2001': np.int64(5847), '2002': np.int64(5856), '2003': np.int64(5828), '2004': np.int64(5844), '2005': np.int64(5879), '2006': np.int64(5925), '2007': np.int64(5924), '2008': np.int64(5929), '2009': np.int64(5940), '2010': np.int64(5931), '2011': np.int64(5850), '2012': np.int64(5744), '2013': np.int64(5714), '2014': np.int64(5654), '2015': np.int64(5714), '2016': np.int64(5833), '2017': np.int64(6121), '2018': np.int64(6204), '2019': np.int64(6503)}"
Clowne,Small,East Midlands,Residential,High Deprivation,Smaller non-coastal towns ,"{'2001': np.int64(7417), '2002': np.int64(7459), '2003': np.int64(7553), '2004': np.int64(7515), '2005': np.int64(7530), '2006': np.int64(7551), '2007': np.int64(7539), '2008': np.int64(7520), '2009': np.int64(7598), '2010': np.int64(7529), '2011': np.int64(7601), '2012': np.int64(7617), '2013': np.int64(7667), '2014': np.int64(7714), '2015': np.int64(7827), '2016': np.int64(7898), '2017': np.int64(8129), '2018': np.int64(8303), '2019': np.int64(8393)}"
Chatteris,Small,East of England,Residential,High Deprivation,Smaller non-coastal towns ,"{'2001': np.int64(8656), '2002': np.int64(8726), '2003': np.int64(9001), '2004': np.int64(9292), '2005': np.int64(9581), '2006': np.int64(9767), '2007': np.int64(9994), '2008': np.int64(10069), '2009': np.int64(10194), '2010': np.int64(10224), '2011': np.int64(10358), '2012': np.int64(10434), '2013': np.int64(10557), '2014': np.int64(10684), '2015': np.int64(10890), '2016': np.int64(10858), '2017': np.int64(11000), '2018': np.int64(11115), '2019': np.int64(10978)}"
Brixham,Small,South West,Residential,High Deprivation,Smaller seaside towns ,"{'2001': np.int64(17419), '2002': np.int64(17441), '2003': np.int64(17452), '2004': np.int64(17354), '2005': np.int64(17230), '2006': np.int64(17205), '2007': np.int64(17109), '2008': np.int64(16969), '2009': np.int64(16856), '2010': np.int64(16727), '2011': np.int64(16681), '2012': np.int64(16758), '2013': np.int64(16801), '2014': np.int64(16843), '2015': np.int64(16794), '2016': np.int64(16796), '2017': np.int64(16977), '2018': np.int64(16986), '2019': np.int64(16982)}"
Murton (County Durham),Small,North East,Residential,High Deprivation,Smaller non-coastal towns ,"{'2001': np.int64(6667), '2002': np.int64(6623), '2003': np.int64(6681), '2004': np.int64(6764), '2005': np.int64(6821), '2006': np.int64(6891), '2007': np.int64(7002), '2008': np.int64(7077), '2009': np.int64(7203), '2010': np.int64(7257), '2011': np.int64(7396), '2012': np.int64(7452), '2013': np.int64(7578), '2014': np.int64(7711), '2015': np.int64(7720), '2016': np.int64(7670), '2017': np.int64(7580), '2018': np.int64(7549), '2019': np.int64(7536)}"
Tiverton,Small,South West,Working,High Deprivation,Smaller non-coastal towns ,"{'2001': np.int64(17116), '2002': np.int64(17254), '2003': np.int64(17331), '2004': np.int64(17786), '2005': np.int64(17970), '2006': np.int64(18448), '2007': np.int64(19013), '2008': np.int64(19254), '2009': np.int64(19586), '2010': np.int64(19590), '2011': np.int64(19606), '2012': np.int64(19714), '2013': np.int64(19727), '2014': np.int64(19875), '2015': np.int64(19946), '2016': np.int64(19975), '2017': np.int64(20150), '2018': np.int64(20411), '2019': np.int64(20587)}"
Hurstpierpoint,Small,South East,Residential,Low Deprivation,Smaller non-coastal towns ,"{'2001': np.int64(11225), '2002': np.int64(11237), '2003': np.int64(11405), '2004': np.int64(11430), '2005': np.int64(11462), '2006': np.int64(11606), '2007': np.int64(11673), '2008': np.int64(11889), '2009': np.int64(12111), '2010': np.int64(12450), '2011': np.int64(12755), '2012': np.int64(12871), '2013': np.int64(13090), '2014': np.int64(13256), '2015': np.int64(13406), '2016': np.int64(13572), '2017': np.int64(13729), '2018': np.int64(13796), '2019': np.int64(13926)}"
South Hayling,Small,South East,Residential,Middle Deprivation,Smaller seaside towns ,"{'2001': np.int64(14883), '2002': np.int64(14895), '2003': np.int64(15097), '2004': np.int64(15191), '2005': np.int64(15175), '2006': np.int64(15222), '2007': np.int64(15269), '2008': np.int64(15406), '2009': np.int64(15429), '2010': np.int64(15432), '2011': np.int64(15479), '2012': np.int64(15520), '2013': np.int64(15673), '2014': np.int64(15746), '2015': np.int64(15773), '2016': np.int64(15646), '2017': np.int64(15885), '2018': np.int64(16034), '2019': np.int64(16020)}"
Egremont,Small,North West,Residential,High Deprivation,Smaller non-coastal towns ,"{'2001': np.int64(6019), '2002': np.int64(5956), '2003': np.int64(5959), '2004': np.int64(5959), '2005': np.int64(5973), '2006': np.int64(6013), '2007': np.int64(6110), '2008': np.int64(6170), '2009': np.int64(6190), '2010': np.int64(6226), '2011': np.int64(6215), '2012': np.int64(6189), '2013': np.int64(6107), '2014': np.int64(6123), '2015': np.int64(6062), '2016': np.int64(5952), '2017': np.int64(5933), '2018': np.int64(5874), '2019': np.int64(5838)}"
Swaffham,Small,East of England,Mixed,High Deprivation,Smaller non-coastal towns ,"{'2001': np.int64(6964), '2002': np.int64(7025), '2003': np.int64(7063), '2004': np.int64(7071), '2005': np.int64(7118), '2006': np.int64(7104), '2007': np.int64(7048), '2008': np.int64(7119), '2009': np.int64(7136), '2010': np.int64(7171), '2011': np.int64(7257), '2012': np.int64(7213), '2013': np.int64(7424), '2014': np.int64(7438), '2015': np.int64(7602), '2016': np.int64(7837), '2017': np.int64(8052), '2018': np.int64(8209), '2019': np.int64(8278)}"
Ledbury,Small,West Midlands,Mixed,Low Deprivation,Smaller non-coastal towns ,"{'2001': np.int64(8498), '2002': np.int64(8660), '2003': np.int64(8735), '2004': np.int64(8849), '2005': np.int64(8881), '2006': np.int64(8986), '2007': np.int64(9079), '2008': np.int64(9014), '2009': np.int64(9005), '2010': np.int64(8971), '2011': np.int64(8853), '2012': np.int64(8917), '2013': np.int64(9027), '2014': np.int64(9131), '2015': np.int64(9157), '2016': np.int64(9182), '2017': np.int64(9202), '2018': np.int64(9198), '2019': np.int64(9156)}"
Skipton,Small,Yorkshire and The Humber,Working,Middle Deprivation,Smaller non-coastal towns ,"{'2001': np.int64(14311), '2002': np.int64(14203), '2003': np.int64(14262), '2004': np.int64(14212), '2005': np.int64(14304), '2006': np.int64(14387), '2007': np.int64(14467), '2008': np.int64(14472), '2009': np.int64(14415), '2010': np.int64(14535), '2011': np.int64(14613), '2012': np.int64(14680), '2013': np.int64(14630), '2014': np.int64(14618), '2015': np.int64(14709), '2016': np.int64(14875), '2017': np.int64(15047), '2018': np.int64(15170), '2019': np.int64(15329)}"
Bradford on Avon,Small,South West,Mixed,Low Deprivation,Smaller non-coastal towns ,"{'2001': np.int64(9157), '2002': np.int64(9119), '2003': np.int64(9080), '2004': np.int64(9234), '2005': np.int64(9307), '2006': np.int64(9215), '2007': np.int64(9206), '2008': np.int64(9195), '2009': np.int64(9170), '2010': np.int64(9117), '2011': np.int64(9162), '2012': np.int64(9286), '2013': np.int64(9290), '2014': np.int64(9443), '2015': np.int64(9475), '2016': np.int64(9596), '2017': np.int64(9638), '2018': np.int64(9605), '2019': np.int64(9756)}"
Oundle,Small,East Midlands,Working,Low Deprivation,Smaller non-coastal towns ,"{'2001': np.int64(5394), '2002': np.int64(5366), '2003': np.int64(5346), '2004': np.int64(5439), '2005': np.int64(5538), '2006': np.int64(5564), '2007': np.int64(5692), '2008': np.int64(5728), '2009': np.int64(5658), '2010': np.int64(5712), '2011': np.int64(5739), '2012': np.int64(5847), '2013': np.int64(5855), '2014': np.int64(5909), '2015': np.int64(5917), '2016': np.int64(5961), '2017': np.int64(6237), '2018': np.int64(6311), '2019': np.int64(6372)}"
Sherburn in Elmet,Small,Yorkshire and The Humber,Working,Low Deprivation,Smaller non-coastal towns ,"{'2001': np.int64(6273), '2002': np.int64(6225), '2003': np.int64(6296), '2004': np.int64(6344), '2005': np.int64(6423), '2006': np.int64(6463), '2007': np.int64(6523), '2008': np.int64(6469), '2009': np.int64(6475), '2010': np.int64(6490), '2011': np.int64(6670), '2012': np.int64(6700), '2013': np.int64(6780), '2014': np.int64(6820), '2015': np.int64(6829), '2016': np.int64(6880), '2017': np.int64(7110), '2018': np.int64(7482), '2019': np.int64(7854)}"
Ludlow,Small,West Midlands,Mixed,High Deprivation,Smaller non-coastal towns ,"{'2001': np.int64(9594), '2002': np.int64(9572), '2003': np.int64(9730), '2004': np.int64(9957), '2005': np.int64(10066), '2006': np.int64(10203), '2007': np.int64(10202), '2008': np.int64(10291), '2009': np.int64(10304), '2010': np.int64(10423), '2011': np.int64(10532), '2012': np.int64(10570), '2013': np.int64(10555), '2014': np.int64(10591), '2015': np.int64(10519), '2016': np.int64(10477), '2017': np.int64(10537), '2018': np.int64(10516), '2019': np.int64(10557)}"
Bingham,Small,East Midlands,Residential,Low Deprivation,Smaller non-coastal towns ,"{'2001': np.int64(8692), '2002': np.int64(8947), '2003': np.int64(8969), '2004': np.int64(9025), '2005': np.int64(9002), '2006': np.int64(8920), '2007': np.int64(8996), '2008': np.int64(8977), '2009': np.int64(9037), '2010': np.int64(9163), '2011': np.int64(9153), '2012': np.int64(9214), '2013': np.int64(9491), '2014': np.int64(9706), '2015': np.int64(9930), '2016': np.int64(10051), '2017': np.int64(10220), '2018': np.int64(10268), '2019': np.int64(10197)}"
Lewes,Small,South East,Working,Middle Deprivation,Smaller non-coastal towns ,"{'2001': np.int64(15971), '2002': np.int64(16258), '2003': np.int64(16247), '2004': np.int64(16464), '2005': np.int64(16616), '2006': np.int64(16587), '2007': np.int64(16735), '2008': np.int64(17036), '2009': np.int64(17205), '2010': np.int64(17285), '2011': np.int64(17357), '2012': np.int64(17575), '2013': np.int64(17657), '2014': np.int64(17822), '2015': np.int64(17767), '2016': np.int64(17890), '2017': np.int64(17880), '2018': np.int64(17980), '2019': np.int64(17943)}"
Benson,Small,South East,Residential,Low Deprivation,Smaller non-coastal towns ,"{'2001': np.int64(5560), '2002': np.int64(5760), '2003': np.int64(5579), '2004': np.int64(5725), '2005': np.int64(5838), '2006': np.int64(5846), '2007': np.int64(5797), '2008': np.int64(5734), '2009': np.int64(5660), '2010': np.int64(5876), '2011': np.int64(6079), '2012': np.int64(5924), '2013': np.int64(5690), '2014': np.int64(5717), '2015': np.int64(5542), '2016': np.int64(5493), '2017': np.int64(5411), '2018': np.int64(5515), '2019': np.int64(5936)}"
Liphook,Small,South East,Working,Low Deprivation,Smaller non-coastal towns ,"{'2001': np.int64(6041), '2002': np.int64(6180), '2003': np.int64(6297), '2004': np.int64(6322), '2005': np.int64(6316), '2006': np.int64(6328), '2007': np.int64(6344), '2008': np.int64(6325), '2009': np.int64(6328), '2010': np.int64(6379), '2011': np.int64(6487), '2012': np.int64(6491), '2013': np.int64(6583), '2014': np.int64(6569), '2015': np.int64(6680), '2016': np.int64(6776), '2017': np.int64(6870), '2018': np.int64(6963), '2019': np.int64(7127)}"
Haxby,Small,Yorkshire and The Humber,Residential,Low Deprivation,Smaller non-coastal towns ,"{'2001': np.int64(12288), '2002': np.int64(12146), '2003': np.int64(12199), '2004': np.int64(12132), '2005': np.int64(12041), '2006': np.int64(11987), '2007': np.int64(12021), '2008': np.int64(11924), '2009': np.int64(11853), '2010': np.int64(11869), '2011': np.int64(11862), '2012': np.int64(11782), '2013': np.int64(11792), '2014': np.int64(11808), '2015': np.int64(11807), '2016': np.int64(11902), '2017': np.int64(11771), '2018': np.int64(11715), '2019': np.int64(11679)}"
Shaftesbury,Small,South West,Working,Middle Deprivation,Smaller non-coastal towns ,"{'2001': np.int64(6654), '2002': np.int64(6786), '2003': np.int64(6839), '2004': np.int64(6935), '2005': np.int64(6939), '2006': np.int64(7097), '2007': np.int64(7134), '2008': np.int64(7071), '2009': np.int64(7033), '2010': np.int64(7037), '2011': np.int64(7324), '2012': np.int64(7750), '2013': np.int64(7944), '2014': np.int64(8152), '2015': np.int64(8431), '2016': np.int64(8637), '2017': np.int64(8726), '2018': np.int64(8782), '2019': np.int64(8935)}"
Bungay,Small,East of England,Working,Middle Deprivation,Smaller non-coastal towns ,"{'2001': np.int64(4925), '2002': np.int64(4929), '2003': np.int64(4965), '2004': np.int64(5020), '2005': np.int64(5098), '2006': np.int64(5101), '2007': np.int64(5130), '2008': np.int64(5129), '2009': np.int64(5097), '2010': np.int64(5062), '2011': np.int64(5131), '2012': np.int64(5155), '2013': np.int64(5126), '2014': np.int64(5120), '2015': np.int64(5070), '2016': np.int64(5093), '2017': np.int64(5138), '2018': np.int64(5122), '2019': np.int64(5112)}"
Calne,Small,South West,Residential,Middle Deprivation,Smaller non-coastal towns ,"{'2001': np.int64(13827), '2002': np.int64(14384), '2003': np.int64(14772), '2004': np.int64(15088), '2005': np.int64(15557), '2006': np.int64(15953), '2007': np.int64(16513), '2008': np.int64(16913), '2009': np.int64(17029), '2010': np.int64(17160), '2011': np.int64(17335), '2012': np.int64(17317), '2013': np.int64(17494), '2014': np.int64(17753), '2015': np.int64(18007), '2016': np.int64(18126), '2017': np.int64(18089), '2018': np.int64(18204), '2019': np.int64(18408)}"
King's Hill,Small,South East,Working,Low Deprivation,Smaller non-coastal towns ,"{'2001': np.int64(3033), '2002': np.int64(3551), '2003': np.int64(3944), '2004': np.int64(4533), '2005': np.int64(5081), '2006': np.int64(5492), '2007': np.int64(5997), '2008': np.int64(6594), '2009': np.int64(6978), '2010': np.int64(7294), '2011': np.int64(7527), '2012': np.int64(7788), '2013': np.int64(7989), '2014': np.int64(8284), '2015': np.int64(8449), '2016': np.int64(8585), '2017': np.int64(8883), '2018': np.int64(8935), '2019': np.int64(8996)}"
Cobham (Elmbridge),Small,South East,Working,Low Deprivation,Smaller non-coastal towns ,"{'2001': np.int64(16575), '2002': np.int64(16546), '2003': np.int64(16784), '2004': np.int64(16989), '2005': np.int64(17358), '2006': np.int64(17590), '2007': np.int64(17866), '2008': np.int64(17811), '2009': np.int64(17797), '2010': np.int64(18011), '2011': np.int64(17298), '2012': np.int64(17754), '2013': np.int64(17983), '2014': np.int64(18313), '2015': np.int64(18365), '2016': np.int64(18512), '2017': np.int64(18675), '2018': np.int64(18955), '2019': np.int64(19127)}"
Beccles,Small,East of England,Working,High Deprivation,Smaller non-coastal towns ,"{'2001': np.int64(13030), '2002': np.int64(13315), '2003': np.int64(13385), '2004': np.int64(13478), '2005': np.int64(13615), '2006': np.int64(13688), '2007': np.int64(13680), '2008': np.int64(13769), '2009': np.int64(13804), '2010': np.int64(13846), '2011': np.int64(13868), '2012': np.int64(13918), '2013': np.int64(14021), '2014': np.int64(14072), '2015': np.int64(14121), '2016': np.int64(14123), '2017': np.int64(14167), '2018': np.int64(14192), '2019': np.int64(14197)}"
Tiptree,Small,East of England,Residential,Low Deprivation,Smaller non-coastal towns ,"{'2001': np.int64(8381), '2002': np.int64(8474), '2003': np.int64(8801), '2004': np.int64(8905), '2005': np.int64(9023), '2006': np.int64(9041), '2007': np.int64(9043), '2008': np.int64(9119), '2009': np.int64(9089), '2010': np.int64(9226), '2011': np.int64(9168), '2012': np.int64(9199), '2013': np.int64(9113), '2014': np.int64(9247), '2015': np.int64(9301), '2016': np.int64(9331), '2017': np.int64(9220), '2018': np.int64(9186), '2019': np.int64(9219)}"
Peacehaven,Small,South East,Residential,High Deprivation,Smaller other coastal towns,"{'2001': np.int64(17654), '2002': np.int64(17619), '2003': np.int64(17469), '2004': np.int64(17548), '2005': np.int64(17530), '2006': np.int64(17737), '2007': np.int64(17813), '2008': np.int64(17817), '2009': np.int64(17932), '2010': np.int64(18270), '2011': np.int64(18556), '2012': np.int64(19039), '2013': np.int64(19289), '2014': np.int64(19100), '2015': np.int64(19473), '2016': np.int64(19609), '2017': np.int64(20025), '2018': np.int64(20165), '2019': np.int64(20247)}"
Tetbury,Small,South West,Mixed,Low Deprivation,Smaller non-coastal towns ,"{'2001': np.int64(5298), '2002': np.int64(5271), '2003': np.int64(5281), '2004': np.int64(5266), '2005': np.int64(5318), '2006': np.int64(5275), '2007': np.int64(5315), '2008': np.int64(5276), '2009': np.int64(5324), '2010': np.int64(5467), '2011': np.int64(5478), '2012': np.int64(5441), '2013': np.int64(5401), '2014': np.int64(5375), '2015': np.int64(5328), '2016': np.int64(5263), '2017': np.int64(5342), '2018': np.int64(5409), '2019': np.int64(5479)}"
Leighton Buzzard,Medium,East of England,Mixed,Low Deprivation,Larger non-coastal towns,"{'2001': np.int64(32827), '2002': np.int64(33542), '2003': np.int64(33678), '2004': np.int64(33753), '2005': np.int64(34328), '2006': np.int64(34715), '2007': np.int64(35199), '2008': np.int64(35853), '2009': np.int64(36596), '2010': np.int64(37231), '2011': np.int64(37648), '2012': np.int64(38397), '2013': np.int64(39145), '2014': np.int64(39867), '2015': np.int64(40697), '2016': np.int64(41366), '2017': np.int64(41814), '2018': np.int64(42050), '2019': np.int64(42573)}"
Broughton Astley,Small,East Midlands,Residential,Low Deprivation,Smaller non-coastal towns ,"{'2001': np.int64(8299), '2002': np.int64(8421), '2003': np.int64(8535), '2004': np.int64(8643), '2005': np.int64(8703), '2006': np.int64(8783), '2007': np.int64(8822), '2008': np.int64(8914), '2009': np.int64(8965), '2010': np.int64(8962), '2011': np.int64(8994), '2012': np.int64(9037), '2013': np.int64(9017), '2014': np.int64(8914), '2015': np.int64(8893), '2016': np.int64(8886), '2017': np.int64(8950), '2018': np.int64(9144), '2019': np.int64(9220)}"
Whittlesey,Small,East of England,Residential,High Deprivation,Smaller non-coastal towns ,"{'2001': np.int64(12431), '2002': np.int64(12534), '2003': np.int64(12566), '2004': np.int64(12487), '2005': np.int64(12605), '2006': np.int64(12670), '2007': np.int64(12874), '2008': np.int64(12832), '2009': np.int64(12762), '2010': np.int64(12696), '2011': np.int64(12749), '2012': np.int64(12826), '2013': np.int64(12796), '2014': np.int64(12867), '2015': np.int64(12924), '2016': np.int64(12878), '2017': np.int64(12959), '2018': np.int64(13224), '2019': np.int64(13329)}"
Brandon (Forest Heath),Small,East of England,Residential,Middle Deprivation,Smaller non-coastal towns ,"{'2001': np.int64(8234), '2002': np.int64(8405), '2003': np.int64(8632), '2004': np.int64(8674), '2005': np.int64(8851), '2006': np.int64(8868), '2007': np.int64(8917), '2008': np.int64(8927), '2009': np.int64(8936), '2010': np.int64(9150), '2011': np.int64(9178), '2012': np.int64(9017), '2013': np.int64(9082), '2014': np.int64(9357), '2015': np.int64(9406), '2016': np.int64(9213), '2017': np.int64(9484), '2018': np.int64(9474), '2019': np.int64(9343)}"
Cottenham,Small,East of England,Residential,Low Deprivation,Smaller non-coastal towns ,"{'2001': np.int64(5509), '2002': np.int64(5655), '2003': np.int64(5733), '2004': np.int64(5790), '2005': np.int64(5770), '2006': np.int64(5838), '2007': np.int64(5883), '2008': np.int64(5881), '2009': np.int64(5928), '2010': np.int64(5941), '2011': np.int64(5915), '2012': np.int64(5809), '2013': np.int64(5795), '2014': np.int64(5792), '2015': np.int64(5809), '2016': np.int64(5828), '2017': np.int64(5877), '2018': np.int64(5735), '2019': np.int64(5721)}"
Bourne,Small,East Midlands,Working,Low Deprivation,Smaller non-coastal towns ,"{'2001': np.int64(11435), '2002': np.int64(11561), '2003': np.int64(11599), '2004': np.int64(11818), '2005': np.int64(12122), '2006': np.int64(12382), '2007': np.int64(12811), '2008': np.int64(13143), '2009': np.int64(13453), '2010': np.int64(13728), '2011': np.int64(13948), '2012': np.int64(14191), '2013': np.int64(14591), '2014': np.int64(15006), '2015': np.int64(15473), '2016': np.int64(15810), '2017': np.int64(16145), '2018': np.int64(16470), '2019': np.int64(16780)}"
Staplehurst,Small,South East,Residential,Low Deprivation,Smaller non-coastal towns ,"{'2001': np.int64(5138), '2002': np.int64(5048), '2003': np.int64(5017), '2004': np.int64(4966), '2005': np.int64(4963), '2006': np.int64(4959), '2007': np.int64(4958), '2008': np.int64(4919), '2009': np.int64(5001), '2010': np.int64(5084), '2011': np.int64(5055), '2012': np.int64(5047), '2013': np.int64(5071), '2014': np.int64(5142), '2015': np.int64(5107), '2016': np.int64(5217), '2017': np.int64(5235), '2018': np.int64(5204), '2019': np.int64(5204)}"
Cheadle,Small,West Midlands,Residential,Middle Deprivation,Smaller non-coastal towns ,"{'2001': np.int64(11438), '2002': np.int64(11572), '2003': np.int64(11556), '2004': np.int64(11514), '2005': np.int64(11432), '2006': np.int64(11520), '2007': np.int64(11537), '2008': np.int64(11541), '2009': np.int64(11439), '2010': np.int64(11412), '2011': np.int64(11438), '2012': np.int64(11388), '2013': np.int64(11335), '2014': np.int64(11313), '2015': np.int64(11280), '2016': np.int64(11303), '2017': np.int64(11223), '2018': np.int64(11232), '2019': np.int64(11353)}"
Brixworth,Small,East Midlands,Working,Low Deprivation,Smaller non-coastal towns ,"{'2001': np.int64(5179), '2002': np.int64(5222), '2003': np.int64(5180), '2004': np.int64(5155), '2005': np.int64(5160), '2006': np.int64(5184), '2007': np.int64(5229), '2008': np.int64(5234), '2009': np.int64(5214), '2010': np.int64(5240), '2011': np.int64(5226), '2012': np.int64(5254), '2013': np.int64(5374), '2014': np.int64(5371), '2015': np.int64(5429), '2016': np.int64(5505), '2017': np.int64(5634), '2018': np.int64(5769), '2019': np.int64(5910)}"
Chipping Ongar,Small,East of England,Working,Middle Deprivation,Smaller non-coastal towns ,"{'2001': np.int64(5907), '2002': np.int64(5876), '2003': np.int64(5741), '2004': np.int64(5854), '2005': np.int64(5919), '2006': np.int64(5976), '2007': np.int64(6068), '2008': np.int64(6165), '2009': np.int64(6139), '2010': np.int64(6121), '2011': np.int64(6114), '2012': np.int64(6119), '2013': np.int64(6151), '2014': np.int64(6297), '2015': np.int64(6292), '2016': np.int64(6332), '2017': np.int64(6325), '2018': np.int64(6362), '2019': np.int64(6407)}"
Fleetwood,Medium,North West,Mixed,High Deprivation,Larger seaside towns,"{'2001': np.int64(26481), '2002': np.int64(26338), '2003': np.int64(26187), '2004': np.int64(26259), '2005': np.int64(26334), '2006': np.int64(26607), '2007': np.int64(26454), '2008': np.int64(26158), '2009': np.int64(26001), '2010': np.int64(25750), '2011': np.int64(25320), '2012': np.int64(25169), '2013': np.int64(25214), '2014': np.int64(25303), '2015': np.int64(25464), '2016': np.int64(25575), '2017': np.int64(25659), '2018': np.int64(25553), '2019': np.int64(25632)}"
Shildon,Small,North East,Residential,High Deprivation,Smaller non-coastal towns ,"{'2001': np.int64(10043), '2002': np.int64(9905), '2003': np.int64(10020), '2004': np.int64(10080), '2005': np.int64(10102), '2006': np.int64(10097), '2007': np.int64(10166), '2008': np.int64(10174), '2009': np.int64(10037), '2010': np.int64(9981), '2011': np.int64(9957), '2012': np.int64(9905), '2013': np.int64(9830), '2014': np.int64(9782), '2015': np.int64(9812), '2016': np.int64(9802), '2017': np.int64(9908), '2018': np.int64(9984), '2019': np.int64(9938)}"
Hemsby,Small,East of England,Residential,High Deprivation,Smaller seaside towns ,"{'2001': np.int64(5381), '2002': np.int64(5429), '2003': np.int64(5509), '2004': np.int64(5501), '2005': np.int64(5525), '2006': np.int64(5490), '2007': np.int64(5548), '2008': np.int64(5650), '2009': np.int64(5589), '2010': np.int64(5641), '2011': np.int64(5527), '2012': np.int64(5624), '2013': np.int64(5572), '2014': np.int64(5601), '2015': np.int64(5618), '2016': np.int64(5632), '2017': np.int64(5693), '2018': np.int64(5620), '2019': np.int64(5687)}"
Ashby-de-la-Zouch,Small,East Midlands,Working,Low Deprivation,Smaller non-coastal towns ,"{'2001': np.int64(11522), '2002': np.int64(11485), '2003': np.int64(11551), '2004': np.int64(11683), '2005': np.int64(11711), '2006': np.int64(11658), '2007': np.int64(11899), '2008': np.int64(12051), '2009': np.int64(12116), '2010': np.int64(12279), '2011': np.int64(12389), '2012': np.int64(12425), '2013': np.int64(12648), '2014': np.int64(12806), '2015': np.int64(13096), '2016': np.int64(13435), '2017': np.int64(13803), '2018': np.int64(14157), '2019': np.int64(14528)}"
Wadebridge,Small,South West,Mixed,Middle Deprivation,Smaller non-coastal towns ,"{'2001': np.int64(6197), '2002': np.int64(6424), '2003': np.int64(6469), '2004': np.int64(6494), '2005': np.int64(6533), '2006': np.int64(6498), '2007': np.int64(6453), '2008': np.int64(6479), '2009': np.int64(6496), '2010': np.int64(6572), '2011': np.int64(6598), '2012': np.int64(6659), '2013': np.int64(6679), '2014': np.int64(6805), '2015': np.int64(6782), '2016': np.int64(6804), '2017': np.int64(6855), '2018': np.int64(6837), '2019': np.int64(7002)}"
Harpenden,Medium,East of England,Working,Low Deprivation,Larger non-coastal towns,"{'2001': np.int64(28348), '2002': np.int64(28727), '2003': np.int64(28775), '2004': np.int64(28813), '2005': np.int64(28869), '2006': np.int64(28945), '2007': np.int64(29177), '2008': np.int64(29392), '2009': np.int64(29557), '2010': np.int64(29942), '2011': np.int64(30314), '2012': np.int64(30425), '2013': np.int64(30550), '2014': np.int64(30769), '2015': np.int64(30925), '2016': np.int64(31141), '2017': np.int64(31167), '2018': np.int64(31392), '2019': np.int64(31613)}"
Halesworth,Small,East of England,Working,High Deprivation,Smaller non-coastal towns ,"{'2001': np.int64(5521), '2002': np.int64(5490), '2003': np.int64(5595), '2004': np.int64(5635), '2005': np.int64(5576), '2006': np.int64(5558), '2007': np.int64(5559), '2008': np.int64(5615), '2009': np.int64(5618), '2010': np.int64(5603), '2011': np.int64(5558), '2012': np.int64(5641), '2013': np.int64(5701), '2014': np.int64(5756), '2015': np.int64(5775), '2016': np.int64(5853), '2017': np.int64(5860), '2018': np.int64(5866), '2019': np.int64(5872)}"
Attleborough,Small,East of England,Mixed,Low Deprivation,Smaller non-coastal towns ,"{'2001': np.int64(9604), '2002': np.int64(9563), '2003': np.int64(9771), '2004': np.int64(10138), '2005': np.int64(10351), '2006': np.int64(10401), '2007': np.int64(10537), '2008': np.int64(10549), '2009': np.int64(10557), '2010': np.int64(10544), '2011': np.int64(10596), '2012': np.int64(10649), '2013': np.int64(10852), '2014': np.int64(10906), '2015': np.int64(11050), '2016': np.int64(11306), '2017': np.int64(11518), '2018': np.int64(11632), '2019': np.int64(11659)}"
Fleet,Medium,South East,Mixed,Low Deprivation,Larger non-coastal towns,"{'2001': np.int64(32522), '2002': np.int64(33537), '2003': np.int64(34397), '2004': np.int64(35342), '2005': np.int64(36143), '2006': np.int64(37034), '2007': np.int64(37722), '2008': np.int64(38221), '2009': np.int64(38421), '2010': np.int64(38657), '2011': np.int64(38877), '2012': np.int64(39448), '2013': np.int64(39987), '2014': np.int64(40306), '2015': np.int64(40847), '2016': np.int64(41048), '2017': np.int64(41233), '2018': np.int64(41592), '2019': np.int64(42262)}"
Ramsey (Huntingdonshire),Small,East of England,Residential,Middle Deprivation,Smaller non-coastal towns ,"{'2001': np.int64(7627), '2002': np.int64(7631), '2003': np.int64(7687), '2004': np.int64(7723), '2005': np.int64(7685), '2006': np.int64(7771), '2007': np.int64(7878), '2008': np.int64(7956), '2009': np.int64(7866), '2010': np.int64(7779), '2011': np.int64(7822), '2012': np.int64(7792), '2013': np.int64(7936), '2014': np.int64(7916), '2015': np.int64(7973), '2016': np.int64(7908), '2017': np.int64(7825), '2018': np.int64(7795), '2019': np.int64(7765)}"
Wantage,Small,South East,Residential,Low Deprivation,Smaller non-coastal towns ,"{'2001': np.int64(17936), '2002': np.int64(17484), '2003': np.int64(17467), '2004': np.int64(17565), '2005': np.int64(17784), '2006': np.int64(18090), '2007': np.int64(18068), '2008': np.int64(18027), '2009': np.int64(18167), '2010': np.int64(18341), '2011': np.int64(18574), '2012': np.int64(18700), '2013': np.int64(19006), '2014': np.int64(19059), '2015': np.int64(18985), '2016': np.int64(19118), '2017': np.int64(19397), '2018': np.int64(19610), '2019': np.int64(19834)}"
East Leake,Small,East Midlands,Residential,Low Deprivation,Smaller non-coastal towns ,"{'2001': np.int64(6152), '2002': np.int64(6150), '2003': np.int64(6133), '2004': np.int64(6138), '2005': np.int64(6110), '2006': np.int64(6202), '2007': np.int64(6213), '2008': np.int64(6265), '2009': np.int64(6286), '2010': np.int64(6248), '2011': np.int64(6340), '2012': np.int64(6433), '2013': np.int64(6546), '2014': np.int64(6607), '2015': np.int64(6679), '2016': np.int64(6832), '2017': np.int64(7181), '2018': np.int64(7593), '2019': np.int64(7996)}"
Askern,Small,Yorkshire and The Humber,Residential,High Deprivation,Smaller non-coastal towns ,"{'2001': np.int64(5403), '2002': np.int64(5366), '2003': np.int64(5446), '2004': np.int64(5460), '2005': np.int64(5443), '2006': np.int64(5470), '2007': np.int64(5536), '2008': np.int64(5548), '2009': np.int64(5531), '2010': np.int64(5543), '2011': np.int64(5591), '2012': np.int64(5519), '2013': np.int64(5530), '2014': np.int64(5514), '2015': np.int64(5460), '2016': np.int64(5418), '2017': np.int64(5400), '2018': np.int64(5560), '2019': np.int64(5742)}"
Long Sutton (South Holland),Small,East Midlands,Mixed,Middle Deprivation,Smaller non-coastal towns ,"{'2001': np.int64(4705), '2002': np.int64(4811), '2003': np.int64(4960), '2004': np.int64(5046), '2005': np.int64(5043), '2006': np.int64(5113), '2007': np.int64(5106), '2008': np.int64(5159), '2009': np.int64(5156), '2010': np.int64(5180), '2011': np.int64(5147), '2012': np.int64(5082), '2013': np.int64(5124), '2014': np.int64(5132), '2015': np.int64(5226), '2016': np.int64(5333), '2017': np.int64(5376), '2018': np.int64(5328), '2019': np.int64(5345)}"
Battle,Small,South East,Working,Low Deprivation,Smaller non-coastal towns ,"{'2001': np.int64(5506), '2002': np.int64(5567), '2003': np.int64(5682), '2004': np.int64(5658), '2005': np.int64(5804), '2006': np.int64(5833), '2007': np.int64(5946), '2008': np.int64(5983), '2009': np.int64(6020), '2010': np.int64(6099), '2011': np.int64(6080), '2012': np.int64(6021), '2013': np.int64(6036), '2014': np.int64(6143), '2015': np.int64(6238), '2016': np.int64(6305), '2017': np.int64(6483), '2018': np.int64(6639), '2019': np.int64(6588)}"
New Ollerton,Small,East Midlands,Mixed,High Deprivation,Smaller non-coastal towns ,"{'2001': np.int64(9890), '2002': np.int64(9867), '2003': np.int64(10060), '2004': np.int64(9972), '2005': np.int64(9927), '2006': np.int64(9897), '2007': np.int64(9844), '2008': np.int64(9777), '2009': np.int64(9850), '2010': np.int64(9837), '2011': np.int64(9846), '2012': np.int64(9905), '2013': np.int64(10039), '2014': np.int64(10204), '2015': np.int64(10375), '2016': np.int64(10556), '2017': np.int64(10623), '2018': np.int64(10819), '2019': np.int64(10955)}"
Uttoxeter,Small,West Midlands,Working,Low Deprivation,Smaller non-coastal towns ,"{'2001': np.int64(12078), '2002': np.int64(12143), '2003': np.int64(12454), '2004': np.int64(12490), '2005': np.int64(12492), '2006': np.int64(12556), '2007': np.int64(12701), '2008': np.int64(12996), '2009': np.int64(13052), '2010': np.int64(13056), '2011': np.int64(13107), '2012': np.int64(13191), '2013': np.int64(13200), '2014': np.int64(13172), '2015': np.int64(13176), '2016': np.int64(13130), '2017': np.int64(13105), '2018': np.int64(13283), '2019': np.int64(13467)}"
Bircotes,Small,East Midlands,Residential,High Deprivation,Smaller non-coastal towns ,"{'2001': np.int64(7407), '2002': np.int64(7579), '2003': np.int64(7614), '2004': np.int64(7639), '2005': np.int64(7550), '2006': np.int64(7703), '2007': np.int64(7793), '2008': np.int64(7867), '2009': np.int64(7918), '2010': np.int64(7935), '2011': np.int64(7960), '2012': np.int64(7907), '2013': np.int64(7861), '2014': np.int64(7785), '2015': np.int64(7864), '2016': np.int64(7941), '2017': np.int64(8134), '2018': np.int64(8303), '2019': np.int64(8506)}"
North Walsham,Small,East of England,Mixed,High Deprivation,Smaller non-coastal towns ,"{'2001': np.int64(11870), '2002': np.int64(11903), '2003': np.int64(11856), '2004': np.int64(11895), '2005': np.int64(11945), '2006': np.int64(11902), '2007': np.int64(12214), '2008': np.int64(12468), '2009': np.int64(12398), '2010': np.int64(12367), '2011': np.int64(12467), '2012': np.int64(12415), '2013': np.int64(12447), '2014': np.int64(12479), '2015': np.int64(12504), '2016': np.int64(12462), '2017': np.int64(12514), '2018': np.int64(12586), '2019': np.int64(12710)}"
Seaton (East Devon),Small,South West,Mixed,Middle Deprivation,Smaller seaside towns ,"{'2001': np.int64(8177), '2002': np.int64(8219), '2003': np.int64(8237), '2004': np.int64(8255), '2005': np.int64(8362), '2006': np.int64(8407), '2007': np.int64(8580), '2008': np.int64(8553), '2009': np.int64(8497), '2010': np.int64(8442), '2011': np.int64(8387), '2012': np.int64(8421), '2013': np.int64(8444), '2014': np.int64(8402), '2015': np.int64(8502), '2016': np.int64(8562), '2017': np.int64(8684), '2018': np.int64(8740), '2019': np.int64(8837)}"
Stotfold,Small,East of England,Residential,Low Deprivation,Smaller non-coastal towns ,"{'2001': np.int64(6074), '2002': np.int64(6093), '2003': np.int64(6123), '2004': np.int64(6154), '2005': np.int64(6158), '2006': np.int64(6193), '2007': np.int64(6275), '2008': np.int64(6434), '2009': np.int64(6488), '2010': np.int64(6650), '2011': np.int64(6864), '2012': np.int64(7067), '2013': np.int64(7269), '2014': np.int64(7550), '2015': np.int64(8032), '2016': np.int64(8143), '2017': np.int64(8243), '2018': np.int64(8382), '2019': np.int64(8538)}"
Shepshed,Small,East Midlands,Mixed,Low Deprivation,Smaller non-coastal towns ,"{'2001': np.int64(12991), '2002': np.int64(12875), '2003': np.int64(12712), '2004': np.int64(12807), '2005': np.int64(12863), '2006': np.int64(13032), '2007': np.int64(13204), '2008': np.int64(13286), '2009': np.int64(13360), '2010': np.int64(13458), '2011': np.int64(13497), '2012': np.int64(13560), '2013': np.int64(13526), '2014': np.int64(13601), '2015': np.int64(13671), '2016': np.int64(13773), '2017': np.int64(13969), '2018': np.int64(13863), '2019': np.int64(14059)}"
Clacton-on-Sea,Medium,East of England,Residential,High Deprivation,Larger seaside towns,"{'2001': np.int64(51443), '2002': np.int64(51176), '2003': np.int64(51251), '2004': np.int64(51462), '2005': np.int64(51517), '2006': np.int64(51379), '2007': np.int64(51432), '2008': np.int64(51219), '2009': np.int64(50877), '2010': np.int64(50884), '2011': np.int64(50547), '2012': np.int64(50889), '2013': np.int64(51271), '2014': np.int64(51836), '2015': np.int64(52544), '2016': np.int64(53016), '2017': np.int64(53398), '2018': np.int64(53685), '2019': np.int64(53768)}"
Whitby,Small,Yorkshire and The Humber,Working,High Deprivation,Smaller seaside towns ,"{'2001': np.int64(13611), '2002': np.int64(13482), '2003': np.int64(13601), '2004': np.int64(13736), '2005': np.int64(13720), '2006': np.int64(13610), '2007': np.int64(13597), '2008': np.int64(13447), '2009': np.int64(13405), '2010': np.int64(13374), '2011': np.int64(13196), '2012': np.int64(13097), '2013': np.int64(13182), '2014': np.int64(13048), '2015': np.int64(13049), '2016': np.int64(13045), '2017': np.int64(13029), '2018': np.int64(13014), '2019': np.int64(13143)}"
Ashbourne,Small,East Midlands,Working,Low Deprivation,Smaller non-coastal towns ,"{'2001': np.int64(7314), '2002': np.int64(7418), '2003': np.int64(7423), '2004': np.int64(7475), '2005': np.int64(7584), '2006': np.int64(7655), '2007': np.int64(7892), '2008': np.int64(8124), '2009': np.int64(8179), '2010': np.int64(8308), '2011': np.int64(8385), '2012': np.int64(8391), '2013': np.int64(8488), '2014': np.int64(8538), '2015': np.int64(8612), '2016': np.int64(8676), '2017': np.int64(8801), '2018': np.int64(8993), '2019': np.int64(9163)}"
Cheltenham,Large,South West,Working,Middle Deprivation,Larger non-coastal towns,"{'2001': np.int64(110280), '2002': np.int64(110055), '2003': np.int64(109554), '2004': np.int64(110083), '2005': np.int64(111281), '2006': np.int64(112028), '2007': np.int64(112932), '2008': np.int64(113454), '2009': np.int64(114643), '2010': np.int64(115594), '2011': np.int64(116372), '2012': np.int64(116807), '2013': np.int64(116466), '2014': np.int64(117111), '2015': np.int64(117357), '2016': np.int64(118004), '2017': np.int64(117843), '2018': np.int64(117836), '2019': np.int64(117073)}"
Congleton,Medium,North West,Mixed,Middle Deprivation,Larger non-coastal towns,"{'2001': np.int64(25458), '2002': np.int64(25661), '2003': np.int64(25759), '2004': np.int64(25855), '2005': np.int64(25983), '2006': np.int64(25980), '2007': np.int64(26215), '2008': np.int64(26298), '2009': np.int64(26190), '2010': np.int64(26160), '2011': np.int64(26222), '2012': np.int64(26387), '2013': np.int64(26360), '2014': np.int64(26341), '2015': np.int64(26405), '2016': np.int64(26322), '2017': np.int64(26250), '2018': np.int64(26379), '2019': np.int64(26380)}"
Rishton,Small,North West,Residential,High Deprivation,Smaller non-coastal towns ,"{'2001': np.int64(7373), '2002': np.int64(7162), '2003': np.int64(7151), '2004': np.int64(7080), '2005': np.int64(6943), '2006': np.int64(6884), '2007': np.int64(6807), '2008': np.int64(6777), '2009': np.int64(6708), '2010': np.int64(6688), '2011': np.int64(6627), '2012': np.int64(6515), '2013': np.int64(6515), '2014': np.int64(6474), '2015': np.int64(6419), '2016': np.int64(6385), '2017': np.int64(6359), '2018': np.int64(6379), '2019': np.int64(6424)}"
Todmorden,Small,Yorkshire and The Humber,Working,High Deprivation,Smaller non-coastal towns ,"{'2001': np.int64(11606), '2002': np.int64(11515), '2003': np.int64(11620), '2004': np.int64(11545), '2005': np.int64(11496), '2006': np.int64(11531), '2007': np.int64(11465), '2008': np.int64(11428), '2009': np.int64(11536), '2010': np.int64(11667), '2011': np.int64(11686), '2012': np.int64(11929), '2013': np.int64(11893), '2014': np.int64(11974), '2015': np.int64(12035), '2016': np.int64(12080), '2017': np.int64(12115), '2018': np.int64(12159), '2019': np.int64(12171)}"
Stocksbridge,Small,Yorkshire and The Humber,Residential,Middle Deprivation,Smaller non-coastal towns ,"{'2001': np.int64(13271), '2002': np.int64(13330), '2003': np.int64(13390), '2004': np.int64(13363), '2005': np.int64(13432), '2006': np.int64(13278), '2007': np.int64(13241), '2008': np.int64(13139), '2009': np.int64(13023), '2010': np.int64(12994), '2011': np.int64(13052), '2012': np.int64(12972), '2013': np.int64(12832), '2014': np.int64(12866), '2015': np.int64(12854), '2016': np.int64(12800), '2017': np.int64(12909), '2018': np.int64(12979), '2019': np.int64(13053)}"
Shifnal,Small,West Midlands,Residential,Middle Deprivation,Smaller non-coastal towns ,"{'2001': np.int64(5827), '2002': np.int64(5827), '2003': np.int64(5915), '2004': np.int64(5831), '2005': np.int64(5881), '2006': np.int64(5890), '2007': np.int64(5977), '2008': np.int64(6056), '2009': np.int64(6114), '2010': np.int64(6148), '2011': np.int64(6242), '2012': np.int64(6254), '2013': np.int64(6375), '2014': np.int64(6498), '2015': np.int64(6623), '2016': np.int64(6727), '2017': np.int64(6995), '2018': np.int64(7267), '2019': np.int64(7618)}"
Twyford (Wokingham),Small,South East,Working,Low Deprivation,Smaller non-coastal towns ,"{'2001': np.int64(6932), '2002': np.int64(6996), '2003': np.int64(7061), '2004': np.int64(7137), '2005': np.int64(7297), '2006': np.int64(7314), '2007': np.int64(7414), '2008': np.int64(7436), '2009': np.int64(7493), '2010': np.int64(7560), '2011': np.int64(7557), '2012': np.int64(7608), '2013': np.int64(7685), '2014': np.int64(7626), '2015': np.int64(7670), '2016': np.int64(7671), '2017': np.int64(7647), '2018': np.int64(7801), '2019': np.int64(7854)}"
Spennymoor,Small,North East,Residential,High Deprivation,Smaller non-coastal towns ,"{'2001': np.int64(17272), '2002': np.int64(17382), '2003': np.int64(17476), '2004': np.int64(17574), '2005': np.int64(17621), '2006': np.int64(17619), '2007': np.int64(17665), '2008': np.int64(17669), '2009': np.int64(17739), '2010': np.int64(17723), '2011': np.int64(17756), '2012': np.int64(18016), '2013': np.int64(18124), '2014': np.int64(18304), '2015': np.int64(18496), '2016': np.int64(18745), '2017': np.int64(18917), '2018': np.int64(19226), '2019': np.int64(19607)}"
Stubbington,Medium,South East,Residential,Low Deprivation,Larger seaside towns,"{'2001': np.int64(21736), '2002': np.int64(21986), '2003': np.int64(22412), '2004': np.int64(22878), '2005': np.int64(23120), '2006': np.int64(23651), '2007': np.int64(24210), '2008': np.int64(24684), '2009': np.int64(24912), '2010': np.int64(24888), '2011': np.int64(24845), '2012': np.int64(24959), '2013': np.int64(25018), '2014': np.int64(25103), '2015': np.int64(25092), '2016': np.int64(25364), '2017': np.int64(25363), '2018': np.int64(25300), '2019': np.int64(25239)}"
Alton (East Hampshire),Small,South East,Working,Low Deprivation,Smaller non-coastal towns ,"{'2001': np.int64(16335), '2002': np.int64(16317), '2003': np.int64(16414), '2004': np.int64(16749), '2005': np.int64(16846), '2006': np.int64(17087), '2007': np.int64(17428), '2008': np.int64(17533), '2009': np.int64(17770), '2010': np.int64(18071), '2011': np.int64(18323), '2012': np.int64(18427), '2013': np.int64(18645), '2014': np.int64(18749), '2015': np.int64(19099), '2016': np.int64(19293), '2017': np.int64(19268), '2018': np.int64(19371), '2019': np.int64(19785)}"
Radlett,Small,East of England,Mixed,Low Deprivation,Smaller non-coastal towns ,"{'2001': np.int64(8141), '2002': np.int64(8265), '2003': np.int64(8306), '2004': np.int64(8183), '2005': np.int64(8146), '2006': np.int64(8167), '2007': np.int64(8215), '2008': np.int64(8190), '2009': np.int64(8179), '2010': np.int64(8084), '2011': np.int64(8185), '2012': np.int64(8164), '2013': np.int64(8203), '2014': np.int64(8132), '2015': np.int64(8151), '2016': np.int64(8160), '2017': np.int64(8135), '2018': np.int64(8158), '2019': np.int64(8108)}"
Withernsea,Small,Yorkshire and The Humber,Residential,High Deprivation,Smaller seaside towns ,"{'2001': np.int64(6077), '2002': np.int64(6084), '2003': np.int64(6121), '2004': np.int64(6090), '2005': np.int64(6123), '2006': np.int64(6241), '2007': np.int64(6235), '2008': np.int64(6214), '2009': np.int64(6173), '2010': np.int64(6143), '2011': np.int64(6147), '2012': np.int64(6292), '2013': np.int64(6228), '2014': np.int64(6286), '2015': np.int64(6380), '2016': np.int64(6420), '2017': np.int64(6433), '2018': np.int64(6458), '2019': np.int64(6381)}"
Neston,Small,North West,Residential,Low Deprivation,Smaller non-coastal towns ,"{'2001': np.int64(15002), '2002': np.int64(14725), '2003': np.int64(14839), '2004': np.int64(14986), '2005': np.int64(15065), '2006': np.int64(15138), '2007': np.int64(15182), '2008': np.int64(15163), '2009': np.int64(15122), '2010': np.int64(15080), '2011': np.int64(15053), '2012': np.int64(15025), '2013': np.int64(15015), '2014': np.int64(15138), '2015': np.int64(15242), '2016': np.int64(15210), '2017': np.int64(15202), '2018': np.int64(15124), '2019': np.int64(15104)}"
Middlewich,Small,North West,Working,Low Deprivation,Smaller non-coastal towns ,"{'2001': np.int64(13093), '2002': np.int64(13182), '2003': np.int64(13200), '2004': np.int64(13280), '2005': np.int64(13321), '2006': np.int64(13426), '2007': np.int64(13529), '2008': np.int64(13590), '2009': np.int64(13680), '2010': np.int64(13662), '2011': np.int64(13628), '2012': np.int64(13654), '2013': np.int64(13666), '2014': np.int64(13891), '2015': np.int64(13961), '2016': np.int64(14109), '2017': np.int64(14138), '2018': np.int64(14084), '2019': np.int64(14130)}"
Edenbridge,Small,South East,Mixed,Middle Deprivation,Smaller non-coastal towns ,"{'2001': np.int64(7192), '2002': np.int64(7223), '2003': np.int64(7401), '2004': np.int64(7398), '2005': np.int64(7521), '2006': np.int64(7769), '2007': np.int64(7931), '2008': np.int64(8012), '2009': np.int64(8048), '2010': np.int64(8128), '2011': np.int64(8218), '2012': np.int64(8349), '2013': np.int64(8573), '2014': np.int64(8820), '2015': np.int64(8838), '2016': np.int64(8816), '2017': np.int64(8831), '2018': np.int64(8955), '2019': np.int64(9004)}"
Maryport,Small,North West,Residential,High Deprivation,Smaller other coastal towns,"{'2001': np.int64(9609), '2002': np.int64(9656), '2003': np.int64(9795), '2004': np.int64(9761), '2005': np.int64(9719), '2006': np.int64(9776), '2007': np.int64(9811), '2008': np.int64(9780), '2009': np.int64(9693), '2010': np.int64(9703), '2011': np.int64(9564), '2012': np.int64(9555), '2013': np.int64(9618), '2014': np.int64(9605), '2015': np.int64(9463), '2016': np.int64(9556), '2017': np.int64(9517), '2018': np.int64(9501), '2019': np.int64(9538)}"
Wymondham (South Norfolk),Small,East of England,Working,Low Deprivation,Smaller non-coastal towns ,"{'2001': np.int64(11769), '2002': np.int64(12023), '2003': np.int64(12139), '2004': np.int64(12484), '2005': np.int64(12584), '2006': np.int64(12673), '2007': np.int64(12757), '2008': np.int64(12919), '2009': np.int64(13027), '2010': np.int64(13280), '2011': np.int64(13665), '2012': np.int64(13749), '2013': np.int64(14012), '2014': np.int64(14374), '2015': np.int64(14778), '2016': np.int64(14908), '2017': np.int64(15267), '2018': np.int64(15606), '2019': np.int64(16441)}"
Creswell,Small,East Midlands,Residential,High Deprivation,Smaller non-coastal towns ,"{'2001': np.int64(4655), '2002': np.int64(4811), '2003': np.int64(4789), '2004': np.int64(4770), '2005': np.int64(4780), '2006': np.int64(4921), '2007': np.int64(5153), '2008': np.int64(5265), '2009': np.int64(5262), '2010': np.int64(5385), '2011': np.int64(5442), '2012': np.int64(5514), '2013': np.int64(5502), '2014': np.int64(5550), '2015': np.int64(5581), '2016': np.int64(5626), '2017': np.int64(5671), '2018': np.int64(5646), '2019': np.int64(5876)}"
Saltash,Small,South West,Residential,Middle Deprivation,Smaller other coastal towns,"{'2001': np.int64(14207), '2002': np.int64(14351), '2003': np.int64(14654), '2004': np.int64(15033), '2005': np.int64(15087), '2006': np.int64(15309), '2007': np.int64(15447), '2008': np.int64(15392), '2009': np.int64(15422), '2010': np.int64(15529), '2011': np.int64(15588), '2012': np.int64(15759), '2013': np.int64(15746), '2014': np.int64(15924), '2015': np.int64(15847), '2016': np.int64(15830), '2017': np.int64(15919), '2018': np.int64(15891), '2019': np.int64(15762)}"
Potters Bar,Medium,East of England,Working,Low Deprivation,Larger non-coastal towns,"{'2001': np.int64(21677), '2002': np.int64(21869), '2003': np.int64(22096), '2004': np.int64(21680), '2005': np.int64(21844), '2006': np.int64(21871), '2007': np.int64(21974), '2008': np.int64(22253), '2009': np.int64(22315), '2010': np.int64(22467), '2011': np.int64(22697), '2012': np.int64(22683), '2013': np.int64(22667), '2014': np.int64(22943), '2015': np.int64(23137), '2016': np.int64(23367), '2017': np.int64(23537), '2018': np.int64(23505), '2019': np.int64(23429)}"
Pembury,Small,South East,Working,Low Deprivation,Smaller non-coastal towns ,"{'2001': np.int64(5976), '2002': np.int64(6069), '2003': np.int64(5944), '2004': np.int64(6007), '2005': np.int64(5947), '2006': np.int64(5982), '2007': np.int64(5974), '2008': np.int64(6012), '2009': np.int64(6069), '2010': np.int64(6140), '2011': np.int64(6122), '2012': np.int64(6178), '2013': np.int64(6236), '2014': np.int64(6256), '2015': np.int64(6176), '2016': np.int64(6132), '2017': np.int64(6119), '2018': np.int64(6089), '2019': np.int64(6037)}"
Clevedon,Medium,South West,Mixed,Low Deprivation,Larger seaside towns,"{'2001': np.int64(21751), '2002': np.int64(21508), '2003': np.int64(21559), '2004': np.int64(21488), '2005': np.int64(21452), '2006': np.int64(21471), '2007': np.int64(21480), '2008': np.int64(21323), '2009': np.int64(21256), '2010': np.int64(21120), '2011': np.int64(21039), '2012': np.int64(20981), '2013': np.int64(21090), '2014': np.int64(21100), '2015': np.int64(21217), '2016': np.int64(21175), '2017': np.int64(21117), '2018': np.int64(21128), '2019': np.int64(21138)}"
Anstey,Small,East Midlands,Residential,Low Deprivation,Smaller non-coastal towns ,"{'2001': np.int64(5848), '2002': np.int64(5831), '2003': np.int64(5801), '2004': np.int64(5777), '2005': np.int64(5827), '2006': np.int64(5859), '2007': np.int64(5998), '2008': np.int64(6100), '2009': np.int64(6237), '2010': np.int64(6367), '2011': np.int64(6536), '2012': np.int64(6607), '2013': np.int64(6660), '2014': np.int64(6760), '2015': np.int64(6896), '2016': np.int64(7008), '2017': np.int64(7139), '2018': np.int64(7153), '2019': np.int64(7363)}"
Great Torrington,Small,South West,Residential,High Deprivation,Smaller non-coastal towns ,"{'2001': np.int64(5250), '2002': np.int64(5295), '2003': np.int64(5310), '2004': np.int64(5350), '2005': np.int64(5364), '2006': np.int64(5375), '2007': np.int64(5565), '2008': np.int64(5576), '2009': np.int64(5593), '2010': np.int64(5692), '2011': np.int64(5724), '2012': np.int64(5744), '2013': np.int64(5719), '2014': np.int64(5746), '2015': np.int64(5852), '2016': np.int64(5870), '2017': np.int64(5963), '2018': np.int64(5996), '2019': np.int64(5980)}"
Wroughton,Small,South West,Residential,Low Deprivation,Smaller non-coastal towns ,"{'2001': np.int64(6146), '2002': np.int64(6192), '2003': np.int64(6220), '2004': np.int64(6236), '2005': np.int64(6315), '2006': np.int64(6359), '2007': np.int64(6408), '2008': np.int64(6458), '2009': np.int64(6493), '2010': np.int64(6482), '2011': np.int64(6462), '2012': np.int64(6385), '2013': np.int64(6432), '2014': np.int64(6440), '2015': np.int64(6433), '2016': np.int64(6429), '2017': np.int64(6455), '2018': np.int64(6361), '2019': np.int64(6473)}"
Tavistock,Small,South West,Mixed,Middle Deprivation,Smaller non-coastal towns ,"{'2001': np.int64(11002), '2002': np.int64(11324), '2003': np.int64(11330), '2004': np.int64(11219), '2005': np.int64(11286), '2006': np.int64(11296), '2007': np.int64(11505), '2008': np.int64(11955), '2009': np.int64(12090), '2010': np.int64(12264), '2011': np.int64(12305), '2012': np.int64(12314), '2013': np.int64(12376), '2014': np.int64(12493), '2015': np.int64(12384), '2016': np.int64(12485), '2017': np.int64(12504), '2018': np.int64(12471), '2019': np.int64(12545)}"
Codsall,Small,West Midlands,Residential,Low Deprivation,Smaller non-coastal towns ,"{'2001': np.int64(11366), '2002': np.int64(11430), '2003': np.int64(11550), '2004': np.int64(11605), '2005': np.int64(11580), '2006': np.int64(11699), '2007': np.int64(11778), '2008': np.int64(11730), '2009': np.int64(11743), '2010': np.int64(11730), '2011': np.int64(11679), '2012': np.int64(11662), '2013': np.int64(11669), '2014': np.int64(11708), '2015': np.int64(11682), '2016': np.int64(11681), '2017': np.int64(11674), '2018': np.int64(11752), '2019': np.int64(11886)}"
Cockermouth,Small,North West,Working,Low Deprivation,Smaller non-coastal towns ,"{'2001': np.int64(8618), '2002': np.int64(8828), '2003': np.int64(8999), '2004': np.int64(9097), '2005': np.int64(9085), '2006': np.int64(9007), '2007': np.int64(9109), '2008': np.int64(9203), '2009': np.int64(9142), '2010': np.int64(9017), '2011': np.int64(9144), '2012': np.int64(9171), '2013': np.int64(9189), '2014': np.int64(9167), '2015': np.int64(9254), '2016': np.int64(9202), '2017': np.int64(9382), '2018': np.int64(9372), '2019': np.int64(9495)}"
Blandford Forum,Small,South West,Working,Middle Deprivation,Smaller non-coastal towns ,"{'2001': np.int64(10101), '2002': np.int64(10216), '2003': np.int64(10296), '2004': np.int64(10524), '2005': np.int64(10857), '2006': np.int64(10992), '2007': np.int64(11220), '2008': np.int64(11162), '2009': np.int64(11312), '2010': np.int64(11378), '2011': np.int64(11759), '2012': np.int64(12037), '2013': np.int64(12151), '2014': np.int64(12249), '2015': np.int64(12331), '2016': np.int64(12323), '2017': np.int64(12362), '2018': np.int64(12344), '2019': np.int64(12363)}"
Sittingbourne,Medium,South East,Working,High Deprivation,Larger non-coastal towns,"{'2001': np.int64(42842), '2002': np.int64(43801), '2003': np.int64(44185), '2004': np.int64(44366), '2005': np.int64(44616), '2006': np.int64(44888), '2007': np.int64(45955), '2008': np.int64(47261), '2009': np.int64(47911), '2010': np.int64(48685), '2011': np.int64(49189), '2012': np.int64(49829), '2013': np.int64(50341), '2014': np.int64(51019), '2015': np.int64(51354), '2016': np.int64(52144), '2017': np.int64(52553), '2018': np.int64(53091), '2019': np.int64(53554)}"
Buxton (High Peak),Medium,East Midlands,Mixed,Middle Deprivation,Larger non-coastal towns,"{'2001': np.int64(21343), '2002': np.int64(21286), '2003': np.int64(21205), '2004': np.int64(21179), '2005': np.int64(21316), '2006': np.int64(21214), '2007': np.int64(21450), '2008': np.int64(21704), '2009': np.int64(21836), '2010': np.int64(22050), '2011': np.int64(22121), '2012': np.int64(22380), '2013': np.int64(22388), '2014': np.int64(22427), '2015': np.int64(22597), '2016': np.int64(22580), '2017': np.int64(22661), '2018': np.int64(22596), '2019': np.int64(22437)}"
Newhaven,Small,South East,Working,High Deprivation,Smaller other coastal towns,"{'2001': np.int64(12379), '2002': np.int64(12584), '2003': np.int64(12876), '2004': np.int64(12895), '2005': np.int64(13048), '2006': np.int64(13063), '2007': np.int64(13172), '2008': np.int64(13207), '2009': np.int64(13231), '2010': np.int64(13314), '2011': np.int64(13255), '2012': np.int64(13295), '2013': np.int64(13302), '2014': np.int64(13498), '2015': np.int64(13647), '2016': np.int64(13846), '2017': np.int64(14019), '2018': np.int64(14031), '2019': np.int64(14118)}"
Hadleigh,Small,East of England,Working,Low Deprivation,Smaller non-coastal towns ,"{'2001': np.int64(7126), '2002': np.int64(7202), '2003': np.int64(7532), '2004': np.int64(7653), '2005': np.int64(7827), '2006': np.int64(8005), '2007': np.int64(7951), '2008': np.int64(8056), '2009': np.int64(8123), '2010': np.int64(8125), '2011': np.int64(8164), '2012': np.int64(8098), '2013': np.int64(8321), '2014': np.int64(8556), '2015': np.int64(8656), '2016': np.int64(8749), '2017': np.int64(8676), '2018': np.int64(8734), '2019': np.int64(8825)}"
Thetford,Medium,East of England,Working,High Deprivation,Larger non-coastal towns,"{'2001': np.int64(22069), '2002': np.int64(22201), '2003': np.int64(22272), '2004': np.int64(22264), '2005': np.int64(22997), '2006': np.int64(23594), '2007': np.int64(23832), '2008': np.int64(24222), '2009': np.int64(24318), '2010': np.int64(24284), '2011': np.int64(24986), '2012': np.int64(25432), '2013': np.int64(25659), '2014': np.int64(26246), '2015': np.int64(26629), '2016': np.int64(27010), '2017': np.int64(27269), '2018': np.int64(27286), '2019': np.int64(27290)}"
Billingshurst,Small,South East,Residential,Low Deprivation,Smaller non-coastal towns ,"{'2001': np.int64(5434), '2002': np.int64(5627), '2003': np.int64(5899), '2004': np.int64(6162), '2005': np.int64(6275), '2006': np.int64(6465), '2007': np.int64(6686), '2008': np.int64(6812), '2009': np.int64(6875), '2010': np.int64(6860), '2011': np.int64(6955), '2012': np.int64(6941), '2013': np.int64(7106), '2014': np.int64(7259), '2015': np.int64(7470), '2016': np.int64(7675), '2017': np.int64(7809), '2018': np.int64(7854), '2019': np.int64(7989)}"
Annfield Plain,Small,North East,Residential,High Deprivation,Smaller non-coastal towns ,"{'2001': np.int64(9835), '2002': np.int64(9821), '2003': np.int64(9761), '2004': np.int64(9788), '2005': np.int64(9736), '2006': np.int64(9814), '2007': np.int64(9921), '2008': np.int64(10098), '2009': np.int64(10259), '2010': np.int64(10383), '2011': np.int64(10398), '2012': np.int64(10413), '2013': np.int64(10379), '2014': np.int64(10566), '2015': np.int64(10776), '2016': np.int64(10833), '2017': np.int64(10808), '2018': np.int64(10794), '2019': np.int64(10894)}"
Emsworth,Small,South East,Residential,Low Deprivation,Smaller non-coastal towns ,"{'2001': np.int64(18452), '2002': np.int64(18450), '2003': np.int64(18532), '2004': np.int64(18421), '2005': np.int64(18368), '2006': np.int64(18477), '2007': np.int64(18686), '2008': np.int64(18753), '2009': np.int64(18710), '2010': np.int64(18914), '2011': np.int64(18791), '2012': np.int64(18915), '2013': np.int64(19010), '2014': np.int64(19151), '2015': np.int64(19537), '2016': np.int64(19625), '2017': np.int64(19762), '2018': np.int64(19882), '2019': np.int64(20046)}"
Bognor Regis,Medium,South East,Residential,Middle Deprivation,Larger seaside towns,"{'2001': np.int64(61798), '2002': np.int64(62210), '2003': np.int64(62326), '2004': np.int64(62604), '2005': np.int64(62949), '2006': np.int64(63072), '2007': np.int64(63393), '2008': np.int64(63623), '2009': np.int64(63769), '2010': np.int64(63968), '2011': np.int64(63971), '2012': np.int64(64855), '2013': np.int64(65877), '2014': np.int64(66968), '2015': np.int64(67816), '2016': np.int64(68940), '2017': np.int64(69345), '2018': np.int64(69888), '2019': np.int64(70309)}"
Tarleton,Small,North West,Residential,Low Deprivation,Smaller non-coastal towns ,"{'2001': np.int64(8198), '2002': np.int64(8458), '2003': np.int64(8658), '2004': np.int64(8818), '2005': np.int64(8801), '2006': np.int64(8807), '2007': np.int64(8843), '2008': np.int64(8813), '2009': np.int64(8740), '2010': np.int64(8708), '2011': np.int64(8571), '2012': np.int64(8611), '2013': np.int64(8470), '2014': np.int64(8532), '2015': np.int64(8625), '2016': np.int64(8684), '2017': np.int64(8654), '2018': np.int64(8641), '2019': np.int64(8624)}"
Westbury (Wiltshire),Small,South West,Residential,Middle Deprivation,Smaller non-coastal towns ,"{'2001': np.int64(13435), '2002': np.int64(13934), '2003': np.int64(14316), '2004': np.int64(15044), '2005': np.int64(15320), '2006': np.int64(15759), '2007': np.int64(16072), '2008': np.int64(16265), '2009': np.int64(16471), '2010': np.int64(16740), '2011': np.int64(17056), '2012': np.int64(17210), '2013': np.int64(17535), '2014': np.int64(17708), '2015': np.int64(17769), '2016': np.int64(17711), '2017': np.int64(17860), '2018': np.int64(17905), '2019': np.int64(18057)}"
Strensall,Small,Yorkshire and The Humber,Residential,Low Deprivation,Smaller non-coastal towns ,"{'2001': np.int64(5748), '2002': np.int64(5869), '2003': np.int64(5885), '2004': np.int64(6033), '2005': np.int64(6035), '2006': np.int64(5978), '2007': np.int64(6033), '2008': np.int64(5991), '2009': np.int64(6033), '2010': np.int64(6027), '2011': np.int64(6055), '2012': np.int64(6015), '2013': np.int64(5997), '2014': np.int64(5947), '2015': np.int64(5978), '2016': np.int64(6130), '2017': np.int64(6103), '2018': np.int64(6087), '2019': np.int64(5998)}"
Liss,Small,South East,Residential,Low Deprivation,Smaller non-coastal towns ,"{'2001': np.int64(5888), '2002': np.int64(5962), '2003': np.int64(5877), '2004': np.int64(5899), '2005': np.int64(5971), '2006': np.int64(5969), '2007': np.int64(5995), '2008': np.int64(6026), '2009': np.int64(6117), '2010': np.int64(6245), '2011': np.int64(6246), '2012': np.int64(6196), '2013': np.int64(6348), '2014': np.int64(6354), '2015': np.int64(6356), '2016': np.int64(6440), '2017': np.int64(6402), '2018': np.int64(6475), '2019': np.int64(6519)}"
Towcester,Small,East Midlands,Residential,Low Deprivation,Smaller non-coastal towns ,"{'2001': np.int64(8775), '2002': np.int64(9006), '2003': np.int64(8992), '2004': np.int64(9047), '2005': np.int64(9270), '2006': np.int64(9269), '2007': np.int64(9309), '2008': np.int64(9352), '2009': np.int64(9300), '2010': np.int64(9167), '2011': np.int64(9101), '2012': np.int64(9128), '2013': np.int64(9228), '2014': np.int64(9407), '2015': np.int64(9544), '2016': np.int64(9578), '2017': np.int64(9721), '2018': np.int64(9885), '2019': np.int64(10354)}"
Totnes,Small,South West,Working,High Deprivation,Smaller non-coastal towns ,"{'2001': np.int64(8048), '2002': np.int64(8061), '2003': np.int64(8108), '2004': np.int64(8028), '2005': np.int64(7944), '2006': np.int64(7965), '2007': np.int64(8018), '2008': np.int64(8070), '2009': np.int64(8131), '2010': np.int64(8145), '2011': np.int64(8083), '2012': np.int64(8193), '2013': np.int64(8295), '2014': np.int64(8372), '2015': np.int64(8302), '2016': np.int64(8316), '2017': np.int64(8496), '2018': np.int64(8724), '2019': np.int64(8844)}"
Hinckley,Medium,East Midlands,Working,Low Deprivation,Larger non-coastal towns,"{'2001': np.int64(43251), '2002': np.int64(43438), '2003': np.int64(43800), '2004': np.int64(44101), '2005': np.int64(44351), '2006': np.int64(44606), '2007': np.int64(44972), '2008': np.int64(45190), '2009': np.int64(45380), '2010': np.int64(45260), '2011': np.int64(45375), '2012': np.int64(45742), '2013': np.int64(46110), '2014': np.int64(46765), '2015': np.int64(47391), '2016': np.int64(48182), '2017': np.int64(48841), '2018': np.int64(49408), '2019': np.int64(49741)}"
Yarm,Small,North East,Residential,Low Deprivation,Smaller non-coastal towns ,"{'2001': np.int64(19412), '2002': np.int64(19459), '2003': np.int64(19393), '2004': np.int64(19312), '2005': np.int64(19340), '2006': np.int64(19360), '2007': np.int64(19322), '2008': np.int64(19041), '2009': np.int64(19079), '2010': np.int64(19144), '2011': np.int64(19188), '2012': np.int64(19271), '2013': np.int64(19363), '2014': np.int64(19407), '2015': np.int64(19432), '2016': np.int64(19464), '2017': np.int64(19570), '2018': np.int64(19571), '2019': np.int64(19896)}"
Princes Risborough,Small,South East,Working,Low Deprivation,Smaller non-coastal towns ,"{'2001': np.int64(8103), '2002': np.int64(8200), '2003': np.int64(8153), '2004': np.int64(8160), '2005': np.int64(8156), '2006': np.int64(8168), '2007': np.int64(8218), '2008': np.int64(8181), '2009': np.int64(8170), '2010': np.int64(8146), '2011': np.int64(8214), '2012': np.int64(8350), '2013': np.int64(8301), '2014': np.int64(8255), '2015': np.int64(8148), '2016': np.int64(8159), '2017': np.int64(8017), '2018': np.int64(8029), '2019': np.int64(8101)}"
Seaham,Medium,North East,Mixed,High Deprivation,Larger other coastal towns ,"{'2001': np.int64(21213), '2002': np.int64(20952), '2003': np.int64(20813), '2004': np.int64(20757), '2005': np.int64(20920), '2006': np.int64(21161), '2007': np.int64(21411), '2008': np.int64(21874), '2009': np.int64(22084), '2010': np.int64(22145), '2011': np.int64(22371), '2012': np.int64(22415), '2013': np.int64(22442), '2014': np.int64(22474), '2015': np.int64(22507), '2016': np.int64(22660), '2017': np.int64(22579), '2018': np.int64(22651), '2019': np.int64(22578)}"
Hexham,Small,North East,Working,Low Deprivation,Smaller non-coastal towns ,"{'2001': np.int64(10991), '2002': np.int64(11053), '2003': np.int64(11037), '2004': np.int64(10968), '2005': np.int64(10946), '2006': np.int64(11059), '2007': np.int64(11047), '2008': np.int64(11173), '2009': np.int64(11258), '2010': np.int64(11317), '2011': np.int64(11382), '2012': np.int64(11349), '2013': np.int64(11310), '2014': np.int64(11369), '2015': np.int64(11291), '2016': np.int64(11321), '2017': np.int64(11371), '2018': np.int64(11400), '2019': np.int64(11378)}"
Scunthorpe,Large,Yorkshire and The Humber,Working,High Deprivation,Larger non-coastal towns,"{'2001': np.int64(72744), '2002': np.int64(72919), '2003': np.int64(73442), '2004': np.int64(74399), '2005': np.int64(75143), '2006': np.int64(75989), '2007': np.int64(76844), '2008': np.int64(77684), '2009': np.int64(78585), '2010': np.int64(79289), '2011': np.int64(80080), '2012': np.int64(80667), '2013': np.int64(81004), '2014': np.int64(81441), '2015': np.int64(81921), '2016': np.int64(82203), '2017': np.int64(82472), '2018': np.int64(83072), '2019': np.int64(83583)}"
Belper,Medium,East Midlands,Residential,Low Deprivation,Larger non-coastal towns,"{'2001': np.int64(22032), '2002': np.int64(22243), '2003': np.int64(22299), '2004': np.int64(22523), '2005': np.int64(22674), '2006': np.int64(22729), '2007': np.int64(22900), '2008': np.int64(23201), '2009': np.int64(23400), '2010': np.int64(23433), '2011': np.int64(23484), '2012': np.int64(23599), '2013': np.int64(23829), '2014': np.int64(23991), '2015': np.int64(24007), '2016': np.int64(24085), '2017': np.int64(24101), '2018': np.int64(23977), '2019': np.int64(23891)}"
Littleport,Small,East of England,Residential,Middle Deprivation,Smaller non-coastal towns ,"{'2001': np.int64(6647), '2002': np.int64(6674), '2003': np.int64(6881), '2004': np.int64(6719), '2005': np.int64(6779), '2006': np.int64(7006), '2007': np.int64(7116), '2008': np.int64(7292), '2009': np.int64(7458), '2010': np.int64(7639), '2011': np.int64(7970), '2012': np.int64(8118), '2013': np.int64(8290), '2014': np.int64(8486), '2015': np.int64(8643), '2016': np.int64(8707), '2017': np.int64(8869), '2018': np.int64(8916), '2019': np.int64(9053)}"
Freckleton,Small,North West,Working,Middle Deprivation,Smaller non-coastal towns ,"{'2001': np.int64(8100), '2002': np.int64(8133), '2003': np.int64(8158), '2004': np.int64(8231), '2005': np.int64(8217), '2006': np.int64(8238), '2007': np.int64(8256), '2008': np.int64(8246), '2009': np.int64(8134), '2010': np.int64(8083), '2011': np.int64(8047), '2012': np.int64(7952), '2013': np.int64(8004), '2014': np.int64(8088), '2015': np.int64(8089), '2016': np.int64(8197), '2017': np.int64(8350), '2018': np.int64(8453), '2019': np.int64(8628)}"
Berwick-upon-Tweed,Small,North East,Working,High Deprivation,Smaller other coastal towns,"{'2001': np.int64(12962), '2002': np.int64(12899), '2003': np.int64(12831), '2004': np.int64(13046), '2005': np.int64(12931), '2006': np.int64(12935), '2007': np.int64(13028), '2008': np.int64(13019), '2009': np.int64(13000), '2010': np.int64(13123), '2011': np.int64(13256), '2012': np.int64(13329), '2013': np.int64(13431), '2014': np.int64(13439), '2015': np.int64(13399), '2016': np.int64(13426), '2017': np.int64(13479), '2018': np.int64(13476), '2019': np.int64(13516)}"
Stratford-upon-Avon,Medium,West Midlands,Working,Low Deprivation,Larger non-coastal towns,"{'2001': np.int64(22110), '2002': np.int64(22186), '2003': np.int64(22818), '2004': np.int64(23085), '2005': np.int64(24093), '2006': np.int64(25157), '2007': np.int64(26038), '2008': np.int64(26800), '2009': np.int64(27005), '2010': np.int64(27394), '2011': np.int64(27941), '2012': np.int64(28002), '2013': np.int64(28541), '2014': np.int64(28701), '2015': np.int64(28813), '2016': np.int64(29121), '2017': np.int64(29565), '2018': np.int64(30095), '2019': np.int64(30543)}"
Wombourne,Small,West Midlands,Residential,Low Deprivation,Smaller non-coastal towns ,"{'2001': np.int64(13107), '2002': np.int64(13114), '2003': np.int64(13278), '2004': np.int64(13331), '2005': np.int64(13358), '2006': np.int64(13418), '2007': np.int64(13450), '2008': np.int64(13478), '2009': np.int64(13443), '2010': np.int64(13432), '2011': np.int64(13528), '2012': np.int64(13522), '2013': np.int64(13578), '2014': np.int64(13542), '2015': np.int64(13617), '2016': np.int64(13555), '2017': np.int64(13628), '2018': np.int64(13687), '2019': np.int64(13680)}"
Burgess Hill,Medium,South East,Working,Low Deprivation,Larger non-coastal towns,"{'2001': np.int64(29517), '2002': np.int64(29221), '2003': np.int64(29420), '2004': np.int64(29518), '2005': np.int64(29622), '2006': np.int64(29797), '2007': np.int64(29954), '2008': np.int64(30162), '2009': np.int64(30286), '2010': np.int64(30540), '2011': np.int64(30735), '2012': np.int64(31019), '2013': np.int64(31108), '2014': np.int64(31338), '2015': np.int64(31597), '2016': np.int64(31911), '2017': np.int64(31889), '2018': np.int64(32264), '2019': np.int64(32495)}"
Spalding,Medium,East Midlands,Working,Low Deprivation,Larger non-coastal towns,"{'2001': np.int64(25789), '2002': np.int64(26143), '2003': np.int64(26548), '2004': np.int64(26944), '2005': np.int64(27332), '2006': np.int64(28292), '2007': np.int64(28992), '2008': np.int64(29808), '2009': np.int64(30552), '2010': np.int64(31368), '2011': np.int64(31702), '2012': np.int64(32128), '2013': np.int64(32615), '2014': np.int64(33482), '2015': np.int64(34092), '2016': np.int64(34674), '2017': np.int64(35135), '2018': np.int64(35702), '2019': np.int64(36334)}"
Ampthill,Medium,East of England,Mixed,Low Deprivation,Larger non-coastal towns,"{'2001': np.int64(19539), '2002': np.int64(19681), '2003': np.int64(19755), '2004': np.int64(19764), '2005': np.int64(19759), '2006': np.int64(19800), '2007': np.int64(19738), '2008': np.int64(19767), '2009': np.int64(19742), '2010': np.int64(19856), '2011': np.int64(20074), '2012': np.int64(20391), '2013': np.int64(20611), '2014': np.int64(20830), '2015': np.int64(21056), '2016': np.int64(21267), '2017': np.int64(21339), '2018': np.int64(21593), '2019': np.int64(22089)}"
Barnard Castle,Small,North East,Working,Middle Deprivation,Smaller non-coastal towns ,"{'2001': np.int64(6729), '2002': np.int64(6824), '2003': np.int64(6903), '2004': np.int64(6889), '2005': np.int64(6926), '2006': np.int64(6951), '2007': np.int64(6937), '2008': np.int64(6929), '2009': np.int64(6979), '2010': np.int64(7081), '2011': np.int64(7020), '2012': np.int64(7012), '2013': np.int64(6966), '2014': np.int64(7058), '2015': np.int64(7014), '2016': np.int64(7014), '2017': np.int64(7163), '2018': np.int64(7263), '2019': np.int64(7256)}"
Matlock,Small,East Midlands,Working,Middle Deprivation,Smaller non-coastal towns ,"{'2001': np.int64(14783), '2002': np.int64(14466), '2003': np.int64(14404), '2004': np.int64(14296), '2005': np.int64(14297), '2006': np.int64(14378), '2007': np.int64(14574), '2008': np.int64(14657), '2009': np.int64(14769), '2010': np.int64(14861), '2011': np.int64(14955), '2012': np.int64(15105), '2013': np.int64(15064), '2014': np.int64(15248), '2015': np.int64(15509), '2016': np.int64(15497), '2017': np.int64(15647), '2018': np.int64(15652), '2019': np.int64(15864)}"
Aveley,Small,East of England,Residential,High Deprivation,Smaller non-coastal towns ,"{'2001': np.int64(7505), '2002': np.int64(7526), '2003': np.int64(7495), '2004': np.int64(7303), '2005': np.int64(7366), '2006': np.int64(7464), '2007': np.int64(7496), '2008': np.int64(7590), '2009': np.int64(7721), '2010': np.int64(7824), '2011': np.int64(7998), '2012': np.int64(8033), '2013': np.int64(8105), '2014': np.int64(8224), '2015': np.int64(8514), '2016': np.int64(8882), '2017': np.int64(9107), '2018': np.int64(9276), '2019': np.int64(9461)}"
Morpeth,Small,North East,Working,Low Deprivation,Smaller non-coastal towns ,"{'2001': np.int64(14117), '2002': np.int64(14274), '2003': np.int64(14172), '2004': np.int64(14238), '2005': np.int64(14187), '2006': np.int64(14023), '2007': np.int64(14217), '2008': np.int64(14226), '2009': np.int64(14180), '2010': np.int64(14302), '2011': np.int64(14377), '2012': np.int64(14410), '2013': np.int64(14510), '2014': np.int64(14640), '2015': np.int64(14581), '2016': np.int64(14526), '2017': np.int64(14698), '2018': np.int64(14936), '2019': np.int64(15130)}"
Fakenham,Small,East of England,Working,Middle Deprivation,Smaller non-coastal towns ,"{'2001': np.int64(7988), '2002': np.int64(8046), '2003': np.int64(7940), '2004': np.int64(7987), '2005': np.int64(7996), '2006': np.int64(8033), '2007': np.int64(8012), '2008': np.int64(8132), '2009': np.int64(8165), '2010': np.int64(8254), '2011': np.int64(8303), '2012': np.int64(8328), '2013': np.int64(8457), '2014': np.int64(8478), '2015': np.int64(8440), '2016': np.int64(8433), '2017': np.int64(8464), '2018': np.int64(8552), '2019': np.int64(8614)}"
Lydney,Small,South West,Mixed,High Deprivation,Smaller non-coastal towns ,"{'2001': np.int64(8912), '2002': np.int64(8916), '2003': np.int64(9077), '2004': np.int64(9023), '2005': np.int64(8970), '2006': np.int64(9027), '2007': np.int64(9007), '2008': np.int64(8996), '2009': np.int64(8862), '2010': np.int64(8833), '2011': np.int64(8769), '2012': np.int64(8816), '2013': np.int64(8869), '2014': np.int64(9056), '2015': np.int64(9147), '2016': np.int64(9265), '2017': np.int64(9209), '2018': np.int64(9243), '2019': np.int64(9386)}"
Cleator Moor,Small,North West,Residential,High Deprivation,Smaller non-coastal towns ,"{'2001': np.int64(6920), '2002': np.int64(6905), '2003': np.int64(6904), '2004': np.int64(6976), '2005': np.int64(7037), '2006': np.int64(6965), '2007': np.int64(6952), '2008': np.int64(6962), '2009': np.int64(6946), '2010': np.int64(6956), '2011': np.int64(6939), '2012': np.int64(6895), '2013': np.int64(6840), '2014': np.int64(6772), '2015': np.int64(6732), '2016': np.int64(6724), '2017': np.int64(6732), '2018': np.int64(6767), '2019': np.int64(6752)}"
Brentwood,Medium,East of England,Working,Low Deprivation,Larger non-coastal towns,"{'2001': np.int64(48047), '2002': np.int64(48322), '2003': np.int64(48717), '2004': np.int64(49245), '2005': np.int64(49916), '2006': np.int64(50250), '2007': np.int64(50463), '2008': np.int64(51041), '2009': np.int64(51699), '2010': np.int64(52182), '2011': np.int64(52808), '2012': np.int64(52989), '2013': np.int64(53555), '2014': np.int64(54452), '2015': np.int64(54956), '2016': np.int64(55072), '2017': np.int64(54885), '2018': np.int64(54977), '2019': np.int64(55285)}"
Warrington,Large,North West,Working,High Deprivation,Larger non-coastal towns,"{'2001': np.int64(157998), '2002': np.int64(157809), '2003': np.int64(157480), '2004': np.int64(157038), '2005': np.int64(157852), '2006': np.int64(159248), '2007': np.int64(160749), '2008': np.int64(162018), '2009': np.int64(163482), '2010': np.int64(164529), '2011': np.int64(165874), '2012': np.int64(166745), '2013': np.int64(168062), '2014': np.int64(169196), '2015': np.int64(170296), '2016': np.int64(171268), '2017': np.int64(172068), '2018': np.int64(172192), '2019': np.int64(172684)}"
Coleshill (North Warwickshire),Small,West Midlands,Working,Low Deprivation,Smaller non-coastal towns ,"{'2001': np.int64(6168), '2002': np.int64(6207), '2003': np.int64(6164), '2004': np.int64(6203), '2005': np.int64(6217), '2006': np.int64(6281), '2007': np.int64(6240), '2008': np.int64(6361), '2009': np.int64(6379), '2010': np.int64(6366), '2011': np.int64(6342), '2012': np.int64(6339), '2013': np.int64(6342), '2014': np.int64(6387), '2015': np.int64(6472), '2016': np.int64(6560), '2017': np.int64(6682), '2018': np.int64(6690), '2019': np.int64(6677)}"
Winsford (Cheshire West and Chester),Medium,North West,Working,High Deprivation,Larger non-coastal towns,"{'2001': np.int64(29514), '2002': np.int64(29648), '2003': np.int64(29793), '2004': np.int64(30135), '2005': np.int64(30362), '2006': np.int64(30306), '2007': np.int64(30441), '2008': np.int64(30556), '2009': np.int64(30339), '2010': np.int64(30288), '2011': np.int64(30256), '2012': np.int64(30348), '2013': np.int64(30369), '2014': np.int64(30288), '2015': np.int64(30506), '2016': np.int64(30556), '2017': np.int64(30751), '2018': np.int64(31159), '2019': np.int64(31434)}"
Kirkby,Medium,North West,Working,High Deprivation,Larger non-coastal towns,"{'2001': np.int64(41533), '2002': np.int64(41344), '2003': np.int64(41377), '2004': np.int64(41610), '2005': np.int64(41889), '2006': np.int64(42314), '2007': np.int64(42351), '2008': np.int64(42576), '2009': np.int64(42641), '2010': np.int64(42705), '2011': np.int64(42775), '2012': np.int64(42739), '2013': np.int64(42828), '2014': np.int64(42633), '2015': np.int64(42811), '2016': np.int64(42987), '2017': np.int64(43136), '2018': np.int64(43368), '2019': np.int64(43796)}"
Alcester,Small,West Midlands,Working,Middle Deprivation,Smaller non-coastal towns ,"{'2001': np.int64(7043), '2002': np.int64(6900), '2003': np.int64(6760), '2004': np.int64(6796), '2005': np.int64(6839), '2006': np.int64(6900), '2007': np.int64(6939), '2008': np.int64(7012), '2009': np.int64(6968), '2010': np.int64(6939), '2011': np.int64(6953), '2012': np.int64(6872), '2013': np.int64(6862), '2014': np.int64(6906), '2015': np.int64(7072), '2016': np.int64(7160), '2017': np.int64(7229), '2018': np.int64(7209), '2019': np.int64(7242)}"
Desborough,Small,East Midlands,Residential,Low Deprivation,Smaller non-coastal towns ,"{'2001': np.int64(8048), '2002': np.int64(8309), '2003': np.int64(8439), '2004': np.int64(8503), '2005': np.int64(8652), '2006': np.int64(8978), '2007': np.int64(9431), '2008': np.int64(9887), '2009': np.int64(10109), '2010': np.int64(10451), '2011': np.int64(10721), '2012': np.int64(11011), '2013': np.int64(11097), '2014': np.int64(11205), '2015': np.int64(11152), '2016': np.int64(11213), '2017': np.int64(11445), '2018': np.int64(11515), '2019': np.int64(11520)}"
Biddulph,Small,West Midlands,Residential,Middle Deprivation,Smaller non-coastal towns ,"{'2001': np.int64(17296), '2002': np.int64(17391), '2003': np.int64(17475), '2004': np.int64(17303), '2005': np.int64(17426), '2006': np.int64(17580), '2007': np.int64(17524), '2008': np.int64(17597), '2009': np.int64(17643), '2010': np.int64(17705), '2011': np.int64(17713), '2012': np.int64(17725), '2013': np.int64(17762), '2014': np.int64(17914), '2015': np.int64(18023), '2016': np.int64(18101), '2017': np.int64(18198), '2018': np.int64(18077), '2019': np.int64(18049)}"
Featherstone (Wakefield),Small,Yorkshire and The Humber,Mixed,High Deprivation,Smaller non-coastal towns ,"{'2001': np.int64(11692), '2002': np.int64(11479), '2003': np.int64(11497), '2004': np.int64(11369), '2005': np.int64(11303), '2006': np.int64(11261), '2007': np.int64(11287), '2008': np.int64(11240), '2009': np.int64(11218), '2010': np.int64(11125), '2011': np.int64(11088), '2012': np.int64(11110), '2013': np.int64(11136), '2014': np.int64(11194), '2015': np.int64(11257), '2016': np.int64(11447), '2017': np.int64(11655), '2018': np.int64(11834), '2019': np.int64(11959)}"
Witney,Medium,South East,Working,Low Deprivation,Larger non-coastal towns,"{'2001': np.int64(24457), '2002': np.int64(24390), '2003': np.int64(24713), '2004': np.int64(25006), '2005': np.int64(25472), '2006': np.int64(26002), '2007': np.int64(27060), '2008': np.int64(27766), '2009': np.int64(28350), '2010': np.int64(28754), '2011': np.int64(29219), '2012': np.int64(29465), '2013': np.int64(29784), '2014': np.int64(29863), '2015': np.int64(30143), '2016': np.int64(30153), '2017': np.int64(30310), '2018': np.int64(30426), '2019': np.int64(30518)}"
Liskeard,Small,South West,Working,High Deprivation,Smaller non-coastal towns ,"{'2001': np.int64(8501), '2002': np.int64(8528), '2003': np.int64(8650), '2004': np.int64(8726), '2005': np.int64(8658), '2006': np.int64(8763), '2007': np.int64(8804), '2008': np.int64(8911), '2009': np.int64(9001), '2010': np.int64(9111), '2011': np.int64(9269), '2012': np.int64(9352), '2013': np.int64(9382), '2014': np.int64(9553), '2015': np.int64(9480), '2016': np.int64(9489), '2017': np.int64(9453), '2018': np.int64(9574), '2019': np.int64(9552)}"
Faversham,Small,South East,Mixed,High Deprivation,Smaller non-coastal towns ,"{'2001': np.int64(18270), '2002': np.int64(18182), '2003': np.int64(18273), '2004': np.int64(18335), '2005': np.int64(18371), '2006': np.int64(18533), '2007': np.int64(18847), '2008': np.int64(18940), '2009': np.int64(19267), '2010': np.int64(19700), '2011': np.int64(19887), '2012': np.int64(19872), '2013': np.int64(19939), '2014': np.int64(20174), '2015': np.int64(20248), '2016': np.int64(20357), '2017': np.int64(20468), '2018': np.int64(20571), '2019': np.int64(20606)}"
Market Harborough,Medium,East Midlands,Working,Low Deprivation,Larger non-coastal towns,"{'2001': np.int64(20235), '2002': np.int64(20585), '2003': np.int64(21073), '2004': np.int64(21271), '2005': np.int64(21439), '2006': np.int64(21656), '2007': np.int64(22049), '2008': np.int64(22381), '2009': np.int64(22594), '2010': np.int64(22740), '2011': np.int64(22986), '2012': np.int64(23325), '2013': np.int64(23802), '2014': np.int64(24111), '2015': np.int64(24869), '2016': np.int64(25142), '2017': np.int64(25446), '2018': np.int64(25669), '2019': np.int64(26059)}"
Swanage,Small,South West,Mixed,Low Deprivation,Smaller seaside towns ,"{'2001': np.int64(11161), '2002': np.int64(11030), '2003': np.int64(10912), '2004': np.int64(10883), '2005': np.int64(11008), '2006': np.int64(10986), '2007': np.int64(10872), '2008': np.int64(10786), '2009': np.int64(10596), '2010': np.int64(10533), '2011': np.int64(10439), '2012': np.int64(10423), '2013': np.int64(10415), '2014': np.int64(10549), '2015': np.int64(10597), '2016': np.int64(10572), '2017': np.int64(10624), '2018': np.int64(10670), '2019': np.int64(10658)}"
Evesham,Medium,West Midlands,Mixed,Middle Deprivation,Larger non-coastal towns,"{'2001': np.int64(22418), '2002': np.int64(22414), '2003': np.int64(22412), '2004': np.int64(22441), '2005': np.int64(22539), '2006': np.int64(22685), '2007': np.int64(22859), '2008': np.int64(23019), '2009': np.int64(23227), '2010': np.int64(23537), '2011': np.int64(23702), '2012': np.int64(24015), '2013': np.int64(24239), '2014': np.int64(24537), '2015': np.int64(25589), '2016': np.int64(26422), '2017': np.int64(27382), '2018': np.int64(27913), '2019': np.int64(28482)}"
Canvey Island,Medium,East of England,Residential,High Deprivation,Larger non-coastal towns,"{'2001': np.int64(37470), '2002': np.int64(37610), '2003': np.int64(37658), '2004': np.int64(37739), '2005': np.int64(37669), '2006': np.int64(37749), '2007': np.int64(37756), '2008': np.int64(37930), '2009': np.int64(38176), '2010': np.int64(38155), '2011': np.int64(38142), '2012': np.int64(38179), '2013': np.int64(38156), '2014': np.int64(38383), '2015': np.int64(38567), '2016': np.int64(38740), '2017': np.int64(38602), '2018': np.int64(38689), '2019': np.int64(38849)}"
Great Malvern,Medium,West Midlands,Working,Middle Deprivation,Larger non-coastal towns,"{'2001': np.int64(35720), '2002': np.int64(36028), '2003': np.int64(35796), '2004': np.int64(35846), '2005': np.int64(35855), '2006': np.int64(35988), '2007': np.int64(36094), '2008': np.int64(36287), '2009': np.int64(36271), '2010': np.int64(36559), '2011': np.int64(36796), '2012': np.int64(37104), '2013': np.int64(37437), '2014': np.int64(37898), '2015': np.int64(37898), '2016': np.int64(37989), '2017': np.int64(38026), '2018': np.int64(38263), '2019': np.int64(38204)}"
Cambourne,Small,East of England,Working,Low Deprivation,Smaller non-coastal towns ,"{'2001': np.int64(839), '2002': np.int64(1516), '2003': np.int64(2261), '2004': np.int64(3191), '2005': np.int64(4137), '2006': np.int64(4773), '2007': np.int64(5710), '2008': np.int64(6369), '2009': np.int64(7038), '2010': np.int64(7628), '2011': np.int64(8334), '2012': np.int64(8729), '2013': np.int64(8970), '2014': np.int64(9475), '2015': np.int64(9638), '2016': np.int64(9917), '2017': np.int64(10076), '2018': np.int64(10390), '2019': np.int64(10487)}"
Salisbury,Medium,South West,Working,Middle Deprivation,Larger non-coastal towns,"{'2001': np.int64(43219), '2002': np.int64(43628), '2003': np.int64(43869), '2004': np.int64(43450), '2005': np.int64(43545), '2006': np.int64(43819), '2007': np.int64(44291), '2008': np.int64(44709), '2009': np.int64(44573), '2010': np.int64(44563), '2011': np.int64(44791), '2012': np.int64(44909), '2013': np.int64(44805), '2014': np.int64(45137), '2015': np.int64(45657), '2016': np.int64(45824), '2017': np.int64(46309), '2018': np.int64(46201), '2019': np.int64(46292)}"
Lowestoft,Medium,East of England,Mixed,High Deprivation,Larger seaside towns,"{'2001': np.int64(68970), '2002': np.int64(69566), '2003': np.int64(70034), '2004': np.int64(70899), '2005': np.int64(71705), '2006': np.int64(71747), '2007': np.int64(71832), '2008': np.int64(71806), '2009': np.int64(71549), '2010': np.int64(71275), '2011': np.int64(71042), '2012': np.int64(71221), '2013': np.int64(71627), '2014': np.int64(71877), '2015': np.int64(72223), '2016': np.int64(72561), '2017': np.int64(73315), '2018': np.int64(73755), '2019': np.int64(73800)}"
Crewkerne,Small,South West,Working,Middle Deprivation,Smaller non-coastal towns ,"{'2001': np.int64(7495), '2002': np.int64(7505), '2003': np.int64(7538), '2004': np.int64(7533), '2005': np.int64(7590), '2006': np.int64(7605), '2007': np.int64(7676), '2008': np.int64(7808), '2009': np.int64(7807), '2010': np.int64(7764), '2011': np.int64(7841), '2012': np.int64(7925), '2013': np.int64(7912), '2014': np.int64(8069), '2015': np.int64(8001), '2016': np.int64(8000), '2017': np.int64(7962), '2018': np.int64(8023), '2019': np.int64(8025)}"
Ilkley,Small,Yorkshire and The Humber,Working,Low Deprivation,Smaller non-coastal towns ,"{'2001': np.int64(13781), '2002': np.int64(13881), '2003': np.int64(14141), '2004': np.int64(14264), '2005': np.int64(14492), '2006': np.int64(14455), '2007': np.int64(14548), '2008': np.int64(14532), '2009': np.int64(14589), '2010': np.int64(14755), '2011': np.int64(14752), '2012': np.int64(14659), '2013': np.int64(14829), '2014': np.int64(14870), '2015': np.int64(15041), '2016': np.int64(15066), '2017': np.int64(15033), '2018': np.int64(14836), '2019': np.int64(14811)}"
Skegness,Medium,East Midlands,Working,High Deprivation,Larger seaside towns,"{'2001': np.int64(24088), '2002': np.int64(24162), '2003': np.int64(24375), '2004': np.int64(24614), '2005': np.int64(24644), '2006': np.int64(24696), '2007': np.int64(24682), '2008': np.int64(24902), '2009': np.int64(24995), '2010': np.int64(24941), '2011': np.int64(24876), '2012': np.int64(24788), '2013': np.int64(24731), '2014': np.int64(24874), '2015': np.int64(25015), '2016': np.int64(25080), '2017': np.int64(25221), '2018': np.int64(25525), '2019': np.int64(25641)}"
Malmesbury,Small,South West,Working,Low Deprivation,Smaller non-coastal towns ,"{'2001': np.int64(5224), '2002': np.int64(5246), '2003': np.int64(5355), '2004': np.int64(5385), '2005': np.int64(5438), '2006': np.int64(5530), '2007': np.int64(5635), '2008': np.int64(5809), '2009': np.int64(6005), '2010': np.int64(6133), '2011': np.int64(6329), '2012': np.int64(6452), '2013': np.int64(6615), '2014': np.int64(6675), '2015': np.int64(6722), '2016': np.int64(6758), '2017': np.int64(6943), '2018': np.int64(7137), '2019': np.int64(7245)}"
Danbury,Small,East of England,Residential,Low Deprivation,Smaller non-coastal towns ,"{'2001': np.int64(6559), '2002': np.int64(6561), '2003': np.int64(6709), '2004': np.int64(6658), '2005': np.int64(6644), '2006': np.int64(6609), '2007': np.int64(6647), '2008': np.int64(6626), '2009': np.int64(6684), '2010': np.int64(6660), '2011': np.int64(6663), '2012': np.int64(6623), '2013': np.int64(6520), '2014': np.int64(6610), '2015': np.int64(6659), '2016': np.int64(6730), '2017': np.int64(6834), '2018': np.int64(6808), '2019': np.int64(6783)}"
Hereford,Medium,West Midlands,Working,Middle Deprivation,Larger non-coastal towns,"{'2001': np.int64(56418), '2002': np.int64(56761), '2003': np.int64(56716), '2004': np.int64(56323), '2005': np.int64(56576), '2006': np.int64(57197), '2007': np.int64(58105), '2008': np.int64(58960), '2009': np.int64(59569), '2010': np.int64(59688), '2011': np.int64(60487), '2012': np.int64(61188), '2013': np.int64(61759), '2014': np.int64(62197), '2015': np.int64(62802), '2016': np.int64(63233), '2017': np.int64(63689), '2018': np.int64(63935), '2019': np.int64(63783)}"
Formby,Medium,North West,Residential,Low Deprivation,Larger seaside towns,"{'2001': np.int64(24321), '2002': np.int64(24207), '2003': np.int64(24083), '2004': np.int64(23861), '2005': np.int64(23633), '2006': np.int64(23560), '2007': np.int64(23508), '2008': np.int64(23474), '2009': np.int64(23361), '2010': np.int64(23333), '2011': np.int64(23297), '2012': np.int64(23298), '2013': np.int64(23221), '2014': np.int64(23253), '2015': np.int64(23209), '2016': np.int64(23275), '2017': np.int64(23365), '2018': np.int64(23314), '2019': np.int64(23207)}"
Sandbach,Small,North West,Mixed,Low Deprivation,Smaller non-coastal towns ,"{'2001': np.int64(17615), '2002': np.int64(17457), '2003': np.int64(17610), '2004': np.int64(17700), '2005': np.int64(17824), '2006': np.int64(17988), '2007': np.int64(18077), '2008': np.int64(18129), '2009': np.int64(18109), '2010': np.int64(18021), '2011': np.int64(17994), '2012': np.int64(18138), '2013': np.int64(18194), '2014': np.int64(18216), '2015': np.int64(18655), '2016': np.int64(19052), '2017': np.int64(19482), '2018': np.int64(20154), '2019': np.int64(20755)}"
Edwinstowe,Small,East Midlands,Residential,Low Deprivation,Smaller non-coastal towns ,"{'2001': np.int64(4942), '2002': np.int64(4990), '2003': np.int64(5073), '2004': np.int64(5096), '2005': np.int64(5117), '2006': np.int64(5151), '2007': np.int64(5187), '2008': np.int64(5257), '2009': np.int64(5214), '2010': np.int64(5247), '2011': np.int64(5178), '2012': np.int64(5237), '2013': np.int64(5201), '2014': np.int64(5247), '2015': np.int64(5206), '2016': np.int64(5229), '2017': np.int64(5211), '2018': np.int64(5223), '2019': np.int64(5261)}"
St Ives (Cornwall),Small,South West,Working,High Deprivation,Smaller seaside towns ,"{'2001': np.int64(9960), '2002': np.int64(9945), '2003': np.int64(10090), '2004': np.int64(10010), '2005': np.int64(9950), '2006': np.int64(9807), '2007': np.int64(9851), '2008': np.int64(9839), '2009': np.int64(9957), '2010': np.int64(9969), '2011': np.int64(9966), '2012': np.int64(10009), '2013': np.int64(10038), '2014': np.int64(10025), '2015': np.int64(9899), '2016': np.int64(9778), '2017': np.int64(9650), '2018': np.int64(9616), '2019': np.int64(9505)}"
Pocklington,Small,Yorkshire and The Humber,Residential,Low Deprivation,Smaller non-coastal towns ,"{'2001': np.int64(7610), '2002': np.int64(7767), '2003': np.int64(7863), '2004': np.int64(7857), '2005': np.int64(7945), '2006': np.int64(8077), '2007': np.int64(8153), '2008': np.int64(8229), '2009': np.int64(8248), '2010': np.int64(8244), '2011': np.int64(8360), '2012': np.int64(8377), '2013': np.int64(8474), '2014': np.int64(8498), '2015': np.int64(8661), '2016': np.int64(8822), '2017': np.int64(8972), '2018': np.int64(9118), '2019': np.int64(9468)}"
Melton Mowbray,Medium,East Midlands,Working,Low Deprivation,Larger non-coastal towns,"{'2001': np.int64(25540), '2002': np.int64(25691), '2003': np.int64(25835), '2004': np.int64(25959), '2005': np.int64(25888), '2006': np.int64(26011), '2007': np.int64(26212), '2008': np.int64(26393), '2009': np.int64(26600), '2010': np.int64(27032), '2011': np.int64(27248), '2012': np.int64(27429), '2013': np.int64(27456), '2014': np.int64(27631), '2015': np.int64(27472), '2016': np.int64(27511), '2017': np.int64(27408), '2018': np.int64(27623), '2019': np.int64(27670)}"
Catterick Garrison,Small,Yorkshire and The Humber,Residential,Low Deprivation,Smaller non-coastal towns ,"{'2001': np.int64(9525), '2002': np.int64(10286), '2003': np.int64(10687), '2004': np.int64(11080), '2005': np.int64(11509), '2006': np.int64(11727), '2007': np.int64(12064), '2008': np.int64(12171), '2009': np.int64(12734), '2010': np.int64(12794), '2011': np.int64(12955), '2012': np.int64(13395), '2013': np.int64(13372), '2014': np.int64(12357), '2015': np.int64(11981), '2016': np.int64(13070), '2017': np.int64(12673), '2018': np.int64(12267), '2019': np.int64(12574)}"
Tonbridge,Medium,South East,Mixed,Low Deprivation,Larger non-coastal towns,"{'2001': np.int64(35938), '2002': np.int64(35962), '2003': np.int64(36147), '2004': np.int64(36183), '2005': np.int64(36403), '2006': np.int64(36877), '2007': np.int64(37276), '2008': np.int64(37603), '2009': np.int64(37894), '2010': np.int64(38391), '2011': np.int64(38703), '2012': np.int64(39206), '2013': np.int64(39187), '2014': np.int64(39647), '2015': np.int64(40268), '2016': np.int64(40571), '2017': np.int64(40968), '2018': np.int64(41293), '2019': np.int64(41624)}"
Ravenshead,Small,East Midlands,Residential,Low Deprivation,Smaller non-coastal towns ,"{'2001': np.int64(5776), '2002': np.int64(5719), '2003': np.int64(5779), '2004': np.int64(5735), '2005': np.int64(5704), '2006': np.int64(5689), '2007': np.int64(5696), '2008': np.int64(5607), '2009': np.int64(5565), '2010': np.int64(5648), '2011': np.int64(5757), '2012': np.int64(5732), '2013': np.int64(5740), '2014': np.int64(5797), '2015': np.int64(5804), '2016': np.int64(5811), '2017': np.int64(5846), '2018': np.int64(5873), '2019': np.int64(5872)}"
Castle Donington,Small,East Midlands,Working,Low Deprivation,Smaller non-coastal towns ,"{'2001': np.int64(6033), '2002': np.int64(6031), '2003': np.int64(5959), '2004': np.int64(6056), '2005': np.int64(6138), '2006': np.int64(6345), '2007': np.int64(6370), '2008': np.int64(6421), '2009': np.int64(6422), '2010': np.int64(6459), '2011': np.int64(6424), '2012': np.int64(6436), '2013': np.int64(6577), '2014': np.int64(6770), '2015': np.int64(6930), '2016': np.int64(7128), '2017': np.int64(7243), '2018': np.int64(7285), '2019': np.int64(7266)}"
Penkridge,Small,West Midlands,Residential,Low Deprivation,Smaller non-coastal towns ,"{'2001': np.int64(7927), '2002': np.int64(7997), '2003': np.int64(7990), '2004': np.int64(7967), '2005': np.int64(7980), '2006': np.int64(7952), '2007': np.int64(7982), '2008': np.int64(7950), '2009': np.int64(7855), '2010': np.int64(7832), '2011': np.int64(7816), '2012': np.int64(7734), '2013': np.int64(7772), '2014': np.int64(7744), '2015': np.int64(7815), '2016': np.int64(7763), '2017': np.int64(7695), '2018': np.int64(7871), '2019': np.int64(7993)}"
Boston,Medium,East Midlands,Working,High Deprivation,Larger non-coastal towns,"{'2001': np.int64(35304), '2002': np.int64(35460), '2003': np.int64(35897), '2004': np.int64(36507), '2005': np.int64(36725), '2006': np.int64(37510), '2007': np.int64(38386), '2008': np.int64(39290), '2009': np.int64(40321), '2010': np.int64(41125), '2011': np.int64(41340), '2012': np.int64(41654), '2013': np.int64(42573), '2014': np.int64(43174), '2015': np.int64(43713), '2016': np.int64(44337), '2017': np.int64(44914), '2018': np.int64(45618), '2019': np.int64(46092)}"
Crowborough,Medium,South East,Residential,Low Deprivation,Larger non-coastal towns,"{'2001': np.int64(19626), '2002': np.int64(19672), '2003': np.int64(19887), '2004': np.int64(20050), '2005': np.int64(20159), '2006': np.int64(20207), '2007': np.int64(20429), '2008': np.int64(20451), '2009': np.int64(20393), '2010': np.int64(20549), '2011': np.int64(20744), '2012': np.int64(20978), '2013': np.int64(21241), '2014': np.int64(21583), '2015': np.int64(21644), '2016': np.int64(21859), '2017': np.int64(21876), '2018': np.int64(21915), '2019': np.int64(21890)}"
King's Lynn,Medium,East of England,Working,High Deprivation,Larger non-coastal towns,"{'2001': np.int64(40935), '2002': np.int64(41345), '2003': np.int64(41683), '2004': np.int64(42002), '2005': np.int64(42405), '2006': np.int64(42925), '2007': np.int64(43488), '2008': np.int64(44390), '2009': np.int64(45187), '2010': np.int64(45804), '2011': np.int64(46198), '2012': np.int64(46592), '2013': np.int64(46907), '2014': np.int64(47650), '2015': np.int64(48144), '2016': np.int64(48537), '2017': np.int64(49000), '2018': np.int64(48821), '2019': np.int64(48691)}"
Haywards Heath,Medium,South East,Mixed,Low Deprivation,Larger non-coastal towns,"{'2001': np.int64(29163), '2002': np.int64(29218), '2003': np.int64(29874), '2004': np.int64(30376), '2005': np.int64(30901), '2006': np.int64(31589), '2007': np.int64(32367), '2008': np.int64(32697), '2009': np.int64(33122), '2010': np.int64(33560), '2011': np.int64(33962), '2012': np.int64(34535), '2013': np.int64(35282), '2014': np.int64(36042), '2015': np.int64(36574), '2016': np.int64(37277), '2017': np.int64(37683), '2018': np.int64(38062), '2019': np.int64(38509)}"
Bridgwater,Medium,South West,Working,High Deprivation,Larger non-coastal towns,"{'2001': np.int64(36842), '2002': np.int64(36751), '2003': np.int64(36958), '2004': np.int64(37448), '2005': np.int64(38126), '2006': np.int64(38672), '2007': np.int64(39293), '2008': np.int64(39876), '2009': np.int64(40088), '2010': np.int64(40826), '2011': np.int64(41479), '2012': np.int64(41728), '2013': np.int64(42357), '2014': np.int64(42829), '2015': np.int64(43470), '2016': np.int64(43782), '2017': np.int64(44095), '2018': np.int64(44288), '2019': np.int64(44394)}"
Gainsborough,Medium,East Midlands,Mixed,High Deprivation,Larger non-coastal towns,"{'2001': np.int64(19126), '2002': np.int64(18929), '2003': np.int64(19253), '2004': np.int64(19492), '2005': np.int64(19602), '2006': np.int64(19933), '2007': np.int64(20297), '2008': np.int64(20570), '2009': np.int64(20569), '2010': np.int64(20813), '2011': np.int64(20922), '2012': np.int64(21053), '2013': np.int64(21354), '2014': np.int64(21821), '2015': np.int64(22191), '2016': np.int64(22730), '2017': np.int64(22841), '2018': np.int64(23023), '2019': np.int64(23243)}"
Dover,Medium,South East,Mixed,High Deprivation,Larger other coastal towns ,"{'2001': np.int64(38037), '2002': np.int64(37948), '2003': np.int64(38112), '2004': np.int64(38559), '2005': np.int64(38979), '2006': np.int64(39409), '2007': np.int64(39853), '2008': np.int64(40260), '2009': np.int64(40441), '2010': np.int64(41291), '2011': np.int64(41771), '2012': np.int64(42048), '2013': np.int64(42476), '2014': np.int64(43113), '2015': np.int64(43297), '2016': np.int64(43932), '2017': np.int64(44430), '2018': np.int64(44846), '2019': np.int64(45013)}"
Maidstone,Large,South East,Working,Middle Deprivation,Larger non-coastal towns,"{'2001': np.int64(93826), '2002': np.int64(95057), '2003': np.int64(95884), '2004': np.int64(96582), '2005': np.int64(97695), '2006': np.int64(99232), '2007': np.int64(101165), '2008': np.int64(102791), '2009': np.int64(104580), '2010': np.int64(106414), '2011': np.int64(108182), '2012': np.int64(109596), '2013': np.int64(111179), '2014': np.int64(113077), '2015': np.int64(114846), '2016': np.int64(115905), '2017': np.int64(117626), '2018': np.int64(118899), '2019': np.int64(119905)}"
Bath,Large,South West,Working,Low Deprivation,Larger non-coastal towns,"{'2001': np.int64(89895), '2002': np.int64(90049), '2003': np.int64(90625), '2004': np.int64(90906), '2005': np.int64(91641), '2006': np.int64(91810), '2007': np.int64(92813), '2008': np.int64(93464), '2009': np.int64(93253), '2010': np.int64(93554), '2011': np.int64(94389), '2012': np.int64(95877), '2013': np.int64(97266), '2014': np.int64(98623), '2015': np.int64(99865), '2016': np.int64(100143), '2017': np.int64(101106), '2018': np.int64(103361), '2019': np.int64(103614)}"
Scarborough,Medium,Yorkshire and The Humber,Working,High Deprivation,Larger seaside towns,"{'2001': np.int64(58389), '2002': np.int64(59148), '2003': np.int64(59588), '2004': np.int64(59981), '2005': np.int64(60272), '2006': np.int64(60543), '2007': np.int64(60756), '2008': np.int64(61086), '2009': np.int64(61284), '2010': np.int64(61596), '2011': np.int64(61734), '2012': np.int64(61624), '2013': np.int64(61221), '2014': np.int64(61250), '2015': np.int64(61151), '2016': np.int64(61287), '2017': np.int64(61525), '2018': np.int64(61892), '2019': np.int64(61835)}"
Oxted,Small,South East,Mixed,Low Deprivation,Smaller non-coastal towns ,"{'2001': np.int64(13138), '2002': np.int64(12900), '2003': np.int64(12912), '2004': np.int64(12857), '2005': np.int64(12934), '2006': np.int64(13066), '2007': np.int64(13351), '2008': np.int64(13378), '2009': np.int64(13463), '2010': np.int64(13412), '2011': np.int64(13468), '2012': np.int64(13461), '2013': np.int64(13549), '2014': np.int64(13576), '2015': np.int64(13575), '2016': np.int64(13621), '2017': np.int64(13606), '2018': np.int64(13634), '2019': np.int64(13840)}"
Shepton Mallet,Small,South West,Working,Middle Deprivation,Smaller non-coastal towns ,"{'2001': np.int64(9049), '2002': np.int64(9190), '2003': np.int64(9310), '2004': np.int64(9374), '2005': np.int64(9526), '2006': np.int64(9699), '2007': np.int64(9907), '2008': np.int64(10112), '2009': np.int64(10279), '2010': np.int64(10300), '2011': np.int64(10408), '2012': np.int64(10458), '2013': np.int64(10360), '2014': np.int64(10476), '2015': np.int64(10641), '2016': np.int64(10685), '2017': np.int64(10689), '2018': np.int64(10731), '2019': np.int64(10810)}"
Stone (Stafford),Small,West Midlands,Working,Low Deprivation,Smaller non-coastal towns ,"{'2001': np.int64(14635), '2002': np.int64(14850), '2003': np.int64(14987), '2004': np.int64(15133), '2005': np.int64(15198), '2006': np.int64(15439), '2007': np.int64(15577), '2008': np.int64(15812), '2009': np.int64(15968), '2010': np.int64(16198), '2011': np.int64(16400), '2012': np.int64(16421), '2013': np.int64(16530), '2014': np.int64(16458), '2015': np.int64(16296), '2016': np.int64(16368), '2017': np.int64(16571), '2018': np.int64(16650), '2019': np.int64(16979)}"
Godmanchester,Small,East of England,Mixed,Low Deprivation,Smaller non-coastal towns ,"{'2001': np.int64(5857), '2002': np.int64(5870), '2003': np.int64(5979), '2004': np.int64(6037), '2005': np.int64(5962), '2006': np.int64(6016), '2007': np.int64(6031), '2008': np.int64(6040), '2009': np.int64(6252), '2010': np.int64(6420), '2011': np.int64(6523), '2012': np.int64(6671), '2013': np.int64(6702), '2014': np.int64(6739), '2015': np.int64(6720), '2016': np.int64(6691), '2017': np.int64(6767), '2018': np.int64(6902), '2019': np.int64(7120)}"
Polesworth,Small,West Midlands,Working,Middle Deprivation,Smaller non-coastal towns ,"{'2001': np.int64(9626), '2002': np.int64(9618), '2003': np.int64(9621), '2004': np.int64(9640), '2005': np.int64(9697), '2006': np.int64(9683), '2007': np.int64(9542), '2008': np.int64(9593), '2009': np.int64(9662), '2010': np.int64(9639), '2011': np.int64(9659), '2012': np.int64(9691), '2013': np.int64(9696), '2014': np.int64(9759), '2015': np.int64(9762), '2016': np.int64(9801), '2017': np.int64(9931), '2018': np.int64(10122), '2019': np.int64(10298)}"
Otford,Small,South East,Working,Low Deprivation,Smaller non-coastal towns ,"{'2001': np.int64(6718), '2002': np.int64(6782), '2003': np.int64(6809), '2004': np.int64(6841), '2005': np.int64(6866), '2006': np.int64(6934), '2007': np.int64(6904), '2008': np.int64(6895), '2009': np.int64(6984), '2010': np.int64(7072), '2011': np.int64(7151), '2012': np.int64(7219), '2013': np.int64(7114), '2014': np.int64(7257), '2015': np.int64(7246), '2016': np.int64(7227), '2017': np.int64(7294), '2018': np.int64(7336), '2019': np.int64(7303)}"
Kingsbridge,Small,South West,Working,Middle Deprivation,Smaller other coastal towns,"{'2001': np.int64(5758), '2002': np.int64(5797), '2003': np.int64(5763), '2004': np.int64(5797), '2005': np.int64(5885), '2006': np.int64(5940), '2007': np.int64(6007), '2008': np.int64(6053), '2009': np.int64(5984), '2010': np.int64(6056), '2011': np.int64(6124), '2012': np.int64(6083), '2013': np.int64(6107), '2014': np.int64(6125), '2015': np.int64(6101), '2016': np.int64(6046), '2017': np.int64(6126), '2018': np.int64(6176), '2019': np.int64(6151)}"
Tewkesbury,Small,South West,Working,Low Deprivation,Smaller non-coastal towns ,"{'2001': np.int64(16811), '2002': np.int64(17334), '2003': np.int64(17703), '2004': np.int64(17745), '2005': np.int64(17941), '2006': np.int64(18360), '2007': np.int64(18604), '2008': np.int64(18804), '2009': np.int64(19182), '2010': np.int64(19561), '2011': np.int64(19889), '2012': np.int64(20121), '2013': np.int64(20448), '2014': np.int64(20799), '2015': np.int64(20722), '2016': np.int64(20731), '2017': np.int64(20876), '2018': np.int64(21195), '2019': np.int64(21305)}"
Bulford Camp,Small,South West,Residential,Low Deprivation,Smaller non-coastal towns ,"{'2001': np.int64(9316), '2002': np.int64(9415), '2003': np.int64(9509), '2004': np.int64(9500), '2005': np.int64(9241), '2006': np.int64(9032), '2007': np.int64(8901), '2008': np.int64(8930), '2009': np.int64(8973), '2010': np.int64(8903), '2011': np.int64(8866), '2012': np.int64(9047), '2013': np.int64(9420), '2014': np.int64(9626), '2015': np.int64(9531), '2016': np.int64(9515), '2017': np.int64(9701), '2018': np.int64(10310), '2019': np.int64(10704)}"
West Clandon,Small,South East,Residential,Low Deprivation,Smaller non-coastal towns ,"{'2001': np.int64(5212), '2002': np.int64(5180), '2003': np.int64(5072), '2004': np.int64(5064), '2005': np.int64(5151), '2006': np.int64(5252), '2007': np.int64(5212), '2008': np.int64(5177), '2009': np.int64(5252), '2010': np.int64(5278), '2011': np.int64(5412), '2012': np.int64(5490), '2013': np.int64(5435), '2014': np.int64(5486), '2015': np.int64(5513), '2016': np.int64(5481), '2017': np.int64(5518), '2018': np.int64(5509), '2019': np.int64(5452)}"
Prestwood,Small,South East,Residential,Low Deprivation,Smaller non-coastal towns ,"{'2001': np.int64(7320), '2002': np.int64(7387), '2003': np.int64(7366), '2004': np.int64(7447), '2005': np.int64(7495), '2006': np.int64(7497), '2007': np.int64(7525), '2008': np.int64(7573), '2009': np.int64(7612), '2010': np.int64(7606), '2011': np.int64(7484), '2012': np.int64(7440), '2013': np.int64(7389), '2014': np.int64(7405), '2015': np.int64(7370), '2016': np.int64(7292), '2017': np.int64(7206), '2018': np.int64(7244), '2019': np.int64(7146)}"
Barnstaple,Medium,South West,Working,High Deprivation,Larger non-coastal towns,"{'2001': np.int64(29795), '2002': np.int64(30162), '2003': np.int64(30380), '2004': np.int64(30578), '2005': np.int64(30827), '2006': np.int64(31025), '2007': np.int64(31222), '2008': np.int64(31351), '2009': np.int64(31455), '2010': np.int64(31415), '2011': np.int64(31654), '2012': np.int64(31532), '2013': np.int64(31548), '2014': np.int64(31639), '2015': np.int64(31710), '2016': np.int64(31819), '2017': np.int64(32161), '2018': np.int64(32411), '2019': np.int64(32775)}"
Preesall,Small,North West,Residential,High Deprivation,Smaller other coastal towns,"{'2001': np.int64(5104), '2002': np.int64(5064), '2003': np.int64(5215), '2004': np.int64(5268), '2005': np.int64(5307), '2006': np.int64(5348), '2007': np.int64(5371), '2008': np.int64(5390), '2009': np.int64(5373), '2010': np.int64(5385), '2011': np.int64(5360), '2012': np.int64(5363), '2013': np.int64(5352), '2014': np.int64(5430), '2015': np.int64(5410), '2016': np.int64(5443), '2017': np.int64(5448), '2018': np.int64(5408), '2019': np.int64(5384)}"
Melksham,Small,South West,Working,Middle Deprivation,Smaller non-coastal towns ,"{'2001': np.int64(18251), '2002': np.int64(18379), '2003': np.int64(18407), '2004': np.int64(18655), '2005': np.int64(18911), '2006': np.int64(18905), '2007': np.int64(19045), '2008': np.int64(19132), '2009': np.int64(19153), '2010': np.int64(19137), '2011': np.int64(19404), '2012': np.int64(19324), '2013': np.int64(19246), '2014': np.int64(19362), '2015': np.int64(19482), '2016': np.int64(19569), '2017': np.int64(19681), '2018': np.int64(19794), '2019': np.int64(19618)}"
Warminster,Small,South West,Working,Low Deprivation,Smaller non-coastal towns ,"{'2001': np.int64(17387), '2002': np.int64(17760), '2003': np.int64(17664), '2004': np.int64(17442), '2005': np.int64(17424), '2006': np.int64(17380), '2007': np.int64(17518), '2008': np.int64(17525), '2009': np.int64(17525), '2010': np.int64(17502), '2011': np.int64(17740), '2012': np.int64(17774), '2013': np.int64(17869), '2014': np.int64(17830), '2015': np.int64(17929), '2016': np.int64(17797), '2017': np.int64(17816), '2018': np.int64(17904), '2019': np.int64(17824)}"
Bridport,Small,South West,Working,Middle Deprivation,Smaller other coastal towns,"{'2001': np.int64(13026), '2002': np.int64(13146), '2003': np.int64(13332), '2004': np.int64(13521), '2005': np.int64(13637), '2006': np.int64(13733), '2007': np.int64(13792), '2008': np.int64(13671), '2009': np.int64(13637), '2010': np.int64(13701), '2011': np.int64(13722), '2012': np.int64(13653), '2013': np.int64(13615), '2014': np.int64(13683), '2015': np.int64(13655), '2016': np.int64(13651), '2017': np.int64(13590), '2018': np.int64(13690), '2019': np.int64(13651)}"
Thame,Small,South East,Working,Low Deprivation,Smaller non-coastal towns ,"{'2001': np.int64(10991), '2002': np.int64(10850), '2003': np.int64(10811), '2004': np.int64(10819), '2005': np.int64(10726), '2006': np.int64(10845), '2007': np.int64(10951), '2008': np.int64(11144), '2009': np.int64(11187), '2010': np.int64(11305), '2011': np.int64(11359), '2012': np.int64(11482), '2013': np.int64(11612), '2014': np.int64(11636), '2015': np.int64(11603), '2016': np.int64(11715), '2017': np.int64(11571), '2018': np.int64(11514), '2019': np.int64(11565)}"
Durham,Medium,North East,Working,Low Deprivation,Larger non-coastal towns,"{'2001': np.int64(43300), '2002': np.int64(43086), '2003': np.int64(42847), '2004': np.int64(42663), '2005': np.int64(42804), '2006': np.int64(43680), '2007': np.int64(44791), '2008': np.int64(45369), '2009': np.int64(45576), '2010': np.int64(46960), '2011': np.int64(47672), '2012': np.int64(48196), '2013': np.int64(49633), '2014': np.int64(49780), '2015': np.int64(50030), '2016': np.int64(51039), '2017': np.int64(51837), '2018': np.int64(53717), '2019': np.int64(55507)}"
Rowlands Gill,Small,North East,Residential,High Deprivation,Smaller non-coastal towns ,"{'2001': np.int64(6060), '2002': np.int64(6095), '2003': np.int64(6052), '2004': np.int64(6087), '2005': np.int64(6054), '2006': np.int64(6051), '2007': np.int64(6074), '2008': np.int64(6031), '2009': np.int64(6062), '2010': np.int64(6048), '2011': np.int64(6101), '2012': np.int64(6104), '2013': np.int64(6065), '2014': np.int64(6047), '2015': np.int64(6018), '2016': np.int64(5962), '2017': np.int64(5944), '2018': np.int64(5892), '2019': np.int64(5851)}"
RedcarSD,Medium,North East,Mixed,High Deprivation,Larger seaside towns,"{'2001': np.int64(36681), '2002': np.int64(36534), '2003': np.int64(37009), '2004': np.int64(37254), '2005': np.int64(37202), '2006': np.int64(37138), '2007': np.int64(37087), '2008': np.int64(36995), '2009': np.int64(37007), '2010': np.int64(37088), '2011': np.int64(37104), '2012': np.int64(37128), '2013': np.int64(36849), '2014': np.int64(36945), '2015': np.int64(37156), '2016': np.int64(37367), '2017': np.int64(37480), '2018': np.int64(37680), '2019': np.int64(38001)}"
KidderminsterSD,Medium,West Midlands,Working,High Deprivation,Larger non-coastal towns,"{'2001': np.int64(55739), '2002': np.int64(55386), '2003': np.int64(55452), '2004': np.int64(55432), '2005': np.int64(55435), '2006': np.int64(55446), '2007': np.int64(55568), '2008': np.int64(55585), '2009': np.int64(55575), '2010': np.int64(55551), '2011': np.int64(55591), '2012': np.int64(55748), '2013': np.int64(55967), '2014': np.int64(56337), '2015': np.int64(56795), '2016': np.int64(57155), '2017': np.int64(57697), '2018': np.int64(57918), '2019': np.int64(57929)}"
ChaddertonSD,Medium,North West,Working,High Deprivation,Larger non-coastal towns,"{'2001': np.int64(33171), '2002': np.int64(32855), '2003': np.int64(33061), '2004': np.int64(32999), '2005': np.int64(33154), '2006': np.int64(33586), '2007': np.int64(33730), '2008': np.int64(33965), '2009': np.int64(34237), '2010': np.int64(34488), '2011': np.int64(34836), '2012': np.int64(35140), '2013': np.int64(35157), '2014': np.int64(35339), '2015': np.int64(35722), '2016': np.int64(35799), '2017': np.int64(35902), '2018': np.int64(36146), '2019': np.int64(36208)}"
LongbentonSD,Medium,North East,Working,High Deprivation,Larger non-coastal towns,"{'2001': np.int64(34157), '2002': np.int64(34637), '2003': np.int64(34731), '2004': np.int64(35069), '2005': np.int64(35388), '2006': np.int64(35856), '2007': np.int64(36065), '2008': np.int64(36481), '2009': np.int64(36669), '2010': np.int64(36935), '2011': np.int64(37185), '2012': np.int64(37260), '2013': np.int64(37408), '2014': np.int64(37475), '2015': np.int64(37449), '2016': np.int64(37694), '2017': np.int64(37858), '2018': np.int64(38365), '2019': np.int64(38778)}"
WatfordSD,Large,East of England,Working,Middle Deprivation,Larger non-coastal towns,"{'2001': np.int64(119561), '2002': np.int64(120053), '2003': np.int64(120595), '2004': np.int64(121181), '2005': np.int64(122316), '2006': np.int64(122453), '2007': np.int64(123466), '2008': np.int64(125693), '2009': np.int64(127845), '2010': np.int64(130152), '2011': np.int64(132531), '2012': np.int64(134106), '2013': np.int64(136328), '2014': np.int64(138198), '2015': np.int64(139850), '2016': np.int64(140750), '2017': np.int64(140902), '2018': np.int64(141428), '2019': np.int64(141651)}"
StevenageSD,Large,East of England,Working,High Deprivation,Larger non-coastal towns,"{'2001': np.int64(81040), '2002': np.int64(81986), '2003': np.int64(82789), '2004': np.int64(82945), '2005': np.int64(83548), '2006': np.int64(83970), '2007': np.int64(84930), '2008': np.int64(86362), '2009': np.int64(87400), '2010': np.int64(88543), '2011': np.int64(90048), '2012': np.int64(90679), '2013': np.int64(91429), '2014': np.int64(92039), '2015': np.int64(92723), '2016': np.int64(93421), '2017': np.int64(93944), '2018': np.int64(93979), '2019': np.int64(94081)}"
RamsbottomSD,Small,North West,Residential,Low Deprivation,Smaller non-coastal towns ,"{'2001': np.int64(17847), '2002': np.int64(17864), '2003': np.int64(17986), '2004': np.int64(18045), '2005': np.int64(17932), '2006': np.int64(17945), '2007': np.int64(17969), '2008': np.int64(17878), '2009': np.int64(17904), '2010': np.int64(17915), '2011': np.int64(17870), '2012': np.int64(17927), '2013': np.int64(17837), '2014': np.int64(17789), '2015': np.int64(17827), '2016': np.int64(17799), '2017': np.int64(17746), '2018': np.int64(17651), '2019': np.int64(17632)}"
HolmfirthSD,Medium,Yorkshire and The Humber,Residential,Low Deprivation,Larger non-coastal towns,"{'2001': np.int64(20067), '2002': np.int64(20402), '2003': np.int64(20606), '2004': np.int64(20927), '2005': np.int64(21144), '2006': np.int64(21233), '2007': np.int64(21401), '2008': np.int64(21620), '2009': np.int64(21641), '2010': np.int64(21630), '2011': np.int64(21682), '2012': np.int64(21687), '2013': np.int64(21799), '2014': np.int64(21824), '2015': np.int64(21969), '2016': np.int64(21988), '2017': np.int64(22147), '2018': np.int64(21992), '2019': np.int64(22001)}"
ChalfordSD,Small,South West,Residential,Low Deprivation,Smaller non-coastal towns ,"{'2001': np.int64(6593), '2002': np.int64(6639), '2003': np.int64(6593), '2004': np.int64(6642), '2005': np.int64(6615), '2006': np.int64(6669), '2007': np.int64(6789), '2008': np.int64(6798), '2009': np.int64(6822), '2010': np.int64(6860), '2011': np.int64(6912), '2012': np.int64(6800), '2013': np.int64(6811), '2014': np.int64(6860), '2015': np.int64(6867), '2016': np.int64(6854), '2017': np.int64(6806), '2018': np.int64(6792), '2019': np.int64(6691)}"
ChurchSD,Small,North West,Working,High Deprivation,Smaller non-coastal towns ,"{'2001': np.int64(4928), '2002': np.int64(5112), '2003': np.int64(5315), '2004': np.int64(5299), '2005': np.int64(5296), '2006': np.int64(5281), '2007': np.int64(5374), '2008': np.int64(5235), '2009': np.int64(5193), '2010': np.int64(5131), '2011': np.int64(5163), '2012': np.int64(5277), '2013': np.int64(5101), '2014': np.int64(5118), '2015': np.int64(5061), '2016': np.int64(5075), '2017': np.int64(5110), '2018': np.int64(5177), '2019': np.int64(5187)}"
BentleySD,Medium,Yorkshire and The Humber,Residential,High Deprivation,Larger non-coastal towns,"{'2001': np.int64(26618), '2002': np.int64(26616), '2003': np.int64(26630), '2004': np.int64(26516), '2005': np.int64(26638), '2006': np.int64(26738), '2007': np.int64(26867), '2008': np.int64(26871), '2009': np.int64(27037), '2010': np.int64(27167), '2011': np.int64(27170), '2012': np.int64(27026), '2013': np.int64(26938), '2014': np.int64(26965), '2015': np.int64(26956), '2016': np.int64(26967), '2017': np.int64(27110), '2018': np.int64(27275), '2019': np.int64(27297)}"
WednesburySD,Small,West Midlands,Working,High Deprivation,Smaller non-coastal towns ,"{'2001': np.int64(17715), '2002': np.int64(17675), '2003': np.int64(17693), '2004': np.int64(17720), '2005': np.int64(17718), '2006': np.int64(17898), '2007': np.int64(18170), '2008': np.int64(18295), '2009': np.int64(18648), '2010': np.int64(18913), '2011': np.int64(19032), '2012': np.int64(19153), '2013': np.int64(19397), '2014': np.int64(19402), '2015': np.int64(19347), '2016': np.int64(19387), '2017': np.int64(19366), '2018': np.int64(19435), '2019': np.int64(19404)}"
BursledonSD,Small,South East,Residential,Middle Deprivation,Smaller non-coastal towns ,"{'2001': np.int64(6724), '2002': np.int64(6642), '2003': np.int64(6781), '2004': np.int64(6779), '2005': np.int64(6790), '2006': np.int64(6905), '2007': np.int64(6968), '2008': np.int64(6993), '2009': np.int64(6963), '2010': np.int64(6964), '2011': np.int64(6995), '2012': np.int64(7054), '2013': np.int64(6997), '2014': np.int64(7086), '2015': np.int64(7161), '2016': np.int64(7122), '2017': np.int64(7102), '2018': np.int64(7274), '2019': np.int64(7713)}"
Hyde (Tameside)SD,Medium,North West,Residential,High Deprivation,Larger non-coastal towns,"{'2001': np.int64(31449), '2002': np.int64(31622), '2003': np.int64(31754), '2004': np.int64(31987), '2005': np.int64(32133), '2006': np.int64(32434), '2007': np.int64(32816), '2008': np.int64(33256), '2009': np.int64(33520), '2010': np.int64(33888), '2011': np.int64(34097), '2012': np.int64(34288), '2013': np.int64(34351), '2014': np.int64(34370), '2015': np.int64(34555), '2016': np.int64(34937), '2017': np.int64(35199), '2018': np.int64(35456), '2019': np.int64(35576)}"
Clayton-le-MoorsSD,Small,North West,Working,High Deprivation,Smaller non-coastal towns ,"{'2001': np.int64(8146), '2002': np.int64(8243), '2003': np.int64(8456), '2004': np.int64(8577), '2005': np.int64(8554), '2006': np.int64(8610), '2007': np.int64(8618), '2008': np.int64(8568), '2009': np.int64(8615), '2010': np.int64(8545), '2011': np.int64(8487), '2012': np.int64(8235), '2013': np.int64(8188), '2014': np.int64(8179), '2015': np.int64(8088), '2016': np.int64(8117), '2017': np.int64(8040), '2018': np.int64(8178), '2019': np.int64(8166)}"
BirstallSD,Small,East Midlands,Residential,Low Deprivation,Smaller non-coastal towns ,"{'2001': np.int64(11476), '2002': np.int64(11544), '2003': np.int64(11611), '2004': np.int64(11503), '2005': np.int64(11489), '2006': np.int64(11528), '2007': np.int64(11594), '2008': np.int64(11676), '2009': np.int64(11766), '2010': np.int64(11858), '2011': np.int64(12220), '2012': np.int64(12444), '2013': np.int64(12635), '2014': np.int64(13007), '2015': np.int64(13264), '2016': np.int64(13447), '2017': np.int64(13532), '2018': np.int64(13760), '2019': np.int64(13793)}"
UrmstonSD,Medium,North West,Working,Low Deprivation,Larger non-coastal towns,"{'2001': np.int64(41194), '2002': np.int64(41417), '2003': np.int64(41757), '2004': np.int64(41705), '2005': np.int64(41659), '2006': np.int64(41755), '2007': np.int64(41971), '2008': np.int64(42078), '2009': np.int64(41907), '2010': np.int64(41946), '2011': np.int64(41830), '2012': np.int64(41804), '2013': np.int64(42015), '2014': np.int64(42342), '2015': np.int64(42194), '2016': np.int64(42129), '2017': np.int64(42279), '2018': np.int64(42248), '2019': np.int64(42114)}"
PoyntonSD,Small,North West,Residential,Low Deprivation,Smaller non-coastal towns ,"{'2001': np.int64(15379), '2002': np.int64(15339), '2003': np.int64(15387), '2004': np.int64(15327), '2005': np.int64(15241), '2006': np.int64(15324), '2007': np.int64(15355), '2008': np.int64(15370), '2009': np.int64(15303), '2010': np.int64(15283), '2011': np.int64(15264), '2012': np.int64(15295), '2013': np.int64(15038), '2014': np.int64(15242), '2015': np.int64(15205), '2016': np.int64(15173), '2017': np.int64(15146), '2018': np.int64(15161), '2019': np.int64(15407)}"
YorkSD,Large,Yorkshire and The Humber,Working,Low Deprivation,Larger non-coastal towns,"{'2001': np.int64(137100), '2002': np.int64(137809), '2003': np.int64(139379), '2004': np.int64(141724), '2005': np.int64(143485), '2006': np.int64(144399), '2007': np.int64(145329), '2008': np.int64(146344), '2009': np.int64(147957), '2010': np.int64(150098), '2011': np.int64(152634), '2012': np.int64(154521), '2013': np.int64(156518), '2014': np.int64(158088), '2015': np.int64(159794), '2016': np.int64(160598), '2017': np.int64(161994), '2018': np.int64(163571), '2019': np.int64(164369)}"
HindleySD,Medium,North West,Residential,High Deprivation,Larger non-coastal towns,"{'2001': np.int64(23031), '2002': np.int64(23244), '2003': np.int64(23630), '2004': np.int64(23908), '2005': np.int64(24081), '2006': np.int64(24254), '2007': np.int64(24385), '2008': np.int64(24605), '2009': np.int64(24617), '2010': np.int64(24730), '2011': np.int64(24508), '2012': np.int64(24582), '2013': np.int64(24448), '2014': np.int64(24438), '2015': np.int64(24663), '2016': np.int64(24588), '2017': np.int64(24700), '2018': np.int64(24789), '2019': np.int64(24853)}"
DuffieldSD,Small,East Midlands,Residential,Low Deprivation,Smaller non-coastal towns ,"{'2001': np.int64(4573), '2002': np.int64(4553), '2003': np.int64(4653), '2004': np.int64(4608), '2005': np.int64(4669), '2006': np.int64(4818), '2007': np.int64(4832), '2008': np.int64(4897), '2009': np.int64(4925), '2010': np.int64(4993), '2011': np.int64(5042), '2012': np.int64(4984), '2013': np.int64(5034), '2014': np.int64(5047), '2015': np.int64(5096), '2016': np.int64(5158), '2017': np.int64(5214), '2018': np.int64(5242), '2019': np.int64(5208)}"
InnsworthSD,Small,South West,Working,Low Deprivation,Smaller non-coastal towns ,"{'2001': np.int64(12954), '2002': np.int64(12982), '2003': np.int64(13156), '2004': np.int64(13268), '2005': np.int64(13300), '2006': np.int64(13383), '2007': np.int64(13263), '2008': np.int64(13023), '2009': np.int64(12947), '2010': np.int64(13189), '2011': np.int64(13572), '2012': np.int64(13700), '2013': np.int64(13815), '2014': np.int64(13905), '2015': np.int64(13809), '2016': np.int64(14025), '2017': np.int64(14007), '2018': np.int64(14252), '2019': np.int64(14707)}"
UppermillSD,Small,North West,Residential,Low Deprivation,Smaller non-coastal towns ,"{'2001': np.int64(12601), '2002': np.int64(12826), '2003': np.int64(12855), '2004': np.int64(12782), '2005': np.int64(12812), '2006': np.int64(12906), '2007': np.int64(13039), '2008': np.int64(13175), '2009': np.int64(13170), '2010': np.int64(13288), '2011': np.int64(13451), '2012': np.int64(13427), '2013': np.int64(13588), '2014': np.int64(13583), '2015': np.int64(13685), '2016': np.int64(13793), '2017': np.int64(13704), '2018': np.int64(13708), '2019': np.int64(13666)}"
Seaton DelavalSD,Small,North East,Residential,High Deprivation,Smaller non-coastal towns ,"{'2001': np.int64(7336), '2002': np.int64(7320), '2003': np.int64(7326), '2004': np.int64(7381), '2005': np.int64(7409), '2006': np.int64(7398), '2007': np.int64(7470), '2008': np.int64(7392), '2009': np.int64(7366), '2010': np.int64(7435), '2011': np.int64(7508), '2012': np.int64(7573), '2013': np.int64(7661), '2014': np.int64(7751), '2015': np.int64(7867), '2016': np.int64(8066), '2017': np.int64(8136), '2018': np.int64(8227), '2019': np.int64(8291)}"
SedgleySD,Medium,West Midlands,Residential,High Deprivation,Larger non-coastal towns,"{'2001': np.int64(31194), '2002': np.int64(31209), '2003': np.int64(31022), '2004': np.int64(31149), '2005': np.int64(31123), '2006': np.int64(31092), '2007': np.int64(30913), '2008': np.int64(30948), '2009': np.int64(30867), '2010': np.int64(30836), '2011': np.int64(30972), '2012': np.int64(30963), '2013': np.int64(30963), '2014': np.int64(31219), '2015': np.int64(31202), '2016': np.int64(31198), '2017': np.int64(31313), '2018': np.int64(31381), '2019': np.int64(31224)}"
SandySD,Small,East of England,Mixed,Middle Deprivation,Smaller non-coastal towns ,"{'2001': np.int64(10347), '2002': np.int64(10320), '2003': np.int64(10400), '2004': np.int64(10538), '2005': np.int64(10662), '2006': np.int64(10581), '2007': np.int64(10817), '2008': np.int64(10886), '2009': np.int64(10866), '2010': np.int64(10923), '2011': np.int64(10936), '2012': np.int64(11113), '2013': np.int64(11344), '2014': np.int64(11427), '2015': np.int64(11580), '2016': np.int64(11787), '2017': np.int64(11777), '2018': np.int64(11812), '2019': np.int64(11818)}"
LauncestonSD,Small,South West,Working,High Deprivation,Smaller non-coastal towns ,"{'2001': np.int64(6966), '2002': np.int64(7086), '2003': np.int64(7135), '2004': np.int64(7150), '2005': np.int64(7203), '2006': np.int64(7326), '2007': np.int64(7367), '2008': np.int64(7457), '2009': np.int64(7549), '2010': np.int64(7581), '2011': np.int64(7639), '2012': np.int64(7876), '2013': np.int64(8103), '2014': np.int64(8346), '2015': np.int64(8583), '2016': np.int64(8665), '2017': np.int64(8837), '2018': np.int64(9097), '2019': np.int64(9317)}"
BrinsleySD,Small,East Midlands,Residential,Low Deprivation,Smaller non-coastal towns ,"{'2001': np.int64(5072), '2002': np.int64(5087), '2003': np.int64(5097), '2004': np.int64(5031), '2005': np.int64(5067), '2006': np.int64(5084), '2007': np.int64(4984), '2008': np.int64(5010), '2009': np.int64(5041), '2010': np.int64(5072), '2011': np.int64(5028), '2012': np.int64(5039), '2013': np.int64(5049), '2014': np.int64(5031), '2015': np.int64(4996), '2016': np.int64(5027), '2017': np.int64(5122), '2018': np.int64(5127), '2019': np.int64(5157)}"
Gorleston-on-SeaSD,Medium,East of England,Mixed,High Deprivation,Larger seaside towns,"{'2001': np.int64(23176), '2002': np.int64(23369), '2003': np.int64(23320), '2004': np.int64(23430), '2005': np.int64(23780), '2006': np.int64(24069), '2007': np.int64(24298), '2008': np.int64(24541), '2009': np.int64(24619), '2010': np.int64(24692), '2011': np.int64(24767), '2012': np.int64(24757), '2013': np.int64(24690), '2014': np.int64(24744), '2015': np.int64(24704), '2016': np.int64(24804), '2017': np.int64(24726), '2018': np.int64(24714), '2019': np.int64(24839)}"
North AscotSD,Small,South East,Working,Low Deprivation,Smaller non-coastal towns ,"{'2001': np.int64(9458), '2002': np.int64(9566), '2003': np.int64(9461), '2004': np.int64(9496), '2005': np.int64(9556), '2006': np.int64(9823), '2007': np.int64(9897), '2008': np.int64(9975), '2009': np.int64(10185), '2010': np.int64(10193), '2011': np.int64(10218), '2012': np.int64(10077), '2013': np.int64(10124), '2014': np.int64(10201), '2015': np.int64(10179), '2016': np.int64(10327), '2017': np.int64(10324), '2018': np.int64(10368), '2019': np.int64(10403)}"
Walton-on-the-NazeSD,Small,East of England,Residential,High Deprivation,Smaller seaside towns ,"{'2001': np.int64(12009), '2002': np.int64(12085), '2003': np.int64(12237), '2004': np.int64(12243), '2005': np.int64(12104), '2006': np.int64(12106), '2007': np.int64(12194), '2008': np.int64(12335), '2009': np.int64(12246), '2010': np.int64(12116), '2011': np.int64(12019), '2012': np.int64(11953), '2013': np.int64(12009), '2014': np.int64(12100), '2015': np.int64(12267), '2016': np.int64(12373), '2017': np.int64(12429), '2018': np.int64(12387), '2019': np.int64(12557)}"
BorrowashSD,Small,East Midlands,Residential,Low Deprivation,Smaller non-coastal towns ,"{'2001': np.int64(7336), '2002': np.int64(7349), '2003': np.int64(7237), '2004': np.int64(7339), '2005': np.int64(7310), '2006': np.int64(7268), '2007': np.int64(7234), '2008': np.int64(7299), '2009': np.int64(7283), '2010': np.int64(7283), '2011': np.int64(7341), '2012': np.int64(7391), '2013': np.int64(7381), '2014': np.int64(7346), '2015': np.int64(7317), '2016': np.int64(7345), '2017': np.int64(7332), '2018': np.int64(7296), '2019': np.int64(7348)}"
DunscroftSD,Small,Yorkshire and The Humber,Residential,High Deprivation,Smaller non-coastal towns ,"{'2001': np.int64(13978), '2002': np.int64(13880), '2003': np.int64(13910), '2004': np.int64(14038), '2005': np.int64(14037), '2006': np.int64(14123), '2007': np.int64(14203), '2008': np.int64(14232), '2009': np.int64(14289), '2010': np.int64(14263), '2011': np.int64(14328), '2012': np.int64(14500), '2013': np.int64(14442), '2014': np.int64(14321), '2015': np.int64(14393), '2016': np.int64(14367), '2017': np.int64(14360), '2018': np.int64(14222), '2019': np.int64(14130)}"
Fence HousesSD,Small,North East,Residential,High Deprivation,Smaller non-coastal towns ,"{'2001': np.int64(5745), '2002': np.int64(6014), '2003': np.int64(6113), '2004': np.int64(6273), '2005': np.int64(6264), '2006': np.int64(6343), '2007': np.int64(6356), '2008': np.int64(6470), '2009': np.int64(6575), '2010': np.int64(6599), '2011': np.int64(6651), '2012': np.int64(6625), '2013': np.int64(6739), '2014': np.int64(6722), '2015': np.int64(6723), '2016': np.int64(6709), '2017': np.int64(6762), '2018': np.int64(6859), '2019': np.int64(6872)}"
WareSD,Small,East of England,Working,Low Deprivation,Smaller non-coastal towns ,"{'2001': np.int64(17256), '2002': np.int64(17470), '2003': np.int64(17637), '2004': np.int64(17595), '2005': np.int64(17524), '2006': np.int64(17623), '2007': np.int64(17859), '2008': np.int64(18140), '2009': np.int64(18427), '2010': np.int64(18519), '2011': np.int64(18868), '2012': np.int64(19034), '2013': np.int64(19278), '2014': np.int64(19517), '2015': np.int64(19692), '2016': np.int64(19903), '2017': np.int64(20004), '2018': np.int64(19970), '2019': np.int64(20092)}"
NorthamSD,Small,South West,Residential,High Deprivation,Smaller seaside towns ,"{'2001': np.int64(10075), '2002': np.int64(10155), '2003': np.int64(10329), '2004': np.int64(10332), '2005': np.int64(10578), '2006': np.int64(10807), '2007': np.int64(10828), '2008': np.int64(10852), '2009': np.int64(10772), '2010': np.int64(10684), '2011': np.int64(10647), '2012': np.int64(10511), '2013': np.int64(10569), '2014': np.int64(10616), '2015': np.int64(10619), '2016': np.int64(10656), '2017': np.int64(10782), '2018': np.int64(10820), '2019': np.int64(10857)}"
FarnboroughSD,Medium,South East,Working,Low Deprivation,Larger non-coastal towns,"{'2001': np.int64(64442), '2002': np.int64(63656), '2003': np.int64(63108), '2004': np.int64(62713), '2005': np.int64(62968), '2006': np.int64(63480), '2007': np.int64(63830), '2008': np.int64(64243), '2009': np.int64(64236), '2010': np.int64(64874), '2011': np.int64(65474), '2012': np.int64(65828), '2013': np.int64(65962), '2014': np.int64(66139), '2015': np.int64(66221), '2016': np.int64(66681), '2017': np.int64(66402), '2018': np.int64(65802), '2019': np.int64(65370)}"
BaldockSD,Small,East of England,Residential,Low Deprivation,Smaller non-coastal towns ,"{'2001': np.int64(9910), '2002': np.int64(9812), '2003': np.int64(9968), '2004': np.int64(10099), '2005': np.int64(10059), '2006': np.int64(10054), '2007': np.int64(10037), '2008': np.int64(9973), '2009': np.int64(9974), '2010': np.int64(10029), '2011': np.int64(10271), '2012': np.int64(10321), '2013': np.int64(10467), '2014': np.int64(10638), '2015': np.int64(10600), '2016': np.int64(10621), '2017': np.int64(10670), '2018': np.int64(10576), '2019': np.int64(10624)}"
Letchworth Garden CitySD,Medium,East of England,Working,High Deprivation,Larger non-coastal towns,"{'2001': np.int64(32851), '2002': np.int64(33015), '2003': np.int64(32823), '2004': np.int64(32658), '2005': np.int64(32637), '2006': np.int64(32698), '2007': np.int64(32697), '2008': np.int64(32821), '2009': np.int64(32841), '2010': np.int64(32999), '2011': np.int64(33305), '2012': np.int64(33692), '2013': np.int64(33839), '2014': np.int64(34220), '2015': np.int64(34227), '2016': np.int64(34453), '2017': np.int64(34697), '2018': np.int64(34473), '2019': np.int64(34503)}"
ChorleySD,Medium,North West,Working,High Deprivation,Larger non-coastal towns,"{'2001': np.int64(33470), '2002': np.int64(33772), '2003': np.int64(33975), '2004': np.int64(34216), '2005': np.int64(34440), '2006': np.int64(34802), '2007': np.int64(34913), '2008': np.int64(35709), '2009': np.int64(35749), '2010': np.int64(35969), '2011': np.int64(36419), '2012': np.int64(37061), '2013': np.int64(37628), '2014': np.int64(37813), '2015': np.int64(37988), '2016': np.int64(38431), '2017': np.int64(38557), '2018': np.int64(38724), '2019': np.int64(38958)}"
GuiseleySD,Small,Yorkshire and The Humber,Mixed,Low Deprivation,Smaller non-coastal towns ,"{'2001': np.int64(11415), '2002': np.int64(11457), '2003': np.int64(11359), '2004': np.int64(11387), '2005': np.int64(11490), '2006': np.int64(11556), '2007': np.int64(11568), '2008': np.int64(11500), '2009': np.int64(11569), '2010': np.int64(11674), '2011': np.int64(11923), '2012': np.int64(12183), '2013': np.int64(12327), '2014': np.int64(12420), '2015': np.int64(12429), '2016': np.int64(12532), '2017': np.int64(12545), '2018': np.int64(12492), '2019': np.int64(12320)}"
MaidenheadSD,Medium,South East,Working,Low Deprivation,Larger non-coastal towns,"{'2001': np.int64(58014), '2002': np.int64(57833), '2003': np.int64(58040), '2004': np.int64(58214), '2005': np.int64(58978), '2006': np.int64(59619), '2007': np.int64(60171), '2008': np.int64(60860), '2009': np.int64(61846), '2010': np.int64(62854), '2011': np.int64(63777), '2012': np.int64(64197), '2013': np.int64(64461), '2014': np.int64(65389), '2015': np.int64(66020), '2016': np.int64(66927), '2017': np.int64(67441), '2018': np.int64(67793), '2019': np.int64(68117)}"
BasingstokeSD,Large,South East,Working,Low Deprivation,Larger non-coastal towns,"{'2001': np.int64(94285), '2002': np.int64(94645), '2003': np.int64(96023), '2004': np.int64(96583), '2005': np.int64(98128), '2006': np.int64(99495), '2007': np.int64(100696), '2008': np.int64(102092), '2009': np.int64(104134), '2010': np.int64(105921), '2011': np.int64(108063), '2012': np.int64(109795), '2013': np.int64(110982), '2014': np.int64(112165), '2015': np.int64(113179), '2016': np.int64(114129), '2017': np.int64(114329), '2018': np.int64(114170), '2019': np.int64(114402)}"
SwanleySD,Small,South East,Mixed,High Deprivation,Smaller non-coastal towns ,"{'2001': np.int64(16606), '2002': np.int64(16441), '2003': np.int64(16230), '2004': np.int64(16055), '2005': np.int64(16093), '2006': np.int64(16190), '2007': np.int64(16153), '2008': np.int64(16199), '2009': np.int64(16279), '2010': np.int64(16192), '2011': np.int64(16275), '2012': np.int64(16407), '2013': np.int64(16396), '2014': np.int64(16564), '2015': np.int64(16732), '2016': np.int64(17032), '2017': np.int64(17138), '2018': np.int64(17243), '2019': np.int64(17423)}"
HorwichSD,Small,North West,Working,High Deprivation,Smaller non-coastal towns ,"{'2001': np.int64(18637), '2002': np.int64(18822), '2003': np.int64(18827), '2004': np.int64(18916), '2005': np.int64(18942), '2006': np.int64(18986), '2007': np.int64(18945), '2008': np.int64(19018), '2009': np.int64(19243), '2010': np.int64(19435), '2011': np.int64(19500), '2012': np.int64(19672), '2013': np.int64(19710), '2014': np.int64(19846), '2015': np.int64(19876), '2016': np.int64(19816), '2017': np.int64(19742), '2018': np.int64(19662), '2019': np.int64(19764)}"
Thornton (Wyre)SD,Small,North West,Residential,Middle Deprivation,Smaller non-coastal towns ,"{'2001': np.int64(17536), '2002': np.int64(18083), '2003': np.int64(18497), '2004': np.int64(18812), '2005': np.int64(18955), '2006': np.int64(18943), '2007': np.int64(18951), '2008': np.int64(19025), '2009': np.int64(18960), '2010': np.int64(18997), '2011': np.int64(18956), '2012': np.int64(18808), '2013': np.int64(18821), '2014': np.int64(19052), '2015': np.int64(19239), '2016': np.int64(19365), '2017': np.int64(19550), '2018': np.int64(19829), '2019': np.int64(20021)}"
RuddingtonSD,Small,East Midlands,Working,Low Deprivation,Smaller non-coastal towns ,"{'2001': np.int64(6223), '2002': np.int64(6185), '2003': np.int64(6260), '2004': np.int64(6252), '2005': np.int64(6252), '2006': np.int64(6382), '2007': np.int64(6494), '2008': np.int64(6598), '2009': np.int64(6761), '2010': np.int64(6889), '2011': np.int64(7027), '2012': np.int64(7085), '2013': np.int64(7128), '2014': np.int64(7127), '2015': np.int64(7131), '2016': np.int64(7272), '2017': np.int64(7448), '2018': np.int64(7568), '2019': np.int64(7651)}"
ChorleywoodSD,Small,East of England,Residential,Low Deprivation,Smaller non-coastal towns ,"{'2001': np.int64(12574), '2002': np.int64(12539), '2003': np.int64(12689), '2004': np.int64(12707), '2005': np.int64(12727), '2006': np.int64(12624), '2007': np.int64(12861), '2008': np.int64(13006), '2009': np.int64(12955), '2010': np.int64(12977), '2011': np.int64(12954), '2012': np.int64(13186), '2013': np.int64(13153), '2014': np.int64(13296), '2015': np.int64(13483), '2016': np.int64(13559), '2017': np.int64(13514), '2018': np.int64(13524), '2019': np.int64(13434)}"
Shevington ValeSD,Small,North West,Working,Low Deprivation,Smaller non-coastal towns ,"{'2001': np.int64(5202), '2002': np.int64(5202), '2003': np.int64(5245), '2004': np.int64(5279), '2005': np.int64(5266), '2006': np.int64(5230), '2007': np.int64(5241), '2008': np.int64(5232), '2009': np.int64(5214), '2010': np.int64(5186), '2011': np.int64(5202), '2012': np.int64(5265), '2013': np.int64(5182), '2014': np.int64(5218), '2015': np.int64(5165), '2016': np.int64(5202), '2017': np.int64(5166), '2018': np.int64(5117), '2019': np.int64(5124)}"
HedonSD,Small,Yorkshire and The Humber,Mixed,Middle Deprivation,Smaller non-coastal towns ,"{'2001': np.int64(7238), '2002': np.int64(7484), '2003': np.int64(7634), '2004': np.int64(7795), '2005': np.int64(7923), '2006': np.int64(7927), '2007': np.int64(8078), '2008': np.int64(8044), '2009': np.int64(8128), '2010': np.int64(8159), '2011': np.int64(8207), '2012': np.int64(8231), '2013': np.int64(8278), '2014': np.int64(8357), '2015': np.int64(8471), '2016': np.int64(8475), '2017': np.int64(8383), '2018': np.int64(8446), '2019': np.int64(8401)}"
WorthingSD,Large,South East,Working,Middle Deprivation,Larger seaside towns,"{'2001': np.int64(102016), '2002': np.int64(102529), '2003': np.int64(103129), '2004': np.int64(103880), '2005': np.int64(104453), '2006': np.int64(105066), '2007': np.int64(106004), '2008': np.int64(106812), '2009': np.int64(107269), '2010': np.int64(108292), '2011': np.int64(109472), '2012': np.int64(110258), '2013': np.int64(110912), '2014': np.int64(111803), '2015': np.int64(112895), '2016': np.int64(113860), '2017': np.int64(114212), '2018': np.int64(114662), '2019': np.int64(115191)}"
SaltdeanSD,Small,South East,Residential,Low Deprivation,Smaller seaside towns ,"{'2001': np.int64(11740), '2002': np.int64(11924), '2003': np.int64(11961), '2004': np.int64(11977), '2005': np.int64(12039), '2006': np.int64(12142), '2007': np.int64(12291), '2008': np.int64(12354), '2009': np.int64(12520), '2010': np.int64(12622), '2011': np.int64(12879), '2012': np.int64(13170), '2013': np.int64(13274), '2014': np.int64(13249), '2015': np.int64(13409), '2016': np.int64(13397), '2017': np.int64(13382), '2018': np.int64(13332), '2019': np.int64(13258)}"
RomileySD,Medium,North West,Mixed,High Deprivation,Larger non-coastal towns,"{'2001': np.int64(35017), '2002': np.int64(34757), '2003': np.int64(34798), '2004': np.int64(34719), '2005': np.int64(34547), '2006': np.int64(34559), '2007': np.int64(34565), '2008': np.int64(34599), '2009': np.int64(34577), '2010': np.int64(34628), '2011': np.int64(34739), '2012': np.int64(34694), '2013': np.int64(34869), '2014': np.int64(34881), '2015': np.int64(35071), '2016': np.int64(35194), '2017': np.int64(35144), '2018': np.int64(35143), '2019': np.int64(35329)}"
Clifton (City of Nottingham)SD,Medium,East Midlands,Residential,High Deprivation,Larger non-coastal towns,"{'2001': np.int64(22213), '2002': np.int64(22169), '2003': np.int64(22054), '2004': np.int64(22163), '2005': np.int64(22163), '2006': np.int64(22113), '2007': np.int64(21934), '2008': np.int64(21927), '2009': np.int64(21889), '2010': np.int64(22262), '2011': np.int64(22315), '2012': np.int64(22846), '2013': np.int64(22788), '2014': np.int64(22865), '2015': np.int64(23064), '2016': np.int64(23166), '2017': np.int64(23147), '2018': np.int64(23073), '2019': np.int64(22822)}"
South ElmsallSD,Small,Yorkshire and The Humber,Working,High Deprivation,Smaller non-coastal towns ,"{'2001': np.int64(10199), '2002': np.int64(10247), '2003': np.int64(10338), '2004': np.int64(10481), '2005': np.int64(10461), '2006': np.int64(10488), '2007': np.int64(10478), '2008': np.int64(10506), '2009': np.int64(10525), '2010': np.int64(10540), '2011': np.int64(10369), '2012': np.int64(10375), '2013': np.int64(10356), '2014': np.int64(10441), '2015': np.int64(10642), '2016': np.int64(10786), '2017': np.int64(10991), '2018': np.int64(11263), '2019': np.int64(11301)}"
Ashton-in-MakerfieldSD,Medium,North West,Residential,High Deprivation,Larger non-coastal towns,"{'2001': np.int64(28824), '2002': np.int64(28830), '2003': np.int64(28931), '2004': np.int64(28785), '2005': np.int64(28788), '2006': np.int64(28679), '2007': np.int64(28635), '2008': np.int64(28699), '2009': np.int64(28786), '2010': np.int64(28700), '2011': np.int64(28772), '2012': np.int64(28697), '2013': np.int64(28622), '2014': np.int64(28627), '2015': np.int64(28503), '2016': np.int64(28386), '2017': np.int64(28397), '2018': np.int64(28340), '2019': np.int64(28283)}"
PrescotSD,Medium,North West,Working,High Deprivation,Larger non-coastal towns,"{'2001': np.int64(39372), '2002': np.int64(39194), '2003': np.int64(39341), '2004': np.int64(38977), '2005': np.int64(38900), '2006': np.int64(38617), '2007': np.int64(38438), '2008': np.int64(38367), '2009': np.int64(38275), '2010': np.int64(38191), '2011': np.int64(37885), '2012': np.int64(37915), '2013': np.int64(38129), '2014': np.int64(38182), '2015': np.int64(38319), '2016': np.int64(38213), '2017': np.int64(38321), '2018': np.int64(38290), '2019': np.int64(38570)}"
SaleSD,Large,North West,Working,High Deprivation,Larger non-coastal towns,"{'2001': np.int64(124669), '2002': np.int64(125059), '2003': np.int64(126177), '2004': np.int64(126442), '2005': np.int64(127603), '2006': np.int64(128981), '2007': np.int64(129799), '2008': np.int64(131047), '2009': np.int64(131989), '2010': np.int64(132875), '2011': np.int64(134032), '2012': np.int64(135033), '2013': np.int64(135483), '2014': np.int64(136417), '2015': np.int64(137239), '2016': np.int64(137651), '2017': np.int64(137915), '2018': np.int64(137913), '2019': np.int64(138206)}"
South KirkbySD,Small,Yorkshire and The Humber,Mixed,High Deprivation,Smaller non-coastal towns ,"{'2001': np.int64(8230), '2002': np.int64(8176), '2003': np.int64(8226), '2004': np.int64(8363), '2005': np.int64(8549), '2006': np.int64(8569), '2007': np.int64(8587), '2008': np.int64(8570), '2009': np.int64(8554), '2010': np.int64(8453), '2011': np.int64(8550), '2012': np.int64(8536), '2013': np.int64(8622), '2014': np.int64(8689), '2015': np.int64(8778), '2016': np.int64(8813), '2017': np.int64(8862), '2018': np.int64(8914), '2019': np.int64(9019)}"
EcclesSD,Medium,North West,Working,High Deprivation,Larger non-coastal towns,"{'2001': np.int64(37845), '2002': np.int64(37570), '2003': np.int64(37580), '2004': np.int64(37665), '2005': np.int64(37762), '2006': np.int64(38247), '2007': np.int64(38377), '2008': np.int64(38625), '2009': np.int64(38789), '2010': np.int64(38806), '2011': np.int64(38750), '2012': np.int64(39202), '2013': np.int64(39118), '2014': np.int64(39608), '2015': np.int64(39942), '2016': np.int64(40428), '2017': np.int64(40936), '2018': np.int64(41179), '2019': np.int64(41552)}"
CottinghamSD,Small,Yorkshire and The Humber,Working,Low Deprivation,Smaller non-coastal towns ,"{'2001': np.int64(15318), '2002': np.int64(15157), '2003': np.int64(15162), '2004': np.int64(15345), '2005': np.int64(15325), '2006': np.int64(15502), '2007': np.int64(15569), '2008': np.int64(15677), '2009': np.int64(15705), '2010': np.int64(15551), '2011': np.int64(15155), '2012': np.int64(15142), '2013': np.int64(15006), '2014': np.int64(15005), '2015': np.int64(14997), '2016': np.int64(14995), '2017': np.int64(14885), '2018': np.int64(15069), '2019': np.int64(15079)}"
DewsburySD,Medium,Yorkshire and The Humber,Mixed,High Deprivation,Larger non-coastal towns,"{'2001': np.int64(57863), '2002': np.int64(58411), '2003': np.int64(58704), '2004': np.int64(58982), '2005': np.int64(59821), '2006': np.int64(60224), '2007': np.int64(60865), '2008': np.int64(61398), '2009': np.int64(61983), '2010': np.int64(62523), '2011': np.int64(63103), '2012': np.int64(63536), '2013': np.int64(63990), '2014': np.int64(64464), '2015': np.int64(64806), '2016': np.int64(65465), '2017': np.int64(65935), '2018': np.int64(66506), '2019': np.int64(66875)}"
SystonSD,Small,East Midlands,Working,Low Deprivation,Smaller non-coastal towns ,"{'2001': np.int64(11601), '2002': np.int64(11501), '2003': np.int64(11465), '2004': np.int64(11779), '2005': np.int64(11758), '2006': np.int64(11942), '2007': np.int64(12007), '2008': np.int64(12312), '2009': np.int64(12405), '2010': np.int64(12595), '2011': np.int64(12790), '2012': np.int64(13020), '2013': np.int64(13273), '2014': np.int64(13534), '2015': np.int64(13629), '2016': np.int64(13838), '2017': np.int64(13861), '2018': np.int64(14046), '2019': np.int64(14175)}"
MorleySD,Medium,Yorkshire and The Humber,Working,High Deprivation,Larger non-coastal towns,"{'2001': np.int64(27483), '2002': np.int64(27652), '2003': np.int64(27661), '2004': np.int64(27770), '2005': np.int64(28536), '2006': np.int64(28780), '2007': np.int64(28967), '2008': np.int64(29223), '2009': np.int64(29321), '2010': np.int64(29688), '2011': np.int64(29662), '2012': np.int64(29771), '2013': np.int64(29896), '2014': np.int64(29753), '2015': np.int64(29721), '2016': np.int64(29658), '2017': np.int64(29673), '2018': np.int64(29808), '2019': np.int64(29893)}"
GillinghamSD,Large,South East,Mixed,High Deprivation,Larger non-coastal towns,"{'2001': np.int64(99362), '2002': np.int64(99818), '2003': np.int64(100433), '2004': np.int64(100202), '2005': np.int64(100200), '2006': np.int64(100724), '2007': np.int64(101579), '2008': np.int64(102470), '2009': np.int64(102890), '2010': np.int64(103760), '2011': np.int64(104624), '2012': np.int64(105587), '2013': np.int64(106402), '2014': np.int64(106997), '2015': np.int64(107323), '2016': np.int64(108290), '2017': np.int64(108880), '2018': np.int64(108621), '2019': np.int64(108584)}"
PeltonSD,Small,North East,Residential,High Deprivation,Smaller non-coastal towns ,"{'2001': np.int64(5237), '2002': np.int64(5205), '2003': np.int64(5218), '2004': np.int64(5136), '2005': np.int64(5211), '2006': np.int64(5325), '2007': np.int64(5306), '2008': np.int64(5332), '2009': np.int64(5379), '2010': np.int64(5329), '2011': np.int64(5283), '2012': np.int64(5297), '2013': np.int64(5331), '2014': np.int64(5314), '2015': np.int64(5487), '2016': np.int64(5475), '2017': np.int64(5661), '2018': np.int64(5743), '2019': np.int64(5833)}"
RothwellSD,Small,Yorkshire and The Humber,Residential,Middle Deprivation,Smaller non-coastal towns ,"{'2001': np.int64(19351), '2002': np.int64(19487), '2003': np.int64(19272), '2004': np.int64(19365), '2005': np.int64(19460), '2006': np.int64(19405), '2007': np.int64(19510), '2008': np.int64(19506), '2009': np.int64(19510), '2010': np.int64(19522), '2011': np.int64(19505), '2012': np.int64(19539), '2013': np.int64(19659), '2014': np.int64(19500), '2015': np.int64(19569), '2016': np.int64(19534), '2017': np.int64(19504), '2018': np.int64(19410), '2019': np.int64(19225)}"
AldershotSD,Medium,South East,Mixed,Middle Deprivation,Larger non-coastal towns,"{'2001': np.int64(55668), '2002': np.int64(54989), '2003': np.int64(55229), '2004': np.int64(54904), '2005': np.int64(55028), '2006': np.int64(55688), '2007': np.int64(56076), '2008': np.int64(56373), '2009': np.int64(56432), '2010': np.int64(56800), '2011': np.int64(57344), '2012': np.int64(57873), '2013': np.int64(57705), '2014': np.int64(57891), '2015': np.int64(58074), '2016': np.int64(58641), '2017': np.int64(58562), '2018': np.int64(58576), '2019': np.int64(58511)}"
DunstableSD,Medium,East of England,Mixed,Middle Deprivation,Larger non-coastal towns,"{'2001': np.int64(28215), '2002': np.int64(28316), '2003': np.int64(28576), '2004': np.int64(28581), '2005': np.int64(28636), '2006': np.int64(28924), '2007': np.int64(29299), '2008': np.int64(29596), '2009': np.int64(29541), '2010': np.int64(29785), '2011': np.int64(30320), '2012': np.int64(30861), '2013': np.int64(31352), '2014': np.int64(31850), '2015': np.int64(32103), '2016': np.int64(32603), '2017': np.int64(33035), '2018': np.int64(33628), '2019': np.int64(34157)}"
Trimley St MarySD,Small,East of England,Residential,Low Deprivation,Smaller non-coastal towns ,"{'2001': np.int64(5611), '2002': np.int64(5638), '2003': np.int64(5657), '2004': np.int64(5727), '2005': np.int64(5717), '2006': np.int64(5696), '2007': np.int64(5635), '2008': np.int64(5643), '2009': np.int64(5613), '2010': np.int64(5605), '2011': np.int64(5611), '2012': np.int64(5600), '2013': np.int64(5620), '2014': np.int64(5657), '2015': np.int64(5656), '2016': np.int64(5691), '2017': np.int64(5657), '2018': np.int64(5909), '2019': np.int64(5977)}"
BrauntonSD,Small,South West,Residential,Low Deprivation,Smaller non-coastal towns ,"{'2001': np.int64(6845), '2002': np.int64(6948), '2003': np.int64(6975), '2004': np.int64(7076), '2005': np.int64(7142), '2006': np.int64(7167), '2007': np.int64(7127), '2008': np.int64(7078), '2009': np.int64(7136), '2010': np.int64(7214), '2011': np.int64(7351), '2012': np.int64(7397), '2013': np.int64(7406), '2014': np.int64(7416), '2015': np.int64(7473), '2016': np.int64(7569), '2017': np.int64(7543), '2018': np.int64(7590), '2019': np.int64(7479)}"
Hazel GroveSD,Small,North West,Working,Low Deprivation,Smaller non-coastal towns ,"{'2001': np.int64(19146), '2002': np.int64(19085), '2003': np.int64(19119), '2004': np.int64(19032), '2005': np.int64(19002), '2006': np.int64(19015), '2007': np.int64(19021), '2008': np.int64(19191), '2009': np.int64(19225), '2010': np.int64(19368), '2011': np.int64(19351), '2012': np.int64(19406), '2013': np.int64(19426), '2014': np.int64(19446), '2015': np.int64(19534), '2016': np.int64(19608), '2017': np.int64(19715), '2018': np.int64(19593), '2019': np.int64(19543)}"
NorthfleetSD,Medium,South East,Mixed,High Deprivation,Larger non-coastal towns,"{'2001': np.int64(25233), '2002': np.int64(25296), '2003': np.int64(25128), '2004': np.int64(25135), '2005': np.int64(25703), '2006': np.int64(26003), '2007': np.int64(26210), '2008': np.int64(26640), '2009': np.int64(27047), '2010': np.int64(27466), '2011': np.int64(27686), '2012': np.int64(28301), '2013': np.int64(28175), '2014': np.int64(28630), '2015': np.int64(29118), '2016': np.int64(29581), '2017': np.int64(29716), '2018': np.int64(29768), '2019': np.int64(30060)}"
New MiltonSD,Small,South East,Mixed,Middle Deprivation,Smaller non-coastal towns ,"{'2001': np.int64(18450), '2002': np.int64(18669), '2003': np.int64(18557), '2004': np.int64(18731), '2005': np.int64(18848), '2006': np.int64(18947), '2007': np.int64(19133), '2008': np.int64(19347), '2009': np.int64(19525), '2010': np.int64(19809), '2011': np.int64(19972), '2012': np.int64(20154), '2013': np.int64(20269), '2014': np.int64(20302), '2015': np.int64(20360), '2016': np.int64(20456), '2017': np.int64(20466), '2018': np.int64(20437), '2019': np.int64(20463)}"
HeckmondwikeSD,Small,Yorkshire and The Humber,Residential,High Deprivation,Smaller non-coastal towns ,"{'2001': np.int64(10740), '2002': np.int64(10804), '2003': np.int64(10878), '2004': np.int64(10951), '2005': np.int64(10969), '2006': np.int64(11206), '2007': np.int64(11288), '2008': np.int64(11527), '2009': np.int64(11668), '2010': np.int64(11853), '2011': np.int64(12106), '2012': np.int64(12112), '2013': np.int64(12142), '2014': np.int64(12386), '2015': np.int64(12501), '2016': np.int64(12601), '2017': np.int64(12658), '2018': np.int64(12630), '2019': np.int64(12592)}"
AshteadSD,Small,South East,Mixed,Low Deprivation,Smaller non-coastal towns ,"{'2001': np.int64(13271), '2002': np.int64(13253), '2003': np.int64(13436), '2004': np.int64(13532), '2005': np.int64(13559), '2006': np.int64(13547), '2007': np.int64(13619), '2008': np.int64(13767), '2009': np.int64(13845), '2010': np.int64(13885), '2011': np.int64(13909), '2012': np.int64(14131), '2013': np.int64(14248), '2014': np.int64(14304), '2015': np.int64(14339), '2016': np.int64(14356), '2017': np.int64(14474), '2018': np.int64(14444), '2019': np.int64(14460)}"
AltrinchamSD,Medium,North West,Working,Low Deprivation,Larger non-coastal towns,"{'2001': np.int64(46421), '2002': np.int64(46742), '2003': np.int64(47298), '2004': np.int64(47873), '2005': np.int64(48107), '2006': np.int64(48761), '2007': np.int64(49702), '2008': np.int64(50435), '2009': np.int64(51218), '2010': np.int64(51818), '2011': np.int64(52549), '2012': np.int64(53025), '2013': np.int64(53717), '2014': np.int64(54645), '2015': np.int64(54657), '2016': np.int64(55157), '2017': np.int64(55531), '2018': np.int64(55883), '2019': np.int64(56112)}"
HullbridgeSD,Small,East of England,Residential,Low Deprivation,Smaller non-coastal towns ,"{'2001': np.int64(6120), '2002': np.int64(6159), '2003': np.int64(6139), '2004': np.int64(6176), '2005': np.int64(6193), '2006': np.int64(6172), '2007': np.int64(6154), '2008': np.int64(6171), '2009': np.int64(6142), '2010': np.int64(6101), '2011': np.int64(6094), '2012': np.int64(6067), '2013': np.int64(6024), '2014': np.int64(6090), '2015': np.int64(6077), '2016': np.int64(6026), '2017': np.int64(6023), '2018': np.int64(6048), '2019': np.int64(6068)}"
BilstonSD,Medium,West Midlands,Mixed,High Deprivation,Larger non-coastal towns,"{'2001': np.int64(26899), '2002': np.int64(27075), '2003': np.int64(27073), '2004': np.int64(27272), '2005': np.int64(27597), '2006': np.int64(27999), '2007': np.int64(28169), '2008': np.int64(28513), '2009': np.int64(28590), '2010': np.int64(28991), '2011': np.int64(29610), '2012': np.int64(29874), '2013': np.int64(30041), '2014': np.int64(30529), '2015': np.int64(31199), '2016': np.int64(31866), '2017': np.int64(32381), '2018': np.int64(32982), '2019': np.int64(33518)}"
WoodbridgeSD,Small,East of England,Working,Low Deprivation,Smaller non-coastal towns ,"{'2001': np.int64(10987), '2002': np.int64(10983), '2003': np.int64(11042), '2004': np.int64(11041), '2005': np.int64(11103), '2006': np.int64(11096), '2007': np.int64(11137), '2008': np.int64(11212), '2009': np.int64(11243), '2010': np.int64(11240), '2011': np.int64(11341), '2012': np.int64(11363), '2013': np.int64(11415), '2014': np.int64(11483), '2015': np.int64(11531), '2016': np.int64(11527), '2017': np.int64(11628), '2018': np.int64(11632), '2019': np.int64(11715)}"
WinchesterSD,Medium,South East,Working,Low Deprivation,Larger non-coastal towns,"{'2001': np.int64(41582), '2002': np.int64(41661), '2003': np.int64(41978), '2004': np.int64(41996), '2005': np.int64(42141), '2006': np.int64(42413), '2007': np.int64(42926), '2008': np.int64(43791), '2009': np.int64(44143), '2010': np.int64(44925), '2011': np.int64(45256), '2012': np.int64(45822), '2013': np.int64(45996), '2014': np.int64(46379), '2015': np.int64(46994), '2016': np.int64(47988), '2017': np.int64(48530), '2018': np.int64(48546), '2019': np.int64(48603)}"
HistonSD,Small,East of England,Working,Low Deprivation,Smaller non-coastal towns ,"{'2001': np.int64(7395), '2002': np.int64(7394), '2003': np.int64(7472), '2004': np.int64(7461), '2005': np.int64(7451), '2006': np.int64(7567), '2007': np.int64(7571), '2008': np.int64(7649), '2009': np.int64(7722), '2010': np.int64(7736), '2011': np.int64(7867), '2012': np.int64(8003), '2013': np.int64(8130), '2014': np.int64(8335), '2015': np.int64(8431), '2016': np.int64(8475), '2017': np.int64(8491), '2018': np.int64(8456), '2019': np.int64(8425)}"
DentonSD,Medium,North West,Residential,High Deprivation,Larger non-coastal towns,"{'2001': np.int64(36910), '2002': np.int64(36612), '2003': np.int64(36479), '2004': np.int64(36621), '2005': np.int64(36631), '2006': np.int64(36607), '2007': np.int64(36569), '2008': np.int64(36497), '2009': np.int64(36560), '2010': np.int64(36664), '2011': np.int64(36604), '2012': np.int64(36576), '2013': np.int64(36488), '2014': np.int64(36457), '2015': np.int64(36472), '2016': np.int64(36249), '2017': np.int64(36100), '2018': np.int64(36203), '2019': np.int64(36089)}"
PlymstockSD,Medium,South West,Residential,Low Deprivation,Larger other coastal towns ,"{'2001': np.int64(24106), '2002': np.int64(24315), '2003': np.int64(24210), '2004': np.int64(24365), '2005': np.int64(24610), '2006': np.int64(24696), '2007': np.int64(24947), '2008': np.int64(24892), '2009': np.int64(24950), '2010': np.int64(25113), '2011': np.int64(25114), '2012': np.int64(25086), '2013': np.int64(24975), '2014': np.int64(24970), '2015': np.int64(25135), '2016': np.int64(25314), '2017': np.int64(25610), '2018': np.int64(25861), '2019': np.int64(26115)}"
IrlamSD,Small,North West,Working,High Deprivation,Smaller non-coastal towns ,"{'2001': np.int64(19032), '2002': np.int64(18997), '2003': np.int64(19175), '2004': np.int64(19193), '2005': np.int64(19288), '2006': np.int64(19492), '2007': np.int64(19745), '2008': np.int64(20162), '2009': np.int64(20097), '2010': np.int64(20053), '2011': np.int64(19965), '2012': np.int64(20094), '2013': np.int64(20254), '2014': np.int64(20412), '2015': np.int64(20355), '2016': np.int64(20378), '2017': np.int64(20426), '2018': np.int64(20376), '2019': np.int64(20264)}"
BedworthSD,Medium,West Midlands,Residential,High Deprivation,Larger non-coastal towns,"{'2001': np.int64(29237), '2002': np.int64(29508), '2003': np.int64(29525), '2004': np.int64(29587), '2005': np.int64(29718), '2006': np.int64(29996), '2007': np.int64(30131), '2008': np.int64(30407), '2009': np.int64(30549), '2010': np.int64(30631), '2011': np.int64(30664), '2012': np.int64(30789), '2013': np.int64(30874), '2014': np.int64(30930), '2015': np.int64(30920), '2016': np.int64(31050), '2017': np.int64(31222), '2018': np.int64(30925), '2019': np.int64(31134)}"
WhickhamSD,Small,North East,Working,Middle Deprivation,Smaller non-coastal towns ,"{'2001': np.int64(16200), '2002': np.int64(16191), '2003': np.int64(16253), '2004': np.int64(16370), '2005': np.int64(16377), '2006': np.int64(16350), '2007': np.int64(16415), '2008': np.int64(16475), '2009': np.int64(16451), '2010': np.int64(16601), '2011': np.int64(16629), '2012': np.int64(16542), '2013': np.int64(16530), '2014': np.int64(16505), '2015': np.int64(16409), '2016': np.int64(16192), '2017': np.int64(16162), '2018': np.int64(16085), '2019': np.int64(16000)}"
Kirkby-in-AshfieldSD,Medium,East Midlands,Working,High Deprivation,Larger non-coastal towns,"{'2001': np.int64(25668), '2002': np.int64(25763), '2003': np.int64(25881), '2004': np.int64(25909), '2005': np.int64(25987), '2006': np.int64(26033), '2007': np.int64(26139), '2008': np.int64(26260), '2009': np.int64(26594), '2010': np.int64(26760), '2011': np.int64(26959), '2012': np.int64(27290), '2013': np.int64(27528), '2014': np.int64(27714), '2015': np.int64(27730), '2016': np.int64(27960), '2017': np.int64(28250), '2018': np.int64(28413), '2019': np.int64(28650)}"
YattonSD,Small,South West,Mixed,Low Deprivation,Smaller non-coastal towns ,"{'2001': np.int64(7223), '2002': np.int64(7122), '2003': np.int64(7309), '2004': np.int64(7269), '2005': np.int64(7239), '2006': np.int64(7160), '2007': np.int64(7141), '2008': np.int64(7241), '2009': np.int64(7233), '2010': np.int64(7250), '2011': np.int64(7208), '2012': np.int64(7168), '2013': np.int64(7141), '2014': np.int64(7039), '2015': np.int64(7081), '2016': np.int64(7039), '2017': np.int64(7053), '2018': np.int64(6953), '2019': np.int64(6981)}"
Middleton (Rochdale)SD,Medium,North West,Residential,High Deprivation,Larger non-coastal towns,"{'2001': np.int64(42680), '2002': np.int64(42551), '2003': np.int64(42356), '2004': np.int64(41982), '2005': np.int64(41981), '2006': np.int64(42095), '2007': np.int64(42247), '2008': np.int64(42318), '2009': np.int64(42388), '2010': np.int64(42676), '2011': np.int64(43024), '2012': np.int64(43162), '2013': np.int64(43290), '2014': np.int64(43341), '2015': np.int64(43552), '2016': np.int64(43776), '2017': np.int64(43998), '2018': np.int64(44354), '2019': np.int64(44973)}"
SwintonSD,Medium,North West,Working,High Deprivation,Larger non-coastal towns,"{'2001': np.int64(25018), '2002': np.int64(24846), '2003': np.int64(24907), '2004': np.int64(24768), '2005': np.int64(24795), '2006': np.int64(24953), '2007': np.int64(25238), '2008': np.int64(25514), '2009': np.int64(25544), '2010': np.int64(25426), '2011': np.int64(25370), '2012': np.int64(25560), '2013': np.int64(25505), '2014': np.int64(25720), '2015': np.int64(25729), '2016': np.int64(25834), '2017': np.int64(25554), '2018': np.int64(25380), '2019': np.int64(25248)}"
SandhurstSD,Medium,South East,Residential,Low Deprivation,Larger non-coastal towns,"{'2001': np.int64(20752), '2002': np.int64(20556), '2003': np.int64(20583), '2004': np.int64(20457), '2005': np.int64(20336), '2006': np.int64(20559), '2007': np.int64(20703), '2008': np.int64(20661), '2009': np.int64(20663), '2010': np.int64(20788), '2011': np.int64(20851), '2012': np.int64(20883), '2013': np.int64(20878), '2014': np.int64(21005), '2015': np.int64(20750), '2016': np.int64(20718), '2017': np.int64(20758), '2018': np.int64(20651), '2019': np.int64(20590)}"
St AustellSD,Medium,South West,Mixed,High Deprivation,Larger other coastal towns ,"{'2001': np.int64(21110), '2002': np.int64(21617), '2003': np.int64(22123), '2004': np.int64(22207), '2005': np.int64(22382), '2006': np.int64(22527), '2007': np.int64(23085), '2008': np.int64(23308), '2009': np.int64(23442), '2010': np.int64(23826), '2011': np.int64(23900), '2012': np.int64(24248), '2013': np.int64(24670), '2014': np.int64(24898), '2015': np.int64(25192), '2016': np.int64(25532), '2017': np.int64(25663), '2018': np.int64(25840), '2019': np.int64(26037)}"
SwallownestSD,Small,Yorkshire and The Humber,Residential,High Deprivation,Smaller non-coastal towns ,"{'2001': np.int64(13898), '2002': np.int64(14233), '2003': np.int64(14329), '2004': np.int64(14612), '2005': np.int64(14685), '2006': np.int64(14743), '2007': np.int64(14820), '2008': np.int64(14786), '2009': np.int64(14789), '2010': np.int64(14809), '2011': np.int64(15066), '2012': np.int64(15097), '2013': np.int64(15155), '2014': np.int64(15201), '2015': np.int64(15134), '2016': np.int64(15194), '2017': np.int64(15189), '2018': np.int64(15142), '2019': np.int64(15166)}"
Dudley (Dudley)SD,Large,West Midlands,Working,High Deprivation,Larger non-coastal towns,"{'2001': np.int64(73730), '2002': np.int64(74562), '2003': np.int64(74634), '2004': np.int64(75413), '2005': np.int64(76120), '2006': np.int64(76979), '2007': np.int64(77344), '2008': np.int64(77884), '2009': np.int64(78406), '2010': np.int64(78989), '2011': np.int64(79609), '2012': np.int64(80334), '2013': np.int64(80644), '2014': np.int64(81640), '2015': np.int64(82190), '2016': np.int64(82678), '2017': np.int64(83608), '2018': np.int64(83980), '2019': np.int64(84813)}"
Great HarwoodSD,Small,North West,Residential,High Deprivation,Smaller non-coastal towns ,"{'2001': np.int64(11220), '2002': np.int64(11214), '2003': np.int64(11219), '2004': np.int64(11214), '2005': np.int64(11197), '2006': np.int64(11159), '2007': np.int64(11090), '2008': np.int64(10956), '2009': np.int64(10885), '2010': np.int64(10768), '2011': np.int64(10786), '2012': np.int64(10819), '2013': np.int64(10861), '2014': np.int64(10861), '2015': np.int64(10894), '2016': np.int64(10870), '2017': np.int64(10851), '2018': np.int64(10890), '2019': np.int64(10990)}"
GrobySD,Small,East Midlands,Residential,Low Deprivation,Smaller non-coastal towns ,"{'2001': np.int64(6751), '2002': np.int64(6810), '2003': np.int64(6813), '2004': np.int64(6818), '2005': np.int64(6788), '2006': np.int64(6798), '2007': np.int64(6740), '2008': np.int64(6756), '2009': np.int64(6797), '2010': np.int64(6804), '2011': np.int64(6793), '2012': np.int64(6891), '2013': np.int64(6828), '2014': np.int64(6840), '2015': np.int64(6792), '2016': np.int64(6754), '2017': np.int64(6793), '2018': np.int64(6823), '2019': np.int64(6844)}"
KnottingleySD,Small,Yorkshire and The Humber,Working,High Deprivation,Smaller non-coastal towns ,"{'2001': np.int64(13880), '2002': np.int64(13745), '2003': np.int64(13697), '2004': np.int64(13658), '2005': np.int64(13665), '2006': np.int64(13645), '2007': np.int64(13599), '2008': np.int64(13522), '2009': np.int64(13736), '2010': np.int64(13825), '2011': np.int64(14003), '2012': np.int64(14006), '2013': np.int64(14029), '2014': np.int64(14128), '2015': np.int64(14252), '2016': np.int64(14351), '2017': np.int64(14516), '2018': np.int64(14469), '2019': np.int64(14569)}"
CullomptonSD,Small,South West,Mixed,Low Deprivation,Smaller non-coastal towns ,"{'2001': np.int64(6692), '2002': np.int64(6954), '2003': np.int64(6940), '2004': np.int64(6993), '2005': np.int64(6979), '2006': np.int64(7031), '2007': np.int64(7160), '2008': np.int64(7263), '2009': np.int64(7257), '2010': np.int64(7362), '2011': np.int64(7476), '2012': np.int64(7515), '2013': np.int64(7800), '2014': np.int64(7944), '2015': np.int64(7985), '2016': np.int64(8020), '2017': np.int64(8271), '2018': np.int64(8368), '2019': np.int64(8407)}"
WednesfieldSD,Medium,West Midlands,Mixed,High Deprivation,Larger non-coastal towns,"{'2001': np.int64(25278), '2002': np.int64(25206), '2003': np.int64(25243), '2004': np.int64(25267), '2005': np.int64(25314), '2006': np.int64(25456), '2007': np.int64(25449), '2008': np.int64(25392), '2009': np.int64(25270), '2010': np.int64(25126), '2011': np.int64(25294), '2012': np.int64(25180), '2013': np.int64(25207), '2014': np.int64(25067), '2015': np.int64(25271), '2016': np.int64(25397), '2017': np.int64(25422), '2018': np.int64(25357), '2019': np.int64(25374)}"
WaterbeachSD,Small,East of England,Working,Low Deprivation,Smaller non-coastal towns ,"{'2001': np.int64(4446), '2002': np.int64(4555), '2003': np.int64(4674), '2004': np.int64(4754), '2005': np.int64(4895), '2006': np.int64(4926), '2007': np.int64(4998), '2008': np.int64(5107), '2009': np.int64(5082), '2010': np.int64(5191), '2011': np.int64(5439), '2012': np.int64(5131), '2013': np.int64(4311), '2014': np.int64(4508), '2015': np.int64(4790), '2016': np.int64(4872), '2017': np.int64(5002), '2018': np.int64(5251), '2019': np.int64(5480)}"
Ince-in-MakerfieldSD,Small,North West,Mixed,High Deprivation,Smaller non-coastal towns ,"{'2001': np.int64(10759), '2002': np.int64(10681), '2003': np.int64(10551), '2004': np.int64(10628), '2005': np.int64(10797), '2006': np.int64(10977), '2007': np.int64(11155), '2008': np.int64(11482), '2009': np.int64(11768), '2010': np.int64(12030), '2011': np.int64(12283), '2012': np.int64(12498), '2013': np.int64(12491), '2014': np.int64(12622), '2015': np.int64(12696), '2016': np.int64(12765), '2017': np.int64(12964), '2018': np.int64(13016), '2019': np.int64(12982)}"
SalfordSD,Large,North West,Working,High Deprivation,Larger non-coastal towns,"{'2001': np.int64(89217), '2002': np.int64(89441), '2003': np.int64(89971), '2004': np.int64(90549), '2005': np.int64(91896), '2006': np.int64(93251), '2007': np.int64(93911), '2008': np.int64(96093), '2009': np.int64(98280), '2010': np.int64(101452), '2011': np.int64(104372), '2012': np.int64(105992), '2013': np.int64(107408), '2014': np.int64(108905), '2015': np.int64(111843), '2016': np.int64(113735), '2017': np.int64(116361), '2018': np.int64(118894), '2019': np.int64(122657)}"
HalifaxSD,Large,Yorkshire and The Humber,Working,High Deprivation,Larger non-coastal towns,"{'2001': np.int64(83483), '2002': np.int64(83874), '2003': np.int64(84009), '2004': np.int64(83862), '2005': np.int64(84538), '2006': np.int64(85238), '2007': np.int64(85949), '2008': np.int64(86783), '2009': np.int64(87586), '2010': np.int64(87891), '2011': np.int64(88414), '2012': np.int64(89061), '2013': np.int64(89705), '2014': np.int64(90130), '2015': np.int64(90261), '2016': np.int64(90993), '2017': np.int64(91338), '2018': np.int64(91938), '2019': np.int64(92923)}"
CrowthorneSD,Small,South East,Working,Low Deprivation,Smaller non-coastal towns ,"{'2001': np.int64(14203), '2002': np.int64(14064), '2003': np.int64(14004), '2004': np.int64(14078), '2005': np.int64(14187), '2006': np.int64(14356), '2007': np.int64(14359), '2008': np.int64(14365), '2009': np.int64(14386), '2010': np.int64(14343), '2011': np.int64(14238), '2012': np.int64(14421), '2013': np.int64(14461), '2014': np.int64(14432), '2015': np.int64(14561), '2016': np.int64(14663), '2017': np.int64(14292), '2018': np.int64(14607), '2019': np.int64(14790)}"
BromsgroveSD,Medium,West Midlands,Working,Middle Deprivation,Larger non-coastal towns,"{'2001': np.int64(29740), '2002': np.int64(30702), '2003': np.int64(31566), '2004': np.int64(31868), '2005': np.int64(32146), '2006': np.int64(32593), '2007': np.int64(32985), '2008': np.int64(33314), '2009': np.int64(33410), '2010': np.int64(33498), '2011': np.int64(33544), '2012': np.int64(34003), '2013': np.int64(34395), '2014': np.int64(34645), '2015': np.int64(34641), '2016': np.int64(34835), '2017': np.int64(35193), '2018': np.int64(35653), '2019': np.int64(36215)}"
St BlazeySD,Small,South West,Residential,High Deprivation,Smaller other coastal towns,"{'2001': np.int64(9579), '2002': np.int64(9652), '2003': np.int64(9708), '2004': np.int64(9812), '2005': np.int64(9894), '2006': np.int64(9901), '2007': np.int64(9974), '2008': np.int64(9908), '2009': np.int64(9886), '2010': np.int64(9849), '2011': np.int64(9969), '2012': np.int64(9975), '2013': np.int64(9944), '2014': np.int64(10110), '2015': np.int64(10235), '2016': np.int64(10326), '2017': np.int64(10397), '2018': np.int64(10372), '2019': np.int64(10263)}"
GatleySD,Medium,North West,Mixed,Low Deprivation,Larger non-coastal towns,"{'2001': np.int64(20542), '2002': np.int64(20721), '2003': np.int64(20777), '2004': np.int64(20852), '2005': np.int64(20746), '2006': np.int64(20666), '2007': np.int64(20672), '2008': np.int64(20712), '2009': np.int64(20825), '2010': np.int64(20824), '2011': np.int64(20969), '2012': np.int64(21054), '2013': np.int64(21214), '2014': np.int64(21356), '2015': np.int64(21487), '2016': np.int64(21516), '2017': np.int64(21482), '2018': np.int64(21600), '2019': np.int64(21627)}"
BloxwichSD,Medium,West Midlands,Residential,High Deprivation,Larger non-coastal towns,"{'2001': np.int64(47150), '2002': np.int64(46811), '2003': np.int64(46716), '2004': np.int64(46892), '2005': np.int64(46889), '2006': np.int64(46898), '2007': np.int64(46750), '2008': np.int64(46752), '2009': np.int64(46659), '2010': np.int64(46869), '2011': np.int64(47313), '2012': np.int64(47461), '2013': np.int64(48033), '2014': np.int64(49016), '2015': np.int64(49674), '2016': np.int64(50479), '2017': np.int64(51135), '2018': np.int64(51724), '2019': np.int64(52240)}"
PickeringSD,Small,Yorkshire and The Humber,Working,Middle Deprivation,Smaller non-coastal towns ,"{'2001': np.int64(6536), '2002': np.int64(6550), '2003': np.int64(6598), '2004': np.int64(6773), '2005': np.int64(6725), '2006': np.int64(6699), '2007': np.int64(6659), '2008': np.int64(6641), '2009': np.int64(6606), '2010': np.int64(6551), '2011': np.int64(6590), '2012': np.int64(6612), '2013': np.int64(6716), '2014': np.int64(6834), '2015': np.int64(6873), '2016': np.int64(6918), '2017': np.int64(7007), '2018': np.int64(7004), '2019': np.int64(6982)}"
Woburn SandsSD,Small,South East,Mixed,Low Deprivation,Smaller non-coastal towns ,"{'2001': np.int64(5295), '2002': np.int64(5413), '2003': np.int64(5440), '2004': np.int64(5401), '2005': np.int64(5458), '2006': np.int64(5496), '2007': np.int64(5594), '2008': np.int64(5707), '2009': np.int64(5825), '2010': np.int64(5946), '2011': np.int64(5962), '2012': np.int64(6011), '2013': np.int64(6129), '2014': np.int64(6276), '2015': np.int64(6321), '2016': np.int64(6466), '2017': np.int64(6484), '2018': np.int64(6571), '2019': np.int64(6605)}"
HeathfieldSD,Small,South East,Mixed,Low Deprivation,Smaller non-coastal towns ,"{'2001': np.int64(7324), '2002': np.int64(7369), '2003': np.int64(7471), '2004': np.int64(7488), '2005': np.int64(7475), '2006': np.int64(7473), '2007': np.int64(7539), '2008': np.int64(7608), '2009': np.int64(7605), '2010': np.int64(7736), '2011': np.int64(7772), '2012': np.int64(7801), '2013': np.int64(7824), '2014': np.int64(7871), '2015': np.int64(7893), '2016': np.int64(8031), '2017': np.int64(8066), '2018': np.int64(8173), '2019': np.int64(8153)}"
EuxtonSD,Small,North West,Mixed,Low Deprivation,Smaller non-coastal towns ,"{'2001': np.int64(7693), '2002': np.int64(7896), '2003': np.int64(7945), '2004': np.int64(8097), '2005': np.int64(8035), '2006': np.int64(8107), '2007': np.int64(8146), '2008': np.int64(8147), '2009': np.int64(8154), '2010': np.int64(8135), '2011': np.int64(8122), '2012': np.int64(8027), '2013': np.int64(7990), '2014': np.int64(8030), '2015': np.int64(8000), '2016': np.int64(7947), '2017': np.int64(7892), '2018': np.int64(7872), '2019': np.int64(8008)}"
WestonSD,Small,South West,Residential,High Deprivation,Smaller seaside towns ,"{'2001': np.int64(6047), '2002': np.int64(6025), '2003': np.int64(6027), '2004': np.int64(6097), '2005': np.int64(6059), '2006': np.int64(6024), '2007': np.int64(5989), '2008': np.int64(6091), '2009': np.int64(6029), '2010': np.int64(6060), '2011': np.int64(6073), '2012': np.int64(6087), '2013': np.int64(6133), '2014': np.int64(6110), '2015': np.int64(6134), '2016': np.int64(6189), '2017': np.int64(6218), '2018': np.int64(6228), '2019': np.int64(6232)}"
KingswinfordSD,Medium,West Midlands,Mixed,High Deprivation,Larger non-coastal towns,"{'2001': np.int64(51266), '2002': np.int64(51327), '2003': np.int64(51087), '2004': np.int64(51063), '2005': np.int64(50987), '2006': np.int64(51043), '2007': np.int64(50935), '2008': np.int64(50796), '2009': np.int64(50752), '2010': np.int64(50848), '2011': np.int64(50754), '2012': np.int64(50654), '2013': np.int64(50922), '2014': np.int64(50855), '2015': np.int64(50689), '2016': np.int64(50839), '2017': np.int64(50888), '2018': np.int64(51010), '2019': np.int64(51099)}"
UckfieldSD,Small,South East,Mixed,Low Deprivation,Smaller non-coastal towns ,"{'2001': np.int64(14353), '2002': np.int64(14336), '2003': np.int64(14329), '2004': np.int64(14534), '2005': np.int64(14677), '2006': np.int64(14855), '2007': np.int64(14834), '2008': np.int64(14777), '2009': np.int64(14850), '2010': np.int64(15047), '2011': np.int64(15281), '2012': np.int64(15529), '2013': np.int64(15925), '2014': np.int64(16246), '2015': np.int64(16215), '2016': np.int64(16280), '2017': np.int64(16287), '2018': np.int64(16351), '2019': np.int64(16187)}"
WellsSD,Small,South West,Working,Middle Deprivation,Smaller non-coastal towns ,"{'2001': np.int64(10401), '2002': np.int64(10615), '2003': np.int64(10601), '2004': np.int64(10657), '2005': np.int64(10543), '2006': np.int64(10529), '2007': np.int64(10524), '2008': np.int64(10641), '2009': np.int64(10496), '2010': np.int64(10504), '2011': np.int64(10516), '2012': np.int64(10530), '2013': np.int64(10506), '2014': np.int64(10550), '2015': np.int64(10770), '2016': np.int64(11022), '2017': np.int64(11035), '2018': np.int64(11281), '2019': np.int64(11244)}"
Hetton-le-HoleSD,Small,North East,Residential,High Deprivation,Smaller non-coastal towns ,"{'2001': np.int64(12967), '2002': np.int64(12839), '2003': np.int64(12695), '2004': np.int64(12657), '2005': np.int64(12677), '2006': np.int64(12665), '2007': np.int64(12489), '2008': np.int64(12352), '2009': np.int64(12239), '2010': np.int64(12133), '2011': np.int64(12115), '2012': np.int64(12121), '2013': np.int64(12228), '2014': np.int64(12325), '2015': np.int64(12303), '2016': np.int64(12414), '2017': np.int64(12406), '2018': np.int64(12485), '2019': np.int64(12685)}"
TrowbridgeSD,Medium,South West,Mixed,Middle Deprivation,Larger non-coastal towns,"{'2001': np.int64(33102), '2002': np.int64(34483), '2003': np.int64(35234), '2004': np.int64(35806), '2005': np.int64(36270), '2006': np.int64(36900), '2007': np.int64(37535), '2008': np.int64(38248), '2009': np.int64(38614), '2010': np.int64(38893), '2011': np.int64(39595), '2012': np.int64(39901), '2013': np.int64(40580), '2014': np.int64(41501), '2015': np.int64(42257), '2016': np.int64(43079), '2017': np.int64(43362), '2018': np.int64(43406), '2019': np.int64(43451)}"
RedhillSD,Medium,South East,Working,Low Deprivation,Larger non-coastal towns,"{'2001': np.int64(29754), '2002': np.int64(29509), '2003': np.int64(29538), '2004': np.int64(29765), '2005': np.int64(29958), '2006': np.int64(30425), '2007': np.int64(31125), '2008': np.int64(31842), '2009': np.int64(32933), '2010': np.int64(33908), '2011': np.int64(34727), '2012': np.int64(35203), '2013': np.int64(35683), '2014': np.int64(36656), '2015': np.int64(36823), '2016': np.int64(37252), '2017': np.int64(37383), '2018': np.int64(37445), '2019': np.int64(37818)}"
AddlestoneSD,Small,South East,Mixed,Low Deprivation,Smaller non-coastal towns ,"{'2001': np.int64(15052), '2002': np.int64(15180), '2003': np.int64(15224), '2004': np.int64(14978), '2005': np.int64(15001), '2006': np.int64(15017), '2007': np.int64(15408), '2008': np.int64(15577), '2009': np.int64(15629), '2010': np.int64(15709), '2011': np.int64(15912), '2012': np.int64(16017), '2013': np.int64(16280), '2014': np.int64(16577), '2015': np.int64(17098), '2016': np.int64(17394), '2017': np.int64(17740), '2018': np.int64(17792), '2019': np.int64(18084)}"
HaydockSD,Small,North West,Working,High Deprivation,Smaller non-coastal towns ,"{'2001': np.int64(17222), '2002': np.int64(17193), '2003': np.int64(17142), '2004': np.int64(17027), '2005': np.int64(16876), '2006': np.int64(16814), '2007': np.int64(16702), '2008': np.int64(16639), '2009': np.int64(16652), '2010': np.int64(16555), '2011': np.int64(16525), '2012': np.int64(16545), '2013': np.int64(16503), '2014': np.int64(16584), '2015': np.int64(16574), '2016': np.int64(16587), '2017': np.int64(16574), '2018': np.int64(16458), '2019': np.int64(16340)}"
ColefordSD,Small,South West,Working,High Deprivation,Smaller non-coastal towns ,"{'2001': np.int64(5130), '2002': np.int64(5090), '2003': np.int64(5104), '2004': np.int64(5039), '2005': np.int64(5036), '2006': np.int64(5219), '2007': np.int64(5229), '2008': np.int64(5091), '2009': np.int64(5121), '2010': np.int64(5129), '2011': np.int64(5098), '2012': np.int64(5093), '2013': np.int64(5242), '2014': np.int64(5354), '2015': np.int64(5366), '2016': np.int64(5451), '2017': np.int64(5432), '2018': np.int64(5541), '2019': np.int64(5573)}"
SmethwickSD,Medium,West Midlands,Mixed,High Deprivation,Larger non-coastal towns,"{'2001': np.int64(43346), '2002': np.int64(44056), '2003': np.int64(44299), '2004': np.int64(44729), '2005': np.int64(44950), '2006': np.int64(45664), '2007': np.int64(45963), '2008': np.int64(46683), '2009': np.int64(47378), '2010': np.int64(48583), '2011': np.int64(49060), '2012': np.int64(49356), '2013': np.int64(49718), '2014': np.int64(50001), '2015': np.int64(50925), '2016': np.int64(51969), '2017': np.int64(52841), '2018': np.int64(53047), '2019': np.int64(53663)}"
Sutton in AshfieldSD,Medium,East Midlands,Working,High Deprivation,Larger non-coastal towns,"{'2001': np.int64(42421), '2002': np.int64(43015), '2003': np.int64(43432), '2004': np.int64(43850), '2005': np.int64(44476), '2006': np.int64(44844), '2007': np.int64(45299), '2008': np.int64(45377), '2009': np.int64(45495), '2010': np.int64(45639), '2011': np.int64(45827), '2012': np.int64(46124), '2013': np.int64(46525), '2014': np.int64(46938), '2015': np.int64(47376), '2016': np.int64(47728), '2017': np.int64(48137), '2018': np.int64(48359), '2019': np.int64(48527)}"
KidlingtonSD,Small,South East,Working,Low Deprivation,Smaller non-coastal towns ,"{'2001': np.int64(15071), '2002': np.int64(14870), '2003': np.int64(14838), '2004': np.int64(14761), '2005': np.int64(14772), '2006': np.int64(14890), '2007': np.int64(14911), '2008': np.int64(14933), '2009': np.int64(14900), '2010': np.int64(14977), '2011': np.int64(15075), '2012': np.int64(14978), '2013': np.int64(15067), '2014': np.int64(15313), '2015': np.int64(15279), '2016': np.int64(15207), '2017': np.int64(15277), '2018': np.int64(15343), '2019': np.int64(15235)}"
ChigwellSD,Small,East of England,Residential,Low Deprivation,Smaller non-coastal towns ,"{'2001': np.int64(9874), '2002': np.int64(9927), '2003': np.int64(9907), '2004': np.int64(9896), '2005': np.int64(9979), '2006': np.int64(10032), '2007': np.int64(10158), '2008': np.int64(10099), '2009': np.int64(10161), '2010': np.int64(10150), '2011': np.int64(10398), '2012': np.int64(10448), '2013': np.int64(10501), '2014': np.int64(10643), '2015': np.int64(10869), '2016': np.int64(10887), '2017': np.int64(11034), '2018': np.int64(11038), '2019': np.int64(11025)}"
OssettSD,Medium,Yorkshire and The Humber,Mixed,Middle Deprivation,Larger non-coastal towns,"{'2001': np.int64(21207), '2002': np.int64(20972), '2003': np.int64(20953), '2004': np.int64(20768), '2005': np.int64(20817), '2006': np.int64(20931), '2007': np.int64(21004), '2008': np.int64(21060), '2009': np.int64(21139), '2010': np.int64(21328), '2011': np.int64(21261), '2012': np.int64(21301), '2013': np.int64(21510), '2014': np.int64(21622), '2015': np.int64(21657), '2016': np.int64(21691), '2017': np.int64(21871), '2018': np.int64(22066), '2019': np.int64(22005)}"
Mansfield WoodhouseSD,Small,East Midlands,Residential,High Deprivation,Smaller non-coastal towns ,"{'2001': np.int64(17712), '2002': np.int64(17648), '2003': np.int64(17757), '2004': np.int64(17820), '2005': np.int64(17982), '2006': np.int64(18082), '2007': np.int64(18238), '2008': np.int64(18330), '2009': np.int64(18400), '2010': np.int64(18435), '2011': np.int64(18562), '2012': np.int64(18513), '2013': np.int64(18633), '2014': np.int64(18681), '2015': np.int64(18638), '2016': np.int64(18658), '2017': np.int64(18682), '2018': np.int64(18652), '2019': np.int64(18713)}"
Southend-on-SeaSD,Large,East of England,Mixed,High Deprivation,Larger seaside towns,"{'2001': np.int64(162112), '2002': np.int64(162929), '2003': np.int64(163212), '2004': np.int64(163276), '2005': np.int64(164431), '2006': np.int64(165630), '2007': np.int64(167261), '2008': np.int64(170027), '2009': np.int64(171864), '2010': np.int64(173965), '2011': np.int64(176165), '2012': np.int64(176951), '2013': np.int64(178211), '2014': np.int64(180327), '2015': np.int64(181182), '2016': np.int64(182582), '2017': np.int64(183809), '2018': np.int64(184437), '2019': np.int64(185111)}"
Brierley HillSD,Medium,West Midlands,Working,High Deprivation,Larger non-coastal towns,"{'2001': np.int64(30416), '2002': np.int64(30271), '2003': np.int64(30260), '2004': np.int64(30239), '2005': np.int64(30368), '2006': np.int64(30512), '2007': np.int64(30586), '2008': np.int64(31030), '2009': np.int64(31183), '2010': np.int64(31289), '2011': np.int64(31565), '2012': np.int64(31721), '2013': np.int64(31760), '2014': np.int64(31718), '2015': np.int64(31674), '2016': np.int64(31566), '2017': np.int64(31814), '2018': np.int64(31991), '2019': np.int64(32149)}"
WallaseySD,Medium,North West,Residential,High Deprivation,Larger other coastal towns ,"{'2001': np.int64(58922), '2002': np.int64(59035), '2003': np.int64(59285), '2004': np.int64(58897), '2005': np.int64(58892), '2006': np.int64(59105), '2007': np.int64(59248), '2008': np.int64(59474), '2009': np.int64(59860), '2010': np.int64(59998), '2011': np.int64(60286), '2012': np.int64(60455), '2013': np.int64(60481), '2014': np.int64(60548), '2015': np.int64(60678), '2016': np.int64(60847), '2017': np.int64(61034), '2018': np.int64(60874), '2019': np.int64(60866)}"
HarwichSD,Small,East of England,Residential,High Deprivation,Smaller other coastal towns,"{'2001': np.int64(19369), '2002': np.int64(19836), '2003': np.int64(20121), '2004': np.int64(20006), '2005': np.int64(20133), '2006': np.int64(20202), '2007': np.int64(20093), '2008': np.int64(20154), '2009': np.int64(19964), '2010': np.int64(19811), '2011': np.int64(19733), '2012': np.int64(19918), '2013': np.int64(20053), '2014': np.int64(20308), '2015': np.int64(20556), '2016': np.int64(20620), '2017': np.int64(20864), '2018': np.int64(21054), '2019': np.int64(21041)}"
Barrow upon SoarSD,Small,East Midlands,Residential,Low Deprivation,Smaller non-coastal towns ,"{'2001': np.int64(5104), '2002': np.int64(5114), '2003': np.int64(5182), '2004': np.int64(5227), '2005': np.int64(5214), '2006': np.int64(5212), '2007': np.int64(5325), '2008': np.int64(5501), '2009': np.int64(5646), '2010': np.int64(5765), '2011': np.int64(5970), '2012': np.int64(6158), '2013': np.int64(6365), '2014': np.int64(6453), '2015': np.int64(6497), '2016': np.int64(6513), '2017': np.int64(6557), '2018': np.int64(6654), '2019': np.int64(6898)}"
KendalSD,Medium,North West,Working,Low Deprivation,Larger non-coastal towns,"{'2001': np.int64(27556), '2002': np.int64(27707), '2003': np.int64(27835), '2004': np.int64(28020), '2005': np.int64(28179), '2006': np.int64(28237), '2007': np.int64(28436), '2008': np.int64(28439), '2009': np.int64(28520), '2010': np.int64(28523), '2011': np.int64(28653), '2012': np.int64(28754), '2013': np.int64(28906), '2014': np.int64(28874), '2015': np.int64(29066), '2016': np.int64(29134), '2017': np.int64(29385), '2018': np.int64(29604), '2019': np.int64(29672)}"
South ShieldsSD,Large,North East,Residential,High Deprivation,Larger other coastal towns ,"{'2001': np.int64(78070), '2002': np.int64(77752), '2003': np.int64(77331), '2004': np.int64(76653), '2005': np.int64(76411), '2006': np.int64(76021), '2007': np.int64(75845), '2008': np.int64(75833), '2009': np.int64(75720), '2010': np.int64(75637), '2011': np.int64(75354), '2012': np.int64(75522), '2013': np.int64(75717), '2014': np.int64(75738), '2015': np.int64(75621), '2016': np.int64(76058), '2017': np.int64(76498), '2018': np.int64(76658), '2019': np.int64(76862)}"
CorshamSD,Small,South West,Working,Low Deprivation,Smaller non-coastal towns ,"{'2001': np.int64(11245), '2002': np.int64(11374), '2003': np.int64(11376), '2004': np.int64(11398), '2005': np.int64(11695), '2006': np.int64(12082), '2007': np.int64(12726), '2008': np.int64(13152), '2009': np.int64(13372), '2010': np.int64(13409), '2011': np.int64(13552), '2012': np.int64(13649), '2013': np.int64(13684), '2014': np.int64(13589), '2015': np.int64(13703), '2016': np.int64(13757), '2017': np.int64(13685), '2018': np.int64(13732), '2019': np.int64(13978)}"
MirfieldSD,Small,Yorkshire and The Humber,Residential,Middle Deprivation,Smaller non-coastal towns ,"{'2001': np.int64(18352), '2002': np.int64(18564), '2003': np.int64(18637), '2004': np.int64(18683), '2005': np.int64(18738), '2006': np.int64(18831), '2007': np.int64(18977), '2008': np.int64(18950), '2009': np.int64(19085), '2010': np.int64(19111), '2011': np.int64(19324), '2012': np.int64(19340), '2013': np.int64(19544), '2014': np.int64(19662), '2015': np.int64(19643), '2016': np.int64(19820), '2017': np.int64(19815), '2018': np.int64(19781), '2019': np.int64(19780)}"
CoppullSD,Small,North West,Residential,High Deprivation,Smaller non-coastal towns ,"{'2001': np.int64(7666), '2002': np.int64(7594), '2003': np.int64(7790), '2004': np.int64(7948), '2005': np.int64(8038), '2006': np.int64(7978), '2007': np.int64(7945), '2008': np.int64(7903), '2009': np.int64(7910), '2010': np.int64(7945), '2011': np.int64(7955), '2012': np.int64(7989), '2013': np.int64(8018), '2014': np.int64(7982), '2015': np.int64(8038), '2016': np.int64(8039), '2017': np.int64(8189), '2018': np.int64(8265), '2019': np.int64(8370)}"
NorwichSD,Large,East of England,Working,High Deprivation,Larger non-coastal towns,"{'2001': np.int64(174913), '2002': np.int64(174905), '2003': np.int64(175831), '2004': np.int64(176885), '2005': np.int64(178904), '2006': np.int64(180215), '2007': np.int64(180447), '2008': np.int64(181453), '2009': np.int64(182911), '2010': np.int64(184828), '2011': np.int64(186420), '2012': np.int64(188435), '2013': np.int64(189886), '2014': np.int64(191744), '2015': np.int64(193227), '2016': np.int64(194963), '2017': np.int64(195761), '2018': np.int64(197013), '2019': np.int64(197212)}"
Higham FerrersSD,Small,East Midlands,Residential,Low Deprivation,Smaller non-coastal towns ,"{'2001': np.int64(6180), '2002': np.int64(6331), '2003': np.int64(6572), '2004': np.int64(6859), '2005': np.int64(7136), '2006': np.int64(7371), '2007': np.int64(7692), '2008': np.int64(7864), '2009': np.int64(7917), '2010': np.int64(7962), '2011': np.int64(8099), '2012': np.int64(8203), '2013': np.int64(8359), '2014': np.int64(8407), '2015': np.int64(8473), '2016': np.int64(8635), '2017': np.int64(8878), '2018': np.int64(9012), '2019': np.int64(9015)}"
Norton-on-DerwentSD,Small,Yorkshire and The Humber,Working,Middle Deprivation,Smaller non-coastal towns ,"{'2001': np.int64(6589), '2002': np.int64(6680), '2003': np.int64(6665), '2004': np.int64(6639), '2005': np.int64(6676), '2006': np.int64(6681), '2007': np.int64(6774), '2008': np.int64(6869), '2009': np.int64(6963), '2010': np.int64(7027), '2011': np.int64(7101), '2012': np.int64(7184), '2013': np.int64(7287), '2014': np.int64(7400), '2015': np.int64(7717), '2016': np.int64(7880), '2017': np.int64(7908), '2018': np.int64(8030), '2019': np.int64(8077)}"
StourbridgeSD,Medium,West Midlands,Residential,High Deprivation,Larger non-coastal towns,"{'2001': np.int64(61912), '2002': np.int64(61953), '2003': np.int64(61467), '2004': np.int64(61668), '2005': np.int64(61747), '2006': np.int64(62025), '2007': np.int64(62557), '2008': np.int64(62907), '2009': np.int64(63168), '2010': np.int64(63337), '2011': np.int64(63309), '2012': np.int64(63176), '2013': np.int64(63229), '2014': np.int64(63211), '2015': np.int64(63216), '2016': np.int64(63734), '2017': np.int64(64246), '2018': np.int64(64665), '2019': np.int64(64931)}"
WesthoughtonSD,Medium,North West,Residential,Middle Deprivation,Larger non-coastal towns,"{'2001': np.int64(22102), '2002': np.int64(22423), '2003': np.int64(22535), '2004': np.int64(22581), '2005': np.int64(22709), '2006': np.int64(22854), '2007': np.int64(23227), '2008': np.int64(23625), '2009': np.int64(23821), '2010': np.int64(24037), '2011': np.int64(24122), '2012': np.int64(24186), '2013': np.int64(24263), '2014': np.int64(24244), '2015': np.int64(24238), '2016': np.int64(24252), '2017': np.int64(24116), '2018': np.int64(23903), '2019': np.int64(23840)}"
FelixstoweSD,Medium,East of England,Working,Middle Deprivation,Larger seaside towns,"{'2001': np.int64(23935), '2002': np.int64(23993), '2003': np.int64(24083), '2004': np.int64(23910), '2005': np.int64(23881), '2006': np.int64(23928), '2007': np.int64(24012), '2008': np.int64(24014), '2009': np.int64(23827), '2010': np.int64(23761), '2011': np.int64(23544), '2012': np.int64(23595), '2013': np.int64(23691), '2014': np.int64(23761), '2015': np.int64(23918), '2016': np.int64(24257), '2017': np.int64(24408), '2018': np.int64(24470), '2019': np.int64(24437)}"
YateSD,Medium,South West,Working,Low Deprivation,Larger non-coastal towns,"{'2001': np.int64(30500), '2002': np.int64(30403), '2003': np.int64(30235), '2004': np.int64(30372), '2005': np.int64(30373), '2006': np.int64(30496), '2007': np.int64(30504), '2008': np.int64(30385), '2009': np.int64(30188), '2010': np.int64(30084), '2011': np.int64(30037), '2012': np.int64(30218), '2013': np.int64(30436), '2014': np.int64(30528), '2015': np.int64(30634), '2016': np.int64(30651), '2017': np.int64(30626), '2018': np.int64(30671), '2019': np.int64(30397)}"
GoldthorpeSD,Small,Yorkshire and The Humber,Working,High Deprivation,Smaller non-coastal towns ,"{'2001': np.int64(6009), '2002': np.int64(5979), '2003': np.int64(6163), '2004': np.int64(6304), '2005': np.int64(6342), '2006': np.int64(6383), '2007': np.int64(6395), '2008': np.int64(6350), '2009': np.int64(6216), '2010': np.int64(6074), '2011': np.int64(6063), '2012': np.int64(6069), '2013': np.int64(6037), '2014': np.int64(6066), '2015': np.int64(6018), '2016': np.int64(6055), '2017': np.int64(6163), '2018': np.int64(6154), '2019': np.int64(6186)}"
WhitehavenSD,Medium,North West,Mixed,High Deprivation,Larger other coastal towns ,"{'2001': np.int64(23943), '2002': np.int64(23875), '2003': np.int64(23968), '2004': np.int64(23990), '2005': np.int64(23952), '2006': np.int64(24152), '2007': np.int64(24200), '2008': np.int64(24178), '2009': np.int64(24148), '2010': np.int64(24006), '2011': np.int64(23996), '2012': np.int64(23945), '2013': np.int64(23896), '2014': np.int64(23894), '2015': np.int64(23827), '2016': np.int64(23741), '2017': np.int64(23668), '2018': np.int64(23588), '2019': np.int64(23430)}"
BaildonSD,Small,Yorkshire and The Humber,Residential,Low Deprivation,Smaller non-coastal towns ,"{'2001': np.int64(15512), '2002': np.int64(15639), '2003': np.int64(15730), '2004': np.int64(15677), '2005': np.int64(15810), '2006': np.int64(15757), '2007': np.int64(15810), '2008': np.int64(15833), '2009': np.int64(15776), '2010': np.int64(15861), '2011': np.int64(15935), '2012': np.int64(15812), '2013': np.int64(15729), '2014': np.int64(15755), '2015': np.int64(15811), '2016': np.int64(15910), '2017': np.int64(15836), '2018': np.int64(15856), '2019': np.int64(15806)}"
SheffordSD,Small,East of England,Mixed,Low Deprivation,Smaller non-coastal towns ,"{'2001': np.int64(4982), '2002': np.int64(5237), '2003': np.int64(5244), '2004': np.int64(5368), '2005': np.int64(5430), '2006': np.int64(5560), '2007': np.int64(5610), '2008': np.int64(5640), '2009': np.int64(5600), '2010': np.int64(5763), '2011': np.int64(5968), '2012': np.int64(6146), '2013': np.int64(6215), '2014': np.int64(6378), '2015': np.int64(6669), '2016': np.int64(6754), '2017': np.int64(6824), '2018': np.int64(7055), '2019': np.int64(7130)}"
LeesSD,Small,North West,Residential,Middle Deprivation,Smaller non-coastal towns ,"{'2001': np.int64(12602), '2002': np.int64(12770), '2003': np.int64(12731), '2004': np.int64(12801), '2005': np.int64(12827), '2006': np.int64(12907), '2007': np.int64(12957), '2008': np.int64(12996), '2009': np.int64(13074), '2010': np.int64(12956), '2011': np.int64(13062), '2012': np.int64(13076), '2013': np.int64(13093), '2014': np.int64(13075), '2015': np.int64(13101), '2016': np.int64(13044), '2017': np.int64(12938), '2018': np.int64(12850), '2019': np.int64(12776)}"
SteyningSD,Small,South East,Residential,Low Deprivation,Smaller non-coastal towns ,"{'2001': np.int64(6364), '2002': np.int64(6350), '2003': np.int64(6413), '2004': np.int64(6285), '2005': np.int64(6312), '2006': np.int64(6410), '2007': np.int64(6382), '2008': np.int64(6479), '2009': np.int64(6511), '2010': np.int64(6534), '2011': np.int64(6544), '2012': np.int64(6498), '2013': np.int64(6487), '2014': np.int64(6528), '2015': np.int64(6492), '2016': np.int64(6523), '2017': np.int64(6506), '2018': np.int64(6574), '2019': np.int64(6512)}"
NuneatonSD,Large,West Midlands,Mixed,High Deprivation,Larger non-coastal towns,"{'2001': np.int64(83226), '2002': np.int64(83067), '2003': np.int64(83645), '2004': np.int64(83605), '2005': np.int64(83703), '2006': np.int64(84019), '2007': np.int64(84569), '2008': np.int64(85506), '2009': np.int64(85762), '2010': np.int64(86164), '2011': np.int64(86700), '2012': np.int64(87125), '2013': np.int64(87187), '2014': np.int64(87183), '2015': np.int64(87404), '2016': np.int64(88199), '2017': np.int64(89001), '2018': np.int64(89635), '2019': np.int64(90429)}"
WisbechSD,Medium,East of England,Working,High Deprivation,Larger non-coastal towns,"{'2001': np.int64(27973), '2002': np.int64(28183), '2003': np.int64(28690), '2004': np.int64(29184), '2005': np.int64(29308), '2006': np.int64(29837), '2007': np.int64(30471), '2008': np.int64(30660), '2009': np.int64(30989), '2010': np.int64(31354), '2011': np.int64(31639), '2012': np.int64(31741), '2013': np.int64(31960), '2014': np.int64(32369), '2015': np.int64(32938), '2016': np.int64(33698), '2017': np.int64(34250), '2018': np.int64(34403), '2019': np.int64(34655)}"
ChathamSD,Large,South East,Residential,High Deprivation,Larger non-coastal towns,"{'2001': np.int64(73907), '2002': np.int64(73934), '2003': np.int64(73653), '2004': np.int64(73684), '2005': np.int64(73711), '2006': np.int64(74045), '2007': np.int64(74782), '2008': np.int64(75607), '2009': np.int64(76337), '2010': np.int64(76900), '2011': np.int64(77086), '2012': np.int64(78079), '2013': np.int64(79249), '2014': np.int64(80254), '2015': np.int64(80400), '2016': np.int64(80434), '2017': np.int64(80039), '2018': np.int64(80557), '2019': np.int64(80820)}"
DukinfieldSD,Medium,North West,Working,High Deprivation,Larger non-coastal towns,"{'2001': np.int64(20534), '2002': np.int64(20696), '2003': np.int64(20625), '2004': np.int64(20357), '2005': np.int64(20347), '2006': np.int64(20451), '2007': np.int64(20587), '2008': np.int64(20780), '2009': np.int64(20923), '2010': np.int64(20916), '2011': np.int64(20932), '2012': np.int64(20877), '2013': np.int64(20883), '2014': np.int64(20958), '2015': np.int64(20922), '2016': np.int64(21099), '2017': np.int64(21139), '2018': np.int64(21194), '2019': np.int64(21310)}"
FalmouthSD,Medium,South West,Working,High Deprivation,Larger seaside towns,"{'2001': np.int64(21766), '2002': np.int64(21717), '2003': np.int64(21678), '2004': np.int64(21646), '2005': np.int64(21853), '2006': np.int64(22048), '2007': np.int64(22097), '2008': np.int64(22227), '2009': np.int64(22299), '2010': np.int64(22516), '2011': np.int64(22720), '2012': np.int64(22992), '2013': np.int64(23210), '2014': np.int64(23274), '2015': np.int64(23368), '2016': np.int64(23761), '2017': np.int64(23968), '2018': np.int64(24118), '2019': np.int64(23957)}"
How WoodSD,Small,East of England,Residential,Low Deprivation,Smaller non-coastal towns ,"{'2001': np.int64(6671), '2002': np.int64(6665), '2003': np.int64(6666), '2004': np.int64(6677), '2005': np.int64(6590), '2006': np.int64(6629), '2007': np.int64(6641), '2008': np.int64(6654), '2009': np.int64(6712), '2010': np.int64(6759), '2011': np.int64(6834), '2012': np.int64(6980), '2013': np.int64(6943), '2014': np.int64(6965), '2015': np.int64(6968), '2016': np.int64(7029), '2017': np.int64(6936), '2018': np.int64(6929), '2019': np.int64(6958)}"
FarnworthSD,Medium,North West,Working,High Deprivation,Larger non-coastal towns,"{'2001': np.int64(25853), '2002': np.int64(25971), '2003': np.int64(26267), '2004': np.int64(26140), '2005': np.int64(26177), '2006': np.int64(26150), '2007': np.int64(26149), '2008': np.int64(26438), '2009': np.int64(26526), '2010': np.int64(26656), '2011': np.int64(26997), '2012': np.int64(27198), '2013': np.int64(27331), '2014': np.int64(27527), '2015': np.int64(27687), '2016': np.int64(27779), '2017': np.int64(27855), '2018': np.int64(28056), '2019': np.int64(28384)}"
SawbridgeworthSD,Small,East of England,Residential,Low Deprivation,Smaller non-coastal towns ,"{'2001': np.int64(9461), '2002': np.int64(9383), '2003': np.int64(9418), '2004': np.int64(9329), '2005': np.int64(9354), '2006': np.int64(9402), '2007': np.int64(9438), '2008': np.int64(9543), '2009': np.int64(9591), '2010': np.int64(9747), '2011': np.int64(9832), '2012': np.int64(10122), '2013': np.int64(10265), '2014': np.int64(10473), '2015': np.int64(10577), '2016': np.int64(10686), '2017': np.int64(10607), '2018': np.int64(10629), '2019': np.int64(10579)}"
WhitstableSD,Medium,South East,Mixed,Low Deprivation,Larger seaside towns,"{'2001': np.int64(30223), '2002': np.int64(30566), '2003': np.int64(31095), '2004': np.int64(31202), '2005': np.int64(31332), '2006': np.int64(31203), '2007': np.int64(31367), '2008': np.int64(31577), '2009': np.int64(31665), '2010': np.int64(31938), '2011': np.int64(32021), '2012': np.int64(32241), '2013': np.int64(32581), '2014': np.int64(32887), '2015': np.int64(33342), '2016': np.int64(33454), '2017': np.int64(33505), '2018': np.int64(33239), '2019': np.int64(33236)}"
CleckheatonSD,Small,Yorkshire and The Humber,Working,High Deprivation,Smaller non-coastal towns ,"{'2001': np.int64(10451), '2002': np.int64(10555), '2003': np.int64(10553), '2004': np.int64(10436), '2005': np.int64(10573), '2006': np.int64(10852), '2007': np.int64(11169), '2008': np.int64(11324), '2009': np.int64(11380), '2010': np.int64(11454), '2011': np.int64(11655), '2012': np.int64(11596), '2013': np.int64(11795), '2014': np.int64(11897), '2015': np.int64(11911), '2016': np.int64(11864), '2017': np.int64(11901), '2018': np.int64(11951), '2019': np.int64(11983)}"
HalesowenSD,Medium,West Midlands,Mixed,High Deprivation,Larger non-coastal towns,"{'2001': np.int64(55891), '2002': np.int64(55689), '2003': np.int64(56408), '2004': np.int64(56333), '2005': np.int64(56510), '2006': np.int64(56517), '2007': np.int64(56767), '2008': np.int64(57265), '2009': np.int64(57530), '2010': np.int64(57790), '2011': np.int64(58172), '2012': np.int64(58053), '2013': np.int64(58351), '2014': np.int64(58601), '2015': np.int64(58925), '2016': np.int64(59348), '2017': np.int64(59299), '2018': np.int64(59577), '2019': np.int64(59669)}"
NailseaSD,Small,South West,Residential,Low Deprivation,Smaller non-coastal towns ,"{'2001': np.int64(16998), '2002': np.int64(16825), '2003': np.int64(16885), '2004': np.int64(16781), '2005': np.int64(16662), '2006': np.int64(16609), '2007': np.int64(16601), '2008': np.int64(16390), '2009': np.int64(16316), '2010': np.int64(16226), '2011': np.int64(16064), '2012': np.int64(15947), '2013': np.int64(15967), '2014': np.int64(15937), '2015': np.int64(15897), '2016': np.int64(15999), '2017': np.int64(16011), '2018': np.int64(15879), '2019': np.int64(15936)}"
Ashford (Spelthorne)SD,Medium,South East,Residential,Low Deprivation,Larger non-coastal towns,"{'2001': np.int64(26370), '2002': np.int64(26192), '2003': np.int64(26303), '2004': np.int64(26300), '2005': np.int64(26594), '2006': np.int64(26852), '2007': np.int64(27139), '2008': np.int64(27186), '2009': np.int64(27407), '2010': np.int64(27790), '2011': np.int64(28111), '2012': np.int64(28412), '2013': np.int64(28590), '2014': np.int64(28748), '2015': np.int64(28821), '2016': np.int64(28742), '2017': np.int64(28676), '2018': np.int64(28813), '2019': np.int64(28862)}"
Sutton ColdfieldSD,Large,West Midlands,Mixed,Low Deprivation,Larger non-coastal towns,"{'2001': np.int64(101923), '2002': np.int64(102889), '2003': np.int64(103702), '2004': np.int64(104407), '2005': np.int64(105199), '2006': np.int64(105742), '2007': np.int64(106444), '2008': np.int64(107172), '2009': np.int64(107395), '2010': np.int64(108034), '2011': np.int64(108718), '2012': np.int64(108810), '2013': np.int64(108641), '2014': np.int64(108847), '2015': np.int64(108275), '2016': np.int64(108416), '2017': np.int64(108330), '2018': np.int64(107732), '2019': np.int64(107531)}"
NorthwoodSD,Small,East of England,Working,Low Deprivation,Smaller non-coastal towns ,"{'2001': np.int64(5297), '2002': np.int64(5211), '2003': np.int64(5277), '2004': np.int64(5156), '2005': np.int64(5230), '2006': np.int64(5271), '2007': np.int64(5353), '2008': np.int64(5321), '2009': np.int64(5392), '2010': np.int64(5472), '2011': np.int64(5521), '2012': np.int64(5567), '2013': np.int64(5604), '2014': np.int64(5728), '2015': np.int64(5738), '2016': np.int64(5821), '2017': np.int64(5720), '2018': np.int64(5773), '2019': np.int64(5796)}"
Narborough/EnderbySD,Small,East Midlands,Working,Low Deprivation,Smaller non-coastal towns ,"{'2001': np.int64(12417), '2002': np.int64(12623), '2003': np.int64(12698), '2004': np.int64(12697), '2005': np.int64(12701), '2006': np.int64(12687), '2007': np.int64(12859), '2008': np.int64(12899), '2009': np.int64(12950), '2010': np.int64(12956), '2011': np.int64(13035), '2012': np.int64(13098), '2013': np.int64(13205), '2014': np.int64(13385), '2015': np.int64(13435), '2016': np.int64(13559), '2017': np.int64(13757), '2018': np.int64(13834), '2019': np.int64(14096)}"
Great NotleySD,Small,East of England,Mixed,Low Deprivation,Smaller non-coastal towns ,"{'2001': np.int64(5654), '2002': np.int64(6406), '2003': np.int64(7157), '2004': np.int64(7474), '2005': np.int64(7603), '2006': np.int64(7750), '2007': np.int64(7763), '2008': np.int64(7812), '2009': np.int64(7785), '2010': np.int64(7850), '2011': np.int64(7765), '2012': np.int64(7830), '2013': np.int64(7814), '2014': np.int64(7836), '2015': np.int64(7893), '2016': np.int64(7848), '2017': np.int64(7736), '2018': np.int64(7791), '2019': np.int64(7845)}"
North WingfieldSD,Small,East Midlands,Mixed,High Deprivation,Smaller non-coastal towns ,"{'2001': np.int64(8992), '2002': np.int64(8682), '2003': np.int64(8766), '2004': np.int64(8892), '2005': np.int64(8885), '2006': np.int64(8862), '2007': np.int64(8905), '2008': np.int64(9025), '2009': np.int64(9077), '2010': np.int64(9220), '2011': np.int64(9227), '2012': np.int64(9226), '2013': np.int64(9196), '2014': np.int64(9236), '2015': np.int64(9188), '2016': np.int64(9254), '2017': np.int64(9336), '2018': np.int64(9365), '2019': np.int64(9527)}"
BurnleySD,Large,North West,Working,High Deprivation,Larger non-coastal towns,"{'2001': np.int64(84149), '2002': np.int64(83425), '2003': np.int64(82805), '2004': np.int64(82466), '2005': np.int64(82202), '2006': np.int64(82199), '2007': np.int64(81743), '2008': np.int64(81787), '2009': np.int64(81497), '2010': np.int64(81361), '2011': np.int64(81535), '2012': np.int64(81687), '2013': np.int64(81403), '2014': np.int64(81693), '2015': np.int64(81832), '2016': np.int64(81984), '2017': np.int64(82149), '2018': np.int64(82967), '2019': np.int64(83364)}"
SohamSD,Small,East of England,Residential,Low Deprivation,Smaller non-coastal towns ,"{'2001': np.int64(7448), '2002': np.int64(7467), '2003': np.int64(7737), '2004': np.int64(7523), '2005': np.int64(7565), '2006': np.int64(7720), '2007': np.int64(8224), '2008': np.int64(8470), '2009': np.int64(8796), '2010': np.int64(9085), '2011': np.int64(9238), '2012': np.int64(9155), '2013': np.int64(9485), '2014': np.int64(9700), '2015': np.int64(10022), '2016': np.int64(10100), '2017': np.int64(10176), '2018': np.int64(10228), '2019': np.int64(10455)}"
HatfieldSD,Medium,East of England,Working,Low Deprivation,Larger non-coastal towns,"{'2001': np.int64(28095), '2002': np.int64(28717), '2003': np.int64(29871), '2004': np.int64(31740), '2005': np.int64(32860), '2006': np.int64(34145), '2007': np.int64(35333), '2008': np.int64(35587), '2009': np.int64(35789), '2010': np.int64(36831), '2011': np.int64(37629), '2012': np.int64(38194), '2013': np.int64(39307), '2014': np.int64(40202), '2015': np.int64(41587), '2016': np.int64(43708), '2017': np.int64(44821), '2018': np.int64(45361), '2019': np.int64(45390)}"
Burnham-on-SeaSD,Medium,South West,Mixed,High Deprivation,Larger seaside towns,"{'2001': np.int64(21449), '2002': np.int64(21915), '2003': np.int64(22314), '2004': np.int64(22452), '2005': np.int64(22543), '2006': np.int64(22635), '2007': np.int64(22923), '2008': np.int64(23043), '2009': np.int64(22961), '2010': np.int64(23121), '2011': np.int64(23358), '2012': np.int64(23195), '2013': np.int64(23344), '2014': np.int64(23680), '2015': np.int64(23792), '2016': np.int64(24036), '2017': np.int64(24065), '2018': np.int64(24016), '2019': np.int64(23948)}"
IngatestoneSD,Small,East of England,Residential,Low Deprivation,Smaller non-coastal towns ,"{'2001': np.int64(4942), '2002': np.int64(5049), '2003': np.int64(5052), '2004': np.int64(5051), '2005': np.int64(5041), '2006': np.int64(5083), '2007': np.int64(5192), '2008': np.int64(5248), '2009': np.int64(5246), '2010': np.int64(5327), '2011': np.int64(5365), '2012': np.int64(5379), '2013': np.int64(5466), '2014': np.int64(5546), '2015': np.int64(5472), '2016': np.int64(5510), '2017': np.int64(5487), '2018': np.int64(5517), '2019': np.int64(5565)}"
BingleySD,Medium,Yorkshire and The Humber,Residential,Middle Deprivation,Larger non-coastal towns,"{'2001': np.int64(19930), '2002': np.int64(20294), '2003': np.int64(20427), '2004': np.int64(20406), '2005': np.int64(20678), '2006': np.int64(20893), '2007': np.int64(21165), '2008': np.int64(21593), '2009': np.int64(21726), '2010': np.int64(22010), '2011': np.int64(22470), '2012': np.int64(22528), '2013': np.int64(22724), '2014': np.int64(22778), '2015': np.int64(22814), '2016': np.int64(22843), '2017': np.int64(22895), '2018': np.int64(22855), '2019': np.int64(22740)}"
BlackwaterSD,Small,South East,Working,Low Deprivation,Smaller non-coastal towns ,"{'2001': np.int64(7092), '2002': np.int64(7016), '2003': np.int64(7035), '2004': np.int64(7087), '2005': np.int64(7097), '2006': np.int64(7122), '2007': np.int64(7116), '2008': np.int64(7185), '2009': np.int64(7161), '2010': np.int64(7170), '2011': np.int64(7214), '2012': np.int64(7223), '2013': np.int64(7280), '2014': np.int64(7272), '2015': np.int64(7341), '2016': np.int64(7370), '2017': np.int64(7326), '2018': np.int64(7340), '2019': np.int64(7343)}"
CrosbySD,Medium,North West,Residential,High Deprivation,Larger other coastal towns ,"{'2001': np.int64(51817), '2002': np.int64(51239), '2003': np.int64(51133), '2004': np.int64(50733), '2005': np.int64(50372), '2006': np.int64(50200), '2007': np.int64(50063), '2008': np.int64(49919), '2009': np.int64(49991), '2010': np.int64(49981), '2011': np.int64(50048), '2012': np.int64(49989), '2013': np.int64(50002), '2014': np.int64(50140), '2015': np.int64(49931), '2016': np.int64(49959), '2017': np.int64(49887), '2018': np.int64(50197), '2019': np.int64(50193)}"
SandownSD,Small,South East,Residential,High Deprivation,Smaller seaside towns ,"{'2001': np.int64(11022), '2002': np.int64(11162), '2003': np.int64(11278), '2004': np.int64(11471), '2005': np.int64(11655), '2006': np.int64(11709), '2007': np.int64(11968), '2008': np.int64(11992), '2009': np.int64(11929), '2010': np.int64(11847), '2011': np.int64(11868), '2012': np.int64(11875), '2013': np.int64(11898), '2014': np.int64(12021), '2015': np.int64(12007), '2016': np.int64(11949), '2017': np.int64(11899), '2018': np.int64(12032), '2019': np.int64(12074)}"
HessleSD,Small,Yorkshire and The Humber,Working,Middle Deprivation,Smaller other coastal towns,"{'2001': np.int64(14461), '2002': np.int64(14493), '2003': np.int64(14604), '2004': np.int64(14533), '2005': np.int64(14538), '2006': np.int64(14485), '2007': np.int64(14508), '2008': np.int64(14502), '2009': np.int64(14484), '2010': np.int64(14440), '2011': np.int64(14517), '2012': np.int64(14569), '2013': np.int64(14436), '2014': np.int64(14423), '2015': np.int64(14330), '2016': np.int64(14314), '2017': np.int64(14491), '2018': np.int64(14631), '2019': np.int64(14706)}"
Bishop AucklandSD,Medium,North East,Working,High Deprivation,Larger non-coastal towns,"{'2001': np.int64(23833), '2002': np.int64(23648), '2003': np.int64(23746), '2004': np.int64(23684), '2005': np.int64(23910), '2006': np.int64(23975), '2007': np.int64(24163), '2008': np.int64(24257), '2009': np.int64(24368), '2010': np.int64(24627), '2011': np.int64(24912), '2012': np.int64(24995), '2013': np.int64(25215), '2014': np.int64(25271), '2015': np.int64(25334), '2016': np.int64(25393), '2017': np.int64(25445), '2018': np.int64(25552), '2019': np.int64(25433)}"
ImminghamSD,Small,Yorkshire and The Humber,Working,High Deprivation,Smaller other coastal towns,"{'2001': np.int64(10981), '2002': np.int64(10819), '2003': np.int64(10889), '2004': np.int64(10919), '2005': np.int64(10936), '2006': np.int64(10835), '2007': np.int64(10849), '2008': np.int64(10796), '2009': np.int64(10705), '2010': np.int64(10713), '2011': np.int64(10759), '2012': np.int64(10795), '2013': np.int64(10808), '2014': np.int64(10842), '2015': np.int64(10810), '2016': np.int64(10976), '2017': np.int64(11056), '2018': np.int64(11037), '2019': np.int64(11158)}"
BootleSD,Medium,North West,Working,High Deprivation,Larger other coastal towns ,"{'2001': np.int64(56475), '2002': np.int64(55421), '2003': np.int64(54790), '2004': np.int64(54431), '2005': np.int64(53846), '2006': np.int64(53298), '2007': np.int64(52762), '2008': np.int64(52437), '2009': np.int64(52005), '2010': np.int64(51606), '2011': np.int64(51502), '2012': np.int64(51283), '2013': np.int64(51156), '2014': np.int64(51070), '2015': np.int64(51365), '2016': np.int64(51757), '2017': np.int64(51964), '2018': np.int64(52079), '2019': np.int64(52835)}"
BroughSD,Small,Yorkshire and The Humber,Working,Low Deprivation,Smaller non-coastal towns ,"{'2001': np.int64(9144), '2002': np.int64(9380), '2003': np.int64(9879), '2004': np.int64(10341), '2005': np.int64(10627), '2006': np.int64(10870), '2007': np.int64(11287), '2008': np.int64(11582), '2009': np.int64(11897), '2010': np.int64(12203), '2011': np.int64(12574), '2012': np.int64(12836), '2013': np.int64(12884), '2014': np.int64(13007), '2015': np.int64(13110), '2016': np.int64(13156), '2017': np.int64(13227), '2018': np.int64(13346), '2019': np.int64(13498)}"
OustonSD,Small,North East,Residential,Low Deprivation,Smaller non-coastal towns ,"{'2001': np.int64(5501), '2002': np.int64(5353), '2003': np.int64(5351), '2004': np.int64(5410), '2005': np.int64(5376), '2006': np.int64(5356), '2007': np.int64(5320), '2008': np.int64(5305), '2009': np.int64(5310), '2010': np.int64(5255), '2011': np.int64(5309), '2012': np.int64(5319), '2013': np.int64(5298), '2014': np.int64(5262), '2015': np.int64(5242), '2016': np.int64(5270), '2017': np.int64(5191), '2018': np.int64(5142), '2019': np.int64(5139)}"
PolegateSD,Small,South East,Residential,Middle Deprivation,Smaller non-coastal towns ,"{'2001': np.int64(8371), '2002': np.int64(8432), '2003': np.int64(8491), '2004': np.int64(8552), '2005': np.int64(8600), '2006': np.int64(8681), '2007': np.int64(8804), '2008': np.int64(8745), '2009': np.int64(8824), '2010': np.int64(8976), '2011': np.int64(9004), '2012': np.int64(9155), '2013': np.int64(9366), '2014': np.int64(9542), '2015': np.int64(9991), '2016': np.int64(10302), '2017': np.int64(10576), '2018': np.int64(10723), '2019': np.int64(10806)}"
HaworthSD,Small,Yorkshire and The Humber,Residential,Low Deprivation,Smaller non-coastal towns ,"{'2001': np.int64(6085), '2002': np.int64(6105), '2003': np.int64(6113), '2004': np.int64(6101), '2005': np.int64(6167), '2006': np.int64(6239), '2007': np.int64(6214), '2008': np.int64(6206), '2009': np.int64(6283), '2010': np.int64(6398), '2011': np.int64(6372), '2012': np.int64(6400), '2013': np.int64(6336), '2014': np.int64(6305), '2015': np.int64(6333), '2016': np.int64(6274), '2017': np.int64(6270), '2018': np.int64(6254), '2019': np.int64(6259)}"
Great WyrleySD,Small,West Midlands,Residential,Middle Deprivation,Smaller non-coastal towns ,"{'2001': np.int64(18766), '2002': np.int64(18702), '2003': np.int64(18630), '2004': np.int64(18585), '2005': np.int64(18502), '2006': np.int64(18418), '2007': np.int64(18407), '2008': np.int64(18383), '2009': np.int64(18342), '2010': np.int64(18419), '2011': np.int64(18396), '2012': np.int64(18244), '2013': np.int64(18256), '2014': np.int64(18429), '2015': np.int64(18514), '2016': np.int64(18604), '2017': np.int64(18608), '2018': np.int64(18490), '2019': np.int64(18467)}"
ThrapstonSD,Small,East Midlands,Working,Low Deprivation,Smaller non-coastal towns ,"{'2001': np.int64(4867), '2002': np.int64(5009), '2003': np.int64(5219), '2004': np.int64(5296), '2005': np.int64(5505), '2006': np.int64(5740), '2007': np.int64(5949), '2008': np.int64(6129), '2009': np.int64(6198), '2010': np.int64(6274), '2011': np.int64(6248), '2012': np.int64(6273), '2013': np.int64(6280), '2014': np.int64(6333), '2015': np.int64(6327), '2016': np.int64(6362), '2017': np.int64(6497), '2018': np.int64(6598), '2019': np.int64(6752)}"
BroadstairsSD,Medium,South East,Working,Middle Deprivation,Larger seaside towns,"{'2001': np.int64(23122), '2002': np.int64(23222), '2003': np.int64(23214), '2004': np.int64(23227), '2005': np.int64(23338), '2006': np.int64(23322), '2007': np.int64(23469), '2008': np.int64(23650), '2009': np.int64(23643), '2010': np.int64(23669), '2011': np.int64(23623), '2012': np.int64(23660), '2013': np.int64(23986), '2014': np.int64(24309), '2015': np.int64(23976), '2016': np.int64(24297), '2017': np.int64(24543), '2018': np.int64(24458), '2019': np.int64(24517)}"
BansteadSD,Small,South East,Mixed,Low Deprivation,Smaller non-coastal towns ,"{'2001': np.int64(9935), '2002': np.int64(9972), '2003': np.int64(9965), '2004': np.int64(10117), '2005': np.int64(10070), '2006': np.int64(10175), '2007': np.int64(10293), '2008': np.int64(10513), '2009': np.int64(10571), '2010': np.int64(10663), '2011': np.int64(10650), '2012': np.int64(10884), '2013': np.int64(10838), '2014': np.int64(10913), '2015': np.int64(10832), '2016': np.int64(10780), '2017': np.int64(10931), '2018': np.int64(10728), '2019': np.int64(10643)}"
CheadleSD,Small,North West,Working,Middle Deprivation,Smaller non-coastal towns ,"{'2001': np.int64(13293), '2002': np.int64(13387), '2003': np.int64(13303), '2004': np.int64(13337), '2005': np.int64(13301), '2006': np.int64(13237), '2007': np.int64(13238), '2008': np.int64(13327), '2009': np.int64(13340), '2010': np.int64(13411), '2011': np.int64(13482), '2012': np.int64(13570), '2013': np.int64(13509), '2014': np.int64(13645), '2015': np.int64(13735), '2016': np.int64(13697), '2017': np.int64(13848), '2018': np.int64(13913), '2019': np.int64(14077)}"
WalthamSD,Small,Yorkshire and The Humber,Residential,Low Deprivation,Smaller non-coastal towns ,"{'2001': np.int64(6230), '2002': np.int64(6162), '2003': np.int64(6191), '2004': np.int64(6134), '2005': np.int64(6077), '2006': np.int64(6067), '2007': np.int64(6079), '2008': np.int64(6003), '2009': np.int64(6019), '2010': np.int64(6056), '2011': np.int64(6038), '2012': np.int64(6044), '2013': np.int64(5967), '2014': np.int64(5994), '2015': np.int64(5977), '2016': np.int64(5945), '2017': np.int64(5873), '2018': np.int64(5780), '2019': np.int64(5795)}"
RawtenstallSD,Medium,North West,Residential,High Deprivation,Larger non-coastal towns,"{'2001': np.int64(22717), '2002': np.int64(22369), '2003': np.int64(22447), '2004': np.int64(22579), '2005': np.int64(22646), '2006': np.int64(22893), '2007': np.int64(22925), '2008': np.int64(22979), '2009': np.int64(23089), '2010': np.int64(23180), '2011': np.int64(23171), '2012': np.int64(23222), '2013': np.int64(23380), '2014': np.int64(23642), '2015': np.int64(23606), '2016': np.int64(23757), '2017': np.int64(24155), '2018': np.int64(24364), '2019': np.int64(24519)}"
Houghton RegisSD,Small,East of England,Working,High Deprivation,Smaller non-coastal towns ,"{'2001': np.int64(16292), '2002': np.int64(16261), '2003': np.int64(16243), '2004': np.int64(16270), '2005': np.int64(16377), '2006': np.int64(16345), '2007': np.int64(16350), '2008': np.int64(16310), '2009': np.int64(16361), '2010': np.int64(16316), '2011': np.int64(16711), '2012': np.int64(16973), '2013': np.int64(17156), '2014': np.int64(17314), '2015': np.int64(17558), '2016': np.int64(17813), '2017': np.int64(17962), '2018': np.int64(18388), '2019': np.int64(18700)}"
Rowley RegisSD,Medium,West Midlands,Residential,High Deprivation,Larger non-coastal towns,"{'2001': np.int64(32445), '2002': np.int64(32448), '2003': np.int64(32527), '2004': np.int64(32911), '2005': np.int64(33053), '2006': np.int64(33209), '2007': np.int64(33552), '2008': np.int64(33856), '2009': np.int64(34047), '2010': np.int64(34240), '2011': np.int64(34322), '2012': np.int64(34244), '2013': np.int64(34566), '2014': np.int64(35018), '2015': np.int64(35047), '2016': np.int64(35125), '2017': np.int64(35325), '2018': np.int64(35924), '2019': np.int64(35791)}"
WorkingtonSD,Medium,North West,Mixed,High Deprivation,Larger other coastal towns ,"{'2001': np.int64(21384), '2002': np.int64(21241), '2003': np.int64(21484), '2004': np.int64(21275), '2005': np.int64(21343), '2006': np.int64(21483), '2007': np.int64(21477), '2008': np.int64(21667), '2009': np.int64(21816), '2010': np.int64(21939), '2011': np.int64(22130), '2012': np.int64(22116), '2013': np.int64(22218), '2014': np.int64(22255), '2015': np.int64(22233), '2016': np.int64(22367), '2017': np.int64(22186), '2018': np.int64(22268), '2019': np.int64(22406)}"
BillinghamSD,Medium,North East,Mixed,High Deprivation,Larger non-coastal towns,"{'2001': np.int64(35843), '2002': np.int64(35785), '2003': np.int64(35579), '2004': np.int64(35429), '2005': np.int64(35436), '2006': np.int64(35490), '2007': np.int64(35452), '2008': np.int64(35541), '2009': np.int64(35483), '2010': np.int64(35532), '2011': np.int64(35400), '2012': np.int64(35226), '2013': np.int64(35204), '2014': np.int64(35288), '2015': np.int64(35176), '2016': np.int64(34964), '2017': np.int64(34779), '2018': np.int64(34402), '2019': np.int64(34169)}"
HebburnSD,Small,North East,Residential,High Deprivation,Smaller non-coastal towns ,"{'2001': np.int64(19415), '2002': np.int64(19389), '2003': np.int64(19060), '2004': np.int64(18950), '2005': np.int64(18832), '2006': np.int64(18730), '2007': np.int64(18776), '2008': np.int64(18963), '2009': np.int64(19036), '2010': np.int64(19136), '2011': np.int64(19153), '2012': np.int64(19172), '2013': np.int64(19092), '2014': np.int64(19192), '2015': np.int64(19403), '2016': np.int64(19593), '2017': np.int64(19685), '2018': np.int64(20185), '2019': np.int64(20589)}"
Midsomer NortonSD,Small,South West,Mixed,Low Deprivation,Smaller non-coastal towns ,"{'2001': np.int64(11992), '2002': np.int64(11942), '2003': np.int64(11941), '2004': np.int64(11978), '2005': np.int64(12053), '2006': np.int64(11965), '2007': np.int64(12207), '2008': np.int64(12222), '2009': np.int64(12206), '2010': np.int64(12270), '2011': np.int64(12408), '2012': np.int64(12448), '2013': np.int64(12599), '2014': np.int64(12761), '2015': np.int64(13105), '2016': np.int64(13389), '2017': np.int64(13539), '2018': np.int64(13720), '2019': np.int64(13882)}"
AldridgeSD,Medium,West Midlands,Mixed,High Deprivation,Larger non-coastal towns,"{'2001': np.int64(38244), '2002': np.int64(38524), '2003': np.int64(38723), '2004': np.int64(38891), '2005': np.int64(39071), '2006': np.int64(39045), '2007': np.int64(39114), '2008': np.int64(39176), '2009': np.int64(39304), '2010': np.int64(39295), '2011': np.int64(39417), '2012': np.int64(39227), '2013': np.int64(39274), '2014': np.int64(39672), '2015': np.int64(39523), '2016': np.int64(39488), '2017': np.int64(39348), '2018': np.int64(39321), '2019': np.int64(39466)}"
KimberleySD,Small,East Midlands,Residential,Middle Deprivation,Smaller non-coastal towns ,"{'2001': np.int64(11115), '2002': np.int64(11213), '2003': np.int64(11281), '2004': np.int64(11333), '2005': np.int64(11495), '2006': np.int64(11524), '2007': np.int64(11567), '2008': np.int64(11636), '2009': np.int64(11559), '2010': np.int64(11494), '2011': np.int64(11361), '2012': np.int64(11446), '2013': np.int64(11441), '2014': np.int64(11527), '2015': np.int64(11624), '2016': np.int64(11702), '2017': np.int64(11715), '2018': np.int64(11694), '2019': np.int64(11736)}"
MacclesfieldSD,Medium,North West,Working,Middle Deprivation,Larger non-coastal towns,"{'2001': np.int64(54523), '2002': np.int64(54505), '2003': np.int64(54301), '2004': np.int64(54417), '2005': np.int64(54616), '2006': np.int64(54689), '2007': np.int64(55257), '2008': np.int64(55571), '2009': np.int64(55908), '2010': np.int64(56251), '2011': np.int64(56677), '2012': np.int64(56829), '2013': np.int64(56991), '2014': np.int64(57035), '2015': np.int64(56638), '2016': np.int64(56801), '2017': np.int64(56654), '2018': np.int64(56287), '2019': np.int64(56366)}"
WindsorSD,Medium,South East,Working,Low Deprivation,Larger non-coastal towns,"{'2001': np.int64(28553), '2002': np.int64(28325), '2003': np.int64(28537), '2004': np.int64(28685), '2005': np.int64(28930), '2006': np.int64(29286), '2007': np.int64(30106), '2008': np.int64(30587), '2009': np.int64(30698), '2010': np.int64(31385), '2011': np.int64(31529), '2012': np.int64(31865), '2013': np.int64(32128), '2014': np.int64(32285), '2015': np.int64(32284), '2016': np.int64(32389), '2017': np.int64(32207), '2018': np.int64(32608), '2019': np.int64(32640)}"
WalkdenSD,Medium,North West,Mixed,Middle Deprivation,Larger non-coastal towns,"{'2001': np.int64(20861), '2002': np.int64(20796), '2003': np.int64(20785), '2004': np.int64(20951), '2005': np.int64(21077), '2006': np.int64(21069), '2007': np.int64(21171), '2008': np.int64(21261), '2009': np.int64(21184), '2010': np.int64(21227), '2011': np.int64(21204), '2012': np.int64(21160), '2013': np.int64(21132), '2014': np.int64(21291), '2015': np.int64(21054), '2016': np.int64(21263), '2017': np.int64(21399), '2018': np.int64(21794), '2019': np.int64(22356)}"
DarlastonSD,Small,West Midlands,Mixed,High Deprivation,Smaller non-coastal towns ,"{'2001': np.int64(16946), '2002': np.int64(17038), '2003': np.int64(17032), '2004': np.int64(17038), '2005': np.int64(17160), '2006': np.int64(17450), '2007': np.int64(17730), '2008': np.int64(18073), '2009': np.int64(18140), '2010': np.int64(18401), '2011': np.int64(18845), '2012': np.int64(18937), '2013': np.int64(19136), '2014': np.int64(19469), '2015': np.int64(19704), '2016': np.int64(20012), '2017': np.int64(20319), '2018': np.int64(20678), '2019': np.int64(20995)}"
WhitburnSD,Small,North East,Residential,High Deprivation,Smaller other coastal towns,"{'2001': np.int64(5279), '2002': np.int64(5253), '2003': np.int64(5216), '2004': np.int64(5167), '2005': np.int64(5090), '2006': np.int64(5066), '2007': np.int64(5035), '2008': np.int64(5036), '2009': np.int64(5061), '2010': np.int64(5051), '2011': np.int64(5090), '2012': np.int64(5162), '2013': np.int64(5146), '2014': np.int64(5092), '2015': np.int64(5058), '2016': np.int64(5080), '2017': np.int64(5133), '2018': np.int64(5187), '2019': np.int64(5208)}"
Burton LatimerSD,Small,East Midlands,Mixed,Middle Deprivation,Smaller non-coastal towns ,"{'2001': np.int64(6742), '2002': np.int64(6832), '2003': np.int64(6914), '2004': np.int64(6895), '2005': np.int64(7086), '2006': np.int64(7208), '2007': np.int64(7353), '2008': np.int64(7425), '2009': np.int64(7463), '2010': np.int64(7444), '2011': np.int64(7477), '2012': np.int64(7623), '2013': np.int64(7971), '2014': np.int64(8138), '2015': np.int64(8758), '2016': np.int64(9106), '2017': np.int64(9459), '2018': np.int64(9669), '2019': np.int64(9778)}"
HucknallSD,Medium,East Midlands,Residential,High Deprivation,Larger non-coastal towns,"{'2001': np.int64(29859), '2002': np.int64(29884), '2003': np.int64(29710), '2004': np.int64(30168), '2005': np.int64(30335), '2006': np.int64(30539), '2007': np.int64(30628), '2008': np.int64(30944), '2009': np.int64(31256), '2010': np.int64(31585), '2011': np.int64(32128), '2012': np.int64(32325), '2013': np.int64(32935), '2014': np.int64(33282), '2015': np.int64(33709), '2016': np.int64(33952), '2017': np.int64(34924), '2018': np.int64(35344), '2019': np.int64(35797)}"
Oldbury (Sandwell)SD,Medium,West Midlands,Working,High Deprivation,Larger non-coastal towns,"{'2001': np.int64(22083), '2002': np.int64(22284), '2003': np.int64(22433), '2004': np.int64(22400), '2005': np.int64(22516), '2006': np.int64(22564), '2007': np.int64(22812), '2008': np.int64(23091), '2009': np.int64(23498), '2010': np.int64(23794), '2011': np.int64(24049), '2012': np.int64(24412), '2013': np.int64(24437), '2014': np.int64(24578), '2015': np.int64(24882), '2016': np.int64(25161), '2017': np.int64(25488), '2018': np.int64(25563), '2019': np.int64(25740)}"
DodworthSD,Small,Yorkshire and The Humber,Working,High Deprivation,Smaller non-coastal towns ,"{'2001': np.int64(5752), '2002': np.int64(5669), '2003': np.int64(5723), '2004': np.int64(5676), '2005': np.int64(5666), '2006': np.int64(5723), '2007': np.int64(5775), '2008': np.int64(5862), '2009': np.int64(5933), '2010': np.int64(5922), '2011': np.int64(5897), '2012': np.int64(5894), '2013': np.int64(5913), '2014': np.int64(5962), '2015': np.int64(6075), '2016': np.int64(6167), '2017': np.int64(6146), '2018': np.int64(6134), '2019': np.int64(6124)}"
StalybridgeSD,Medium,North West,Residential,High Deprivation,Larger non-coastal towns,"{'2001': np.int64(25059), '2002': np.int64(24942), '2003': np.int64(25284), '2004': np.int64(25515), '2005': np.int64(25617), '2006': np.int64(25724), '2007': np.int64(25684), '2008': np.int64(25895), '2009': np.int64(26154), '2010': np.int64(26323), '2011': np.int64(26520), '2012': np.int64(26650), '2013': np.int64(26708), '2014': np.int64(26786), '2015': np.int64(26739), '2016': np.int64(26723), '2017': np.int64(27000), '2018': np.int64(27039), '2019': np.int64(27081)}"
StaplefordSD,Small,East Midlands,Residential,Middle Deprivation,Smaller non-coastal towns ,"{'2001': np.int64(16007), '2002': np.int64(16056), '2003': np.int64(16242), '2004': np.int64(16179), '2005': np.int64(16118), '2006': np.int64(16168), '2007': np.int64(16197), '2008': np.int64(16165), '2009': np.int64(16120), '2010': np.int64(15960), '2011': np.int64(16214), '2012': np.int64(16257), '2013': np.int64(16321), '2014': np.int64(16394), '2015': np.int64(16409), '2016': np.int64(16509), '2017': np.int64(16497), '2018': np.int64(16441), '2019': np.int64(16585)}"
MoorendsSD,Small,Yorkshire and The Humber,Residential,High Deprivation,Smaller non-coastal towns ,"{'2001': np.int64(5247), '2002': np.int64(5227), '2003': np.int64(5185), '2004': np.int64(5255), '2005': np.int64(5340), '2006': np.int64(5378), '2007': np.int64(5457), '2008': np.int64(5470), '2009': np.int64(5419), '2010': np.int64(5364), '2011': np.int64(5447), '2012': np.int64(5482), '2013': np.int64(5486), '2014': np.int64(5535), '2015': np.int64(5500), '2016': np.int64(5569), '2017': np.int64(5513), '2018': np.int64(5506), '2019': np.int64(5545)}"
Bury St EdmundsSD,Medium,East of England,Working,Low Deprivation,Larger non-coastal towns,"{'2001': np.int64(35326), '2002': np.int64(35780), '2003': np.int64(36335), '2004': np.int64(37118), '2005': np.int64(37599), '2006': np.int64(38148), '2007': np.int64(38781), '2008': np.int64(39310), '2009': np.int64(39736), '2010': np.int64(40544), '2011': np.int64(41154), '2012': np.int64(41424), '2013': np.int64(41782), '2014': np.int64(42049), '2015': np.int64(42073), '2016': np.int64(41961), '2017': np.int64(41940), '2018': np.int64(41732), '2019': np.int64(41554)}"
RomseySD,Small,South East,Working,Low Deprivation,Smaller non-coastal towns ,"{'2001': np.int64(16923), '2002': np.int64(16777), '2003': np.int64(16815), '2004': np.int64(16755), '2005': np.int64(16754), '2006': np.int64(16839), '2007': np.int64(16855), '2008': np.int64(17000), '2009': np.int64(16980), '2010': np.int64(16942), '2011': np.int64(16995), '2012': np.int64(16959), '2013': np.int64(16838), '2014': np.int64(16764), '2015': np.int64(16934), '2016': np.int64(17177), '2017': np.int64(17472), '2018': np.int64(17561), '2019': np.int64(17691)}"
CaterhamSD,Medium,South East,Mixed,Low Deprivation,Larger non-coastal towns,"{'2001': np.int64(19885), '2002': np.int64(19805), '2003': np.int64(19987), '2004': np.int64(20053), '2005': np.int64(20306), '2006': np.int64(20569), '2007': np.int64(20827), '2008': np.int64(20932), '2009': np.int64(21088), '2010': np.int64(21427), '2011': np.int64(21518), '2012': np.int64(21751), '2013': np.int64(22003), '2014': np.int64(22271), '2015': np.int64(22570), '2016': np.int64(22641), '2017': np.int64(23013), '2018': np.int64(23221), '2019': np.int64(23511)}"
ThatchamSD,Medium,South East,Mixed,Low Deprivation,Larger non-coastal towns,"{'2001': np.int64(23496), '2002': np.int64(23838), '2003': np.int64(23981), '2004': np.int64(24096), '2005': np.int64(24338), '2006': np.int64(24842), '2007': np.int64(25154), '2008': np.int64(25336), '2009': np.int64(25598), '2010': np.int64(25923), '2011': np.int64(26063), '2012': np.int64(26221), '2013': np.int64(26367), '2014': np.int64(26384), '2015': np.int64(26356), '2016': np.int64(26330), '2017': np.int64(26217), '2018': np.int64(26179), '2019': np.int64(26135)}"
SheringhamSD,Small,East of England,Residential,Middle Deprivation,Smaller seaside towns ,"{'2001': np.int64(7098), '2002': np.int64(7198), '2003': np.int64(7132), '2004': np.int64(7241), '2005': np.int64(7304), '2006': np.int64(7321), '2007': np.int64(7390), '2008': np.int64(7448), '2009': np.int64(7324), '2010': np.int64(7371), '2011': np.int64(7340), '2012': np.int64(7346), '2013': np.int64(7339), '2014': np.int64(7428), '2015': np.int64(7398), '2016': np.int64(7421), '2017': np.int64(7379), '2018': np.int64(7421), '2019': np.int64(7365)}"
CartertonSD,Small,South East,Residential,Low Deprivation,Smaller non-coastal towns ,"{'2001': np.int64(11765), '2002': np.int64(13339), '2003': np.int64(13604), '2004': np.int64(14123), '2005': np.int64(14873), '2006': np.int64(15364), '2007': np.int64(15730), '2008': np.int64(15813), '2009': np.int64(16009), '2010': np.int64(16549), '2011': np.int64(16234), '2012': np.int64(17200), '2013': np.int64(17338), '2014': np.int64(16937), '2015': np.int64(16496), '2016': np.int64(16568), '2017': np.int64(16519), '2018': np.int64(16588), '2019': np.int64(16938)}"
EastbourneSD,Large,South East,Mixed,High Deprivation,Larger seaside towns,"{'2001': np.int64(98589), '2002': np.int64(99936), '2003': np.int64(101508), '2004': np.int64(103222), '2005': np.int64(105046), '2006': np.int64(106176), '2007': np.int64(107422), '2008': np.int64(107996), '2009': np.int64(107889), '2010': np.int64(108199), '2011': np.int64(109129), '2012': np.int64(109813), '2013': np.int64(110358), '2014': np.int64(111472), '2015': np.int64(112279), '2016': np.int64(113137), '2017': np.int64(113646), '2018': np.int64(113918), '2019': np.int64(114809)}"
DarwenSD,Medium,North West,Mixed,High Deprivation,Larger non-coastal towns,"{'2001': np.int64(27567), '2002': np.int64(27472), '2003': np.int64(27494), '2004': np.int64(27563), '2005': np.int64(27699), '2006': np.int64(27802), '2007': np.int64(27919), '2008': np.int64(28091), '2009': np.int64(28224), '2010': np.int64(28146), '2011': np.int64(28128), '2012': np.int64(28047), '2013': np.int64(27940), '2014': np.int64(27711), '2015': np.int64(27762), '2016': np.int64(27712), '2017': np.int64(27462), '2018': np.int64(27348), '2019': np.int64(27311)}"
HorburySD,Small,Yorkshire and The Humber,Residential,Middle Deprivation,Smaller non-coastal towns ,"{'2001': np.int64(9962), '2002': np.int64(10006), '2003': np.int64(10032), '2004': np.int64(10041), '2005': np.int64(10032), '2006': np.int64(10070), '2007': np.int64(10017), '2008': np.int64(10124), '2009': np.int64(10153), '2010': np.int64(10250), '2011': np.int64(10362), '2012': np.int64(10374), '2013': np.int64(10297), '2014': np.int64(10285), '2015': np.int64(10284), '2016': np.int64(10414), '2017': np.int64(10501), '2018': np.int64(10570), '2019': np.int64(10567)}"
BraintreeSD,Medium,East of England,Mixed,Middle Deprivation,Larger non-coastal towns,"{'2001': np.int64(35635), '2002': np.int64(36438), '2003': np.int64(36464), '2004': np.int64(36921), '2005': np.int64(37572), '2006': np.int64(38286), '2007': np.int64(39082), '2008': np.int64(39579), '2009': np.int64(40158), '2010': np.int64(40911), '2011': np.int64(41829), '2012': np.int64(42239), '2013': np.int64(42751), '2014': np.int64(42922), '2015': np.int64(43099), '2016': np.int64(43187), '2017': np.int64(43506), '2018': np.int64(43350), '2019': np.int64(43552)}"
Carlton (Gedling)SD,Medium,East Midlands,Residential,High Deprivation,Larger non-coastal towns,"{'2001': np.int64(48567), '2002': np.int64(48691), '2003': np.int64(48368), '2004': np.int64(48652), '2005': np.int64(48864), '2006': np.int64(48569), '2007': np.int64(48732), '2008': np.int64(48846), '2009': np.int64(48935), '2010': np.int64(49141), '2011': np.int64(49342), '2012': np.int64(49517), '2013': np.int64(49668), '2014': np.int64(50011), '2015': np.int64(49982), '2016': np.int64(50307), '2017': np.int64(50257), '2018': np.int64(50743), '2019': np.int64(50815)}"
WallingfordSD,Small,South East,Working,Low Deprivation,Smaller non-coastal towns ,"{'2001': np.int64(6875), '2002': np.int64(6871), '2003': np.int64(7126), '2004': np.int64(7197), '2005': np.int64(7176), '2006': np.int64(7266), '2007': np.int64(7342), '2008': np.int64(7521), '2009': np.int64(7742), '2010': np.int64(7824), '2011': np.int64(7946), '2012': np.int64(8020), '2013': np.int64(8032), '2014': np.int64(8058), '2015': np.int64(7992), '2016': np.int64(7984), '2017': np.int64(8071), '2018': np.int64(8123), '2019': np.int64(8232)}"
HorshamSD,Medium,South East,Working,Low Deprivation,Larger non-coastal towns,"{'2001': np.int64(44959), '2002': np.int64(45069), '2003': np.int64(45073), '2004': np.int64(45392), '2005': np.int64(45825), '2006': np.int64(46348), '2007': np.int64(46708), '2008': np.int64(47009), '2009': np.int64(47403), '2010': np.int64(47814), '2011': np.int64(48156), '2012': np.int64(48436), '2013': np.int64(48697), '2014': np.int64(49232), '2015': np.int64(49473), '2016': np.int64(49973), '2017': np.int64(50399), '2018': np.int64(50934), '2019': np.int64(51265)}"
BacupSD,Small,North West,Residential,High Deprivation,Smaller non-coastal towns ,"{'2001': np.int64(12741), '2002': np.int64(12712), '2003': np.int64(12836), '2004': np.int64(12710), '2005': np.int64(12708), '2006': np.int64(12677), '2007': np.int64(12799), '2008': np.int64(12946), '2009': np.int64(13077), '2010': np.int64(13229), '2011': np.int64(13343), '2012': np.int64(13435), '2013': np.int64(13531), '2014': np.int64(13734), '2015': np.int64(13860), '2016': np.int64(13851), '2017': np.int64(13893), '2018': np.int64(14051), '2019': np.int64(14261)}"
TyldesleySD,Small,North West,Residential,Middle Deprivation,Smaller non-coastal towns ,"{'2001': np.int64(15658), '2002': np.int64(15746), '2003': np.int64(15735), '2004': np.int64(15818), '2005': np.int64(15925), '2006': np.int64(16046), '2007': np.int64(15852), '2008': np.int64(15939), '2009': np.int64(16105), '2010': np.int64(16031), '2011': np.int64(16185), '2012': np.int64(16246), '2013': np.int64(16401), '2014': np.int64(16548), '2015': np.int64(16559), '2016': np.int64(16615), '2017': np.int64(16615), '2018': np.int64(16599), '2019': np.int64(16640)}"
CastlefordSD,Medium,Yorkshire and The Humber,Working,High Deprivation,Larger non-coastal towns,"{'2001': np.int64(36257), '2002': np.int64(36923), '2003': np.int64(37140), '2004': np.int64(37415), '2005': np.int64(37520), '2006': np.int64(37919), '2007': np.int64(38153), '2008': np.int64(38622), '2009': np.int64(38913), '2010': np.int64(39185), '2011': np.int64(39315), '2012': np.int64(39744), '2013': np.int64(40340), '2014': np.int64(40713), '2015': np.int64(41234), '2016': np.int64(41550), '2017': np.int64(42219), '2018': np.int64(42952), '2019': np.int64(43625)}"
WoodingdeanSD,Small,South East,Residential,High Deprivation,Smaller non-coastal towns ,"{'2001': np.int64(9484), '2002': np.int64(9491), '2003': np.int64(9483), '2004': np.int64(9520), '2005': np.int64(9544), '2006': np.int64(9555), '2007': np.int64(9605), '2008': np.int64(9566), '2009': np.int64(9641), '2010': np.int64(9671), '2011': np.int64(9765), '2012': np.int64(9796), '2013': np.int64(9811), '2014': np.int64(9854), '2015': np.int64(9967), '2016': np.int64(9984), '2017': np.int64(9931), '2018': np.int64(9868), '2019': np.int64(9851)}"
HeywoodSD,Medium,North West,Working,High Deprivation,Larger non-coastal towns,"{'2001': np.int64(28295), '2002': np.int64(28428), '2003': np.int64(28515), '2004': np.int64(28369), '2005': np.int64(28232), '2006': np.int64(28186), '2007': np.int64(28114), '2008': np.int64(28171), '2009': np.int64(28043), '2010': np.int64(28034), '2011': np.int64(28249), '2012': np.int64(28225), '2013': np.int64(28386), '2014': np.int64(28702), '2015': np.int64(29054), '2016': np.int64(29479), '2017': np.int64(29748), '2018': np.int64(29878), '2019': np.int64(30323)}"
BramhallSD,Small,North West,Residential,Low Deprivation,Smaller non-coastal towns ,"{'2001': np.int64(17644), '2002': np.int64(17669), '2003': np.int64(17641), '2004': np.int64(17716), '2005': np.int64(17590), '2006': np.int64(17611), '2007': np.int64(17589), '2008': np.int64(17444), '2009': np.int64(17491), '2010': np.int64(17471), '2011': np.int64(17417), '2012': np.int64(17323), '2013': np.int64(17293), '2014': np.int64(17392), '2015': np.int64(17382), '2016': np.int64(17465), '2017': np.int64(17424), '2018': np.int64(17368), '2019': np.int64(17254)}"
Hartley (Sevenoaks)SD,Small,South East,Residential,Low Deprivation,Smaller non-coastal towns ,"{'2001': np.int64(16402), '2002': np.int64(16380), '2003': np.int64(16241), '2004': np.int64(16325), '2005': np.int64(16341), '2006': np.int64(16450), '2007': np.int64(16414), '2008': np.int64(16261), '2009': np.int64(16081), '2010': np.int64(16155), '2011': np.int64(16067), '2012': np.int64(16102), '2013': np.int64(16507), '2014': np.int64(16553), '2015': np.int64(16594), '2016': np.int64(16397), '2017': np.int64(16394), '2018': np.int64(16291), '2019': np.int64(16095)}"
ThurnscoeSD,Small,Yorkshire and The Humber,Residential,High Deprivation,Smaller non-coastal towns ,"{'2001': np.int64(9069), '2002': np.int64(9015), '2003': np.int64(9001), '2004': np.int64(9026), '2005': np.int64(9102), '2006': np.int64(9085), '2007': np.int64(8989), '2008': np.int64(8887), '2009': np.int64(8834), '2010': np.int64(8750), '2011': np.int64(8692), '2012': np.int64(8721), '2013': np.int64(8724), '2014': np.int64(8745), '2015': np.int64(8842), '2016': np.int64(8908), '2017': np.int64(8987), '2018': np.int64(9029), '2019': np.int64(9090)}"
RadstockSD,Small,South West,Mixed,Middle Deprivation,Smaller non-coastal towns ,"{'2001': np.int64(8808), '2002': np.int64(8893), '2003': np.int64(8912), '2004': np.int64(8861), '2005': np.int64(8866), '2006': np.int64(8919), '2007': np.int64(8980), '2008': np.int64(9118), '2009': np.int64(9117), '2010': np.int64(9328), '2011': np.int64(9430), '2012': np.int64(9458), '2013': np.int64(9546), '2014': np.int64(9648), '2015': np.int64(9724), '2016': np.int64(10051), '2017': np.int64(10117), '2018': np.int64(10228), '2019': np.int64(10185)}"
CrawleySD,Large,South East,Working,Middle Deprivation,Larger non-coastal towns,"{'2001': np.int64(100391), '2002': np.int64(99140), '2003': np.int64(98699), '2004': np.int64(98894), '2005': np.int64(99709), '2006': np.int64(100761), '2007': np.int64(101710), '2008': np.int64(103045), '2009': np.int64(104144), '2010': np.int64(105838), '2011': np.int64(107419), '2012': np.int64(108593), '2013': np.int64(109375), '2014': np.int64(110250), '2015': np.int64(111261), '2016': np.int64(111869), '2017': np.int64(111856), '2018': np.int64(112529), '2019': np.int64(112198)}"
WorsbroughSD,Small,Yorkshire and The Humber,Residential,High Deprivation,Smaller non-coastal towns ,"{'2001': np.int64(9132), '2002': np.int64(9145), '2003': np.int64(9053), '2004': np.int64(9164), '2005': np.int64(9168), '2006': np.int64(9118), '2007': np.int64(9093), '2008': np.int64(9122), '2009': np.int64(9154), '2010': np.int64(9139), '2011': np.int64(9129), '2012': np.int64(9067), '2013': np.int64(9020), '2014': np.int64(9032), '2015': np.int64(9096), '2016': np.int64(9173), '2017': np.int64(9259), '2018': np.int64(9240), '2019': np.int64(9247)}"
LittlehamptonSD,Medium,South East,Residential,Middle Deprivation,Larger seaside towns,"{'2001': np.int64(50931), '2002': np.int64(51722), '2003': np.int64(52317), '2004': np.int64(53246), '2005': np.int64(53610), '2006': np.int64(54217), '2007': np.int64(54617), '2008': np.int64(54912), '2009': np.int64(55241), '2010': np.int64(55499), '2011': np.int64(55879), '2012': np.int64(56429), '2013': np.int64(56889), '2014': np.int64(57497), '2015': np.int64(57625), '2016': np.int64(57722), '2017': np.int64(58357), '2018': np.int64(58858), '2019': np.int64(59171)}"
GooleSD,Medium,Yorkshire and The Humber,Mixed,High Deprivation,Larger non-coastal towns,"{'2001': np.int64(18597), '2002': np.int64(18972), '2003': np.int64(19170), '2004': np.int64(19348), '2005': np.int64(19546), '2006': np.int64(19720), '2007': np.int64(19860), '2008': np.int64(19894), '2009': np.int64(20163), '2010': np.int64(20507), '2011': np.int64(20903), '2012': np.int64(21261), '2013': np.int64(21597), '2014': np.int64(21817), '2015': np.int64(21912), '2016': np.int64(22081), '2017': np.int64(22101), '2018': np.int64(22452), '2019': np.int64(22574)}"
MexboroughSD,Small,Yorkshire and The Humber,Residential,High Deprivation,Smaller non-coastal towns ,"{'2001': np.int64(14702), '2002': np.int64(14678), '2003': np.int64(14699), '2004': np.int64(14825), '2005': np.int64(14910), '2006': np.int64(15068), '2007': np.int64(15243), '2008': np.int64(15315), '2009': np.int64(15304), '2010': np.int64(15264), '2011': np.int64(15255), '2012': np.int64(15123), '2013': np.int64(15200), '2014': np.int64(15192), '2015': np.int64(15470), '2016': np.int64(15521), '2017': np.int64(15541), '2018': np.int64(15636), '2019': np.int64(15570)}"
East WitteringSD,Small,South East,Residential,Middle Deprivation,Smaller seaside towns ,"{'2001': np.int64(5115), '2002': np.int64(5139), '2003': np.int64(5247), '2004': np.int64(5293), '2005': np.int64(5407), '2006': np.int64(5535), '2007': np.int64(5639), '2008': np.int64(5703), '2009': np.int64(5689), '2010': np.int64(5644), '2011': np.int64(5636), '2012': np.int64(5639), '2013': np.int64(5590), '2014': np.int64(5699), '2015': np.int64(5721), '2016': np.int64(5821), '2017': np.int64(5717), '2018': np.int64(5646), '2019': np.int64(5734)}"
ChichesterSD,Medium,South East,Working,Middle Deprivation,Larger non-coastal towns,"{'2001': np.int64(25544), '2002': np.int64(25633), '2003': np.int64(25974), '2004': np.int64(26170), '2005': np.int64(26369), '2006': np.int64(26665), '2007': np.int64(27052), '2008': np.int64(27537), '2009': np.int64(27943), '2010': np.int64(28252), '2011': np.int64(28675), '2012': np.int64(29062), '2013': np.int64(29478), '2014': np.int64(29972), '2015': np.int64(30581), '2016': np.int64(31303), '2017': np.int64(31831), '2018': np.int64(31751), '2019': np.int64(31730)}"
SturrySD,Small,South East,Working,Middle Deprivation,Smaller non-coastal towns ,"{'2001': np.int64(5082), '2002': np.int64(5171), '2003': np.int64(5174), '2004': np.int64(5154), '2005': np.int64(5085), '2006': np.int64(5005), '2007': np.int64(5002), '2008': np.int64(4979), '2009': np.int64(4984), '2010': np.int64(5031), '2011': np.int64(5074), '2012': np.int64(5052), '2013': np.int64(5040), '2014': np.int64(5158), '2015': np.int64(5256), '2016': np.int64(5297), '2017': np.int64(5339), '2018': np.int64(5353), '2019': np.int64(5371)}"
CromerSD,Small,East of England,Working,High Deprivation,Smaller seaside towns ,"{'2001': np.int64(8014), '2002': np.int64(8026), '2003': np.int64(8100), '2004': np.int64(8032), '2005': np.int64(8002), '2006': np.int64(8049), '2007': np.int64(8064), '2008': np.int64(8039), '2009': np.int64(7949), '2010': np.int64(7863), '2011': np.int64(7942), '2012': np.int64(7875), '2013': np.int64(7837), '2014': np.int64(7904), '2015': np.int64(7854), '2016': np.int64(7903), '2017': np.int64(7960), '2018': np.int64(8000), '2019': np.int64(8014)}"
EwellSD,Medium,South East,Residential,Low Deprivation,Larger non-coastal towns,"{'2001': np.int64(49285), '2002': np.int64(49106), '2003': np.int64(49014), '2004': np.int64(49014), '2005': np.int64(49164), '2006': np.int64(49500), '2007': np.int64(50378), '2008': np.int64(50839), '2009': np.int64(51061), '2010': np.int64(51530), '2011': np.int64(51780), '2012': np.int64(52236), '2013': np.int64(52488), '2014': np.int64(52892), '2015': np.int64(53095), '2016': np.int64(53527), '2017': np.int64(53801), '2018': np.int64(54426), '2019': np.int64(54816)}"
ThrockleySD,Small,North East,Residential,High Deprivation,Smaller non-coastal towns ,"{'2001': np.int64(5513), '2002': np.int64(5584), '2003': np.int64(5487), '2004': np.int64(5497), '2005': np.int64(5446), '2006': np.int64(5439), '2007': np.int64(5383), '2008': np.int64(5366), '2009': np.int64(5453), '2010': np.int64(5383), '2011': np.int64(5500), '2012': np.int64(5669), '2013': np.int64(5670), '2014': np.int64(5633), '2015': np.int64(5608), '2016': np.int64(5638), '2017': np.int64(5610), '2018': np.int64(5765), '2019': np.int64(5821)}"
PenrynSD,Small,South West,Working,High Deprivation,Smaller other coastal towns,"{'2001': np.int64(6372), '2002': np.int64(6446), '2003': np.int64(6542), '2004': np.int64(6534), '2005': np.int64(6852), '2006': np.int64(7070), '2007': np.int64(7295), '2008': np.int64(7502), '2009': np.int64(7572), '2010': np.int64(7921), '2011': np.int64(8486), '2012': np.int64(8875), '2013': np.int64(9190), '2014': np.int64(9316), '2015': np.int64(9474), '2016': np.int64(9826), '2017': np.int64(10321), '2018': np.int64(10446), '2019': np.int64(10499)}"
BorehamwoodSD,Medium,East of England,Working,High Deprivation,Larger non-coastal towns,"{'2001': np.int64(31890), '2002': np.int64(32014), '2003': np.int64(32186), '2004': np.int64(31547), '2005': np.int64(31805), '2006': np.int64(32462), '2007': np.int64(33012), '2008': np.int64(34004), '2009': np.int64(34699), '2010': np.int64(35315), '2011': np.int64(35688), '2012': np.int64(35878), '2013': np.int64(36256), '2014': np.int64(36655), '2015': np.int64(37145), '2016': np.int64(37325), '2017': np.int64(37425), '2018': np.int64(37436), '2019': np.int64(37958)}"
RoytonSD,Medium,North West,Mixed,Middle Deprivation,Larger non-coastal towns,"{'2001': np.int64(23621), '2002': np.int64(23694), '2003': np.int64(23514), '2004': np.int64(23554), '2005': np.int64(23541), '2006': np.int64(23587), '2007': np.int64(23618), '2008': np.int64(23649), '2009': np.int64(23763), '2010': np.int64(23843), '2011': np.int64(23816), '2012': np.int64(23699), '2013': np.int64(23702), '2014': np.int64(23684), '2015': np.int64(23444), '2016': np.int64(23372), '2017': np.int64(23259), '2018': np.int64(23123), '2019': np.int64(22992)}"
Kibworth HarcourtSD,Small,East Midlands,Residential,Low Deprivation,Smaller non-coastal towns ,"{'2001': np.int64(4741), '2002': np.int64(4832), '2003': np.int64(4884), '2004': np.int64(4854), '2005': np.int64(4861), '2006': np.int64(4924), '2007': np.int64(4994), '2008': np.int64(5050), '2009': np.int64(5176), '2010': np.int64(5245), '2011': np.int64(5450), '2012': np.int64(5675), '2013': np.int64(5904), '2014': np.int64(6096), '2015': np.int64(6336), '2016': np.int64(6564), '2017': np.int64(6681), '2018': np.int64(6726), '2019': np.int64(6910)}"
Thornton (Bradford)SD,Small,Yorkshire and The Humber,Residential,High Deprivation,Smaller non-coastal towns ,"{'2001': np.int64(5036), '2002': np.int64(5070), '2003': np.int64(5163), '2004': np.int64(5116), '2005': np.int64(5188), '2006': np.int64(5231), '2007': np.int64(5219), '2008': np.int64(5195), '2009': np.int64(5208), '2010': np.int64(5263), '2011': np.int64(5290), '2012': np.int64(5378), '2013': np.int64(5293), '2014': np.int64(5309), '2015': np.int64(5400), '2016': np.int64(5365), '2017': np.int64(5265), '2018': np.int64(5266), '2019': np.int64(5255)}"
ShipleySD,Medium,Yorkshire and The Humber,Working,High Deprivation,Larger non-coastal towns,"{'2001': np.int64(25826), '2002': np.int64(26217), '2003': np.int64(26421), '2004': np.int64(26532), '2005': np.int64(26846), '2006': np.int64(27052), '2007': np.int64(27573), '2008': np.int64(27931), '2009': np.int64(28324), '2010': np.int64(28725), '2011': np.int64(28704), '2012': np.int64(28632), '2013': np.int64(28750), '2014': np.int64(28927), '2015': np.int64(28905), '2016': np.int64(28896), '2017': np.int64(28833), '2018': np.int64(28650), '2019': np.int64(28779)}"
DroylsdenSD,Medium,North West,Residential,High Deprivation,Larger non-coastal towns,"{'2001': np.int64(24228), '2002': np.int64(24190), '2003': np.int64(24263), '2004': np.int64(24316), '2005': np.int64(24203), '2006': np.int64(24039), '2007': np.int64(23986), '2008': np.int64(24041), '2009': np.int64(24032), '2010': np.int64(24093), '2011': np.int64(24172), '2012': np.int64(24180), '2013': np.int64(24203), '2014': np.int64(24001), '2015': np.int64(24111), '2016': np.int64(24278), '2017': np.int64(24180), '2018': np.int64(24235), '2019': np.int64(24519)}"
ThorneSD,Small,Yorkshire and The Humber,Mixed,High Deprivation,Smaller non-coastal towns ,"{'2001': np.int64(11361), '2002': np.int64(11548), '2003': np.int64(11530), '2004': np.int64(11539), '2005': np.int64(11344), '2006': np.int64(11339), '2007': np.int64(11512), '2008': np.int64(11595), '2009': np.int64(11648), '2010': np.int64(11739), '2011': np.int64(11837), '2012': np.int64(11813), '2013': np.int64(11914), '2014': np.int64(11864), '2015': np.int64(11921), '2016': np.int64(11894), '2017': np.int64(11971), '2018': np.int64(12064), '2019': np.int64(12114)}"
BanburySD,Medium,South East,Working,Middle Deprivation,Larger non-coastal towns,"{'2001': np.int64(41567), '2002': np.int64(41409), '2003': np.int64(41745), '2004': np.int64(41716), '2005': np.int64(42243), '2006': np.int64(43105), '2007': np.int64(44149), '2008': np.int64(44990), '2009': np.int64(45756), '2010': np.int64(46030), '2011': np.int64(46722), '2012': np.int64(47109), '2013': np.int64(47429), '2014': np.int64(47625), '2015': np.int64(47617), '2016': np.int64(47527), '2017': np.int64(47230), '2018': np.int64(47232), '2019': np.int64(47447)}"
SevenoaksSD,Medium,South East,Working,Low Deprivation,Larger non-coastal towns,"{'2001': np.int64(26618), '2002': np.int64(26568), '2003': np.int64(26618), '2004': np.int64(27060), '2005': np.int64(27658), '2006': np.int64(28082), '2007': np.int64(28468), '2008': np.int64(28487), '2009': np.int64(28933), '2010': np.int64(29316), '2011': np.int64(29720), '2012': np.int64(30016), '2013': np.int64(30137), '2014': np.int64(30237), '2015': np.int64(30551), '2016': np.int64(31210), '2017': np.int64(31402), '2018': np.int64(31808), '2019': np.int64(32120)}"
BollingtonSD,Small,North West,Working,Low Deprivation,Smaller non-coastal towns ,"{'2001': np.int64(6890), '2002': np.int64(6928), '2003': np.int64(7151), '2004': np.int64(7096), '2005': np.int64(7179), '2006': np.int64(7220), '2007': np.int64(7290), '2008': np.int64(7396), '2009': np.int64(7404), '2010': np.int64(7408), '2011': np.int64(7405), '2012': np.int64(7436), '2013': np.int64(7400), '2014': np.int64(7447), '2015': np.int64(7433), '2016': np.int64(7546), '2017': np.int64(7654), '2018': np.int64(7723), '2019': np.int64(7691)}"
ShevingtonSD,Small,North West,Residential,Low Deprivation,Smaller non-coastal towns ,"{'2001': np.int64(5285), '2002': np.int64(5295), '2003': np.int64(5291), '2004': np.int64(5258), '2005': np.int64(5192), '2006': np.int64(5195), '2007': np.int64(5140), '2008': np.int64(5143), '2009': np.int64(5136), '2010': np.int64(5130), '2011': np.int64(5099), '2012': np.int64(5088), '2013': np.int64(5116), '2014': np.int64(5139), '2015': np.int64(5146), '2016': np.int64(5163), '2017': np.int64(5224), '2018': np.int64(5269), '2019': np.int64(5247)}"
BlackburnSD,Large,North West,Working,High Deprivation,Larger non-coastal towns,"{'2001': np.int64(109610), '2002': np.int64(110792), '2003': np.int64(111571), '2004': np.int64(112383), '2005': np.int64(113062), '2006': np.int64(113904), '2007': np.int64(114613), '2008': np.int64(115470), '2009': np.int64(116694), '2010': np.int64(117559), '2011': np.int64(118172), '2012': np.int64(118350), '2013': np.int64(118270), '2014': np.int64(118128), '2015': np.int64(118526), '2016': np.int64(119179), '2017': np.int64(119707), '2018': np.int64(120065), '2019': np.int64(120932)}"
KempstonSD,Small,East of England,Working,High Deprivation,Smaller non-coastal towns ,"{'2001': np.int64(19391), '2002': np.int64(19514), '2003': np.int64(19448), '2004': np.int64(19308), '2005': np.int64(19246), '2006': np.int64(19288), '2007': np.int64(19191), '2008': np.int64(19327), '2009': np.int64(19266), '2010': np.int64(19228), '2011': np.int64(19378), '2012': np.int64(19570), '2013': np.int64(19963), '2014': np.int64(20340), '2015': np.int64(20674), '2016': np.int64(21005), '2017': np.int64(21156), '2018': np.int64(21275), '2019': np.int64(21131)}"
CirencesterSD,Small,South West,Working,Low Deprivation,Smaller non-coastal towns ,"{'2001': np.int64(15831), '2002': np.int64(15858), '2003': np.int64(15984), '2004': np.int64(16070), '2005': np.int64(16058), '2006': np.int64(16132), '2007': np.int64(16276), '2008': np.int64(16241), '2009': np.int64(16237), '2010': np.int64(16157), '2011': np.int64(16353), '2012': np.int64(16335), '2013': np.int64(16580), '2014': np.int64(16734), '2015': np.int64(16820), '2016': np.int64(16930), '2017': np.int64(16971), '2018': np.int64(17067), '2019': np.int64(17055)}"
WhetstoneSD,Small,East Midlands,Working,Low Deprivation,Smaller non-coastal towns ,"{'2001': np.int64(12320), '2002': np.int64(12282), '2003': np.int64(12266), '2004': np.int64(12322), '2005': np.int64(12410), '2006': np.int64(12592), '2007': np.int64(12620), '2008': np.int64(12600), '2009': np.int64(12630), '2010': np.int64(12693), '2011': np.int64(12793), '2012': np.int64(12742), '2013': np.int64(12827), '2014': np.int64(12738), '2015': np.int64(12888), '2016': np.int64(13132), '2017': np.int64(13463), '2018': np.int64(14009), '2019': np.int64(14212)}"
BrighouseSD,Medium,Yorkshire and The Humber,Working,Middle Deprivation,Larger non-coastal towns,"{'2001': np.int64(31949), '2002': np.int64(31925), '2003': np.int64(31886), '2004': np.int64(32318), '2005': np.int64(32552), '2006': np.int64(32885), '2007': np.int64(33126), '2008': np.int64(33206), '2009': np.int64(33199), '2010': np.int64(33228), '2011': np.int64(33296), '2012': np.int64(33330), '2013': np.int64(33429), '2014': np.int64(33438), '2015': np.int64(33663), '2016': np.int64(33874), '2017': np.int64(33883), '2018': np.int64(33716), '2019': np.int64(33874)}"
Nelson (Pendle)SD,Medium,North West,Residential,High Deprivation,Larger non-coastal towns,"{'2001': np.int64(29016), '2002': np.int64(28587), '2003': np.int64(28159), '2004': np.int64(28290), '2005': np.int64(28443), '2006': np.int64(28874), '2007': np.int64(29023), '2008': np.int64(29117), '2009': np.int64(29308), '2010': np.int64(29359), '2011': np.int64(29551), '2012': np.int64(29511), '2013': np.int64(29612), '2014': np.int64(29608), '2015': np.int64(29714), '2016': np.int64(30289), '2017': np.int64(30702), '2018': np.int64(31216), '2019': np.int64(31722)}"
WhitefieldSD,Medium,North West,Mixed,High Deprivation,Larger non-coastal towns,"{'2001': np.int64(20877), '2002': np.int64(20836), '2003': np.int64(20935), '2004': np.int64(20928), '2005': np.int64(20851), '2006': np.int64(20939), '2007': np.int64(20910), '2008': np.int64(20952), '2009': np.int64(20984), '2010': np.int64(20998), '2011': np.int64(21021), '2012': np.int64(21093), '2013': np.int64(21069), '2014': np.int64(21134), '2015': np.int64(21085), '2016': np.int64(21084), '2017': np.int64(21147), '2018': np.int64(21215), '2019': np.int64(21290)}"
TruroSD,Medium,South West,Working,High Deprivation,Larger non-coastal towns,"{'2001': np.int64(18282), '2002': np.int64(18408), '2003': np.int64(18609), '2004': np.int64(18734), '2005': np.int64(19080), '2006': np.int64(19193), '2007': np.int64(19444), '2008': np.int64(19694), '2009': np.int64(19794), '2010': np.int64(20107), '2011': np.int64(20473), '2012': np.int64(20666), '2013': np.int64(21000), '2014': np.int64(21436), '2015': np.int64(21337), '2016': np.int64(21606), '2017': np.int64(22092), '2018': np.int64(22334), '2019': np.int64(22623)}"
ArnoldSD,Medium,East Midlands,Residential,Middle Deprivation,Larger non-coastal towns,"{'2001': np.int64(37533), '2002': np.int64(37617), '2003': np.int64(37418), '2004': np.int64(37415), '2005': np.int64(37295), '2006': np.int64(37446), '2007': np.int64(37524), '2008': np.int64(37773), '2009': np.int64(37878), '2010': np.int64(37740), '2011': np.int64(37827), '2012': np.int64(37890), '2013': np.int64(38383), '2014': np.int64(38741), '2015': np.int64(39152), '2016': np.int64(39211), '2017': np.int64(39446), '2018': np.int64(39507), '2019': np.int64(39495)}"
StamfordSD,Small,East Midlands,Working,Low Deprivation,Smaller non-coastal towns ,"{'2001': np.int64(19545), '2002': np.int64(19245), '2003': np.int64(19329), '2004': np.int64(19414), '2005': np.int64(19354), '2006': np.int64(19536), '2007': np.int64(19542), '2008': np.int64(19483), '2009': np.int64(19492), '2010': np.int64(19633), '2011': np.int64(19741), '2012': np.int64(19927), '2013': np.int64(20093), '2014': np.int64(20383), '2015': np.int64(20393), '2016': np.int64(20499), '2017': np.int64(20558), '2018': np.int64(20569), '2019': np.int64(20649)}"
BroseleySD,Small,West Midlands,Residential,Middle Deprivation,Smaller non-coastal towns ,"{'2001': np.int64(5180), '2002': np.int64(5214), '2003': np.int64(5221), '2004': np.int64(5233), '2005': np.int64(5253), '2006': np.int64(5160), '2007': np.int64(5217), '2008': np.int64(5248), '2009': np.int64(5221), '2010': np.int64(5264), '2011': np.int64(5270), '2012': np.int64(5276), '2013': np.int64(5254), '2014': np.int64(5275), '2015': np.int64(5202), '2016': np.int64(5200), '2017': np.int64(5286), '2018': np.int64(5334), '2019': np.int64(5363)}"
TauntonSD,Medium,South West,Working,Middle Deprivation,Larger non-coastal towns,"{'2001': np.int64(56914), '2002': np.int64(57781), '2003': np.int64(58382), '2004': np.int64(58640), '2005': np.int64(58970), '2006': np.int64(59139), '2007': np.int64(59543), '2008': np.int64(59996), '2009': np.int64(60352), '2010': np.int64(60438), '2011': np.int64(60549), '2012': np.int64(60858), '2013': np.int64(61295), '2014': np.int64(61789), '2015': np.int64(61778), '2016': np.int64(62218), '2017': np.int64(62479), '2018': np.int64(63100), '2019': np.int64(63833)}"
Ashton-under-LyneSD,Medium,North West,Working,High Deprivation,Larger non-coastal towns,"{'2001': np.int64(43339), '2002': np.int64(43420), '2003': np.int64(43526), '2004': np.int64(43548), '2005': np.int64(43550), '2006': np.int64(43967), '2007': np.int64(44130), '2008': np.int64(44487), '2009': np.int64(44607), '2010': np.int64(45143), '2011': np.int64(45369), '2012': np.int64(45463), '2013': np.int64(45658), '2014': np.int64(45734), '2015': np.int64(46141), '2016': np.int64(46751), '2017': np.int64(47237), '2018': np.int64(47395), '2019': np.int64(47826)}"
EckingtonSD,Small,East Midlands,Residential,High Deprivation,Smaller non-coastal towns ,"{'2001': np.int64(7435), '2002': np.int64(7451), '2003': np.int64(7528), '2004': np.int64(7523), '2005': np.int64(7451), '2006': np.int64(7362), '2007': np.int64(7380), '2008': np.int64(7402), '2009': np.int64(7420), '2010': np.int64(7427), '2011': np.int64(7393), '2012': np.int64(7360), '2013': np.int64(7322), '2014': np.int64(7281), '2015': np.int64(7257), '2016': np.int64(7405), '2017': np.int64(7389), '2018': np.int64(7427), '2019': np.int64(7439)}"
New MillsSD,Small,East Midlands,Residential,Low Deprivation,Smaller non-coastal towns ,"{'2001': np.int64(12268), '2002': np.int64(12315), '2003': np.int64(12177), '2004': np.int64(12272), '2005': np.int64(12272), '2006': np.int64(12274), '2007': np.int64(12349), '2008': np.int64(12408), '2009': np.int64(12405), '2010': np.int64(12347), '2011': np.int64(12304), '2012': np.int64(12310), '2013': np.int64(12200), '2014': np.int64(12280), '2015': np.int64(12338), '2016': np.int64(12522), '2017': np.int64(12581), '2018': np.int64(12640), '2019': np.int64(12773)}"
OaklandsSD,Small,East of England,Residential,Low Deprivation,Smaller non-coastal towns ,"{'2001': np.int64(7514), '2002': np.int64(7648), '2003': np.int64(7655), '2004': np.int64(7593), '2005': np.int64(7754), '2006': np.int64(7653), '2007': np.int64(7580), '2008': np.int64(7618), '2009': np.int64(7652), '2010': np.int64(7715), '2011': np.int64(7708), '2012': np.int64(7700), '2013': np.int64(7916), '2014': np.int64(8058), '2015': np.int64(8047), '2016': np.int64(8245), '2017': np.int64(8127), '2018': np.int64(8021), '2019': np.int64(8169)}"
PooleSD,Large,South West,Working,Middle Deprivation,Larger seaside towns,"{'2001': np.int64(144873), '2002': np.int64(145408), '2003': np.int64(145356), '2004': np.int64(145621), '2005': np.int64(146368), '2006': np.int64(147709), '2007': np.int64(149721), '2008': np.int64(151090), '2009': np.int64(152375), '2010': np.int64(153769), '2011': np.int64(155200), '2012': np.int64(155757), '2013': np.int64(155930), '2014': np.int64(156909), '2015': np.int64(157246), '2016': np.int64(158063), '2017': np.int64(158762), '2018': np.int64(159108), '2019': np.int64(159449)}"
WindermereSD,Small,North West,Working,Low Deprivation,Smaller non-coastal towns ,"{'2001': np.int64(5428), '2002': np.int64(5371), '2003': np.int64(5342), '2004': np.int64(5313), '2005': np.int64(5389), '2006': np.int64(5293), '2007': np.int64(5308), '2008': np.int64(5293), '2009': np.int64(5293), '2010': np.int64(5266), '2011': np.int64(5237), '2012': np.int64(5094), '2013': np.int64(5152), '2014': np.int64(5082), '2015': np.int64(5092), '2016': np.int64(5070), '2017': np.int64(5042), '2018': np.int64(5002), '2019': np.int64(5006)}"
Ackworth Moor TopSD,Small,Yorkshire and The Humber,Residential,Low Deprivation,Smaller non-coastal towns ,"{'2001': np.int64(4767), '2002': np.int64(4756), '2003': np.int64(4739), '2004': np.int64(4832), '2005': np.int64(4872), '2006': np.int64(4878), '2007': np.int64(5008), '2008': np.int64(5116), '2009': np.int64(5199), '2010': np.int64(5302), '2011': np.int64(5297), '2012': np.int64(5383), '2013': np.int64(5442), '2014': np.int64(5343), '2015': np.int64(5554), '2016': np.int64(5660), '2017': np.int64(5811), '2018': np.int64(5947), '2019': np.int64(6114)}"
RushdenSD,Medium,East Midlands,Mixed,Middle Deprivation,Larger non-coastal towns,"{'2001': np.int64(26009), '2002': np.int64(26584), '2003': np.int64(27207), '2004': np.int64(27557), '2005': np.int64(27769), '2006': np.int64(28313), '2007': np.int64(28754), '2008': np.int64(28850), '2009': np.int64(29051), '2010': np.int64(29201), '2011': np.int64(29562), '2012': np.int64(29759), '2013': np.int64(30203), '2014': np.int64(30559), '2015': np.int64(31012), '2016': np.int64(31570), '2017': np.int64(32124), '2018': np.int64(32368), '2019': np.int64(32372)}"
AlsagerSD,Small,North West,Residential,Low Deprivation,Smaller non-coastal towns ,"{'2001': np.int64(14109), '2002': np.int64(14270), '2003': np.int64(14244), '2004': np.int64(14189), '2005': np.int64(14164), '2006': np.int64(14110), '2007': np.int64(13834), '2008': np.int64(13675), '2009': np.int64(13542), '2010': np.int64(13464), '2011': np.int64(13350), '2012': np.int64(13336), '2013': np.int64(13343), '2014': np.int64(13333), '2015': np.int64(13297), '2016': np.int64(13309), '2017': np.int64(13550), '2018': np.int64(13706), '2019': np.int64(14120)}"
OswaldtwistleSD,Small,North West,Residential,High Deprivation,Smaller non-coastal towns ,"{'2001': np.int64(12143), '2002': np.int64(12062), '2003': np.int64(12047), '2004': np.int64(11896), '2005': np.int64(11940), '2006': np.int64(11937), '2007': np.int64(11858), '2008': np.int64(11877), '2009': np.int64(11839), '2010': np.int64(11934), '2011': np.int64(11760), '2012': np.int64(11735), '2013': np.int64(11660), '2014': np.int64(11645), '2015': np.int64(11654), '2016': np.int64(11522), '2017': np.int64(11393), '2018': np.int64(11442), '2019': np.int64(11443)}"
HorndeanSD,Medium,South East,Residential,Low Deprivation,Larger non-coastal towns,"{'2001': np.int64(45705), '2002': np.int64(45843), '2003': np.int64(45971), '2004': np.int64(46022), '2005': np.int64(46170), '2006': np.int64(46349), '2007': np.int64(46405), '2008': np.int64(46553), '2009': np.int64(46570), '2010': np.int64(46814), '2011': np.int64(46940), '2012': np.int64(46945), '2013': np.int64(47281), '2014': np.int64(47642), '2015': np.int64(48033), '2016': np.int64(48512), '2017': np.int64(48851), '2018': np.int64(49174), '2019': np.int64(49381)}"
SouthwickSD,Small,South East,Residential,High Deprivation,Smaller seaside towns ,"{'2001': np.int64(11526), '2002': np.int64(11488), '2003': np.int64(11548), '2004': np.int64(11423), '2005': np.int64(11359), '2006': np.int64(11407), '2007': np.int64(11344), '2008': np.int64(11349), '2009': np.int64(11451), '2010': np.int64(11477), '2011': np.int64(11548), '2012': np.int64(11596), '2013': np.int64(11701), '2014': np.int64(11786), '2015': np.int64(11765), '2016': np.int64(11808), '2017': np.int64(11876), '2018': np.int64(11916), '2019': np.int64(12028)}"
DartmouthSD,Small,South West,Working,Middle Deprivation,Smaller seaside towns ,"{'2001': np.int64(5236), '2002': np.int64(5281), '2003': np.int64(5201), '2004': np.int64(5157), '2005': np.int64(5159), '2006': np.int64(5149), '2007': np.int64(5136), '2008': np.int64(5125), '2009': np.int64(5097), '2010': np.int64(5085), '2011': np.int64(5068), '2012': np.int64(5178), '2013': np.int64(5108), '2014': np.int64(5029), '2015': np.int64(5088), '2016': np.int64(5058), '2017': np.int64(4994), '2018': np.int64(4917), '2019': np.int64(4912)}"
CoseleySD,Medium,West Midlands,Residential,High Deprivation,Larger non-coastal towns,"{'2001': np.int64(22934), '2002': np.int64(23024), '2003': np.int64(23082), '2004': np.int64(22990), '2005': np.int64(22929), '2006': np.int64(23000), '2007': np.int64(23024), '2008': np.int64(23222), '2009': np.int64(23123), '2010': np.int64(23161), '2011': np.int64(23122), '2012': np.int64(23187), '2013': np.int64(23245), '2014': np.int64(23163), '2015': np.int64(23174), '2016': np.int64(23035), '2017': np.int64(23283), '2018': np.int64(23282), '2019': np.int64(23286)}"
ChristchurchSD,Medium,South West,Residential,Low Deprivation,Larger seaside towns,"{'2001': np.int64(50848), '2002': np.int64(51112), '2003': np.int64(51460), '2004': np.int64(51676), '2005': np.int64(52009), '2006': np.int64(52461), '2007': np.int64(52884), '2008': np.int64(53270), '2009': np.int64(53687), '2010': np.int64(54097), '2011': np.int64(54363), '2012': np.int64(54389), '2013': np.int64(54843), '2014': np.int64(55399), '2015': np.int64(55665), '2016': np.int64(56100), '2017': np.int64(56061), '2018': np.int64(56498), '2019': np.int64(56779)}"
BirkenheadSD,Large,North West,Mixed,High Deprivation,Larger other coastal towns ,"{'2001': np.int64(140451), '2002': np.int64(140334), '2003': np.int64(140644), '2004': np.int64(140651), '2005': np.int64(140619), '2006': np.int64(140625), '2007': np.int64(140496), '2008': np.int64(141126), '2009': np.int64(141730), '2010': np.int64(142501), '2011': np.int64(143115), '2012': np.int64(143062), '2013': np.int64(143217), '2014': np.int64(143713), '2015': np.int64(143996), '2016': np.int64(144434), '2017': np.int64(144756), '2018': np.int64(145039), '2019': np.int64(145775)}"
FulwoodSD,Medium,North West,Working,Middle Deprivation,Larger non-coastal towns,"{'2001': np.int64(36242), '2002': np.int64(36096), '2003': np.int64(36523), '2004': np.int64(36361), '2005': np.int64(36327), '2006': np.int64(36351), '2007': np.int64(36273), '2008': np.int64(36177), '2009': np.int64(35870), '2010': np.int64(35903), '2011': np.int64(35799), '2012': np.int64(35821), '2013': np.int64(35772), '2014': np.int64(35578), '2015': np.int64(35637), '2016': np.int64(35480), '2017': np.int64(35364), '2018': np.int64(35335), '2019': np.int64(35917)}"
Great YarmouthSD,Medium,East of England,Working,High Deprivation,Larger seaside towns,"{'2001': np.int64(34935), '2002': np.int64(34994), '2003': np.int64(35563), '2004': np.int64(35998), '2005': np.int64(36407), '2006': np.int64(36560), '2007': np.int64(36953), '2008': np.int64(37288), '2009': np.int64(37875), '2010': np.int64(38406), '2011': np.int64(38794), '2012': np.int64(38921), '2013': np.int64(39213), '2014': np.int64(39611), '2015': np.int64(39991), '2016': np.int64(40282), '2017': np.int64(40883), '2018': np.int64(41075), '2019': np.int64(41138)}"
Ingleby BarwickSD,Medium,North East,Residential,Low Deprivation,Larger non-coastal towns,"{'2001': np.int64(14679), '2002': np.int64(15827), '2003': np.int64(16658), '2004': np.int64(17088), '2005': np.int64(17528), '2006': np.int64(18146), '2007': np.int64(18740), '2008': np.int64(19337), '2009': np.int64(19918), '2010': np.int64(20151), '2011': np.int64(20458), '2012': np.int64(20742), '2013': np.int64(21062), '2014': np.int64(21266), '2015': np.int64(21570), '2016': np.int64(21962), '2017': np.int64(22256), '2018': np.int64(22545), '2019': np.int64(22491)}"
BreastonSD,Small,East Midlands,Residential,Low Deprivation,Smaller non-coastal towns ,"{'2001': np.int64(7256), '2002': np.int64(7336), '2003': np.int64(7339), '2004': np.int64(7327), '2005': np.int64(7367), '2006': np.int64(7321), '2007': np.int64(7334), '2008': np.int64(7466), '2009': np.int64(7496), '2010': np.int64(7580), '2011': np.int64(7546), '2012': np.int64(7616), '2013': np.int64(7662), '2014': np.int64(7728), '2015': np.int64(7703), '2016': np.int64(7826), '2017': np.int64(7830), '2018': np.int64(7802), '2019': np.int64(7691)}"
North HykehamSD,Small,East Midlands,Working,Low Deprivation,Smaller non-coastal towns ,"{'2001': np.int64(12081), '2002': np.int64(12346), '2003': np.int64(12429), '2004': np.int64(12616), '2005': np.int64(12617), '2006': np.int64(12913), '2007': np.int64(13296), '2008': np.int64(13787), '2009': np.int64(14074), '2010': np.int64(14381), '2011': np.int64(14743), '2012': np.int64(15087), '2013': np.int64(15167), '2014': np.int64(15470), '2015': np.int64(15908), '2016': np.int64(16308), '2017': np.int64(16895), '2018': np.int64(17275), '2019': np.int64(17365)}"
WivenhoeSD,Small,East of England,Residential,Low Deprivation,Smaller non-coastal towns ,"{'2001': np.int64(7159), '2002': np.int64(7171), '2003': np.int64(7278), '2004': np.int64(7323), '2005': np.int64(7524), '2006': np.int64(7626), '2007': np.int64(7650), '2008': np.int64(7720), '2009': np.int64(7657), '2010': np.int64(7616), '2011': np.int64(7626), '2012': np.int64(7626), '2013': np.int64(7741), '2014': np.int64(7850), '2015': np.int64(7840), '2016': np.int64(7899), '2017': np.int64(7891), '2018': np.int64(7890), '2019': np.int64(7949)}"
DidcotSD,Medium,South East,Working,Low Deprivation,Larger non-coastal towns,"{'2001': np.int64(25411), '2002': np.int64(25483), '2003': np.int64(25451), '2004': np.int64(25341), '2005': np.int64(25625), '2006': np.int64(25839), '2007': np.int64(26206), '2008': np.int64(26502), '2009': np.int64(26863), '2010': np.int64(26849), '2011': np.int64(27138), '2012': np.int64(27221), '2013': np.int64(27695), '2014': np.int64(28178), '2015': np.int64(28899), '2016': np.int64(29621), '2017': np.int64(30078), '2018': np.int64(30120), '2019': np.int64(29922)}"
Chadwell St MarySD,Small,East of England,Residential,High Deprivation,Smaller non-coastal towns ,"{'2001': np.int64(9446), '2002': np.int64(9498), '2003': np.int64(9547), '2004': np.int64(9597), '2005': np.int64(9615), '2006': np.int64(9632), '2007': np.int64(9668), '2008': np.int64(9718), '2009': np.int64(9775), '2010': np.int64(9877), '2011': np.int64(9874), '2012': np.int64(9875), '2013': np.int64(9878), '2014': np.int64(10111), '2015': np.int64(10221), '2016': np.int64(10317), '2017': np.int64(10282), '2018': np.int64(10317), '2019': np.int64(10356)}"
Waltham CrossSD,Small,East of England,Working,High Deprivation,Smaller non-coastal towns ,"{'2001': np.int64(9090), '2002': np.int64(9174), '2003': np.int64(9219), '2004': np.int64(9180), '2005': np.int64(9329), '2006': np.int64(9386), '2007': np.int64(9597), '2008': np.int64(9767), '2009': np.int64(9846), '2010': np.int64(10051), '2011': np.int64(10097), '2012': np.int64(10263), '2013': np.int64(10351), '2014': np.int64(10377), '2015': np.int64(10525), '2016': np.int64(10480), '2017': np.int64(10595), '2018': np.int64(10737), '2019': np.int64(10910)}"
EastwoodSD,Small,East Midlands,Mixed,High Deprivation,Smaller non-coastal towns ,"{'2001': np.int64(18686), '2002': np.int64(18729), '2003': np.int64(18563), '2004': np.int64(18524), '2005': np.int64(18450), '2006': np.int64(18369), '2007': np.int64(18418), '2008': np.int64(18416), '2009': np.int64(18368), '2010': np.int64(18277), '2011': np.int64(18434), '2012': np.int64(18691), '2013': np.int64(18758), '2014': np.int64(18747), '2015': np.int64(18931), '2016': np.int64(18946), '2017': np.int64(19058), '2018': np.int64(19168), '2019': np.int64(19231)}"
BordonSD,Small,South East,Residential,Low Deprivation,Smaller non-coastal towns ,"{'2001': np.int64(16239), '2002': np.int64(16131), '2003': np.int64(16020), '2004': np.int64(15825), '2005': np.int64(15675), '2006': np.int64(15746), '2007': np.int64(15942), '2008': np.int64(16207), '2009': np.int64(16520), '2010': np.int64(16376), '2011': np.int64(16312), '2012': np.int64(16366), '2013': np.int64(16297), '2014': np.int64(16198), '2015': np.int64(15965), '2016': np.int64(15122), '2017': np.int64(15025), '2018': np.int64(15389), '2019': np.int64(15708)}"
CamborneSD,Medium,South West,Mixed,High Deprivation,Larger non-coastal towns,"{'2001': np.int64(19625), '2002': np.int64(19661), '2003': np.int64(19970), '2004': np.int64(20031), '2005': np.int64(19965), '2006': np.int64(20084), '2007': np.int64(20193), '2008': np.int64(20205), '2009': np.int64(20198), '2010': np.int64(20314), '2011': np.int64(20473), '2012': np.int64(20709), '2013': np.int64(20762), '2014': np.int64(21029), '2015': np.int64(21185), '2016': np.int64(21492), '2017': np.int64(21985), '2018': np.int64(22399), '2019': np.int64(22630)}"
BlackheathSD,Small,West Midlands,Mixed,High Deprivation,Smaller non-coastal towns ,"{'2001': np.int64(6119), '2002': np.int64(6146), '2003': np.int64(6073), '2004': np.int64(6204), '2005': np.int64(6193), '2006': np.int64(6167), '2007': np.int64(6217), '2008': np.int64(6320), '2009': np.int64(6467), '2010': np.int64(6551), '2011': np.int64(6525), '2012': np.int64(6719), '2013': np.int64(6589), '2014': np.int64(6656), '2015': np.int64(6574), '2016': np.int64(6612), '2017': np.int64(6722), '2018': np.int64(6639), '2019': np.int64(6523)}"
TaverhamSD,Small,East of England,Residential,Low Deprivation,Smaller non-coastal towns ,"{'2001': np.int64(15380), '2002': np.int64(15563), '2003': np.int64(15527), '2004': np.int64(15620), '2005': np.int64(15706), '2006': np.int64(15700), '2007': np.int64(15695), '2008': np.int64(15638), '2009': np.int64(15737), '2010': np.int64(15686), '2011': np.int64(15655), '2012': np.int64(15663), '2013': np.int64(15593), '2014': np.int64(15618), '2015': np.int64(15575), '2016': np.int64(15564), '2017': np.int64(15519), '2018': np.int64(15582), '2019': np.int64(15512)}"
Little LeverSD,Small,North West,Residential,Middle Deprivation,Smaller non-coastal towns ,"{'2001': np.int64(12614), '2002': np.int64(12770), '2003': np.int64(12730), '2004': np.int64(12628), '2005': np.int64(12578), '2006': np.int64(12612), '2007': np.int64(12551), '2008': np.int64(12721), '2009': np.int64(12740), '2010': np.int64(12744), '2011': np.int64(12821), '2012': np.int64(12929), '2013': np.int64(12851), '2014': np.int64(12834), '2015': np.int64(12674), '2016': np.int64(12654), '2017': np.int64(12556), '2018': np.int64(12474), '2019': np.int64(12444)}"
AthertonSD,Medium,North West,Mixed,High Deprivation,Larger non-coastal towns,"{'2001': np.int64(65998), '2002': np.int64(65722), '2003': np.int64(66159), '2004': np.int64(66391), '2005': np.int64(66545), '2006': np.int64(67082), '2007': np.int64(68037), '2008': np.int64(68789), '2009': np.int64(69474), '2010': np.int64(70223), '2011': np.int64(70615), '2012': np.int64(70838), '2013': np.int64(71258), '2014': np.int64(71483), '2015': np.int64(71437), '2016': np.int64(71926), '2017': np.int64(72176), '2018': np.int64(72660), '2019': np.int64(73130)}"
St IvesSD,Small,East of England,Working,Low Deprivation,Smaller non-coastal towns ,"{'2001': np.int64(16132), '2002': np.int64(15925), '2003': np.int64(15796), '2004': np.int64(15941), '2005': np.int64(15976), '2006': np.int64(16083), '2007': np.int64(16110), '2008': np.int64(16224), '2009': np.int64(16300), '2010': np.int64(16402), '2011': np.int64(16427), '2012': np.int64(16516), '2013': np.int64(16803), '2014': np.int64(16899), '2015': np.int64(17021), '2016': np.int64(16965), '2017': np.int64(17024), '2018': np.int64(17083), '2019': np.int64(17018)}"
MarlboroughSD,Small,South West,Working,Low Deprivation,Smaller non-coastal towns ,"{'2001': np.int64(7646), '2002': np.int64(7707), '2003': np.int64(7805), '2004': np.int64(7886), '2005': np.int64(7915), '2006': np.int64(8022), '2007': np.int64(8038), '2008': np.int64(8055), '2009': np.int64(8053), '2010': np.int64(8084), '2011': np.int64(8100), '2012': np.int64(8273), '2013': np.int64(8214), '2014': np.int64(8260), '2015': np.int64(8172), '2016': np.int64(8149), '2017': np.int64(8299), '2018': np.int64(8250), '2019': np.int64(8233)}"
HertfordSD,Medium,East of England,Working,Low Deprivation,Larger non-coastal towns,"{'2001': np.int64(24848), '2002': np.int64(25461), '2003': np.int64(25129), '2004': np.int64(24882), '2005': np.int64(25068), '2006': np.int64(25201), '2007': np.int64(25455), '2008': np.int64(25986), '2009': np.int64(26368), '2010': np.int64(26574), '2011': np.int64(26839), '2012': np.int64(27123), '2013': np.int64(27504), '2014': np.int64(27833), '2015': np.int64(28248), '2016': np.int64(28688), '2017': np.int64(28860), '2018': np.int64(28950), '2019': np.int64(29303)}"
West BridgfordSD,Medium,East Midlands,Mixed,Low Deprivation,Larger non-coastal towns,"{'2001': np.int64(43416), '2002': np.int64(43715), '2003': np.int64(43801), '2004': np.int64(43876), '2005': np.int64(44111), '2006': np.int64(44445), '2007': np.int64(44542), '2008': np.int64(44661), '2009': np.int64(44929), '2010': np.int64(45605), '2011': np.int64(45610), '2012': np.int64(45645), '2013': np.int64(46213), '2014': np.int64(46570), '2015': np.int64(46960), '2016': np.int64(47358), '2017': np.int64(47670), '2018': np.int64(48225), '2019': np.int64(48856)}"
BletchleySD,Medium,South East,Working,High Deprivation,Larger non-coastal towns,"{'2001': np.int64(35789), '2002': np.int64(35750), '2003': np.int64(35781), '2004': np.int64(35673), '2005': np.int64(35875), '2006': np.int64(35686), '2007': np.int64(35805), '2008': np.int64(36085), '2009': np.int64(36467), '2010': np.int64(36776), '2011': np.int64(37228), '2012': np.int64(37896), '2013': np.int64(38192), '2014': np.int64(38630), '2015': np.int64(39086), '2016': np.int64(39292), '2017': np.int64(39304), '2018': np.int64(39448), '2019': np.int64(39220)}"
BerkhamstedSD,Medium,East of England,Working,Low Deprivation,Larger non-coastal towns,"{'2001': np.int64(19119), '2002': np.int64(19245), '2003': np.int64(19458), '2004': np.int64(19420), '2005': np.int64(19334), '2006': np.int64(19504), '2007': np.int64(19609), '2008': np.int64(19875), '2009': np.int64(20178), '2010': np.int64(20425), '2011': np.int64(20723), '2012': np.int64(20863), '2013': np.int64(21124), '2014': np.int64(21340), '2015': np.int64(21335), '2016': np.int64(21471), '2017': np.int64(21435), '2018': np.int64(21644), '2019': np.int64(21719)}"
KnaresboroughSD,Small,Yorkshire and The Humber,Working,Low Deprivation,Smaller non-coastal towns ,"{'2001': np.int64(14754), '2002': np.int64(14747), '2003': np.int64(14706), '2004': np.int64(14837), '2005': np.int64(14990), '2006': np.int64(14912), '2007': np.int64(14986), '2008': np.int64(15046), '2009': np.int64(15125), '2010': np.int64(15239), '2011': np.int64(15541), '2012': np.int64(15555), '2013': np.int64(15561), '2014': np.int64(15580), '2015': np.int64(15599), '2016': np.int64(15636), '2017': np.int64(15557), '2018': np.int64(15588), '2019': np.int64(15442)}"
WillenhallSD,Medium,West Midlands,Residential,High Deprivation,Larger non-coastal towns,"{'2001': np.int64(48667), '2002': np.int64(48868), '2003': np.int64(48939), '2004': np.int64(49086), '2005': np.int64(49349), '2006': np.int64(49713), '2007': np.int64(50023), '2008': np.int64(50385), '2009': np.int64(50648), '2010': np.int64(50937), '2011': np.int64(51473), '2012': np.int64(51529), '2013': np.int64(51711), '2014': np.int64(51949), '2015': np.int64(52354), '2016': np.int64(52702), '2017': np.int64(53012), '2018': np.int64(53144), '2019': np.int64(53334)}"
HelstonSD,Small,South West,Working,Middle Deprivation,Smaller non-coastal towns ,"{'2001': np.int64(9945), '2002': np.int64(10215), '2003': np.int64(10355), '2004': np.int64(10357), '2005': np.int64(10496), '2006': np.int64(10668), '2007': np.int64(10688), '2008': np.int64(10893), '2009': np.int64(10960), '2010': np.int64(11179), '2011': np.int64(11359), '2012': np.int64(11536), '2013': np.int64(11549), '2014': np.int64(11522), '2015': np.int64(11661), '2016': np.int64(11810), '2017': np.int64(11818), '2018': np.int64(11792), '2019': np.int64(11698)}"
BulkingtonSD,Small,West Midlands,Residential,Low Deprivation,Smaller non-coastal towns ,"{'2001': np.int64(6282), '2002': np.int64(6228), '2003': np.int64(6175), '2004': np.int64(6190), '2005': np.int64(6228), '2006': np.int64(6172), '2007': np.int64(6238), '2008': np.int64(6248), '2009': np.int64(6175), '2010': np.int64(6158), '2011': np.int64(6143), '2012': np.int64(6150), '2013': np.int64(6149), '2014': np.int64(6148), '2015': np.int64(6169), '2016': np.int64(6174), '2017': np.int64(6178), '2018': np.int64(6090), '2019': np.int64(6096)}"
RamsgateSD,Medium,South East,Residential,High Deprivation,Larger seaside towns,"{'2001': np.int64(37999), '2002': np.int64(38438), '2003': np.int64(38563), '2004': np.int64(38841), '2005': np.int64(38709), '2006': np.int64(38844), '2007': np.int64(39341), '2008': np.int64(39909), '2009': np.int64(40104), '2010': np.int64(40498), '2011': np.int64(40627), '2012': np.int64(40805), '2013': np.int64(41173), '2014': np.int64(41725), '2015': np.int64(42152), '2016': np.int64(42467), '2017': np.int64(42632), '2018': np.int64(42306), '2019': np.int64(42040)}"
AdlingtonSD,Small,North West,Residential,Low Deprivation,Smaller non-coastal towns ,"{'2001': np.int64(8474), '2002': np.int64(8489), '2003': np.int64(8582), '2004': np.int64(8720), '2005': np.int64(8903), '2006': np.int64(8966), '2007': np.int64(9035), '2008': np.int64(9082), '2009': np.int64(9034), '2010': np.int64(9101), '2011': np.int64(9266), '2012': np.int64(9341), '2013': np.int64(9388), '2014': np.int64(9596), '2015': np.int64(9715), '2016': np.int64(9761), '2017': np.int64(9868), '2018': np.int64(10000), '2019': np.int64(10235)}"
KippaxSD,Small,Yorkshire and The Humber,Residential,Low Deprivation,Smaller non-coastal towns ,"{'2001': np.int64(10463), '2002': np.int64(10451), '2003': np.int64(10424), '2004': np.int64(10440), '2005': np.int64(10418), '2006': np.int64(10446), '2007': np.int64(10300), '2008': np.int64(10163), '2009': np.int64(10113), '2010': np.int64(10093), '2011': np.int64(10100), '2012': np.int64(10013), '2013': np.int64(9927), '2014': np.int64(9861), '2015': np.int64(9879), '2016': np.int64(9842), '2017': np.int64(9731), '2018': np.int64(9639), '2019': np.int64(9692)}"
PenzanceSD,Small,South West,Working,High Deprivation,Smaller seaside towns ,"{'2001': np.int64(16244), '2002': np.int64(16388), '2003': np.int64(16334), '2004': np.int64(16446), '2005': np.int64(16479), '2006': np.int64(16315), '2007': np.int64(16371), '2008': np.int64(16430), '2009': np.int64(16400), '2010': np.int64(16374), '2011': np.int64(16364), '2012': np.int64(16350), '2013': np.int64(16366), '2014': np.int64(16375), '2015': np.int64(16230), '2016': np.int64(16272), '2017': np.int64(16320), '2018': np.int64(16254), '2019': np.int64(16296)}"
Cheadle HulmeSD,Medium,North West,Mixed,Low Deprivation,Larger non-coastal towns,"{'2001': np.int64(24618), '2002': np.int64(24325), '2003': np.int64(24160), '2004': np.int64(24097), '2005': np.int64(23999), '2006': np.int64(23898), '2007': np.int64(23986), '2008': np.int64(24103), '2009': np.int64(24156), '2010': np.int64(24292), '2011': np.int64(24365), '2012': np.int64(24410), '2013': np.int64(24515), '2014': np.int64(24712), '2015': np.int64(24914), '2016': np.int64(25207), '2017': np.int64(25383), '2018': np.int64(25391), '2019': np.int64(25394)}"
RadcliffeSD,Medium,North West,Residential,High Deprivation,Larger non-coastal towns,"{'2001': np.int64(29087), '2002': np.int64(29059), '2003': np.int64(29073), '2004': np.int64(28968), '2005': np.int64(29268), '2006': np.int64(29475), '2007': np.int64(29610), '2008': np.int64(29602), '2009': np.int64(29700), '2010': np.int64(29926), '2011': np.int64(30014), '2012': np.int64(30285), '2013': np.int64(30443), '2014': np.int64(30722), '2015': np.int64(30847), '2016': np.int64(31081), '2017': np.int64(31267), '2018': np.int64(31547), '2019': np.int64(31844)}"
CoalvilleSD,Medium,East Midlands,Mixed,Middle Deprivation,Larger non-coastal towns,"{'2001': np.int64(31427), '2002': np.int64(31908), '2003': np.int64(32203), '2004': np.int64(32520), '2005': np.int64(32843), '2006': np.int64(33143), '2007': np.int64(33637), '2008': np.int64(33877), '2009': np.int64(34119), '2010': np.int64(34397), '2011': np.int64(34678), '2012': np.int64(34830), '2013': np.int64(34882), '2014': np.int64(35132), '2015': np.int64(35496), '2016': np.int64(35687), '2017': np.int64(36166), '2018': np.int64(36800), '2019': np.int64(37300)}"
GarstangSD,Small,North West,Residential,Low Deprivation,Smaller non-coastal towns ,"{'2001': np.int64(6306), '2002': np.int64(6429), '2003': np.int64(6493), '2004': np.int64(6611), '2005': np.int64(6620), '2006': np.int64(6778), '2007': np.int64(6756), '2008': np.int64(6752), '2009': np.int64(6767), '2010': np.int64(6791), '2011': np.int64(6780), '2012': np.int64(6674), '2013': np.int64(6644), '2014': np.int64(6666), '2015': np.int64(6782), '2016': np.int64(6754), '2017': np.int64(6872), '2018': np.int64(6952), '2019': np.int64(7046)}"
TiptonSD,Medium,West Midlands,Residential,High Deprivation,Larger non-coastal towns,"{'2001': np.int64(38031), '2002': np.int64(38017), '2003': np.int64(38319), '2004': np.int64(38527), '2005': np.int64(39118), '2006': np.int64(39564), '2007': np.int64(40139), '2008': np.int64(40914), '2009': np.int64(41672), '2010': np.int64(42096), '2011': np.int64(42581), '2012': np.int64(43004), '2013': np.int64(43600), '2014': np.int64(43959), '2015': np.int64(44104), '2016': np.int64(44597), '2017': np.int64(44766), '2018': np.int64(45186), '2019': np.int64(45283)}"
BridlingtonSD,Medium,Yorkshire and The Humber,Residential,High Deprivation,Larger seaside towns,"{'2001': np.int64(33743), '2002': np.int64(34033), '2003': np.int64(34549), '2004': np.int64(34711), '2005': np.int64(34750), '2006': np.int64(34866), '2007': np.int64(35093), '2008': np.int64(35065), '2009': np.int64(34971), '2010': np.int64(35116), '2011': np.int64(35178), '2012': np.int64(35206), '2013': np.int64(35168), '2014': np.int64(35203), '2015': np.int64(35238), '2016': np.int64(35339), '2017': np.int64(35085), '2018': np.int64(35115), '2019': np.int64(35264)}"
LitherlandSD,Small,North West,Residential,High Deprivation,Smaller non-coastal towns ,"{'2001': np.int64(17977), '2002': np.int64(17948), '2003': np.int64(18249), '2004': np.int64(18135), '2005': np.int64(18059), '2006': np.int64(18006), '2007': np.int64(18204), '2008': np.int64(18218), '2009': np.int64(18321), '2010': np.int64(18498), '2011': np.int64(18577), '2012': np.int64(18640), '2013': np.int64(18440), '2014': np.int64(18538), '2015': np.int64(18607), '2016': np.int64(18615), '2017': np.int64(18668), '2018': np.int64(18845), '2019': np.int64(18902)}"
KirkhamSD,Small,North West,Working,Middle Deprivation,Smaller non-coastal towns ,"{'2001': np.int64(11487), '2002': np.int64(11448), '2003': np.int64(11512), '2004': np.int64(11458), '2005': np.int64(11476), '2006': np.int64(11311), '2007': np.int64(11414), '2008': np.int64(11518), '2009': np.int64(11644), '2010': np.int64(11869), '2011': np.int64(12010), '2012': np.int64(12160), '2013': np.int64(12271), '2014': np.int64(12402), '2015': np.int64(12404), '2016': np.int64(12553), '2017': np.int64(12774), '2018': np.int64(12999), '2019': np.int64(13418)}"
BarnsleySD,Large,Yorkshire and The Humber,Working,High Deprivation,Larger non-coastal towns,"{'2001': np.int64(87500), '2002': np.int64(87440), '2003': np.int64(87632), '2004': np.int64(87662), '2005': np.int64(88193), '2006': np.int64(89002), '2007': np.int64(89699), '2008': np.int64(90241), '2009': np.int64(90364), '2010': np.int64(90730), '2011': np.int64(91673), '2012': np.int64(92518), '2013': np.int64(93527), '2014': np.int64(94642), '2015': np.int64(95407), '2016': np.int64(96424), '2017': np.int64(96878), '2018': np.int64(98075), '2019': np.int64(98924)}"
Platt BridgeSD,Small,North West,Residential,High Deprivation,Smaller non-coastal towns ,"{'2001': np.int64(9048), '2002': np.int64(8940), '2003': np.int64(8941), '2004': np.int64(8893), '2005': np.int64(9025), '2006': np.int64(9231), '2007': np.int64(9438), '2008': np.int64(9746), '2009': np.int64(10031), '2010': np.int64(10203), '2011': np.int64(10367), '2012': np.int64(10620), '2013': np.int64(10651), '2014': np.int64(10690), '2015': np.int64(10645), '2016': np.int64(10683), '2017': np.int64(10614), '2018': np.int64(10667), '2019': np.int64(10773)}"
LutonSD,Large,East of England,Working,High Deprivation,Larger non-coastal towns,"{'2001': np.int64(193293), '2002': np.int64(193017), '2003': np.int64(192385), '2004': np.int64(191002), '2005': np.int64(192886), '2006': np.int64(194964), '2007': np.int64(197485), '2008': np.int64(200020), '2009': np.int64(203403), '2010': np.int64(207598), '2011': np.int64(211692), '2012': np.int64(213576), '2013': np.int64(215549), '2014': np.int64(218368), '2015': np.int64(221788), '2016': np.int64(224116), '2017': np.int64(222907), '2018': np.int64(222457), '2019': np.int64(221502)}"
Wath upon DearneSD,Medium,Yorkshire and The Humber,Working,High Deprivation,Larger non-coastal towns,"{'2001': np.int64(31735), '2002': np.int64(32043), '2003': np.int64(32308), '2004': np.int64(32515), '2005': np.int64(32562), '2006': np.int64(32545), '2007': np.int64(32590), '2008': np.int64(32658), '2009': np.int64(32805), '2010': np.int64(33073), '2011': np.int64(33460), '2012': np.int64(33995), '2013': np.int64(34431), '2014': np.int64(34977), '2015': np.int64(35412), '2016': np.int64(35713), '2017': np.int64(35988), '2018': np.int64(36272), '2019': np.int64(36318)}"
Quorn (Quorndon)SD,Small,East Midlands,Residential,Low Deprivation,Smaller non-coastal towns ,"{'2001': np.int64(4952), '2002': np.int64(4975), '2003': np.int64(4936), '2004': np.int64(4907), '2005': np.int64(4873), '2006': np.int64(4890), '2007': np.int64(4900), '2008': np.int64(5014), '2009': np.int64(5074), '2010': np.int64(5130), '2011': np.int64(5179), '2012': np.int64(5251), '2013': np.int64(5306), '2014': np.int64(5438), '2015': np.int64(5648), '2016': np.int64(5800), '2017': np.int64(5907), '2018': np.int64(5942), '2019': np.int64(5974)}"
BurscoughSD,Small,North West,Working,Low Deprivation,Smaller non-coastal towns ,"{'2001': np.int64(8306), '2002': np.int64(8284), '2003': np.int64(8388), '2004': np.int64(8411), '2005': np.int64(8578), '2006': np.int64(8686), '2007': np.int64(8691), '2008': np.int64(8700), '2009': np.int64(8788), '2010': np.int64(8824), '2011': np.int64(8814), '2012': np.int64(8826), '2013': np.int64(8793), '2014': np.int64(8796), '2015': np.int64(8935), '2016': np.int64(8978), '2017': np.int64(8960), '2018': np.int64(8916), '2019': np.int64(8952)}"
DursleySD,Small,South West,Residential,Middle Deprivation,Smaller non-coastal towns ,"{'2001': np.int64(13786), '2002': np.int64(13813), '2003': np.int64(14032), '2004': np.int64(14039), '2005': np.int64(14110), '2006': np.int64(14144), '2007': np.int64(14197), '2008': np.int64(14257), '2009': np.int64(14406), '2010': np.int64(14577), '2011': np.int64(14597), '2012': np.int64(14658), '2013': np.int64(14744), '2014': np.int64(14937), '2015': np.int64(15188), '2016': np.int64(15339), '2017': np.int64(15556), '2018': np.int64(15706), '2019': np.int64(15952)}"
HarrogateSD,Medium,Yorkshire and The Humber,Working,Low Deprivation,Larger non-coastal towns,"{'2001': np.int64(70616), '2002': np.int64(70514), '2003': np.int64(69880), '2004': np.int64(69876), '2005': np.int64(70654), '2006': np.int64(70853), '2007': np.int64(71502), '2008': np.int64(71768), '2009': np.int64(72148), '2010': np.int64(73089), '2011': np.int64(73736), '2012': np.int64(73693), '2013': np.int64(74225), '2014': np.int64(74446), '2015': np.int64(74335), '2016': np.int64(74438), '2017': np.int64(74426), '2018': np.int64(74461), '2019': np.int64(74152)}"
GodalmingSD,Medium,South East,Working,Low Deprivation,Larger non-coastal towns,"{'2001': np.int64(22084), '2002': np.int64(21694), '2003': np.int64(21563), '2004': np.int64(21643), '2005': np.int64(21666), '2006': np.int64(21620), '2007': np.int64(21756), '2008': np.int64(21918), '2009': np.int64(22016), '2010': np.int64(22314), '2011': np.int64(22798), '2012': np.int64(22901), '2013': np.int64(22959), '2014': np.int64(22969), '2015': np.int64(23282), '2016': np.int64(23367), '2017': np.int64(23410), '2018': np.int64(23514), '2019': np.int64(23687)}"
KingsteigntonSD,Small,South West,Residential,Low Deprivation,Smaller non-coastal towns ,"{'2001': np.int64(10507), '2002': np.int64(10496), '2003': np.int64(10571), '2004': np.int64(10425), '2005': np.int64(10482), '2006': np.int64(10446), '2007': np.int64(10558), '2008': np.int64(10532), '2009': np.int64(10452), '2010': np.int64(10464), '2011': np.int64(10460), '2012': np.int64(10520), '2013': np.int64(10497), '2014': np.int64(10592), '2015': np.int64(10526), '2016': np.int64(10539), '2017': np.int64(10857), '2018': np.int64(11153), '2019': np.int64(11363)}"
BebingtonSD,Medium,North West,Working,Middle Deprivation,Larger non-coastal towns,"{'2001': np.int64(56665), '2002': np.int64(56531), '2003': np.int64(56423), '2004': np.int64(56374), '2005': np.int64(56301), '2006': np.int64(56434), '2007': np.int64(56625), '2008': np.int64(56765), '2009': np.int64(56909), '2010': np.int64(57284), '2011': np.int64(57341), '2012': np.int64(57621), '2013': np.int64(57867), '2014': np.int64(58098), '2015': np.int64(57938), '2016': np.int64(57991), '2017': np.int64(58055), '2018': np.int64(58150), '2019': np.int64(58427)}"
East CowesSD,Small,South East,Residential,High Deprivation,Smaller seaside towns ,"{'2001': np.int64(6164), '2002': np.int64(6263), '2003': np.int64(6458), '2004': np.int64(6553), '2005': np.int64(6664), '2006': np.int64(6764), '2007': np.int64(6778), '2008': np.int64(6803), '2009': np.int64(6881), '2010': np.int64(6839), '2011': np.int64(7026), '2012': np.int64(7047), '2013': np.int64(7105), '2014': np.int64(7272), '2015': np.int64(7260), '2016': np.int64(7359), '2017': np.int64(7414), '2018': np.int64(7475), '2019': np.int64(7572)}"
Frampton Cotterell/WinterbourneSD,Small,South West,Residential,Low Deprivation,Smaller non-coastal towns ,"{'2001': np.int64(14011), '2002': np.int64(14183), '2003': np.int64(14239), '2004': np.int64(14427), '2005': np.int64(14635), '2006': np.int64(14686), '2007': np.int64(14627), '2008': np.int64(14654), '2009': np.int64(14669), '2010': np.int64(14701), '2011': np.int64(14687), '2012': np.int64(14865), '2013': np.int64(15158), '2014': np.int64(15254), '2015': np.int64(15235), '2016': np.int64(15249), '2017': np.int64(15279), '2018': np.int64(15239), '2019': np.int64(15230)}"
Long EatonSD,Medium,East Midlands,Residential,Middle Deprivation,Larger non-coastal towns,"{'2001': np.int64(37134), '2002': np.int64(36992), '2003': np.int64(36926), '2004': np.int64(36900), '2005': np.int64(36970), '2006': np.int64(37021), '2007': np.int64(37030), '2008': np.int64(37316), '2009': np.int64(37391), '2010': np.int64(37725), '2011': np.int64(37817), '2012': np.int64(38158), '2013': np.int64(38363), '2014': np.int64(38838), '2015': np.int64(39061), '2016': np.int64(39264), '2017': np.int64(39348), '2018': np.int64(39456), '2019': np.int64(39387)}"
West Bromwich (East)SD,Small,West Midlands,Residential,Middle Deprivation,Smaller non-coastal towns ,"{'2001': np.int64(18643), '2002': np.int64(18558), '2003': np.int64(18630), '2004': np.int64(18540), '2005': np.int64(18595), '2006': np.int64(18590), '2007': np.int64(18538), '2008': np.int64(18612), '2009': np.int64(18749), '2010': np.int64(18871), '2011': np.int64(18982), '2012': np.int64(19024), '2013': np.int64(19083), '2014': np.int64(19249), '2015': np.int64(19784), '2016': np.int64(20007), '2017': np.int64(20126), '2018': np.int64(20201), '2019': np.int64(20073)}"
Bolton Upon DearneSD,Small,Yorkshire and The Humber,Residential,High Deprivation,Smaller non-coastal towns ,"{'2001': np.int64(6479), '2002': np.int64(6443), '2003': np.int64(6407), '2004': np.int64(6346), '2005': np.int64(6455), '2006': np.int64(6601), '2007': np.int64(6618), '2008': np.int64(6749), '2009': np.int64(6826), '2010': np.int64(6798), '2011': np.int64(6775), '2012': np.int64(6762), '2013': np.int64(6744), '2014': np.int64(6714), '2015': np.int64(6690), '2016': np.int64(6718), '2017': np.int64(6786), '2018': np.int64(6855), '2019': np.int64(6845)}"
Lytham St Anne'sSD,Medium,North West,Mixed,Middle Deprivation,Larger seaside towns,"{'2001': np.int64(40853), '2002': np.int64(41179), '2003': np.int64(41488), '2004': np.int64(41693), '2005': np.int64(41661), '2006': np.int64(41753), '2007': np.int64(42051), '2008': np.int64(42041), '2009': np.int64(42438), '2010': np.int64(42589), '2011': np.int64(43094), '2012': np.int64(43122), '2013': np.int64(43394), '2014': np.int64(43717), '2015': np.int64(43892), '2016': np.int64(44118), '2017': np.int64(44208), '2018': np.int64(44320), '2019': np.int64(44464)}"
WellingtonSD,Small,South West,Mixed,High Deprivation,Smaller non-coastal towns ,"{'2001': np.int64(10638), '2002': np.int64(10795), '2003': np.int64(10875), '2004': np.int64(10849), '2005': np.int64(10927), '2006': np.int64(10960), '2007': np.int64(10964), '2008': np.int64(10883), '2009': np.int64(10863), '2010': np.int64(11077), '2011': np.int64(11213), '2012': np.int64(11489), '2013': np.int64(11586), '2014': np.int64(11560), '2015': np.int64(11838), '2016': np.int64(12160), '2017': np.int64(12497), '2018': np.int64(12771), '2019': np.int64(12924)}"
FailsworthSD,Small,North West,Residential,High Deprivation,Smaller non-coastal towns ,"{'2001': np.int64(19227), '2002': np.int64(19199), '2003': np.int64(19117), '2004': np.int64(19095), '2005': np.int64(19097), '2006': np.int64(19054), '2007': np.int64(18960), '2008': np.int64(19010), '2009': np.int64(18974), '2010': np.int64(18946), '2011': np.int64(18842), '2012': np.int64(18874), '2013': np.int64(18840), '2014': np.int64(18874), '2015': np.int64(18712), '2016': np.int64(18666), '2017': np.int64(18726), '2018': np.int64(18836), '2019': np.int64(18843)}"
HaslingdenSD,Small,North West,Residential,High Deprivation,Smaller non-coastal towns ,"{'2001': np.int64(15294), '2002': np.int64(15458), '2003': np.int64(15364), '2004': np.int64(15396), '2005': np.int64(15448), '2006': np.int64(15411), '2007': np.int64(15551), '2008': np.int64(15685), '2009': np.int64(15847), '2010': np.int64(15895), '2011': np.int64(15965), '2012': np.int64(16062), '2013': np.int64(16088), '2014': np.int64(16110), '2015': np.int64(16180), '2016': np.int64(16284), '2017': np.int64(16399), '2018': np.int64(16492), '2019': np.int64(16560)}"
HeyshamSD,Small,North West,Residential,High Deprivation,Smaller other coastal towns,"{'2001': np.int64(14705), '2002': np.int64(14929), '2003': np.int64(14978), '2004': np.int64(15169), '2005': np.int64(15379), '2006': np.int64(15249), '2007': np.int64(15189), '2008': np.int64(15220), '2009': np.int64(15432), '2010': np.int64(15584), '2011': np.int64(15587), '2012': np.int64(15871), '2013': np.int64(16081), '2014': np.int64(16245), '2015': np.int64(16562), '2016': np.int64(16563), '2017': np.int64(16600), '2018': np.int64(16715), '2019': np.int64(16704)}"
CleethorpesSD,Medium,Yorkshire and The Humber,Residential,High Deprivation,Larger seaside towns,"{'2001': np.int64(39650), '2002': np.int64(39630), '2003': np.int64(39533), '2004': np.int64(39572), '2005': np.int64(39662), '2006': np.int64(39620), '2007': np.int64(39667), '2008': np.int64(39455), '2009': np.int64(39319), '2010': np.int64(39387), '2011': np.int64(39534), '2012': np.int64(39377), '2013': np.int64(39357), '2014': np.int64(39389), '2015': np.int64(39317), '2016': np.int64(39168), '2017': np.int64(39188), '2018': np.int64(38996), '2019': np.int64(38562)}"
Walton-on-ThamesSD,Medium,South East,Mixed,Low Deprivation,Larger non-coastal towns,"{'2001': np.int64(62725), '2002': np.int64(62781), '2003': np.int64(63084), '2004': np.int64(63116), '2005': np.int64(63517), '2006': np.int64(64222), '2007': np.int64(64928), '2008': np.int64(65177), '2009': np.int64(65569), '2010': np.int64(65848), '2011': np.int64(66793), '2012': np.int64(67359), '2013': np.int64(67748), '2014': np.int64(67812), '2015': np.int64(68009), '2016': np.int64(68488), '2017': np.int64(68645), '2018': np.int64(68808), '2019': np.int64(69213)}"
PudseySD,Medium,Yorkshire and The Humber,Working,Middle Deprivation,Larger non-coastal towns,"{'2001': np.int64(31838), '2002': np.int64(31532), '2003': np.int64(31144), '2004': np.int64(30949), '2005': np.int64(31205), '2006': np.int64(31282), '2007': np.int64(31366), '2008': np.int64(31385), '2009': np.int64(31721), '2010': np.int64(31944), '2011': np.int64(32193), '2012': np.int64(32380), '2013': np.int64(32815), '2014': np.int64(33197), '2015': np.int64(33585), '2016': np.int64(33876), '2017': np.int64(33899), '2018': np.int64(33800), '2019': np.int64(33766)}"
GrayshottSD,Small,South East,Mixed,Low Deprivation,Smaller non-coastal towns ,"{'2001': np.int64(6119), '2002': np.int64(6218), '2003': np.int64(6224), '2004': np.int64(6237), '2005': np.int64(6213), '2006': np.int64(6260), '2007': np.int64(6315), '2008': np.int64(6445), '2009': np.int64(6448), '2010': np.int64(6546), '2011': np.int64(6655), '2012': np.int64(6666), '2013': np.int64(6870), '2014': np.int64(6903), '2015': np.int64(7012), '2016': np.int64(7130), '2017': np.int64(7231), '2018': np.int64(7197), '2019': np.int64(7234)}"
PontefractSD,Medium,Yorkshire and The Humber,Mixed,High Deprivation,Larger non-coastal towns,"{'2001': np.int64(28319), '2002': np.int64(28664), '2003': np.int64(28762), '2004': np.int64(28725), '2005': np.int64(28708), '2006': np.int64(28844), '2007': np.int64(29064), '2008': np.int64(29194), '2009': np.int64(29121), '2010': np.int64(29366), '2011': np.int64(29348), '2012': np.int64(29321), '2013': np.int64(29458), '2014': np.int64(29548), '2015': np.int64(29588), '2016': np.int64(29892), '2017': np.int64(30221), '2018': np.int64(30813), '2019': np.int64(31280)}"
StretfordSD,Medium,North West,Residential,High Deprivation,Larger non-coastal towns,"{'2001': np.int64(24902), '2002': np.int64(24820), '2003': np.int64(24797), '2004': np.int64(24923), '2005': np.int64(25141), '2006': np.int64(25382), '2007': np.int64(25720), '2008': np.int64(26032), '2009': np.int64(26269), '2010': np.int64(26538), '2011': np.int64(26915), '2012': np.int64(27047), '2013': np.int64(27401), '2014': np.int64(27397), '2015': np.int64(27637), '2016': np.int64(27717), '2017': np.int64(27533), '2018': np.int64(27529), '2019': np.int64(27574)}"
TeignmouthSD,Small,South West,Residential,High Deprivation,Smaller seaside towns ,"{'2001': np.int64(14846), '2002': np.int64(14845), '2003': np.int64(14764), '2004': np.int64(14685), '2005': np.int64(14845), '2006': np.int64(14863), '2007': np.int64(14900), '2008': np.int64(15081), '2009': np.int64(15001), '2010': np.int64(15115), '2011': np.int64(15106), '2012': np.int64(15185), '2013': np.int64(15400), '2014': np.int64(15410), '2015': np.int64(15487), '2016': np.int64(15586), '2017': np.int64(15597), '2018': np.int64(15646), '2019': np.int64(15671)}"
CreweSD,Medium,North West,Working,High Deprivation,Larger non-coastal towns,"{'2001': np.int64(67818), '2002': np.int64(68338), '2003': np.int64(68854), '2004': np.int64(69075), '2005': np.int64(69432), '2006': np.int64(69836), '2007': np.int64(70153), '2008': np.int64(70774), '2009': np.int64(70928), '2010': np.int64(71317), '2011': np.int64(71938), '2012': np.int64(72532), '2013': np.int64(72840), '2014': np.int64(72923), '2015': np.int64(73193), '2016': np.int64(73344), '2017': np.int64(73578), '2018': np.int64(74240), '2019': np.int64(74949)}"
GravesendSD,Medium,South East,Residential,High Deprivation,Larger non-coastal towns,"{'2001': np.int64(51373), '2002': np.int64(51018), '2003': np.int64(51289), '2004': np.int64(51596), '2005': np.int64(51939), '2006': np.int64(52415), '2007': np.int64(53101), '2008': np.int64(53806), '2009': np.int64(54332), '2010': np.int64(54841), '2011': np.int64(55523), '2012': np.int64(55647), '2013': np.int64(56274), '2014': np.int64(57281), '2015': np.int64(57865), '2016': np.int64(58269), '2017': np.int64(58036), '2018': np.int64(58361), '2019': np.int64(58640)}"
FrimleySD,Small,South East,Working,Low Deprivation,Smaller non-coastal towns ,"{'2001': np.int64(18624), '2002': np.int64(18802), '2003': np.int64(18783), '2004': np.int64(18849), '2005': np.int64(18924), '2006': np.int64(19159), '2007': np.int64(19168), '2008': np.int64(19089), '2009': np.int64(19237), '2010': np.int64(19205), '2011': np.int64(19121), '2012': np.int64(19207), '2013': np.int64(19029), '2014': np.int64(19189), '2015': np.int64(19244), '2016': np.int64(19253), '2017': np.int64(19302), '2018': np.int64(19355), '2019': np.int64(19385)}"
WraysburySD,Small,South East,Residential,Low Deprivation,Smaller non-coastal towns ,"{'2001': np.int64(6965), '2002': np.int64(7095), '2003': np.int64(7330), '2004': np.int64(7251), '2005': np.int64(7335), '2006': np.int64(7389), '2007': np.int64(7383), '2008': np.int64(7502), '2009': np.int64(7526), '2010': np.int64(7487), '2011': np.int64(7379), '2012': np.int64(7470), '2013': np.int64(7511), '2014': np.int64(7414), '2015': np.int64(7482), '2016': np.int64(7559), '2017': np.int64(7574), '2018': np.int64(7623), '2019': np.int64(7569)}"
Newton AbbotSD,Medium,South West,Working,High Deprivation,Larger non-coastal towns,"{'2001': np.int64(24819), '2002': np.int64(25202), '2003': np.int64(25295), '2004': np.int64(25387), '2005': np.int64(25431), '2006': np.int64(25319), '2007': np.int64(25276), '2008': np.int64(25310), '2009': np.int64(25454), '2010': np.int64(25606), '2011': np.int64(25594), '2012': np.int64(25713), '2013': np.int64(25944), '2014': np.int64(26281), '2015': np.int64(26720), '2016': np.int64(26814), '2017': np.int64(26951), '2018': np.int64(26932), '2019': np.int64(27153)}"
MorecambeSD,Medium,North West,Working,High Deprivation,Larger seaside towns,"{'2001': np.int64(34354), '2002': np.int64(34300), '2003': np.int64(34548), '2004': np.int64(34478), '2005': np.int64(34479), '2006': np.int64(34059), '2007': np.int64(33825), '2008': np.int64(33652), '2009': np.int64(33472), '2010': np.int64(33459), '2011': np.int64(33312), '2012': np.int64(33396), '2013': np.int64(33322), '2014': np.int64(33325), '2015': np.int64(33540), '2016': np.int64(33620), '2017': np.int64(33491), '2018': np.int64(33630), '2019': np.int64(33848)}"
SilebySD,Small,East Midlands,Residential,Middle Deprivation,Smaller non-coastal towns ,"{'2001': np.int64(7470), '2002': np.int64(7569), '2003': np.int64(7602), '2004': np.int64(7871), '2005': np.int64(7944), '2006': np.int64(7919), '2007': np.int64(8049), '2008': np.int64(8184), '2009': np.int64(8288), '2010': np.int64(8370), '2011': np.int64(8436), '2012': np.int64(8468), '2013': np.int64(8481), '2014': np.int64(8534), '2015': np.int64(8768), '2016': np.int64(9020), '2017': np.int64(9314), '2018': np.int64(9498), '2019': np.int64(9673)}"
CleveleysSD,Small,North West,Residential,High Deprivation,Smaller seaside towns ,"{'2001': np.int64(10702), '2002': np.int64(10831), '2003': np.int64(11014), '2004': np.int64(10972), '2005': np.int64(10887), '2006': np.int64(10902), '2007': np.int64(10882), '2008': np.int64(10734), '2009': np.int64(10789), '2010': np.int64(10797), '2011': np.int64(10727), '2012': np.int64(10747), '2013': np.int64(10738), '2014': np.int64(10610), '2015': np.int64(10754), '2016': np.int64(10730), '2017': np.int64(10732), '2018': np.int64(10733), '2019': np.int64(10740)}"
PaultonSD,Small,South West,Residential,Low Deprivation,Smaller non-coastal towns ,"{'2001': np.int64(4881), '2002': np.int64(5006), '2003': np.int64(4949), '2004': np.int64(4971), '2005': np.int64(4963), '2006': np.int64(5024), '2007': np.int64(5068), '2008': np.int64(5051), '2009': np.int64(5121), '2010': np.int64(5192), '2011': np.int64(5280), '2012': np.int64(5388), '2013': np.int64(5497), '2014': np.int64(5526), '2015': np.int64(5720), '2016': np.int64(6016), '2017': np.int64(6114), '2018': np.int64(6122), '2019': np.int64(6252)}"
StakefordSD,Small,North East,Residential,High Deprivation,Smaller non-coastal towns ,"{'2001': np.int64(8785), '2002': np.int64(8800), '2003': np.int64(8704), '2004': np.int64(8638), '2005': np.int64(8584), '2006': np.int64(8591), '2007': np.int64(8664), '2008': np.int64(8656), '2009': np.int64(8703), '2010': np.int64(8631), '2011': np.int64(8647), '2012': np.int64(8642), '2013': np.int64(8610), '2014': np.int64(8547), '2015': np.int64(8464), '2016': np.int64(8437), '2017': np.int64(8369), '2018': np.int64(8326), '2019': np.int64(8315)}"
YateleySD,Small,South East,Residential,Low Deprivation,Smaller non-coastal towns ,"{'2001': np.int64(15323), '2002': np.int64(15119), '2003': np.int64(15097), '2004': np.int64(15069), '2005': np.int64(15035), '2006': np.int64(15025), '2007': np.int64(14955), '2008': np.int64(14882), '2009': np.int64(14875), '2010': np.int64(14836), '2011': np.int64(14874), '2012': np.int64(14745), '2013': np.int64(14809), '2014': np.int64(14894), '2015': np.int64(14689), '2016': np.int64(14681), '2017': np.int64(14593), '2018': np.int64(14487), '2019': np.int64(14409)}"
StonehouseSD,Small,South West,Working,Middle Deprivation,Smaller non-coastal towns ,"{'2001': np.int64(7350), '2002': np.int64(7365), '2003': np.int64(7507), '2004': np.int64(7453), '2005': np.int64(7629), '2006': np.int64(7623), '2007': np.int64(7582), '2008': np.int64(7445), '2009': np.int64(7353), '2010': np.int64(7400), '2011': np.int64(7409), '2012': np.int64(7408), '2013': np.int64(7437), '2014': np.int64(7453), '2015': np.int64(7447), '2016': np.int64(7445), '2017': np.int64(7397), '2018': np.int64(7416), '2019': np.int64(7341)}"
ArmthorpeSD,Small,Yorkshire and The Humber,Mixed,High Deprivation,Smaller non-coastal towns ,"{'2001': np.int64(12615), '2002': np.int64(12686), '2003': np.int64(12699), '2004': np.int64(12706), '2005': np.int64(12752), '2006': np.int64(13008), '2007': np.int64(13480), '2008': np.int64(13839), '2009': np.int64(14159), '2010': np.int64(14315), '2011': np.int64(14459), '2012': np.int64(14385), '2013': np.int64(14477), '2014': np.int64(14617), '2015': np.int64(14558), '2016': np.int64(14586), '2017': np.int64(14550), '2018': np.int64(14510), '2019': np.int64(14405)}"
StainforthSD,Small,Yorkshire and The Humber,Residential,High Deprivation,Smaller non-coastal towns ,"{'2001': np.int64(6345), '2002': np.int64(6404), '2003': np.int64(6396), '2004': np.int64(6359), '2005': np.int64(6300), '2006': np.int64(6243), '2007': np.int64(6251), '2008': np.int64(6340), '2009': np.int64(6374), '2010': np.int64(6271), '2011': np.int64(6293), '2012': np.int64(6342), '2013': np.int64(6423), '2014': np.int64(6471), '2015': np.int64(6488), '2016': np.int64(6488), '2017': np.int64(6499), '2018': np.int64(6580), '2019': np.int64(6657)}"
KeighleySD,Medium,Yorkshire and The Humber,Mixed,High Deprivation,Larger non-coastal towns,"{'2001': np.int64(49035), '2002': np.int64(49464), '2003': np.int64(49933), '2004': np.int64(50655), '2005': np.int64(51245), '2006': np.int64(51785), '2007': np.int64(52136), '2008': np.int64(52462), '2009': np.int64(52709), '2010': np.int64(52946), '2011': np.int64(53411), '2012': np.int64(53340), '2013': np.int64(53459), '2014': np.int64(53304), '2015': np.int64(53352), '2016': np.int64(53366), '2017': np.int64(53252), '2018': np.int64(53393), '2019': np.int64(53538)}"
Burnham-on-CrouchSD,Small,East of England,Residential,Middle Deprivation,Smaller non-coastal towns ,"{'2001': np.int64(6976), '2002': np.int64(7038), '2003': np.int64(6971), '2004': np.int64(6982), '2005': np.int64(7054), '2006': np.int64(7029), '2007': np.int64(7009), '2008': np.int64(7006), '2009': np.int64(6925), '2010': np.int64(6922), '2011': np.int64(6926), '2012': np.int64(6859), '2013': np.int64(6865), '2014': np.int64(6957), '2015': np.int64(6939), '2016': np.int64(6999), '2017': np.int64(7027), '2018': np.int64(7044), '2019': np.int64(7078)}"
SelstonSD,Small,East Midlands,Residential,High Deprivation,Smaller non-coastal towns ,"{'2001': np.int64(6401), '2002': np.int64(6541), '2003': np.int64(6602), '2004': np.int64(6765), '2005': np.int64(6805), '2006': np.int64(6905), '2007': np.int64(6926), '2008': np.int64(6991), '2009': np.int64(7032), '2010': np.int64(7042), '2011': np.int64(7018), '2012': np.int64(6825), '2013': np.int64(6885), '2014': np.int64(6859), '2015': np.int64(6979), '2016': np.int64(6955), '2017': np.int64(6899), '2018': np.int64(7017), '2019': np.int64(6989)}"
HavantSD,Medium,South East,Working,High Deprivation,Larger non-coastal towns,"{'2001': np.int64(42763), '2002': np.int64(42950), '2003': np.int64(42996), '2004': np.int64(42808), '2005': np.int64(42969), '2006': np.int64(43107), '2007': np.int64(43389), '2008': np.int64(43731), '2009': np.int64(44225), '2010': np.int64(44612), '2011': np.int64(45232), '2012': np.int64(45534), '2013': np.int64(45669), '2014': np.int64(45990), '2015': np.int64(46250), '2016': np.int64(46764), '2017': np.int64(47376), '2018': np.int64(47680), '2019': np.int64(47896)}"
GolborneSD,Medium,North West,Mixed,Middle Deprivation,Larger non-coastal towns,"{'2001': np.int64(23184), '2002': np.int64(23520), '2003': np.int64(23452), '2004': np.int64(23439), '2005': np.int64(23522), '2006': np.int64(23548), '2007': np.int64(23605), '2008': np.int64(23795), '2009': np.int64(23865), '2010': np.int64(24017), '2011': np.int64(24164), '2012': np.int64(24160), '2013': np.int64(24194), '2014': np.int64(24339), '2015': np.int64(24257), '2016': np.int64(24309), '2017': np.int64(24219), '2018': np.int64(24114), '2019': np.int64(24314)}"
CheshuntSD,Medium,East of England,Residential,Middle Deprivation,Larger non-coastal towns,"{'2001': np.int64(44275), '2002': np.int64(44452), '2003': np.int64(44657), '2004': np.int64(44731), '2005': np.int64(44836), '2006': np.int64(45010), '2007': np.int64(45185), '2008': np.int64(45228), '2009': np.int64(45591), '2010': np.int64(45699), '2011': np.int64(45865), '2012': np.int64(46067), '2013': np.int64(46234), '2014': np.int64(46554), '2015': np.int64(46823), '2016': np.int64(47119), '2017': np.int64(46992), '2018': np.int64(46951), '2019': np.int64(47124)}"
Shaw (Oldham)SD,Small,North West,Residential,High Deprivation,Smaller non-coastal towns ,"{'2001': np.int64(19345), '2002': np.int64(19207), '2003': np.int64(19027), '2004': np.int64(18936), '2005': np.int64(18713), '2006': np.int64(18702), '2007': np.int64(18656), '2008': np.int64(18690), '2009': np.int64(18725), '2010': np.int64(18748), '2011': np.int64(18794), '2012': np.int64(18662), '2013': np.int64(18553), '2014': np.int64(18534), '2015': np.int64(18440), '2016': np.int64(18354), '2017': np.int64(18401), '2018': np.int64(18340), '2019': np.int64(18349)}"
Earl ShiltonSD,Small,East Midlands,Residential,High Deprivation,Smaller non-coastal towns ,"{'2001': np.int64(17904), '2002': np.int64(17881), '2003': np.int64(17856), '2004': np.int64(18015), '2005': np.int64(18031), '2006': np.int64(18065), '2007': np.int64(18146), '2008': np.int64(18419), '2009': np.int64(18574), '2010': np.int64(18783), '2011': np.int64(19135), '2012': np.int64(19344), '2013': np.int64(19558), '2014': np.int64(19690), '2015': np.int64(19647), '2016': np.int64(19767), '2017': np.int64(19988), '2018': np.int64(20013), '2019': np.int64(20116)}"
ShanklinSD,Small,South East,Residential,High Deprivation,Smaller seaside towns ,"{'2001': np.int64(8692), '2002': np.int64(8814), '2003': np.int64(8971), '2004': np.int64(9025), '2005': np.int64(9032), '2006': np.int64(9050), '2007': np.int64(9053), '2008': np.int64(9161), '2009': np.int64(9180), '2010': np.int64(9088), '2011': np.int64(9067), '2012': np.int64(9143), '2013': np.int64(9009), '2014': np.int64(9034), '2015': np.int64(9114), '2016': np.int64(9161), '2017': np.int64(9229), '2018': np.int64(9206), '2019': np.int64(9202)}"
WhitnashSD,Small,West Midlands,Residential,Low Deprivation,Smaller non-coastal towns ,"{'2001': np.int64(7709), '2002': np.int64(7940), '2003': np.int64(8004), '2004': np.int64(8111), '2005': np.int64(8197), '2006': np.int64(8395), '2007': np.int64(8301), '2008': np.int64(8273), '2009': np.int64(8250), '2010': np.int64(8197), '2011': np.int64(8088), '2012': np.int64(7990), '2013': np.int64(7912), '2014': np.int64(8070), '2015': np.int64(7922), '2016': np.int64(7912), '2017': np.int64(7952), '2018': np.int64(7951), '2019': np.int64(7899)}"
HytheSD,Small,South East,Residential,Middle Deprivation,Smaller seaside towns ,"{'2001': np.int64(14816), '2002': np.int64(14782), '2003': np.int64(14709), '2004': np.int64(14795), '2005': np.int64(14788), '2006': np.int64(14758), '2007': np.int64(14798), '2008': np.int64(14880), '2009': np.int64(14977), '2010': np.int64(14978), '2011': np.int64(15058), '2012': np.int64(15068), '2013': np.int64(15120), '2014': np.int64(15297), '2015': np.int64(15261), '2016': np.int64(15325), '2017': np.int64(15411), '2018': np.int64(15569), '2019': np.int64(15544)}"
MossleySD,Small,North West,Residential,High Deprivation,Smaller non-coastal towns ,"{'2001': np.int64(9709), '2002': np.int64(9813), '2003': np.int64(9797), '2004': np.int64(9863), '2005': np.int64(9843), '2006': np.int64(9879), '2007': np.int64(9970), '2008': np.int64(10218), '2009': np.int64(10418), '2010': np.int64(10606), '2011': np.int64(10808), '2012': np.int64(10927), '2013': np.int64(10985), '2014': np.int64(10956), '2015': np.int64(10978), '2016': np.int64(10991), '2017': np.int64(11103), '2018': np.int64(11201), '2019': np.int64(11334)}"
MaltbySD,Small,Yorkshire and The Humber,Residential,High Deprivation,Smaller non-coastal towns ,"{'2001': np.int64(17184), '2002': np.int64(17059), '2003': np.int64(17232), '2004': np.int64(17080), '2005': np.int64(16975), '2006': np.int64(16996), '2007': np.int64(16880), '2008': np.int64(16802), '2009': np.int64(16814), '2010': np.int64(16812), '2011': np.int64(16699), '2012': np.int64(16603), '2013': np.int64(16486), '2014': np.int64(16577), '2015': np.int64(16351), '2016': np.int64(16324), '2017': np.int64(16333), '2018': np.int64(16341), '2019': np.int64(16328)}"
TottonSD,Medium,South East,Mixed,Low Deprivation,Larger non-coastal towns,"{'2001': np.int64(27701), '2002': np.int64(27733), '2003': np.int64(27816), '2004': np.int64(28131), '2005': np.int64(28292), '2006': np.int64(28306), '2007': np.int64(28337), '2008': np.int64(28469), '2009': np.int64(28534), '2010': np.int64(28600), '2011': np.int64(28807), '2012': np.int64(28984), '2013': np.int64(29211), '2014': np.int64(29411), '2015': np.int64(29458), '2016': np.int64(29520), '2017': np.int64(29552), '2018': np.int64(29459), '2019': np.int64(29421)}"
Portslade-by-SeaSD,Small,South East,Residential,High Deprivation,Smaller seaside towns ,"{'2001': np.int64(19885), '2002': np.int64(19642), '2003': np.int64(19303), '2004': np.int64(19253), '2005': np.int64(19371), '2006': np.int64(19462), '2007': np.int64(19570), '2008': np.int64(19725), '2009': np.int64(19696), '2010': np.int64(19838), '2011': np.int64(19934), '2012': np.int64(19995), '2013': np.int64(19860), '2014': np.int64(19886), '2015': np.int64(20082), '2016': np.int64(20101), '2017': np.int64(20198), '2018': np.int64(20081), '2019': np.int64(20150)}"
Cross HillsSD,Small,Yorkshire and The Humber,Mixed,Low Deprivation,Smaller non-coastal towns ,"{'2001': np.int64(7268), '2002': np.int64(7374), '2003': np.int64(7369), '2004': np.int64(7377), '2005': np.int64(7436), '2006': np.int64(7526), '2007': np.int64(7542), '2008': np.int64(7523), '2009': np.int64(7523), '2010': np.int64(7550), '2011': np.int64(7570), '2012': np.int64(7684), '2013': np.int64(7689), '2014': np.int64(7750), '2015': np.int64(7671), '2016': np.int64(7696), '2017': np.int64(7827), '2018': np.int64(7811), '2019': np.int64(7967)}"
West KirbySD,Small,North West,Residential,Low Deprivation,Smaller seaside towns ,"{'2001': np.int64(14615), '2002': np.int64(14841), '2003': np.int64(14929), '2004': np.int64(14894), '2005': np.int64(14866), '2006': np.int64(14950), '2007': np.int64(14966), '2008': np.int64(15035), '2009': np.int64(15015), '2010': np.int64(14968), '2011': np.int64(14928), '2012': np.int64(14976), '2013': np.int64(14914), '2014': np.int64(14895), '2015': np.int64(14909), '2016': np.int64(14902), '2017': np.int64(14925), '2018': np.int64(15001), '2019': np.int64(14875)}"
BlaydonSD,Small,North East,Mixed,High Deprivation,Smaller non-coastal towns ,"{'2001': np.int64(14715), '2002': np.int64(14528), '2003': np.int64(14450), '2004': np.int64(14325), '2005': np.int64(14218), '2006': np.int64(14291), '2007': np.int64(14353), '2008': np.int64(14563), '2009': np.int64(14779), '2010': np.int64(14971), '2011': np.int64(15187), '2012': np.int64(15206), '2013': np.int64(15099), '2014': np.int64(14982), '2015': np.int64(14940), '2016': np.int64(14878), '2017': np.int64(14858), '2018': np.int64(14768), '2019': np.int64(14693)}"
KillamarshSD,Small,East Midlands,Residential,Middle Deprivation,Smaller non-coastal towns ,"{'2001': np.int64(9483), '2002': np.int64(9526), '2003': np.int64(9482), '2004': np.int64(9332), '2005': np.int64(9336), '2006': np.int64(9327), '2007': np.int64(9311), '2008': np.int64(9255), '2009': np.int64(9263), '2010': np.int64(9237), '2011': np.int64(9262), '2012': np.int64(9258), '2013': np.int64(9281), '2014': np.int64(9288), '2015': np.int64(9356), '2016': np.int64(9345), '2017': np.int64(9391), '2018': np.int64(9396), '2019': np.int64(9336)}"
MilnrowSD,Small,North West,Working,High Deprivation,Smaller non-coastal towns ,"{'2001': np.int64(9900), '2002': np.int64(10003), '2003': np.int64(9965), '2004': np.int64(9998), '2005': np.int64(9928), '2006': np.int64(9815), '2007': np.int64(9769), '2008': np.int64(9914), '2009': np.int64(9933), '2010': np.int64(9955), '2011': np.int64(10024), '2012': np.int64(9994), '2013': np.int64(9893), '2014': np.int64(9886), '2015': np.int64(9983), '2016': np.int64(10153), '2017': np.int64(10224), '2018': np.int64(10242), '2019': np.int64(10370)}"
Bishop's CleeveSD,Small,South West,Residential,Low Deprivation,Smaller non-coastal towns ,"{'2001': np.int64(12182), '2002': np.int64(12198), '2003': np.int64(12237), '2004': np.int64(12322), '2005': np.int64(12408), '2006': np.int64(12617), '2007': np.int64(12847), '2008': np.int64(13060), '2009': np.int64(13272), '2010': np.int64(13320), '2011': np.int64(13300), '2012': np.int64(13424), '2013': np.int64(13603), '2014': np.int64(13856), '2015': np.int64(14194), '2016': np.int64(14480), '2017': np.int64(15032), '2018': np.int64(15638), '2019': np.int64(16292)}"
RingwoodSD,Small,South East,Working,Low Deprivation,Smaller non-coastal towns ,"{'2001': np.int64(13464), '2002': np.int64(13599), '2003': np.int64(13669), '2004': np.int64(13514), '2005': np.int64(13573), '2006': np.int64(13686), '2007': np.int64(13760), '2008': np.int64(13812), '2009': np.int64(13826), '2010': np.int64(13912), '2011': np.int64(13946), '2012': np.int64(13946), '2013': np.int64(14074), '2014': np.int64(14209), '2015': np.int64(14273), '2016': np.int64(14395), '2017': np.int64(14325), '2018': np.int64(14360), '2019': np.int64(14369)}"
DorkingSD,Small,South East,Working,Low Deprivation,Smaller non-coastal towns ,"{'2001': np.int64(15924), '2002': np.int64(16022), '2003': np.int64(16127), '2004': np.int64(16139), '2005': np.int64(16253), '2006': np.int64(16322), '2007': np.int64(16504), '2008': np.int64(16797), '2009': np.int64(16920), '2010': np.int64(17156), '2011': np.int64(17167), '2012': np.int64(17150), '2013': np.int64(17375), '2014': np.int64(17500), '2015': np.int64(17469), '2016': np.int64(17510), '2017': np.int64(17616), '2018': np.int64(17667), '2019': np.int64(17616)}"
RawmarshSD,Small,Yorkshire and The Humber,Residential,High Deprivation,Smaller non-coastal towns ,"{'2001': np.int64(18188), '2002': np.int64(18347), '2003': np.int64(18352), '2004': np.int64(18330), '2005': np.int64(18417), '2006': np.int64(18399), '2007': np.int64(18484), '2008': np.int64(18466), '2009': np.int64(18453), '2010': np.int64(18508), '2011': np.int64(18517), '2012': np.int64(18554), '2013': np.int64(18584), '2014': np.int64(18603), '2015': np.int64(18605), '2016': np.int64(18775), '2017': np.int64(18953), '2018': np.int64(19102), '2019': np.int64(19161)}"
BarrowfordSD,Small,North West,Residential,Low Deprivation,Smaller non-coastal towns ,"{'2001': np.int64(5246), '2002': np.int64(5241), '2003': np.int64(5262), '2004': np.int64(5209), '2005': np.int64(5264), '2006': np.int64(5311), '2007': np.int64(5405), '2008': np.int64(5433), '2009': np.int64(5458), '2010': np.int64(5472), '2011': np.int64(5520), '2012': np.int64(5466), '2013': np.int64(5463), '2014': np.int64(5447), '2015': np.int64(5420), '2016': np.int64(5428), '2017': np.int64(5371), '2018': np.int64(5293), '2019': np.int64(5294)}"
BournemouthSD,Large,South West,Working,High Deprivation,Larger seaside towns,"{'2001': np.int64(167744), '2002': np.int64(168791), '2003': np.int64(168320), '2004': np.int64(168075), '2005': np.int64(170119), '2006': np.int64(170806), '2007': np.int64(174169), '2008': np.int64(176015), '2009': np.int64(178259), '2010': np.int64(183332), '2011': np.int64(187469), '2012': np.int64(190324), '2013': np.int64(191932), '2014': np.int64(193684), '2015': np.int64(195708), '2016': np.int64(197682), '2017': np.int64(198727), '2018': np.int64(198296), '2019': np.int64(197383)}"
KearsleySD,Small,North West,Residential,High Deprivation,Smaller non-coastal towns ,"{'2001': np.int64(10542), '2002': np.int64(10577), '2003': np.int64(10606), '2004': np.int64(10602), '2005': np.int64(10582), '2006': np.int64(10793), '2007': np.int64(10848), '2008': np.int64(10993), '2009': np.int64(11086), '2010': np.int64(11222), '2011': np.int64(11182), '2012': np.int64(11333), '2013': np.int64(11351), '2014': np.int64(11381), '2015': np.int64(11354), '2016': np.int64(11416), '2017': np.int64(11289), '2018': np.int64(11213), '2019': np.int64(11119)}"
Ashford (Ashford)SD,Medium,South East,Working,High Deprivation,Larger non-coastal towns,"{'2001': np.int64(56044), '2002': np.int64(57239), '2003': np.int64(58047), '2004': np.int64(59167), '2005': np.int64(61000), '2006': np.int64(62533), '2007': np.int64(64092), '2008': np.int64(65108), '2009': np.int64(65897), '2010': np.int64(66684), '2011': np.int64(67897), '2012': np.int64(69068), '2013': np.int64(69990), '2014': np.int64(70969), '2015': np.int64(71478), '2016': np.int64(72706), '2017': np.int64(73753), '2018': np.int64(74694), '2019': np.int64(75262)}"
SouthboroughSD,Small,South East,Residential,Low Deprivation,Smaller non-coastal towns ,"{'2001': np.int64(10223), '2002': np.int64(10108), '2003': np.int64(10106), '2004': np.int64(10193), '2005': np.int64(10358), '2006': np.int64(10427), '2007': np.int64(10576), '2008': np.int64(10787), '2009': np.int64(10886), '2010': np.int64(11004), '2011': np.int64(11158), '2012': np.int64(11197), '2013': np.int64(11232), '2014': np.int64(11318), '2015': np.int64(11408), '2016': np.int64(11454), '2017': np.int64(11380), '2018': np.int64(11250), '2019': np.int64(11225)}"
Welwyn Garden CitySD,Medium,East of England,Working,Middle Deprivation,Larger non-coastal towns,"{'2001': np.int64(46058), '2002': np.int64(45833), '2003': np.int64(45769), '2004': np.int64(45316), '2005': np.int64(46416), '2006': np.int64(46926), '2007': np.int64(47149), '2008': np.int64(47421), '2009': np.int64(48010), '2010': np.int64(48171), '2011': np.int64(48496), '2012': np.int64(48827), '2013': np.int64(49275), '2014': np.int64(50000), '2015': np.int64(50863), '2016': np.int64(51368), '2017': np.int64(51264), '2018': np.int64(51180), '2019': np.int64(51357)}"
Chalfont St GilesSD,Small,South East,Residential,Low Deprivation,Smaller non-coastal towns ,"{'2001': np.int64(4678), '2002': np.int64(4580), '2003': np.int64(4759), '2004': np.int64(4728), '2005': np.int64(4816), '2006': np.int64(4877), '2007': np.int64(4962), '2008': np.int64(4893), '2009': np.int64(4906), '2010': np.int64(5018), '2011': np.int64(5012), '2012': np.int64(4983), '2013': np.int64(4973), '2014': np.int64(5032), '2015': np.int64(4998), '2016': np.int64(4980), '2017': np.int64(4987), '2018': np.int64(4999), '2019': np.int64(4998)}"
CowesSD,Small,South East,Mixed,Middle Deprivation,Smaller seaside towns ,"{'2001': np.int64(13412), '2002': np.int64(13543), '2003': np.int64(13676), '2004': np.int64(13787), '2005': np.int64(14069), '2006': np.int64(14130), '2007': np.int64(14017), '2008': np.int64(14172), '2009': np.int64(14233), '2010': np.int64(14255), '2011': np.int64(14259), '2012': np.int64(14282), '2013': np.int64(14401), '2014': np.int64(14382), '2015': np.int64(14374), '2016': np.int64(14425), '2017': np.int64(14544), '2018': np.int64(14620), '2019': np.int64(14705)}"
CudworthSD,Small,Yorkshire and The Humber,Residential,High Deprivation,Smaller non-coastal towns ,"{'2001': np.int64(11624), '2002': np.int64(11857), '2003': np.int64(12058), '2004': np.int64(12096), '2005': np.int64(12141), '2006': np.int64(12249), '2007': np.int64(12350), '2008': np.int64(12490), '2009': np.int64(12624), '2010': np.int64(12655), '2011': np.int64(12656), '2012': np.int64(12793), '2013': np.int64(12826), '2014': np.int64(12787), '2015': np.int64(12784), '2016': np.int64(12794), '2017': np.int64(12786), '2018': np.int64(12759), '2019': np.int64(12774)}"
SandiacreSD,Small,East Midlands,Working,Middle Deprivation,Smaller non-coastal towns ,"{'2001': np.int64(9460), '2002': np.int64(9372), '2003': np.int64(9375), '2004': np.int64(9317), '2005': np.int64(9347), '2006': np.int64(9377), '2007': np.int64(9374), '2008': np.int64(9465), '2009': np.int64(9542), '2010': np.int64(9512), '2011': np.int64(9624), '2012': np.int64(9606), '2013': np.int64(9545), '2014': np.int64(9598), '2015': np.int64(9787), '2016': np.int64(9923), '2017': np.int64(9911), '2018': np.int64(9976), '2019': np.int64(10058)}"
DoncasterSD,Large,Yorkshire and The Humber,Working,High Deprivation,Larger non-coastal towns,"{'2001': np.int64(101907), '2002': np.int64(102801), '2003': np.int64(103647), '2004': np.int64(103791), '2005': np.int64(104748), '2006': np.int64(105722), '2007': np.int64(106318), '2008': np.int64(107480), '2009': np.int64(108445), '2010': np.int64(109147), '2011': np.int64(109889), '2012': np.int64(110352), '2013': np.int64(110952), '2014': np.int64(111442), '2015': np.int64(112137), '2016': np.int64(113519), '2017': np.int64(114900), '2018': np.int64(115754), '2019': np.int64(116834)}"
SelbySD,Small,Yorkshire and The Humber,Working,High Deprivation,Smaller non-coastal towns ,"{'2001': np.int64(15625), '2002': np.int64(15816), '2003': np.int64(15654), '2004': np.int64(15636), '2005': np.int64(15747), '2006': np.int64(15972), '2007': np.int64(16465), '2008': np.int64(16939), '2009': np.int64(17225), '2010': np.int64(17435), '2011': np.int64(17562), '2012': np.int64(17712), '2013': np.int64(18083), '2014': np.int64(18326), '2015': np.int64(18697), '2016': np.int64(18865), '2017': np.int64(19224), '2018': np.int64(19455), '2019': np.int64(19809)}"
HartlepoolSD,Large,North East,Mixed,High Deprivation,Larger other coastal towns ,"{'2001': np.int64(87584), '2002': np.int64(87459), '2003': np.int64(87585), '2004': np.int64(87717), '2005': np.int64(87736), '2006': np.int64(88040), '2007': np.int64(88126), '2008': np.int64(88446), '2009': np.int64(88434), '2010': np.int64(88622), '2011': np.int64(88928), '2012': np.int64(88982), '2013': np.int64(89385), '2014': np.int64(89329), '2015': np.int64(89299), '2016': np.int64(89601), '2017': np.int64(89610), '2018': np.int64(89744), '2019': np.int64(90074)}"
WickfordSD,Medium,East of England,Residential,Low Deprivation,Larger non-coastal towns,"{'2001': np.int64(31337), '2002': np.int64(31902), '2003': np.int64(32016), '2004': np.int64(32447), '2005': np.int64(32635), '2006': np.int64(32620), '2007': np.int64(32814), '2008': np.int64(33177), '2009': np.int64(33455), '2010': np.int64(33486), '2011': np.int64(33520), '2012': np.int64(33766), '2013': np.int64(34238), '2014': np.int64(34609), '2015': np.int64(34664), '2016': np.int64(34796), '2017': np.int64(34722), '2018': np.int64(34844), '2019': np.int64(34857)}"
Broomhall/Windlesham/Virginia WaterSD,Medium,South East,Working,Low Deprivation,Larger non-coastal towns,"{'2001': np.int64(22261), '2002': np.int64(22372), '2003': np.int64(22365), '2004': np.int64(22628), '2005': np.int64(22728), '2006': np.int64(22939), '2007': np.int64(23234), '2008': np.int64(23457), '2009': np.int64(23505), '2010': np.int64(23538), '2011': np.int64(23588), '2012': np.int64(23610), '2013': np.int64(23738), '2014': np.int64(23826), '2015': np.int64(24341), '2016': np.int64(24527), '2017': np.int64(24527), '2018': np.int64(24615), '2019': np.int64(24948)}"
EastleighSD,Large,South East,Working,Low Deprivation,Larger non-coastal towns,"{'2001': np.int64(72585), '2002': np.int64(72794), '2003': np.int64(72973), '2004': np.int64(73650), '2005': np.int64(74398), '2006': np.int64(75278), '2007': np.int64(76180), '2008': np.int64(76560), '2009': np.int64(77166), '2010': np.int64(78178), '2011': np.int64(79146), '2012': np.int64(79753), '2013': np.int64(80158), '2014': np.int64(80517), '2015': np.int64(80399), '2016': np.int64(81178), '2017': np.int64(82062), '2018': np.int64(82728), '2019': np.int64(83470)}"
KetteringSD,Medium,East Midlands,Working,High Deprivation,Larger non-coastal towns,"{'2001': np.int64(51463), '2002': np.int64(51928), '2003': np.int64(52652), '2004': np.int64(53146), '2005': np.int64(53447), '2006': np.int64(53972), '2007': np.int64(54786), '2008': np.int64(55317), '2009': np.int64(55669), '2010': np.int64(55926), '2011': np.int64(56494), '2012': np.int64(57022), '2013': np.int64(57425), '2014': np.int64(58154), '2015': np.int64(58278), '2016': np.int64(58997), '2017': np.int64(59564), '2018': np.int64(60298), '2019': np.int64(60749)}"
LymingtonSD,Small,South East,Working,Low Deprivation,Smaller other coastal towns,"{'2001': np.int64(14058), '2002': np.int64(14053), '2003': np.int64(14127), '2004': np.int64(14266), '2005': np.int64(14349), '2006': np.int64(14532), '2007': np.int64(14644), '2008': np.int64(14673), '2009': np.int64(14970), '2010': np.int64(15198), '2011': np.int64(15234), '2012': np.int64(15307), '2013': np.int64(15421), '2014': np.int64(15579), '2015': np.int64(15659), '2016': np.int64(15686), '2017': np.int64(15861), '2018': np.int64(15997), '2019': np.int64(16148)}"
RoystonSD,Small,Yorkshire and The Humber,Residential,High Deprivation,Smaller non-coastal towns ,"{'2001': np.int64(9299), '2002': np.int64(9490), '2003': np.int64(9625), '2004': np.int64(9681), '2005': np.int64(9774), '2006': np.int64(9837), '2007': np.int64(9922), '2008': np.int64(9973), '2009': np.int64(10028), '2010': np.int64(10122), '2011': np.int64(10084), '2012': np.int64(10209), '2013': np.int64(10251), '2014': np.int64(10308), '2015': np.int64(10497), '2016': np.int64(10579), '2017': np.int64(10613), '2018': np.int64(10563), '2019': np.int64(10640)}"
DissSD,Small,East of England,Working,Middle Deprivation,Smaller non-coastal towns ,"{'2001': np.int64(8964), '2002': np.int64(9075), '2003': np.int64(9090), '2004': np.int64(9099), '2005': np.int64(9217), '2006': np.int64(9273), '2007': np.int64(9447), '2008': np.int64(9658), '2009': np.int64(9685), '2010': np.int64(9810), '2011': np.int64(9851), '2012': np.int64(9985), '2013': np.int64(10174), '2014': np.int64(10275), '2015': np.int64(10437), '2016': np.int64(10717), '2017': np.int64(10800), '2018': np.int64(10886), '2019': np.int64(10987)}"
LongtonSD,Small,North West,Residential,Low Deprivation,Smaller non-coastal towns ,"{'2001': np.int64(8575), '2002': np.int64(8518), '2003': np.int64(8667), '2004': np.int64(8807), '2005': np.int64(8760), '2006': np.int64(8713), '2007': np.int64(8810), '2008': np.int64(8874), '2009': np.int64(8906), '2010': np.int64(8832), '2011': np.int64(8773), '2012': np.int64(8772), '2013': np.int64(8696), '2014': np.int64(8766), '2015': np.int64(8913), '2016': np.int64(8970), '2017': np.int64(9002), '2018': np.int64(8927), '2019': np.int64(8964)}"
EsherSD,Medium,South East,Mixed,Low Deprivation,Larger non-coastal towns,"{'2001': np.int64(47456), '2002': np.int64(48109), '2003': np.int64(48519), '2004': np.int64(48650), '2005': np.int64(49234), '2006': np.int64(49855), '2007': np.int64(50055), '2008': np.int64(50226), '2009': np.int64(50296), '2010': np.int64(50530), '2011': np.int64(51085), '2012': np.int64(51366), '2013': np.int64(51794), '2014': np.int64(52381), '2015': np.int64(52487), '2016': np.int64(52484), '2017': np.int64(52732), '2018': np.int64(52674), '2019': np.int64(52286)}"
RytonSD,Small,North East,Residential,Middle Deprivation,Smaller non-coastal towns ,"{'2001': np.int64(15617), '2002': np.int64(15704), '2003': np.int64(15680), '2004': np.int64(15531), '2005': np.int64(15502), '2006': np.int64(15489), '2007': np.int64(15525), '2008': np.int64(15547), '2009': np.int64(15654), '2010': np.int64(15699), '2011': np.int64(15997), '2012': np.int64(16053), '2013': np.int64(16270), '2014': np.int64(16401), '2015': np.int64(16471), '2016': np.int64(16676), '2017': np.int64(16564), '2018': np.int64(16512), '2019': np.int64(16497)}"
RochdaleSD,Large,North West,Mixed,High Deprivation,Larger non-coastal towns,"{'2001': np.int64(103097), '2002': np.int64(103080), '2003': np.int64(103719), '2004': np.int64(104001), '2005': np.int64(104158), '2006': np.int64(104904), '2007': np.int64(105432), '2008': np.int64(106335), '2009': np.int64(106980), '2010': np.int64(107364), '2011': np.int64(108066), '2012': np.int64(107961), '2013': np.int64(107954), '2014': np.int64(108308), '2015': np.int64(109058), '2016': np.int64(110360), '2017': np.int64(111733), '2018': np.int64(112816), '2019': np.int64(113893)}"
St AlbansSD,Large,East of England,Working,Low Deprivation,Larger non-coastal towns,"{'2001': np.int64(74013), '2002': np.int64(74565), '2003': np.int64(75302), '2004': np.int64(75093), '2005': np.int64(75811), '2006': np.int64(76982), '2007': np.int64(77766), '2008': np.int64(79134), '2009': np.int64(80529), '2010': np.int64(81544), '2011': np.int64(82621), '2012': np.int64(83062), '2013': np.int64(84067), '2014': np.int64(85430), '2015': np.int64(86228), '2016': np.int64(86764), '2017': np.int64(86961), '2018': np.int64(87032), '2019': np.int64(87749)}"
North WalneySD,Small,North West,Residential,High Deprivation,Smaller other coastal towns,"{'2001': np.int64(10656), '2002': np.int64(10518), '2003': np.int64(10444), '2004': np.int64(10428), '2005': np.int64(10342), '2006': np.int64(10235), '2007': np.int64(10180), '2008': np.int64(10133), '2009': np.int64(10156), '2010': np.int64(10099), '2011': np.int64(9918), '2012': np.int64(9905), '2013': np.int64(9836), '2014': np.int64(9814), '2015': np.int64(9885), '2016': np.int64(9894), '2017': np.int64(9838), '2018': np.int64(9927), '2019': np.int64(9869)}"
Kiveton ParkSD,Small,Yorkshire and The Humber,Working,Middle Deprivation,Smaller non-coastal towns ,"{'2001': np.int64(6421), '2002': np.int64(6450), '2003': np.int64(6373), '2004': np.int64(6427), '2005': np.int64(6468), '2006': np.int64(6567), '2007': np.int64(6622), '2008': np.int64(6769), '2009': np.int64(6980), '2010': np.int64(7032), '2011': np.int64(7102), '2012': np.int64(7104), '2013': np.int64(7075), '2014': np.int64(7140), '2015': np.int64(7052), '2016': np.int64(7112), '2017': np.int64(7073), '2018': np.int64(7153), '2019': np.int64(7190)}"
CatshillSD,Small,West Midlands,Residential,Low Deprivation,Smaller non-coastal towns ,"{'2001': np.int64(10485), '2002': np.int64(10514), '2003': np.int64(10497), '2004': np.int64(10341), '2005': np.int64(10415), '2006': np.int64(10348), '2007': np.int64(10471), '2008': np.int64(10433), '2009': np.int64(10440), '2010': np.int64(10437), '2011': np.int64(10436), '2012': np.int64(10457), '2013': np.int64(10428), '2014': np.int64(10425), '2015': np.int64(10471), '2016': np.int64(10684), '2017': np.int64(10718), '2018': np.int64(10729), '2019': np.int64(10741)}"
CanterburySD,Medium,South East,Working,Middle Deprivation,Larger non-coastal towns,"{'2001': np.int64(46612), '2002': np.int64(46281), '2003': np.int64(47075), '2004': np.int64(47580), '2005': np.int64(48927), '2006': np.int64(50852), '2007': np.int64(51687), '2008': np.int64(52042), '2009': np.int64(51669), '2010': np.int64(53057), '2011': np.int64(54490), '2012': np.int64(56456), '2013': np.int64(56967), '2014': np.int64(58078), '2015': np.int64(59644), '2016': np.int64(61835), '2017': np.int64(62767), '2018': np.int64(63171), '2019': np.int64(63637)}"
NormantonSD,Medium,Yorkshire and The Humber,Working,High Deprivation,Larger non-coastal towns,"{'2001': np.int64(20112), '2002': np.int64(20412), '2003': np.int64(20661), '2004': np.int64(20939), '2005': np.int64(21002), '2006': np.int64(21084), '2007': np.int64(21039), '2008': np.int64(21069), '2009': np.int64(21117), '2010': np.int64(21274), '2011': np.int64(21361), '2012': np.int64(21341), '2013': np.int64(21466), '2014': np.int64(21551), '2015': np.int64(21658), '2016': np.int64(21745), '2017': np.int64(21846), '2018': np.int64(21944), '2019': np.int64(22085)}"
FolkestoneSD,Medium,South East,Working,High Deprivation,Larger seaside towns,"{'2001': np.int64(45067), '2002': np.int64(45251), '2003': np.int64(45630), '2004': np.int64(46435), '2005': np.int64(47456), '2006': np.int64(48027), '2007': np.int64(49055), '2008': np.int64(49432), '2009': np.int64(49833), '2010': np.int64(50566), '2011': np.int64(51525), '2012': np.int64(51872), '2013': np.int64(51595), '2014': np.int64(51600), '2015': np.int64(52106), '2016': np.int64(52749), '2017': np.int64(52954), '2018': np.int64(53451), '2019': np.int64(53949)}"
St NeotsSD,Medium,East of England,Mixed,Low Deprivation,Larger non-coastal towns,"{'2001': np.int64(27373), '2002': np.int64(27578), '2003': np.int64(27483), '2004': np.int64(28139), '2005': np.int64(28444), '2006': np.int64(28774), '2007': np.int64(29063), '2008': np.int64(29242), '2009': np.int64(29463), '2010': np.int64(29885), '2011': np.int64(30369), '2012': np.int64(30955), '2013': np.int64(31461), '2014': np.int64(31964), '2015': np.int64(32205), '2016': np.int64(32568), '2017': np.int64(32832), '2018': np.int64(32854), '2019': np.int64(32657)}"
FarehamSD,Medium,South East,Working,Low Deprivation,Larger non-coastal towns,"{'2001': np.int64(40993), '2002': np.int64(41141), '2003': np.int64(40997), '2004': np.int64(40944), '2005': np.int64(40751), '2006': np.int64(40945), '2007': np.int64(41273), '2008': np.int64(41611), '2009': np.int64(41859), '2010': np.int64(41990), '2011': np.int64(42226), '2012': np.int64(42613), '2013': np.int64(42943), '2014': np.int64(43313), '2015': np.int64(43202), '2016': np.int64(43426), '2017': np.int64(43480), '2018': np.int64(43618), '2019': np.int64(43549)}"
SunderlandSD,Large,North East,Working,High Deprivation,Larger other coastal towns ,"{'2001': np.int64(180019), '2002': np.int64(179061), '2003': np.int64(177831), '2004': np.int64(176488), '2005': np.int64(175872), '2006': np.int64(175311), '2007': np.int64(175299), '2008': np.int64(174840), '2009': np.int64(174624), '2010': np.int64(174619), '2011': np.int64(174200), '2012': np.int64(174414), '2013': np.int64(174140), '2014': np.int64(174974), '2015': np.int64(174898), '2016': np.int64(175197), '2017': np.int64(175031), '2018': np.int64(175021), '2019': np.int64(174807)}"
RipleySD,Small,East Midlands,Working,High Deprivation,Smaller non-coastal towns ,"{'2001': np.int64(18850), '2002': np.int64(18817), '2003': np.int64(18679), '2004': np.int64(18792), '2005': np.int64(18901), '2006': np.int64(19087), '2007': np.int64(19040), '2008': np.int64(19187), '2009': np.int64(19180), '2010': np.int64(19261), '2011': np.int64(19339), '2012': np.int64(19296), '2013': np.int64(19481), '2014': np.int64(19542), '2015': np.int64(19499), '2016': np.int64(19549), '2017': np.int64(19776), '2018': np.int64(19777), '2019': np.int64(19911)}"
FarnhamSD,Medium,South East,Working,Low Deprivation,Larger non-coastal towns,"{'2001': np.int64(23523), '2002': np.int64(23659), '2003': np.int64(23979), '2004': np.int64(23762), '2005': np.int64(23970), '2006': np.int64(24120), '2007': np.int64(24403), '2008': np.int64(24716), '2009': np.int64(25075), '2010': np.int64(25503), '2011': np.int64(25637), '2012': np.int64(25777), '2013': np.int64(26041), '2014': np.int64(26498), '2015': np.int64(26656), '2016': np.int64(26848), '2017': np.int64(27056), '2018': np.int64(27152), '2019': np.int64(27386)}"
BoltonSD,Large,North West,Mixed,High Deprivation,Larger non-coastal towns,"{'2001': np.int64(183058), '2002': np.int64(183075), '2003': np.int64(183990), '2004': np.int64(184964), '2005': np.int64(185455), '2006': np.int64(187175), '2007': np.int64(188356), '2008': np.int64(189533), '2009': np.int64(191495), '2010': np.int64(192904), '2011': np.int64(194609), '2012': np.int64(195762), '2013': np.int64(196891), '2014': np.int64(197289), '2015': np.int64(198816), '2016': np.int64(200652), '2017': np.int64(202369), '2018': np.int64(203389), '2019': np.int64(205411)}"
GuildfordSD,Large,South East,Working,Low Deprivation,Larger non-coastal towns,"{'2001': np.int64(69394), '2002': np.int64(69089), '2003': np.int64(69259), '2004': np.int64(69916), '2005': np.int64(70393), '2006': np.int64(71609), '2007': np.int64(72375), '2008': np.int64(73041), '2009': np.int64(73899), '2010': np.int64(75438), '2011': np.int64(77095), '2012': np.int64(78428), '2013': np.int64(79808), '2014': np.int64(81691), '2015': np.int64(82949), '2016': np.int64(83972), '2017': np.int64(85208), '2018': np.int64(85970), '2019': np.int64(86611)}"
NorthamptonSD,Large,East Midlands,Working,High Deprivation,Larger non-coastal towns,"{'2001': np.int64(197544), '2002': np.int64(197726), '2003': np.int64(198088), '2004': np.int64(197994), '2005': np.int64(200113), '2006': np.int64(203584), '2007': np.int64(206112), '2008': np.int64(208676), '2009': np.int64(211044), '2010': np.int64(213250), '2011': np.int64(215595), '2012': np.int64(217273), '2013': np.int64(218980), '2014': np.int64(221529), '2015': np.int64(224763), '2016': np.int64(228122), '2017': np.int64(229815), '2018': np.int64(229837), '2019': np.int64(230031)}"
HeanorSD,Medium,East Midlands,Mixed,High Deprivation,Larger non-coastal towns,"{'2001': np.int64(23691), '2002': np.int64(24102), '2003': np.int64(24359), '2004': np.int64(24566), '2005': np.int64(24721), '2006': np.int64(25030), '2007': np.int64(25216), '2008': np.int64(25448), '2009': np.int64(25476), '2010': np.int64(25626), '2011': np.int64(25737), '2012': np.int64(25758), '2013': np.int64(25891), '2014': np.int64(25921), '2015': np.int64(25944), '2016': np.int64(26134), '2017': np.int64(26357), '2018': np.int64(26730), '2019': np.int64(27092)}"
BurntwoodSD,Medium,West Midlands,Mixed,Middle Deprivation,Larger non-coastal towns,"{'2001': np.int64(28271), '2002': np.int64(28301), '2003': np.int64(28291), '2004': np.int64(28425), '2005': np.int64(28474), '2006': np.int64(28335), '2007': np.int64(28265), '2008': np.int64(28330), '2009': np.int64(28438), '2010': np.int64(28663), '2011': np.int64(28590), '2012': np.int64(28456), '2013': np.int64(28523), '2014': np.int64(28466), '2015': np.int64(28346), '2016': np.int64(28375), '2017': np.int64(28610), '2018': np.int64(28663), '2019': np.int64(28831)}"
AbingdonSD,Medium,South East,Working,Low Deprivation,Larger non-coastal towns,"{'2001': np.int64(36148), '2002': np.int64(36074), '2003': np.int64(36186), '2004': np.int64(36289), '2005': np.int64(36539), '2006': np.int64(36912), '2007': np.int64(37270), '2008': np.int64(37564), '2009': np.int64(37840), '2010': np.int64(38197), '2011': np.int64(38693), '2012': np.int64(39052), '2013': np.int64(38820), '2014': np.int64(38973), '2015': np.int64(39161), '2016': np.int64(39156), '2017': np.int64(39494), '2018': np.int64(39609), '2019': np.int64(39654)}"
WorsleySD,Small,North West,Residential,Low Deprivation,Smaller non-coastal towns ,"{'2001': np.int64(9473), '2002': np.int64(9393), '2003': np.int64(9585), '2004': np.int64(9481), '2005': np.int64(9378), '2006': np.int64(9335), '2007': np.int64(9316), '2008': np.int64(9332), '2009': np.int64(9262), '2010': np.int64(9220), '2011': np.int64(9110), '2012': np.int64(9045), '2013': np.int64(9002), '2014': np.int64(9007), '2015': np.int64(9043), '2016': np.int64(9139), '2017': np.int64(9178), '2018': np.int64(9086), '2019': np.int64(9095)}"
High WycombeSD,Large,South East,Working,Low Deprivation,Larger non-coastal towns,"{'2001': np.int64(111425), '2002': np.int64(111968), '2003': np.int64(112205), '2004': np.int64(112923), '2005': np.int64(113933), '2006': np.int64(114849), '2007': np.int64(115638), '2008': np.int64(116683), '2009': np.int64(117578), '2010': np.int64(118782), '2011': np.int64(120419), '2012': np.int64(121328), '2013': np.int64(122198), '2014': np.int64(123010), '2015': np.int64(123711), '2016': np.int64(124241), '2017': np.int64(124073), '2018': np.int64(123987), '2019': np.int64(123813)}"
East GrinsteadSD,Medium,South East,Working,Low Deprivation,Larger non-coastal towns,"{'2001': np.int64(26357), '2002': np.int64(26717), '2003': np.int64(26606), '2004': np.int64(26676), '2005': np.int64(26958), '2006': np.int64(27169), '2007': np.int64(27668), '2008': np.int64(28007), '2009': np.int64(28485), '2010': np.int64(28864), '2011': np.int64(29156), '2012': np.int64(29257), '2013': np.int64(29504), '2014': np.int64(29633), '2015': np.int64(30042), '2016': np.int64(30177), '2017': np.int64(30251), '2018': np.int64(30495), '2019': np.int64(30664)}"
BrownhillsSD,Medium,West Midlands,Mixed,High Deprivation,Larger non-coastal towns,"{'2001': np.int64(19878), '2002': np.int64(19912), '2003': np.int64(20150), '2004': np.int64(20270), '2005': np.int64(20524), '2006': np.int64(20453), '2007': np.int64(20517), '2008': np.int64(20427), '2009': np.int64(20360), '2010': np.int64(20368), '2011': np.int64(20375), '2012': np.int64(20461), '2013': np.int64(20659), '2014': np.int64(20967), '2015': np.int64(21091), '2016': np.int64(21077), '2017': np.int64(21100), '2018': np.int64(21181), '2019': np.int64(21217)}"
AtherstoneSD,Small,West Midlands,Working,High Deprivation,Smaller non-coastal towns ,"{'2001': np.int64(10405), '2002': np.int64(10437), '2003': np.int64(10379), '2004': np.int64(10351), '2005': np.int64(10383), '2006': np.int64(10413), '2007': np.int64(10516), '2008': np.int64(10522), '2009': np.int64(10523), '2010': np.int64(10509), '2011': np.int64(10613), '2012': np.int64(10578), '2013': np.int64(10567), '2014': np.int64(10712), '2015': np.int64(10843), '2016': np.int64(11035), '2017': np.int64(11312), '2018': np.int64(11554), '2019': np.int64(11598)}"
Burton upon TrentSD,Medium,West Midlands,Working,High Deprivation,Larger non-coastal towns,"{'2001': np.int64(65904), '2002': np.int64(65884), '2003': np.int64(66593), '2004': np.int64(66954), '2005': np.int64(67586), '2006': np.int64(68257), '2007': np.int64(69243), '2008': np.int64(70265), '2009': np.int64(70871), '2010': np.int64(71715), '2011': np.int64(72537), '2012': np.int64(73072), '2013': np.int64(73544), '2014': np.int64(74224), '2015': np.int64(74709), '2016': np.int64(75185), '2017': np.int64(75931), '2018': np.int64(76515), '2019': np.int64(77536)}"
Bamber BridgeSD,Medium,North West,Mixed,Low Deprivation,Larger non-coastal towns,"{'2001': np.int64(66129), '2002': np.int64(65916), '2003': np.int64(66440), '2004': np.int64(66442), '2005': np.int64(66437), '2006': np.int64(66689), '2007': np.int64(66705), '2008': np.int64(66967), '2009': np.int64(67231), '2010': np.int64(67200), '2011': np.int64(67603), '2012': np.int64(67893), '2013': np.int64(67819), '2014': np.int64(67788), '2015': np.int64(68004), '2016': np.int64(68113), '2017': np.int64(68368), '2018': np.int64(68477), '2019': np.int64(68641)}"
WilmslowSD,Medium,North West,Working,Low Deprivation,Larger non-coastal towns,"{'2001': np.int64(34147), '2002': np.int64(34217), '2003': np.int64(34477), '2004': np.int64(34460), '2005': np.int64(34549), '2006': np.int64(34958), '2007': np.int64(35341), '2008': np.int64(35615), '2009': np.int64(35753), '2010': np.int64(35779), '2011': np.int64(35999), '2012': np.int64(36335), '2013': np.int64(36750), '2014': np.int64(37007), '2015': np.int64(37210), '2016': np.int64(37224), '2017': np.int64(37400), '2018': np.int64(37496), '2019': np.int64(37670)}"
GloucesterSD,Large,South West,Working,High Deprivation,Larger non-coastal towns,"{'2001': np.int64(123913), '2002': np.int64(124595), '2003': np.int64(125522), '2004': np.int64(126651), '2005': np.int64(127898), '2006': np.int64(129390), '2007': np.int64(131322), '2008': np.int64(132582), '2009': np.int64(133643), '2010': np.int64(135200), '2011': np.int64(136666), '2012': np.int64(138371), '2013': np.int64(139800), '2014': np.int64(141365), '2015': np.int64(143545), '2016': np.int64(145486), '2017': np.int64(146667), '2018': np.int64(147357), '2019': np.int64(147509)}"
OtleySD,Small,Yorkshire and The Humber,Residential,Low Deprivation,Smaller non-coastal towns ,"{'2001': np.int64(14664), '2002': np.int64(14517), '2003': np.int64(14467), '2004': np.int64(14434), '2005': np.int64(14483), '2006': np.int64(14309), '2007': np.int64(14318), '2008': np.int64(14249), '2009': np.int64(14244), '2010': np.int64(14244), '2011': np.int64(14195), '2012': np.int64(14122), '2013': np.int64(14159), '2014': np.int64(14159), '2015': np.int64(14203), '2016': np.int64(14203), '2017': np.int64(14301), '2018': np.int64(14205), '2019': np.int64(14257)}"
BusheySD,Medium,East of England,Mixed,Low Deprivation,Larger non-coastal towns,"{'2001': np.int64(24465), '2002': np.int64(23543), '2003': np.int64(23357), '2004': np.int64(24074), '2005': np.int64(24160), '2006': np.int64(24349), '2007': np.int64(24731), '2008': np.int64(24770), '2009': np.int64(24973), '2010': np.int64(25113), '2011': np.int64(25379), '2012': np.int64(25734), '2013': np.int64(25884), '2014': np.int64(26294), '2015': np.int64(26204), '2016': np.int64(26462), '2017': np.int64(26641), '2018': np.int64(26924), '2019': np.int64(27278)}"
GatesheadSD,Large,North East,Working,High Deprivation,Larger non-coastal towns,"{'2001': np.int64(113196), '2002': np.int64(113620), '2003': np.int64(114100), '2004': np.int64(114377), '2005': np.int64(115107), '2006': np.int64(115829), '2007': np.int64(116820), '2008': np.int64(117559), '2009': np.int64(118512), '2010': np.int64(119274), '2011': np.int64(120176), '2012': np.int64(120095), '2013': np.int64(119560), '2014': np.int64(120050), '2015': np.int64(120985), '2016': np.int64(121975), '2017': np.int64(122088), '2018': np.int64(122403), '2019': np.int64(122249)}"
Newport PagnellSD,Small,South East,Working,Low Deprivation,Smaller non-coastal towns ,"{'2001': np.int64(15078), '2002': np.int64(14867), '2003': np.int64(14938), '2004': np.int64(14783), '2005': np.int64(14890), '2006': np.int64(14925), '2007': np.int64(14903), '2008': np.int64(14935), '2009': np.int64(15058), '2010': np.int64(15083), '2011': np.int64(15140), '2012': np.int64(15080), '2013': np.int64(15085), '2014': np.int64(15164), '2015': np.int64(15036), '2016': np.int64(15029), '2017': np.int64(14857), '2018': np.int64(14788), '2019': np.int64(14755)}"
IlkestonSD,Medium,East Midlands,Working,High Deprivation,Larger non-coastal towns,"{'2001': np.int64(37463), '2002': np.int64(37855), '2003': np.int64(37878), '2004': np.int64(37838), '2005': np.int64(37747), '2006': np.int64(37692), '2007': np.int64(37925), '2008': np.int64(37977), '2009': np.int64(38305), '2010': np.int64(38482), '2011': np.int64(38743), '2012': np.int64(38842), '2013': np.int64(38915), '2014': np.int64(39201), '2015': np.int64(39401), '2016': np.int64(39373), '2017': np.int64(39555), '2018': np.int64(39670), '2019': np.int64(39605)}"
Newton-le-WillowsSD,Medium,North West,Mixed,High Deprivation,Larger non-coastal towns,"{'2001': np.int64(21424), '2002': np.int64(21316), '2003': np.int64(21337), '2004': np.int64(21393), '2005': np.int64(21422), '2006': np.int64(21442), '2007': np.int64(21564), '2008': np.int64(21662), '2009': np.int64(21900), '2010': np.int64(22058), '2011': np.int64(22195), '2012': np.int64(22433), '2013': np.int64(22627), '2014': np.int64(22895), '2015': np.int64(23212), '2016': np.int64(23535), '2017': np.int64(23822), '2018': np.int64(24333), '2019': np.int64(24848)}"
TilburySD,Small,East of England,Working,High Deprivation,Smaller non-coastal towns ,"{'2001': np.int64(11522), '2002': np.int64(11460), '2003': np.int64(11361), '2004': np.int64(11407), '2005': np.int64(11527), '2006': np.int64(11644), '2007': np.int64(11799), '2008': np.int64(11873), '2009': np.int64(12087), '2010': np.int64(12259), '2011': np.int64(12506), '2012': np.int64(12569), '2013': np.int64(12589), '2014': np.int64(12784), '2015': np.int64(12938), '2016': np.int64(13119), '2017': np.int64(13413), '2018': np.int64(13791), '2019': np.int64(14121)}"
DroitwichSD,Medium,West Midlands,Mixed,Middle Deprivation,Larger non-coastal towns,"{'2001': np.int64(22894), '2002': np.int64(23141), '2003': np.int64(23230), '2004': np.int64(23173), '2005': np.int64(23296), '2006': np.int64(23586), '2007': np.int64(23627), '2008': np.int64(23541), '2009': np.int64(23496), '2010': np.int64(23458), '2011': np.int64(23551), '2012': np.int64(23579), '2013': np.int64(23820), '2014': np.int64(23947), '2015': np.int64(23938), '2016': np.int64(23849), '2017': np.int64(23880), '2018': np.int64(23935), '2019': np.int64(24179)}"
MountsorrelSD,Small,East Midlands,Residential,Low Deprivation,Smaller non-coastal towns ,"{'2001': np.int64(11291), '2002': np.int64(11292), '2003': np.int64(11417), '2004': np.int64(11442), '2005': np.int64(11538), '2006': np.int64(11654), '2007': np.int64(11761), '2008': np.int64(11819), '2009': np.int64(11932), '2010': np.int64(12065), '2011': np.int64(12131), '2012': np.int64(12361), '2013': np.int64(12586), '2014': np.int64(12653), '2015': np.int64(12788), '2016': np.int64(12891), '2017': np.int64(13239), '2018': np.int64(13597), '2019': np.int64(13868)}"
ChesterfieldSD,Large,East Midlands,Working,High Deprivation,Larger non-coastal towns,"{'2001': np.int64(85112), '2002': np.int64(85395), '2003': np.int64(85827), '2004': np.int64(86216), '2005': np.int64(86635), '2006': np.int64(86796), '2007': np.int64(87068), '2008': np.int64(87564), '2009': np.int64(87840), '2010': np.int64(88132), '2011': np.int64(88480), '2012': np.int64(88502), '2013': np.int64(88720), '2014': np.int64(88918), '2015': np.int64(89094), '2016': np.int64(89157), '2017': np.int64(89181), '2018': np.int64(89282), '2019': np.int64(89469)}"
BillericaySD,Medium,East of England,Mixed,Low Deprivation,Larger non-coastal towns,"{'2001': np.int64(33791), '2002': np.int64(33999), '2003': np.int64(34015), '2004': np.int64(33915), '2005': np.int64(33999), '2006': np.int64(34236), '2007': np.int64(34278), '2008': np.int64(34447), '2009': np.int64(34275), '2010': np.int64(34291), '2011': np.int64(34297), '2012': np.int64(34250), '2013': np.int64(34345), '2014': np.int64(34676), '2015': np.int64(34730), '2016': np.int64(34838), '2017': np.int64(34894), '2018': np.int64(34848), '2019': np.int64(34987)}"
BidefordSD,Small,South West,Mixed,High Deprivation,Smaller other coastal towns,"{'2001': np.int64(16069), '2002': np.int64(16154), '2003': np.int64(16385), '2004': np.int64(16584), '2005': np.int64(16648), '2006': np.int64(16742), '2007': np.int64(17075), '2008': np.int64(17395), '2009': np.int64(17586), '2010': np.int64(17846), '2011': np.int64(18123), '2012': np.int64(18584), '2013': np.int64(18736), '2014': np.int64(18906), '2015': np.int64(19238), '2016': np.int64(19629), '2017': np.int64(19827), '2018': np.int64(19927), '2019': np.int64(19926)}"
WendoverSD,Small,South East,Residential,Low Deprivation,Smaller non-coastal towns ,"{'2001': np.int64(7462), '2002': np.int64(7514), '2003': np.int64(7616), '2004': np.int64(7574), '2005': np.int64(7334), '2006': np.int64(7210), '2007': np.int64(7172), '2008': np.int64(7323), '2009': np.int64(7442), '2010': np.int64(7312), '2011': np.int64(7171), '2012': np.int64(7406), '2013': np.int64(7616), '2014': np.int64(7826), '2015': np.int64(7862), '2016': np.int64(7990), '2017': np.int64(7995), '2018': np.int64(8087), '2019': np.int64(8186)}"
JarrowSD,Medium,North East,Mixed,High Deprivation,Larger non-coastal towns,"{'2001': np.int64(44633), '2002': np.int64(44359), '2003': np.int64(44179), '2004': np.int64(44098), '2005': np.int64(43940), '2006': np.int64(43841), '2007': np.int64(43698), '2008': np.int64(43594), '2009': np.int64(43492), '2010': np.int64(43467), '2011': np.int64(43454), '2012': np.int64(43287), '2013': np.int64(43280), '2014': np.int64(43433), '2015': np.int64(43337), '2016': np.int64(43346), '2017': np.int64(43111), '2018': np.int64(43114), '2019': np.int64(43218)}"
TamworthSD,Medium,West Midlands,Mixed,High Deprivation,Larger non-coastal towns,"{'2001': np.int64(71655), '2002': np.int64(71573), '2003': np.int64(71663), '2004': np.int64(71522), '2005': np.int64(71797), '2006': np.int64(72098), '2007': np.int64(72532), '2008': np.int64(72888), '2009': np.int64(73317), '2010': np.int64(73652), '2011': np.int64(74003), '2012': np.int64(74118), '2013': np.int64(74186), '2014': np.int64(74216), '2015': np.int64(74260), '2016': np.int64(74137), '2017': np.int64(73716), '2018': np.int64(73908), '2019': np.int64(73957)}"
NewburySD,Medium,South East,Working,Low Deprivation,Larger non-coastal towns,"{'2001': np.int64(34705), '2002': np.int64(34244), '2003': np.int64(34410), '2004': np.int64(34956), '2005': np.int64(35649), '2006': np.int64(36504), '2007': np.int64(37192), '2008': np.int64(37960), '2009': np.int64(38263), '2010': np.int64(38619), '2011': np.int64(38848), '2012': np.int64(39355), '2013': np.int64(39725), '2014': np.int64(40215), '2015': np.int64(40848), '2016': np.int64(41518), '2017': np.int64(41883), '2018': np.int64(42092), '2019': np.int64(42109)}"
Hale (Trafford)SD,Small,North West,Mixed,Low Deprivation,Smaller non-coastal towns ,"{'2001': np.int64(15301), '2002': np.int64(15481), '2003': np.int64(15654), '2004': np.int64(15787), '2005': np.int64(15927), '2006': np.int64(16080), '2007': np.int64(16122), '2008': np.int64(16257), '2009': np.int64(16434), '2010': np.int64(16592), '2011': np.int64(16639), '2012': np.int64(16773), '2013': np.int64(16843), '2014': np.int64(17018), '2015': np.int64(17200), '2016': np.int64(17409), '2017': np.int64(17481), '2018': np.int64(17372), '2019': np.int64(17493)}"
WeymouthSD,Medium,South West,Mixed,High Deprivation,Larger seaside towns,"{'2001': np.int64(53158), '2002': np.int64(53684), '2003': np.int64(53943), '2004': np.int64(53897), '2005': np.int64(54113), '2006': np.int64(54233), '2007': np.int64(54306), '2008': np.int64(54268), '2009': np.int64(54295), '2010': np.int64(54385), '2011': np.int64(54483), '2012': np.int64(54483), '2013': np.int64(54381), '2014': np.int64(54525), '2015': np.int64(54861), '2016': np.int64(54955), '2017': np.int64(55174), '2018': np.int64(55251), '2019': np.int64(55279)}"
BracknellSD,Large,South East,Working,Low Deprivation,Larger non-coastal towns,"{'2001': np.int64(74135), '2002': np.int64(74077), '2003': np.int64(74045), '2004': np.int64(73840), '2005': np.int64(74077), '2006': np.int64(74039), '2007': np.int64(74684), '2008': np.int64(75426), '2009': np.int64(75712), '2010': np.int64(76610), '2011': np.int64(77423), '2012': np.int64(78665), '2013': np.int64(79861), '2014': np.int64(81160), '2015': np.int64(82496), '2016': np.int64(82812), '2017': np.int64(83491), '2018': np.int64(84469), '2019': np.int64(85067)}"
CinderfordSD,Small,South West,Mixed,High Deprivation,Smaller non-coastal towns ,"{'2001': np.int64(10066), '2002': np.int64(10075), '2003': np.int64(10206), '2004': np.int64(10314), '2005': np.int64(10468), '2006': np.int64(10487), '2007': np.int64(10523), '2008': np.int64(10580), '2009': np.int64(10445), '2010': np.int64(10389), '2011': np.int64(10532), '2012': np.int64(10716), '2013': np.int64(10829), '2014': np.int64(10868), '2015': np.int64(11060), '2016': np.int64(11226), '2017': np.int64(11302), '2018': np.int64(11406), '2019': np.int64(11376)}"
CookhamSD,Small,South East,Residential,Low Deprivation,Smaller non-coastal towns ,"{'2001': np.int64(4878), '2002': np.int64(4877), '2003': np.int64(4786), '2004': np.int64(5018), '2005': np.int64(4907), '2006': np.int64(4928), '2007': np.int64(4880), '2008': np.int64(4912), '2009': np.int64(5016), '2010': np.int64(5048), '2011': np.int64(5114), '2012': np.int64(5013), '2013': np.int64(5056), '2014': np.int64(5093), '2015': np.int64(5016), '2016': np.int64(5073), '2017': np.int64(5075), '2018': np.int64(5002), '2019': np.int64(5018)}"
FerndownSD,Medium,South West,Working,Low Deprivation,Larger non-coastal towns,"{'2001': np.int64(25257), '2002': np.int64(25562), '2003': np.int64(25748), '2004': np.int64(25895), '2005': np.int64(25908), '2006': np.int64(25898), '2007': np.int64(26346), '2008': np.int64(26506), '2009': np.int64(26290), '2010': np.int64(26365), '2011': np.int64(26543), '2012': np.int64(26728), '2013': np.int64(26851), '2014': np.int64(26971), '2015': np.int64(26945), '2016': np.int64(27029), '2017': np.int64(26983), '2018': np.int64(27357), '2019': np.int64(27647)}"
CannockSD,Medium,West Midlands,Mixed,High Deprivation,Larger non-coastal towns,"{'2001': np.int64(65307), '2002': np.int64(65750), '2003': np.int64(65840), '2004': np.int64(65830), '2005': np.int64(66027), '2006': np.int64(66076), '2007': np.int64(66303), '2008': np.int64(66650), '2009': np.int64(66988), '2010': np.int64(67290), '2011': np.int64(67889), '2012': np.int64(68083), '2013': np.int64(68378), '2014': np.int64(68760), '2015': np.int64(68776), '2016': np.int64(68792), '2017': np.int64(69473), '2018': np.int64(70198), '2019': np.int64(70724)}"
Royal Tunbridge WellsSD,Medium,South East,Working,Low Deprivation,Larger non-coastal towns,"{'2001': np.int64(49918), '2002': np.int64(50115), '2003': np.int64(50574), '2004': np.int64(50986), '2005': np.int64(51506), '2006': np.int64(52298), '2007': np.int64(53464), '2008': np.int64(55149), '2009': np.int64(56335), '2010': np.int64(57135), '2011': np.int64(57942), '2012': np.int64(58405), '2013': np.int64(58442), '2014': np.int64(58903), '2015': np.int64(59422), '2016': np.int64(59963), '2017': np.int64(60570), '2018': np.int64(60791), '2019': np.int64(61284)}"
PrestonSD,Large,North West,Working,High Deprivation,Larger non-coastal towns,"{'2001': np.int64(88278), '2002': np.int64(89037), '2003': np.int64(89965), '2004': np.int64(91717), '2005': np.int64(93365), '2006': np.int64(94862), '2007': np.int64(95564), '2008': np.int64(95710), '2009': np.int64(95500), '2010': np.int64(96279), '2011': np.int64(97796), '2012': np.int64(98009), '2013': np.int64(97661), '2014': np.int64(97772), '2015': np.int64(98434), '2016': np.int64(98956), '2017': np.int64(99198), '2018': np.int64(99427), '2019': np.int64(99760)}"
OldhamSD,Large,North West,Mixed,High Deprivation,Larger non-coastal towns,"{'2001': np.int64(92844), '2002': np.int64(92837), '2003': np.int64(93107), '2004': np.int64(93495), '2005': np.int64(93850), '2006': np.int64(93977), '2007': np.int64(94414), '2008': np.int64(95017), '2009': np.int64(95453), '2010': np.int64(96044), '2011': np.int64(96814), '2012': np.int64(97275), '2013': np.int64(98488), '2014': np.int64(99592), '2015': np.int64(101622), '2016': np.int64(103875), '2017': np.int64(105402), '2018': np.int64(107033), '2019': np.int64(108606)}"
MildenhallSD,Small,East of England,Residential,Middle Deprivation,Smaller non-coastal towns ,"{'2001': np.int64(13492), '2002': np.int64(13586), '2003': np.int64(13742), '2004': np.int64(13740), '2005': np.int64(13882), '2006': np.int64(13595), '2007': np.int64(13553), '2008': np.int64(13337), '2009': np.int64(13410), '2010': np.int64(13437), '2011': np.int64(13463), '2012': np.int64(13947), '2013': np.int64(13797), '2014': np.int64(14495), '2015': np.int64(14849), '2016': np.int64(14885), '2017': np.int64(15378), '2018': np.int64(15304), '2019': np.int64(15649)}"
AccringtonSD,Medium,North West,Mixed,High Deprivation,Larger non-coastal towns,"{'2001': np.int64(35310), '2002': np.int64(35112), '2003': np.int64(34909), '2004': np.int64(34932), '2005': np.int64(35092), '2006': np.int64(35435), '2007': np.int64(35413), '2008': np.int64(35421), '2009': np.int64(35421), '2010': np.int64(35510), '2011': np.int64(35397), '2012': np.int64(35241), '2013': np.int64(35264), '2014': np.int64(35525), '2015': np.int64(35678), '2016': np.int64(36073), '2017': np.int64(36336), '2018': np.int64(36437), '2019': np.int64(36534)}"
BedfordSD,Large,East of England,Working,High Deprivation,Larger non-coastal towns,"{'2001': np.int64(82922), '2002': np.int64(83593), '2003': np.int64(84178), '2004': np.int64(84616), '2005': np.int64(84540), '2006': np.int64(84621), '2007': np.int64(85055), '2008': np.int64(85676), '2009': np.int64(86221), '2010': np.int64(87354), '2011': np.int64(87845), '2012': np.int64(88439), '2013': np.int64(89635), '2014': np.int64(90516), '2015': np.int64(91445), '2016': np.int64(92448), '2017': np.int64(92405), '2018': np.int64(92847), '2019': np.int64(93378)}"
PeterleeSD,Medium,North East,Residential,High Deprivation,Larger other coastal towns ,"{'2001': np.int64(29870), '2002': np.int64(29740), '2003': np.int64(29530), '2004': np.int64(29286), '2005': np.int64(29109), '2006': np.int64(29014), '2007': np.int64(28857), '2008': np.int64(28641), '2009': np.int64(28453), '2010': np.int64(28079), '2011': np.int64(27870), '2012': np.int64(27767), '2013': np.int64(27573), '2014': np.int64(27354), '2015': np.int64(27198), '2016': np.int64(27072), '2017': np.int64(26930), '2018': np.int64(26818), '2019': np.int64(26665)}"
ExeterSD,Large,South West,Working,Middle Deprivation,Larger non-coastal towns,"{'2001': np.int64(107442), '2002': np.int64(106862), '2003': np.int64(107331), '2004': np.int64(106943), '2005': np.int64(109181), '2006': np.int64(109349), '2007': np.int64(110299), '2008': np.int64(110366), '2009': np.int64(110536), '2010': np.int64(111648), '2011': np.int64(112815), '2012': np.int64(114535), '2013': np.int64(116387), '2014': np.int64(118270), '2015': np.int64(120507), '2016': np.int64(121991), '2017': np.int64(123379), '2018': np.int64(124856), '2019': np.int64(125819)}"
CorbySD,Medium,East Midlands,Working,High Deprivation,Larger non-coastal towns,"{'2001': np.int64(48032), '2002': np.int64(47890), '2003': np.int64(47925), '2004': np.int64(48080), '2005': np.int64(48674), '2006': np.int64(49528), '2007': np.int64(50861), '2008': np.int64(51998), '2009': np.int64(53059), '2010': np.int64(54036), '2011': np.int64(55266), '2012': np.int64(56485), '2013': np.int64(57310), '2014': np.int64(58216), '2015': np.int64(59084), '2016': np.int64(60069), '2017': np.int64(60576), '2018': np.int64(61101), '2019': np.int64(61740)}"
ReigateSD,Medium,South East,Working,Low Deprivation,Larger non-coastal towns,"{'2001': np.int64(21125), '2002': np.int64(20921), '2003': np.int64(20868), '2004': np.int64(20961), '2005': np.int64(20973), '2006': np.int64(21132), '2007': np.int64(21477), '2008': np.int64(21575), '2009': np.int64(21847), '2010': np.int64(22056), '2011': np.int64(22178), '2012': np.int64(22465), '2013': np.int64(22639), '2014': np.int64(22842), '2015': np.int64(22909), '2016': np.int64(22989), '2017': np.int64(23391), '2018': np.int64(23503), '2019': np.int64(23649)}"
Stourport-on-SevernSD,Medium,West Midlands,Residential,High Deprivation,Larger non-coastal towns,"{'2001': np.int64(19425), '2002': np.int64(19548), '2003': np.int64(19606), '2004': np.int64(19656), '2005': np.int64(19812), '2006': np.int64(19881), '2007': np.int64(20111), '2008': np.int64(20116), '2009': np.int64(20066), '2010': np.int64(20101), '2011': np.int64(20123), '2012': np.int64(20096), '2013': np.int64(20202), '2014': np.int64(20264), '2015': np.int64(20302), '2016': np.int64(20351), '2017': np.int64(20422), '2018': np.int64(20504), '2019': np.int64(20591)}"
PrudhoeSD,Small,North East,Residential,Middle Deprivation,Smaller non-coastal towns ,"{'2001': np.int64(10321), '2002': np.int64(10574), '2003': np.int64(10592), '2004': np.int64(10714), '2005': np.int64(10749), '2006': np.int64(10778), '2007': np.int64(10841), '2008': np.int64(10855), '2009': np.int64(10887), '2010': np.int64(10859), '2011': np.int64(10894), '2012': np.int64(10884), '2013': np.int64(10820), '2014': np.int64(10886), '2015': np.int64(10919), '2016': np.int64(10980), '2017': np.int64(11035), '2018': np.int64(11000), '2019': np.int64(11047)}"
HastingsSD,Large,South East,Mixed,High Deprivation,Larger seaside towns,"{'2001': np.int64(86260), '2002': np.int64(86728), '2003': np.int64(87408), '2004': np.int64(87668), '2005': np.int64(88238), '2006': np.int64(88330), '2007': np.int64(88842), '2008': np.int64(89554), '2009': np.int64(90083), '2010': np.int64(90425), '2011': np.int64(90970), '2012': np.int64(91187), '2013': np.int64(91645), '2014': np.int64(92124), '2015': np.int64(92696), '2016': np.int64(93676), '2017': np.int64(93592), '2018': np.int64(93685), '2019': np.int64(93539)}"
StockportSD,Large,North West,Working,High Deprivation,Larger non-coastal towns,"{'2001': np.int64(106282), '2002': np.int64(105853), '2003': np.int64(105361), '2004': np.int64(105102), '2005': np.int64(104785), '2006': np.int64(104712), '2007': np.int64(104933), '2008': np.int64(104955), '2009': np.int64(105530), '2010': np.int64(105762), '2011': np.int64(105888), '2012': np.int64(106234), '2013': np.int64(106824), '2014': np.int64(107598), '2015': np.int64(108431), '2016': np.int64(109182), '2017': np.int64(110000), '2018': np.int64(110562), '2019': np.int64(111694)}"
RugbySD,Medium,West Midlands,Working,Middle Deprivation,Larger non-coastal towns,"{'2001': np.int64(62131), '2002': np.int64(62358), '2003': np.int64(62175), '2004': np.int64(62664), '2005': np.int64(63489), '2006': np.int64(64733), '2007': np.int64(66116), '2008': np.int64(67462), '2009': np.int64(68429), '2010': np.int64(69607), '2011': np.int64(70923), '2012': np.int64(71494), '2013': np.int64(72097), '2014': np.int64(72721), '2015': np.int64(73511), '2016': np.int64(74171), '2017': np.int64(75128), '2018': np.int64(75700), '2019': np.int64(76419)}"
MarlowSD,Small,South East,Working,Low Deprivation,Smaller non-coastal towns ,"{'2001': np.int64(14573), '2002': np.int64(14567), '2003': np.int64(14658), '2004': np.int64(14514), '2005': np.int64(14609), '2006': np.int64(14647), '2007': np.int64(14655), '2008': np.int64(14666), '2009': np.int64(14644), '2010': np.int64(14870), '2011': np.int64(14830), '2012': np.int64(14849), '2013': np.int64(14840), '2014': np.int64(14895), '2015': np.int64(14926), '2016': np.int64(14918), '2017': np.int64(14839), '2018': np.int64(15006), '2019': np.int64(14908)}"
AylesburySD,Medium,South East,Working,Middle Deprivation,Larger non-coastal towns,"{'2001': np.int64(67134), '2002': np.int64(66766), '2003': np.int64(66785), '2004': np.int64(67085), '2005': np.int64(67869), '2006': np.int64(68724), '2007': np.int64(69446), '2008': np.int64(70367), '2009': np.int64(70735), '2010': np.int64(71251), '2011': np.int64(72370), '2012': np.int64(73865), '2013': np.int64(75614), '2014': np.int64(77289), '2015': np.int64(79758), '2016': np.int64(82936), '2017': np.int64(84890), '2018': np.int64(87099), '2019': np.int64(88950)}"
SolihullSD,Large,West Midlands,Working,Low Deprivation,Larger non-coastal towns,"{'2001': np.int64(118196), '2002': np.int64(118475), '2003': np.int64(118903), '2004': np.int64(119009), '2005': np.int64(119193), '2006': np.int64(119386), '2007': np.int64(120017), '2008': np.int64(121164), '2009': np.int64(121881), '2010': np.int64(122621), '2011': np.int64(123156), '2012': np.int64(123647), '2013': np.int64(124598), '2014': np.int64(125349), '2015': np.int64(125637), '2016': np.int64(126710), '2017': np.int64(127289), '2018': np.int64(127351), '2019': np.int64(127898)}"
IpswichSD,Large,East of England,Working,High Deprivation,Larger non-coastal towns,"{'2001': np.int64(127928), '2002': np.int64(128803), '2003': np.int64(130538), '2004': np.int64(132608), '2005': np.int64(135628), '2006': np.int64(136434), '2007': np.int64(137086), '2008': np.int64(139073), '2009': np.int64(140973), '2010': np.int64(143281), '2011': np.int64(145345), '2012': np.int64(146658), '2013': np.int64(147296), '2014': np.int64(148196), '2015': np.int64(149464), '2016': np.int64(150282), '2017': np.int64(150334), '2018': np.int64(149293), '2019': np.int64(148742)}"
LiversedgeSD,Small,Yorkshire and The Humber,Residential,High Deprivation,Smaller non-coastal towns ,"{'2001': np.int64(16890), '2002': np.int64(16955), '2003': np.int64(16868), '2004': np.int64(16907), '2005': np.int64(16958), '2006': np.int64(16985), '2007': np.int64(17081), '2008': np.int64(17206), '2009': np.int64(17301), '2010': np.int64(17572), '2011': np.int64(17705), '2012': np.int64(17871), '2013': np.int64(17884), '2014': np.int64(18001), '2015': np.int64(18172), '2016': np.int64(18240), '2017': np.int64(18165), '2018': np.int64(18077), '2019': np.int64(18092)}"
PenistoneSD,Small,Yorkshire and The Humber,Residential,Low Deprivation,Smaller non-coastal towns ,"{'2001': np.int64(8928), '2002': np.int64(8985), '2003': np.int64(9131), '2004': np.int64(9273), '2005': np.int64(9391), '2006': np.int64(9420), '2007': np.int64(9425), '2008': np.int64(9487), '2009': np.int64(9621), '2010': np.int64(9662), '2011': np.int64(9843), '2012': np.int64(9919), '2013': np.int64(10188), '2014': np.int64(10308), '2015': np.int64(10474), '2016': np.int64(10541), '2017': np.int64(10693), '2018': np.int64(10861), '2019': np.int64(10936)}"
BasildonSD,Large,East of England,Working,High Deprivation,Larger non-coastal towns,"{'2001': np.int64(101313), '2002': np.int64(101372), '2003': np.int64(101599), '2004': np.int64(102008), '2005': np.int64(102743), '2006': np.int64(103543), '2007': np.int64(104178), '2008': np.int64(105237), '2009': np.int64(105735), '2010': np.int64(106448), '2011': np.int64(107536), '2012': np.int64(108875), '2013': np.int64(110294), '2014': np.int64(111876), '2015': np.int64(113007), '2016': np.int64(114583), '2017': np.int64(115269), '2018': np.int64(116573), '2019': np.int64(117681)}"
WorksopSD,Medium,East Midlands,Working,High Deprivation,Larger non-coastal towns,"{'2001': np.int64(39477), '2002': np.int64(39807), '2003': np.int64(40233), '2004': np.int64(40692), '2005': np.int64(40968), '2006': np.int64(41110), '2007': np.int64(41306), '2008': np.int64(41539), '2009': np.int64(41786), '2010': np.int64(41926), '2011': np.int64(41926), '2012': np.int64(42366), '2013': np.int64(42418), '2014': np.int64(42557), '2015': np.int64(42590), '2016': np.int64(42868), '2017': np.int64(43173), '2018': np.int64(43421), '2019': np.int64(43613)}"
ChertseySD,Small,South East,Working,Low Deprivation,Smaller non-coastal towns ,"{'2001': np.int64(12258), '2002': np.int64(12156), '2003': np.int64(12121), '2004': np.int64(12144), '2005': np.int64(12284), '2006': np.int64(12566), '2007': np.int64(12921), '2008': np.int64(13015), '2009': np.int64(13275), '2010': np.int64(13603), '2011': np.int64(13764), '2012': np.int64(13817), '2013': np.int64(13911), '2014': np.int64(13954), '2015': np.int64(14143), '2016': np.int64(14389), '2017': np.int64(14627), '2018': np.int64(14806), '2019': np.int64(15104)}"
ChelmsfordSD,Large,East of England,Working,Low Deprivation,Larger non-coastal towns,"{'2001': np.int64(100698), '2002': np.int64(101906), '2003': np.int64(103521), '2004': np.int64(105105), '2005': np.int64(106086), '2006': np.int64(106527), '2007': np.int64(106921), '2008': np.int64(107440), '2009': np.int64(108508), '2010': np.int64(109697), '2011': np.int64(110774), '2012': np.int64(111451), '2013': np.int64(112288), '2014': np.int64(112999), '2015': np.int64(114183), '2016': np.int64(115358), '2017': np.int64(116997), '2018': np.int64(117592), '2019': np.int64(118759)}"
StandishSD,Small,North West,Residential,Low Deprivation,Smaller non-coastal towns ,"{'2001': np.int64(13537), '2002': np.int64(13638), '2003': np.int64(13633), '2004': np.int64(13674), '2005': np.int64(13670), '2006': np.int64(13719), '2007': np.int64(13600), '2008': np.int64(13634), '2009': np.int64(13730), '2010': np.int64(13702), '2011': np.int64(13677), '2012': np.int64(13715), '2013': np.int64(13747), '2014': np.int64(13712), '2015': np.int64(13617), '2016': np.int64(13541), '2017': np.int64(13502), '2018': np.int64(13719), '2019': np.int64(14160)}"
FazeleySD,Small,West Midlands,Working,Middle Deprivation,Smaller non-coastal towns ,"{'2001': np.int64(7389), '2002': np.int64(7313), '2003': np.int64(7309), '2004': np.int64(7457), '2005': np.int64(7491), '2006': np.int64(7555), '2007': np.int64(7448), '2008': np.int64(7591), '2009': np.int64(7594), '2010': np.int64(7632), '2011': np.int64(7658), '2012': np.int64(7683), '2013': np.int64(7734), '2014': np.int64(7736), '2015': np.int64(7770), '2016': np.int64(7801), '2017': np.int64(7827), '2018': np.int64(7816), '2019': np.int64(7762)}"
AndoverSD,Medium,South East,Working,Middle Deprivation,Larger non-coastal towns,"{'2001': np.int64(37971), '2002': np.int64(38524), '2003': np.int64(39137), '2004': np.int64(39328), '2005': np.int64(39732), '2006': np.int64(40034), '2007': np.int64(40370), '2008': np.int64(40687), '2009': np.int64(40900), '2010': np.int64(41326), '2011': np.int64(41936), '2012': np.int64(42649), '2013': np.int64(43685), '2014': np.int64(44622), '2015': np.int64(45384), '2016': np.int64(45942), '2017': np.int64(46224), '2018': np.int64(46584), '2019': np.int64(46906)}"
WattonSD,Small,East of England,Residential,Middle Deprivation,Smaller non-coastal towns ,"{'2001': np.int64(7372), '2002': np.int64(7464), '2003': np.int64(7587), '2004': np.int64(7531), '2005': np.int64(7651), '2006': np.int64(7808), '2007': np.int64(7968), '2008': np.int64(8017), '2009': np.int64(8205), '2010': np.int64(8380), '2011': np.int64(8415), '2012': np.int64(8452), '2013': np.int64(8654), '2014': np.int64(8854), '2015': np.int64(8988), '2016': np.int64(9229), '2017': np.int64(9417), '2018': np.int64(9563), '2019': np.int64(9777)}"
WarlinghamSD,Small,South East,Residential,Low Deprivation,Smaller non-coastal towns ,"{'2001': np.int64(9020), '2002': np.int64(8947), '2003': np.int64(8835), '2004': np.int64(8808), '2005': np.int64(8736), '2006': np.int64(8805), '2007': np.int64(8796), '2008': np.int64(8817), '2009': np.int64(8969), '2010': np.int64(9007), '2011': np.int64(9098), '2012': np.int64(9242), '2013': np.int64(9323), '2014': np.int64(9484), '2015': np.int64(9462), '2016': np.int64(9623), '2017': np.int64(9679), '2018': np.int64(9718), '2019': np.int64(9744)}"
WingerworthSD,Small,East Midlands,Residential,Low Deprivation,Smaller non-coastal towns ,"{'2001': np.int64(6303), '2002': np.int64(6267), '2003': np.int64(6270), '2004': np.int64(6228), '2005': np.int64(6194), '2006': np.int64(6117), '2007': np.int64(6148), '2008': np.int64(6157), '2009': np.int64(6093), '2010': np.int64(6086), '2011': np.int64(6046), '2012': np.int64(6009), '2013': np.int64(5995), '2014': np.int64(6013), '2015': np.int64(6010), '2016': np.int64(6128), '2017': np.int64(6178), '2018': np.int64(6291), '2019': np.int64(6337)}"
WokingSD,Large,South East,Working,Low Deprivation,Larger non-coastal towns,"{'2001': np.int64(96605), '2002': np.int64(96053), '2003': np.int64(96118), '2004': np.int64(96331), '2005': np.int64(97546), '2006': np.int64(99269), '2007': np.int64(100820), '2008': np.int64(101720), '2009': np.int64(102741), '2010': np.int64(104375), '2011': np.int64(105651), '2012': np.int64(106123), '2013': np.int64(106731), '2014': np.int64(106941), '2015': np.int64(107368), '2016': np.int64(107750), '2017': np.int64(107611), '2018': np.int64(107849), '2019': np.int64(107854)}"
CheshamSD,Medium,South East,Residential,Middle Deprivation,Larger non-coastal towns,"{'2001': np.int64(21258), '2002': np.int64(21073), '2003': np.int64(21376), '2004': np.int64(21392), '2005': np.int64(21514), '2006': np.int64(21762), '2007': np.int64(21818), '2008': np.int64(22100), '2009': np.int64(22155), '2010': np.int64(22309), '2011': np.int64(22406), '2012': np.int64(22583), '2013': np.int64(22798), '2014': np.int64(22998), '2015': np.int64(23382), '2016': np.int64(23629), '2017': np.int64(23708), '2018': np.int64(23837), '2019': np.int64(23902)}"
WoodleySD,Medium,South East,Working,Low Deprivation,Larger non-coastal towns,"{'2001': np.int64(34211), '2002': np.int64(33968), '2003': np.int64(33738), '2004': np.int64(33660), '2005': np.int64(33773), '2006': np.int64(34274), '2007': np.int64(34669), '2008': np.int64(34939), '2009': np.int64(35118), '2010': np.int64(35351), '2011': np.int64(35553), '2012': np.int64(35881), '2013': np.int64(36084), '2014': np.int64(36264), '2015': np.int64(36635), '2016': np.int64(36973), '2017': np.int64(37484), '2018': np.int64(38016), '2019': np.int64(38506)}"
YeadonSD,Small,Yorkshire and The Humber,Working,Low Deprivation,Smaller non-coastal towns ,"{'2001': np.int64(20137), '2002': np.int64(20087), '2003': np.int64(19918), '2004': np.int64(19890), '2005': np.int64(20097), '2006': np.int64(19944), '2007': np.int64(19900), '2008': np.int64(19857), '2009': np.int64(19805), '2010': np.int64(19734), '2011': np.int64(19674), '2012': np.int64(19484), '2013': np.int64(19435), '2014': np.int64(19309), '2015': np.int64(19253), '2016': np.int64(19160), '2017': np.int64(19163), '2018': np.int64(19163), '2019': np.int64(19190)}"
Clay CrossSD,Small,East Midlands,Working,High Deprivation,Smaller non-coastal towns ,"{'2001': np.int64(12061), '2002': np.int64(12100), '2003': np.int64(12347), '2004': np.int64(12505), '2005': np.int64(12571), '2006': np.int64(12681), '2007': np.int64(12740), '2008': np.int64(12706), '2009': np.int64(12748), '2010': np.int64(12800), '2011': np.int64(12967), '2012': np.int64(13120), '2013': np.int64(12980), '2014': np.int64(13036), '2015': np.int64(12997), '2016': np.int64(13263), '2017': np.int64(13303), '2018': np.int64(13346), '2019': np.int64(13382)}"
RuncornSD,Medium,North West,Working,High Deprivation,Larger non-coastal towns,"{'2001': np.int64(60363), '2002': np.int64(60306), '2003': np.int64(60257), '2004': np.int64(60367), '2005': np.int64(60398), '2006': np.int64(60604), '2007': np.int64(60752), '2008': np.int64(60878), '2009': np.int64(61059), '2010': np.int64(61499), '2011': np.int64(61763), '2012': np.int64(61715), '2013': np.int64(61706), '2014': np.int64(61564), '2015': np.int64(61499), '2016': np.int64(61694), '2017': np.int64(61723), '2018': np.int64(62116), '2019': np.int64(62326)}"
WellingboroughSD,Medium,East Midlands,Working,High Deprivation,Larger non-coastal towns,"{'2001': np.int64(47174), '2002': np.int64(47557), '2003': np.int64(47427), '2004': np.int64(47644), '2005': np.int64(48083), '2006': np.int64(48427), '2007': np.int64(48510), '2008': np.int64(48845), '2009': np.int64(48959), '2010': np.int64(48950), '2011': np.int64(49356), '2012': np.int64(49696), '2013': np.int64(49766), '2014': np.int64(50221), '2015': np.int64(51022), '2016': np.int64(52048), '2017': np.int64(52441), '2018': np.int64(53012), '2019': np.int64(53165)}"
TelfordSD,Large,West Midlands,Working,High Deprivation,Larger non-coastal towns,"{'2001': np.int64(135980), '2002': np.int64(136677), '2003': np.int64(136715), '2004': np.int64(137542), '2005': np.int64(138404), '2006': np.int64(139456), '2007': np.int64(139955), '2008': np.int64(140429), '2009': np.int64(141041), '2010': np.int64(141763), '2011': np.int64(142977), '2012': np.int64(143769), '2013': np.int64(144488), '2014': np.int64(145366), '2015': np.int64(146570), '2016': np.int64(147851), '2017': np.int64(149377), '2018': np.int64(150811), '2019': np.int64(152222)}"
DittonSD,Medium,South East,Working,Middle Deprivation,Larger non-coastal towns,"{'2001': np.int64(23608), '2002': np.int64(23572), '2003': np.int64(23711), '2004': np.int64(23851), '2005': np.int64(24166), '2006': np.int64(24616), '2007': np.int64(24976), '2008': np.int64(25446), '2009': np.int64(25731), '2010': np.int64(26029), '2011': np.int64(26050), '2012': np.int64(26117), '2013': np.int64(26294), '2014': np.int64(26478), '2015': np.int64(26358), '2016': np.int64(26774), '2017': np.int64(27078), '2018': np.int64(27205), '2019': np.int64(27566)}"
EghamSD,Medium,South East,Working,Low Deprivation,Larger non-coastal towns,"{'2001': np.int64(25915), '2002': np.int64(25521), '2003': np.int64(25749), '2004': np.int64(25331), '2005': np.int64(25207), '2006': np.int64(25106), '2007': np.int64(25341), '2008': np.int64(25220), '2009': np.int64(25622), '2010': np.int64(25918), '2011': np.int64(25976), '2012': np.int64(26873), '2013': np.int64(27358), '2014': np.int64(27811), '2015': np.int64(27760), '2016': np.int64(28430), '2017': np.int64(28043), '2018': np.int64(28934), '2019': np.int64(29539)}"
WolverhamptonSD,Large,West Midlands,Mixed,High Deprivation,Larger non-coastal towns,"{'2001': np.int64(201809), '2002': np.int64(202646), '2003': np.int64(203228), '2004': np.int64(203505), '2005': np.int64(204324), '2006': np.int64(205079), '2007': np.int64(205923), '2008': np.int64(207105), '2009': np.int64(207781), '2010': np.int64(209208), '2011': np.int64(210689), '2012': np.int64(211772), '2013': np.int64(212165), '2014': np.int64(213445), '2015': np.int64(214623), '2016': np.int64(216904), '2017': np.int64(218255), '2018': np.int64(219992), '2019': np.int64(220873)}"
StainesSD,Medium,South East,Working,Low Deprivation,Larger non-coastal towns,"{'2001': np.int64(24784), '2002': np.int64(24638), '2003': np.int64(24724), '2004': np.int64(24541), '2005': np.int64(24647), '2006': np.int64(24913), '2007': np.int64(25104), '2008': np.int64(25216), '2009': np.int64(25362), '2010': np.int64(25664), '2011': np.int64(25796), '2012': np.int64(25984), '2013': np.int64(26222), '2014': np.int64(26483), '2015': np.int64(26611), '2016': np.int64(26816), '2017': np.int64(26889), '2018': np.int64(26798), '2019': np.int64(26808)}"
TorquaySD,Medium,South West,Working,High Deprivation,Larger seaside towns,"{'2001': np.int64(47277), '2002': np.int64(47595), '2003': np.int64(47933), '2004': np.int64(48266), '2005': np.int64(48667), '2006': np.int64(48639), '2007': np.int64(48789), '2008': np.int64(49009), '2009': np.int64(49116), '2010': np.int64(49203), '2011': np.int64(49228), '2012': np.int64(49184), '2013': np.int64(49583), '2014': np.int64(50041), '2015': np.int64(50103), '2016': np.int64(50383), '2017': np.int64(50645), '2018': np.int64(51126), '2019': np.int64(51339)}"
PaigntonSD,Medium,South West,Mixed,High Deprivation,Larger seaside towns,"{'2001': np.int64(64611), '2002': np.int64(64786), '2003': np.int64(65126), '2004': np.int64(65510), '2005': np.int64(65458), '2006': np.int64(65153), '2007': np.int64(65424), '2008': np.int64(65238), '2009': np.int64(64828), '2010': np.int64(64690), '2011': np.int64(64521), '2012': np.int64(64795), '2013': np.int64(65044), '2014': np.int64(65631), '2015': np.int64(66117), '2016': np.int64(66486), '2017': np.int64(66878), '2018': np.int64(66905), '2019': np.int64(67179)}"
GrimsbySD,Large,Yorkshire and The Humber,Working,High Deprivation,Larger other coastal towns ,"{'2001': np.int64(87512), '2002': np.int64(87215), '2003': np.int64(87384), '2004': np.int64(87323), '2005': np.int64(87451), '2006': np.int64(87463), '2007': np.int64(87309), '2008': np.int64(87642), '2009': np.int64(87840), '2010': np.int64(87933), '2011': np.int64(88369), '2012': np.int64(88432), '2013': np.int64(88651), '2014': np.int64(88562), '2015': np.int64(88701), '2016': np.int64(88640), '2017': np.int64(88500), '2018': np.int64(88565), '2019': np.int64(88323)}"
West HallamSD,Small,East Midlands,Residential,Low Deprivation,Smaller non-coastal towns ,"{'2001': np.int64(6223), '2002': np.int64(6146), '2003': np.int64(6141), '2004': np.int64(6129), '2005': np.int64(6135), '2006': np.int64(6043), '2007': np.int64(6045), '2008': np.int64(6022), '2009': np.int64(6002), '2010': np.int64(5938), '2011': np.int64(5997), '2012': np.int64(6085), '2013': np.int64(6124), '2014': np.int64(6156), '2015': np.int64(6161), '2016': np.int64(6057), '2017': np.int64(6069), '2018': np.int64(6051), '2019': np.int64(6033)}"
Weston-Super-MareSD,Large,South West,Mixed,High Deprivation,Larger seaside towns,"{'2001': np.int64(77325), '2002': np.int64(77865), '2003': np.int64(78327), '2004': np.int64(79289), '2005': np.int64(80299), '2006': np.int64(81517), '2007': np.int64(82783), '2008': np.int64(83510), '2009': np.int64(83513), '2010': np.int64(83869), '2011': np.int64(83867), '2012': np.int64(84546), '2013': np.int64(85331), '2014': np.int64(86329), '2015': np.int64(86832), '2016': np.int64(87646), '2017': np.int64(87983), '2018': np.int64(88157), '2019': np.int64(88485)}"
Beeston (Broxtowe)SD,Medium,East Midlands,Mixed,Low Deprivation,Larger non-coastal towns,"{'2001': np.int64(49948), '2002': np.int64(50061), '2003': np.int64(49974), '2004': np.int64(50262), '2005': np.int64(50411), '2006': np.int64(50365), '2007': np.int64(50325), '2008': np.int64(50642), '2009': np.int64(51164), '2010': np.int64(51475), '2011': np.int64(51666), '2012': np.int64(51849), '2013': np.int64(52367), '2014': np.int64(52619), '2015': np.int64(52701), '2016': np.int64(52687), '2017': np.int64(53148), '2018': np.int64(53737), '2019': np.int64(54131)}"
WarwickSD,Medium,West Midlands,Working,Low Deprivation,Larger non-coastal towns,"{'2001': np.int64(25758), '2002': np.int64(26940), '2003': np.int64(28359), '2004': np.int64(28991), '2005': np.int64(29578), '2006': np.int64(29866), '2007': np.int64(30135), '2008': np.int64(30703), '2009': np.int64(31181), '2010': np.int64(31218), '2011': np.int64(31347), '2012': np.int64(31533), '2013': np.int64(31667), '2014': np.int64(31866), '2015': np.int64(32024), '2016': np.int64(32442), '2017': np.int64(32718), '2018': np.int64(33319), '2019': np.int64(34166)}"
FiltonSD,Medium,South West,Working,Low Deprivation,Larger non-coastal towns,"{'2001': np.int64(51776), '2002': np.int64(52250), '2003': np.int64(53073), '2004': np.int64(53839), '2005': np.int64(54475), '2006': np.int64(55012), '2007': np.int64(56144), '2008': np.int64(56848), '2009': np.int64(57943), '2010': np.int64(58732), '2011': np.int64(59881), '2012': np.int64(60961), '2013': np.int64(61929), '2014': np.int64(62981), '2015': np.int64(64534), '2016': np.int64(65128), '2017': np.int64(66706), '2018': np.int64(68587), '2019': np.int64(70004)}"
StaffordSD,Medium,West Midlands,Working,Middle Deprivation,Larger non-coastal towns,"{'2001': np.int64(62502), '2002': np.int64(62710), '2003': np.int64(63306), '2004': np.int64(63835), '2005': np.int64(64555), '2006': np.int64(65218), '2007': np.int64(66267), '2008': np.int64(66892), '2009': np.int64(67272), '2010': np.int64(67825), '2011': np.int64(68553), '2012': np.int64(68750), '2013': np.int64(68904), '2014': np.int64(68933), '2015': np.int64(69091), '2016': np.int64(70241), '2017': np.int64(70447), '2018': np.int64(70799), '2019': np.int64(71307)}"
West KingsdownSD,Small,South East,Mixed,Low Deprivation,Smaller non-coastal towns ,"{'2001': np.int64(5178), '2002': np.int64(5219), '2003': np.int64(5246), '2004': np.int64(5384), '2005': np.int64(5440), '2006': np.int64(5508), '2007': np.int64(5480), '2008': np.int64(5522), '2009': np.int64(5432), '2010': np.int64(5457), '2011': np.int64(5479), '2012': np.int64(5538), '2013': np.int64(5391), '2014': np.int64(5496), '2015': np.int64(5473), '2016': np.int64(5465), '2017': np.int64(5496), '2018': np.int64(5473), '2019': np.int64(5434)}"
RotherhamSD,Large,Yorkshire and The Humber,Mixed,High Deprivation,Larger non-coastal towns,"{'2001': np.int64(105718), '2002': np.int64(106204), '2003': np.int64(106631), '2004': np.int64(107034), '2005': np.int64(107595), '2006': np.int64(108347), '2007': np.int64(108743), '2008': np.int64(109423), '2009': np.int64(109805), '2010': np.int64(109907), '2011': np.int64(109929), '2012': np.int64(110135), '2013': np.int64(110327), '2014': np.int64(110720), '2015': np.int64(110389), '2016': np.int64(110487), '2017': np.int64(110751), '2018': np.int64(111097), '2019': np.int64(111481)}"
LeylandSD,Medium,North West,Working,High Deprivation,Larger non-coastal towns,"{'2001': np.int64(37349), '2002': np.int64(37985), '2003': np.int64(38211), '2004': np.int64(38206), '2005': np.int64(38149), '2006': np.int64(38324), '2007': np.int64(38490), '2008': np.int64(38541), '2009': np.int64(38795), '2010': np.int64(38695), '2011': np.int64(38883), '2012': np.int64(38756), '2013': np.int64(38872), '2014': np.int64(38931), '2015': np.int64(38953), '2016': np.int64(39288), '2017': np.int64(39579), '2018': np.int64(39869), '2019': np.int64(40198)}"
MansfieldSD,Large,East Midlands,Working,High Deprivation,Larger non-coastal towns,"{'2001': np.int64(70431), '2002': np.int64(70939), '2003': np.int64(71827), '2004': np.int64(72596), '2005': np.int64(73297), '2006': np.int64(74413), '2007': np.int64(75246), '2008': np.int64(76426), '2009': np.int64(76884), '2010': np.int64(77331), '2011': np.int64(77687), '2012': np.int64(78199), '2013': np.int64(78751), '2014': np.int64(79327), '2015': np.int64(80098), '2016': np.int64(80971), '2017': np.int64(81816), '2018': np.int64(82091), '2019': np.int64(82698)}"
SwadlincoteSD,Medium,East Midlands,Residential,High Deprivation,Larger non-coastal towns,"{'2001': np.int64(37996), '2002': np.int64(38765), '2003': np.int64(39646), '2004': np.int64(40226), '2005': np.int64(41206), '2006': np.int64(41930), '2007': np.int64(42715), '2008': np.int64(43396), '2009': np.int64(43907), '2010': np.int64(44522), '2011': np.int64(45181), '2012': np.int64(45848), '2013': np.int64(46722), '2014': np.int64(47484), '2015': np.int64(47900), '2016': np.int64(48354), '2017': np.int64(48738), '2018': np.int64(49388), '2019': np.int64(49972)}"
NorthwichSD,Medium,North West,Working,Middle Deprivation,Larger non-coastal towns,"{'2001': np.int64(42949), '2002': np.int64(43645), '2003': np.int64(43750), '2004': np.int64(44060), '2005': np.int64(44682), '2006': np.int64(44895), '2007': np.int64(45139), '2008': np.int64(45431), '2009': np.int64(45335), '2010': np.int64(45381), '2011': np.int64(45449), '2012': np.int64(45532), '2013': np.int64(45526), '2014': np.int64(45519), '2015': np.int64(45796), '2016': np.int64(46340), '2017': np.int64(46897), '2018': np.int64(47774), '2019': np.int64(48519)}"
Iver HeathSD,Small,South East,Working,Low Deprivation,Smaller non-coastal towns ,"{'2001': np.int64(7346), '2002': np.int64(7511), '2003': np.int64(7508), '2004': np.int64(7638), '2005': np.int64(7786), '2006': np.int64(7880), '2007': np.int64(7901), '2008': np.int64(7966), '2009': np.int64(7962), '2010': np.int64(7984), '2011': np.int64(8084), '2012': np.int64(8156), '2013': np.int64(8271), '2014': np.int64(8265), '2015': np.int64(8339), '2016': np.int64(8428), '2017': np.int64(8493), '2018': np.int64(8501), '2019': np.int64(8605)}"
RainfordSD,Small,North West,Residential,Low Deprivation,Smaller non-coastal towns ,"{'2001': np.int64(6375), '2002': np.int64(6268), '2003': np.int64(6250), '2004': np.int64(6136), '2005': np.int64(6115), '2006': np.int64(6082), '2007': np.int64(5937), '2008': np.int64(5913), '2009': np.int64(5941), '2010': np.int64(5855), '2011': np.int64(5821), '2012': np.int64(5851), '2013': np.int64(5805), '2014': np.int64(5890), '2015': np.int64(5860), '2016': np.int64(5822), '2017': np.int64(5821), '2018': np.int64(5778), '2019': np.int64(5828)}"
StroudSD,Medium,South West,Working,Middle Deprivation,Larger non-coastal towns,"{'2001': np.int64(31417), '2002': np.int64(31507), '2003': np.int64(31566), '2004': np.int64(31733), '2005': np.int64(31838), '2006': np.int64(32005), '2007': np.int64(32108), '2008': np.int64(32335), '2009': np.int64(32438), '2010': np.int64(32543), '2011': np.int64(32784), '2012': np.int64(32968), '2013': np.int64(33173), '2014': np.int64(33520), '2015': np.int64(34031), '2016': np.int64(34017), '2017': np.int64(34173), '2018': np.int64(34440), '2019': np.int64(34726)}"
LancasterSD,Medium,North West,Working,High Deprivation,Larger non-coastal towns,"{'2001': np.int64(46665), '2002': np.int64(46149), '2003': np.int64(46247), '2004': np.int64(46799), '2005': np.int64(47766), '2006': np.int64(48072), '2007': np.int64(47703), '2008': np.int64(47112), '2009': np.int64(46791), '2010': np.int64(47277), '2011': np.int64(47830), '2012': np.int64(48654), '2013': np.int64(48662), '2014': np.int64(49503), '2015': np.int64(50247), '2016': np.int64(50571), '2017': np.int64(50849), '2018': np.int64(51324), '2019': np.int64(51932)}"
HarlowSD,Large,East of England,Working,High Deprivation,Larger non-coastal towns,"{'2001': np.int64(78944), '2002': np.int64(78486), '2003': np.int64(78285), '2004': np.int64(78174), '2005': np.int64(78504), '2006': np.int64(78875), '2007': np.int64(79304), '2008': np.int64(80045), '2009': np.int64(80846), '2010': np.int64(81625), '2011': np.int64(82292), '2012': np.int64(82953), '2013': np.int64(83586), '2014': np.int64(84749), '2015': np.int64(85462), '2016': np.int64(85993), '2017': np.int64(86321), '2018': np.int64(86721), '2019': np.int64(87189)}"
WokinghamSD,Medium,South East,Working,Low Deprivation,Larger non-coastal towns,"{'2001': np.int64(42193), '2002': np.int64(41785), '2003': np.int64(41492), '2004': np.int64(41656), '2005': np.int64(41616), '2006': np.int64(41607), '2007': np.int64(41999), '2008': np.int64(42113), '2009': np.int64(42428), '2010': np.int64(42484), '2011': np.int64(42814), '2012': np.int64(43414), '2013': np.int64(44172), '2014': np.int64(44738), '2015': np.int64(45241), '2016': np.int64(46049), '2017': np.int64(46745), '2018': np.int64(47567), '2019': np.int64(48356)}"
KidsgroveSD,Medium,West Midlands,Residential,Middle Deprivation,Larger non-coastal towns,"{'2001': np.int64(26732), '2002': np.int64(26865), '2003': np.int64(26888), '2004': np.int64(26896), '2005': np.int64(26779), '2006': np.int64(26842), '2007': np.int64(26717), '2008': np.int64(26562), '2009': np.int64(26498), '2010': np.int64(26290), '2011': np.int64(26306), '2012': np.int64(26157), '2013': np.int64(26145), '2014': np.int64(26160), '2015': np.int64(26234), '2016': np.int64(26424), '2017': np.int64(26223), '2018': np.int64(26304), '2019': np.int64(26276)}"
LittleboroughSD,Small,North West,Residential,Low Deprivation,Smaller non-coastal towns ,"{'2001': np.int64(12358), '2002': np.int64(12501), '2003': np.int64(12645), '2004': np.int64(12709), '2005': np.int64(12697), '2006': np.int64(12657), '2007': np.int64(12711), '2008': np.int64(12720), '2009': np.int64(12631), '2010': np.int64(12538), '2011': np.int64(12352), '2012': np.int64(12372), '2013': np.int64(12299), '2014': np.int64(12337), '2015': np.int64(12292), '2016': np.int64(12139), '2017': np.int64(12148), '2018': np.int64(12059), '2019': np.int64(12085)}"
CamberleySD,Medium,South East,Working,Low Deprivation,Larger non-coastal towns,"{'2001': np.int64(34199), '2002': np.int64(34196), '2003': np.int64(34397), '2004': np.int64(34937), '2005': np.int64(35231), '2006': np.int64(35947), '2007': np.int64(36596), '2008': np.int64(36865), '2009': np.int64(37206), '2010': np.int64(37682), '2011': np.int64(38120), '2012': np.int64(38023), '2013': np.int64(38288), '2014': np.int64(38679), '2015': np.int64(39069), '2016': np.int64(39470), '2017': np.int64(39541), '2018': np.int64(39675), '2019': np.int64(39850)}"
SloughSD,Large,South East,Working,High Deprivation,Larger non-coastal towns,"{'2001': np.int64(135659), '2002': np.int64(135807), '2003': np.int64(135846), '2004': np.int64(135852), '2005': np.int64(138103), '2006': np.int64(140500), '2007': np.int64(143417), '2008': np.int64(146847), '2009': np.int64(150105), '2010': np.int64(153203), '2011': np.int64(155847), '2012': np.int64(157108), '2013': np.int64(157908), '2014': np.int64(159615), '2015': np.int64(161410), '2016': np.int64(163099), '2017': np.int64(164046), '2018': np.int64(164455), '2019': np.int64(164770)}"
TynemouthSD,Medium,North East,Working,High Deprivation,Larger other coastal towns ,"{'2001': np.int64(62799), '2002': np.int64(63246), '2003': np.int64(63766), '2004': np.int64(63794), '2005': np.int64(64448), '2006': np.int64(65051), '2007': np.int64(65420), '2008': np.int64(66196), '2009': np.int64(66709), '2010': np.int64(67213), '2011': np.int64(67679), '2012': np.int64(67702), '2013': np.int64(68056), '2014': np.int64(68107), '2015': np.int64(68038), '2016': np.int64(68135), '2017': np.int64(68530), '2018': np.int64(69023), '2019': np.int64(69678)}"
AlfretonSD,Medium,East Midlands,Working,High Deprivation,Larger non-coastal towns,"{'2001': np.int64(22372), '2002': np.int64(22403), '2003': np.int64(22459), '2004': np.int64(22487), '2005': np.int64(22567), '2006': np.int64(22579), '2007': np.int64(22555), '2008': np.int64(22448), '2009': np.int64(22524), '2010': np.int64(22660), '2011': np.int64(22801), '2012': np.int64(22946), '2013': np.int64(23046), '2014': np.int64(23196), '2015': np.int64(23117), '2016': np.int64(23157), '2017': np.int64(23316), '2018': np.int64(23586), '2019': np.int64(24068)}"
ColchesterSD,Large,East of England,Working,Middle Deprivation,Larger non-coastal towns,"{'2001': np.int64(105232), '2002': np.int64(104934), '2003': np.int64(105607), '2004': np.int64(106763), '2005': np.int64(109343), '2006': np.int64(111008), '2007': np.int64(112686), '2008': np.int64(114718), '2009': np.int64(115995), '2010': np.int64(118292), '2011': np.int64(120030), '2012': np.int64(122260), '2013': np.int64(123875), '2014': np.int64(126112), '2015': np.int64(129870), '2016': np.int64(132230), '2017': np.int64(134176), '2018': np.int64(136268), '2019': np.int64(138131)}"
Wimborne MinsterSD,Small,South West,Working,Low Deprivation,Smaller non-coastal towns ,"{'2001': np.int64(14852), '2002': np.int64(15018), '2003': np.int64(15050), '2004': np.int64(15030), '2005': np.int64(15120), '2006': np.int64(15171), '2007': np.int64(15257), '2008': np.int64(15282), '2009': np.int64(15218), '2010': np.int64(15165), '2011': np.int64(15199), '2012': np.int64(15321), '2013': np.int64(15419), '2014': np.int64(15582), '2015': np.int64(15852), '2016': np.int64(16103), '2017': np.int64(16259), '2018': np.int64(16252), '2019': np.int64(16241)}"
Kingsnorth (Ashford)SD,Small,South East,Residential,Low Deprivation,Smaller non-coastal towns ,"{'2001': np.int64(3905), '2002': np.int64(4213), '2003': np.int64(4566), '2004': np.int64(4781), '2005': np.int64(5078), '2006': np.int64(5282), '2007': np.int64(5277), '2008': np.int64(5521), '2009': np.int64(5936), '2010': np.int64(6343), '2011': np.int64(6609), '2012': np.int64(6919), '2013': np.int64(7068), '2014': np.int64(7066), '2015': np.int64(7247), '2016': np.int64(7259), '2017': np.int64(7428), '2018': np.int64(7558), '2019': np.int64(7543)}"
RydeSD,Medium,South East,Residential,High Deprivation,Larger seaside towns,"{'2001': np.int64(22478), '2002': np.int64(22756), '2003': np.int64(22724), '2004': np.int64(22880), '2005': np.int64(23117), '2006': np.int64(23134), '2007': np.int64(23480), '2008': np.int64(23640), '2009': np.int64(23704), '2010': np.int64(23924), '2011': np.int64(24043), '2012': np.int64(24220), '2013': np.int64(24229), '2014': np.int64(24305), '2015': np.int64(24419), '2016': np.int64(24579), '2017': np.int64(24811), '2018': np.int64(24756), '2019': np.int64(24847)}"
CramlingtonSD,Medium,North East,Working,Middle Deprivation,Larger non-coastal towns,"{'2001': np.int64(28628), '2002': np.int64(28813), '2003': np.int64(28870), '2004': np.int64(28612), '2005': np.int64(28469), '2006': np.int64(28202), '2007': np.int64(28152), '2008': np.int64(27923), '2009': np.int64(27788), '2010': np.int64(27668), '2011': np.int64(27703), '2012': np.int64(27645), '2013': np.int64(27474), '2014': np.int64(27520), '2015': np.int64(27479), '2016': np.int64(27372), '2017': np.int64(27344), '2018': np.int64(27198), '2019': np.int64(27384)}"
GranthamSD,Medium,East Midlands,Working,High Deprivation,Larger non-coastal towns,"{'2001': np.int64(38598), '2002': np.int64(38762), '2003': np.int64(38957), '2004': np.int64(39241), '2005': np.int64(39424), '2006': np.int64(39936), '2007': np.int64(40387), '2008': np.int64(40822), '2009': np.int64(41277), '2010': np.int64(41553), '2011': np.int64(42152), '2012': np.int64(42522), '2013': np.int64(42854), '2014': np.int64(43525), '2015': np.int64(43821), '2016': np.int64(44395), '2017': np.int64(44520), '2018': np.int64(44559), '2019': np.int64(44807)}"
WombwellSD,Medium,Yorkshire and The Humber,Residential,High Deprivation,Larger non-coastal towns,"{'2001': np.int64(21537), '2002': np.int64(21655), '2003': np.int64(21664), '2004': np.int64(21825), '2005': np.int64(21848), '2006': np.int64(22021), '2007': np.int64(22407), '2008': np.int64(22604), '2009': np.int64(22814), '2010': np.int64(23128), '2011': np.int64(23402), '2012': np.int64(23725), '2013': np.int64(24015), '2014': np.int64(24474), '2015': np.int64(24723), '2016': np.int64(24945), '2017': np.int64(25197), '2018': np.int64(25493), '2019': np.int64(25803)}"
Chester-le-StreetSD,Medium,North East,Mixed,High Deprivation,Larger non-coastal towns,"{'2001': np.int64(36027), '2002': np.int64(36321), '2003': np.int64(36267), '2004': np.int64(36276), '2005': np.int64(36388), '2006': np.int64(36456), '2007': np.int64(36565), '2008': np.int64(36641), '2009': np.int64(36765), '2010': np.int64(36912), '2011': np.int64(37148), '2012': np.int64(37297), '2013': np.int64(37609), '2014': np.int64(37844), '2015': np.int64(37575), '2016': np.int64(37610), '2017': np.int64(37543), '2018': np.int64(37610), '2019': np.int64(37683)}"
KesgraveSD,Small,East of England,Working,Low Deprivation,Smaller non-coastal towns ,"{'2001': np.int64(13996), '2002': np.int64(14240), '2003': np.int64(14721), '2004': np.int64(15189), '2005': np.int64(15781), '2006': np.int64(16635), '2007': np.int64(17507), '2008': np.int64(18124), '2009': np.int64(18538), '2010': np.int64(18876), '2011': np.int64(19081), '2012': np.int64(19140), '2013': np.int64(19401), '2014': np.int64(19464), '2015': np.int64(19555), '2016': np.int64(19639), '2017': np.int64(19588), '2018': np.int64(19577), '2019': np.int64(19655)}"
EpsomSD,Medium,South East,Working,Low Deprivation,Larger non-coastal towns,"{'2001': np.int64(26252), '2002': np.int64(26798), '2003': np.int64(27228), '2004': np.int64(27505), '2005': np.int64(27906), '2006': np.int64(28371), '2007': np.int64(28924), '2008': np.int64(29620), '2009': np.int64(30090), '2010': np.int64(30862), '2011': np.int64(31534), '2012': np.int64(32039), '2013': np.int64(32636), '2014': np.int64(33564), '2015': np.int64(33788), '2016': np.int64(34291), '2017': np.int64(34791), '2018': np.int64(35071), '2019': np.int64(35314)}"
Minster (Swale)SD,Small,South East,Residential,High Deprivation,Smaller other coastal towns,"{'2001': np.int64(16758), '2002': np.int64(17000), '2003': np.int64(17174), '2004': np.int64(17201), '2005': np.int64(17396), '2006': np.int64(17327), '2007': np.int64(17568), '2008': np.int64(17939), '2009': np.int64(18223), '2010': np.int64(18431), '2011': np.int64(18776), '2012': np.int64(19240), '2013': np.int64(19632), '2014': np.int64(19909), '2015': np.int64(20330), '2016': np.int64(20823), '2017': np.int64(20968), '2018': np.int64(21210), '2019': np.int64(21319)}"
HorsforthSD,Small,Yorkshire and The Humber,Mixed,Low Deprivation,Smaller non-coastal towns ,"{'2001': np.int64(18976), '2002': np.int64(18962), '2003': np.int64(18770), '2004': np.int64(18700), '2005': np.int64(18920), '2006': np.int64(18855), '2007': np.int64(18977), '2008': np.int64(18994), '2009': np.int64(19083), '2010': np.int64(18971), '2011': np.int64(18896), '2012': np.int64(19004), '2013': np.int64(19038), '2014': np.int64(19053), '2015': np.int64(19171), '2016': np.int64(19393), '2017': np.int64(19469), '2018': np.int64(19542), '2019': np.int64(19766)}"
HoylakeSD,Small,North West,Residential,Low Deprivation,Smaller seaside towns ,"{'2001': np.int64(10980), '2002': np.int64(11021), '2003': np.int64(10877), '2004': np.int64(10871), '2005': np.int64(10766), '2006': np.int64(10766), '2007': np.int64(10831), '2008': np.int64(10803), '2009': np.int64(10824), '2010': np.int64(10881), '2011': np.int64(10897), '2012': np.int64(10919), '2013': np.int64(10907), '2014': np.int64(10973), '2015': np.int64(10890), '2016': np.int64(10842), '2017': np.int64(10840), '2018': np.int64(10854), '2019': np.int64(10875)}"
RayleighSD,Large,East of England,Residential,Low Deprivation,Larger non-coastal towns,"{'2001': np.int64(92119), '2002': np.int64(92473), '2003': np.int64(92946), '2004': np.int64(93178), '2005': np.int64(93920), '2006': np.int64(94278), '2007': np.int64(95032), '2008': np.int64(95469), '2009': np.int64(95433), '2010': np.int64(95837), '2011': np.int64(95575), '2012': np.int64(96233), '2013': np.int64(96544), '2014': np.int64(97064), '2015': np.int64(97477), '2016': np.int64(98363), '2017': np.int64(98809), '2018': np.int64(99345), '2019': np.int64(99556)}"
WiganSD,Large,North West,Working,High Deprivation,Larger non-coastal towns,"{'2001': np.int64(98438), '2002': np.int64(99003), '2003': np.int64(99601), '2004': np.int64(100041), '2005': np.int64(100315), '2006': np.int64(101024), '2007': np.int64(101131), '2008': np.int64(101609), '2009': np.int64(102473), '2010': np.int64(102846), '2011': np.int64(103663), '2012': np.int64(103668), '2013': np.int64(104194), '2014': np.int64(104741), '2015': np.int64(105619), '2016': np.int64(106217), '2017': np.int64(106686), '2018': np.int64(107076), '2019': np.int64(107732)}"
PartingtonSD,Small,North West,Residential,High Deprivation,Smaller non-coastal towns ,"{'2001': np.int64(7391), '2002': np.int64(7332), '2003': np.int64(7290), '2004': np.int64(7299), '2005': np.int64(7390), '2006': np.int64(7417), '2007': np.int64(7538), '2008': np.int64(7714), '2009': np.int64(7721), '2010': np.int64(7876), '2011': np.int64(7974), '2012': np.int64(8150), '2013': np.int64(8112), '2014': np.int64(8054), '2015': np.int64(8087), '2016': np.int64(8051), '2017': np.int64(8150), '2018': np.int64(8139), '2019': np.int64(8105)}"
Dudley (North Tyneside)SD,Small,North East,Residential,High Deprivation,Smaller non-coastal towns ,"{'2001': np.int64(5542), '2002': np.int64(5592), '2003': np.int64(5649), '2004': np.int64(5479), '2005': np.int64(5424), '2006': np.int64(5421), '2007': np.int64(5499), '2008': np.int64(5511), '2009': np.int64(5505), '2010': np.int64(5487), '2011': np.int64(5491), '2012': np.int64(5480), '2013': np.int64(5490), '2014': np.int64(5413), '2015': np.int64(5402), '2016': np.int64(5379), '2017': np.int64(5364), '2018': np.int64(5363), '2019': np.int64(5312)}"
MiddlesbroughSD,Large,North East,Working,High Deprivation,Larger non-coastal towns,"{'2001': np.int64(181410), '2002': np.int64(179688), '2003': np.int64(178120), '2004': np.int64(177194), '2005': np.int64(176899), '2006': np.int64(175958), '2007': np.int64(175476), '2008': np.int64(174942), '2009': np.int64(173958), '2010': np.int64(174045), '2011': np.int64(174670), '2012': np.int64(175010), '2013': np.int64(175354), '2014': np.int64(175515), '2015': np.int64(175640), '2016': np.int64(176608), '2017': np.int64(176991), '2018': np.int64(177012), '2019': np.int64(177354)}"
Waltham AbbeySD,Small,East of England,Mixed,High Deprivation,Smaller non-coastal towns ,"{'2001': np.int64(18023), '2002': np.int64(18298), '2003': np.int64(18295), '2004': np.int64(18221), '2005': np.int64(18372), '2006': np.int64(18625), '2007': np.int64(18479), '2008': np.int64(18508), '2009': np.int64(18630), '2010': np.int64(18590), '2011': np.int64(18772), '2012': np.int64(18680), '2013': np.int64(18872), '2014': np.int64(19101), '2015': np.int64(19215), '2016': np.int64(19144), '2017': np.int64(19258), '2018': np.int64(19365), '2019': np.int64(19402)}"
ConsettSD,Medium,North East,Mixed,High Deprivation,Larger non-coastal towns,"{'2001': np.int64(21056), '2002': np.int64(21446), '2003': np.int64(21858), '2004': np.int64(22273), '2005': np.int64(22766), '2006': np.int64(23041), '2007': np.int64(23612), '2008': np.int64(23982), '2009': np.int64(24258), '2010': np.int64(24475), '2011': np.int64(24827), '2012': np.int64(24955), '2013': np.int64(25115), '2014': np.int64(25309), '2015': np.int64(25458), '2016': np.int64(25572), '2017': np.int64(25637), '2018': np.int64(25774), '2019': np.int64(25812)}"
WhitworthSD,Small,North West,Residential,High Deprivation,Smaller non-coastal towns ,"{'2001': np.int64(7206), '2002': np.int64(7284), '2003': np.int64(7293), '2004': np.int64(7242), '2005': np.int64(7242), '2006': np.int64(7259), '2007': np.int64(7298), '2008': np.int64(7345), '2009': np.int64(7354), '2010': np.int64(7409), '2011': np.int64(7510), '2012': np.int64(7548), '2013': np.int64(7573), '2014': np.int64(7565), '2015': np.int64(7687), '2016': np.int64(7728), '2017': np.int64(7817), '2018': np.int64(7813), '2019': np.int64(7885)}"
PeterboroughSD,Large,East of England,Working,High Deprivation,Larger non-coastal towns,"{'2001': np.int64(138623), '2002': np.int64(139516), '2003': np.int64(141110), '2004': np.int64(143460), '2005': np.int64(146882), '2006': np.int64(149345), '2007': np.int64(151695), '2008': np.int64(154794), '2009': np.int64(157448), '2010': np.int64(159861), '2011': np.int64(162358), '2012': np.int64(164215), '2013': np.int64(165817), '2014': np.int64(168095), '2015': np.int64(171000), '2016': np.int64(173686), '2017': np.int64(175680), '2018': np.int64(177683), '2019': np.int64(178805)}"
CarlisleSD,Large,North West,Working,High Deprivation,Larger non-coastal towns,"{'2001': np.int64(70347), '2002': np.int64(70579), '2003': np.int64(71290), '2004': np.int64(72316), '2005': np.int64(73236), '2006': np.int64(74122), '2007': np.int64(74619), '2008': np.int64(74544), '2009': np.int64(74528), '2010': np.int64(74755), '2011': np.int64(75318), '2012': np.int64(75710), '2013': np.int64(75605), '2014': np.int64(75403), '2015': np.int64(75466), '2016': np.int64(75306), '2017': np.int64(74915), '2018': np.int64(74780), '2019': np.int64(74889)}"
Royal Leamington SpaSD,Medium,West Midlands,Working,Low Deprivation,Larger non-coastal towns,"{'2001': np.int64(51719), '2002': np.int64(52198), '2003': np.int64(52607), '2004': np.int64(53281), '2005': np.int64(54100), '2006': np.int64(54579), '2007': np.int64(55250), '2008': np.int64(55469), '2009': np.int64(55775), '2010': np.int64(55860), '2011': np.int64(55852), '2012': np.int64(56576), '2013': np.int64(56455), '2014': np.int64(56709), '2015': np.int64(55894), '2016': np.int64(56339), '2017': np.int64(56732), '2018': np.int64(57812), '2019': np.int64(57831)}"
Poulton-le-FyldeSD,Small,North West,Mixed,Low Deprivation,Smaller non-coastal towns ,"{'2001': np.int64(17200), '2002': np.int64(17195), '2003': np.int64(17251), '2004': np.int64(17300), '2005': np.int64(17284), '2006': np.int64(17159), '2007': np.int64(17326), '2008': np.int64(17214), '2009': np.int64(17296), '2010': np.int64(17405), '2011': np.int64(17422), '2012': np.int64(17563), '2013': np.int64(17704), '2014': np.int64(17705), '2015': np.int64(17848), '2016': np.int64(17832), '2017': np.int64(17752), '2018': np.int64(17854), '2019': np.int64(18111)}"
StanleySD,Medium,North East,Residential,High Deprivation,Larger non-coastal towns,"{'2001': np.int64(19457), '2002': np.int64(19534), '2003': np.int64(19684), '2004': np.int64(19836), '2005': np.int64(19939), '2006': np.int64(19861), '2007': np.int64(20044), '2008': np.int64(20292), '2009': np.int64(20399), '2010': np.int64(20643), '2011': np.int64(20996), '2012': np.int64(21101), '2013': np.int64(21166), '2014': np.int64(21266), '2015': np.int64(21336), '2016': np.int64(21585), '2017': np.int64(21700), '2018': np.int64(21647), '2019': np.int64(21644)}"
BexhillSD,Medium,South East,Residential,High Deprivation,Larger seaside towns,"{'2001': np.int64(39770), '2002': np.int64(39807), '2003': np.int64(40079), '2004': np.int64(40243), '2005': np.int64(40529), '2006': np.int64(40856), '2007': np.int64(41368), '2008': np.int64(41776), '2009': np.int64(41901), '2010': np.int64(42286), '2011': np.int64(42372), '2012': np.int64(42430), '2013': np.int64(42671), '2014': np.int64(43235), '2015': np.int64(43641), '2016': np.int64(43825), '2017': np.int64(44317), '2018': np.int64(44674), '2019': np.int64(45123)}"
LeekSD,Small,West Midlands,Working,High Deprivation,Smaller non-coastal towns ,"{'2001': np.int64(19081), '2002': np.int64(19273), '2003': np.int64(19188), '2004': np.int64(19121), '2005': np.int64(19100), '2006': np.int64(19220), '2007': np.int64(19370), '2008': np.int64(19422), '2009': np.int64(19537), '2010': np.int64(19650), '2011': np.int64(19652), '2012': np.int64(19566), '2013': np.int64(19667), '2014': np.int64(19706), '2015': np.int64(19757), '2016': np.int64(19915), '2017': np.int64(19967), '2018': np.int64(19997), '2019': np.int64(19963)}"
WallsendSD,Medium,North East,Residential,High Deprivation,Larger non-coastal towns,"{'2001': np.int64(42726), '2002': np.int64(42454), '2003': np.int64(42502), '2004': np.int64(42404), '2005': np.int64(42411), '2006': np.int64(42527), '2007': np.int64(42780), '2008': np.int64(43066), '2009': np.int64(43208), '2010': np.int64(43539), '2011': np.int64(43985), '2012': np.int64(44138), '2013': np.int64(44327), '2014': np.int64(44631), '2015': np.int64(44484), '2016': np.int64(44738), '2017': np.int64(44791), '2018': np.int64(45006), '2019': np.int64(45441)}"
HuddersfieldSD,Large,Yorkshire and The Humber,Working,High Deprivation,Larger non-coastal towns,"{'2001': np.int64(147562), '2002': np.int64(148746), '2003': np.int64(149858), '2004': np.int64(151268), '2005': np.int64(152322), '2006': np.int64(154044), '2007': np.int64(155546), '2008': np.int64(157650), '2009': np.int64(159528), '2010': np.int64(161091), '2011': np.int64(163172), '2012': np.int64(164309), '2013': np.int64(165208), '2014': np.int64(165662), '2015': np.int64(168031), '2016': np.int64(169025), '2017': np.int64(170269), '2018': np.int64(171506), '2019': np.int64(171809)}"
HunstantonSD,Small,East of England,Mixed,High Deprivation,Smaller seaside towns ,"{'2001': np.int64(8890), '2002': np.int64(8921), '2003': np.int64(8907), '2004': np.int64(8899), '2005': np.int64(8936), '2006': np.int64(8907), '2007': np.int64(8890), '2008': np.int64(8917), '2009': np.int64(8844), '2010': np.int64(8721), '2011': np.int64(8679), '2012': np.int64(8730), '2013': np.int64(8735), '2014': np.int64(8683), '2015': np.int64(8589), '2016': np.int64(8643), '2017': np.int64(8528), '2018': np.int64(8536), '2019': np.int64(8509)}"
CambridgeSD,Large,East of England,Working,Low Deprivation,Larger non-coastal towns,"{'2001': np.int64(128530), '2002': np.int64(127893), '2003': np.int64(129969), '2004': np.int64(130848), '2005': np.int64(136138), '2006': np.int64(135944), '2007': np.int64(134985), '2008': np.int64(136236), '2009': np.int64(137480), '2010': np.int64(141693), '2011': np.int64(144840), '2012': np.int64(145108), '2013': np.int64(146004), '2014': np.int64(146885), '2015': np.int64(148577), '2016': np.int64(148529), '2017': np.int64(149023), '2018': np.int64(149643), '2019': np.int64(148861)}"
ColneSD,Small,North West,Working,High Deprivation,Smaller non-coastal towns ,"{'2001': np.int64(18933), '2002': np.int64(19015), '2003': np.int64(19023), '2004': np.int64(18966), '2005': np.int64(18900), '2006': np.int64(18857), '2007': np.int64(18785), '2008': np.int64(18846), '2009': np.int64(18819), '2010': np.int64(18721), '2011': np.int64(18833), '2012': np.int64(18732), '2013': np.int64(18794), '2014': np.int64(18646), '2015': np.int64(18776), '2016': np.int64(18756), '2017': np.int64(18814), '2018': np.int64(18940), '2019': np.int64(18884)}"
WeybridgeSD,Medium,South East,Working,Low Deprivation,Larger non-coastal towns,"{'2001': np.int64(26828), '2002': np.int64(27153), '2003': np.int64(27316), '2004': np.int64(27581), '2005': np.int64(28085), '2006': np.int64(28525), '2007': np.int64(29008), '2008': np.int64(29219), '2009': np.int64(29412), '2010': np.int64(29756), '2011': np.int64(29980), '2012': np.int64(29596), '2013': np.int64(29770), '2014': np.int64(29949), '2015': np.int64(30105), '2016': np.int64(30310), '2017': np.int64(30145), '2018': np.int64(30106), '2019': np.int64(30305)}"
GlossopSD,Medium,East Midlands,Residential,Middle Deprivation,Larger non-coastal towns,"{'2001': np.int64(32846), '2002': np.int64(32672), '2003': np.int64(32871), '2004': np.int64(32760), '2005': np.int64(32785), '2006': np.int64(32889), '2007': np.int64(33071), '2008': np.int64(33154), '2009': np.int64(33241), '2010': np.int64(33157), '2011': np.int64(33072), '2012': np.int64(33138), '2013': np.int64(33098), '2014': np.int64(33071), '2015': np.int64(33145), '2016': np.int64(33283), '2017': np.int64(33240), '2018': np.int64(33287), '2019': np.int64(33459)}"
HoddesdonSD,Medium,East of England,Working,Middle Deprivation,Larger non-coastal towns,"{'2001': np.int64(38827), '2002': np.int64(38882), '2003': np.int64(38799), '2004': np.int64(38719), '2005': np.int64(39427), '2006': np.int64(40049), '2007': np.int64(40813), '2008': np.int64(41411), '2009': np.int64(41652), '2010': np.int64(41953), '2011': np.int64(42280), '2012': np.int64(42907), '2013': np.int64(43020), '2014': np.int64(43448), '2015': np.int64(43548), '2016': np.int64(43922), '2017': np.int64(43823), '2018': np.int64(43836), '2019': np.int64(43927)}"
StaveleySD,Small,East Midlands,Mixed,High Deprivation,Smaller non-coastal towns ,"{'2001': np.int64(13871), '2002': np.int64(14020), '2003': np.int64(14382), '2004': np.int64(14490), '2005': np.int64(14719), '2006': np.int64(14892), '2007': np.int64(14976), '2008': np.int64(15078), '2009': np.int64(15277), '2010': np.int64(15319), '2011': np.int64(15300), '2012': np.int64(15294), '2013': np.int64(15401), '2014': np.int64(15408), '2015': np.int64(15400), '2016': np.int64(15419), '2017': np.int64(15407), '2018': np.int64(15374), '2019': np.int64(15447)}"
BurySD,Large,North West,Working,High Deprivation,Larger non-coastal towns,"{'2001': np.int64(74579), '2002': np.int64(74793), '2003': np.int64(74886), '2004': np.int64(74780), '2005': np.int64(74797), '2006': np.int64(75242), '2007': np.int64(75805), '2008': np.int64(76192), '2009': np.int64(76582), '2010': np.int64(76837), '2011': np.int64(77375), '2012': np.int64(77681), '2013': np.int64(77966), '2014': np.int64(78363), '2015': np.int64(78651), '2016': np.int64(79230), '2017': np.int64(79647), '2018': np.int64(79876), '2019': np.int64(80300)}"
RedruthSD,Small,South West,Working,High Deprivation,Smaller non-coastal towns ,"{'2001': np.int64(18383), '2002': np.int64(18661), '2003': np.int64(18785), '2004': np.int64(18851), '2005': np.int64(19136), '2006': np.int64(19228), '2007': np.int64(19246), '2008': np.int64(19431), '2009': np.int64(19594), '2010': np.int64(19700), '2011': np.int64(19976), '2012': np.int64(20270), '2013': np.int64(20182), '2014': np.int64(20420), '2015': np.int64(20630), '2016': np.int64(20920), '2017': np.int64(21083), '2018': np.int64(21324), '2019': np.int64(21467)}"
AmershamSD,Medium,South East,Working,Low Deprivation,Larger non-coastal towns,"{'2001': np.int64(21663), '2002': np.int64(21667), '2003': np.int64(21540), '2004': np.int64(21728), '2005': np.int64(21873), '2006': np.int64(22186), '2007': np.int64(22329), '2008': np.int64(22471), '2009': np.int64(22726), '2010': np.int64(23033), '2011': np.int64(23128), '2012': np.int64(23405), '2013': np.int64(23731), '2014': np.int64(24032), '2015': np.int64(24262), '2016': np.int64(24451), '2017': np.int64(24485), '2018': np.int64(24684), '2019': np.int64(24808)}"
SwanscombeSD,Small,South East,Working,Middle Deprivation,Smaller non-coastal towns ,"{'2001': np.int64(15246), '2002': np.int64(15425), '2003': np.int64(15683), '2004': np.int64(16198), '2005': np.int64(16814), '2006': np.int64(17229), '2007': np.int64(17702), '2008': np.int64(18289), '2009': np.int64(18737), '2010': np.int64(19302), '2011': np.int64(19933), '2012': np.int64(20299), '2013': np.int64(20782), '2014': np.int64(21175), '2015': np.int64(21535), '2016': np.int64(21852), '2017': np.int64(22321), '2018': np.int64(23241), '2019': np.int64(24616)}"
WetherbySD,Small,Yorkshire and The Humber,Working,Low Deprivation,Smaller non-coastal towns ,"{'2001': np.int64(11871), '2002': np.int64(11697), '2003': np.int64(11516), '2004': np.int64(11541), '2005': np.int64(11580), '2006': np.int64(11427), '2007': np.int64(11456), '2008': np.int64(11396), '2009': np.int64(11312), '2010': np.int64(11205), '2011': np.int64(11222), '2012': np.int64(11164), '2013': np.int64(11128), '2014': np.int64(11132), '2015': np.int64(11199), '2016': np.int64(11126), '2017': np.int64(11166), '2018': np.int64(11221), '2019': np.int64(11460)}"
Locks Heath/Warsash/WhiteleySD,Medium,South East,Working,Low Deprivation,Larger non-coastal towns,"{'2001': np.int64(39284), '2002': np.int64(39626), '2003': np.int64(40072), '2004': np.int64(40283), '2005': np.int64(40434), '2006': np.int64(40685), '2007': np.int64(41513), '2008': np.int64(42050), '2009': np.int64(42478), '2010': np.int64(43030), '2011': np.int64(43497), '2012': np.int64(43996), '2013': np.int64(44646), '2014': np.int64(44977), '2015': np.int64(45559), '2016': np.int64(45869), '2017': np.int64(46268), '2018': np.int64(46275), '2019': np.int64(46293)}"
NailsworthSD,Small,South West,Working,Low Deprivation,Smaller non-coastal towns ,"{'2001': np.int64(7366), '2002': np.int64(7325), '2003': np.int64(7315), '2004': np.int64(7358), '2005': np.int64(7341), '2006': np.int64(7335), '2007': np.int64(7488), '2008': np.int64(7554), '2009': np.int64(7672), '2010': np.int64(7722), '2011': np.int64(7737), '2012': np.int64(7840), '2013': np.int64(7723), '2014': np.int64(7757), '2015': np.int64(7820), '2016': np.int64(7691), '2017': np.int64(7637), '2018': np.int64(7687), '2019': np.int64(7705)}"
LeistonSD,Small,East of England,Residential,High Deprivation,Smaller other coastal towns,"{'2001': np.int64(5448), '2002': np.int64(5400), '2003': np.int64(5342), '2004': np.int64(5348), '2005': np.int64(5435), '2006': np.int64(5488), '2007': np.int64(5613), '2008': np.int64(5631), '2009': np.int64(5603), '2010': np.int64(5596), '2011': np.int64(5640), '2012': np.int64(5634), '2013': np.int64(5636), '2014': np.int64(5645), '2015': np.int64(5672), '2016': np.int64(5731), '2017': np.int64(5844), '2018': np.int64(5898), '2019': np.int64(5918)}"
SkelmersdaleSD,Medium,North West,Working,High Deprivation,Larger non-coastal towns,"{'2001': np.int64(34631), '2002': np.int64(34249), '2003': np.int64(34289), '2004': np.int64(34237), '2005': np.int64(34169), '2006': np.int64(34374), '2007': np.int64(34399), '2008': np.int64(34386), '2009': np.int64(34446), '2010': np.int64(34476), '2011': np.int64(34470), '2012': np.int64(34453), '2013': np.int64(34486), '2014': np.int64(34584), '2015': np.int64(34470), '2016': np.int64(34772), '2017': np.int64(34813), '2018': np.int64(34816), '2019': np.int64(35120)}"
WashingtonSD,Medium,North East,Working,High Deprivation,Larger non-coastal towns,"{'2001': np.int64(68754), '2002': np.int64(68180), '2003': np.int64(68114), '2004': np.int64(68114), '2005': np.int64(68085), '2006': np.int64(67981), '2007': np.int64(67928), '2008': np.int64(67550), '2009': np.int64(67295), '2010': np.int64(67258), '2011': np.int64(67005), '2012': np.int64(66997), '2013': np.int64(67157), '2014': np.int64(66946), '2015': np.int64(66972), '2016': np.int64(67027), '2017': np.int64(67044), '2018': np.int64(66947), '2019': np.int64(67086)}"
Ellesmere PortSD,Medium,North West,Working,High Deprivation,Larger non-coastal towns,"{'2001': np.int64(62477), '2002': np.int64(62003), '2003': np.int64(61917), '2004': np.int64(61702), '2005': np.int64(61738), '2006': np.int64(61659), '2007': np.int64(61753), '2008': np.int64(61527), '2009': np.int64(61352), '2010': np.int64(61261), '2011': np.int64(61064), '2012': np.int64(61089), '2013': np.int64(61269), '2014': np.int64(61371), '2015': np.int64(61192), '2016': np.int64(61380), '2017': np.int64(61383), '2018': np.int64(61629), '2019': np.int64(62305)}"
RickmansworthSD,Medium,East of England,Working,Low Deprivation,Larger non-coastal towns,"{'2001': np.int64(23117), '2002': np.int64(23260), '2003': np.int64(23428), '2004': np.int64(23373), '2005': np.int64(23457), '2006': np.int64(23506), '2007': np.int64(23484), '2008': np.int64(23734), '2009': np.int64(23915), '2010': np.int64(24071), '2011': np.int64(24061), '2012': np.int64(24210), '2013': np.int64(24658), '2014': np.int64(25019), '2015': np.int64(25255), '2016': np.int64(25370), '2017': np.int64(25380), '2018': np.int64(25413), '2019': np.int64(25305)}"
CarnforthSD,Small,North West,Mixed,Middle Deprivation,Smaller non-coastal towns ,"{'2001': np.int64(5847), '2002': np.int64(5788), '2003': np.int64(5896), '2004': np.int64(5974), '2005': np.int64(5942), '2006': np.int64(5937), '2007': np.int64(6038), '2008': np.int64(5964), '2009': np.int64(5941), '2010': np.int64(5990), '2011': np.int64(6112), '2012': np.int64(6018), '2013': np.int64(6097), '2014': np.int64(6144), '2015': np.int64(6178), '2016': np.int64(6168), '2017': np.int64(6097), '2018': np.int64(6076), '2019': np.int64(6065)}"
Newcastle-under-LymeSD,Large,West Midlands,Working,High Deprivation,Larger non-coastal towns,"{'2001': np.int64(73899), '2002': np.int64(73824), '2003': np.int64(73815), '2004': np.int64(74017), '2005': np.int64(74148), '2006': np.int64(74124), '2007': np.int64(74304), '2008': np.int64(74223), '2009': np.int64(74300), '2010': np.int64(74747), '2011': np.int64(75094), '2012': np.int64(75012), '2013': np.int64(75910), '2014': np.int64(76622), '2015': np.int64(77286), '2016': np.int64(78023), '2017': np.int64(78919), '2018': np.int64(79465), '2019': np.int64(79683)}"
SwindonSD,Large,South West,Working,Middle Deprivation,Larger non-coastal towns,"{'2001': np.int64(155713), '2002': np.int64(157485), '2003': np.int64(159553), '2004': np.int64(161392), '2005': np.int64(164667), '2006': np.int64(167120), '2007': np.int64(171190), '2008': np.int64(175577), '2009': np.int64(178196), '2010': np.int64(180476), '2011': np.int64(183001), '2012': np.int64(185092), '2013': np.int64(186938), '2014': np.int64(188571), '2015': np.int64(189783), '2016': np.int64(190240), '2017': np.int64(191314), '2018': np.int64(192599), '2019': np.int64(192408)}"
WalsallSD,Medium,West Midlands,Working,High Deprivation,Larger non-coastal towns,"{'2001': np.int64(59229), '2002': np.int64(59947), '2003': np.int64(60550), '2004': np.int64(61310), '2005': np.int64(61960), '2006': np.int64(62613), '2007': np.int64(63301), '2008': np.int64(64444), '2009': np.int64(65834), '2010': np.int64(66901), '2011': np.int64(67783), '2012': np.int64(68527), '2013': np.int64(68744), '2014': np.int64(68562), '2015': np.int64(69115), '2016': np.int64(70483), '2017': np.int64(71655), '2018': np.int64(72541), '2019': np.int64(73224)}"
OxfordSD,Large,South East,Working,Middle Deprivation,Larger non-coastal towns,"{'2001': np.int64(143819), '2002': np.int64(145151), '2003': np.int64(148396), '2004': np.int64(150059), '2005': np.int64(153607), '2006': np.int64(152692), '2007': np.int64(152420), '2008': np.int64(152777), '2009': np.int64(153707), '2010': np.int64(156086), '2011': np.int64(158394), '2012': np.int64(159560), '2013': np.int64(160680), '2014': np.int64(163246), '2015': np.int64(163482), '2016': np.int64(164445), '2017': np.int64(163967), '2018': np.int64(163938), '2019': np.int64(162291)}"
Shoreham-by-SeaSD,Medium,South East,Mixed,Middle Deprivation,Larger seaside towns,"{'2001': np.int64(47188), '2002': np.int64(47494), '2003': np.int64(47384), '2004': np.int64(47464), '2005': np.int64(47367), '2006': np.int64(47798), '2007': np.int64(48074), '2008': np.int64(48216), '2009': np.int64(48418), '2010': np.int64(48614), '2011': np.int64(48639), '2012': np.int64(49208), '2013': np.int64(49725), '2014': np.int64(50316), '2015': np.int64(50572), '2016': np.int64(50630), '2017': np.int64(50719), '2018': np.int64(50817), '2019': np.int64(51116)}"
RochesterSD,Medium,South East,Working,High Deprivation,Larger non-coastal towns,"{'2001': np.int64(58672), '2002': np.int64(58861), '2003': np.int64(59036), '2004': np.int64(59335), '2005': np.int64(59555), '2006': np.int64(59926), '2007': np.int64(60457), '2008': np.int64(60856), '2009': np.int64(61489), '2010': np.int64(62422), '2011': np.int64(63130), '2012': np.int64(63978), '2013': np.int64(64577), '2014': np.int64(65188), '2015': np.int64(66067), '2016': np.int64(66426), '2017': np.int64(66452), '2018': np.int64(66245), '2019': np.int64(66505)}"
HoylandSD,Small,Yorkshire and The Humber,Residential,High Deprivation,Smaller non-coastal towns ,"{'2001': np.int64(16609), '2002': np.int64(16621), '2003': np.int64(16716), '2004': np.int64(16773), '2005': np.int64(16889), '2006': np.int64(17000), '2007': np.int64(17010), '2008': np.int64(17296), '2009': np.int64(17479), '2010': np.int64(17645), '2011': np.int64(17732), '2012': np.int64(17901), '2013': np.int64(17999), '2014': np.int64(18110), '2015': np.int64(18198), '2016': np.int64(18248), '2017': np.int64(18318), '2018': np.int64(18259), '2019': np.int64(18321)}"
Hemel HempsteadSD,Large,East of England,Working,Middle Deprivation,Larger non-coastal towns,"{'2001': np.int64(89283), '2002': np.int64(89362), '2003': np.int64(89390), '2004': np.int64(89320), '2005': np.int64(89507), '2006': np.int64(89657), '2007': np.int64(90279), '2008': np.int64(91576), '2009': np.int64(92570), '2010': np.int64(93825), '2011': np.int64(95307), '2012': np.int64(96563), '2013': np.int64(97742), '2014': np.int64(98901), '2015': np.int64(99914), '2016': np.int64(100917), '2017': np.int64(101849), '2018': np.int64(102364), '2019': np.int64(102870)}"
BrierfieldSD,Small,North West,Working,High Deprivation,Smaller non-coastal towns ,"{'2001': np.int64(10036), '2002': np.int64(10077), '2003': np.int64(10067), '2004': np.int64(10020), '2005': np.int64(9945), '2006': np.int64(9877), '2007': np.int64(9900), '2008': np.int64(9690), '2009': np.int64(9601), '2010': np.int64(9570), '2011': np.int64(9564), '2012': np.int64(9690), '2013': np.int64(9807), '2014': np.int64(9892), '2015': np.int64(10063), '2016': np.int64(10190), '2017': np.int64(10257), '2018': np.int64(10311), '2019': np.int64(10433)}"
LincolnSD,Large,East Midlands,Working,High Deprivation,Larger non-coastal towns,"{'2001': np.int64(91938), '2002': np.int64(92223), '2003': np.int64(92964), '2004': np.int64(94234), '2005': np.int64(95125), '2006': np.int64(95894), '2007': np.int64(96441), '2008': np.int64(96846), '2009': np.int64(97482), '2010': np.int64(98941), '2011': np.int64(99901), '2012': np.int64(101403), '2013': np.int64(102038), '2014': np.int64(102664), '2015': np.int64(103355), '2016': np.int64(104192), '2017': np.int64(105447), '2018': np.int64(106047), '2019': np.int64(106415)}"
WorcesterSD,Large,West Midlands,Working,Middle Deprivation,Larger non-coastal towns,"{'2001': np.int64(94563), '2002': np.int64(94650), '2003': np.int64(95131), '2004': np.int64(95089), '2005': np.int64(95725), '2006': np.int64(96310), '2007': np.int64(96845), '2008': np.int64(97742), '2009': np.int64(98468), '2010': np.int64(99026), '2011': np.int64(100064), '2012': np.int64(100925), '2013': np.int64(101759), '2014': np.int64(102136), '2015': np.int64(102420), '2016': np.int64(103373), '2017': np.int64(103769), '2018': np.int64(103355), '2019': np.int64(102791)}"
StowmarketSD,Small,East of England,Mixed,Middle Deprivation,Smaller non-coastal towns ,"{'2001': np.int64(15254), '2002': np.int64(15604), '2003': np.int64(15780), '2004': np.int64(16059), '2005': np.int64(16587), '2006': np.int64(17083), '2007': np.int64(17739), '2008': np.int64(18124), '2009': np.int64(18585), '2010': np.int64(18978), '2011': np.int64(19355), '2012': np.int64(19749), '2013': np.int64(20151), '2014': np.int64(20666), '2015': np.int64(20807), '2016': np.int64(20929), '2017': np.int64(21312), '2018': np.int64(21570), '2019': np.int64(21936)}"
GraysSD,Medium,East of England,Working,Middle Deprivation,Larger non-coastal towns,"{'2001': np.int64(54785), '2002': np.int64(56220), '2003': np.int64(57738), '2004': np.int64(59113), '2005': np.int64(60527), '2006': np.int64(61950), '2007': np.int64(63168), '2008': np.int64(64441), '2009': np.int64(65057), '2010': np.int64(66203), '2011': np.int64(67266), '2012': np.int64(68726), '2013': np.int64(69793), '2014': np.int64(71137), '2015': np.int64(72148), '2016': np.int64(73201), '2017': np.int64(73892), '2018': np.int64(74810), '2019': np.int64(75940)}"
BatleySD,Large,Yorkshire and The Humber,Mixed,High Deprivation,Larger non-coastal towns,"{'2001': np.int64(76382), '2002': np.int64(76379), '2003': np.int64(76648), '2004': np.int64(77070), '2005': np.int64(77888), '2006': np.int64(77928), '2007': np.int64(78552), '2008': np.int64(79033), '2009': np.int64(79280), '2010': np.int64(79819), '2011': np.int64(80536), '2012': np.int64(80856), '2013': np.int64(81216), '2014': np.int64(81432), '2015': np.int64(81712), '2016': np.int64(82343), '2017': np.int64(82873), '2018': np.int64(83027), '2019': np.int64(83292)}"
RochfordSD,Small,East of England,Working,Middle Deprivation,Smaller non-coastal towns ,"{'2001': np.int64(16290), '2002': np.int64(16465), '2003': np.int64(16535), '2004': np.int64(16726), '2005': np.int64(16881), '2006': np.int64(17059), '2007': np.int64(17313), '2008': np.int64(17592), '2009': np.int64(17622), '2010': np.int64(17657), '2011': np.int64(17752), '2012': np.int64(17819), '2013': np.int64(17845), '2014': np.int64(18057), '2015': np.int64(18158), '2016': np.int64(18276), '2017': np.int64(18301), '2018': np.int64(18609), '2019': np.int64(18598)}"
MargateSD,Medium,South East,Residential,High Deprivation,Larger seaside towns,"{'2001': np.int64(57794), '2002': np.int64(57964), '2003': np.int64(58183), '2004': np.int64(58399), '2005': np.int64(58965), '2006': np.int64(59090), '2007': np.int64(59370), '2008': np.int64(59593), '2009': np.int64(59900), '2010': np.int64(60566), '2011': np.int64(61312), '2012': np.int64(62301), '2013': np.int64(62543), '2014': np.int64(63388), '2015': np.int64(64420), '2016': np.int64(64762), '2017': np.int64(64757), '2018': np.int64(65410), '2019': np.int64(65697)}"
HaslemereSD,Small,South East,Mixed,Low Deprivation,Smaller non-coastal towns ,"{'2001': np.int64(12074), '2002': np.int64(12214), '2003': np.int64(12188), '2004': np.int64(12228), '2005': np.int64(12272), '2006': np.int64(12413), '2007': np.int64(12675), '2008': np.int64(12762), '2009': np.int64(12825), '2010': np.int64(12997), '2011': np.int64(13156), '2012': np.int64(13212), '2013': np.int64(13101), '2014': np.int64(13109), '2015': np.int64(13198), '2016': np.int64(13314), '2017': np.int64(13384), '2018': np.int64(13268), '2019': np.int64(13203)}"
CranleighSD,Small,South East,Mixed,Low Deprivation,Smaller non-coastal towns ,"{'2001': np.int64(9689), '2002': np.int64(9688), '2003': np.int64(9562), '2004': np.int64(9570), '2005': np.int64(9560), '2006': np.int64(9569), '2007': np.int64(9755), '2008': np.int64(9817), '2009': np.int64(9970), '2010': np.int64(9900), '2011': np.int64(9926), '2012': np.int64(9849), '2013': np.int64(9969), '2014': np.int64(10050), '2015': np.int64(10199), '2016': np.int64(10179), '2017': np.int64(10181), '2018': np.int64(10307), '2019': np.int64(10531)}"
BicesterSD,Medium,South East,Working,Low Deprivation,Larger non-coastal towns,"{'2001': np.int64(30425), '2002': np.int64(31295), '2003': np.int64(31968), '2004': np.int64(32209), '2005': np.int64(32152), '2006': np.int64(31954), '2007': np.int64(31757), '2008': np.int64(32070), '2009': np.int64(32282), '2010': np.int64(32747), '2011': np.int64(32717), '2012': np.int64(32680), '2013': np.int64(32911), '2014': np.int64(32862), '2015': np.int64(32937), '2016': np.int64(32838), '2017': np.int64(32789), '2018': np.int64(32839), '2019': np.int64(32835)}"
BridgnorthSD,Small,West Midlands,Mixed,Low Deprivation,Smaller non-coastal towns ,"{'2001': np.int64(11383), '2002': np.int64(11503), '2003': np.int64(11717), '2004': np.int64(11625), '2005': np.int64(11728), '2006': np.int64(11750), '2007': np.int64(11805), '2008': np.int64(11875), '2009': np.int64(11938), '2010': np.int64(12160), '2011': np.int64(12314), '2012': np.int64(12393), '2013': np.int64(12522), '2014': np.int64(12687), '2015': np.int64(12754), '2016': np.int64(12815), '2017': np.int64(12893), '2018': np.int64(12929), '2019': np.int64(12804)}"
WarehamSD,Small,South West,Working,Middle Deprivation,Smaller non-coastal towns ,"{'2001': np.int64(5677), '2002': np.int64(5623), '2003': np.int64(5674), '2004': np.int64(5562), '2005': np.int64(5592), '2006': np.int64(5576), '2007': np.int64(5608), '2008': np.int64(5616), '2009': np.int64(5560), '2010': np.int64(5517), '2011': np.int64(5492), '2012': np.int64(5497), '2013': np.int64(5544), '2014': np.int64(5580), '2015': np.int64(5665), '2016': np.int64(5843), '2017': np.int64(6025), '2018': np.int64(6046), '2019': np.int64(6029)}"
South NormantonSD,Small,East Midlands,Working,High Deprivation,Smaller non-coastal towns ,"{'2001': np.int64(14260), '2002': np.int64(14391), '2003': np.int64(14643), '2004': np.int64(14782), '2005': np.int64(14909), '2006': np.int64(15117), '2007': np.int64(15071), '2008': np.int64(15072), '2009': np.int64(15172), '2010': np.int64(15307), '2011': np.int64(15423), '2012': np.int64(15499), '2013': np.int64(15469), '2014': np.int64(15428), '2015': np.int64(15666), '2016': np.int64(15698), '2017': np.int64(15925), '2018': np.int64(15870), '2019': np.int64(15909)}"
MerleySD,Small,South West,Residential,Low Deprivation,Smaller non-coastal towns ,"{'2001': np.int64(6122), '2002': np.int64(6148), '2003': np.int64(6134), '2004': np.int64(6114), '2005': np.int64(6098), '2006': np.int64(6066), '2007': np.int64(6047), '2008': np.int64(6026), '2009': np.int64(5990), '2010': np.int64(6020), '2011': np.int64(5993), '2012': np.int64(5943), '2013': np.int64(5927), '2014': np.int64(5956), '2015': np.int64(5983), '2016': np.int64(5962), '2017': np.int64(5882), '2018': np.int64(5840), '2019': np.int64(5865)}"
BlackpoolSD,Large,North West,Working,High Deprivation,Larger seaside towns,"{'2001': np.int64(148415), '2002': np.int64(148264), '2003': np.int64(148685), '2004': np.int64(149064), '2005': np.int64(149578), '2006': np.int64(149738), '2007': np.int64(149509), '2008': np.int64(148764), '2009': np.int64(148306), '2010': np.int64(148358), '2011': np.int64(147669), '2012': np.int64(147650), '2013': np.int64(147302), '2014': np.int64(146559), '2015': np.int64(145724), '2016': np.int64(145723), '2017': np.int64(145722), '2018': np.int64(145446), '2019': np.int64(145821)}"
WakefieldSD,Large,Yorkshire and The Humber,Working,High Deprivation,Larger non-coastal towns,"{'2001': np.int64(96291), '2002': np.int64(96269), '2003': np.int64(96398), '2004': np.int64(96346), '2005': np.int64(96725), '2006': np.int64(97414), '2007': np.int64(97619), '2008': np.int64(98099), '2009': np.int64(98648), '2010': np.int64(98819), '2011': np.int64(99453), '2012': np.int64(100282), '2013': np.int64(100946), '2014': np.int64(101596), '2015': np.int64(102516), '2016': np.int64(103628), '2017': np.int64(104757), '2018': np.int64(106325), '2019': np.int64(107546)}"
BudeSD,Small,South West,Working,High Deprivation,Smaller seaside towns ,"{'2001': np.int64(4676), '2002': np.int64(4790), '2003': np.int64(4910), '2004': np.int64(4920), '2005': np.int64(4910), '2006': np.int64(4938), '2007': np.int64(5040), '2008': np.int64(4948), '2009': np.int64(4991), '2010': np.int64(5027), '2011': np.int64(5097), '2012': np.int64(5043), '2013': np.int64(5028), '2014': np.int64(5044), '2015': np.int64(5268), '2016': np.int64(5322), '2017': np.int64(5554), '2018': np.int64(5454), '2019': np.int64(5387)}"
GosportSD,Medium,South East,Residential,Middle Deprivation,Larger other coastal towns ,"{'2001': np.int64(69646), '2002': np.int64(69595), '2003': np.int64(69802), '2004': np.int64(69755), '2005': np.int64(69878), '2006': np.int64(70221), '2007': np.int64(70626), '2008': np.int64(71166), '2009': np.int64(71096), '2010': np.int64(71332), '2011': np.int64(71616), '2012': np.int64(72143), '2013': np.int64(72425), '2014': np.int64(73120), '2015': np.int64(73482), '2016': np.int64(74000), '2017': np.int64(73996), '2018': np.int64(73782), '2019': np.int64(73361)}"
SeatonSD,Small,North West,Residential,Low Deprivation,Smaller other coastal towns,"{'2001': np.int64(4870), '2002': np.int64(4866), '2003': np.int64(4958), '2004': np.int64(5020), '2005': np.int64(5015), '2006': np.int64(4980), '2007': np.int64(4943), '2008': np.int64(4997), '2009': np.int64(4983), '2010': np.int64(5011), '2011': np.int64(5032), '2012': np.int64(5020), '2013': np.int64(4996), '2014': np.int64(5005), '2015': np.int64(4948), '2016': np.int64(4966), '2017': np.int64(4932), '2018': np.int64(4917), '2019': np.int64(4911)}"
Thornaby-on-TeesSD,Medium,North East,Working,High Deprivation,Larger non-coastal towns,"{'2001': np.int64(23277), '2002': np.int64(23181), '2003': np.int64(23102), '2004': np.int64(23058), '2005': np.int64(23072), '2006': np.int64(23051), '2007': np.int64(23404), '2008': np.int64(23870), '2009': np.int64(24116), '2010': np.int64(24441), '2011': np.int64(24778), '2012': np.int64(25092), '2013': np.int64(25313), '2014': np.int64(25556), '2015': np.int64(25823), '2016': np.int64(25892), '2017': np.int64(25876), '2018': np.int64(25801), '2019': np.int64(25628)}"
Adwick le StreetSD,Small,Yorkshire and The Humber,Residential,High Deprivation,Smaller non-coastal towns ,"{'2001': np.int64(18663), '2002': np.int64(18702), '2003': np.int64(18840), '2004': np.int64(18700), '2005': np.int64(18899), '2006': np.int64(18998), '2007': np.int64(19068), '2008': np.int64(19183), '2009': np.int64(19143), '2010': np.int64(19175), '2011': np.int64(19222), '2012': np.int64(19084), '2013': np.int64(18954), '2014': np.int64(18867), '2015': np.int64(18787), '2016': np.int64(18833), '2017': np.int64(18858), '2018': np.int64(19010), '2019': np.int64(18951)}"
Houghton-le-SpringSD,Small,North East,Residential,High Deprivation,Smaller non-coastal towns ,"{'2001': np.int64(15152), '2002': np.int64(15201), '2003': np.int64(15100), '2004': np.int64(14857), '2005': np.int64(14628), '2006': np.int64(14397), '2007': np.int64(14135), '2008': np.int64(14040), '2009': np.int64(13921), '2010': np.int64(13755), '2011': np.int64(13868), '2012': np.int64(14044), '2013': np.int64(14178), '2014': np.int64(14163), '2015': np.int64(14197), '2016': np.int64(14229), '2017': np.int64(14292), '2018': np.int64(14302), '2019': np.int64(14312)}"
Herne BaySD,Medium,South East,Residential,High Deprivation,Larger seaside towns,"{'2001': np.int64(34905), '2002': np.int64(35718), '2003': np.int64(36264), '2004': np.int64(37086), '2005': np.int64(36775), '2006': np.int64(36565), '2007': np.int64(36972), '2008': np.int64(37192), '2009': np.int64(37650), '2010': np.int64(37955), '2011': np.int64(38326), '2012': np.int64(38504), '2013': np.int64(39086), '2014': np.int64(39645), '2015': np.int64(39739), '2016': np.int64(40127), '2017': np.int64(40450), '2018': np.int64(40555), '2019': np.int64(40876)}"
TadleySD,Small,South East,Working,Low Deprivation,Smaller non-coastal towns ,"{'2001': np.int64(15998), '2002': np.int64(16302), '2003': np.int64(15966), '2004': np.int64(16018), '2005': np.int64(16008), '2006': np.int64(16090), '2007': np.int64(16122), '2008': np.int64(16168), '2009': np.int64(16004), '2010': np.int64(15962), '2011': np.int64(15863), '2012': np.int64(15941), '2013': np.int64(15826), '2014': np.int64(15832), '2015': np.int64(15825), '2016': np.int64(15812), '2017': np.int64(15630), '2018': np.int64(15603), '2019': np.int64(15497)}"
LeatherheadSD,Medium,South East,Working,Low Deprivation,Larger non-coastal towns,"{'2001': np.int64(30213), '2002': np.int64(30259), '2003': np.int64(30445), '2004': np.int64(30371), '2005': np.int64(30542), '2006': np.int64(30746), '2007': np.int64(31165), '2008': np.int64(31658), '2009': np.int64(31996), '2010': np.int64(32351), '2011': np.int64(32632), '2012': np.int64(32726), '2013': np.int64(32918), '2014': np.int64(32966), '2015': np.int64(33104), '2016': np.int64(33157), '2017': np.int64(32994), '2018': np.int64(33184), '2019': np.int64(33355)}"
West BromwichSD,Medium,West Midlands,Working,High Deprivation,Larger non-coastal towns,"{'2001': np.int64(67562), '2002': np.int64(67789), '2003': np.int64(68143), '2004': np.int64(68768), '2005': np.int64(69027), '2006': np.int64(69263), '2007': np.int64(69597), '2008': np.int64(70597), '2009': np.int64(71372), '2010': np.int64(72306), '2011': np.int64(73222), '2012': np.int64(73758), '2013': np.int64(74458), '2014': np.int64(74895), '2015': np.int64(75792), '2016': np.int64(76884), '2017': np.int64(77997), '2018': np.int64(78438), '2019': np.int64(78982)}"
Whitley BaySD,Medium,North East,Residential,Low Deprivation,Larger seaside towns,"{'2001': np.int64(36602), '2002': np.int64(36660), '2003': np.int64(36321), '2004': np.int64(36382), '2005': np.int64(36336), '2006': np.int64(36472), '2007': np.int64(36580), '2008': np.int64(36603), '2009': np.int64(36786), '2010': np.int64(36800), '2011': np.int64(36682), '2012': np.int64(36730), '2013': np.int64(36690), '2014': np.int64(36972), '2015': np.int64(36922), '2016': np.int64(37030), '2017': np.int64(37058), '2018': np.int64(37120), '2019': np.int64(37277)}"
HorleySD,Medium,South East,Residential,Low Deprivation,Larger non-coastal towns,"{'2001': np.int64(21764), '2002': np.int64(21705), '2003': np.int64(21777), '2004': np.int64(21381), '2005': np.int64(21456), '2006': np.int64(21621), '2007': np.int64(21813), '2008': np.int64(21962), '2009': np.int64(22094), '2010': np.int64(22431), '2011': np.int64(22804), '2012': np.int64(23114), '2013': np.int64(23378), '2014': np.int64(23724), '2015': np.int64(24395), '2016': np.int64(25036), '2017': np.int64(25253), '2018': np.int64(25970), '2019': np.int64(26466)}"
Newark-on-TrentSD,Medium,East Midlands,Working,High Deprivation,Larger non-coastal towns,"{'2001': np.int64(34975), '2002': np.int64(35206), '2003': np.int64(35502), '2004': np.int64(35782), '2005': np.int64(36090), '2006': np.int64(36188), '2007': np.int64(36521), '2008': np.int64(36757), '2009': np.int64(36807), '2010': np.int64(36998), '2011': np.int64(37168), '2012': np.int64(37553), '2013': np.int64(37933), '2014': np.int64(38297), '2015': np.int64(38598), '2016': np.int64(39027), '2017': np.int64(39370), '2018': np.int64(39635), '2019': np.int64(39947)}"
PershoreSD,Small,West Midlands,Working,Middle Deprivation,Smaller non-coastal towns ,"{'2001': np.int64(7351), '2002': np.int64(7274), '2003': np.int64(7252), '2004': np.int64(7225), '2005': np.int64(7142), '2006': np.int64(7169), '2007': np.int64(7128), '2008': np.int64(7199), '2009': np.int64(7177), '2010': np.int64(7162), '2011': np.int64(7102), '2012': np.int64(7137), '2013': np.int64(7331), '2014': np.int64(7464), '2015': np.int64(7516), '2016': np.int64(7598), '2017': np.int64(7765), '2018': np.int64(7982), '2019': np.int64(8116)}"
St HelensSD,Large,North West,Mixed,High Deprivation,Larger non-coastal towns,"{'2001': np.int64(102377), '2002': np.int64(102055), '2003': np.int64(102021), '2004': np.int64(102096), '2005': np.int64(102044), '2006': np.int64(102123), '2007': np.int64(102244), '2008': np.int64(102520), '2009': np.int64(102467), '2010': np.int64(102488), '2011': np.int64(102944), '2012': np.int64(103525), '2013': np.int64(103481), '2014': np.int64(103943), '2015': np.int64(103992), '2016': np.int64(104334), '2017': np.int64(104641), '2018': np.int64(104951), '2019': np.int64(105127)}"
Stockton-on-TeesSD,Large,North East,Working,High Deprivation,Larger non-coastal towns,"{'2001': np.int64(82539), '2002': np.int64(82342), '2003': np.int64(82347), '2004': np.int64(82095), '2005': np.int64(82219), '2006': np.int64(82318), '2007': np.int64(81988), '2008': np.int64(82244), '2009': np.int64(82260), '2010': np.int64(82456), '2011': np.int64(82811), '2012': np.int64(82951), '2013': np.int64(83261), '2014': np.int64(83589), '2015': np.int64(83711), '2016': np.int64(84171), '2017': np.int64(84290), '2018': np.int64(84696), '2019': np.int64(84492)}"
HitchinSD,Medium,East of England,Working,Low Deprivation,Larger non-coastal towns,"{'2001': np.int64(31547), '2002': np.int64(31490), '2003': np.int64(31946), '2004': np.int64(31915), '2005': np.int64(32141), '2006': np.int64(32465), '2007': np.int64(32928), '2008': np.int64(33413), '2009': np.int64(33731), '2010': np.int64(33989), '2011': np.int64(34431), '2012': np.int64(34724), '2013': np.int64(35159), '2014': np.int64(35607), '2015': np.int64(36172), '2016': np.int64(36454), '2017': np.int64(36202), '2018': np.int64(36379), '2019': np.int64(36551)}"
Burley in WharfedaleSD,Small,Yorkshire and The Humber,Residential,Low Deprivation,Smaller non-coastal towns ,"{'2001': np.int64(6307), '2002': np.int64(6343), '2003': np.int64(6445), '2004': np.int64(6583), '2005': np.int64(6728), '2006': np.int64(6870), '2007': np.int64(6902), '2008': np.int64(6984), '2009': np.int64(6949), '2010': np.int64(6994), '2011': np.int64(7028), '2012': np.int64(7049), '2013': np.int64(7002), '2014': np.int64(7048), '2015': np.int64(7112), '2016': np.int64(7193), '2017': np.int64(7198), '2018': np.int64(7119), '2019': np.int64(7116)}"
ReadingSD,Large,South East,Working,Middle Deprivation,Larger non-coastal towns,"{'2001': np.int64(207827), '2002': np.int64(206125), '2003': np.int64(205777), '2004': np.int64(205899), '2005': np.int64(208512), '2006': np.int64(210084), '2007': np.int64(211959), '2008': np.int64(214278), '2009': np.int64(215547), '2010': np.int64(217696), '2011': np.int64(218563), '2012': np.int64(220239), '2013': np.int64(222672), '2014': np.int64(224746), '2015': np.int64(226617), '2016': np.int64(228612), '2017': np.int64(229274), '2018': np.int64(230046), '2019': np.int64(229482)}"
Hedge EndSD,Medium,South East,Mixed,Low Deprivation,Larger non-coastal towns,"{'2001': np.int64(23182), '2002': np.int64(23216), '2003': np.int64(23297), '2004': np.int64(23226), '2005': np.int64(23371), '2006': np.int64(23455), '2007': np.int64(23673), '2008': np.int64(24018), '2009': np.int64(24436), '2010': np.int64(24836), '2011': np.int64(25265), '2012': np.int64(25583), '2013': np.int64(26068), '2014': np.int64(26498), '2015': np.int64(26636), '2016': np.int64(26467), '2017': np.int64(26399), '2018': np.int64(26556), '2019': np.int64(26506)}"
WestergateSD,Small,South East,Mixed,Low Deprivation,Smaller non-coastal towns ,"{'2001': np.int64(9140), '2002': np.int64(9286), '2003': np.int64(9354), '2004': np.int64(9467), '2005': np.int64(9520), '2006': np.int64(9568), '2007': np.int64(9716), '2008': np.int64(9754), '2009': np.int64(9711), '2010': np.int64(9765), '2011': np.int64(9798), '2012': np.int64(9909), '2013': np.int64(9924), '2014': np.int64(9944), '2015': np.int64(10028), '2016': np.int64(10115), '2017': np.int64(10153), '2018': np.int64(10232), '2019': np.int64(10428)}"
LoughtonSD,Medium,East of England,Working,Middle Deprivation,Larger non-coastal towns,"{'2001': np.int64(30393), '2002': np.int64(30389), '2003': np.int64(30314), '2004': np.int64(30325), '2005': np.int64(30261), '2006': np.int64(30494), '2007': np.int64(30400), '2008': np.int64(30510), '2009': np.int64(30640), '2010': np.int64(31037), '2011': np.int64(31194), '2012': np.int64(31554), '2013': np.int64(31914), '2014': np.int64(32193), '2015': np.int64(32277), '2016': np.int64(32510), '2017': np.int64(32660), '2018': np.int64(32990), '2019': np.int64(33088)}"
Milton KeynesSD,Large,South East,Working,Middle Deprivation,Larger non-coastal towns,"{'2001': np.int64(140792), '2002': np.int64(143241), '2003': np.int64(145361), '2004': np.int64(147336), '2005': np.int64(150741), '2006': np.int64(154405), '2007': np.int64(157723), '2008': np.int64(161437), '2009': np.int64(164962), '2010': np.int64(169262), '2011': np.int64(172633), '2012': np.int64(174706), '2013': np.int64(177022), '2014': np.int64(179533), '2015': np.int64(181513), '2016': np.int64(183452), '2017': np.int64(184105), '2018': np.int64(184355), '2019': np.int64(184824)}"
RedditchSD,Large,West Midlands,Working,High Deprivation,Larger non-coastal towns,"{'2001': np.int64(77032), '2002': np.int64(77271), '2003': np.int64(77679), '2004': np.int64(77801), '2005': np.int64(78192), '2006': np.int64(79084), '2007': np.int64(79727), '2008': np.int64(80609), '2009': np.int64(80920), '2010': np.int64(81338), '2011': np.int64(82020), '2012': np.int64(82214), '2013': np.int64(82230), '2014': np.int64(82195), '2015': np.int64(82533), '2016': np.int64(82875), '2017': np.int64(82974), '2018': np.int64(82824), '2019': np.int64(83010)}"
ChesterSD,Large,North West,Working,High Deprivation,Larger non-coastal towns,"{'2001': np.int64(81632), '2002': np.int64(81984), '2003': np.int64(82626), '2004': np.int64(82918), '2005': np.int64(83545), '2006': np.int64(84440), '2007': np.int64(84693), '2008': np.int64(84459), '2009': np.int64(84958), '2010': np.int64(85587), '2011': np.int64(86087), '2012': np.int64(86312), '2013': np.int64(86783), '2014': np.int64(87354), '2015': np.int64(87287), '2016': np.int64(87251), '2017': np.int64(87593), '2018': np.int64(87780), '2019': np.int64(87983)}"
Ruthin,Small,Wales,Working,Low Deprivation,Smaller non-coastal towns ,"{'2001': np.int64(5210), '2002': np.int64(5250), '2003': np.int64(5326), '2004': np.int64(5312), '2005': np.int64(5271), '2006': np.int64(5191), '2007': np.int64(5220), '2008': np.int64(5188), '2009': np.int64(5228), '2010': np.int64(5359), '2011': np.int64(5474), '2012': np.int64(5539), '2013': np.int64(5589), '2014': np.int64(5658), '2015': np.int64(5644), '2016': np.int64(5616), '2017': np.int64(5666), '2018': np.int64(5723), '2019': np.int64(5628)}"
Gresford,Small,Wales,Working,Low Deprivation,Smaller non-coastal towns ,"{'2001': np.int64(5292), '2002': np.int64(5294), '2003': np.int64(5343), '2004': np.int64(5286), '2005': np.int64(5307), '2006': np.int64(5290), '2007': np.int64(5187), '2008': np.int64(5156), '2009': np.int64(5124), '2010': np.int64(5096), '2011': np.int64(5002), '2012': np.int64(4976), '2013': np.int64(4928), '2014': np.int64(4910), '2015': np.int64(4943), '2016': np.int64(4931), '2017': np.int64(4913), '2018': np.int64(4911), '2019': np.int64(4898)}"
Broughton (Flintshire),Small,Wales,Working,Low Deprivation,Smaller non-coastal towns ,"{'2001': np.int64(5794), '2002': np.int64(5742), '2003': np.int64(5793), '2004': np.int64(5784), '2005': np.int64(5795), '2006': np.int64(5840), '2007': np.int64(5895), '2008': np.int64(6063), '2009': np.int64(6040), '2010': np.int64(6070), '2011': np.int64(5995), '2012': np.int64(6002), '2013': np.int64(5926), '2014': np.int64(5885), '2015': np.int64(6034), '2016': np.int64(6188), '2017': np.int64(6313), '2018': np.int64(6422), '2019': np.int64(6578)}"
Abertillery,Small,Wales,Residential,High Deprivation,Smaller non-coastal towns ,"{'2001': np.int64(11122), '2002': np.int64(11150), '2003': np.int64(11139), '2004': np.int64(11028), '2005': np.int64(11005), '2006': np.int64(11052), '2007': np.int64(10977), '2008': np.int64(11029), '2009': np.int64(11021), '2010': np.int64(10997), '2011': np.int64(10951), '2012': np.int64(10876), '2013': np.int64(10838), '2014': np.int64(10828), '2015': np.int64(10734), '2016': np.int64(10748), '2017': np.int64(10774), '2018': np.int64(10796), '2019': np.int64(10745)}"
Pencoed,Small,Wales,Working,Low Deprivation,Smaller non-coastal towns ,"{'2001': np.int64(8617), '2002': np.int64(8593), '2003': np.int64(8545), '2004': np.int64(8805), '2005': np.int64(8977), '2006': np.int64(9034), '2007': np.int64(9093), '2008': np.int64(9196), '2009': np.int64(9110), '2010': np.int64(9185), '2011': np.int64(9191), '2012': np.int64(9215), '2013': np.int64(9253), '2014': np.int64(9278), '2015': np.int64(9251), '2016': np.int64(9292), '2017': np.int64(9342), '2018': np.int64(9356), '2019': np.int64(9466)}"
Newtown (Powys),Small,Wales,Working,Middle Deprivation,Smaller non-coastal towns ,"{'2001': np.int64(10736), '2002': np.int64(10898), '2003': np.int64(10908), '2004': np.int64(10987), '2005': np.int64(10935), '2006': np.int64(11060), '2007': np.int64(11212), '2008': np.int64(11305), '2009': np.int64(11307), '2010': np.int64(11257), '2011': np.int64(11361), '2012': np.int64(11390), '2013': np.int64(11328), '2014': np.int64(11361), '2015': np.int64(11358), '2016': np.int64(11244), '2017': np.int64(11319), '2018': np.int64(11300), '2019': np.int64(11222)}"
Pembroke Dock,Small,Wales,Working,High Deprivation,Smaller other coastal towns,"{'2001': np.int64(8537), '2002': np.int64(8794), '2003': np.int64(8860), '2004': np.int64(9036), '2005': np.int64(9182), '2006': np.int64(9306), '2007': np.int64(9396), '2008': np.int64(9528), '2009': np.int64(9618), '2010': np.int64(9724), '2011': np.int64(9752), '2012': np.int64(9809), '2013': np.int64(9755), '2014': np.int64(9892), '2015': np.int64(9780), '2016': np.int64(9717), '2017': np.int64(9716), '2018': np.int64(9675), '2019': np.int64(9665)}"
Pyle,Small,Wales,Residential,High Deprivation,Smaller non-coastal towns ,"{'2001': np.int64(12509), '2002': np.int64(12564), '2003': np.int64(12669), '2004': np.int64(12678), '2005': np.int64(12742), '2006': np.int64(12917), '2007': np.int64(13079), '2008': np.int64(13255), '2009': np.int64(13455), '2010': np.int64(13598), '2011': np.int64(13717), '2012': np.int64(13886), '2013': np.int64(14031), '2014': np.int64(14062), '2015': np.int64(14248), '2016': np.int64(14280), '2017': np.int64(14361), '2018': np.int64(14458), '2019': np.int64(14568)}"
Brynna,Small,Wales,Residential,Low Deprivation,Smaller non-coastal towns ,"{'2001': np.int64(5921), '2002': np.int64(5831), '2003': np.int64(5741), '2004': np.int64(6065), '2005': np.int64(6237), '2006': np.int64(6299), '2007': np.int64(6404), '2008': np.int64(6549), '2009': np.int64(6613), '2010': np.int64(6692), '2011': np.int64(6685), '2012': np.int64(6773), '2013': np.int64(7008), '2014': np.int64(7257), '2015': np.int64(7346), '2016': np.int64(7479), '2017': np.int64(7557), '2018': np.int64(7666), '2019': np.int64(7737)}"
Caerleon,Small,Wales,Mixed,Low Deprivation,Smaller non-coastal towns ,"{'2001': np.int64(9368), '2002': np.int64(9481), '2003': np.int64(9385), '2004': np.int64(9195), '2005': np.int64(9199), '2006': np.int64(9222), '2007': np.int64(9129), '2008': np.int64(9148), '2009': np.int64(9003), '2010': np.int64(8916), '2011': np.int64(8745), '2012': np.int64(8643), '2013': np.int64(8617), '2014': np.int64(8532), '2015': np.int64(8425), '2016': np.int64(8459), '2017': np.int64(8500), '2018': np.int64(8449), '2019': np.int64(8454)}"
Mountain Ash,Small,Wales,Residential,High Deprivation,Smaller non-coastal towns ,"{'2001': np.int64(11504), '2002': np.int64(11321), '2003': np.int64(11318), '2004': np.int64(11440), '2005': np.int64(11430), '2006': np.int64(11415), '2007': np.int64(11429), '2008': np.int64(11333), '2009': np.int64(11284), '2010': np.int64(11219), '2011': np.int64(11213), '2012': np.int64(11184), '2013': np.int64(11191), '2014': np.int64(11247), '2015': np.int64(11301), '2016': np.int64(11277), '2017': np.int64(11289), '2018': np.int64(11293), '2019': np.int64(11339)}"
Denbigh,Small,Wales,Working,Low Deprivation,Smaller non-coastal towns ,"{'2001': np.int64(8301), '2002': np.int64(8260), '2003': np.int64(8375), '2004': np.int64(8303), '2005': np.int64(8368), '2006': np.int64(8406), '2007': np.int64(8542), '2008': np.int64(8568), '2009': np.int64(8519), '2010': np.int64(8526), '2011': np.int64(8547), '2012': np.int64(8528), '2013': np.int64(8536), '2014': np.int64(8414), '2015': np.int64(8465), '2016': np.int64(8424), '2017': np.int64(8416), '2018': np.int64(8424), '2019': np.int64(8500)}"
Pontarddulais,Small,Wales,Residential,Low Deprivation,Smaller non-coastal towns ,"{'2001': np.int64(7976), '2002': np.int64(8070), '2003': np.int64(8104), '2004': np.int64(8312), '2005': np.int64(8358), '2006': np.int64(8438), '2007': np.int64(8479), '2008': np.int64(8571), '2009': np.int64(8668), '2010': np.int64(8826), '2011': np.int64(9084), '2012': np.int64(9329), '2013': np.int64(9427), '2014': np.int64(9400), '2015': np.int64(9366), '2016': np.int64(9391), '2017': np.int64(9316), '2018': np.int64(9506), '2019': np.int64(9656)}"
Abertridwr,Small,Wales,Residential,High Deprivation,Smaller non-coastal towns ,"{'2001': np.int64(6401), '2002': np.int64(6499), '2003': np.int64(6512), '2004': np.int64(6549), '2005': np.int64(6578), '2006': np.int64(6460), '2007': np.int64(6400), '2008': np.int64(6336), '2009': np.int64(6471), '2010': np.int64(6496), '2011': np.int64(6501), '2012': np.int64(6494), '2013': np.int64(6534), '2014': np.int64(6519), '2015': np.int64(6499), '2016': np.int64(6494), '2017': np.int64(6515), '2018': np.int64(6553), '2019': np.int64(6485)}"
Cwmavon,Small,Wales,Residential,High Deprivation,Smaller non-coastal towns ,"{'2001': np.int64(5292), '2002': np.int64(5240), '2003': np.int64(5333), '2004': np.int64(5373), '2005': np.int64(5320), '2006': np.int64(5338), '2007': np.int64(5355), '2008': np.int64(5422), '2009': np.int64(5394), '2010': np.int64(5368), '2011': np.int64(5330), '2012': np.int64(5329), '2013': np.int64(5402), '2014': np.int64(5427), '2015': np.int64(5460), '2016': np.int64(5458), '2017': np.int64(5502), '2018': np.int64(5469), '2019': np.int64(5476)}"
Brecon,Small,Wales,Working,Low Deprivation,Smaller non-coastal towns ,"{'2001': np.int64(7895), '2002': np.int64(7846), '2003': np.int64(7831), '2004': np.int64(7902), '2005': np.int64(8040), '2006': np.int64(8162), '2007': np.int64(8211), '2008': np.int64(8223), '2009': np.int64(8220), '2010': np.int64(8170), '2011': np.int64(8298), '2012': np.int64(8328), '2013': np.int64(8381), '2014': np.int64(8408), '2015': np.int64(8306), '2016': np.int64(8400), '2017': np.int64(8419), '2018': np.int64(8408), '2019': np.int64(8400)}"
Cil-y-coed,Small,Wales,Mixed,Low Deprivation,Smaller non-coastal towns ,"{'2001': np.int64(11224), '2002': np.int64(11179), '2003': np.int64(11329), '2004': np.int64(11241), '2005': np.int64(11232), '2006': np.int64(11273), '2007': np.int64(11267), '2008': np.int64(11304), '2009': np.int64(11185), '2010': np.int64(11160), '2011': np.int64(11208), '2012': np.int64(11328), '2013': np.int64(11503), '2014': np.int64(11583), '2015': np.int64(11551), '2016': np.int64(11599), '2017': np.int64(11623), '2018': np.int64(11636), '2019': np.int64(11720)}"
Pembroke,Small,Wales,Residential,High Deprivation,Smaller other coastal towns,"{'2001': np.int64(7116), '2002': np.int64(7229), '2003': np.int64(7357), '2004': np.int64(7313), '2005': np.int64(7367), '2006': np.int64(7431), '2007': np.int64(7493), '2008': np.int64(7584), '2009': np.int64(7532), '2010': np.int64(7510), '2011': np.int64(7552), '2012': np.int64(7544), '2013': np.int64(7547), '2014': np.int64(7563), '2015': np.int64(7622), '2016': np.int64(7701), '2017': np.int64(7832), '2018': np.int64(7957), '2019': np.int64(8111)}"
Tonyrefail,Small,Wales,Residential,High Deprivation,Smaller non-coastal towns ,"{'2001': np.int64(8890), '2002': np.int64(9106), '2003': np.int64(9289), '2004': np.int64(9264), '2005': np.int64(9220), '2006': np.int64(9322), '2007': np.int64(9303), '2008': np.int64(9295), '2009': np.int64(9343), '2010': np.int64(9346), '2011': np.int64(9309), '2012': np.int64(9408), '2013': np.int64(9379), '2014': np.int64(9436), '2015': np.int64(9469), '2016': np.int64(9442), '2017': np.int64(9579), '2018': np.int64(9606), '2019': np.int64(9704)}"
Llandrindod Wells,Small,Wales,Working,High Deprivation,Smaller non-coastal towns ,"{'2001': np.int64(5017), '2002': np.int64(5031), '2003': np.int64(5195), '2004': np.int64(5177), '2005': np.int64(5209), '2006': np.int64(5253), '2007': np.int64(5266), '2008': np.int64(5319), '2009': np.int64(5322), '2010': np.int64(5272), '2011': np.int64(5303), '2012': np.int64(5339), '2013': np.int64(5389), '2014': np.int64(5489), '2015': np.int64(5509), '2016': np.int64(5502), '2017': np.int64(5568), '2018': np.int64(5529), '2019': np.int64(5609)}"
Milford Haven,Small,Wales,Residential,High Deprivation,Smaller other coastal towns,"{'2001': np.int64(12830), '2002': np.int64(12777), '2003': np.int64(12786), '2004': np.int64(12813), '2005': np.int64(12889), '2006': np.int64(12998), '2007': np.int64(13006), '2008': np.int64(13188), '2009': np.int64(13264), '2010': np.int64(13378), '2011': np.int64(13593), '2012': np.int64(13800), '2013': np.int64(13854), '2014': np.int64(13761), '2015': np.int64(13738), '2016': np.int64(13873), '2017': np.int64(13959), '2018': np.int64(14077), '2019': np.int64(14219)}"
Llandudno,Small,Wales,Working,High Deprivation,Smaller seaside towns ,"{'2001': np.int64(14888), '2002': np.int64(14919), '2003': np.int64(15019), '2004': np.int64(14994), '2005': np.int64(14987), '2006': np.int64(15096), '2007': np.int64(15102), '2008': np.int64(15204), '2009': np.int64(15319), '2010': np.int64(15261), '2011': np.int64(15375), '2012': np.int64(15257), '2013': np.int64(15275), '2014': np.int64(15338), '2015': np.int64(14843), '2016': np.int64(15318), '2017': np.int64(15375), '2018': np.int64(15479), '2019': np.int64(15395)}"
Rhoose,Small,Wales,Residential,Low Deprivation,Smaller other coastal towns,"{'2001': np.int64(4832), '2002': np.int64(4892), '2003': np.int64(5298), '2004': np.int64(5741), '2005': np.int64(5965), '2006': np.int64(6096), '2007': np.int64(6171), '2008': np.int64(6241), '2009': np.int64(6200), '2010': np.int64(6167), '2011': np.int64(6166), '2012': np.int64(6183), '2013': np.int64(6231), '2014': np.int64(6160), '2015': np.int64(6132), '2016': np.int64(6145), '2017': np.int64(6218), '2018': np.int64(6363), '2019': np.int64(6523)}"
Ferndale,Small,Wales,Residential,High Deprivation,Smaller non-coastal towns ,"{'2001': np.int64(7872), '2002': np.int64(7726), '2003': np.int64(7784), '2004': np.int64(7784), '2005': np.int64(7743), '2006': np.int64(7676), '2007': np.int64(7653), '2008': np.int64(7541), '2009': np.int64(7423), '2010': np.int64(7387), '2011': np.int64(7336), '2012': np.int64(7288), '2013': np.int64(7283), '2014': np.int64(7218), '2015': np.int64(7166), '2016': np.int64(7215), '2017': np.int64(7231), '2018': np.int64(7234), '2019': np.int64(7213)}"
Mold,Small,Wales,Working,Low Deprivation,Smaller non-coastal towns ,"{'2001': np.int64(9554), '2002': np.int64(9563), '2003': np.int64(9495), '2004': np.int64(9660), '2005': np.int64(9608), '2006': np.int64(9593), '2007': np.int64(9845), '2008': np.int64(9928), '2009': np.int64(9921), '2010': np.int64(10054), '2011': np.int64(10041), '2012': np.int64(10059), '2013': np.int64(10150), '2014': np.int64(10279), '2015': np.int64(10145), '2016': np.int64(10161), '2017': np.int64(10142), '2018': np.int64(10133), '2019': np.int64(10123)}"
Porthcawl,Small,Wales,Residential,Low Deprivation,Smaller seaside towns ,"{'2001': np.int64(15602), '2002': np.int64(15591), '2003': np.int64(15551), '2004': np.int64(15471), '2005': np.int64(15351), '2006': np.int64(15458), '2007': np.int64(15690), '2008': np.int64(15732), '2009': np.int64(15755), '2010': np.int64(15708), '2011': np.int64(15665), '2012': np.int64(15568), '2013': np.int64(15484), '2014': np.int64(15527), '2015': np.int64(15497), '2016': np.int64(15572), '2017': np.int64(15581), '2018': np.int64(15590), '2019': np.int64(15744)}"
Holyhead,Small,Wales,Residential,High Deprivation,Smaller other coastal towns,"{'2001': np.int64(11184), '2002': np.int64(11128), '2003': np.int64(11018), '2004': np.int64(11229), '2005': np.int64(11361), '2006': np.int64(11422), '2007': np.int64(11483), '2008': np.int64(11454), '2009': np.int64(11416), '2010': np.int64(11435), '2011': np.int64(11467), '2012': np.int64(11535), '2013': np.int64(11611), '2014': np.int64(11582), '2015': np.int64(11593), '2016': np.int64(11629), '2017': np.int64(11715), '2018': np.int64(11864), '2019': np.int64(11981)}"
Hirwaun,Small,Wales,Residential,High Deprivation,Smaller non-coastal towns ,"{'2001': np.int64(7341), '2002': np.int64(7237), '2003': np.int64(7147), '2004': np.int64(7168), '2005': np.int64(7151), '2006': np.int64(7214), '2007': np.int64(7182), '2008': np.int64(7252), '2009': np.int64(7198), '2010': np.int64(7233), '2011': np.int64(7253), '2012': np.int64(7341), '2013': np.int64(7364), '2014': np.int64(7342), '2015': np.int64(7378), '2016': np.int64(7405), '2017': np.int64(7458), '2018': np.int64(7507), '2019': np.int64(7541)}"
Tredegar,Small,Wales,Residential,High Deprivation,Smaller non-coastal towns ,"{'2001': np.int64(14778), '2002': np.int64(14657), '2003': np.int64(14511), '2004': np.int64(14637), '2005': np.int64(14667), '2006': np.int64(14761), '2007': np.int64(14812), '2008': np.int64(14935), '2009': np.int64(14914), '2010': np.int64(14851), '2011': np.int64(14835), '2012': np.int64(14919), '2013': np.int64(15041), '2014': np.int64(15068), '2015': np.int64(15004), '2016': np.int64(15065), '2017': np.int64(15000), '2018': np.int64(15090), '2019': np.int64(15191)}"
Barry,Medium,Wales,Residential,High Deprivation,Larger seaside towns,"{'2001': np.int64(51122), '2002': np.int64(51886), '2003': np.int64(51915), '2004': np.int64(52126), '2005': np.int64(52741), '2006': np.int64(53042), '2007': np.int64(53738), '2008': np.int64(54164), '2009': np.int64(54436), '2010': np.int64(54705), '2011': np.int64(54779), '2012': np.int64(54880), '2013': np.int64(55186), '2014': np.int64(55399), '2015': np.int64(55554), '2016': np.int64(56124), '2017': np.int64(56892), '2018': np.int64(57420), '2019': np.int64(57920)}"
Abercynon,Small,Wales,Residential,High Deprivation,Smaller non-coastal towns ,"{'2001': np.int64(6044), '2002': np.int64(6028), '2003': np.int64(6130), '2004': np.int64(6125), '2005': np.int64(6102), '2006': np.int64(6041), '2007': np.int64(6009), '2008': np.int64(5958), '2009': np.int64(5910), '2010': np.int64(5969), '2011': np.int64(5999), '2012': np.int64(6069), '2013': np.int64(6056), '2014': np.int64(6068), '2015': np.int64(6070), '2016': np.int64(6064), '2017': np.int64(6070), '2018': np.int64(6056), '2019': np.int64(6128)}"
Monmouth,Small,Wales,Working,Low Deprivation,Smaller non-coastal towns ,"{'2001': np.int64(8587), '2002': np.int64(8758), '2003': np.int64(8970), '2004': np.int64(9287), '2005': np.int64(9595), '2006': np.int64(9708), '2007': np.int64(9838), '2008': np.int64(9953), '2009': np.int64(9968), '2010': np.int64(10073), '2011': np.int64(10130), '2012': np.int64(10161), '2013': np.int64(10161), '2014': np.int64(10257), '2015': np.int64(10311), '2016': np.int64(10437), '2017': np.int64(10486), '2018': np.int64(10694), '2019': np.int64(10910)}"
Coedpoeth,Small,Wales,Residential,Low Deprivation,Smaller non-coastal towns ,"{'2001': np.int64(5722), '2002': np.int64(5734), '2003': np.int64(5711), '2004': np.int64(5698), '2005': np.int64(5694), '2006': np.int64(5704), '2007': np.int64(5692), '2008': np.int64(5685), '2009': np.int64(5675), '2010': np.int64(5666), '2011': np.int64(5725), '2012': np.int64(5821), '2013': np.int64(5834), '2014': np.int64(5815), '2015': np.int64(5831), '2016': np.int64(5840), '2017': np.int64(5848), '2018': np.int64(5807), '2019': np.int64(5777)}"
Carmarthen,Small,Wales,Working,Low Deprivation,Smaller non-coastal towns ,"{'2001': np.int64(14811), '2002': np.int64(14882), '2003': np.int64(15116), '2004': np.int64(14970), '2005': np.int64(15060), '2006': np.int64(15328), '2007': np.int64(15469), '2008': np.int64(15668), '2009': np.int64(15701), '2010': np.int64(15765), '2011': np.int64(15847), '2012': np.int64(15933), '2013': np.int64(16087), '2014': np.int64(16115), '2015': np.int64(16073), '2016': np.int64(16169), '2017': np.int64(16192), '2018': np.int64(16258), '2019': np.int64(16285)}"
Haverfordwest,Small,Wales,Working,High Deprivation,Smaller non-coastal towns ,"{'2001': np.int64(13561), '2002': np.int64(13685), '2003': np.int64(13718), '2004': np.int64(13925), '2005': np.int64(13976), '2006': np.int64(14104), '2007': np.int64(14258), '2008': np.int64(14488), '2009': np.int64(14476), '2010': np.int64(14526), '2011': np.int64(14625), '2012': np.int64(14621), '2013': np.int64(14685), '2014': np.int64(14689), '2015': np.int64(14811), '2016': np.int64(14933), '2017': np.int64(15032), '2018': np.int64(15126), '2019': np.int64(15228)}"
Merthyr Tydfil,Medium,Wales,Working,High Deprivation,Larger non-coastal towns,"{'2001': np.int64(41109), '2002': np.int64(40977), '2003': np.int64(41009), '2004': np.int64(41094), '2005': np.int64(41481), '2006': np.int64(41831), '2007': np.int64(42265), '2008': np.int64(42645), '2009': np.int64(43098), '2010': np.int64(43482), '2011': np.int64(43884), '2012': np.int64(43973), '2013': np.int64(44110), '2014': np.int64(44211), '2015': np.int64(44269), '2016': np.int64(44585), '2017': np.int64(44807), '2018': np.int64(45028), '2019': np.int64(45109)}"
Blaenavon,Small,Wales,Mixed,High Deprivation,Smaller non-coastal towns ,"{'2001': np.int64(5406), '2002': np.int64(5359), '2003': np.int64(5420), '2004': np.int64(5456), '2005': np.int64(5528), '2006': np.int64(5570), '2007': np.int64(5570), '2008': np.int64(5607), '2009': np.int64(5632), '2010': np.int64(5613), '2011': np.int64(5663), '2012': np.int64(5645), '2013': np.int64(5605), '2014': np.int64(5647), '2015': np.int64(5686), '2016': np.int64(5754), '2017': np.int64(5862), '2018': np.int64(5971), '2019': np.int64(6043)}"
WrexhamSD,Medium,Wales,Working,Middle Deprivation,Larger non-coastal towns,"{'2001': np.int64(57823), '2002': np.int64(57866), '2003': np.int64(58038), '2004': np.int64(58161), '2005': np.int64(58279), '2006': np.int64(59003), '2007': np.int64(59505), '2008': np.int64(60041), '2009': np.int64(60447), '2010': np.int64(61046), '2011': np.int64(61786), '2012': np.int64(61804), '2013': np.int64(61831), '2014': np.int64(61717), '2015': np.int64(61731), '2016': np.int64(61690), '2017': np.int64(61548), '2018': np.int64(61420), '2019': np.int64(61269)}"
AbersychanSD,Small,Wales,Residential,High Deprivation,Smaller non-coastal towns ,"{'2001': np.int64(7131), '2002': np.int64(7115), '2003': np.int64(7232), '2004': np.int64(7237), '2005': np.int64(7242), '2006': np.int64(7332), '2007': np.int64(7444), '2008': np.int64(7446), '2009': np.int64(7437), '2010': np.int64(7483), '2011': np.int64(7587), '2012': np.int64(7651), '2013': np.int64(7751), '2014': np.int64(7714), '2015': np.int64(7691), '2016': np.int64(7713), '2017': np.int64(7781), '2018': np.int64(7906), '2019': np.int64(7904)}"
AbercarnSD,Small,Wales,Mixed,Low Deprivation,Smaller non-coastal towns ,"{'2001': np.int64(4825), '2002': np.int64(4791), '2003': np.int64(4842), '2004': np.int64(4807), '2005': np.int64(4822), '2006': np.int64(4823), '2007': np.int64(4902), '2008': np.int64(4988), '2009': np.int64(5080), '2010': np.int64(5231), '2011': np.int64(5357), '2012': np.int64(5288), '2013': np.int64(5252), '2014': np.int64(5454), '2015': np.int64(5512), '2016': np.int64(5492), '2017': np.int64(5542), '2018': np.int64(5558), '2019': np.int64(5552)}"
BangorSD,Small,Wales,Working,Low Deprivation,Smaller seaside towns ,"{'2001': np.int64(15250), '2002': np.int64(15558), '2003': np.int64(15549), '2004': np.int64(15915), '2005': np.int64(15848), '2006': np.int64(16082), '2007': np.int64(16221), '2008': np.int64(16463), '2009': np.int64(17078), '2010': np.int64(17661), '2011': np.int64(17888), '2012': np.int64(18047), '2013': np.int64(18211), '2014': np.int64(17871), '2015': np.int64(18616), '2016': np.int64(18401), '2017': np.int64(18476), '2018': np.int64(18709), '2019': np.int64(18322)}"
Kinmel BaySD,Small,Wales,Residential,High Deprivation,Smaller seaside towns ,"{'2001': np.int64(8739), '2002': np.int64(8796), '2003': np.int64(8936), '2004': np.int64(8989), '2005': np.int64(8984), '2006': np.int64(9054), '2007': np.int64(9224), '2008': np.int64(9410), '2009': np.int64(9494), '2010': np.int64(9533), '2011': np.int64(9527), '2012': np.int64(9647), '2013': np.int64(9610), '2014': np.int64(9646), '2015': np.int64(9484), '2016': np.int64(9562), '2017': np.int64(9544), '2018': np.int64(9490), '2019': np.int64(9469)}"
MaestegSD,Small,Wales,Residential,High Deprivation,Smaller non-coastal towns ,"{'2001': np.int64(18933), '2002': np.int64(18835), '2003': np.int64(18951), '2004': np.int64(18979), '2005': np.int64(18931), '2006': np.int64(19046), '2007': np.int64(19166), '2008': np.int64(19078), '2009': np.int64(19050), '2010': np.int64(19011), '2011': np.int64(18907), '2012': np.int64(18868), '2013': np.int64(18818), '2014': np.int64(18788), '2015': np.int64(18701), '2016': np.int64(18701), '2017': np.int64(18729), '2018': np.int64(18715), '2019': np.int64(18920)}"
TreharrisSD,Small,Wales,Residential,Low Deprivation,Smaller non-coastal towns ,"{'2001': np.int64(7660), '2002': np.int64(7564), '2003': np.int64(7450), '2004': np.int64(7436), '2005': np.int64(7405), '2006': np.int64(7408), '2007': np.int64(7505), '2008': np.int64(7608), '2009': np.int64(7638), '2010': np.int64(7617), '2011': np.int64(7688), '2012': np.int64(7667), '2013': np.int64(7633), '2014': np.int64(7634), '2015': np.int64(7675), '2016': np.int64(7693), '2017': np.int64(7638), '2018': np.int64(7700), '2019': np.int64(7723)}"
AmmanfordSD,Small,Wales,Mixed,Middle Deprivation,Smaller non-coastal towns ,"{'2001': np.int64(7408), '2002': np.int64(7480), '2003': np.int64(7561), '2004': np.int64(7519), '2005': np.int64(7661), '2006': np.int64(7755), '2007': np.int64(7742), '2008': np.int64(7827), '2009': np.int64(7941), '2010': np.int64(7882), '2011': np.int64(7945), '2012': np.int64(8006), '2013': np.int64(8146), '2014': np.int64(8240), '2015': np.int64(8302), '2016': np.int64(8286), '2017': np.int64(8330), '2018': np.int64(8450), '2019': np.int64(8625)}"
ShottonSD,Small,Wales,Working,Low Deprivation,Smaller non-coastal towns ,"{'2001': np.int64(15845), '2002': np.int64(15706), '2003': np.int64(15792), '2004': np.int64(15843), '2005': np.int64(15832), '2006': np.int64(15907), '2007': np.int64(16103), '2008': np.int64(16225), '2009': np.int64(16384), '2010': np.int64(16613), '2011': np.int64(16802), '2012': np.int64(16858), '2013': np.int64(17056), '2014': np.int64(17190), '2015': np.int64(17201), '2016': np.int64(17218), '2017': np.int64(17346), '2018': np.int64(17484), '2019': np.int64(17541)}"
NewbridgeSD,Small,Wales,Residential,Middle Deprivation,Smaller non-coastal towns ,"{'2001': np.int64(8972), '2002': np.int64(8932), '2003': np.int64(9140), '2004': np.int64(9184), '2005': np.int64(9240), '2006': np.int64(9308), '2007': np.int64(9362), '2008': np.int64(9399), '2009': np.int64(9449), '2010': np.int64(9499), '2011': np.int64(9586), '2012': np.int64(9568), '2013': np.int64(9629), '2014': np.int64(9581), '2015': np.int64(9546), '2016': np.int64(9557), '2017': np.int64(9640), '2018': np.int64(9706), '2019': np.int64(9693)}"
BrynmawrSD,Small,Wales,Residential,High Deprivation,Smaller non-coastal towns ,"{'2001': np.int64(5596), '2002': np.int64(5599), '2003': np.int64(5644), '2004': np.int64(5560), '2005': np.int64(5539), '2006': np.int64(5570), '2007': np.int64(5566), '2008': np.int64(5464), '2009': np.int64(5474), '2010': np.int64(5455), '2011': np.int64(5520), '2012': np.int64(5479), '2013': np.int64(5514), '2014': np.int64(5536), '2015': np.int64(5590), '2016': np.int64(5552), '2017': np.int64(5545), '2018': np.int64(5442), '2019': np.int64(5550)}"
UndySD,Small,Wales,Residential,Low Deprivation,Smaller non-coastal towns ,"{'2001': np.int64(5884), '2002': np.int64(5934), '2003': np.int64(5975), '2004': np.int64(6004), '2005': np.int64(6001), '2006': np.int64(6021), '2007': np.int64(5959), '2008': np.int64(5986), '2009': np.int64(5971), '2010': np.int64(5953), '2011': np.int64(5923), '2012': np.int64(5911), '2013': np.int64(5865), '2014': np.int64(5902), '2015': np.int64(5971), '2016': np.int64(5970), '2017': np.int64(5930), '2018': np.int64(5897), '2019': np.int64(5830)}"
CaernarfonSD,Small,Wales,Working,High Deprivation,Smaller other coastal towns,"{'2001': np.int64(9447), '2002': np.int64(9579), '2003': np.int64(9550), '2004': np.int64(9509), '2005': np.int64(9504), '2006': np.int64(9531), '2007': np.int64(9543), '2008': np.int64(9550), '2009': np.int64(9435), '2010': np.int64(9396), '2011': np.int64(9452), '2012': np.int64(9468), '2013': np.int64(9466), '2014': np.int64(9540), '2015': np.int64(9612), '2016': np.int64(9713), '2017': np.int64(9815), '2018': np.int64(9859), '2019': np.int64(9970)}"
AbergavennySD,Small,Wales,Working,Low Deprivation,Smaller non-coastal towns ,"{'2001': np.int64(12962), '2002': np.int64(12886), '2003': np.int64(13020), '2004': np.int64(13128), '2005': np.int64(13128), '2006': np.int64(13203), '2007': np.int64(13254), '2008': np.int64(13267), '2009': np.int64(13368), '2010': np.int64(13416), '2011': np.int64(13462), '2012': np.int64(13361), '2013': np.int64(13373), '2014': np.int64(13361), '2015': np.int64(13315), '2016': np.int64(13350), '2017': np.int64(13402), '2018': np.int64(13476), '2019': np.int64(13558)}"
RhosllanerchrugogSD,Small,Wales,Residential,Middle Deprivation,Smaller non-coastal towns ,"{'2001': np.int64(13370), '2002': np.int64(13301), '2003': np.int64(13326), '2004': np.int64(13208), '2005': np.int64(13146), '2006': np.int64(13179), '2007': np.int64(13254), '2008': np.int64(13329), '2009': np.int64(13374), '2010': np.int64(13417), '2011': np.int64(13494), '2012': np.int64(13515), '2013': np.int64(13494), '2014': np.int64(13576), '2015': np.int64(13455), '2016': np.int64(13455), '2017': np.int64(13384), '2018': np.int64(13458), '2019': np.int64(13456)}"
PrestatynSD,Small,Wales,Residential,Middle Deprivation,Smaller seaside towns ,"{'2001': np.int64(16461), '2002': np.int64(16636), '2003': np.int64(16833), '2004': np.int64(17002), '2005': np.int64(17133), '2006': np.int64(17116), '2007': np.int64(17137), '2008': np.int64(17100), '2009': np.int64(16933), '2010': np.int64(16901), '2011': np.int64(16803), '2012': np.int64(16731), '2013': np.int64(16805), '2014': np.int64(17009), '2015': np.int64(16923), '2016': np.int64(16965), '2017': np.int64(16960), '2018': np.int64(16833), '2019': np.int64(16790)}"
GowertonSD,Small,Wales,Working,Low Deprivation,Smaller non-coastal towns ,"{'2001': np.int64(7974), '2002': np.int64(8072), '2003': np.int64(8068), '2004': np.int64(8041), '2005': np.int64(8059), '2006': np.int64(8111), '2007': np.int64(8202), '2008': np.int64(8278), '2009': np.int64(8237), '2010': np.int64(8273), '2011': np.int64(8168), '2012': np.int64(8226), '2013': np.int64(8152), '2014': np.int64(8169), '2015': np.int64(8159), '2016': np.int64(8174), '2017': np.int64(8156), '2018': np.int64(8131), '2019': np.int64(8161)}"
RAF Station St AthanSD,Small,Wales,Residential,Low Deprivation,Smaller non-coastal towns ,"{'2001': np.int64(4561), '2002': np.int64(4634), '2003': np.int64(4820), '2004': np.int64(5314), '2005': np.int64(5309), '2006': np.int64(5457), '2007': np.int64(5404), '2008': np.int64(5563), '2009': np.int64(5743), '2010': np.int64(5773), '2011': np.int64(5772), '2012': np.int64(5583), '2013': np.int64(5529), '2014': np.int64(5613), '2015': np.int64(5584), '2016': np.int64(5514), '2017': np.int64(5596), '2018': np.int64(5701), '2019': np.int64(5741)}"
Connah's QuaySD,Small,Wales,Residential,Low Deprivation,Smaller non-coastal towns ,"{'2001': np.int64(16534), '2002': np.int64(16546), '2003': np.int64(16343), '2004': np.int64(16305), '2005': np.int64(16357), '2006': np.int64(16533), '2007': np.int64(16602), '2008': np.int64(16714), '2009': np.int64(16689), '2010': np.int64(16685), '2011': np.int64(16808), '2012': np.int64(16708), '2013': np.int64(16770), '2014': np.int64(16738), '2015': np.int64(16727), '2016': np.int64(16758), '2017': np.int64(16843), '2018': np.int64(16834), '2019': np.int64(16808)}"
TreherbertSD,Small,Wales,Residential,High Deprivation,Smaller non-coastal towns ,"{'2001': np.int64(5696), '2002': np.int64(5599), '2003': np.int64(5642), '2004': np.int64(5657), '2005': np.int64(5607), '2006': np.int64(5608), '2007': np.int64(5560), '2008': np.int64(5529), '2009': np.int64(5500), '2010': np.int64(5450), '2011': np.int64(5426), '2012': np.int64(5484), '2013': np.int64(5452), '2014': np.int64(5480), '2015': np.int64(5454), '2016': np.int64(5489), '2017': np.int64(5514), '2018': np.int64(5567), '2019': np.int64(5609)}"
BuckleySD,Small,Wales,Residential,Low Deprivation,Smaller non-coastal towns ,"{'2001': np.int64(18670), '2002': np.int64(18956), '2003': np.int64(19191), '2004': np.int64(19154), '2005': np.int64(19250), '2006': np.int64(19302), '2007': np.int64(19328), '2008': np.int64(19477), '2009': np.int64(19553), '2010': np.int64(19508), '2011': np.int64(19675), '2012': np.int64(19702), '2013': np.int64(19704), '2014': np.int64(19793), '2015': np.int64(20043), '2016': np.int64(20215), '2017': np.int64(20232), '2018': np.int64(20279), '2019': np.int64(20327)}"
ChepstowSD,Small,Wales,Working,Low Deprivation,Smaller non-coastal towns ,"{'2001': np.int64(10784), '2002': np.int64(10909), '2003': np.int64(11240), '2004': np.int64(11535), '2005': np.int64(11785), '2006': np.int64(11906), '2007': np.int64(12046), '2008': np.int64(12081), '2009': np.int64(12203), '2010': np.int64(12278), '2011': np.int64(12416), '2012': np.int64(12407), '2013': np.int64(12427), '2014': np.int64(12424), '2015': np.int64(12426), '2016': np.int64(12438), '2017': np.int64(12451), '2018': np.int64(12461), '2019': np.int64(12433)}"
TreorchySD,Small,Wales,Residential,High Deprivation,Smaller non-coastal towns ,"{'2001': np.int64(8121), '2002': np.int64(8017), '2003': np.int64(7962), '2004': np.int64(7970), '2005': np.int64(7925), '2006': np.int64(7974), '2007': np.int64(7931), '2008': np.int64(7865), '2009': np.int64(7832), '2010': np.int64(7775), '2011': np.int64(7683), '2012': np.int64(7627), '2013': np.int64(7676), '2014': np.int64(7686), '2015': np.int64(7732), '2016': np.int64(7666), '2017': np.int64(7681), '2018': np.int64(7783), '2019': np.int64(7691)}"
RhonddaSD,Small,Wales,Residential,High Deprivation,Smaller non-coastal towns ,"{'2001': np.int64(13996), '2002': np.int64(13988), '2003': np.int64(13935), '2004': np.int64(13967), '2005': np.int64(13873), '2006': np.int64(13797), '2007': np.int64(13753), '2008': np.int64(13590), '2009': np.int64(13463), '2010': np.int64(13402), '2011': np.int64(13322), '2012': np.int64(13326), '2013': np.int64(13307), '2014': np.int64(13273), '2015': np.int64(13243), '2016': np.int64(13220), '2017': np.int64(13233), '2018': np.int64(13295), '2019': np.int64(13336)}"
Llantwit MajorSD,Small,Wales,Residential,Low Deprivation,Smaller other coastal towns,"{'2001': np.int64(8945), '2002': np.int64(8900), '2003': np.int64(8825), '2004': np.int64(8843), '2005': np.int64(8776), '2006': np.int64(8771), '2007': np.int64(8706), '2008': np.int64(8709), '2009': np.int64(8596), '2010': np.int64(8495), '2011': np.int64(8427), '2012': np.int64(8567), '2013': np.int64(8538), '2014': np.int64(8612), '2015': np.int64(8520), '2016': np.int64(8598), '2017': np.int64(8689), '2018': np.int64(8725), '2019': np.int64(8665)}"
TonypandySD,Small,Wales,Residential,High Deprivation,Smaller non-coastal towns ,"{'2001': np.int64(18076), '2002': np.int64(18078), '2003': np.int64(17969), '2004': np.int64(18000), '2005': np.int64(17873), '2006': np.int64(17849), '2007': np.int64(17796), '2008': np.int64(17832), '2009': np.int64(17805), '2010': np.int64(17831), '2011': np.int64(17797), '2012': np.int64(17951), '2013': np.int64(18023), '2014': np.int64(18083), '2015': np.int64(18030), '2016': np.int64(18030), '2017': np.int64(17960), '2018': np.int64(17866), '2019': np.int64(18031)}"
SarnSD,Small,Wales,Working,Middle Deprivation,Smaller non-coastal towns ,"{'2001': np.int64(9999), '2002': np.int64(9869), '2003': np.int64(9878), '2004': np.int64(9968), '2005': np.int64(10095), '2006': np.int64(10154), '2007': np.int64(10296), '2008': np.int64(10458), '2009': np.int64(10518), '2010': np.int64(10612), '2011': np.int64(10829), '2012': np.int64(10984), '2013': np.int64(11096), '2014': np.int64(11160), '2015': np.int64(11432), '2016': np.int64(11685), '2017': np.int64(11848), '2018': np.int64(11986), '2019': np.int64(12356)}"
Burry PortSD,Small,Wales,Residential,Low Deprivation,Smaller other coastal towns,"{'2001': np.int64(5810), '2002': np.int64(5706), '2003': np.int64(5831), '2004': np.int64(5948), '2005': np.int64(6010), '2006': np.int64(6060), '2007': np.int64(6090), '2008': np.int64(6110), '2009': np.int64(6174), '2010': np.int64(6162), '2011': np.int64(6151), '2012': np.int64(6239), '2013': np.int64(6177), '2014': np.int64(6164), '2015': np.int64(6078), '2016': np.int64(6128), '2017': np.int64(6070), '2018': np.int64(6091), '2019': np.int64(5998)}"
LlantrisantSD,Small,Wales,Working,Low Deprivation,Smaller non-coastal towns ,"{'2001': np.int64(11495), '2002': np.int64(11737), '2003': np.int64(11902), '2004': np.int64(12271), '2005': np.int64(12465), '2006': np.int64(12786), '2007': np.int64(13000), '2008': np.int64(13055), '2009': np.int64(13155), '2010': np.int64(13246), '2011': np.int64(13259), '2012': np.int64(13355), '2013': np.int64(13489), '2014': np.int64(13425), '2015': np.int64(13522), '2016': np.int64(13526), '2017': np.int64(13590), '2018': np.int64(13581), '2019': np.int64(13710)}"
Dinas PowisSD,Small,Wales,Residential,Low Deprivation,Smaller non-coastal towns ,"{'2001': np.int64(7651), '2002': np.int64(7572), '2003': np.int64(7595), '2004': np.int64(7592), '2005': np.int64(7537), '2006': np.int64(7473), '2007': np.int64(7469), '2008': np.int64(7511), '2009': np.int64(7473), '2010': np.int64(7485), '2011': np.int64(7502), '2012': np.int64(7541), '2013': np.int64(7489), '2014': np.int64(7551), '2015': np.int64(7550), '2016': np.int64(7572), '2017': np.int64(7633), '2018': np.int64(7711), '2019': np.int64(7726)}"
Cefn-mawrSD,Small,Wales,Residential,High Deprivation,Smaller non-coastal towns ,"{'2001': np.int64(6727), '2002': np.int64(6734), '2003': np.int64(6683), '2004': np.int64(6625), '2005': np.int64(6651), '2006': np.int64(6759), '2007': np.int64(6827), '2008': np.int64(6866), '2009': np.int64(6873), '2010': np.int64(6944), '2011': np.int64(7067), '2012': np.int64(7188), '2013': np.int64(7280), '2014': np.int64(7351), '2015': np.int64(7296), '2016': np.int64(7289), '2017': np.int64(7193), '2018': np.int64(7243), '2019': np.int64(7165)}"
RiscaSD,Small,Wales,Residential,Middle Deprivation,Smaller non-coastal towns ,"{'2001': np.int64(14463), '2002': np.int64(14550), '2003': np.int64(14496), '2004': np.int64(14680), '2005': np.int64(14577), '2006': np.int64(14670), '2007': np.int64(14807), '2008': np.int64(14877), '2009': np.int64(14864), '2010': np.int64(14988), '2011': np.int64(14942), '2012': np.int64(15075), '2013': np.int64(15030), '2014': np.int64(14880), '2015': np.int64(14996), '2016': np.int64(14986), '2017': np.int64(14944), '2018': np.int64(14925), '2019': np.int64(14866)}"
PontypriddSD,Medium,Wales,Working,Middle Deprivation,Larger non-coastal towns,"{'2001': np.int64(30890), '2002': np.int64(30761), '2003': np.int64(30693), '2004': np.int64(30766), '2005': np.int64(30711), '2006': np.int64(30625), '2007': np.int64(30357), '2008': np.int64(30582), '2009': np.int64(30975), '2010': np.int64(30717), '2011': np.int64(30452), '2012': np.int64(30579), '2013': np.int64(30476), '2014': np.int64(30550), '2015': np.int64(30671), '2016': np.int64(30711), '2017': np.int64(30910), '2018': np.int64(30860), '2019': np.int64(30967)}"
CaerphillySD,Medium,Wales,Working,Middle Deprivation,Larger non-coastal towns,"{'2001': np.int64(39197), '2002': np.int64(39533), '2003': np.int64(39829), '2004': np.int64(39967), '2005': np.int64(39889), '2006': np.int64(40082), '2007': np.int64(40418), '2008': np.int64(41006), '2009': np.int64(41227), '2010': np.int64(41347), '2011': np.int64(41400), '2012': np.int64(41369), '2013': np.int64(41415), '2014': np.int64(41865), '2015': np.int64(41927), '2016': np.int64(41929), '2017': np.int64(41905), '2018': np.int64(42020), '2019': np.int64(41986)}"
GorseinonSD,Small,Wales,Residential,Low Deprivation,Smaller non-coastal towns ,"{'2001': np.int64(14499), '2002': np.int64(14671), '2003': np.int64(14639), '2004': np.int64(14819), '2005': np.int64(14987), '2006': np.int64(15144), '2007': np.int64(15355), '2008': np.int64(15487), '2009': np.int64(15627), '2010': np.int64(15620), '2011': np.int64(15734), '2012': np.int64(15787), '2013': np.int64(16000), '2014': np.int64(16177), '2015': np.int64(16558), '2016': np.int64(16828), '2017': np.int64(16983), '2018': np.int64(17227), '2019': np.int64(17308)}"
LlanelliSD,Medium,Wales,Working,High Deprivation,Larger other coastal towns ,"{'2001': np.int64(41265), '2002': np.int64(41309), '2003': np.int64(41519), '2004': np.int64(41644), '2005': np.int64(41860), '2006': np.int64(42192), '2007': np.int64(42895), '2008': np.int64(43133), '2009': np.int64(43272), '2010': np.int64(43495), '2011': np.int64(43960), '2012': np.int64(44251), '2013': np.int64(44323), '2014': np.int64(44403), '2015': np.int64(44634), '2016': np.int64(44698), '2017': np.int64(44812), '2018': np.int64(44940), '2019': np.int64(45309)}"
SandycroftSD,Small,Wales,Working,Low Deprivation,Smaller non-coastal towns ,"{'2001': np.int64(6610), '2002': np.int64(6611), '2003': np.int64(6535), '2004': np.int64(6514), '2005': np.int64(6603), '2006': np.int64(6617), '2007': np.int64(6672), '2008': np.int64(6663), '2009': np.int64(6719), '2010': np.int64(6700), '2011': np.int64(6734), '2012': np.int64(6771), '2013': np.int64(6831), '2014': np.int64(6875), '2015': np.int64(6873), '2016': np.int64(6919), '2017': np.int64(6864), '2018': np.int64(6856), '2019': np.int64(6795)}"
YstradgynlaisSD,Small,Wales,Residential,High Deprivation,Smaller non-coastal towns ,"{'2001': np.int64(10128), '2002': np.int64(10131), '2003': np.int64(10278), '2004': np.int64(10245), '2005': np.int64(10352), '2006': np.int64(10357), '2007': np.int64(10247), '2008': np.int64(10228), '2009': np.int64(10160), '2010': np.int64(10166), '2011': np.int64(10241), '2012': np.int64(10327), '2013': np.int64(10361), '2014': np.int64(10394), '2015': np.int64(10437), '2016': np.int64(10525), '2017': np.int64(10559), '2018': np.int64(10576), '2019': np.int64(10584)}"
Church VillageSD,Small,Wales,Residential,Low Deprivation,Smaller non-coastal towns ,"{'2001': np.int64(12128), '2002': np.int64(12403), '2003': np.int64(12685), '2004': np.int64(13122), '2005': np.int64(13294), '2006': np.int64(13503), '2007': np.int64(13651), '2008': np.int64(13675), '2009': np.int64(13652), '2010': np.int64(13778), '2011': np.int64(13788), '2012': np.int64(13794), '2013': np.int64(13868), '2014': np.int64(13845), '2015': np.int64(13855), '2016': np.int64(13873), '2017': np.int64(14124), '2018': np.int64(14355), '2019': np.int64(14370)}"
RhymneySD,Small,Wales,Residential,High Deprivation,Smaller non-coastal towns ,"{'2001': np.int64(5220), '2002': np.int64(5120), '2003': np.int64(5084), '2004': np.int64(5052), '2005': np.int64(5139), '2006': np.int64(5124), '2007': np.int64(5239), '2008': np.int64(5204), '2009': np.int64(5132), '2010': np.int64(5175), '2011': np.int64(5151), '2012': np.int64(5100), '2013': np.int64(5137), '2014': np.int64(5149), '2015': np.int64(5136), '2016': np.int64(5147), '2017': np.int64(5171), '2018': np.int64(5150), '2019': np.int64(5191)}"
Pontllan-fraithSD,Small,Wales,Residential,Middle Deprivation,Smaller non-coastal towns ,"{'2001': np.int64(8436), '2002': np.int64(8636), '2003': np.int64(8725), '2004': np.int64(8733), '2005': np.int64(8854), '2006': np.int64(9029), '2007': np.int64(9072), '2008': np.int64(9142), '2009': np.int64(9177), '2010': np.int64(9260), '2011': np.int64(9211), '2012': np.int64(9260), '2013': np.int64(9276), '2014': np.int64(9289), '2015': np.int64(9267), '2016': np.int64(9243), '2017': np.int64(9291), '2018': np.int64(9361), '2019': np.int64(9327)}"
PontypoolSD,Medium,Wales,Mixed,Middle Deprivation,Larger non-coastal towns,"{'2001': np.int64(28260), '2002': np.int64(28141), '2003': np.int64(28140), '2004': np.int64(27980), '2005': np.int64(28081), '2006': np.int64(28117), '2007': np.int64(28152), '2008': np.int64(28296), '2009': np.int64(28361), '2010': np.int64(28323), '2011': np.int64(28330), '2012': np.int64(28534), '2013': np.int64(28633), '2014': np.int64(28788), '2015': np.int64(28777), '2016': np.int64(28924), '2017': np.int64(28868), '2018': np.int64(28970), '2019': np.int64(29166)}"
RhylSD,Medium,Wales,Mixed,High Deprivation,Larger seaside towns,"{'2001': np.int64(25377), '2002': np.int64(25480), '2003': np.int64(25335), '2004': np.int64(25212), '2005': np.int64(25278), '2006': np.int64(25478), '2007': np.int64(25591), '2008': np.int64(25619), '2009': np.int64(25427), '2010': np.int64(25216), '2011': np.int64(25198), '2012': np.int64(25385), '2013': np.int64(25619), '2014': np.int64(25594), '2015': np.int64(25635), '2016': np.int64(25784), '2017': np.int64(25994), '2018': np.int64(26153), '2019': np.int64(26466)}"
WelshpoolSD,Small,Wales,Working,Middle Deprivation,Smaller non-coastal towns ,"{'2001': np.int64(5601), '2002': np.int64(5557), '2003': np.int64(5649), '2004': np.int64(5762), '2005': np.int64(5783), '2006': np.int64(5848), '2007': np.int64(5870), '2008': np.int64(5914), '2009': np.int64(5928), '2010': np.int64(5963), '2011': np.int64(5939), '2012': np.int64(5879), '2013': np.int64(5948), '2014': np.int64(5836), '2015': np.int64(5931), '2016': np.int64(5939), '2017': np.int64(5934), '2018': np.int64(5984), '2019': np.int64(6020)}"
AbergeleSD,Small,Wales,Residential,Middle Deprivation,Smaller seaside towns ,"{'2001': np.int64(8930), '2002': np.int64(9037), '2003': np.int64(9069), '2004': np.int64(9107), '2005': np.int64(9100), '2006': np.int64(9042), '2007': np.int64(9124), '2008': np.int64(9281), '2009': np.int64(9251), '2010': np.int64(9279), '2011': np.int64(9207), '2012': np.int64(9195), '2013': np.int64(9208), '2014': np.int64(9301), '2015': np.int64(9370), '2016': np.int64(9293), '2017': np.int64(9333), '2018': np.int64(9352), '2019': np.int64(9431)}"
Colwyn BaySD,Medium,Wales,Working,High Deprivation,Larger seaside towns,"{'2001': np.int64(27117), '2002': np.int64(27664), '2003': np.int64(27842), '2004': np.int64(28281), '2005': np.int64(28496), '2006': np.int64(28668), '2007': np.int64(28953), '2008': np.int64(28995), '2009': np.int64(29142), '2010': np.int64(29176), '2011': np.int64(29403), '2012': np.int64(29504), '2013': np.int64(29637), '2014': np.int64(29746), '2015': np.int64(28160), '2016': np.int64(28294), '2017': np.int64(28142), '2018': np.int64(28236), '2019': np.int64(28233)}"
BeddauSD,Small,Wales,Residential,Low Deprivation,Smaller non-coastal towns ,"{'2001': np.int64(8726), '2002': np.int64(8662), '2003': np.int64(8557), '2004': np.int64(8558), '2005': np.int64(8495), '2006': np.int64(8350), '2007': np.int64(8332), '2008': np.int64(8352), '2009': np.int64(8287), '2010': np.int64(8269), '2011': np.int64(8245), '2012': np.int64(8322), '2013': np.int64(8293), '2014': np.int64(8281), '2015': np.int64(8358), '2016': np.int64(8583), '2017': np.int64(8596), '2018': np.int64(8576), '2019': np.int64(8586)}"
PenarthSD,Medium,Wales,Working,Low Deprivation,Larger seaside towns,"{'2001': np.int64(23265), '2002': np.int64(23453), '2003': np.int64(23571), '2004': np.int64(23661), '2005': np.int64(23984), '2006': np.int64(24469), '2007': np.int64(24927), '2008': np.int64(25559), '2009': np.int64(26133), '2010': np.int64(26647), '2011': np.int64(27202), '2012': np.int64(27455), '2013': np.int64(27697), '2014': np.int64(28003), '2015': np.int64(28134), '2016': np.int64(28433), '2017': np.int64(29388), '2018': np.int64(29540), '2019': np.int64(30010)}"
BargodSD,Small,Wales,Residential,High Deprivation,Smaller non-coastal towns ,"{'2001': np.int64(11666), '2002': np.int64(11624), '2003': np.int64(11562), '2004': np.int64(11568), '2005': np.int64(11531), '2006': np.int64(11483), '2007': np.int64(11510), '2008': np.int64(11502), '2009': np.int64(11615), '2010': np.int64(11597), '2011': np.int64(11550), '2012': np.int64(11669), '2013': np.int64(11534), '2014': np.int64(11514), '2015': np.int64(11629), '2016': np.int64(11757), '2017': np.int64(11825), '2018': np.int64(11897), '2019': np.int64(11889)}"
AberdareSD,Medium,Wales,Residential,High Deprivation,Larger non-coastal towns,"{'2001': np.int64(29627), '2002': np.int64(29742), '2003': np.int64(29883), '2004': np.int64(29824), '2005': np.int64(29796), '2006': np.int64(29803), '2007': np.int64(29662), '2008': np.int64(29804), '2009': np.int64(29762), '2010': np.int64(29612), '2011': np.int64(29739), '2012': np.int64(30040), '2013': np.int64(29967), '2014': np.int64(30281), '2015': np.int64(30477), '2016': np.int64(30734), '2017': np.int64(30831), '2018': np.int64(31200), '2019': np.int64(31396)}"
BlackwoodSD,Medium,Wales,Mixed,Low Deprivation,Larger non-coastal towns,"{'2001': np.int64(22263), '2002': np.int64(22530), '2003': np.int64(22844), '2004': np.int64(23062), '2005': np.int64(23193), '2006': np.int64(23511), '2007': np.int64(23625), '2008': np.int64(23879), '2009': np.int64(23955), '2010': np.int64(23965), '2011': np.int64(24035), '2012': np.int64(24052), '2013': np.int64(24110), '2014': np.int64(24258), '2015': np.int64(24218), '2016': np.int64(24196), '2017': np.int64(24145), '2018': np.int64(24121), '2019': np.int64(24215)}"
Ystrad MynachSD,Small,Wales,Working,Middle Deprivation,Smaller non-coastal towns ,"{'2001': np.int64(17503), '2002': np.int64(17820), '2003': np.int64(17930), '2004': np.int64(18200), '2005': np.int64(18216), '2006': np.int64(18341), '2007': np.int64(18547), '2008': np.int64(18688), '2009': np.int64(18727), '2010': np.int64(18963), '2011': np.int64(19212), '2012': np.int64(19270), '2013': np.int64(19531), '2014': np.int64(19615), '2015': np.int64(19672), '2016': np.int64(19791), '2017': np.int64(19775), '2018': np.int64(19828), '2019': np.int64(19939)}"
SwanseaSD,Large,Wales,Working,Middle Deprivation,Larger other coastal towns ,"{'2001': np.int64(167806), '2002': np.int64(168535), '2003': np.int64(169438), '2004': np.int64(170758), '2005': np.int64(171565), '2006': np.int64(172847), '2007': np.int64(174015), '2008': np.int64(175419), '2009': np.int64(176593), '2010': np.int64(178209), '2011': np.int64(179239), '2012': np.int64(179732), '2013': np.int64(180213), '2014': np.int64(181072), '2015': np.int64(182097), '2016': np.int64(183779), '2017': np.int64(184436), '2018': np.int64(185166), '2019': np.int64(185460)}"
BridgendSD,Medium,Wales,Working,Low Deprivation,Larger non-coastal towns,"{'2001': np.int64(40267), '2002': np.int64(41462), '2003': np.int64(42340), '2004': np.int64(42885), '2005': np.int64(43344), '2006': np.int64(44092), '2007': np.int64(44895), '2008': np.int64(45523), '2009': np.int64(45859), '2010': np.int64(46259), '2011': np.int64(46879), '2012': np.int64(47119), '2013': np.int64(47632), '2014': np.int64(47800), '2015': np.int64(47659), '2016': np.int64(48005), '2017': np.int64(48417), '2018': np.int64(48511), '2019': np.int64(49338)}"
Taff's WellSD,Small,Wales,Working,Low Deprivation,Smaller non-coastal towns ,"{'2001': np.int64(5387), '2002': np.int64(5430), '2003': np.int64(5348), '2004': np.int64(5403), '2005': np.int64(5422), '2006': np.int64(5375), '2007': np.int64(5352), '2008': np.int64(5365), '2009': np.int64(5420), '2010': np.int64(5470), '2011': np.int64(5562), '2012': np.int64(5662), '2013': np.int64(5657), '2014': np.int64(5630), '2015': np.int64(5682), '2016': np.int64(5717), '2017': np.int64(5738), '2018': np.int64(5678), '2019': np.int64(5706)}"
HolywellSD,Small,Wales,Mixed,High Deprivation,Smaller non-coastal towns ,"{'2001': np.int64(9708), '2002': np.int64(9506), '2003': np.int64(9467), '2004': np.int64(9677), '2005': np.int64(9619), '2006': np.int64(9714), '2007': np.int64(9715), '2008': np.int64(9700), '2009': np.int64(9729), '2010': np.int64(9721), '2011': np.int64(9816), '2012': np.int64(9871), '2013': np.int64(9873), '2014': np.int64(9984), '2015': np.int64(9954), '2016': np.int64(10031), '2017': np.int64(9911), '2018': np.int64(10037), '2019': np.int64(10067)}"
AberystwythSD,Small,Wales,Working,Low Deprivation,Smaller seaside towns ,"{'2001': np.int64(16497), '2002': np.int64(16690), '2003': np.int64(16907), '2004': np.int64(16861), '2005': np.int64(16732), '2006': np.int64(16908), '2007': np.int64(17081), '2008': np.int64(16878), '2009': np.int64(16959), '2010': np.int64(17528), '2011': np.int64(17843), '2012': np.int64(18286), '2013': np.int64(18452), '2014': np.int64(18171), '2015': np.int64(17587), '2016': np.int64(17035), '2017': np.int64(16522), '2018': np.int64(16248), '2019': np.int64(15812)}"
NeathSD,Medium,Wales,Residential,Middle Deprivation,Larger non-coastal towns,"{'2001': np.int64(48221), '2002': np.int64(48402), '2003': np.int64(49159), '2004': np.int64(49428), '2005': np.int64(49590), '2006': np.int64(49918), '2007': np.int64(50309), '2008': np.int64(50325), '2009': np.int64(50511), '2010': np.int64(50628), '2011': np.int64(50713), '2012': np.int64(50647), '2013': np.int64(50596), '2014': np.int64(50707), '2015': np.int64(50740), '2016': np.int64(50901), '2017': np.int64(50973), '2018': np.int64(51084), '2019': np.int64(51433)}"
Pen-y-groesSD,Small,Wales,Working,Low Deprivation,Smaller non-coastal towns ,"{'2001': np.int64(5223), '2002': np.int64(5235), '2003': np.int64(5226), '2004': np.int64(5402), '2005': np.int64(5464), '2006': np.int64(5411), '2007': np.int64(5542), '2008': np.int64(5541), '2009': np.int64(5532), '2010': np.int64(5628), '2011': np.int64(5721), '2012': np.int64(5845), '2013': np.int64(5891), '2014': np.int64(5981), '2015': np.int64(6056), '2016': np.int64(6139), '2017': np.int64(6271), '2018': np.int64(6383), '2019': np.int64(6434)}"
Ebbw ValeSD,Small,Wales,Mixed,High Deprivation,Smaller non-coastal towns ,"{'2001': np.int64(18526), '2002': np.int64(18281), '2003': np.int64(18049), '2004': np.int64(17976), '2005': np.int64(17831), '2006': np.int64(18019), '2007': np.int64(17969), '2008': np.int64(17991), '2009': np.int64(17954), '2010': np.int64(18033), '2011': np.int64(18114), '2012': np.int64(18173), '2013': np.int64(18148), '2014': np.int64(18146), '2015': np.int64(18210), '2016': np.int64(18165), '2017': np.int64(18170), '2018': np.int64(18273), '2019': np.int64(18261)}"
CwmbranSD,Medium,Wales,Working,Middle Deprivation,Larger non-coastal towns,"{'2001': np.int64(47450), '2002': np.int64(47460), '2003': np.int64(47303), '2004': np.int64(47236), '2005': np.int64(47122), '2006': np.int64(47099), '2007': np.int64(47117), '2008': np.int64(47036), '2009': np.int64(47072), '2010': np.int64(46976), '2011': np.int64(46998), '2012': np.int64(46862), '2013': np.int64(46752), '2014': np.int64(46781), '2015': np.int64(47014), '2016': np.int64(46965), '2017': np.int64(47133), '2018': np.int64(47602), '2019': np.int64(48287)}"
Llandudno JunctionSD,Small,Wales,Mixed,Low Deprivation,Smaller other coastal towns,"{'2001': np.int64(10189), '2002': np.int64(10333), '2003': np.int64(10171), '2004': np.int64(10293), '2005': np.int64(10261), '2006': np.int64(10346), '2007': np.int64(10367), '2008': np.int64(10413), '2009': np.int64(10464), '2010': np.int64(10551), '2011': np.int64(10654), '2012': np.int64(10840), '2013': np.int64(11031), '2014': np.int64(11147), '2015': np.int64(12460), '2016': np.int64(12396), '2017': np.int64(12496), '2018': np.int64(12598), '2019': np.int64(12694)}"
FlintSD,Small,Wales,Working,Middle Deprivation,Smaller non-coastal towns ,"{'2001': np.int64(14674), '2002': np.int64(14858), '2003': np.int64(14848), '2004': np.int64(14783), '2005': np.int64(14739), '2006': np.int64(14734), '2007': np.int64(14800), '2008': np.int64(14819), '2009': np.int64(14835), '2010': np.int64(14848), '2011': np.int64(14915), '2012': np.int64(14906), '2013': np.int64(14814), '2014': np.int64(14629), '2015': np.int64(14635), '2016': np.int64(14653), '2017': np.int64(14690), '2018': np.int64(14751), '2019': np.int64(15006)}"
Port TalbotSD,Medium,Wales,Working,High Deprivation,Larger other coastal towns ,"{'2001': np.int64(35642), '2002': np.int64(35564), '2003': np.int64(35700), '2004': np.int64(36073), '2005': np.int64(36340), '2006': np.int64(36554), '2007': np.int64(36874), '2008': np.int64(37038), '2009': np.int64(37075), '2010': np.int64(36964), '2011': np.int64(37280), '2012': np.int64(37449), '2013': np.int64(37343), '2014': np.int64(37469), '2015': np.int64(37569), '2016': np.int64(37765), '2017': np.int64(37900), '2018': np.int64(38106), '2019': np.int64(38104)}"
PorthSD,Small,Wales,Residential,High Deprivation,Smaller non-coastal towns ,"{'2001': np.int64(15072), '2002': np.int64(15142), '2003': np.int64(14999), '2004': np.int64(14939), '2005': np.int64(14900), '2006': np.int64(14866), '2007': np.int64(14771), '2008': np.int64(14759), '2009': np.int64(14646), '2010': np.int64(14549), '2011': np.int64(14657), '2012': np.int64(14665), '2013': np.int64(14682), '2014': np.int64(14645), '2015': np.int64(14653), '2016': np.int64(14649), '2017': np.int64(14587), '2018': np.int64(14640), '2019': np.int64(14723)}"
PontardaweSD,Small,Wales,Residential,Low Deprivation,Smaller non-coastal towns ,"{'2001': np.int64(11943), '2002': np.int64(12011), '2003': np.int64(12108), '2004': np.int64(12062), '2005': np.int64(12080), '2006': np.int64(12112), '2007': np.int64(12072), '2008': np.int64(12200), '2009': np.int64(12268), '2010': np.int64(12377), '2011': np.int64(12349), '2012': np.int64(12357), '2013': np.int64(12318), '2014': np.int64(12502), '2015': np.int64(12672), '2016': np.int64(12727), '2017': np.int64(12801), '2018': np.int64(12970), '2019': np.int64(13096)}"
NewportSD,Large,Wales,Working,High Deprivation,Larger non-coastal towns,"{'2001': np.int64(120204), '2002': np.int64(121257), '2003': np.int64(121540), '2004': np.int64(121788), '2005': np.int64(122112), '2006': np.int64(122947), '2007': np.int64(123707), '2008': np.int64(124972), '2009': np.int64(125971), '2010': np.int64(127027), '2011': np.int64(128115), '2012': np.int64(128855), '2013': np.int64(129352), '2014': np.int64(129671), '2015': np.int64(130325), '2016': np.int64(131618), '2017': np.int64(133353), '2018': np.int64(134920), '2019': np.int64(136078)}"
