PlaceName,Etymology,Derivation,ReferenceTitle
Acton,'Oak-tree farm/settlement'. 59 75,āc Old English - An oak-tree.; tūn Old English - An enclosure; a farmstead; a village; an estate.,Dodgson; Place-names of Cheshire; E. Ekwall; Dictionary of English Place-Names; Watts; Cambridge Dictionary of English Place-names; A.D. Mills; Dictionary of English Place-Names
Acton,'Oak-tree farm/settlement'.,āc Old English - An oak-tree.; tūn Old English - An enclosure; a farmstead; a village; an estate.,Dodgson; Place-names of Cheshire; E. Ekwall; Dictionary of English Place-Names; Watts; Cambridge Dictionary of English Place-names; A.D. Mills; Dictionary of English Place-Names
Acton Grange,'Oak-tree farm/settlement'.,"āc Old English - An oak-tree.; grange Middle English - A grange; originally a granary, a barn; later a farm; also an outlying farm belonging to a religious house or a feudal lord, where crops were stored.; tūn Old English - An enclosure; a farmstead; a village; an estate.",E. Ekwall; Dictionary of English Place-Names; Dodgson; Place-names of Cheshire; A.D. Mills; Dictionary of English Place-Names; Watts; Cambridge Dictionary of English Place-names
Adlington,'Farm/settlement connected with Eadwulf'.,"-ingtūn Old English - A settlement called after, or connected with . . .; Personal name (Old English) Old English - Personal name",Watts; Cambridge Dictionary of English Place-names; E. Ekwall; Dictionary of English Place-Names; A.D. Mills; Dictionary of English Place-Names; Dodgson; Place-names of Cheshire
Agden,'Oak-tree farm/settlement'.,āc Old English - An oak-tree.; tūn Old English - An enclosure; a farmstead; a village; an estate.,Watts; Cambridge Dictionary of English Place-names; A.D. Mills; Dictionary of English Place-Names; Dodgson; Place-names of Cheshire; E. Ekwall; Dictionary of English Place-Names
Agden,'Aggi's farm/settlement'.,Personal name (Old Norse) Old Norse - Personal name; tūn Old English - An enclosure; a farmstead; a village; an estate.,Watts; Cambridge Dictionary of English Place-names; E. Ekwall; Dictionary of English Place-Names; A.D. Mills; Dictionary of English Place-Names; Dodgson; Place-names of Cheshire
Aldersey,'Ealdhere's enclosure'.,"hæg Old English - A fence, an enclosure.; Personal name (Old English) Old English - Personal name",E. Ekwall; Dictionary of English Place-Names; Watts; Cambridge Dictionary of English Place-names; Dodgson; Place-names of Cheshire; A.D. Mills; Dictionary of English Place-Names
Aldford,'Old ford'.,ald Old English; ford Old English - A ford.,A.D. Mills; Dictionary of English Place-Names; E. Ekwall; Dictionary of English Place-Names; Dodgson; Place-names of Cheshire; Watts; Cambridge Dictionary of English Place-names
Allostock,'Higher' Lostock.,Place-name Unknown - Place-name; uferra Old English - Higher.,E. Ekwall; Dictionary of English Place-Names; Watts; Cambridge Dictionary of English Place-names; Dodgson; Place-names of Cheshire; A.D. Mills; Dictionary of English Place-Names
Alpraham,"'Alhburh's homestead/village', a feminine personal name.","hām Old English - A village, a village community, a manor, an estate, a homestead.; Personal name (Old English) Old English - Personal name",Dodgson; Place-names of Cheshire; A.D. Mills; Dictionary of English Place-Names; Watts; Cambridge Dictionary of English Place-names; E. Ekwall; Dictionary of English Place-Names
Alsager,'Aelle's cultivated land'.,æcer Old English - A plot of cultivated land; a measure of land which a yoke of oxen could plough in a day. (Indistinguishable from akr.); Personal name (Old English) Old English - Personal name,Dodgson; Place-names of Cheshire; Watts; Cambridge Dictionary of English Place-names; A.D. Mills; Dictionary of English Place-Names; E. Ekwall; Dictionary of English Place-Names
Altrincham,'Homestead/village at Aldhere's place'.,"-ing Old English - Place-name forming suffix.; hām Old English - A village, a village community, a manor, an estate, a homestead.; Personal name (Old English) Old English - Personal name",A.D. Mills; Dictionary of English Place-Names; E. Ekwall; Dictionary of English Place-Names; Dodgson; Place-names of Cheshire; Watts; Cambridge Dictionary of English Place-names
Alvanley,'Aelfwald's wood/clearing'.,"lēah Old English - A forest, wood, glade, clearing; (later) a pasture, meadow.; Personal name (Old English) Old English - Personal name",A.D. Mills; Dictionary of English Place-Names; Watts; Cambridge Dictionary of English Place-names; Dodgson; Place-names of Cheshire; E. Ekwall; Dictionary of English Place-Names
Alvaston,'Aefwald's farm/settlement'.,Personal name (Old English) Old English - Personal name; tūn Old English - An enclosure; a farmstead; a village; an estate.,Watts; Cambridge Dictionary of English Place-names; Dodgson; Place-names of Cheshire; E. Ekwall; Dictionary of English Place-Names; A.D. Mills; Dictionary of English Place-Names
Anderton,"'Earnred's farm/settlement' or 'Eandryth's farm/settlement', a feminine personal name. Alternatively, 'Eindrith's farm/settlement'.",Personal name (Old English) Old English - Personal name; Personal name (Old Norse) Old Norse - Personal name; tūn Old English - An enclosure; a farmstead; a village; an estate.,Watts; Cambridge Dictionary of English Place-names; E. Ekwall; Dictionary of English Place-Names; A.D. Mills; Dictionary of English Place-Names; Dodgson; Place-names of Cheshire
Antrobus,"Possibly, 'Andrithi's/Eindrithi's bush'.","buskr Old Norse - A bush, a shrub.; Personal name (Old Norse) Old Norse - Personal name",Watts; Cambridge Dictionary of English Place-names; E. Ekwall; Dictionary of English Place-Names; Dodgson; Place-names of Cheshire; A.D. Mills; Dictionary of English Place-Names
Appleton,'Apple orchard'.,æppel-tūn Old English - An orchard.,E. Ekwall; Dictionary of English Place-Names; Dodgson; Place-names of Cheshire; Watts; Cambridge Dictionary of English Place-names; A.D. Mills; Dictionary of English Place-Names
Archlid,'Arnkell's hill-side'.,hlid Old English - A slope.; Personal name (Old Norse) Old Norse - Personal name,Dodgson; Place-names of Cheshire; Watts; Cambridge Dictionary of English Place-names; E. Ekwall; Dictionary of English Place-Names; A.D. Mills; Dictionary of English Place-Names
Arrowe,'Shieling'.,"erg Old Norse - A shieling, a hill-pasture; a summer-pasture camp, a dairy or grazing out-station.",E. Ekwall; Dictionary of English Place-Names; A.D. Mills; Dictionary of English Place-Names; Dodgson; Place-names of Cheshire; Watts; Cambridge Dictionary of English Place-names
Ashley,'Ash-tree wood/clearing'.,"æsc Old English; lēah Old English - A forest, wood, glade, clearing; (later) a pasture, meadow.",Watts; Cambridge Dictionary of English Place-names; E. Ekwall; Dictionary of English Place-Names; Dodgson; Place-names of Cheshire; A.D. Mills; Dictionary of English Place-Names
Ashton,'Ash-tree farm/settlement'.,æsc Old English; tūn Old English - An enclosure; a farmstead; a village; an estate.,Watts; Cambridge Dictionary of English Place-names; Dodgson; Place-names of Cheshire; E. Ekwall; Dictionary of English Place-Names; A.D. Mills; Dictionary of English Place-Names
Ashton Juxta Mondrum,'East farm/settlement'. A part of Ashton was known as a place for 'revelry'.,"ēast Old English - Eastern, east.; man-drēam Old English - Revelry, festivity.; tūn Old English - An enclosure; a farmstead; a village; an estate.",Watts; Cambridge Dictionary of English Place-names; E. Ekwall; Dictionary of English Place-Names; A.D. Mills; Dictionary of English Place-Names; Dodgson; Place-names of Cheshire
Ashton upon Mersey,'Ash-tree farm/settlement' on the River Mersey.,æsc Old English; River-Name Unknown; tūn Old English - An enclosure; a farmstead; a village; an estate.,Dodgson; Place-names of Cheshire; Watts; Cambridge Dictionary of English Place-names; E. Ekwall; Dictionary of English Place-Names; A.D. Mills; Dictionary of English Place-Names
Aston by Budworth,'East farm/settlement' near Budworth,"ēast Old English - Eastern, east.; Place-name Unknown - Place-name; tūn Old English - An enclosure; a farmstead; a village; an estate.",Dodgson; Place-names of Cheshire; A.D. Mills; Dictionary of English Place-Names; E. Ekwall; Dictionary of English Place-Names; Watts; Cambridge Dictionary of English Place-names
Aston by Sutton,'East farm/settlement' by Sutton.,"ēast Old English - Eastern, east.; Place-name Unknown - Place-name; tūn Old English - An enclosure; a farmstead; a village; an estate.",A.D. Mills; Dictionary of English Place-Names; Watts; Cambridge Dictionary of English Place-names; Dodgson; Place-names of Cheshire; E. Ekwall; Dictionary of English Place-Names
Aston Grange,"'East farm/settlement'. Originally, 'Maurice's Aston' (1178).","ēast Old English - Eastern, east.; grange Middle English - A grange; originally a granary, a barn; later a farm; also an outlying farm belonging to a religious house or a feudal lord, where crops were stored.; tūn Old English - An enclosure; a farmstead; a village; an estate.",E. Ekwall; Dictionary of English Place-Names; Watts; Cambridge Dictionary of English Place-names; Dodgson; Place-names of Cheshire; A.D. Mills; Dictionary of English Place-Names
Audlem,Uncertain. 'Old' Lyme or 'Alda's' Lyme. Vida Lyme Handley.,ald Old English; Personal name (Old English) Old English - Personal name; Place-name Unknown - Place-name,E. Ekwall; Dictionary of English Place-Names; Dodgson; Place-names of Cheshire; Watts; Cambridge Dictionary of English Place-names; A.D. Mills; Dictionary of English Place-Names
Austerson,'Aelfstan's farm/settlement'.,Personal name (Old English) Old English - Personal name; tūn Old English - An enclosure; a farmstead; a village; an estate.,Dodgson; Place-names of Cheshire; Watts; Cambridge Dictionary of English Place-names; E. Ekwall; Dictionary of English Place-Names; A.D. Mills; Dictionary of English Place-Names
Bache,'Valley stream'.,bǣce Old English - A beach.,Dodgson; Place-names of Cheshire; Watts; Cambridge Dictionary of English Place-names; A.D. Mills; Dictionary of English Place-Names; E. Ekwall; Dictionary of English Place-Names
Backford,'Ridge ford'.,"bæc Old English - A back; used topographically of a ridge, varying from a low ridge in marshy ground to a steep escarpment.; ford Old English - A ford.",Watts; Cambridge Dictionary of English Place-names; Dodgson; Place-names of Cheshire; A.D. Mills; Dictionary of English Place-Names; E. Ekwall; Dictionary of English Place-Names
Baddiley,'Baedda's wood/clearing'.,"lēah Old English - A forest, wood, glade, clearing; (later) a pasture, meadow.; Personal name (Old English) Old English - Personal name",Dodgson; Place-names of Cheshire; E. Ekwall; Dictionary of English Place-Names; A.D. Mills; Dictionary of English Place-Names; Watts; Cambridge Dictionary of English Place-names
Baddington,'Farm/settlement connected with Beada'.,"-ingtūn Old English - A settlement called after, or connected with . . .; Personal name (Old English) Old English - Personal name",E. Ekwall; Dictionary of English Place-Names; A.D. Mills; Dictionary of English Place-Names; Watts; Cambridge Dictionary of English Place-names; Dodgson; Place-names of Cheshire
Barnston,'Beornwulf's farm/settlement'.,Personal name (Old English) Old English - Personal name; tūn Old English - An enclosure; a farmstead; a village; an estate.,A.D. Mills; Dictionary of English Place-Names; E. Ekwall; Dictionary of English Place-Names; Dodgson; Place-names of Cheshire; Watts; Cambridge Dictionary of English Place-names
Barnton,"'Beornthryth's farm/settlement', a feminine personal name. vida Bartington.",Personal name (Old English) Old English - Personal name; tūn Old English - An enclosure; a farmstead; a village; an estate.,Dodgson; Place-names of Cheshire; A.D. Mills; Dictionary of English Place-Names; E. Ekwall; Dictionary of English Place-Names; Watts; Cambridge Dictionary of English Place-names
Barrow,'Grove'.,bearu Old English - A grove.  (Usually refers to a wood of limited extent rather than to forest areas.),Watts; Cambridge Dictionary of English Place-names; Dodgson; Place-names of Cheshire; E. Ekwall; Dictionary of English Place-Names; A.D. Mills; Dictionary of English Place-Names
Barthomley,"'Wood/clearing of the dwellers at *Berton', Where, *Berton (perhaps, 'barley farm/settlement'), is a lost place-name.","hǣme Old English - The inhabitants of a place.; lēah Old English - A forest, wood, glade, clearing; (later) a pasture, meadow.; Place-name Unknown - Place-name",E. Ekwall; Dictionary of English Place-Names; A.D. Mills; Dictionary of English Place-Names; Dodgson; Place-names of Cheshire; Watts; Cambridge Dictionary of English Place-names
Bartington,"'Farm/settlement connected with Beornthryth', a feminine personal name. vida Barnton.","-ingtūn Old English - A settlement called after, or connected with . . .; Personal name (Old English) Old English - Personal name",Dodgson; Place-names of Cheshire; E. Ekwall; Dictionary of English Place-Names; A.D. Mills; Dictionary of English Place-Names; Watts; Cambridge Dictionary of English Place-names
Barton,'Barley farm/settlement'.,bere Old English - Barley.; tūn Old English - An enclosure; a farmstead; a village; an estate.,A.D. Mills; Dictionary of English Place-Names; Dodgson; Place-names of Cheshire; Watts; Cambridge Dictionary of English Place-names; E. Ekwall; Dictionary of English Place-Names
Basford,"'Bercol's ford', or 'birch-tree ford'.",berc Old English; ford Old English - A ford.; Personal name (Old English) Old English - Personal name,A.D. Mills; Dictionary of English Place-Names; Watts; Cambridge Dictionary of English Place-names; E. Ekwall; Dictionary of English Place-Names; Dodgson; Place-names of Cheshire
Batherton,'Beornthryth's farm/settlement'.,Personal name (Old English) Old English - Personal name; tūn Old English - An enclosure; a farmstead; a village; an estate.,Watts; Cambridge Dictionary of English Place-names; Dodgson; Place-names of Cheshire; A.D. Mills; Dictionary of English Place-Names; E. Ekwall; Dictionary of English Place-Names
Beeston,'Market stone'.,"byge Old English - A corner, an angle; the bend of a river.; stān Old English - A stone, stone, rock.",E. Ekwall; Dictionary of English Place-Names; Watts; Cambridge Dictionary of English Place-names; A.D. Mills; Dictionary of English Place-Names; Dodgson; Place-names of Cheshire
Betchton,'Valley-stream farm/settlement'.,bǣce Old English - A beach.; tūn Old English - An enclosure; a farmstead; a village; an estate.,Watts; Cambridge Dictionary of English Place-names; A.D. Mills; Dictionary of English Place-Names; E. Ekwall; Dictionary of English Place-Names; Dodgson; Place-names of Cheshire
Bexton,'Beac's farm/settlement'.,Personal name (Old English) Old English - Personal name; tūn Old English - An enclosure; a farmstead; a village; an estate.,E. Ekwall; Dictionary of English Place-Names; Watts; Cambridge Dictionary of English Place-names; A.D. Mills; Dictionary of English Place-Names; Dodgson; Place-names of Cheshire
Bickerton,'At the bee-keepers' farm/settlement.,bīcere Old English - A bee-keeper.; tūn Old English - An enclosure; a farmstead; a village; an estate.,Dodgson; Place-names of Cheshire; E. Ekwall; Dictionary of English Place-Names; Watts; Cambridge Dictionary of English Place-names; A.D. Mills; Dictionary of English Place-Names
Bickley,'Bee's nest wood/clearing'.,"bīc Old English - A point; a bees-nest.; lēah Old English - A forest, wood, glade, clearing; (later) a pasture, meadow.",E. Ekwall; Dictionary of English Place-Names; A.D. Mills; Dictionary of English Place-Names; Dodgson; Place-names of Cheshire; Watts; Cambridge Dictionary of English Place-names
Bidston cum Ford,"Perhaps, 'stone building'. 'Ford'.","bytle Old English - A building, a house.; ford Old English - A ford.; stān Old English - A stone, stone, rock.",Dodgson; Place-names of Cheshire; Watts; Cambridge Dictionary of English Place-names; E. Ekwall; Dictionary of English Place-Names; A.D. Mills; Dictionary of English Place-Names
Birches,'Birch-trees'.,birce Old English,Dodgson; Place-names of Cheshire; A.D. Mills; Dictionary of English Place-Names; E. Ekwall; Dictionary of English Place-Names; Watts; Cambridge Dictionary of English Place-names
Birkenhead,'Birch-tree headland'.,birce Old English; hēafod Old English - A head; an end or source; headland in a field-system; a projecting piece of ground; a hill (often small).,Dodgson; Place-names of Cheshire; E. Ekwall; Dictionary of English Place-Names; Watts; Cambridge Dictionary of English Place-names; A.D. Mills; Dictionary of English Place-Names
Birtles,'Little birches'.,bircel Old English - A little birch-tree; a place where birch-trees grow.,A.D. Mills; Dictionary of English Place-Names; Dodgson; Place-names of Cheshire; Watts; Cambridge Dictionary of English Place-names; E. Ekwall; Dictionary of English Place-Names
Blackden,'The black/dark-coloured valley'.,"blæc Old English - Black, dark-coloured, dark.; denu Old English - A valley.",Dodgson; Place-names of Cheshire; Watts; Cambridge Dictionary of English Place-names; A.D. Mills; Dictionary of English Place-Names; E. Ekwall; Dictionary of English Place-Names
Blacon cum Crabwall,'Dark-coloured/black hill'. 'Cray-fish spring/stream'.,"blæc Old English - Black, dark-coloured, dark.; cnoll Old English - A knoll, a small rounded hill.; crabba Old English - A crab, a crayfish.; wella Old English",Dodgson; Place-names of Cheshire; E. Ekwall; Dictionary of English Place-Names; Watts; Cambridge Dictionary of English Place-names; A.D. Mills; Dictionary of English Place-Names
Blakenhall,'At the black/dark-coloured nook of land'.,"blæc Old English - Black, dark-coloured, dark.; halh Old English - A nook of land; a small valley; dry ground in marsh; a piece of land projecting from, or detached from, the main area of its administrative unit.",A.D. Mills; Dictionary of English Place-Names; Watts; Cambridge Dictionary of English Place-names; E. Ekwall; Dictionary of English Place-Names; Dodgson; Place-names of Cheshire
Bollin Fee,"'The lordship of Bollin', named after the River Bollin.","feo Middle English - A fee, a lordship.; River-name Unknown - River-name",E. Ekwall; Dictionary of English Place-Names; Dodgson; Place-names of Cheshire; A.D. Mills; Dictionary of English Place-Names; Watts; Cambridge Dictionary of English Place-names
Bollington,'River Bollin farm/settlement'.,River-name Unknown - River-name; tūn Old English - An enclosure; a farmstead; a village; an estate.,Watts; Cambridge Dictionary of English Place-names; Dodgson; Place-names of Cheshire; E. Ekwall; Dictionary of English Place-Names; A.D. Mills; Dictionary of English Place-Names
Bollington,'River Bollin farm/settlement'.,River-name Unknown - River-name; tūn Old English - An enclosure; a farmstead; a village; an estate.,A.D. Mills; Dictionary of English Place-Names; Dodgson; Place-names of Cheshire; Watts; Cambridge Dictionary of English Place-names; E. Ekwall; Dictionary of English Place-Names
Bosden,'Bosa's hill'.,dūn Old English - A hill.; Personal name (Old English) Old English - Personal name,A.D. Mills; Dictionary of English Place-Names; Watts; Cambridge Dictionary of English Place-names; E. Ekwall; Dictionary of English Place-Names; Dodgson; Place-names of Cheshire
Bosley,'Bosa's/*Bot's wood/clearing'.,"lēah Old English - A forest, wood, glade, clearing; (later) a pasture, meadow.; Personal name (Old English) Old English - Personal name",Watts; Cambridge Dictionary of English Place-names; Dodgson; Place-names of Cheshire; A.D. Mills; Dictionary of English Place-Names; E. Ekwall; Dictionary of English Place-Names
Bostock,'Bota's outlying farm/settlement'.,"Personal name (Old English) Old English - Personal name; stoc Old English - A place, a secondary settlement.",Dodgson; Place-names of Cheshire; E. Ekwall; Dictionary of English Place-Names; A.D. Mills; Dictionary of English Place-Names; Watts; Cambridge Dictionary of English Place-names
Bowdon,'Bow hill'.,"boga Old English - A bow, an arch; an arched bridge; a bow (for shooting); something curved or bent, such as a river bend or curved valley.; dūn Old English - A hill.",Dodgson; Place-names of Cheshire; Watts; Cambridge Dictionary of English Place-names; A.D. Mills; Dictionary of English Place-Names; E. Ekwall; Dictionary of English Place-Names
Bradley,'Broad wood/clearing'.,"brād Old English - Broad, spacious, wide, large.; lēah Old English - A forest, wood, glade, clearing; (later) a pasture, meadow.",Watts; Cambridge Dictionary of English Place-names; E. Ekwall; Dictionary of English Place-Names; A.D. Mills; Dictionary of English Place-Names; Dodgson; Place-names of Cheshire
Bradwall,'The broad spring/stream'.,"brād Old English - Broad, spacious, wide, large.; wella Old English",Dodgson; Place-names of Cheshire; Watts; Cambridge Dictionary of English Place-names; A.D. Mills; Dictionary of English Place-Names; E. Ekwall; Dictionary of English Place-Names
Bramhall,'At the broomy nook of land'.,"brōm Old English - Broom; a thorny bush or shrub.; halh Old English - A nook of land; a small valley; dry ground in marsh; a piece of land projecting from, or detached from, the main area of its administrative unit.",E. Ekwall; Dictionary of English Place-Names; Dodgson; Place-names of Cheshire; A.D. Mills; Dictionary of English Place-Names; Watts; Cambridge Dictionary of English Place-names
Bredbury,"'Board fortification', ie., made of boards.","bred Old English - A plank, a board.; burh Old English - A fortified place.",E. Ekwall; Dictionary of English Place-Names; Dodgson; Place-names of Cheshire; Watts; Cambridge Dictionary of English Place-names; A.D. Mills; Dictionary of English Place-Names
Brereton cum Smethwick,'Brier farm/settlement'. 'Smiths' workshop/dwelling'.,"brēr Old English; dūn Old English - A hill.; smið Old English - A smith, a worker in metal.; wīc Old English - A dwelling; a building or collection of buildings for special purposes; a farm, a dairy farm; a trading or industrial settlement; or (in the plural) a hamlet, village.",A.D. Mills; Dictionary of English Place-Names; Dodgson; Place-names of Cheshire; E. Ekwall; Dictionary of English Place-Names; Watts; Cambridge Dictionary of English Place-names
Bridge Trafford,'Valley ford'. 'Bridge' to distinguish from Wimbolds and Mickel Trafford.,"brycg Old English - A bridge; a causeway.; ford Old English - A ford.; trog Old English - A trough, a long narrow vessel; used topographically of a hollow.",Watts; Cambridge Dictionary of English Place-names; Dodgson; Place-names of Cheshire; E. Ekwall; Dictionary of English Place-Names; A.D. Mills; Dictionary of English Place-Names
Bridgemere,'Bird pool'.,"bridd Old English - A bird; a young bird.; mere Old English - A pond, a pool, a lake.",A.D. Mills; Dictionary of English Place-Names; E. Ekwall; Dictionary of English Place-Names; Watts; Cambridge Dictionary of English Place-names; Dodgson; Place-names of Cheshire
Brimstage,'Bruna's river-bank'.,"Personal name (Old English) Old English - Personal name; stæð Old English - A river-bank, shore; a landing-place.",Dodgson; Place-names of Cheshire; A.D. Mills; Dictionary of English Place-Names; E. Ekwall; Dictionary of English Place-Names; Watts; Cambridge Dictionary of English Place-names
Brindley,'Burnt wood/clearing'.,"berned Old English - Burnt.; lēah Old English - A forest, wood, glade, clearing; (later) a pasture, meadow.",E. Ekwall; Dictionary of English Place-Names; Watts; Cambridge Dictionary of English Place-names; A.D. Mills; Dictionary of English Place-Names; Dodgson; Place-names of Cheshire
Brinnington,'Farm/settlement connected with Bryni'.,"-ingtūn Old English - A settlement called after, or connected with . . .; Personal name (Old English) Old English - Personal name",Watts; Cambridge Dictionary of English Place-names; A.D. Mills; Dictionary of English Place-Names; E. Ekwall; Dictionary of English Place-Names; Dodgson; Place-names of Cheshire
Bromborough,'Bruna's fortification'. This may be the same Brunanburh near which Athelstan defeated an invasion of Norsemen and Scots in 937.,burh Old English - A fortified place.; Personal name (Old English) Old English - Personal name,E. Ekwall; Dictionary of English Place-Names; Dodgson; Place-names of Cheshire; A.D. Mills; Dictionary of English Place-Names; Watts; Cambridge Dictionary of English Place-names
Broomhall,'Broomy nook of land'.,"brōm Old English - Broom; a thorny bush or shrub.; halh Old English - A nook of land; a small valley; dry ground in marsh; a piece of land projecting from, or detached from, the main area of its administrative unit.",E. Ekwall; Dictionary of English Place-Names; Dodgson; Place-names of Cheshire; A.D. Mills; Dictionary of English Place-Names; Watts; Cambridge Dictionary of English Place-names
Broxton,'Burial place'. The-ton is unhistorical.,burgæsn Old English - A burial place.,A.D. Mills; Dictionary of English Place-Names; Dodgson; Place-names of Cheshire; Watts; Cambridge Dictionary of English Place-names; E. Ekwall; Dictionary of English Place-Names
Bruen Stapleford,"'Post ford'., ie., marked by such. This part of Stapleford was held by the Bruen family.","Family name Unknown - Family name.; ford Old English - A ford.; stapol Old English - A post, a pillar.",Dodgson; Place-names of Cheshire; Watts; Cambridge Dictionary of English Place-names; E. Ekwall; Dictionary of English Place-Names; A.D. Mills; Dictionary of English Place-Names
Buerton,'Fortification farm/settlement'.,"burh-tūn Old English - A fort enclosure; a farm with a palisade; a farm at, or belonging to, or which is, a fortification, fortified house, or manorhouse.",A.D. Mills; Dictionary of English Place-Names; Watts; Cambridge Dictionary of English Place-names; E. Ekwall; Dictionary of English Place-Names; Dodgson; Place-names of Cheshire
Buerton,'Fortification farm/settlement'.,"burh-tūn Old English - A fort enclosure; a farm with a palisade; a farm at, or belonging to, or which is, a fortification, fortified house, or manorhouse.; tūn Old English - An enclosure; a farmstead; a village; an estate.",A.D. Mills; Dictionary of English Place-Names; Dodgson; Place-names of Cheshire; E. Ekwall; Dictionary of English Place-Names; Watts; Cambridge Dictionary of English Place-names
Buglawton,'Mound farm/settlement'. 'Hob-goblin' to distinguish from Church Lawton.,"bugge Middle English - A boggart, a hobgoblin.; hlāw Old English - A tumulus; a hill.; tūn Old English - An enclosure; a farmstead; a village; an estate.",A.D. Mills; Dictionary of English Place-Names; Watts; Cambridge Dictionary of English Place-names; Dodgson; Place-names of Cheshire; E. Ekwall; Dictionary of English Place-Names
Bulkeley,'Bullocks' wood/clearing'.,"bulluc Old English - A male calf, a bullock.; lēah Old English - A forest, wood, glade, clearing; (later) a pasture, meadow.",Dodgson; Place-names of Cheshire; A.D. Mills; Dictionary of English Place-Names; E. Ekwall; Dictionary of English Place-Names; Watts; Cambridge Dictionary of English Place-names
Bunbury,'At Buna's fortification.,burh Old English - A fortified place.; Personal name (Old English) Old English - Personal name,A.D. Mills; Dictionary of English Place-Names; Dodgson; Place-names of Cheshire; Watts; Cambridge Dictionary of English Place-names; E. Ekwall; Dictionary of English Place-Names
Burland,'Peasants' land'.,"būr Old English - A cottage, a dwelling; a chamber, a private apartment; a secluded dwelling or place of resort.; land Old English - Land (as part of earth's surface); an estate; possibly also new arable area.  In minor and field names: strip in a field-system.",A.D. Mills; Dictionary of English Place-Names; Watts; Cambridge Dictionary of English Place-names; E. Ekwall; Dictionary of English Place-Names; Dodgson; Place-names of Cheshire
Burton,'Fortification farm/settlement'.,"burh-tūn Old English - A fort enclosure; a farm with a palisade; a farm at, or belonging to, or which is, a fortification, fortified house, or manorhouse.",Dodgson; Place-names of Cheshire; E. Ekwall; Dictionary of English Place-Names; Watts; Cambridge Dictionary of English Place-names; A.D. Mills; Dictionary of English Place-Names
Burton by Tarvin,"'Fortification farm/settlement' by the River Tarvin, an old name for the River Gowy.",burh Old English - A fortified place.; River-name Unknown - River-name; tūn Old English - An enclosure; a farmstead; a village; an estate.,A.D. Mills; Dictionary of English Place-Names; Dodgson; Place-names of Cheshire; Watts; Cambridge Dictionary of English Place-names; E. Ekwall; Dictionary of English Place-Names
Burwardsley,Uncertain. 'Town guardian's wood/clearing' or 'Burgweard's farm/settlement'.,"burh-weard Old English - A town guardian.; lēah Old English - A forest, wood, glade, clearing; (later) a pasture, meadow.; Personal name (Old English) Old English - Personal name",Dodgson; Place-names of Cheshire; E. Ekwall; Dictionary of English Place-Names; Watts; Cambridge Dictionary of English Place-names; A.D. Mills; Dictionary of English Place-Names
Butley,'*Butta's wood/clearing'.,"lēah Old English - A forest, wood, glade, clearing; (later) a pasture, meadow.; Personal name (Old English) Old English - Personal name",Dodgson; Place-names of Cheshire; Watts; Cambridge Dictionary of English Place-names; E. Ekwall; Dictionary of English Place-Names; A.D. Mills; Dictionary of English Place-Names
Byley,'Beofa's wood/clearing'.,"lēah Old English - A forest, wood, glade, clearing; (later) a pasture, meadow.; Personal name (Old English) Old English - Personal name",E. Ekwall; Dictionary of English Place-Names; Dodgson; Place-names of Cheshire; A.D. Mills; Dictionary of English Place-Names; Watts; Cambridge Dictionary of English Place-names
Caldecott,'Cold cottage(s)'.,"cald Old English; cot Old English - A cottage, a hut, a shelter, a den.",A.D. Mills; Dictionary of English Place-Names; Dodgson; Place-names of Cheshire; Watts; Cambridge Dictionary of English Place-names; E. Ekwall; Dictionary of English Place-Names
Caldy,"Literally, 'cold arse', used topographically of a hill. Later OE eg, ON ey, 'island' was substituted for the second element.",cald Old English; ears Old English - A buttock; a rounded hill.,Dodgson; Place-names of Cheshire; E. Ekwall; Dictionary of English Place-Names; Watts; Cambridge Dictionary of English Place-names; A.D. Mills; Dictionary of English Place-Names
Calveley,'Calves' wood/clearing'.,"calf Old English; lēah Old English - A forest, wood, glade, clearing; (later) a pasture, meadow.",E. Ekwall; Dictionary of English Place-Names; Dodgson; Place-names of Cheshire; A.D. Mills; Dictionary of English Place-Names; Watts; Cambridge Dictionary of English Place-names
Capenhurst,Uncertain. 'Capa's wooded-hill' or 'look-out place wooded hill'.,cape Old English - A look-out place.; hyrst Old English - A wooded hill.; Personal name (Old English) Old English - Personal name,A.D. Mills; Dictionary of English Place-Names; Dodgson; Place-names of Cheshire; E. Ekwall; Dictionary of English Place-Names; Watts; Cambridge Dictionary of English Place-names
Capesthorne,"Uncertain. The generic is 'thorn-tree'. A personal name, '*Cap(p)/*Caeppa', has been suggested for the first. Alternatively, given the lost field name of 'fight-hill' in the parish, the first element might be from ON kapp, 'contest, fight'.","kapp Old Norse - A match, a contest.; Personal name (Old English) Old English - Personal name; þorn Old English - A hawthorn-tree.",Dodgson; Place-names of Cheshire; E. Ekwall; Dictionary of English Place-Names; Watts; Cambridge Dictionary of English Place-names; A.D. Mills; Dictionary of English Place-Names
Carden,'Rock enclosure'.,carr Old English; worðign Old English - An enclosure.,A.D. Mills; Dictionary of English Place-Names; E. Ekwall; Dictionary of English Place-Names; Watts; Cambridge Dictionary of English Place-names; Dodgson; Place-names of Cheshire
Carrington,"Uncertain. Suggestions include: 'Farm/settlement connected with *Cara', 'tending/herding farm/settlement' or 'farm/settlement in a bend'. Alternatively, 'farm/settlement at the rock place'.","-ing Old English - Place-name forming suffix.; -ing- Old English - Connective particle, linking a first element to a final element.; cæring Old English - A bend, a turning.; caring Old English - Tending, herding.; carr Old English; Personal name (Old English) Old English - Personal name; tūn Old English - An enclosure; a farmstead; a village; an estate.",E. Ekwall; Dictionary of English Place-Names; Watts; Cambridge Dictionary of English Place-names; Dodgson; Place-names of Cheshire; A.D. Mills; Dictionary of English Place-Names
Castle Northwich,"Originally, simply 'at the castle'. Later distinguished 'the castle town of Northwich'.",castel Old English - A defensive building; a village.; Place-name Unknown - Place-name,A.D. Mills; Dictionary of English Place-Names; Dodgson; Place-names of Cheshire; E. Ekwall; Dictionary of English Place-Names; Watts; Cambridge Dictionary of English Place-names
Caughall,Uncertain. 'Heap hill' or 'wood-cock hill'.,"cocc Old English - A heap; a hillock.; hyll Old English - A hill, a natural eminence or elevated piece of ground.",E. Ekwall; Dictionary of English Place-Names; Watts; Cambridge Dictionary of English Place-names; Dodgson; Place-names of Cheshire; A.D. Mills; Dictionary of English Place-Names
Cheadle,"Uncertain. Possibly, 'wood called Ced' where the first element is an old name, also meaning 'wood'. Alternatively, the first element may be 'hollow', thus, 'hollow wood/clearing'.","cē¸d C; cēod Old English - A bag; topographically perhaps a hollow, a bay.; lēah Old English - A forest, wood, glade, clearing; (later) a pasture, meadow.",E. Ekwall; Dictionary of English Place-Names; Watts; Cambridge Dictionary of English Place-names; Dodgson; Place-names of Cheshire; A.D. Mills; Dictionary of English Place-Names
Checkley cum Wrinehill,"'*Ceaddica's wood/clearing'. Uncertain. The generic is 'hill'. The specific may be an old hill, district or stream name.","hyll Old English - A hill, a natural eminence or elevated piece of ground.; lēah Old English - A forest, wood, glade, clearing; (later) a pasture, meadow.; Personal name (Old English) Old English - Personal name; Place-name Unknown - Place-name",E. Ekwall; Dictionary of English Place-Names; A.D. Mills; Dictionary of English Place-Names; Watts; Cambridge Dictionary of English Place-names; Dodgson; Place-names of Cheshire
Chelford,"Uncertain. 'Ceola's ford' or possibly, 'throat ford', ie., one in a channel or gorge.","ceole Old English - A throat; topographically a channel, a gorge, a ravine.; ford Old English - A ford.; Personal name (Old English) Old English - Personal name",A.D. Mills; Dictionary of English Place-Names; Watts; Cambridge Dictionary of English Place-names; E. Ekwall; Dictionary of English Place-Names; Dodgson; Place-names of Cheshire
Chester,"'Roman site'. The earlier name for the place is 'Deva', from the Celtic for 'goddess' and is, more properly, the name of the River Dee which has been transferred to the place. Other British Dee rivers have the same origins.",ceaster Old English - A city; an old fortification; a Roman site.,Rivet & Smith; Place-names of Roman Britain; A.D. Mills; Dictionary of English Place-Names; Dodgson; Place-names of Cheshire; Watts; Cambridge Dictionary of English Place-names; E. Ekwall; Dictionary of English Place-Names
Chidlow,'Cidda's mound'.,hlāw Old English - A tumulus; a hill.; Personal name (Old English) Old English - Personal name,Watts; Cambridge Dictionary of English Place-names; A.D. Mills; Dictionary of English Place-Names; E. Ekwall; Dictionary of English Place-Names; Dodgson; Place-names of Cheshire
Childer Thornton,'Children's Thornton (=thorn-tree farm/settlement)'.,"cild Old English - A child, a young person, a boy, a son.; tūn Old English - An enclosure; a farmstead; a village; an estate.; þorn Old English - A hawthorn-tree.",Dodgson; Place-names of Cheshire; A.D. Mills; Dictionary of English Place-Names; Watts; Cambridge Dictionary of English Place-names; E. Ekwall; Dictionary of English Place-Names
Cholmondeley,'Ceolmund's wood/clearing'.,"lēah Old English - A forest, wood, glade, clearing; (later) a pasture, meadow.; Personal name (Old English) Old English - Personal name",Watts; Cambridge Dictionary of English Place-names; Dodgson; Place-names of Cheshire; A.D. Mills; Dictionary of English Place-Names; E. Ekwall; Dictionary of English Place-Names
Cholmondeston,'Ceolmund's farm/settlement'.,Personal name (Old English) Old English - Personal name; tūn Old English - An enclosure; a farmstead; a village; an estate.,E. Ekwall; Dictionary of English Place-Names; Dodgson; Place-names of Cheshire; Watts; Cambridge Dictionary of English Place-names; A.D. Mills; Dictionary of English Place-Names
Chorley,'Free peasants' wood/clearing'.,"ceorl Old English - A freeman of the lower class, a peasant.; lēah Old English - A forest, wood, glade, clearing; (later) a pasture, meadow.",Watts; Cambridge Dictionary of English Place-names; Dodgson; Place-names of Cheshire; E. Ekwall; Dictionary of English Place-Names; A.D. Mills; Dictionary of English Place-Names
Chorley,'Free peasants' wood/clearing'.,"ceorl Old English - A freeman of the lower class, a peasant.; lēah Old English - A forest, wood, glade, clearing; (later) a pasture, meadow.",E. Ekwall; Dictionary of English Place-Names; Watts; Cambridge Dictionary of English Place-names; Dodgson; Place-names of Cheshire; A.D. Mills; Dictionary of English Place-Names
Chorlton,'Free peasants' farm/settlement'.,"ceorl Old English - A freeman of the lower class, a peasant.; tūn Old English - An enclosure; a farmstead; a village; an estate.",E. Ekwall; Dictionary of English Place-Names; Dodgson; Place-names of Cheshire; Watts; Cambridge Dictionary of English Place-names; A.D. Mills; Dictionary of English Place-Names
Chorlton,'Free peasants' farm/settlement'.,"ceorl Old English - A freeman of the lower class, a peasant.; tūn Old English - An enclosure; a farmstead; a village; an estate.",Watts; Cambridge Dictionary of English Place-names; Dodgson; Place-names of Cheshire; A.D. Mills; Dictionary of English Place-Names; E. Ekwall; Dictionary of English Place-Names
Chorlton by Backford,'Free peasants' farm/settlement' by Backford.,"ceorl Old English - A freeman of the lower class, a peasant.; Place-name Unknown - Place-name; tūn Old English - An enclosure; a farmstead; a village; an estate.",Watts; Cambridge Dictionary of English Place-names; E. Ekwall; Dictionary of English Place-Names; A.D. Mills; Dictionary of English Place-Names; Dodgson; Place-names of Cheshire
Chowley,'Ceola's wood/clearing'.,"lēah Old English - A forest, wood, glade, clearing; (later) a pasture, meadow.; Personal name (Old English) Old English - Personal name",Dodgson; Place-names of Cheshire; A.D. Mills; Dictionary of English Place-Names; E. Ekwall; Dictionary of English Place-Names; Watts; Cambridge Dictionary of English Place-names
Christleton,'Christians' farm/settlement'.,cristen Old English - A Christian.; tūn Old English - An enclosure; a farmstead; a village; an estate.,E. Ekwall; Dictionary of English Place-Names; A.D. Mills; Dictionary of English Place-Names; Watts; Cambridge Dictionary of English Place-names; Dodgson; Place-names of Cheshire
Church Coppenhall,'*Coppa's nook of land'. 'Church' to distinguish from Monks Coppenhall.,"cirice Old English - A church.; halh Old English - A nook of land; a small valley; dry ground in marsh; a piece of land projecting from, or detached from, the main area of its administrative unit.; Personal name (Old English) Old English - Personal name",E. Ekwall; Dictionary of English Place-Names; Dodgson; Place-names of Cheshire; A.D. Mills; Dictionary of English Place-Names; Watts; Cambridge Dictionary of English Place-names
Church Hulme,'Island'. 'Church' because of the parochial chapel here.,cirice Old English - A church.; hulm Old Norse,A.D. Mills; Dictionary of English Place-Names; Watts; Cambridge Dictionary of English Place-names; Dodgson; Place-names of Cheshire; E. Ekwall; Dictionary of English Place-Names
Church Lawton,'Mound farm/settlement'. 'Church' distinguish from Buglawton.,cirice Old English - A church.; hlāw Old English - A tumulus; a hill.; tūn Old English - An enclosure; a farmstead; a village; an estate.,A.D. Mills; Dictionary of English Place-Names; Watts; Cambridge Dictionary of English Place-names; Dodgson; Place-names of Cheshire; E. Ekwall; Dictionary of English Place-Names
Church Minshull,'Mann's shelf'. 'Church' to distinguish from Minshull Vernon.,"Personal name (Old English) Old English - Personal name; scelf Old English - A shelf, a shelving terrain; a pinnacle, battlement.",Watts; Cambridge Dictionary of English Place-names; E. Ekwall; Dictionary of English Place-Names; A.D. Mills; Dictionary of English Place-Names; Dodgson; Place-names of Cheshire
Church Shocklach,'Demon-haunted boggy stream'.,"læcc Old English - A stream, a bog.; scucca Old English - An evil spirit, a demon.",Watts; Cambridge Dictionary of English Place-names; A.D. Mills; Dictionary of English Place-Names; E. Ekwall; Dictionary of English Place-Names; Dodgson; Place-names of Cheshire
Churton by Aldford,'Church farm/settlement' by Aldford.,cirice Old English - A church.; Place-name Unknown - Place-name; tūn Old English - An enclosure; a farmstead; a village; an estate.,Watts; Cambridge Dictionary of English Place-names; A.D. Mills; Dictionary of English Place-Names; Dodgson; Place-names of Cheshire; E. Ekwall; Dictionary of English Place-Names
Churton by Farndon,"'Church farm/settlement' by Farndon. No church is known to have existed here, hence the suggestion that the first element is derived from an OE *cyrc, a metathesised form of PrW crug, 'hill'.",cirice Old English - A church.; crṻg C; Place-name Unknown - Place-name; tūn Old English - An enclosure; a farmstead; a village; an estate.,A.D. Mills; Dictionary of English Place-Names; Dodgson; Place-names of Cheshire; Watts; Cambridge Dictionary of English Place-names; E. Ekwall; Dictionary of English Place-Names
Churton Heath,'Church on the heath'.,cirice Old English - A church.; hǣð Old English - Heather; a tract of uncultivated land.,A.D. Mills; Dictionary of English Place-Names; Dodgson; Place-names of Cheshire; E. Ekwall; Dictionary of English Place-Names; Watts; Cambridge Dictionary of English Place-names
Claughton with Grange,'Hillock farm/settlement'. 'Grange'.,"grange Middle English - A grange; originally a granary, a barn; later a farm; also an outlying farm belonging to a religious house or a feudal lord, where crops were stored.; klakkr Old Norse - A lump; probably also a hill.; tún Old Norse - An enclosure, a farmstead.",Dodgson; Place-names of Cheshire; E. Ekwall; Dictionary of English Place-Names; Watts; Cambridge Dictionary of English Place-names; A.D. Mills; Dictionary of English Place-Names
Claverton,'Clover farm/settlement'.,clǣfre Old English - Clover.; tūn Old English - An enclosure; a farmstead; a village; an estate.,E. Ekwall; Dictionary of English Place-Names; Watts; Cambridge Dictionary of English Place-names; A.D. Mills; Dictionary of English Place-Names; Dodgson; Place-names of Cheshire
Clifton,'Cliff farm/settlement'.,"clif Old English - An escarpment, a hill-slope; a river-bank.; tūn Old English - An enclosure; a farmstead; a village; an estate.",E. Ekwall; Dictionary of English Place-Names; Dodgson; Place-names of Cheshire; A.D. Mills; Dictionary of English Place-Names; Watts; Cambridge Dictionary of English Place-names
Clive,'Cliff'.,"clif Old English - An escarpment, a hill-slope; a river-bank.",E. Ekwall; Dictionary of English Place-Names; A.D. Mills; Dictionary of English Place-Names; Dodgson; Place-names of Cheshire; Watts; Cambridge Dictionary of English Place-names
Clotton Hoofield,Originally two separate places: 'ravine farm/settlement' and 'hut open land'.,"clōh Old English - A ravine.; feld Old English - Open country, unencumbered ground (eg. land without trees as opposed to forest, level ground as opposed to hills, land without buildings); arable land (from late tenth century).; hulu Old English - A shed, a hovel.; tūn Old English - An enclosure; a farmstead; a village; an estate.",E. Ekwall; Dictionary of English Place-Names; Watts; Cambridge Dictionary of English Place-names; Dodgson; Place-names of Cheshire; A.D. Mills; Dictionary of English Place-Names
Clutton,'Rocky-hill farm/settlement'.,"clūd Old English - A rock, a mass of rock; probably also a (rocky) hill.; tūn Old English - An enclosure; a farmstead; a village; an estate.",Watts; Cambridge Dictionary of English Place-names; Dodgson; Place-names of Cheshire; E. Ekwall; Dictionary of English Place-Names; A.D. Mills; Dictionary of English Place-Names
Coddington,'Farm/settlement connected with Cot(t)a'.,"-ingtūn Old English - A settlement called after, or connected with . . .; Personal name (Old English) Old English - Personal name",Dodgson; Place-names of Cheshire; A.D. Mills; Dictionary of English Place-Names; E. Ekwall; Dictionary of English Place-Names; Watts; Cambridge Dictionary of English Place-names
Cogshall,"Uncertain. Perhaps, 'Cogg's slope'. Alternatively, 'cog slope', ie., a hill near a mill or 'cog' used as a hill name, '*Cogges slope'. Later, the second element became OE hyll, 'hill'. Some spellings show confusion with OE halh, dat.sg. hale, 'at the nook","cogg Old English - A cog-wheel, a mill; topographically a hill.; hall Old English - A slope, a hill; a boulder.; Personal name (Old English) Old English - Personal name; Place-name Unknown - Place-name",E. Ekwall; Dictionary of English Place-Names; A.D. Mills; Dictionary of English Place-Names; Dodgson; Place-names of Cheshire; Watts; Cambridge Dictionary of English Place-names
Comberbach,"'Cumbrian Britons' valley-stream' or possibly, 'Cumbra's valley-stream'.","bǣce Old English - A beach.; Cumbre Old English - The Cymry, the Welsh, the Cumbrian Britons.; Personal name (Old English) Old English - Personal name",A.D. Mills; Dictionary of English Place-Names; Dodgson; Place-names of Cheshire; E. Ekwall; Dictionary of English Place-Names; Watts; Cambridge Dictionary of English Place-names
Congleton,'Mound-hill farm/settlement'.,"cung Old English - A mound.; hyll Old English - A hill, a natural eminence or elevated piece of ground.; tūn Old English - An enclosure; a farmstead; a village; an estate.",A.D. Mills; Dictionary of English Place-Names; Watts; Cambridge Dictionary of English Place-names; E. Ekwall; Dictionary of English Place-Names; Dodgson; Place-names of Cheshire
Coole Pilate,"'Cow hill' and 'pill-oats', a variety of oat, Avena nuda L. or the 'naked oat', which is hull-less.","cū Old English - A cow.; hyll Old English - A hill, a natural eminence or elevated piece of ground.; pil-āte Old English - Pill-oats.",Dodgson; Place-names of Cheshire; A.D. Mills; Dictionary of English Place-Names; E. Ekwall; Dictionary of English Place-Names; Watts; Cambridge Dictionary of English Place-names
Cotton,'Cottages'.,"cot Old English - A cottage, a hut, a shelter, a den.",Watts; Cambridge Dictionary of English Place-names; Dodgson; Place-names of Cheshire; A.D. Mills; Dictionary of English Place-Names; E. Ekwall; Dictionary of English Place-Names
Cotton Abbotts,'Cottages'. It was held by the Abbots of Chester.,"abbat Middle English - An abbot.; cot Old English - A cottage, a hut, a shelter, a den.",E. Ekwall; Dictionary of English Place-Names; Watts; Cambridge Dictionary of English Place-names; A.D. Mills; Dictionary of English Place-Names; Dodgson; Place-names of Cheshire
Cotton Edmunds,'Cottages'. It was held by Edmund de Coton in 1344.,"cot Old English - A cottage, a hut, a shelter, a den.; Family name Unknown - Family name.",A.D. Mills; Dictionary of English Place-Names; E. Ekwall; Dictionary of English Place-Names; Watts; Cambridge Dictionary of English Place-names; Dodgson; Place-names of Cheshire
Cranage,'Crows' boggy stream'.,"crāwe Old English - A crow.; læcc Old English - A stream, a bog.",Dodgson; Place-names of Cheshire; Watts; Cambridge Dictionary of English Place-names; A.D. Mills; Dictionary of English Place-Names; E. Ekwall; Dictionary of English Place-Names
Crewe,'Weir'.,crïu C,E. Ekwall; Dictionary of English Place-Names; A.D. Mills; Dictionary of English Place-Names; Watts; Cambridge Dictionary of English Place-names; Dodgson; Place-names of Cheshire
Crewe,'Weir'.,crïu C,Dodgson; Place-names of Cheshire; E. Ekwall; Dictionary of English Place-Names; A.D. Mills; Dictionary of English Place-Names; Watts; Cambridge Dictionary of English Place-names
Croughton,"'Saffron farm/settlement' or perhaps, 'corner farm/settlement'.","crōh Old English - A nook, a corner.; croh Old English - Saffron.; tūn Old English - An enclosure; a farmstead; a village; an estate.",E. Ekwall; Dictionary of English Place-Names; A.D. Mills; Dictionary of English Place-Names; Dodgson; Place-names of Cheshire; Watts; Cambridge Dictionary of English Place-names
Crowley,'Crow wood/clearing'.,"crāwe Old English - A crow.; lēah Old English - A forest, wood, glade, clearing; (later) a pasture, meadow.",A.D. Mills; Dictionary of English Place-Names; E. Ekwall; Dictionary of English Place-Names; Watts; Cambridge Dictionary of English Place-names; Dodgson; Place-names of Cheshire
Crowton,'Crow farm/settlement'.,crāwe Old English - A crow.; tūn Old English - An enclosure; a farmstead; a village; an estate.,A.D. Mills; Dictionary of English Place-Names; E. Ekwall; Dictionary of English Place-Names; Watts; Cambridge Dictionary of English Place-names; Dodgson; Place-names of Cheshire
Croxton,'Croc's farm/settlement'.,Personal name (Old English) Old English - Personal name; tūn Old English - An enclosure; a farmstead; a village; an estate.,Watts; Cambridge Dictionary of English Place-names; E. Ekwall; Dictionary of English Place-Names; Dodgson; Place-names of Cheshire; A.D. Mills; Dictionary of English Place-Names
Cuddington,'Farm/settlement connected with Cud(d)a'.,"-ingtūn Old English - A settlement called after, or connected with . . .; Personal name (Old English) Old English - Personal name",Watts; Cambridge Dictionary of English Place-names; Dodgson; Place-names of Cheshire; A.D. Mills; Dictionary of English Place-Names; E. Ekwall; Dictionary of English Place-Names
Cuddington,'Farm/settlement connected with Cud(d)a'.,"-ingtūn Old English - A settlement called after, or connected with . . .; Personal name (Old English) Old English - Personal name",E. Ekwall; Dictionary of English Place-Names; Watts; Cambridge Dictionary of English Place-names; A.D. Mills; Dictionary of English Place-Names; Dodgson; Place-names of Cheshire
Daresbury,'At Deor's fortification'.,burh Old English - A fortified place.; Personal name (Old English) Old English - Personal name,Watts; Cambridge Dictionary of English Place-names; Dodgson; Place-names of Cheshire; E. Ekwall; Dictionary of English Place-Names; A.D. Mills; Dictionary of English Place-Names
Darnhall,'Secluded nook of land'.,"derne Old English; halh Old English - A nook of land; a small valley; dry ground in marsh; a piece of land projecting from, or detached from, the main area of its administrative unit.",A.D. Mills; Dictionary of English Place-Names; Watts; Cambridge Dictionary of English Place-names; E. Ekwall; Dictionary of English Place-Names; Dodgson; Place-names of Cheshire
Davenham,'River Dane homestead/village'.,"hām Old English - A village, a village community, a manor, an estate, a homestead.; River-name Unknown - River-name",E. Ekwall; Dictionary of English Place-Names; A.D. Mills; Dictionary of English Place-Names; Watts; Cambridge Dictionary of English Place-names; Dodgson; Place-names of Cheshire
Davenport,'River Dane market'.,"port Old English - A haven, a harbour.; River-name Unknown - River-name",Dodgson; Place-names of Cheshire; E. Ekwall; Dictionary of English Place-Names; Watts; Cambridge Dictionary of English Place-names; A.D. Mills; Dictionary of English Place-Names
Delamere,'Of the pool'.,"de Old French - Of.; la Old French - Definite article, the.; mere Old English - A pond, a pool, a lake.",Watts; Cambridge Dictionary of English Place-names; E. Ekwall; Dictionary of English Place-Names; A.D. Mills; Dictionary of English Place-Names; Dodgson; Place-names of Cheshire
Disley,"'Wood/clearing' with an obscure first element, possibly 'mound'.","dystels Old English - A mound; something thrown up in a heap.; lēah Old English - A forest, wood, glade, clearing; (later) a pasture, meadow.",A.D. Mills; Dictionary of English Place-Names; Dodgson; Place-names of Cheshire; Watts; Cambridge Dictionary of English Place-names; E. Ekwall; Dictionary of English Place-Names
Dodcott cum Wilkesley,"'Dodda's cottage'. Uncertain. '*Wifel's claw' or 'beetle's claw', ie., a claw shaped piece of land.","clā Old English - A claw; topographically something claw-like or cloven.; cot Old English - A cottage, a hut, a shelter, a den.; Personal name (Old English) Old English - Personal name; wifel Old English - A weevil, a beetle.",Dodgson; Place-names of Cheshire; E. Ekwall; Dictionary of English Place-Names; Watts; Cambridge Dictionary of English Place-names; A.D. Mills; Dictionary of English Place-Names
Doddington,"Probably, 'farm/settlement connected with Dod(d)a/Dud(d)a'.","-ingtūn Old English - A settlement called after, or connected with . . .; Personal name (Old English) Old English - Personal name",Watts; Cambridge Dictionary of English Place-names; Dodgson; Place-names of Cheshire; E. Ekwall; Dictionary of English Place-Names; A.D. Mills; Dictionary of English Place-Names
Dodleston,'*Dod(d)el's farm/settlement'.,Personal name (Old English) Old English - Personal name; tūn Old English - An enclosure; a farmstead; a village; an estate.,A.D. Mills; Dictionary of English Place-Names; E. Ekwall; Dictionary of English Place-Names; Watts; Cambridge Dictionary of English Place-names; Dodgson; Place-names of Cheshire
Duckington,'Farm/settlement connected with *Ducc(a)'.,"-ingtūn Old English - A settlement called after, or connected with . . .; Personal name (Old English) Old English - Personal name",Dodgson; Place-names of Cheshire; A.D. Mills; Dictionary of English Place-Names; E. Ekwall; Dictionary of English Place-Names; Watts; Cambridge Dictionary of English Place-names
Duddun,'Dud(d)a's hill'.,dūn Old English - A hill.; Personal name (Old English) Old English - Personal name,A.D. Mills; Dictionary of English Place-Names; Dodgson; Place-names of Cheshire; E. Ekwall; Dictionary of English Place-Names; Watts; Cambridge Dictionary of English Place-names
Dukinfield,'Ducks' open land'.,"dūce Old English - A duck.; feld Old English - Open country, unencumbered ground (eg. land without trees as opposed to forest, level ground as opposed to hills, land without buildings); arable land (from late tenth century).",E. Ekwall; Dictionary of English Place-Names; Watts; Cambridge Dictionary of English Place-names; A.D. Mills; Dictionary of English Place-Names; Dodgson; Place-names of Cheshire
Dunham Massey,"'Hill homestead/village'. Hammo de Masci was then tenant in 1086. Also known as Dunham Town, ME toun.","dūn Old English - A hill.; Family name Unknown - Family name.; hām Old English - A village, a village community, a manor, an estate, a homestead.",A.D. Mills; Dictionary of English Place-Names; Watts; Cambridge Dictionary of English Place-names; E. Ekwall; Dictionary of English Place-Names; Dodgson; Place-names of Cheshire
Dunham on the Hill,'Hill homestead/village'.,"dūn Old English - A hill.; hām Old English - A village, a village community, a manor, an estate, a homestead.",E. Ekwall; Dictionary of English Place-Names; Watts; Cambridge Dictionary of English Place-names; A.D. Mills; Dictionary of English Place-Names; Dodgson; Place-names of Cheshire
Dutton,Uncertain. Spellings fall into two forms. The first is 'hill farm/settlement' alternating with 'farm/settlement at the hill place'. The second appears to be 'Dudda's farm/settlement',-ing Old English - Place-name forming suffix.; dūn Old English - A hill.; Personal name (Old English) Old English - Personal name; tūn Old English - An enclosure; a farmstead; a village; an estate.,Dodgson; Place-names of Cheshire; A.D. Mills; Dictionary of English Place-Names; Watts; Cambridge Dictionary of English Place-names; E. Ekwall; Dictionary of English Place-Names
Eastham,'East homestead/village'.,"ēast Old English - Eastern, east.; hām Old English - A village, a village community, a manor, an estate, a homestead.",Dodgson; Place-names of Cheshire; Watts; Cambridge Dictionary of English Place-names; E. Ekwall; Dictionary of English Place-Names; A.D. Mills; Dictionary of English Place-Names
Eaton,'River farm/settlement'. It is on the River Dane.,ēa Old English - A river.; tūn Old English - An enclosure; a farmstead; a village; an estate.,Watts; Cambridge Dictionary of English Place-names; Dodgson; Place-names of Cheshire; A.D. Mills; Dictionary of English Place-Names; E. Ekwall; Dictionary of English Place-Names
Eaton,'River farm/settlement'.,ēa Old English - A river.; tūn Old English - An enclosure; a farmstead; a village; an estate.,Dodgson; Place-names of Cheshire; E. Ekwall; Dictionary of English Place-Names; Watts; Cambridge Dictionary of English Place-names; A.D. Mills; Dictionary of English Place-Names
Eaton,'Island farm/settlement'.,"ēg Old English - An island.  In ancient settlement-names, most frequently refers to dry ground surrounded by marsh.  Also used of islands in modern sense.  In late OE names: well-watered land.; tūn Old English - An enclosure; a farmstead; a village; an estate.",Dodgson; Place-names of Cheshire; Watts; Cambridge Dictionary of English Place-names; A.D. Mills; Dictionary of English Place-Names; E. Ekwall; Dictionary of English Place-Names
Eaton,'River farm/settlement.,ēa Old English - A river.; tūn Old English - An enclosure; a farmstead; a village; an estate.,Dodgson; Place-names of Cheshire; E. Ekwall; Dictionary of English Place-Names; A.D. Mills; Dictionary of English Place-Names; Watts; Cambridge Dictionary of English Place-names
Eccleston,'Church farm/settlement'.,eglẹ̄s C; tūn Old English - An enclosure; a farmstead; a village; an estate.,Dodgson; Place-names of Cheshire; A.D. Mills; Dictionary of English Place-Names; E. Ekwall; Dictionary of English Place-Names; Watts; Cambridge Dictionary of English Place-names
Eddisbury,'Ead's fortification'.,burh Old English - A fortified place.; Personal name (Old English) Old English - Personal name,Dodgson; Place-names of Cheshire; A.D. Mills; Dictionary of English Place-Names; E. Ekwall; Dictionary of English Place-Names; Watts; Cambridge Dictionary of English Place-names
Edge,'Edge'.,"ecg Old English - An edge; the edge of a hill, an escarpment.",Watts; Cambridge Dictionary of English Place-names; A.D. Mills; Dictionary of English Place-Names; Dodgson; Place-names of Cheshire; E. Ekwall; Dictionary of English Place-Names
Edgerley,'Ecghere's wood/clearing'.,"lēah Old English - A forest, wood, glade, clearing; (later) a pasture, meadow.; Personal name (Old English) Old English - Personal name",E. Ekwall; Dictionary of English Place-Names; Watts; Cambridge Dictionary of English Place-names; A.D. Mills; Dictionary of English Place-Names; Dodgson; Place-names of Cheshire
Edleston,'Ecglaf's farm/settlement'.,Personal name (Old English) Old English - Personal name; tūn Old English - An enclosure; a farmstead; a village; an estate.,E. Ekwall; Dictionary of English Place-Names; Watts; Cambridge Dictionary of English Place-names; A.D. Mills; Dictionary of English Place-Names; Dodgson; Place-names of Cheshire
Egerton,'Ecghere's farm/settlement'.,Personal name (Old English) Old English - Personal name; tūn Old English - An enclosure; a farmstead; a village; an estate.,E. Ekwall; Dictionary of English Place-Names; A.D. Mills; Dictionary of English Place-Names; Watts; Cambridge Dictionary of English Place-names; Dodgson; Place-names of Cheshire
Ellesmere Port,"The town of Ellesmere Port grew around the juntion of the Union Canal and the Mersey and takes it from the canal, which in turn was named after Ellesmere, Shropshire.",Place-name Unknown - Place-name; port Modern English - A port.,Dodgson; Place-names of Cheshire; A.D. Mills; Dictionary of English Place-Names; E. Ekwall; Dictionary of English Place-Names; Watts; Cambridge Dictionary of English Place-names
Elton,"'Eel farm/settlement' or perhaps, less likely, 'Ella's farm/settlement'.",ēl Old English; Personal name (Old English) Old English - Personal name; tūn Old English - An enclosure; a farmstead; a village; an estate.,Dodgson; Place-names of Cheshire; A.D. Mills; Dictionary of English Place-Names; E. Ekwall; Dictionary of English Place-Names; Watts; Cambridge Dictionary of English Place-names
Elton,'Eel farm/settlement'.,ēl Old English; tūn Old English - An enclosure; a farmstead; a village; an estate.,A.D. Mills; Dictionary of English Place-Names; E. Ekwall; Dictionary of English Place-Names; Watts; Cambridge Dictionary of English Place-names; Dodgson; Place-names of Cheshire
Faddiley,'*Fad(d)a's wood/clearing'.,"lēah Old English - A forest, wood, glade, clearing; (later) a pasture, meadow.; Personal name (Old English) Old English - Personal name",E. Ekwall; Dictionary of English Place-Names; A.D. Mills; Dictionary of English Place-Names; Dodgson; Place-names of Cheshire; Watts; Cambridge Dictionary of English Place-names
Fallibroome,'Broomy fallow land'.,brōm Old English - Broom; a thorny bush or shrub.; fælging Old English - A harrow.,E. Ekwall; Dictionary of English Place-Names; Dodgson; Place-names of Cheshire; A.D. Mills; Dictionary of English Place-Names; Watts; Cambridge Dictionary of English Place-names
Farndon,'Ferny hill'.,dūn Old English - A hill.; fearn Old English - A fern; ferns; a ferny place.,A.D. Mills; Dictionary of English Place-Names; Dodgson; Place-names of Cheshire; E. Ekwall; Dictionary of English Place-Names; Watts; Cambridge Dictionary of English Place-names
Foulk Stapleford,"'Post ford', ie., marked by such. This part of Stapleford was held by Fulco de Orreby here in 1243 and 1260.","ford Old English - A ford.; stapol Old English - A post, a pillar.",Dodgson; Place-names of Cheshire; E. Ekwall; Dictionary of English Place-Names; A.D. Mills; Dictionary of English Place-Names; Watts; Cambridge Dictionary of English Place-names
Frankby,"'Frank's farm/settlement', probably referring the French rather than used as a personal name.","bȳ Old Norse - A farmstead, a village.; Franca Old English - A Frank, a Frenchman.  Also used as a personal-name.",Dodgson; Place-names of Cheshire; E. Ekwall; Dictionary of English Place-Names; Watts; Cambridge Dictionary of English Place-names; A.D. Mills; Dictionary of English Place-Names
Frodsham,'Frod's homestead/village' or 'Frod's hemmed-in land'.,"hām Old English - A village, a village community, a manor, an estate, a homestead.; hamm Old English - Land hemmed in by water or marsh (perhaps also by high ground); a river-meadow; cultivated plot on the edge of woodland or moor.; Personal name (Old English) Old English - Personal name",A.D. Mills; Dictionary of English Place-Names; Dodgson; Place-names of Cheshire; E. Ekwall; Dictionary of English Place-Names; Watts; Cambridge Dictionary of English Place-names
Fulshaw,"'Foul copse' or perhaps, 'bird copse'","fugol Old English - A bird (in a general sense); probably also a domestic bird.; fūl Old English - Foul, dirty.; sceaga Old English - A small wood.",Watts; Cambridge Dictionary of English Place-names; A.D. Mills; Dictionary of English Place-Names; E. Ekwall; Dictionary of English Place-Names; Dodgson; Place-names of Cheshire
Gawsworth,"'Smith' s enclosure'. The first element may represent a surname, cf. Goff(e), Gough.",gof C; worð Old English - An enclosure.,A.D. Mills; Dictionary of English Place-Names; Dodgson; Place-names of Cheshire; Watts; Cambridge Dictionary of English Place-names; E. Ekwall; Dictionary of English Place-Names
Gayton,"'Goat farm/settlement' or perhaps, 'Gaega's farm/settlement'.",geit Old Norse - A goat.; Personal name (Old Norse) Old Norse - Personal name; tūn Old English - An enclosure; a farmstead; a village; an estate.,Watts; Cambridge Dictionary of English Place-names; A.D. Mills; Dictionary of English Place-Names; E. Ekwall; Dictionary of English Place-Names; Dodgson; Place-names of Cheshire
Godley,'God(d)a's wood/clearing'.,"lēah Old English - A forest, wood, glade, clearing; (later) a pasture, meadow.; Personal name (Old English) Old English - Personal name",E. Ekwall; Dictionary of English Place-Names; A.D. Mills; Dictionary of English Place-Names; Watts; Cambridge Dictionary of English Place-names; Dodgson; Place-names of Cheshire
Golborne David,'Marigold stream'. David de Golberne held this part of Golbourne in the 13th century.,"burna Old English - A stream.; golde Old English - A marigold, a marsh marigold.; Personal name (Uncertain) Unknown - Personal name",Watts; Cambridge Dictionary of English Place-names; A.D. Mills; Dictionary of English Place-Names; Dodgson; Place-names of Cheshire; E. Ekwall; Dictionary of English Place-Names
Goldborne Bellow,'Marigold stream'. This part of Golborne belonged to the Belewe family.,"burna Old English - A stream.; golde Old English - A marigold, a marsh marigold.",A.D. Mills; Dictionary of English Place-Names; Dodgson; Place-names of Cheshire; Watts; Cambridge Dictionary of English Place-names; E. Ekwall; Dictionary of English Place-Names
Goostrey cum Barnshaw,'Gorse bush'. 'Bernulf's wood'.,gorst-trēow Old English - A gorse bush; perhaps a juniper-tree.; Personal name (Old Norse) Old Norse - Personal name; sceaga Old English - A small wood.,A.D. Mills; Dictionary of English Place-Names; Dodgson; Place-names of Cheshire; E. Ekwall; Dictionary of English Place-Names; Watts; Cambridge Dictionary of English Place-names
Grafton,'Grove farm/settlement'.,"grāf Old English - A grove, a copse.; tūn Old English - An enclosure; a farmstead; a village; an estate.",Dodgson; Place-names of Cheshire; E. Ekwall; Dictionary of English Place-Names; A.D. Mills; Dictionary of English Place-Names; Watts; Cambridge Dictionary of English Place-names
Grange,Stanney's 'grange'.,"grange Middle English - A grange; originally a granary, a barn; later a farm; also an outlying farm belonging to a religious house or a feudal lord, where crops were stored.",Watts; Cambridge Dictionary of English Place-names; E. Ekwall; Dictionary of English Place-Names; A.D. Mills; Dictionary of English Place-Names; Dodgson; Place-names of Cheshire
Grappenhall,'Drain nook of land'.,"grōp Old English - A ditch, a drain.; halh Old English - A nook of land; a small valley; dry ground in marsh; a piece of land projecting from, or detached from, the main area of its administrative unit.",A.D. Mills; Dictionary of English Place-Names; Dodgson; Place-names of Cheshire; Watts; Cambridge Dictionary of English Place-names; E. Ekwall; Dictionary of English Place-Names
Greasby,'Grove farm/settlement'.,"burh Old English - A fortified place.; grǣfe Old English - A grove, a copse, a thicket.",Dodgson; Place-names of Cheshire; Watts; Cambridge Dictionary of English Place-names; A.D. Mills; Dictionary of English Place-Names; E. Ekwall; Dictionary of English Place-Names
Great and Little Mollington,'Farm/settlement connected with Moll'.,"-ingtūn Old English - A settlement called after, or connected with . . .; magna Latin - Big, great.; parva Latin - Small.; Personal name (Old English) Old English - Personal name",Watts; Cambridge Dictionary of English Place-names; A.D. Mills; Dictionary of English Place-Names; E. Ekwall; Dictionary of English Place-Names; Dodgson; Place-names of Cheshire
Great and Little Neston,"'Promontory farm/settlement' or perhaps, 'Ness' farm/settlment'.",næss Old English; tūn Old English - An enclosure; a farmstead; a village; an estate.,A.D. Mills; Dictionary of English Place-Names; Watts; Cambridge Dictionary of English Place-names; Dodgson; Place-names of Cheshire; E. Ekwall; Dictionary of English Place-Names
Great and Little Saughall,'Willow-tree nook of land'.,"halh Old English - A nook of land; a small valley; dry ground in marsh; a piece of land projecting from, or detached from, the main area of its administrative unit.; salh Old English",Dodgson; Place-names of Cheshire; E. Ekwall; Dictionary of English Place-Names; A.D. Mills; Dictionary of English Place-Names; Watts; Cambridge Dictionary of English Place-names
Great and Little Stanney,'Stone island'.,"ēg Old English - An island.  In ancient settlement-names, most frequently refers to dry ground surrounded by marsh.  Also used of islands in modern sense.  In late OE names: well-watered land.; magna Latin - Big, great.; parva Latin - Small.; stān Old English - A stone, stone, rock.",A.D. Mills; Dictionary of English Place-Names; Dodgson; Place-names of Cheshire; E. Ekwall; Dictionary of English Place-Names; Watts; Cambridge Dictionary of English Place-names
Great and Little Sutton,'South farm/settlement'.,"magna Latin - Big, great.; parva Latin - Small.; sūð Old English - South, southern.; tūn Old English - An enclosure; a farmstead; a village; an estate.",A.D. Mills; Dictionary of English Place-Names; Dodgson; Place-names of Cheshire; E. Ekwall; Dictionary of English Place-Names; Watts; Cambridge Dictionary of English Place-names
Great Boughton,'Beech-tree farm/settlement'.,bōc Old English - A beech-tree.; tūn Old English - An enclosure; a farmstead; a village; an estate.,Watts; Cambridge Dictionary of English Place-names; Dodgson; Place-names of Cheshire; E. Ekwall; Dictionary of English Place-Names; A.D. Mills; Dictionary of English Place-Names
Great Budworth,'Budda's enclosure'.,"magna Latin - Big, great.; Personal name (Old English) Old English - Personal name; worð Old English - An enclosure.",E. Ekwall; Dictionary of English Place-Names; Dodgson; Place-names of Cheshire; Watts; Cambridge Dictionary of English Place-names; A.D. Mills; Dictionary of English Place-Names
Great Meols,'Sand-banks'.,"melr Old Norse - A sand-bank, a sand-hill.",Dodgson; Place-names of Cheshire; Watts; Cambridge Dictionary of English Place-names; E. Ekwall; Dictionary of English Place-Names; A.D. Mills; Dictionary of English Place-Names
Great Warford,'Weir ford'.,"ford Old English - A ford.; wer Old English - A weir, a river-dam; a fishing-enlosure in a river.",E. Ekwall; Dictionary of English Place-Names; Dodgson; Place-names of Cheshire; A.D. Mills; Dictionary of English Place-Names; Watts; Cambridge Dictionary of English Place-names
Guilden Sutton,"'South farm/settlement'. The description 'golden' is probably used here in the sense of 'rich, productive'.","gylden Old English - Golden (literally as to material or colour, figuratively as to richness or splendour or fertility).; sūð Old English - South, southern.; tūn Old English - An enclosure; a farmstead; a village; an estate.",Dodgson; Place-names of Cheshire; E. Ekwall; Dictionary of English Place-Names; Watts; Cambridge Dictionary of English Place-names; A.D. Mills; Dictionary of English Place-Names
Hale,'At the nook of land'.,"halh Old English - A nook of land; a small valley; dry ground in marsh; a piece of land projecting from, or detached from, the main area of its administrative unit.",A.D. Mills; Dictionary of English Place-Names; Dodgson; Place-names of Cheshire; Watts; Cambridge Dictionary of English Place-names; E. Ekwall; Dictionary of English Place-Names
Halton,'Heathery farm/settlement'.,hāðel Old English - A heathery place.; tūn Old English - An enclosure; a farmstead; a village; an estate.,Dodgson; Place-names of Cheshire; A.D. Mills; Dictionary of English Place-Names; Watts; Cambridge Dictionary of English Place-names; E. Ekwall; Dictionary of English Place-Names
Hampton,'High farm/settlement'.,"hēah Old English - A high place, a height.; tūn Old English - An enclosure; a farmstead; a village; an estate.",Dodgson; Place-names of Cheshire; A.D. Mills; Dictionary of English Place-Names; E. Ekwall; Dictionary of English Place-Names; Watts; Cambridge Dictionary of English Place-names
Handforth,"Uncertain. 'Cock ford', 'Hana's ford' or 'stone ford', ie., a boundary stone.","ford Old English - A ford.; hān Old English - A hone, a stone, a boundary-stone, a rock.; hana Old English - A cock.; Personal name (Old English) Old English - Personal name",E. Ekwall; Dictionary of English Place-Names; A.D. Mills; Dictionary of English Place-Names; Dodgson; Place-names of Cheshire; Watts; Cambridge Dictionary of English Place-names
Handley,'At the high wood/clearing'.,"hēah Old English - A high place, a height.; lēah Old English - A forest, wood, glade, clearing; (later) a pasture, meadow.",Dodgson; Place-names of Cheshire; Watts; Cambridge Dictionary of English Place-names; E. Ekwall; Dictionary of English Place-Names; A.D. Mills; Dictionary of English Place-Names
Hankelow,'*Haneca's mound'.,hlāw Old English - A tumulus; a hill.; Personal name (Old English) Old English - Personal name,A.D. Mills; Dictionary of English Place-Names; Dodgson; Place-names of Cheshire; E. Ekwall; Dictionary of English Place-Names; Watts; Cambridge Dictionary of English Place-names
Hapsford,'*Haep's ford'.,ford Old English - A ford.; Personal name (Old English) Old English - Personal name,Dodgson; Place-names of Cheshire; E. Ekwall; Dictionary of English Place-Names; Watts; Cambridge Dictionary of English Place-names; A.D. Mills; Dictionary of English Place-Names
Hartford,'Hart ford'.,"ford Old English - A ford.; heorot Old English - A hart, a stag, a grown male deer.",A.D. Mills; Dictionary of English Place-Names; Dodgson; Place-names of Cheshire; Watts; Cambridge Dictionary of English Place-names; E. Ekwall; Dictionary of English Place-Names
Harthill,'Hart hill'.,"heorot Old English - A hart, a stag, a grown male deer.; hyll Old English - A hill, a natural eminence or elevated piece of ground.",Watts; Cambridge Dictionary of English Place-names; A.D. Mills; Dictionary of English Place-Names; E. Ekwall; Dictionary of English Place-Names; Dodgson; Place-names of Cheshire
Haslington,'Farm/settlement growing with hazel trees'.,hæslen Old English - Growing with hazel-trees.; tūn Old English - An enclosure; a farmstead; a village; an estate.,A.D. Mills; Dictionary of English Place-Names; Dodgson; Place-names of Cheshire; E. Ekwall; Dictionary of English Place-Names; Watts; Cambridge Dictionary of English Place-names
Hassall,'At the witch's nook of land'.,"hægtesse Old English - A witch.; halh Old English - A nook of land; a small valley; dry ground in marsh; a piece of land projecting from, or detached from, the main area of its administrative unit.",Dodgson; Place-names of Cheshire; E. Ekwall; Dictionary of English Place-Names; A.D. Mills; Dictionary of English Place-Names; Watts; Cambridge Dictionary of English Place-names
Hatherton,'Hawthorn farm/settlement'.,"hagu-þorn Old English - The hawthorn, the whitethorn.; tūn Old English - An enclosure; a farmstead; a village; an estate.",E. Ekwall; Dictionary of English Place-Names; Watts; Cambridge Dictionary of English Place-names; Dodgson; Place-names of Cheshire; A.D. Mills; Dictionary of English Place-Names
Hattersley,'Stag wood/clearing'.,"hēah-dēor Old English - A stag, a deer.; lēah Old English - A forest, wood, glade, clearing; (later) a pasture, meadow.",Watts; Cambridge Dictionary of English Place-names; A.D. Mills; Dictionary of English Place-Names; E. Ekwall; Dictionary of English Place-Names; Dodgson; Place-names of Cheshire
Hatton,'Heath farm/settlement'.,hǣð Old English - Heather; a tract of uncultivated land.; tūn Old English - An enclosure; a farmstead; a village; an estate.,E. Ekwall; Dictionary of English Place-Names; Dodgson; Place-names of Cheshire; Watts; Cambridge Dictionary of English Place-names; A.D. Mills; Dictionary of English Place-Names
Hatton,'Heath farm/settlement'.,hǣð Old English - Heather; a tract of uncultivated land.; tūn Old English - An enclosure; a farmstead; a village; an estate.,Watts; Cambridge Dictionary of English Place-names; A.D. Mills; Dictionary of English Place-Names; E. Ekwall; Dictionary of English Place-Names; Dodgson; Place-names of Cheshire
Haughton,'Nook of land farm/settlement'.,"halh Old English - A nook of land; a small valley; dry ground in marsh; a piece of land projecting from, or detached from, the main area of its administrative unit.; tūn Old English - An enclosure; a farmstead; a village; an estate.",E. Ekwall; Dictionary of English Place-Names; Watts; Cambridge Dictionary of English Place-names; Dodgson; Place-names of Cheshire; A.D. Mills; Dictionary of English Place-Names
Heaton Norris,'High farm/settlement'. It was held by the Norreys family from the 12th century.,"Family name Unknown - Family name.; hēah Old English - A high place, a height.; tūn Old English - An enclosure; a farmstead; a village; an estate.",A.D. Mills; Dictionary of English Place-Names; E. Ekwall; Dictionary of English Place-Names; Ekwall; Place-names of Lancashire; Watts; Cambridge Dictionary of English Place-names
Helsby,'Ledge farm/settlment'.,"bȳ Old Norse - A farmstead, a village.; hjallr Old Norse - A hut; a hut on a mountain-side pasture; a place which might serve as the site of such a hut; a mountain-side ledge or shelf.",E. Ekwall; Dictionary of English Place-Names; A.D. Mills; Dictionary of English Place-Names; Watts; Cambridge Dictionary of English Place-names; Dodgson; Place-names of Cheshire
Henbury cum Pexall,"Probably, '*Hemeda's/Hemede's fortification'. Alternatively, perhaps, 'household's fortification'. 'Peak hill'.","burh Old English - A fortified place.; hǣmed Old English - A household, a society; cohabitation.; hyll Old English - A hill, a natural eminence or elevated piece of ground.; pēac Old English - A knoll, a hill, a peak.",E. Ekwall; Dictionary of English Place-Names; Watts; Cambridge Dictionary of English Place-names; Dodgson; Place-names of Cheshire; A.D. Mills; Dictionary of English Place-Names
Henhull,'Hen hill'.,"henn Old English - A hen. (Usually taken to be a wild hen or water-hen in place-names; perhaps also a domestic hen.); hyll Old English - A hill, a natural eminence or elevated piece of ground.",A.D. Mills; Dictionary of English Place-Names; E. Ekwall; Dictionary of English Place-Names; Dodgson; Place-names of Cheshire; Watts; Cambridge Dictionary of English Place-names
Heswall cum Oldfield,'Hazel-tree spring/stream'. 'Old field'.,"ald Old English; feld Old English - Open country, unencumbered ground (eg. land without trees as opposed to forest, level ground as opposed to hills, land without buildings); arable land (from late tenth century).; hæsel Old English - A hazel-tree.; wella Old English",A.D. Mills; Dictionary of English Place-Names; Dodgson; Place-names of Cheshire; Watts; Cambridge Dictionary of English Place-names; E. Ekwall; Dictionary of English Place-Names
High Legh (or Leigh),'At the wood/clearing'. 'High' is a later addition.,"hēah Old English - A high place, a height.; lēah Old English - A forest, wood, glade, clearing; (later) a pasture, meadow.",Watts; Cambridge Dictionary of English Place-names; Dodgson; Place-names of Cheshire; A.D. Mills; Dictionary of English Place-Names; E. Ekwall; Dictionary of English Place-Names
Higher and Lower Bebington,'Farm/settlement connected with Bebbe/ *Bebba'.,"-ingtūn Old English - A settlement called after, or connected with . . .; Personal name (Old English) Old English - Personal name",A.D. Mills; Dictionary of English Place-Names; Dodgson; Place-names of Cheshire; E. Ekwall; Dictionary of English Place-Names; Watts; Cambridge Dictionary of English Place-names
Higher and Lower Whitley,'White wood/clearing'.,"hwīt Old English - White; in early Modern English sometimes ""infertile"" in contrast with black, ""fertile"".; lēah Old English - A forest, wood, glade, clearing; (later) a pasture, meadow.",A.D. Mills; Dictionary of English Place-Names; Dodgson; Place-names of Cheshire; E. Ekwall; Dictionary of English Place-Names; Watts; Cambridge Dictionary of English Place-names
Hockenhull,'Hoc(c)a's hill'.,"hyll Old English - A hill, a natural eminence or elevated piece of ground.; Personal name (Old English) Old English - Personal name",Watts; Cambridge Dictionary of English Place-names; Dodgson; Place-names of Cheshire; A.D. Mills; Dictionary of English Place-Names; E. Ekwall; Dictionary of English Place-Names
Hollingworth,'Holly-tree enclosure'.,holegn Old English - Holly.; worð Old English - An enclosure.,Watts; Cambridge Dictionary of English Place-names; E. Ekwall; Dictionary of English Place-Names; Dodgson; Place-names of Cheshire; A.D. Mills; Dictionary of English Place-Names
Hoole,'At the hollow'.,"hol Old English - A hole, a hollow.",Dodgson; Place-names of Cheshire; A.D. Mills; Dictionary of English Place-Names; E. Ekwall; Dictionary of English Place-Names; Watts; Cambridge Dictionary of English Place-names
Hoose (lost),'Hollows'.,"hol Old English - A hole, a hollow.",A.D. Mills; Dictionary of English Place-Names; Dodgson; Place-names of Cheshire; E. Ekwall; Dictionary of English Place-Names; Watts; Cambridge Dictionary of English Place-names
Hooton,'Hill-spur farm/settlement'.,hōh Old English - A heel; a sharply projecting piece of ground.; tūn Old English - An enclosure; a farmstead; a village; an estate.,A.D. Mills; Dictionary of English Place-Names; E. Ekwall; Dictionary of English Place-Names; Dodgson; Place-names of Cheshire; Watts; Cambridge Dictionary of English Place-names
Horton,'Filthy farm/settlement'.,"horu Old English - Filth, dirt.; tūn Old English - An enclosure; a farmstead; a village; an estate.",Watts; Cambridge Dictionary of English Place-names; Dodgson; Place-names of Cheshire; E. Ekwall; Dictionary of English Place-Names; A.D. Mills; Dictionary of English Place-Names
Horton cum Peel,'Filthy farm/settlement'. 'Palisade'.,"horu Old English - Filth, dirt.; pēl Middle English - A palisade, a stockade; a moat, a moated site; a moated and stockaded fortified house.; tūn Old English - An enclosure; a farmstead; a village; an estate.",A.D. Mills; Dictionary of English Place-Names; Watts; Cambridge Dictionary of English Place-names; Dodgson; Place-names of Cheshire; E. Ekwall; Dictionary of English Place-Names
Hough,'Hill-spur'.,hōh Old English - A heel; a sharply projecting piece of ground.,E. Ekwall; Dictionary of English Place-Names; A.D. Mills; Dictionary of English Place-Names; Dodgson; Place-names of Cheshire; Watts; Cambridge Dictionary of English Place-names
Hulme Walfield,"Originally, two separate places: 'island' and 'spring/stream open land'.","feld Old English - Open country, unencumbered ground (eg. land without trees as opposed to forest, level ground as opposed to hills, land without buildings); arable land (from late tenth century).; hulm Old Norse; wella Old English",Watts; Cambridge Dictionary of English Place-names; Dodgson; Place-names of Cheshire; E. Ekwall; Dictionary of English Place-Names; A.D. Mills; Dictionary of English Place-Names
Hulse,'Hollows'.,"hol Old English - A hole, a hollow.",Watts; Cambridge Dictionary of English Place-names; Dodgson; Place-names of Cheshire; E. Ekwall; Dictionary of English Place-Names; A.D. Mills; Dictionary of English Place-Names
Hunsterson,"Uncertain. Perhaps, 'dog's-tail farm/settlement' or 'farm/settlement on a tail of land growing with horehound'. In both cases the tail of land refers to the long, low hill-spur on which the village lies.","hūne Old English - Hoarhound.; Personal name (Old English) Old English - Personal name; steort Old English - A tail; a tail or tongue of land, the end of a piece of land, a projecting piece of land.; tūn Old English - An enclosure; a farmstead; a village; an estate.",Watts; Cambridge Dictionary of English Place-names; A.D. Mills; Dictionary of English Place-Names; Dodgson; Place-names of Cheshire; E. Ekwall; Dictionary of English Place-Names
Huntington,"'Hunter's hill' or perhaps, 'hunting hill'.","dūn Old English - A hill.; hunta Old English - A hunter, a huntsman.; hunting Old English - Hunting.",E. Ekwall; Dictionary of English Place-Names; Watts; Cambridge Dictionary of English Place-names; A.D. Mills; Dictionary of English Place-Names; Dodgson; Place-names of Cheshire
Hurdsfield,"Probably, 'hurdle open land'.","ford Old English - A ford.; hyrdel Old English - A hurdle, a wicker-work frame.",Dodgson; Place-names of Cheshire; A.D. Mills; Dictionary of English Place-Names; Watts; Cambridge Dictionary of English Place-names; E. Ekwall; Dictionary of English Place-Names
Hurleston,'Hurdle farm/settlement'.,"hyrdel Old English - A hurdle, a wicker-work frame.; tūn Old English - An enclosure; a farmstead; a village; an estate.",E. Ekwall; Dictionary of English Place-Names; A.D. Mills; Dictionary of English Place-Names; Dodgson; Place-names of Cheshire; Watts; Cambridge Dictionary of English Place-names
Huxley,'Hucc's wood/clearing'.,"lēah Old English - A forest, wood, glade, clearing; (later) a pasture, meadow.; Personal name (Old English) Old English - Personal name",Dodgson; Place-names of Cheshire; A.D. Mills; Dictionary of English Place-Names; E. Ekwall; Dictionary of English Place-Names; Watts; Cambridge Dictionary of English Place-names
Iddinshal,"'Ida's nook of land' or perhaps, 'nook of land of Ida's people'.","-ingas Old English - The people of . . . ; the people called after . . .; halh Old English - A nook of land; a small valley; dry ground in marsh; a piece of land projecting from, or detached from, the main area of its administrative unit.; Personal name (Old English) Old English - Personal name",Watts; Cambridge Dictionary of English Place-names; A.D. Mills; Dictionary of English Place-Names; Dodgson; Place-names of Cheshire; E. Ekwall; Dictionary of English Place-Names
Ince,'Island'.,ïnïs C,A.D. Mills; Dictionary of English Place-Names; E. Ekwall; Dictionary of English Place-Names; Dodgson; Place-names of Cheshire; Watts; Cambridge Dictionary of English Place-names
Irby,"'Farm/settlement of the Irish'. The earliest form shows confusion with OE byrig, the dative singular of burh, 'fortification'.","bȳ Old Norse - A farmstead, a village.; Íri Old Norse - An Irishman; probably also a Norseman who had lived in Ireland.",Watts; Cambridge Dictionary of English Place-names; E. Ekwall; Dictionary of English Place-Names; A.D. Mills; Dictionary of English Place-Names; Dodgson; Place-names of Cheshire
Keckwick,'Keikr's specialised farm'.,"Personal name (Old Norse) Old Norse - Personal name; wīc Old English - A dwelling; a building or collection of buildings for special purposes; a farm, a dairy farm; a trading or industrial settlement; or (in the plural) a hamlet, village.",E. Ekwall; Dictionary of English Place-Names; Dodgson; Place-names of Cheshire; A.D. Mills; Dictionary of English Place-Names; Watts; Cambridge Dictionary of English Place-names
Kelsall,'Kell's nook of land'.,"halh Old English - A nook of land; a small valley; dry ground in marsh; a piece of land projecting from, or detached from, the main area of its administrative unit.; Personal name (Uncertain) Unknown - Personal name",E. Ekwall; Dictionary of English Place-Names; A.D. Mills; Dictionary of English Place-Names; Watts; Cambridge Dictionary of English Place-names; Dodgson; Place-names of Cheshire
Kermincham,"'Homestead/village of Cenfrith's people' or perhaps, 'homestead/village at Cenfrith's place'.","-ing Old English - Place-name forming suffix.; -ingas Old English - The people of . . . ; the people called after . . .; hām Old English - A village, a village community, a manor, an estate, a homestead.; Personal name (Old English) Old English - Personal name",Dodgson; Place-names of Cheshire; E. Ekwall; Dictionary of English Place-Names; Watts; Cambridge Dictionary of English Place-names; A.D. Mills; Dictionary of English Place-Names
Kettleshulme,'Ketil's island'.,hulm Old Norse; Personal name (Old Norse) Old Norse - Personal name,E. Ekwall; Dictionary of English Place-Names; Dodgson; Place-names of Cheshire; Watts; Cambridge Dictionary of English Place-names; A.D. Mills; Dictionary of English Place-Names
Kinderton cum Hulme,'Cyneraed's farm/settlement'. 'Island'.,hulm Old Norse; Personal name (Old English) Old English - Personal name; tūn Old English - An enclosure; a farmstead; a village; an estate.,A.D. Mills; Dictionary of English Place-Names; Dodgson; Place-names of Cheshire; Watts; Cambridge Dictionary of English Place-names; E. Ekwall; Dictionary of English Place-Names
Kings Marsh,King's 'marsh'.,cyning Old English - A king.; mersc Old English - A marsh.,Watts; Cambridge Dictionary of English Place-names; A.D. Mills; Dictionary of English Place-Names; Dodgson; Place-names of Cheshire; E. Ekwall; Dictionary of English Place-Names
Kingsley,'King's wood/clearing'.,"cyning Old English - A king.; lēah Old English - A forest, wood, glade, clearing; (later) a pasture, meadow.",A.D. Mills; Dictionary of English Place-Names; Watts; Cambridge Dictionary of English Place-names; E. Ekwall; Dictionary of English Place-Names; Dodgson; Place-names of Cheshire
Kingswood,'King's wood'.,"cyning Old English - A king.; wudu Old English - A wood; or wood, timber.",Dodgson; Place-names of Cheshire; Watts; Cambridge Dictionary of English Place-names; A.D. Mills; Dictionary of English Place-Names; E. Ekwall; Dictionary of English Place-Names
Knutsford Nether and Overton,"'Knutr's ford'. However, some spellings may also point to a possible, 'hillock ford'.",cnotta Old English - A knot.; ford Old English - A ford.; Personal name (Old Norse) Old Norse - Personal name,Watts; Cambridge Dictionary of English Place-names; E. Ekwall; Dictionary of English Place-Names; Dodgson; Place-names of Cheshire; A.D. Mills; Dictionary of English Place-Names
Lach Dennis,"'Boggy stream'. Dennis, OFr. daneis, 'Dane' from a tenant called Colben in the time of King Edward.","lache Middle English - A stream, a bog; a boggy stream, a stream in a bog.",A.D. Mills; Dictionary of English Place-Names; Dodgson; Place-names of Cheshire; E. Ekwall; Dictionary of English Place-Names; Watts; Cambridge Dictionary of English Place-names
Landican,"'Tegan's church', an otherwise unknown Welsh saint.",lann C; Saint's Name Unknown - Saint's name.,E. Ekwall; Dictionary of English Place-Names; A.D. Mills; Dictionary of English Place-Names; Dodgson; Place-names of Cheshire; Watts; Cambridge Dictionary of English Place-names
Larkton,'Lark hill'.,dūn Old English - A hill.; lāwerce Old English - A lark.,E. Ekwall; Dictionary of English Place-Names; A.D. Mills; Dictionary of English Place-Names; Dodgson; Place-names of Cheshire; Watts; Cambridge Dictionary of English Place-names
Lea,'Wood/clearing'.,"lēah Old English - A forest, wood, glade, clearing; (later) a pasture, meadow.",E. Ekwall; Dictionary of English Place-Names; A.D. Mills; Dictionary of English Place-Names; Dodgson; Place-names of Cheshire; Watts; Cambridge Dictionary of English Place-names
Lea by Backford,'Wood/clearing'.,"lēah Old English - A forest, wood, glade, clearing; (later) a pasture, meadow.; Place-name Unknown - Place-name",E. Ekwall; Dictionary of English Place-Names; Dodgson; Place-names of Cheshire; A.D. Mills; Dictionary of English Place-Names; Watts; Cambridge Dictionary of English Place-names
Lea Newbold,'New dwelling' and 'wood/clearing' from adjacent Lea Hall Farm.,"bold Old English - A building.; lēah Old English - A forest, wood, glade, clearing; (later) a pasture, meadow.; nīwe Old English - New.",E. Ekwall; Dictionary of English Place-Names; Watts; Cambridge Dictionary of English Place-names; Dodgson; Place-names of Cheshire; A.D. Mills; Dictionary of English Place-Names
Ledsham,'Leofede's homestead/village'.,"hām Old English - A village, a village community, a manor, an estate, a homestead.; Personal name (Old English) Old English - Personal name",E. Ekwall; Dictionary of English Place-Names; A.D. Mills; Dictionary of English Place-Names; Dodgson; Place-names of Cheshire; Watts; Cambridge Dictionary of English Place-names
Leese,'Woods/clearings'.,"lēah Old English - A forest, wood, glade, clearing; (later) a pasture, meadow.",E. Ekwall; Dictionary of English Place-Names; Watts; Cambridge Dictionary of English Place-names; A.D. Mills; Dictionary of English Place-Names; Dodgson; Place-names of Cheshire
Leftwich,'Leoftaet's specialised farm'.,"Personal name (Old English) Old English - Personal name; wīc Old English - A dwelling; a building or collection of buildings for special purposes; a farm, a dairy farm; a trading or industrial settlement; or (in the plural) a hamlet, village.",E. Ekwall; Dictionary of English Place-Names; Watts; Cambridge Dictionary of English Place-names; Dodgson; Place-names of Cheshire; A.D. Mills; Dictionary of English Place-Names
Leighton,'Leek enclosure/herb garden'.,lēac-tūn Old English - A leek enclosure; a herb garden.,E. Ekwall; Dictionary of English Place-Names; A.D. Mills; Dictionary of English Place-Names; Dodgson; Place-names of Cheshire; Watts; Cambridge Dictionary of English Place-names
Leighton,'Leek enclosure/herb garden'.,lēac-tūn Old English - A leek enclosure; a herb garden.,A.D. Mills; Dictionary of English Place-Names; E. Ekwall; Dictionary of English Place-Names; Dodgson; Place-names of Cheshire; Watts; Cambridge Dictionary of English Place-names
Liscard,'Hall at the rock'.,carreg C; en C; lïs C,E. Ekwall; Dictionary of English Place-Names; Watts; Cambridge Dictionary of English Place-names; Dodgson; Place-names of Cheshire; A.D. Mills; Dictionary of English Place-Names
Little Budworth,'Bud(d)a's enclosure'.,worð Old English - An enclosure.,E. Ekwall; Dictionary of English Place-Names; Dodgson; Place-names of Cheshire; Watts; Cambridge Dictionary of English Place-names; A.D. Mills; Dictionary of English Place-Names
Little Leigh,'Wood/clearing'. 'Little' is a late addition.,"lēah Old English - A forest, wood, glade, clearing; (later) a pasture, meadow.",Watts; Cambridge Dictionary of English Place-names; A.D. Mills; Dictionary of English Place-Names; Dodgson; Place-names of Cheshire; E. Ekwall; Dictionary of English Place-Names
Little Meols,'Sand-banks'.,"melr Old Norse - A sand-bank, a sand-hill.",E. Ekwall; Dictionary of English Place-Names; Watts; Cambridge Dictionary of English Place-names; A.D. Mills; Dictionary of English Place-Names; Dodgson; Place-names of Cheshire
Littleton,'Little farm/settlement'.,"lȳtel Old English - Little, small.; tūn Old English - An enclosure; a farmstead; a village; an estate.",E. Ekwall; Dictionary of English Place-Names; Dodgson; Place-names of Cheshire; A.D. Mills; Dictionary of English Place-Names; Watts; Cambridge Dictionary of English Place-names
Lostock Gralam,'Pig-sty outlying farm/settlement'. Graland was the grandson of Hugh de Runchamp to whom this part of the manor was granted c. 1070.,"hlōse Old English - A pig-sty; probably originally a shed, a shelter.; Personal name (Uncertain) Unknown - Personal name; stoc Old English - A place, a secondary settlement.",A.D. Mills; Dictionary of English Place-Names; E. Ekwall; Dictionary of English Place-Names; Dodgson; Place-names of Cheshire; Watts; Cambridge Dictionary of English Place-names
Lower Withington,'Willow-tree farm/settlement'.,tūn Old English - An enclosure; a farmstead; a village; an estate.; wīðig Old English - A willow-tree; a withy.,E. Ekwall; Dictionary of English Place-Names; A.D. Mills; Dictionary of English Place-Names; Watts; Cambridge Dictionary of English Place-names; Dodgson; Place-names of Cheshire
Lyme Handley,"'At the high wood/clearing'. 'Lyme', which appears as an affix or element is several place-names, is usually explained an old district name meaning 'growing with elms'. More recently, an alternative explanation of 'boundary area' from L. limes, borrowed i","hēah Old English - A high place, a height.; lēah Old English - A forest, wood, glade, clearing; (later) a pasture, meadow.; lemano- C",Dodgson; Place-names of Cheshire; E. Ekwall; Dictionary of English Place-Names; A.D. Mills; Dictionary of English Place-Names; Watts; Cambridge Dictionary of English Place-names
Lymm,"'Noisy torrent', probably referring to the noise of Slitten Brook as it tumbles through a ravine in the town.","hlimme Old English - A (noisy) stream, a (resounding) torrent.",E. Ekwall; Dictionary of English Place-Names; Watts; Cambridge Dictionary of English Place-names; A.D. Mills; Dictionary of English Place-Names; Dodgson; Place-names of Cheshire
Macclesfield,'*Maccels' open country'.,"feld Old English - Open country, unencumbered ground (eg. land without trees as opposed to forest, level ground as opposed to hills, land without buildings); arable land (from late tenth century).; Personal name (Old English) Old English - Personal name",Dodgson; Place-names of Cheshire; A.D. Mills; Dictionary of English Place-Names; Watts; Cambridge Dictionary of English Place-names; E. Ekwall; Dictionary of English Place-Names
Macclesfield Forest,A township that was the core of what was once an extensive forest. vida Macclesfield,"forest Middle English - A large tract of woodland, a forest.; Place-name Unknown - Place-name",A.D. Mills; Dictionary of English Place-Names; E. Ekwall; Dictionary of English Place-Names; Dodgson; Place-names of Cheshire; Watts; Cambridge Dictionary of English Place-names
Macefen,'Boundary field'.,ffin C; maes C,A.D. Mills; Dictionary of English Place-Names; Dodgson; Place-names of Cheshire; Watts; Cambridge Dictionary of English Place-names; E. Ekwall; Dictionary of English Place-Names
Malpas,'Difficult passage'.,mal Old French - Bad.; pas Old French - A passage.,A.D. Mills; Dictionary of English Place-Names; Watts; Cambridge Dictionary of English Place-names; Dodgson; Place-names of Cheshire; E. Ekwall; Dictionary of English Place-Names
Manley,'Common wood/clearing'.,"feld Old English - Open country, unencumbered ground (eg. land without trees as opposed to forest, level ground as opposed to hills, land without buildings); arable land (from late tenth century).; mǣne Old English - Common; communal (land).",A.D. Mills; Dictionary of English Place-Names; Dodgson; Place-names of Cheshire; E. Ekwall; Dictionary of English Place-Names; Watts; Cambridge Dictionary of English Place-names
Marbury,"'Lake fortification', referring to nearby Budworth Mere.","burh Old English - A fortified place.; mere Old English - A pond, a pool, a lake.",Dodgson; Place-names of Cheshire; Watts; Cambridge Dictionary of English Place-names; A.D. Mills; Dictionary of English Place-Names; E. Ekwall; Dictionary of English Place-Names
Marbury cum Quoisley,'Pool fortification'. 'Cusa's wood/clearing'.,"burh Old English - A fortified place.; lēah Old English - A forest, wood, glade, clearing; (later) a pasture, meadow.; mere Old English - A pond, a pool, a lake.; Personal name (Old English) Old English - Personal name",E. Ekwall; Dictionary of English Place-Names; Watts; Cambridge Dictionary of English Place-names; Dodgson; Place-names of Cheshire; A.D. Mills; Dictionary of English Place-Names
Marlston cum Lache,'Maerel's farm/settlement'. 'Boggy stream'.,"læcc Old English - A stream, a bog.; Personal name (Old English) Old English - Personal name; tūn Old English - An enclosure; a farmstead; a village; an estate.",A.D. Mills; Dictionary of English Place-Names; E. Ekwall; Dictionary of English Place-Names; Dodgson; Place-names of Cheshire; Watts; Cambridge Dictionary of English Place-names
Marple,'Boundary pool'.,"mǣre Old English - A boundary, a border; (in field names) the balk of a ploughland.; pyll Old English - A tidal creek; possibly also a small stream.",Dodgson; Place-names of Cheshire; E. Ekwall; Dictionary of English Place-Names; A.D. Mills; Dictionary of English Place-Names; Watts; Cambridge Dictionary of English Place-names
Marston,'Marsh farm/settlement'.,mersc Old English - A marsh.; tūn Old English - An enclosure; a farmstead; a village; an estate.,E. Ekwall; Dictionary of English Place-Names; Dodgson; Place-names of Cheshire; Watts; Cambridge Dictionary of English Place-names; A.D. Mills; Dictionary of English Place-Names
Marthall cum Warford,'Marten/weasel nook of land'. 'Weir ford'.,"ford Old English - A ford.; halh Old English - A nook of land; a small valley; dry ground in marsh; a piece of land projecting from, or detached from, the main area of its administrative unit.; mearð Old English - A marten, a weasel.; wer Old English - A weir, a river-dam; a fishing-enlosure in a river.",E. Ekwall; Dictionary of English Place-Names; Dodgson; Place-names of Cheshire; A.D. Mills; Dictionary of English Place-Names; Watts; Cambridge Dictionary of English Place-names
Marton,'Lake farm/settlement'.,"mere Old English - A pond, a pool, a lake.; tūn Old English - An enclosure; a farmstead; a village; an estate.",E. Ekwall; Dictionary of English Place-Names; Watts; Cambridge Dictionary of English Place-names; Dodgson; Place-names of Cheshire; A.D. Mills; Dictionary of English Place-Names
Marton,'Pool farm/settlement'.,"mere Old English - A pond, a pool, a lake.; tūn Old English - An enclosure; a farmstead; a village; an estate.",Watts; Cambridge Dictionary of English Place-names; E. Ekwall; Dictionary of English Place-Names; A.D. Mills; Dictionary of English Place-Names; Dodgson; Place-names of Cheshire
Matley,'Matta's wood/clearing'.,"lēah Old English - A forest, wood, glade, clearing; (later) a pasture, meadow.; Personal name (Old English) Old English - Personal name",Dodgson; Place-names of Cheshire; E. Ekwall; Dictionary of English Place-Names; Watts; Cambridge Dictionary of English Place-names; A.D. Mills; Dictionary of English Place-Names
Mellor,'Bald hill'.,breg C; mailo- C,A.D. Mills; Dictionary of English Place-Names; E. Ekwall; Dictionary of English Place-Names; Cameron; Place-names of Derbyshire; Watts; Cambridge Dictionary of English Place-names
Mere,'Pool'.,"mere Old English - A pond, a pool, a lake.",Watts; Cambridge Dictionary of English Place-names; E. Ekwall; Dictionary of English Place-Names; Dodgson; Place-names of Cheshire; A.D. Mills; Dictionary of English Place-Names
Mickle Trafford,'Trough ford'. 'Great' to distinguish from Wimbolds and Bridge Trafford.,"ford Old English - A ford.; mikill Old Norse - Big, great.; trog Old English - A trough, a long narrow vessel; used topographically of a hollow.",E. Ekwall; Dictionary of English Place-Names; Watts; Cambridge Dictionary of English Place-names; A.D. Mills; Dictionary of English Place-Names; Dodgson; Place-names of Cheshire
Middlewich,"'Middle specialised farm', in this case salt production. This was the site of the Roman town of Salinae, 'the salt works'.","middel Old English - Middle.; wīc Old English - A dwelling; a building or collection of buildings for special purposes; a farm, a dairy farm; a trading or industrial settlement; or (in the plural) a hamlet, village.",A.D. Mills; Dictionary of English Place-Names; Rivet & Smith; Place-names of Roman Britain; Watts; Cambridge Dictionary of English Place-names; Dodgson; Place-names of Cheshire; E. Ekwall; Dictionary of English Place-Names
Millington,Mill-enclosure. OR: Mill farm.,myln Old English - A mill.; tūn Old English - An enclosure; a farmstead; a village; an estate.,
Millington,'Mill farm/settlement'.,myln Old English - A mill.; tūn Old English - An enclosure; a farmstead; a village; an estate.,Dodgson; Place-names of Cheshire; Watts; Cambridge Dictionary of English Place-names; A.D. Mills; Dictionary of English Place-Names; E. Ekwall; Dictionary of English Place-Names
Minsull Vernon,'Monn's shelf'. Warin de Vernon held this part of the manor ca. 1200.,"Personal name (Old English) Old English - Personal name; scelf Old English - A shelf, a shelving terrain; a pinnacle, battlement.",A.D. Mills; Dictionary of English Place-Names; Watts; Cambridge Dictionary of English Place-names; Dodgson; Place-names of Cheshire; E. Ekwall; Dictionary of English Place-Names
Mobberley,'Meeting-fortification wood/clearing'.,"burh Old English - A fortified place.; lēah Old English - A forest, wood, glade, clearing; (later) a pasture, meadow.; mōt Old English - A meeting, an encounter: used of an assembly of people, or a river confluence.",Dodgson; Place-names of Cheshire; Watts; Cambridge Dictionary of English Place-names; A.D. Mills; Dictionary of English Place-Names; E. Ekwall; Dictionary of English Place-Names
Monks Coppenhall,'*Coppa's nook of land'. It was held by Combermere Abbey.,"halh Old English - A nook of land; a small valley; dry ground in marsh; a piece of land projecting from, or detached from, the main area of its administrative unit.; munuc Old English - A monk.; Personal name (Old English) Old English - Personal name",Watts; Cambridge Dictionary of English Place-names; Dodgson; Place-names of Cheshire; E. Ekwall; Dictionary of English Place-Names; A.D. Mills; Dictionary of English Place-Names
Moore,'Moor'.,"mōr Old English - A marsh, barren upland.",Watts; Cambridge Dictionary of English Place-names; Dodgson; Place-names of Cheshire; A.D. Mills; Dictionary of English Place-Names; E. Ekwall; Dictionary of English Place-Names
Mooresbarrow with Parme,'Moor grove'. Uncertain. Possibly 'at the pear-tree(s)'.,"bearu Old English - A grove.  (Usually refers to a wood of limited extent rather than to forest areas.); mōr Old English - A marsh, barren upland.; peru Old English - A pear, the fruit of the pear-tree.",Dodgson; Place-names of Cheshire; Watts; Cambridge Dictionary of English Place-names; A.D. Mills; Dictionary of English Place-Names; E. Ekwall; Dictionary of English Place-Names
Moreton,'Moor farm/settlement'.,"mōr Old English - A marsh, barren upland.; tūn Old English - An enclosure; a farmstead; a village; an estate.",Dodgson; Place-names of Cheshire; Watts; Cambridge Dictionary of English Place-names; A.D. Mills; Dictionary of English Place-Names; E. Ekwall; Dictionary of English Place-Names
Moreton cum Alcomlow,'Moor farm/settlement'. 'Ealmund's mound'.,"hlāw Old English - A tumulus; a hill.; mōr Old English - A marsh, barren upland.; Personal name (Old English) Old English - Personal name; tūn Old English - An enclosure; a farmstead; a village; an estate.",A.D. Mills; Dictionary of English Place-Names; E. Ekwall; Dictionary of English Place-Names; Dodgson; Place-names of Cheshire; Watts; Cambridge Dictionary of English Place-names
Moston,"'Moss farm/settlement', probably in the sense of a peat bog.","mos Old English - A bog, a swamp; presumably also moss.  Only recorded once, in charter boundaries dating from 975.; tūn Old English - An enclosure; a farmstead; a village; an estate.",E. Ekwall; Dictionary of English Place-Names; A.D. Mills; Dictionary of English Place-Names; Watts; Cambridge Dictionary of English Place-names; Dodgson; Place-names of Cheshire
Moston,Uncertain. 'Farm/settlement at *Morsae (= moor lake)' or 'moor-fold farm/settlement'.,"mōr Old English - A marsh, barren upland.; sǣ Old English - A lake; sea.  Usually means ""sea"" when used as a first element, and ""lake"" when used as a second element.; set Old English - A dwelling, a camp, a place for animals, a stable, a fold.; tūn Old English - An enclosure; a farmstead; a village; an estate.",Dodgson; Place-names of Cheshire; E. Ekwall; Dictionary of English Place-Names; Watts; Cambridge Dictionary of English Place-names; A.D. Mills; Dictionary of English Place-Names
Mottram in Longdendale,"Uncertain. 'At the meeting tree', 'at the speaker's place' or 'meeting space'.","dalr Old Norse - A valley.; denu Old English - A valley.; lang Old English - Long, tall.; mōt Old English - A meeting, an encounter: used of an assembly of people, or a river confluence.; mōtere Old English - A speaker at an assembly.; rūm Old English - Room, space, an open space, a clearing; an alloted space of common land or turbary.; trēow Old English - A tree; a large piece of wood, a post, a beam.",Dodgson; Place-names of Cheshire; Watts; Cambridge Dictionary of English Place-names; E. Ekwall; Dictionary of English Place-Names; A.D. Mills; Dictionary of English Place-Names
Mottram St. Andrew,"Uncertain. 'At the meeting tree', 'at the speaker's place' or 'meeting space'. 'Saint' appears to be a spurious late addition to an already extant Andrew, an unidentifed tenant.","Family name Unknown - Family name.; mōt Old English - A meeting, an encounter: used of an assembly of people, or a river confluence.; mōtere Old English - A speaker at an assembly.; Personal name (Uncertain) Unknown - Personal name; rūm Old English - Room, space, an open space, a clearing; an alloted space of common land or turbary.; trēow Old English - A tree; a large piece of wood, a post, a beam.",E. Ekwall; Dictionary of English Place-Names; Dodgson; Place-names of Cheshire; A.D. Mills; Dictionary of English Place-Names; Watts; Cambridge Dictionary of English Place-names
Mouldsworth,'Hill enclosure'.,molda Old English - The crown of the head.; worð Old English - An enclosure.,Dodgson; Place-names of Cheshire; Watts; Cambridge Dictionary of English Place-names; A.D. Mills; Dictionary of English Place-Names; E. Ekwall; Dictionary of English Place-Names
Moulton,'Mula's farm/settlement' or 'mules' farm/settlement'.,mūl Old English - A mule.; Personal name (Old English) Old English - Personal name; tūn Old English - An enclosure; a farmstead; a village; an estate.,Watts; Cambridge Dictionary of English Place-names; Dodgson; Place-names of Cheshire; A.D. Mills; Dictionary of English Place-Names; E. Ekwall; Dictionary of English Place-Names
Nantwich,"'Specialised farm', in this case salt production. Later it was 'famous'.","named Middle English - Renowned, well-known; known by name.; wīc Old English - A dwelling; a building or collection of buildings for special purposes; a farm, a dairy farm; a trading or industrial settlement; or (in the plural) a hamlet, village.",Dodgson; Place-names of Cheshire; E. Ekwall; Dictionary of English Place-Names; Watts; Cambridge Dictionary of English Place-names; A.D. Mills; Dictionary of English Place-Names
Ness,'Promontory'.,næss Old English,A.D. Mills; Dictionary of English Place-Names; E. Ekwall; Dictionary of English Place-Names; Watts; Cambridge Dictionary of English Place-names; Dodgson; Place-names of Cheshire
Nether Alderley,'Althrth's wood/clearing'.,"lēah Old English - A forest, wood, glade, clearing; (later) a pasture, meadow.; Personal name (Old English) Old English - Personal name",Watts; Cambridge Dictionary of English Place-names; Dodgson; Place-names of Cheshire; E. Ekwall; Dictionary of English Place-Names; A.D. Mills; Dictionary of English Place-Names
Nether Peover,Named after the River Peover.,River-name Unknown - River-name,A.D. Mills; Dictionary of English Place-Names; Dodgson; Place-names of Cheshire; Watts; Cambridge Dictionary of English Place-names; E. Ekwall; Dictionary of English Place-Names
Netherpool,Lower 'pool'.,neoðera Old English - Lower. (No positive form.); pōl Old English - A pool.,Dodgson; Place-names of Cheshire; A.D. Mills; Dictionary of English Place-Names; E. Ekwall; Dictionary of English Place-Names; Watts; Cambridge Dictionary of English Place-names
Newall,'New hall'.,"hall Old English - A slope, a hill; a boulder.; nīwe Old English - New.",Watts; Cambridge Dictionary of English Place-names; Dodgson; Place-names of Cheshire; E. Ekwall; Dictionary of English Place-Names; A.D. Mills; Dictionary of English Place-Names
Newbold Astbury,A lost 'new building' with 'east fortification'.,"ból Old Norse - A dwelling, a homestead.; burh Old English - A fortified place.; ēast Old English - Eastern, east.; nīwe Old English - New.",A.D. Mills; Dictionary of English Place-Names; Watts; Cambridge Dictionary of English Place-names; E. Ekwall; Dictionary of English Place-Names; Dodgson; Place-names of Cheshire
Newhall,'New hall'.,"hall Old English - A slope, a hill; a boulder.; nīwe Old English - New.",Dodgson; Place-names of Cheshire; A.D. Mills; Dictionary of English Place-Names; E. Ekwall; Dictionary of English Place-Names; Watts; Cambridge Dictionary of English Place-names
Newton,'New farm/settlement,nīwe Old English - New.; tūn Old English - An enclosure; a farmstead; a village; an estate.,E. Ekwall; Dictionary of English Place-Names; A.D. Mills; Dictionary of English Place-Names; Watts; Cambridge Dictionary of English Place-names; Dodgson; Place-names of Cheshire
Newton,'New farm/settlement'.,nīwe Old English - New.; tūn Old English - An enclosure; a farmstead; a village; an estate.,Dodgson; Place-names of Cheshire; A.D. Mills; Dictionary of English Place-Names; Watts; Cambridge Dictionary of English Place-names; E. Ekwall; Dictionary of English Place-Names
Newton by Chester,'New farm/settlement' by Chester.,nīwe Old English - New.; Place-name Unknown - Place-name; tūn Old English - An enclosure; a farmstead; a village; an estate.,A.D. Mills; Dictionary of English Place-Names; Dodgson; Place-names of Cheshire; E. Ekwall; Dictionary of English Place-Names; Watts; Cambridge Dictionary of English Place-names
Newton by Daresbury,'New farm/settlement' by Daresbury.,nīwe Old English - New.; Place-name Unknown - Place-name; tūn Old English - An enclosure; a farmstead; a village; an estate.,A.D. Mills; Dictionary of English Place-Names; Watts; Cambridge Dictionary of English Place-names; E. Ekwall; Dictionary of English Place-Names; Dodgson; Place-names of Cheshire
Newton by Frodsham,'New farm/settlement' by Frodsham.,nīwe Old English - New.; Place-name Unknown - Place-name; tūn Old English - An enclosure; a farmstead; a village; an estate.,Dodgson; Place-names of Cheshire; Watts; Cambridge Dictionary of English Place-names; A.D. Mills; Dictionary of English Place-Names; E. Ekwall; Dictionary of English Place-Names
Newton by Tattenhall,'New farm/settlement' by Tattenhall.,nīwe Old English - New.; Place-name Unknown - Place-name; tūn Old English - An enclosure; a farmstead; a village; an estate.,Watts; Cambridge Dictionary of English Place-names; E. Ekwall; Dictionary of English Place-Names; Dodgson; Place-names of Cheshire; A.D. Mills; Dictionary of English Place-Names
Newton cum Larton,'New farm/settlement'. 'Clayey farm/settlement'.,"leirr Old Norse - Mud, clay.; nīwe Old English - New.; tūn Old English - An enclosure; a farmstead; a village; an estate.; tún Old Norse - An enclosure, a farmstead.",Watts; Cambridge Dictionary of English Place-names; A.D. Mills; Dictionary of English Place-Names; E. Ekwall; Dictionary of English Place-Names; Dodgson; Place-names of Cheshire
Newton Malpas,'New farm/settlement' by Malpas.,nīwe Old English - New.; Place-name Unknown - Place-name; tūn Old English - An enclosure; a farmstead; a village; an estate.,Dodgson; Place-names of Cheshire; Watts; Cambridge Dictionary of English Place-names; A.D. Mills; Dictionary of English Place-Names; E. Ekwall; Dictionary of English Place-Names
Noctorum,'Dry hill'. The current spelling reflects a Latin influence.,cnocc Old English - A hillock.; tírim C,Watts; Cambridge Dictionary of English Place-names; Dodgson; Place-names of Cheshire; A.D. Mills; Dictionary of English Place-Names; E. Ekwall; Dictionary of English Place-Names
Norbury,'North fortification'.,"burh Old English - A fortified place.; norð Old English - Northern, north.",Watts; Cambridge Dictionary of English Place-names; E. Ekwall; Dictionary of English Place-Names; A.D. Mills; Dictionary of English Place-Names; Dodgson; Place-names of Cheshire
Norbury,'North fortification'.,"burh Old English - A fortified place.; norð Old English - Northern, north.",Dodgson; Place-names of Cheshire; E. Ekwall; Dictionary of English Place-Names; Watts; Cambridge Dictionary of English Place-names; A.D. Mills; Dictionary of English Place-Names
Norley,'North wood/clearing'.,"lēah Old English - A forest, wood, glade, clearing; (later) a pasture, meadow.; norð Old English - Northern, north.",E. Ekwall; Dictionary of English Place-Names; A.D. Mills; Dictionary of English Place-Names; Watts; Cambridge Dictionary of English Place-names; Dodgson; Place-names of Cheshire
North Rode,'Clearing'. 'North' to distinguish from Odd Rode.,"norð Old English - Northern, north.; rod Old English - A clearing.",Dodgson; Place-names of Cheshire; A.D. Mills; Dictionary of English Place-Names; Watts; Cambridge Dictionary of English Place-names; E. Ekwall; Dictionary of English Place-Names
Northwich,"'North specialised farm', in this case specialising in salt production.","norð Old English - Northern, north.; wīc Old English - A dwelling; a building or collection of buildings for special purposes; a farm, a dairy farm; a trading or industrial settlement; or (in the plural) a hamlet, village.",Watts; Cambridge Dictionary of English Place-names; Dodgson; Place-names of Cheshire; E. Ekwall; Dictionary of English Place-Names; A.D. Mills; Dictionary of English Place-Names
Norton,'North farm/settlement'.,"norð Old English - Northern, north.; tūn Old English - An enclosure; a farmstead; a village; an estate.",A.D. Mills; Dictionary of English Place-Names; E. Ekwall; Dictionary of English Place-Names; Watts; Cambridge Dictionary of English Place-names; Dodgson; Place-names of Cheshire
Oakmere,'Oak-tree pool'.,"āc Old English - An oak-tree.; mere Old English - A pond, a pool, a lake.",A.D. Mills; Dictionary of English Place-Names; Dodgson; Place-names of Cheshire; E. Ekwall; Dictionary of English Place-Names; Watts; Cambridge Dictionary of English Place-names
Occlestone,'Acwulf's farm/settlement'.,Personal name (Old English) Old English - Personal name; tūn Old English - An enclosure; a farmstead; a village; an estate.,A.D. Mills; Dictionary of English Place-Names; Watts; Cambridge Dictionary of English Place-names; Dodgson; Place-names of Cheshire; E. Ekwall; Dictionary of English Place-Names
Odd Rode,'Clearings'. 'Old' to distinguish from North Rode,rod Old English - A clearing.,A.D. Mills; Dictionary of English Place-Names; E. Ekwall; Dictionary of English Place-Names; Dodgson; Place-names of Cheshire; Watts; Cambridge Dictionary of English Place-names
Offerton,"'Offa's ford farm/settlement' with occasional forms 'farm/settlement connected with *Offanford (= Offa's ford'. Otherwise, perhaps, 'Oftfor's/Osfroth's farm/settlement'.",ford Old English - A ford.; Personal name (Old English) Old English - Personal name; tūn Old English - An enclosure; a farmstead; a village; an estate.,A.D. Mills; Dictionary of English Place-Names; Watts; Cambridge Dictionary of English Place-names; Dodgson; Place-names of Cheshire; E. Ekwall; Dictionary of English Place-Names
Old Withington,'Willow-tree farm/settlement'.,tūn Old English - An enclosure; a farmstead; a village; an estate.; wīðig Old English - A willow-tree; a withy.,E. Ekwall; Dictionary of English Place-Names; Dodgson; Place-names of Cheshire; Watts; Cambridge Dictionary of English Place-names; A.D. Mills; Dictionary of English Place-Names
Oldcastle,'Old castle'.,ald Old English; castel Old English - A defensive building; a village.,Dodgson; Place-names of Cheshire; E. Ekwall; Dictionary of English Place-Names; Watts; Cambridge Dictionary of English Place-names; A.D. Mills; Dictionary of English Place-Names
Ollerton,'Alder-tree farm/settlement'.,alor Old English - An alder-tree.; tūn Old English - An enclosure; a farmstead; a village; an estate.,A.D. Mills; Dictionary of English Place-Names; Watts; Cambridge Dictionary of English Place-names; E. Ekwall; Dictionary of English Place-Names; Dodgson; Place-names of Cheshire
Onston,'Lonely stone'.,"āna Old English - Lonely.  (Difficult to distinguish from ān, ""one, single"".; stān Old English - A stone, stone, rock.",A.D. Mills; Dictionary of English Place-Names; Dodgson; Place-names of Cheshire; Watts; Cambridge Dictionary of English Place-names; E. Ekwall; Dictionary of English Place-Names
Oulton Lowe,'Old farm/settlement'. 'Mound' to distinguish from Oulton Park.,ald Old English; hlāw Old English - A tumulus; a hill.; tūn Old English - An enclosure; a farmstead; a village; an estate.,E. Ekwall; Dictionary of English Place-Names; A.D. Mills; Dictionary of English Place-Names; Dodgson; Place-names of Cheshire; Watts; Cambridge Dictionary of English Place-names
Over,'Ridge'.,"ōfer Old English - A margin; a river-bank, sea-shore.",Watts; Cambridge Dictionary of English Place-names; E. Ekwall; Dictionary of English Place-Names; Dodgson; Place-names of Cheshire; A.D. Mills; Dictionary of English Place-Names
Over Alderley,'Althryth's wood/clearing'.,"lēah Old English - A forest, wood, glade, clearing; (later) a pasture, meadow.; Personal name (Old English) Old English - Personal name",E. Ekwall; Dictionary of English Place-Names; Dodgson; Place-names of Cheshire; Watts; Cambridge Dictionary of English Place-names; A.D. Mills; Dictionary of English Place-Names
Overpool,Upper 'pool'.,pōl Old English - A pool.; uferra Old English - Higher.,Dodgson; Place-names of Cheshire; E. Ekwall; Dictionary of English Place-Names; Watts; Cambridge Dictionary of English Place-names; A.D. Mills; Dictionary of English Place-Names
Overton,'Ridge farm/settlement'.,"ōfer Old English - A margin; a river-bank, sea-shore.; tūn Old English - An enclosure; a farmstead; a village; an estate.",Dodgson; Place-names of Cheshire; A.D. Mills; Dictionary of English Place-Names; Watts; Cambridge Dictionary of English Place-names; E. Ekwall; Dictionary of English Place-Names
Oxton,'Ox farm/settlement'.,oxa Old English - An ox.; tūn Old English - An enclosure; a farmstead; a village; an estate.,Dodgson; Place-names of Cheshire; Watts; Cambridge Dictionary of English Place-names; A.D. Mills; Dictionary of English Place-Names; E. Ekwall; Dictionary of English Place-Names
Partington,"'Farm/settlement connected with *Pearta'. Forms in -ing are very late, leading to the suggestion that the original form of the name may have been simply '*Pearta's farm/settlement'.",-ing Old English - Place-name forming suffix.; Personal name (Old English) Old English - Personal name; tūn Old English - An enclosure; a farmstead; a village; an estate.,E. Ekwall; Dictionary of English Place-Names; Watts; Cambridge Dictionary of English Place-names; Dodgson; Place-names of Cheshire; A.D. Mills; Dictionary of English Place-Names
Peckforton,'Farm/settlement at *Peckford (= peak ford)'.,"ford Old English - A ford.; pēac Old English - A knoll, a hill, a peak.; tūn Old English - An enclosure; a farmstead; a village; an estate.",Dodgson; Place-names of Cheshire; A.D. Mills; Dictionary of English Place-Names; Watts; Cambridge Dictionary of English Place-names; E. Ekwall; Dictionary of English Place-Names
Pensby,'Farm/settlement at Penn (= the hill)'.,"bȳ Old Norse - A farmstead, a village.; penn C",E. Ekwall; Dictionary of English Place-Names; Dodgson; Place-names of Cheshire; A.D. Mills; Dictionary of English Place-Names; Watts; Cambridge Dictionary of English Place-names
Peover Superior and Inferior,Named after the River Peover.,"inferior Latin - Lower.; River-name Unknown - River-name; superior Latin - Higher, upper.",E. Ekwall; Dictionary of English Place-Names; A.D. Mills; Dictionary of English Place-Names; Dodgson; Place-names of Cheshire; Watts; Cambridge Dictionary of English Place-names
Pickmere,"'Pike lake', referring to the fish.","mere Old English - A pond, a pool, a lake.; pīc Old English - A point; a pointed tool; a pike (the fish); a pointed hill.",Dodgson; Place-names of Cheshire; A.D. Mills; Dictionary of English Place-Names; Watts; Cambridge Dictionary of English Place-names; E. Ekwall; Dictionary of English Place-Names
Picton,'*Pica's farm/settlement'.,Personal name (Old English) Old English - Personal name; tūn Old English - An enclosure; a farmstead; a village; an estate.,Dodgson; Place-names of Cheshire; E. Ekwall; Dictionary of English Place-Names; A.D. Mills; Dictionary of English Place-Names; Watts; Cambridge Dictionary of English Place-names
Plumley,'Plum-tree wood/clearing'.,"lēah Old English - A forest, wood, glade, clearing; (later) a pasture, meadow.; plūme Old English - A plum; a plum-tree.",Watts; Cambridge Dictionary of English Place-names; A.D. Mills; Dictionary of English Place-Names; E. Ekwall; Dictionary of English Place-Names; Dodgson; Place-names of Cheshire
Poole,'Pool'.,pōl Old English - A pool.,E. Ekwall; Dictionary of English Place-Names; Watts; Cambridge Dictionary of English Place-names; Dodgson; Place-names of Cheshire; A.D. Mills; Dictionary of English Place-Names
Pott Shrigley,"'Missel-thrush wood/clearing' and 'deep hole'. The name of the parish is a combination of names taken from nearby Pott Hall and Shrigley Park. 'Pott Hall' is situated at the head of a deep valley, whence its name.","lēah Old English - A forest, wood, glade, clearing; (later) a pasture, meadow.; potte Middle English - A deep hole, a pit, a deep hole in a river-bed, a pot(-hole).; scrīc Old English - A shrike, a missel-thrush.",A.D. Mills; Dictionary of English Place-Names; E. Ekwall; Dictionary of English Place-Names; Watts; Cambridge Dictionary of English Place-names; Dodgson; Place-names of Cheshire
Poulton,'Pool farm/settlement'.,pōl Old English - A pool.; tūn Old English - An enclosure; a farmstead; a village; an estate.,A.D. Mills; Dictionary of English Place-Names; E. Ekwall; Dictionary of English Place-Names; Watts; Cambridge Dictionary of English Place-names; Dodgson; Place-names of Cheshire
Poulton cum Seacombe,'Pool farm/settlement'. 'Sea valley'.,"cumb Old English - A coomb, a valley.  Possibly derived from Welsh ""cumm""; but possibly derived from OE ""cumb"" a vessel, cup, a small measure.; pōl Old English - A pool.; pull Old English - A pool.; sǣ Old English - A lake; sea.  Usually means ""sea"" when used as a first element, and ""lake"" when used as a second element.; tūn Old English - An enclosure; a farmstead; a village; an estate.",Dodgson; Place-names of Cheshire; E. Ekwall; Dictionary of English Place-Names; Watts; Cambridge Dictionary of English Place-names; A.D. Mills; Dictionary of English Place-Names
Poulton cum Spittal,'Pool farm/settlement'. 'Hospital'.,"pōl Old English - A pool.; pull Old English - A pool.; spitel Middle English - A hospital, a religious house, a house of the Knights Hospitallers.; tūn Old English - An enclosure; a farmstead; a village; an estate.",Dodgson; Place-names of Cheshire; Watts; Cambridge Dictionary of English Place-names; E. Ekwall; Dictionary of English Place-Names; A.D. Mills; Dictionary of English Place-Names
Pownall Fee,'The lordship of Pownall (= Pohha's nook of land)'.,"feo Middle English - A fee, a lordship.; halh Old English - A nook of land; a small valley; dry ground in marsh; a piece of land projecting from, or detached from, the main area of its administrative unit.; Personal name (Old English) Old English - Personal name",A.D. Mills; Dictionary of English Place-Names; Dodgson; Place-names of Cheshire; E. Ekwall; Dictionary of English Place-Names; Watts; Cambridge Dictionary of English Place-names
Poynton with Worth,'Farm/settlement connected with *Pofa'. 'Enclosure'.,"-ingtūn Old English - A settlement called after, or connected with . . .; Personal name (Old English) Old English - Personal name; worð Old English - An enclosure.",Watts; Cambridge Dictionary of English Place-names; A.D. Mills; Dictionary of English Place-Names; E. Ekwall; Dictionary of English Place-Names; Dodgson; Place-names of Cheshire
Prenton,'Praen's farm/settlement'.,Personal name (Old English) Old English - Personal name; tūn Old English - An enclosure; a farmstead; a village; an estate.,A.D. Mills; Dictionary of English Place-Names; Dodgson; Place-names of Cheshire; Watts; Cambridge Dictionary of English Place-names; E. Ekwall; Dictionary of English Place-Names
Prestbury,'Priests' fortified manor'.,burh Old English - A fortified place.; mare Latin - The sea.; prēost Old English - A priest.,E. Ekwall; Dictionary of English Place-Names; Watts; Cambridge Dictionary of English Place-names; A.D. Mills; Dictionary of English Place-Names; Dodgson; Place-names of Cheshire
Preston on the Hill,'Priests' farm/settlement'.,prēost Old English - A priest.; tūn Old English - An enclosure; a farmstead; a village; an estate.,E. Ekwall; Dictionary of English Place-Names; A.D. Mills; Dictionary of English Place-Names; Watts; Cambridge Dictionary of English Place-names; Dodgson; Place-names of Cheshire
Priors Heys,'William le Prayers's enclosure(s)'.,"Family name Unknown - Family name.; hæg Old English - A fence, an enclosure.",E. Ekwall; Dictionary of English Place-Names; A.D. Mills; Dictionary of English Place-Names; Dodgson; Place-names of Cheshire; Watts; Cambridge Dictionary of English Place-names
Puddington,'Farm/settlement connected with Put(t)a'.,"-ingtūn Old English - A settlement called after, or connected with . . .; Personal name (Old English) Old English - Personal name",Dodgson; Place-names of Cheshire; E. Ekwall; Dictionary of English Place-Names; A.D. Mills; Dictionary of English Place-Names; Watts; Cambridge Dictionary of English Place-names
Raby,'Boundary farm/settlement'.,"bȳ Old Norse - A farmstead, a village.; rá Old Norse - A roe, a roe-buck.",Watts; Cambridge Dictionary of English Place-names; Dodgson; Place-names of Cheshire; E. Ekwall; Dictionary of English Place-Names; A.D. Mills; Dictionary of English Place-Names
Rainow,'Raven hill-spur'.,hōh Old English - A heel; a sharply projecting piece of ground.; hræfn Old English - A raven.,Watts; Cambridge Dictionary of English Place-names; A.D. Mills; Dictionary of English Place-Names; Dodgson; Place-names of Cheshire; E. Ekwall; Dictionary of English Place-Names
Reddish,"Probably, 'reed ditch'. Some spellings point to a possible alternative name, 'red ditch'. The name probably refers to the Nico Ditch, which was the northern boundary of the township.","dīc Old English - A ditch, usually an excavated trench, either defensive or for drainage of water.; hrēod Old English - A reed, a rush; a reed-bed.; rēad Old English - Red.",Watts; Cambridge Dictionary of English Place-names; E. Ekwall; Dictionary of English Place-Names; A.D. Mills; Dictionary of English Place-Names; Ekwall; Place-names of Lancashire
Ridley,'Cleared wood'.,"lēah Old English - A forest, wood, glade, clearing; (later) a pasture, meadow.; rydd Old English - Cleared (of trees).",Watts; Cambridge Dictionary of English Place-names; E. Ekwall; Dictionary of English Place-Names; A.D. Mills; Dictionary of English Place-Names; Dodgson; Place-names of Cheshire
Romiley,'Spacious wood/clearing'.,"lēah Old English - A forest, wood, glade, clearing; (later) a pasture, meadow.; rūm Old English - Room, space, an open space, a clearing; an alloted space of common land or turbary.",E. Ekwall; Dictionary of English Place-Names; A.D. Mills; Dictionary of English Place-Names; Watts; Cambridge Dictionary of English Place-names; Dodgson; Place-names of Cheshire
Rope,"'Rope', after an ancient measure of land",rāp Old English - A rope; an administrative district; a measure of land.,Watts; Cambridge Dictionary of English Place-names; Dodgson; Place-names of Cheshire; E. Ekwall; Dictionary of English Place-Names; A.D. Mills; Dictionary of English Place-Names
Rostherne,'Rauthr's thorn-tree'.,Personal name (Old Norse) Old Norse - Personal name; þorn Old English - A hawthorn-tree.,Watts; Cambridge Dictionary of English Place-names; E. Ekwall; Dictionary of English Place-Names; A.D. Mills; Dictionary of English Place-Names; Dodgson; Place-names of Cheshire
Rowton,'Rough Christeton'.,Place-name Unknown - Place-name; rūh Old English - Rough.,E. Ekwall; Dictionary of English Place-Names; Watts; Cambridge Dictionary of English Place-names; A.D. Mills; Dictionary of English Place-Names; Dodgson; Place-names of Cheshire
Rudheath,'Marigold heath'.,hǣð Old English - Heather; a tract of uncultivated land.; rūde Old English - Rue (the shrub).,Dodgson; Place-names of Cheshire; Watts; Cambridge Dictionary of English Place-names; A.D. Mills; Dictionary of English Place-Names; E. Ekwall; Dictionary of English Place-Names
Runcorn,"'Wide bay/cove', referring to the widening of the River Mersey here.","cofa Old English - An inner chamber; a cave, a cove.; rūm Old English - Room, space, an open space, a clearing; an alloted space of common land or turbary.",Watts; Cambridge Dictionary of English Place-names; A.D. Mills; Dictionary of English Place-Names; E. Ekwall; Dictionary of English Place-Names; Dodgson; Place-names of Cheshire
Rushton,'Rushy farm/settlement'.,"rysc Old English - A rush; in the simplex plural, a place where rushes grow, a rush bed.; tūn Old English - An enclosure; a farmstead; a village; an estate.",Dodgson; Place-names of Cheshire; E. Ekwall; Dictionary of English Place-Names; Watts; Cambridge Dictionary of English Place-names; A.D. Mills; Dictionary of English Place-Names
Saighton,'Willow-tree farm/settlement'.,salh Old English; tūn Old English - An enclosure; a farmstead; a village; an estate.,A.D. Mills; Dictionary of English Place-Names; Dodgson; Place-names of Cheshire; E. Ekwall; Dictionary of English Place-Names; Watts; Cambridge Dictionary of English Place-names
Sale,'At the willow-tree'.,salh Old English,Watts; Cambridge Dictionary of English Place-names; Dodgson; Place-names of Cheshire; E. Ekwall; Dictionary of English Place-Names; A.D. Mills; Dictionary of English Place-Names
Sandbach,'Sandy valley-straem'.,bǣce Old English - A beach.; sand Old English - Sand.,A.D. Mills; Dictionary of English Place-Names; Watts; Cambridge Dictionary of English Place-names; E. Ekwall; Dictionary of English Place-Names; Dodgson; Place-names of Cheshire
Saughall Massie,'Willow-tree nook of land'. It was held by Hamo de Mascy in 1309.,"halh Old English - A nook of land; a small valley; dry ground in marsh; a piece of land projecting from, or detached from, the main area of its administrative unit.; salh Old English",A.D. Mills; Dictionary of English Place-Names; Watts; Cambridge Dictionary of English Place-names; Dodgson; Place-names of Cheshire; E. Ekwall; Dictionary of English Place-Names
Seven Oaks,'Seven oaks'.,āc Old English - An oak-tree.; seofon Old English - Seven.,E. Ekwall; Dictionary of English Place-Names; A.D. Mills; Dictionary of English Place-Names; Watts; Cambridge Dictionary of English Place-names; Dodgson; Place-names of Cheshire
Shavington cum Gresty,'Farm/settlement connected with Sceafa'. 'Badger path'.,"-ingas Old English - The people of . . . ; the people called after . . .; grǣg Old English - Grey.; Personal name (Old English) Old English - Personal name; stīg Old English - A path, a narrow road.  (Especially an ascending path.); tūn Old English - An enclosure; a farmstead; a village; an estate.",Dodgson; Place-names of Cheshire; E. Ekwall; Dictionary of English Place-Names; Watts; Cambridge Dictionary of English Place-names; A.D. Mills; Dictionary of English Place-Names
Shipbrook,'Sheep-brook'.,"brōc Old English - A brook, a stream.  (Used of a stream with a muddy bed and a visible sediment load.); scēp Old English",Watts; Cambridge Dictionary of English Place-names; E. Ekwall; Dictionary of English Place-Names; Dodgson; Place-names of Cheshire; A.D. Mills; Dictionary of English Place-Names
Shotwick,'Steep hill-spur specialised farm'.,"hōh Old English - A heel; a sharply projecting piece of ground.; sceot Old English - A shooting; a rapid movement.; wīc Old English - A dwelling; a building or collection of buildings for special purposes; a farm, a dairy farm; a trading or industrial settlement; or (in the plural) a hamlet, village.",A.D. Mills; Dictionary of English Place-Names; E. Ekwall; Dictionary of English Place-Names; Watts; Cambridge Dictionary of English Place-names; Dodgson; Place-names of Cheshire
Shotwick Park,'Specialised farm on a steep slope'.,"hōh Old English - A heel; a sharply projecting piece of ground.; sceot Old English - A shooting; a rapid movement.; wīc Old English - A dwelling; a building or collection of buildings for special purposes; a farm, a dairy farm; a trading or industrial settlement; or (in the plural) a hamlet, village.",Watts; Cambridge Dictionary of English Place-names; E. Ekwall; Dictionary of English Place-Names; Dodgson; Place-names of Cheshire; A.D. Mills; Dictionary of English Place-Names
Shurlack cum Bradford,'Scummy boggy stream'. 'Broad ford'.,"brād Old English - Broad, spacious, wide, large.; ford Old English - A ford.; læcc Old English - A stream, a bog.; scorf Old English - Scurf, scum.",A.D. Mills; Dictionary of English Place-Names; Dodgson; Place-names of Cheshire; Watts; Cambridge Dictionary of English Place-names; E. Ekwall; Dictionary of English Place-Names
Siddington,"'South hill'. The final element was early replaced by OE tun, 'farm/settlement'.","dūn Old English - A hill.; sūðan Old English - South, southerly.",Dodgson; Place-names of Cheshire; Watts; Cambridge Dictionary of English Place-names; A.D. Mills; Dictionary of English Place-Names; E. Ekwall; Dictionary of English Place-Names
Smallwood,'Narrow wood'.,"smæl Old English - Narrow, thin.; wudu Old English - A wood; or wood, timber.",E. Ekwall; Dictionary of English Place-Names; A.D. Mills; Dictionary of English Place-Names; Watts; Cambridge Dictionary of English Place-names; Dodgson; Place-names of Cheshire
Snelson,'Snell's farm/settlement'.,Personal name (Old English) Old English - Personal name; tūn Old English - An enclosure; a farmstead; a village; an estate.,Dodgson; Place-names of Cheshire; Watts; Cambridge Dictionary of English Place-names; E. Ekwall; Dictionary of English Place-Names; A.D. Mills; Dictionary of English Place-Names
Somerford Booths,'Somerford's (= summer ford) temporary shelters'.,"bōthe Middle English - A temporary shelter, a covered market-stall.; ford Old English - A ford.; sumor Old English - Summer.",Watts; Cambridge Dictionary of English Place-names; Dodgson; Place-names of Cheshire; E. Ekwall; Dictionary of English Place-Names; A.D. Mills; Dictionary of English Place-Names
Somerford cum Radnor,'Summer ford'. 'Red bank'.,"ford Old English - A ford.; ōra Old English - A shore, hill-slope; possibly also the foot of a slope.  (Used in place-names only in the parts of southern England where Jutish and West Saxon dialects were operative.); rēad Old English - Red.; sumor Old English - Summer.",Dodgson; Place-names of Cheshire; A.D. Mills; Dictionary of English Place-Names; E. Ekwall; Dictionary of English Place-Names; Watts; Cambridge Dictionary of English Place-names
Sound,'Sand'.,sand Old English - Sand.,Watts; Cambridge Dictionary of English Place-names; E. Ekwall; Dictionary of English Place-Names; Dodgson; Place-names of Cheshire; A.D. Mills; Dictionary of English Place-Names
Sproston,'Sprow's farm/settlement'.,Personal name (Old English) Old English - Personal name; tūn Old English - An enclosure; a farmstead; a village; an estate.,E. Ekwall; Dictionary of English Place-Names; Dodgson; Place-names of Cheshire; A.D. Mills; Dictionary of English Place-Names; Watts; Cambridge Dictionary of English Place-names
Spurstow,"Uncertain. Perhaps, 'track place' or 'hill-spur place'.","spor Old English - A spoor, a track, a footprint.; spura Old English - A spur; a spur of land.; stōw Old English - A place; a place of assembly; a holy place.",Dodgson; Place-names of Cheshire; A.D. Mills; Dictionary of English Place-Names; E. Ekwall; Dictionary of English Place-Names; Watts; Cambridge Dictionary of English Place-names
Stanthorne,'Stone at the opening'.,"stān Old English - A stone, stone, rock.; þyrel Old English - A hole, an opening.",E. Ekwall; Dictionary of English Place-Names; A.D. Mills; Dictionary of English Place-Names; Dodgson; Place-names of Cheshire; Watts; Cambridge Dictionary of English Place-names
Stapeley,"'Post wood/clearing', probably referring to a place where they were made or obtained.","lēah Old English - A forest, wood, glade, clearing; (later) a pasture, meadow.; stapol Old English - A post, a pillar.",Watts; Cambridge Dictionary of English Place-names; E. Ekwall; Dictionary of English Place-Names; Dodgson; Place-names of Cheshire; A.D. Mills; Dictionary of English Place-Names
Stayley,"'Stave wood/clearing', perhaps a place where they were made or obtained.","lēah Old English - A forest, wood, glade, clearing; (later) a pasture, meadow.; stæf Old English - A staff, a stave, a rod.",Dodgson; Place-names of Cheshire; A.D. Mills; Dictionary of English Place-Names; Watts; Cambridge Dictionary of English Place-names; E. Ekwall; Dictionary of English Place-Names
Stockham,'At the tree stumps'. There is an early reference to the place as an assart.,"stocc Old English - A tree-trunk, a stump, a log of wood, a stock (esp. in boundary marks or place-names that denote structures made of logs); a set of stocks as an engine of punishment.",Dodgson; Place-names of Cheshire; E. Ekwall; Dictionary of English Place-Names; Watts; Cambridge Dictionary of English Place-names; A.D. Mills; Dictionary of English Place-Names
Stockport,'Market-place at an outlying farm/settlement'.,"port Old English - A haven, a harbour.; stoc Old English - A place, a secondary settlement.",E. Ekwall; Dictionary of English Place-Names; Watts; Cambridge Dictionary of English Place-names; Dodgson; Place-names of Cheshire; A.D. Mills; Dictionary of English Place-Names
Stockport Etchells,'Land added to an estate'. Originally a township in Stockport parish.,ēcels Old English; Place-name Unknown - Place-name,Dodgson; Place-names of Cheshire; Watts; Cambridge Dictionary of English Place-names; E. Ekwall; Dictionary of English Place-Names; A.D. Mills; Dictionary of English Place-Names
Stockton,'Farm/settlement associated with an outlying farm/settlement',"stoc Old English - A place, a secondary settlement.; tūn Old English - An enclosure; a farmstead; a village; an estate.",A.D. Mills; Dictionary of English Place-Names; Dodgson; Place-names of Cheshire; Watts; Cambridge Dictionary of English Place-names; E. Ekwall; Dictionary of English Place-Names
Stoke,'Outlying farm/settlement'.,"stoc Old English - A place, a secondary settlement.",Watts; Cambridge Dictionary of English Place-names; A.D. Mills; Dictionary of English Place-Names; E. Ekwall; Dictionary of English Place-Names; Dodgson; Place-names of Cheshire
Stoke,'Outlying farm/settlement'.,"stoc Old English - A place, a secondary settlement.",Dodgson; Place-names of Cheshire; E. Ekwall; Dictionary of English Place-Names; A.D. Mills; Dictionary of English Place-Names; Watts; Cambridge Dictionary of English Place-names
Storeton,Uncertain. 'Large farm/settlement' or 'young wood farm/settlement'.,"storð Old Norse - A young wood, a plantation, land growing with brushwood.; stórr Old Norse - Big, great.; tūn Old English - An enclosure; a farmstead; a village; an estate.; tún Old Norse - An enclosure, a farmstead.",Dodgson; Place-names of Cheshire; A.D. Mills; Dictionary of English Place-Names; Watts; Cambridge Dictionary of English Place-names; E. Ekwall; Dictionary of English Place-Names
Stretton,'Roman road farm/settlement'.,strēt Old English; tūn Old English - An enclosure; a farmstead; a village; an estate.,Dodgson; Place-names of Cheshire; Watts; Cambridge Dictionary of English Place-names; A.D. Mills; Dictionary of English Place-Names; E. Ekwall; Dictionary of English Place-Names
Stretton,'Roman road farm/settlement'.,strēt Old English; tūn Old English - An enclosure; a farmstead; a village; an estate.,Watts; Cambridge Dictionary of English Place-names; A.D. Mills; Dictionary of English Place-Names; E. Ekwall; Dictionary of English Place-Names; Dodgson; Place-names of Cheshire
Stublach,'Tree-stump boggy stream'.,"læcc Old English - A stream, a bog.; stubb Old English - A stub, a tree-stump.",Dodgson; Place-names of Cheshire; E. Ekwall; Dictionary of English Place-Names; A.D. Mills; Dictionary of English Place-Names; Watts; Cambridge Dictionary of English Place-names
Sutton,'South farm/settlement'.,"sūð Old English - South, southern.; tūn Old English - An enclosure; a farmstead; a village; an estate.",Watts; Cambridge Dictionary of English Place-names; Dodgson; Place-names of Cheshire; A.D. Mills; Dictionary of English Place-Names; E. Ekwall; Dictionary of English Place-Names
Sutton,'South farm/settlement'.,"sūð Old English - South, southern.; tūn Old English - An enclosure; a farmstead; a village; an estate.",E. Ekwall; Dictionary of English Place-Names; Watts; Cambridge Dictionary of English Place-names; A.D. Mills; Dictionary of English Place-Names; Dodgson; Place-names of Cheshire
Sutton Downes,'South farm/settlement' with 'hills'.,"dūn Old English - A hill.; sūð Old English - South, southern.; tūn Old English - An enclosure; a farmstead; a village; an estate.",Dodgson; Place-names of Cheshire; Watts; Cambridge Dictionary of English Place-names; E. Ekwall; Dictionary of English Place-Names; A.D. Mills; Dictionary of English Place-Names
Swettenham,"'Sweta's homestead/village' or perhaps, 'Sweta's hemmed-in land'.","hām Old English - A village, a village community, a manor, an estate, a homestead.; hamm Old English - Land hemmed in by water or marsh (perhaps also by high ground); a river-meadow; cultivated plot on the edge of woodland or moor.; Personal name (Old English) Old English - Personal name",A.D. Mills; Dictionary of English Place-Names; E. Ekwall; Dictionary of English Place-Names; Watts; Cambridge Dictionary of English Place-names; Dodgson; Place-names of Cheshire
Tabley Inferior,'Taebba's wood/clearing'.,"inferior Latin - Lower.; lēah Old English - A forest, wood, glade, clearing; (later) a pasture, meadow.; Personal name (Old English) Old English - Personal name",Watts; Cambridge Dictionary of English Place-names; Dodgson; Place-names of Cheshire; E. Ekwall; Dictionary of English Place-Names; A.D. Mills; Dictionary of English Place-Names
Tabley Superior,'Taebba's wood/clearing'.,"lēah Old English - A forest, wood, glade, clearing; (later) a pasture, meadow.; Personal name (Old English) Old English - Personal name; superior Latin - Higher, upper.",Watts; Cambridge Dictionary of English Place-names; E. Ekwall; Dictionary of English Place-Names; A.D. Mills; Dictionary of English Place-Names; Dodgson; Place-names of Cheshire
Tarporley,"Probably, 'peasants' wood/clearing'.","lēah Old English - A forest, wood, glade, clearing; (later) a pasture, meadow.; þorpere Old English - Someone who lives at a thorp; a peasant.",Watts; Cambridge Dictionary of English Place-names; Dodgson; Place-names of Cheshire; E. Ekwall; Dictionary of English Place-Names; A.D. Mills; Dictionary of English Place-Names
Tarvin,"Named after the River Tarvin, an old name of the River Gowy.",River-name Unknown - River-name,A.D. Mills; Dictionary of English Place-Names; Dodgson; Place-names of Cheshire; E. Ekwall; Dictionary of English Place-Names; Watts; Cambridge Dictionary of English Place-names
Tattenhall,'Tata's nook of land'.,"halh Old English - A nook of land; a small valley; dry ground in marsh; a piece of land projecting from, or detached from, the main area of its administrative unit.; Personal name (Old English) Old English - Personal name",Dodgson; Place-names of Cheshire; Watts; Cambridge Dictionary of English Place-names; E. Ekwall; Dictionary of English Place-Names; A.D. Mills; Dictionary of English Place-Names
Tatton,'Tata's farm'.,Personal name (Old English) Old English - Personal name; tūn Old English - An enclosure; a farmstead; a village; an estate.,A.D. Mills; Dictionary of English Place-Names; Watts; Cambridge Dictionary of English Place-names; E. Ekwall; Dictionary of English Place-Names; Dodgson; Place-names of Cheshire
Tetton,'Taeta's farm/settlement'.,Personal name (Old English) Old English - Personal name; tūn Old English - An enclosure; a farmstead; a village; an estate.,Dodgson; Place-names of Cheshire; A.D. Mills; Dictionary of English Place-Names; Watts; Cambridge Dictionary of English Place-names; E. Ekwall; Dictionary of English Place-Names
Thelwall,"Literally, 'plank pool', probably referring to one crossed by a plank bridge.","wēl Old English; þel Old English - A board, a plank.",Dodgson; Place-names of Cheshire; A.D. Mills; Dictionary of English Place-Names; E. Ekwall; Dictionary of English Place-Names; Watts; Cambridge Dictionary of English Place-names
Thingwall,'Assembly field'.,"þing-vǫllr Old Norse - A field where an assembly met, a meeting-place.",Watts; Cambridge Dictionary of English Place-names; E. Ekwall; Dictionary of English Place-Names; Dodgson; Place-names of Cheshire; A.D. Mills; Dictionary of English Place-Names
Thornton Hough,'Thorn-tree farm/settlement'. It was held by Richard del Hogh family ca. 1329.,Family name Unknown - Family name.; tūn Old English - An enclosure; a farmstead; a village; an estate.; þorn Old English - A hawthorn-tree.,Watts; Cambridge Dictionary of English Place-names; A.D. Mills; Dictionary of English Place-Names; Dodgson; Place-names of Cheshire; E. Ekwall; Dictionary of English Place-Names
Thornton le Moors,'Thorn-tree farm' by the moor.,"mōr Old English - A marsh, barren upland.; tūn Old English - An enclosure; a farmstead; a village; an estate.; þorn Old English - A hawthorn-tree.",Watts; Cambridge Dictionary of English Place-names; A.D. Mills; Dictionary of English Place-Names; Dodgson; Place-names of Cheshire; E. Ekwall; Dictionary of English Place-Names
Threapwood,"'Disputed wood'. Located on the border of England and Wales but belonging wholly to neither. In 1773 it was reported that Threapwood was in no county, parish, town or hamlet; no land tax or rates were payable and the Sheriffs and Justices of the Peace of","wudu Old English - A wood; or wood, timber.; þrēap Old English - A dispute, a quarrel, a contention.",E. Ekwall; Dictionary of English Place-Names; A.D. Mills; Dictionary of English Place-Names; Dodgson; Place-names of Cheshire; Watts; Cambridge Dictionary of English Place-names
Thurstaston,'Thorsteinn's farm/settlement'.,Personal name (Old Norse) Old Norse - Personal name; tūn Old English - An enclosure; a farmstead; a village; an estate.,E. Ekwall; Dictionary of English Place-Names; Dodgson; Place-names of Cheshire; A.D. Mills; Dictionary of English Place-Names; Watts; Cambridge Dictionary of English Place-names
Tilston,'Tilli's/Tilla's stone'.,"Personal name (Old English) Old English - Personal name; stān Old English - A stone, stone, rock.",Watts; Cambridge Dictionary of English Place-names; Dodgson; Place-names of Cheshire; A.D. Mills; Dictionary of English Place-Names; E. Ekwall; Dictionary of English Place-Names
Tilstone Fearnall,"Originally two separate places: 'Tidwulf's stone' and the now lost, 'at the ferny nook of land'.","fearn Old English - A fern; ferns; a ferny place.; halh Old English - A nook of land; a small valley; dry ground in marsh; a piece of land projecting from, or detached from, the main area of its administrative unit.; Personal name (Old English) Old English - Personal name; stān Old English - A stone, stone, rock.",E. Ekwall; Dictionary of English Place-Names; Dodgson; Place-names of Cheshire; Watts; Cambridge Dictionary of English Place-names; A.D. Mills; Dictionary of English Place-Names
Timperley,'Timber wood/clearing'.,"lēah Old English - A forest, wood, glade, clearing; (later) a pasture, meadow.; timber Old English - Timber, trees; a wooden building.",Watts; Cambridge Dictionary of English Place-names; Dodgson; Place-names of Cheshire; E. Ekwall; Dictionary of English Place-Names; A.D. Mills; Dictionary of English Place-Names
Tintwistle,"Uncertain. Probably, 'River Teign fork' but perhaps, 'prince's river-fork'.","River-name Unknown - River-name; twisla Old English - The fork of a river, the junction of two streams.; þengel Old English - A prince.",E. Ekwall; Dictionary of English Place-Names; Watts; Cambridge Dictionary of English Place-names; A.D. Mills; Dictionary of English Place-Names; Dodgson; Place-names of Cheshire
Tiverton,"'Red-lead farmstead', either denoting a red-painted building or, more likely, a place where red-lead was available.","tēafor Old English - Red lead, vermilion.; tūn Old English - An enclosure; a farmstead; a village; an estate.",Dodgson; Place-names of Cheshire; A.D. Mills; Dictionary of English Place-Names; Watts; Cambridge Dictionary of English Place-names; E. Ekwall; Dictionary of English Place-Names
Toft,'Curtilage'.,"toft Old English - A curtilage, the plot of ground in which a dwelling stands.",Dodgson; Place-names of Cheshire; E. Ekwall; Dictionary of English Place-Names; A.D. Mills; Dictionary of English Place-Names; Watts; Cambridge Dictionary of English Place-names
Torkington,"Possibly, 'farm/settlement connected with *Turec'.","-ingtūn Old English - A settlement called after, or connected with . . .; Personal name (Old English) Old English - Personal name",E. Ekwall; Dictionary of English Place-Names; Watts; Cambridge Dictionary of English Place-names; A.D. Mills; Dictionary of English Place-Names; Dodgson; Place-names of Cheshire
Tranmere,'Crane sand-bank'.,"melr Old Norse - A sand-bank, a sand-hill.; trani Old Norse - A crane (the bird).",A.D. Mills; Dictionary of English Place-Names; E. Ekwall; Dictionary of English Place-Names; Dodgson; Place-names of Cheshire; Watts; Cambridge Dictionary of English Place-names
Tushingham cum Grindley,Uncertain. 'Homestead/village of Tunsige's people' or 'homestead/village at the tufty/hummocky place'. 'Green wood/clearing'.,"-ing- Old English - Connective particle, linking a first element to a final element.; -ingas Old English - The people of . . . ; the people called after . . .; grēne Old English - Green, grass-grown.; hām Old English - A village, a village community, a manor, an estate, a homestead.; lēah Old English - A forest, wood, glade, clearing; (later) a pasture, meadow.; Personal name (Old English) Old English - Personal name; tusshe Middle English - A tuft, a tussock.",E. Ekwall; Dictionary of English Place-Names; Dodgson; Place-names of Cheshire; Watts; Cambridge Dictionary of English Place-names; A.D. Mills; Dictionary of English Place-Names
Twemlow,'At the two mounds'.,hlāw Old English - A tumulus; a hill.; twēgen Old English - Two.,Dodgson; Place-names of Cheshire; A.D. Mills; Dictionary of English Place-Names; Watts; Cambridge Dictionary of English Place-names; E. Ekwall; Dictionary of English Place-Names
Tytherington,"'Farm/settlement connected with *Tydre' or 'stock-breeding farm/settlement' from the OE tydring, 'production/propagation'.","-ing- Old English - Connective particle, linking a first element to a final element.; Personal name (Old English) Old English - Personal name; tūn Old English - An enclosure; a farmstead; a village; an estate.; tȳdring Old English - Production, propagation, proliferation; stock-breeding, cattle-raising.",A.D. Mills; Dictionary of English Place-Names; E. Ekwall; Dictionary of English Place-Names; Dodgson; Place-names of Cheshire; Watts; Cambridge Dictionary of English Place-names
Upton,'Higher farm/settlement'.,"tūn Old English - An enclosure; a farmstead; a village; an estate.; upp Old English - Up, higher up, upon.",A.D. Mills; Dictionary of English Place-Names; Dodgson; Place-names of Cheshire; E. Ekwall; Dictionary of English Place-Names; Watts; Cambridge Dictionary of English Place-names
Upton by Birkenhead,'Higher farm/settlement' by Birkenhead.,"Place-name Unknown - Place-name; tūn Old English - An enclosure; a farmstead; a village; an estate.; upp Old English - Up, higher up, upon.",E. Ekwall; Dictionary of English Place-Names; Dodgson; Place-names of Cheshire; Watts; Cambridge Dictionary of English Place-names; A.D. Mills; Dictionary of English Place-Names
Upton by Chester,'Higher farm/settlement' by Chester.,"Place-name Unknown - Place-name; tūn Old English - An enclosure; a farmstead; a village; an estate.; upp Old English - Up, higher up, upon.",E. Ekwall; Dictionary of English Place-Names; Watts; Cambridge Dictionary of English Place-names; A.D. Mills; Dictionary of English Place-Names; Dodgson; Place-names of Cheshire
Utkinton,'Farm/settlement connected with Uttoc'.,"-ingtūn Old English - A settlement called after, or connected with . . .; Personal name (Old English) Old English - Personal name",E. Ekwall; Dictionary of English Place-Names; A.D. Mills; Dictionary of English Place-Names; Watts; Cambridge Dictionary of English Place-names; Dodgson; Place-names of Cheshire
Walgherton,'Wealhhere's farm/settlement'.,Personal name (Old English) Old English - Personal name; tūn Old English - An enclosure; a farmstead; a village; an estate.,E. Ekwall; Dictionary of English Place-Names; Watts; Cambridge Dictionary of English Place-names; Dodgson; Place-names of Cheshire; A.D. Mills; Dictionary of English Place-Names
Wallasey,'Island of Waleye (= Britons' island)'.,"ēg Old English - An island.  In ancient settlement-names, most frequently refers to dry ground surrounded by marsh.  Also used of islands in modern sense.  In late OE names: well-watered land.; walh Old English",E. Ekwall; Dictionary of English Place-Names; Watts; Cambridge Dictionary of English Place-names; A.D. Mills; Dictionary of English Place-Names; Dodgson; Place-names of Cheshire
Wallerscoat,'Salt-boiler's cottage'.,"cot Old English - A cottage, a hut, a shelter, a den.; wellere Old English",A.D. Mills; Dictionary of English Place-Names; Watts; Cambridge Dictionary of English Place-names; E. Ekwall; Dictionary of English Place-Names; Dodgson; Place-names of Cheshire
Walton Inferior and Superior,'Britons' farm/settlement'.,"inferior Latin - Lower.; superior Latin - Higher, upper.; tūn Old English - An enclosure; a farmstead; a village; an estate.; walh Old English",Watts; Cambridge Dictionary of English Place-names; A.D. Mills; Dictionary of English Place-Names; E. Ekwall; Dictionary of English Place-Names; Dodgson; Place-names of Cheshire
Warburton,Waerburg's farm.,Personal name (Old English) Old English - Personal name; tūn Old English - An enclosure; a farmstead; a village; an estate.; Wǣrburg Old English - Feminine personal name.,
Warburton,"'Waerburh's farm/settlement', a feminine personal name.",Personal name (Old English) Old English - Personal name; tūn Old English - An enclosure; a farmstead; a village; an estate.,A.D. Mills; Dictionary of English Place-Names; Dodgson; Place-names of Cheshire; Watts; Cambridge Dictionary of English Place-names; E. Ekwall; Dictionary of English Place-Names
Wardle,'Watch hill'.,"hyll Old English - A hill, a natural eminence or elevated piece of ground.; weard Old English - Watch, ward, protection.",Watts; Cambridge Dictionary of English Place-names; Dodgson; Place-names of Cheshire; E. Ekwall; Dictionary of English Place-Names; A.D. Mills; Dictionary of English Place-Names
Warmingham,'Homestead/village of Waerma's/Waermund's people' or 'homestead/village at Waerma's/Waermund's place'.,"-ing Old English - Place-name forming suffix.; -ingas Old English - The people of . . . ; the people called after . . .; hām Old English - A village, a village community, a manor, an estate, a homestead.; Personal name (Old English) Old English - Personal name",E. Ekwall; Dictionary of English Place-Names; Watts; Cambridge Dictionary of English Place-names; A.D. Mills; Dictionary of English Place-Names; Dodgson; Place-names of Cheshire
Waverton,"'Quaking-bog farm/settlement' or perhaps, 'waving-tree farm/settlement'.","tūn Old English - An enclosure; a farmstead; a village; an estate.; wæfre Old English - Unstable, restless, wandering.",A.D. Mills; Dictionary of English Place-Names; Watts; Cambridge Dictionary of English Place-names; Dodgson; Place-names of Cheshire; E. Ekwall; Dictionary of English Place-Names
Weaver,Named after the River Weaver.,River-name Unknown - River-name,E. Ekwall; Dictionary of English Place-Names; A.D. Mills; Dictionary of English Place-Names; Dodgson; Place-names of Cheshire; Watts; Cambridge Dictionary of English Place-names
Weaverham cum Milton,'River Weaver homestead/village'. 'Mill farm/settlement'.,myln Old English - A mill.; River-name Unknown - River-name; tūn Old English - An enclosure; a farmstead; a village; an estate.,E. Ekwall; Dictionary of English Place-Names; A.D. Mills; Dictionary of English Place-Names; Watts; Cambridge Dictionary of English Place-names; Dodgson; Place-names of Cheshire
Werneth,'Alder-tree place'.,u̯erno- C,E. Ekwall; Dictionary of English Place-Names; A.D. Mills; Dictionary of English Place-Names; Watts; Cambridge Dictionary of English Place-names; Dodgson; Place-names of Cheshire
Wervin,"Uncertain. Perhaps, 'cattle fen' or 'quaking fen'.","fenn Old English - A fen, a marsh, marshland.; weorf Old English - A beast of burden; cattle.; wifer Old English - Shaking, quaking.",E. Ekwall; Dictionary of English Place-Names; Dodgson; Place-names of Cheshire; Watts; Cambridge Dictionary of English Place-names; A.D. Mills; Dictionary of English Place-Names
West Kirkby,'Church farm/settlement'.,kirkju-býr Old Norse - A village with a church.,Dodgson; Place-names of Cheshire; A.D. Mills; Dictionary of English Place-Names; E. Ekwall; Dictionary of English Place-Names; Watts; Cambridge Dictionary of English Place-names
Weston,'West farm/settlement'.,"tūn Old English - An enclosure; a farmstead; a village; an estate.; west Old English - Western, west.",E. Ekwall; Dictionary of English Place-Names; A.D. Mills; Dictionary of English Place-Names; Watts; Cambridge Dictionary of English Place-names; Dodgson; Place-names of Cheshire
Weston,'West farm/settlement'.,"tūn Old English - An enclosure; a farmstead; a village; an estate.; west Old English - Western, west.",Dodgson; Place-names of Cheshire; Watts; Cambridge Dictionary of English Place-names; E. Ekwall; Dictionary of English Place-Names; A.D. Mills; Dictionary of English Place-Names
Wettenhall,'At the wet nook of land'.,"halh Old English - A nook of land; a small valley; dry ground in marsh; a piece of land projecting from, or detached from, the main area of its administrative unit.; wēt Old English - Wet, damp.",A.D. Mills; Dictionary of English Place-Names; E. Ekwall; Dictionary of English Place-Names; Watts; Cambridge Dictionary of English Place-names; Dodgson; Place-names of Cheshire
Wharton,"'Quaking-bog farm/settlement' or perhaps, 'waving-tree farm/settlement'.","tūn Old English - An enclosure; a farmstead; a village; an estate.; wæfre Old English - Unstable, restless, wandering.",Dodgson; Place-names of Cheshire; A.D. Mills; Dictionary of English Place-Names; Watts; Cambridge Dictionary of English Place-names; E. Ekwall; Dictionary of English Place-Names
Whatcroft,'Small enclosed field where wheat grows'.,croft Old English - A small enclosed field.; hwǣte Old English - Wheat.,Dodgson; Place-names of Cheshire; E. Ekwall; Dictionary of English Place-Names; A.D. Mills; Dictionary of English Place-Names; Watts; Cambridge Dictionary of English Place-names
Wheelock,Named after the River Wheelock.,River-name Unknown - River-name,A.D. Mills; Dictionary of English Place-Names; E. Ekwall; Dictionary of English Place-Names; Dodgson; Place-names of Cheshire; Watts; Cambridge Dictionary of English Place-names
Wigland,'Wicga's land'.,land Old English - Land (as part of earth's surface); an estate; possibly also new arable area.  In minor and field names: strip in a field-system.; Personal name (Old English) Old English - Personal name,A.D. Mills; Dictionary of English Place-Names; Watts; Cambridge Dictionary of English Place-names; Dodgson; Place-names of Cheshire; E. Ekwall; Dictionary of English Place-Names
Wildboarclough,'Wild-boar ravine'.,clōh Old English - A ravine.; wilde-bār Old English - A wild boar.,A.D. Mills; Dictionary of English Place-Names; Watts; Cambridge Dictionary of English Place-names; E. Ekwall; Dictionary of English Place-Names; Dodgson; Place-names of Cheshire
Willaston,'Wiglaf's farm/settlement'.,Personal name (Old English) Old English - Personal name; tūn Old English - An enclosure; a farmstead; a village; an estate.,A.D. Mills; Dictionary of English Place-Names; Dodgson; Place-names of Cheshire; Watts; Cambridge Dictionary of English Place-names; E. Ekwall; Dictionary of English Place-Names
Willaston,'Wiglaf's farm/settlement'.,Personal name (Old English) Old English - Personal name; tūn Old English - An enclosure; a farmstead; a village; an estate.,Watts; Cambridge Dictionary of English Place-names; E. Ekwall; Dictionary of English Place-Names; A.D. Mills; Dictionary of English Place-Names; Dodgson; Place-names of Cheshire
Willington,"'Wynflaeth's farm/settlement', a feminine personal name.",Personal name (Old English) Old English - Personal name; tūn Old English - An enclosure; a farmstead; a village; an estate.,E. Ekwall; Dictionary of English Place-Names; Watts; Cambridge Dictionary of English Place-names; Dodgson; Place-names of Cheshire; A.D. Mills; Dictionary of English Place-Names
Wimbolds Trafford,'Winebald's Trafford (= valley ford)'.,"ford Old English - A ford.; Personal name (Old English) Old English - Personal name; trog Old English - A trough, a long narrow vessel; used topographically of a hollow.",Dodgson; Place-names of Cheshire; E. Ekwall; Dictionary of English Place-Names; Watts; Cambridge Dictionary of English Place-names; A.D. Mills; Dictionary of English Place-Names
Wimboldsley,'Winebald's wood/clearing'.,"lēah Old English - A forest, wood, glade, clearing; (later) a pasture, meadow.; Personal name (Old English) Old English - Personal name",E. Ekwall; Dictionary of English Place-Names; Watts; Cambridge Dictionary of English Place-names; Dodgson; Place-names of Cheshire; A.D. Mills; Dictionary of English Place-Names
Wincham,'Wigmund's homestead/village'.,"hām Old English - A village, a village community, a manor, an estate, a homestead.; Personal name (Old English) Old English - Personal name",A.D. Mills; Dictionary of English Place-Names; Dodgson; Place-names of Cheshire; E. Ekwall; Dictionary of English Place-Names; Watts; Cambridge Dictionary of English Place-names
Wincle,"Uncertain. '*Wineca's hill', 'winch hill' or 'corner hill'.","hyll Old English - A hill, a natural eminence or elevated piece of ground.; Personal name (Old English) Old English - Personal name; wince Old English - A winch, a pulley; a well with a winch or well-wheel turned by a crank; perhaps also a bend, a corner.; wincel Old English - A nook, a corner.",E. Ekwall; Dictionary of English Place-Names; Dodgson; Place-names of Cheshire; Watts; Cambridge Dictionary of English Place-names; A.D. Mills; Dictionary of English Place-Names
Winnington,'Farm/settlement connected with Wine'.,"-ingtūn Old English - A settlement called after, or connected with . . .; Personal name (Old English) Old English - Personal name",Dodgson; Place-names of Cheshire; Watts; Cambridge Dictionary of English Place-names; A.D. Mills; Dictionary of English Place-Names; E. Ekwall; Dictionary of English Place-Names
Wirswall,'Wighere's spring/stream'.,Personal name (Old English) Old English - Personal name; wella Old English,Dodgson; Place-names of Cheshire; A.D. Mills; Dictionary of English Place-Names; Watts; Cambridge Dictionary of English Place-names; E. Ekwall; Dictionary of English Place-Names
Wistaston,'Wigstan's farm/settlement'.,Personal name (Old English) Old English - Personal name; tūn Old English - An enclosure; a farmstead; a village; an estate.,A.D. Mills; Dictionary of English Place-Names; E. Ekwall; Dictionary of English Place-Names; Dodgson; Place-names of Cheshire; Watts; Cambridge Dictionary of English Place-names
Witton cum Twambrook," 'Farm/settlement near a Roman vicus (= trading station)'. Alternatively, it may simply refer to a 'dwelling place'. 'Between the brooks'.","betwēonan Old English - Between, amongst.; brōc Old English - A brook, a stream.  (Used of a stream with a muddy bed and a visible sediment load.); wīc-tūn Old English - An enclosure with a dwelling; a settlment with or at a factory.",E. Ekwall; Dictionary of English Place-Names; Dodgson; Place-names of Cheshire; A.D. Mills; Dictionary of English Place-Names; Watts; Cambridge Dictionary of English Place-names
Woodbank,'Wooded hillside'.,"banke Old Norse; wudu Old English - A wood; or wood, timber.",E. Ekwall; Dictionary of English Place-Names; Dodgson; Place-names of Cheshire; Watts; Cambridge Dictionary of English Place-names; A.D. Mills; Dictionary of English Place-Names
Woodchurch,'Wood church'.,"cirice Old English - A church.; wudu Old English - A wood; or wood, timber.",Watts; Cambridge Dictionary of English Place-names; E. Ekwall; Dictionary of English Place-Names; A.D. Mills; Dictionary of English Place-Names; Dodgson; Place-names of Cheshire
Woodcott,'Wood cottage'.,"cot Old English - A cottage, a hut, a shelter, a den.; wudu Old English - A wood; or wood, timber.",E. Ekwall; Dictionary of English Place-Names; Dodgson; Place-names of Cheshire; Watts; Cambridge Dictionary of English Place-names; A.D. Mills; Dictionary of English Place-Names
Woodford,'Wood ford'.,"ford Old English - A ford.; wudu Old English - A wood; or wood, timber.",A.D. Mills; Dictionary of English Place-Names; E. Ekwall; Dictionary of English Place-Names; Watts; Cambridge Dictionary of English Place-names; Dodgson; Place-names of Cheshire
Woolstanwood,'Wulfstan's wood'.,"Personal name (Old English) Old English - Personal name; wudu Old English - A wood; or wood, timber.",Watts; Cambridge Dictionary of English Place-names; A.D. Mills; Dictionary of English Place-Names; Dodgson; Place-names of Cheshire; E. Ekwall; Dictionary of English Place-Names
Worleston,Uncertain. 'Cattle-wood/clearing farm/settlement' or 'Werulf's farm/settlement'.,"lēah Old English - A forest, wood, glade, clearing; (later) a pasture, meadow.; Personal name (Old English) Old English - Personal name; tūn Old English - An enclosure; a farmstead; a village; an estate.; weorf Old English - A beast of burden; cattle.",Watts; Cambridge Dictionary of English Place-names; Dodgson; Place-names of Cheshire; A.D. Mills; Dictionary of English Place-Names; E. Ekwall; Dictionary of English Place-Names
Wrenbury cum Frith,Uncertain. 'Wrenna's fortification' or 'wren fortification'. 'Wood'.,"burh Old English - A fortified place.; fyrhð Old English - A wood; land overgrown with brushwood, scrub on the edge of forest.  (Uncertain); Personal name (Old English) Old English - Personal name; wrenna Old English - A wren.",E. Ekwall; Dictionary of English Place-Names; Watts; Cambridge Dictionary of English Place-names; A.D. Mills; Dictionary of English Place-Names; Dodgson; Place-names of Cheshire
Wybunbury,"Probably, 'Wigbeorn's fortification'.",burh Old English - A fortified place.; Personal name (Old English) Old English - Personal name,Dodgson; Place-names of Cheshire; E. Ekwall; Dictionary of English Place-Names; Watts; Cambridge Dictionary of English Place-names; A.D. Mills; Dictionary of English Place-Names
Wycough,'Nook of land specialised farm'.,"halh Old English - A nook of land; a small valley; dry ground in marsh; a piece of land projecting from, or detached from, the main area of its administrative unit.; wīc Old English - A dwelling; a building or collection of buildings for special purposes; a farm, a dairy farm; a trading or industrial settlement; or (in the plural) a hamlet, village.",Watts; Cambridge Dictionary of English Place-names; A.D. Mills; Dictionary of English Place-Names; Dodgson; Place-names of Cheshire; E. Ekwall; Dictionary of English Place-Names
