PlaceName,Etymology,Derivation,ReferenceTitle
Abney,'Abba's island'.,"ēg Old English - An island.  In ancient settlement-names, most frequently refers to dry ground surrounded by marsh.  Also used of islands in modern sense.  In late OE names: well-watered land.; Personal name (Old English) Old English - Personal name",Watts; Cambridge Dictionary of English Place-names; Cameron; Place-names of Derbyshire; A.D. Mills; Dictionary of English Place-Names; E. Ekwall; Dictionary of English Place-Names
Alderwasley,'Clearing near a place called *Alderwas (= alluvial land growing with alders)'.,"alor Old English - An alder-tree.; lēah Old English - A forest, wood, glade, clearing; (later) a pasture, meadow.; wæsse Old English",E. Ekwall; Dictionary of English Place-Names; A.D. Mills; Dictionary of English Place-Names; Watts; Cambridge Dictionary of English Place-names; Cameron; Place-names of Derbyshire
Aldwark,'The old fortification'.,"ald Old English; weorc Old English - A work, a building structure; a fortification.",Watts; Cambridge Dictionary of English Place-names; Cameron; Place-names of Derbyshire; A.D. Mills; Dictionary of English Place-Names; E. Ekwall; Dictionary of English Place-Names
Alfreton,'Aelfhere's farm/settlement'.,Personal name (Old English) Old English - Personal name; tūn Old English - An enclosure; a farmstead; a village; an estate.,Cameron; Place-names of Derbyshire; Watts; Cambridge Dictionary of English Place-names; E. Ekwall; Dictionary of English Place-Names; A.D. Mills; Dictionary of English Place-Names
Alkmonton,'Ealhmund's farm/settlement'.,Personal name (Old English) Old English - Personal name; tūn Old English - An enclosure; a farmstead; a village; an estate.,Watts; Cambridge Dictionary of English Place-names; A.D. Mills; Dictionary of English Place-Names; E. Ekwall; Dictionary of English Place-Names; Cameron; Place-names of Derbyshire
Allestree,'Aethelheard's tree'.,"Personal name (Old English) Old English - Personal name; trēow Old English - A tree; a large piece of wood, a post, a beam.",A.D. Mills; Dictionary of English Place-Names; Cameron; Place-names of Derbyshire; E. Ekwall; Dictionary of English Place-Names; Watts; Cambridge Dictionary of English Place-names
Alvaston and Boulton,'Alwald's farm/settlement'. 'Bola's farm/settlement'.,Personal name (Old English) Old English - Personal name; tūn Old English - An enclosure; a farmstead; a village; an estate.,A.D. Mills; Dictionary of English Place-Names; E. Ekwall; Dictionary of English Place-Names; Watts; Cambridge Dictionary of English Place-names; Cameron; Place-names of Derbyshire
Appletree Hundred,"'Apple-tree'. The site of the apple-tree is unknown, but the hundred court was held at Sutton on the Hill in the 14th century and the hundred is called Appletree and Sutton in 1352.","æppel-trēow Old English - An apple-tree, a fruit-tree.; hundred Old English - One hundred; an administrative division of a county.",Cameron; Place-names of Derbyshire; Anderson (unspecified work)
Ash,'Ash-tree'.,æsc Old English,A.D. Mills; Dictionary of English Place-Names; E. Ekwall; Dictionary of English Place-Names; Watts; Cambridge Dictionary of English Place-names; Cameron; Place-names of Derbyshire
Ashbourne,'Ash-tree stream'.,æsc Old English; burna Old English - A stream.,A.D. Mills; Dictionary of English Place-Names; Cameron; Place-names of Derbyshire; Watts; Cambridge Dictionary of English Place-names; E. Ekwall; Dictionary of English Place-Names
Ashford,'Ash-tree ford'.,æsc Old English; ford Old English - A ford.,E. Ekwall; Dictionary of English Place-Names; Watts; Cambridge Dictionary of English Place-names; A.D. Mills; Dictionary of English Place-Names; Cameron; Place-names of Derbyshire
Ashleyhay,'Ash-tree wood/clearing enclosure'.,"æsc Old English; hæg Old English - A fence, an enclosure.; lēah Old English - A forest, wood, glade, clearing; (later) a pasture, meadow.",Cameron; Place-names of Derbyshire; A.D. Mills; Dictionary of English Place-Names; E. Ekwall; Dictionary of English Place-Names; Watts; Cambridge Dictionary of English Place-names
Ashover,'Ash-tree slope/ridge.',"æsc Old English; ōfer Old English - A margin; a river-bank, sea-shore.",Cameron; Place-names of Derbyshire; A.D. Mills; Dictionary of English Place-Names; Watts; Cambridge Dictionary of English Place-names; E. Ekwall; Dictionary of English Place-Names
Aston,'East farm/settlement'.,"ēast Old English - Eastern, east.; tūn Old English - An enclosure; a farmstead; a village; an estate.",Watts; Cambridge Dictionary of English Place-names; E. Ekwall; Dictionary of English Place-Names; Cameron; Place-names of Derbyshire; A.D. Mills; Dictionary of English Place-Names
Aston upon Trent,'East farm/settlement' on the River Trent. 'East' to distinguish from Weston-on-Trent.,"ēast Old English - Eastern, east.; River-name Unknown - River-name; tūn Old English - An enclosure; a farmstead; a village; an estate.",A.D. Mills; Dictionary of English Place-Names; E. Ekwall; Dictionary of English Place-Names; Cameron; Place-names of Derbyshire; Watts; Cambridge Dictionary of English Place-names
Atlow,"'Eatta's burial-mound/hill'. No burial mound is known here, but the reference may be to a nearby hill.",hlāw Old English - A tumulus; a hill.; Personal name (Old English) Old English - Personal name,A.D. Mills; Dictionary of English Place-Names; E. Ekwall; Dictionary of English Place-Names; Cameron; Place-names of Derbyshire; Watts; Cambridge Dictionary of English Place-names
Ault Hucknall,"'*Hucca's nook of land'. Ault, 'high', is a later addition to distinguish from Hucknall in Nottinghamshire.","halh Old English - A nook of land; a small valley; dry ground in marsh; a piece of land projecting from, or detached from, the main area of its administrative unit.; haut Old French - High.; Personal name (Old English) Old English - Personal name",Watts; Cambridge Dictionary of English Place-names; E. Ekwall; Dictionary of English Place-Names; Cameron; Place-names of Derbyshire; A.D. Mills; Dictionary of English Place-Names
Bakewell,'At Badeca's springs/streams.',Personal name (Old English) Old English - Personal name; wella Old English,Cameron; Place-names of Derbyshire; A.D. Mills; Dictionary of English Place-Names; E. Ekwall; Dictionary of English Place-Names; Watts; Cambridge Dictionary of English Place-names
Ballidon,"Perhaps, 'sack-shaped valley'.",belg Old English; denu Old English - A valley.,Watts; Cambridge Dictionary of English Place-names; A.D. Mills; Dictionary of English Place-Names; E. Ekwall; Dictionary of English Place-Names; Cameron; Place-names of Derbyshire
Bamford,'Tree-trunk ford'.,bēam Old English - A tree; the cross on which Christ was crucified; a beam of timber.; ford Old English - A ford.,Watts; Cambridge Dictionary of English Place-names; E. Ekwall; Dictionary of English Place-Names; A.D. Mills; Dictionary of English Place-Names; Cameron; Place-names of Derbyshire
Barlborough,"OE burh 'fortification' added to a place-name of uncertain origin, possibly 'boar-wood/clearing' or 'barley-wood/clearing'.",burh Old English - A fortified place.; Place-name Unknown - Place-name,Watts; Cambridge Dictionary of English Place-names; Cameron; Place-names of Derbyshire; A.D. Mills; Dictionary of English Place-Names; E. Ekwall; Dictionary of English Place-Names
Barlow,Uncertain. 'Boar wood/clearing' or 'barley wood/clearing'.,"bār Old English - A boar (wild or domestic).; bere Old English - Barley.; lēah Old English - A forest, wood, glade, clearing; (later) a pasture, meadow.",Cameron; Place-names of Derbyshire; A.D. Mills; Dictionary of English Place-Names; E. Ekwall; Dictionary of English Place-Names; Watts; Cambridge Dictionary of English Place-names
Barrow upon Trent,'At the grove' on the River Trent.,bearu Old English - A grove.  (Usually refers to a wood of limited extent rather than to forest areas.); River-name Unknown - River-name,Cameron; Place-names of Derbyshire; A.D. Mills; Dictionary of English Place-Names; E. Ekwall; Dictionary of English Place-Names; Watts; Cambridge Dictionary of English Place-names
Barton Blount,'Barley farm/settlement'. It was held by the Blount family in the 14th century.,"bere-tūn Old English - A barley enclosure, a barley farm; later a demesne farm, an outlying grange.; Family name Unknown - Family name.",Watts; Cambridge Dictionary of English Place-names; Cameron; Place-names of Derbyshire; A.D. Mills; Dictionary of English Place-Names; E. Ekwall; Dictionary of English Place-Names
Baslow and Bubnell,"'Bassa's burial-mound/hill'. No burial mound is known here, but the reference may be to a nearby hill. 'Bubba's hill'.","hlāw Old English - A tumulus; a hill.; hyll Old English - A hill, a natural eminence or elevated piece of ground.; Personal name (Old English) Old English - Personal name",A.D. Mills; Dictionary of English Place-Names; E. Ekwall; Dictionary of English Place-Names; Cameron; Place-names of Derbyshire; Watts; Cambridge Dictionary of English Place-names
"Beard, Thornsett, Ollersett and Whittle","'Hill-side' or perhaps, 'edge'. 'Thorn-tree fold'. 'Alder-tree dwelling'. 'White hill'.","alor Old English - An alder-tree.; beard Old English - A beard; possibly also an edge, rim, margin, or a verge, edge (of a hill).; brerd Old English - A rim, an edge, a border; topographically perhaps a hill-side.; set Old English - A dwelling, a camp, a place for animals, a stable, a fold.; þyrne Old English - A thorn-bush.",Cameron; Place-names of Derbyshire; A.D. Mills; Dictionary of English Place-Names; E. Ekwall; Dictionary of English Place-Names; Watts; Cambridge Dictionary of English Place-names
Bearwardcote,'Bear-keeper's cottage'.,"bera-weard Old English - A bear-keeper.; cot Old English - A cottage, a hut, a shelter, a den.",Cameron; Place-names of Derbyshire; E. Ekwall; Dictionary of English Place-Names; Watts; Cambridge Dictionary of English Place-names; A.D. Mills; Dictionary of English Place-Names
Beeley,"Uncertain. '*Bega's wood/clearing' or 'Beage's wood/clearing', feminine personal name. Alternatively, 'berry clearing'.","beg Old English - A berry.; lēah Old English - A forest, wood, glade, clearing; (later) a pasture, meadow.; Personal name (Old English) Old English - Personal name",A.D. Mills; Dictionary of English Place-Names; E. Ekwall; Dictionary of English Place-Names; Cameron; Place-names of Derbyshire; Watts; Cambridge Dictionary of English Place-names
Beighton,'Stream farm/settlement'.,bǣce Old English - A beach.; tūn Old English - An enclosure; a farmstead; a village; an estate.,A.D. Mills; Dictionary of English Place-Names; E. Ekwall; Dictionary of English Place-Names; Cameron; Place-names of Derbyshire; Watts; Cambridge Dictionary of English Place-names
Belper,'Beautiful retreat'.,beau repaire Old French - A beautiful retreat.,Watts; Cambridge Dictionary of English Place-names; A.D. Mills; Dictionary of English Place-Names; E. Ekwall; Dictionary of English Place-Names; Cameron; Place-names of Derbyshire
Biggin,'New building'. The original ME niue has been lost.,"bigging Middle English - A building; later an outbuilding, an outhouse.; nīwe Old English - New.",Watts; Cambridge Dictionary of English Place-names; Cameron; Place-names of Derbyshire; A.D. Mills; Dictionary of English Place-Names; E. Ekwall; Dictionary of English Place-Names
Birchover,'Birch-tree slope/ridge'.,"birce Old English; ofer Old English - The tip of a promontory, a flat-topped ridge.",Watts; Cambridge Dictionary of English Place-names; Cameron; Place-names of Derbyshire; A.D. Mills; Dictionary of English Place-Names; E. Ekwall; Dictionary of English Place-Names
Blackwell,'Dark-coloured spring/stream'.,"blæc Old English - Black, dark-coloured, dark.; wella Old English",Watts; Cambridge Dictionary of English Place-names; E. Ekwall; Dictionary of English Place-Names; Cameron; Place-names of Derbyshire; A.D. Mills; Dictionary of English Place-Names
Blackwell,'Dark-coloured spring/stream '.,"blæc Old English - Black, dark-coloured, dark.; wella Old English",Watts; Cambridge Dictionary of English Place-names; Cameron; Place-names of Derbyshire; A.D. Mills; Dictionary of English Place-Names; E. Ekwall; Dictionary of English Place-Names
Bolsover,Uncertain. 'Boll's slope/ridge' or 'bull's slope/ridge'.,"bula Old English - A bull.; ōfer Old English - A margin; a river-bank, sea-shore.; Personal name (Old English) Old English - Personal name",Watts; Cambridge Dictionary of English Place-names; E. Ekwall; Dictionary of English Place-Names; Cameron; Place-names of Derbyshire; A.D. Mills; Dictionary of English Place-Names
Bonsall,'*Bunt's nook of land'.,"halh Old English - A nook of land; a small valley; dry ground in marsh; a piece of land projecting from, or detached from, the main area of its administrative unit.; Personal name (Old English) Old English - Personal name",Cameron; Place-names of Derbyshire; Watts; Cambridge Dictionary of English Place-names; E. Ekwall; Dictionary of English Place-Names; A.D. Mills; Dictionary of English Place-Names
Boylestone,"'Rounded-hill farm/settlement'or perhaps '*Boghyll's (= the rounded hill) farm/settlement', an otherwise unrecorded place-name.","boga Old English - A bow, an arch; an arched bridge; a bow (for shooting); something curved or bent, such as a river bend or curved valley.; hyll Old English - A hill, a natural eminence or elevated piece of ground.; tūn Old English - An enclosure; a farmstead; a village; an estate.",Watts; Cambridge Dictionary of English Place-names; E. Ekwall; Dictionary of English Place-Names; Cameron; Place-names of Derbyshire; A.D. Mills; Dictionary of English Place-Names
Brackenfield,'Bracken clearing'.,"brakni Old Norse - Bracken, fern.; þveit Old Norse - A clearing, a meadow, a paddock.",E. Ekwall; Dictionary of English Place-Names; Watts; Cambridge Dictionary of English Place-names; A.D. Mills; Dictionary of English Place-Names; Cameron; Place-names of Derbyshire
Bradbourne,'Broad stream'.,"brād Old English - Broad, spacious, wide, large.; burna Old English - A stream.",Watts; Cambridge Dictionary of English Place-names; E. Ekwall; Dictionary of English Place-Names; Cameron; Place-names of Derbyshire; A.D. Mills; Dictionary of English Place-Names
Bradley,'The broad wood/clearing'. Some spellings show influence of ON breithr.,"brād Old English - Broad, spacious, wide, large.; lēah Old English - A forest, wood, glade, clearing; (later) a pasture, meadow.",Cameron; Place-names of Derbyshire; A.D. Mills; Dictionary of English Place-Names; E. Ekwall; Dictionary of English Place-Names; Watts; Cambridge Dictionary of English Place-names
Bradwell,'The broad spring/stream'.,"brād Old English - Broad, spacious, wide, large.; wella Old English",Cameron; Place-names of Derbyshire; A.D. Mills; Dictionary of English Place-Names; E. Ekwall; Dictionary of English Place-Names; Watts; Cambridge Dictionary of English Place-names
Brailsford,"Uncertain. Possibly, 'burial-place ford', or 'Braegel's ford'. Alternatively, perhaps the first element is a lost place-name, 'Brailes (= hill court) ford'.","breg C; byrgels Old English - A burial place, a tumulus.; ford Old English - A ford.; lïs C; Personal name (Old English) Old English - Personal name; Place-name Unknown - Place-name",Watts; Cambridge Dictionary of English Place-names; Cameron; Place-names of Derbyshire; A.D. Mills; Dictionary of English Place-Names; E. Ekwall; Dictionary of English Place-Names
Brampton,'Broom farm/settlement'.,brōm Old English - Broom; a thorny bush or shrub.; tūn Old English - An enclosure; a farmstead; a village; an estate.,Watts; Cambridge Dictionary of English Place-names; E. Ekwall; Dictionary of English Place-Names; A.D. Mills; Dictionary of English Place-Names; Cameron; Place-names of Derbyshire
Brassington,"'Farm/settlement connected with *Brandsige'. Alternatively, perhaps 'steep-path farm/settlement'.","-ingtūn Old English - A settlement called after, or connected with . . .; brant Old English - Steep.; Personal name (Old English) Old English - Personal name; stīg Old English - A path, a narrow road.  (Especially an ascending path.); tūn Old English - An enclosure; a farmstead; a village; an estate.",Cameron; Place-names of Derbyshire; A.D. Mills; Dictionary of English Place-Names; E. Ekwall; Dictionary of English Place-Names; Watts; Cambridge Dictionary of English Place-names
Breadsall,'Braegd's nook of land'.,"halh Old English - A nook of land; a small valley; dry ground in marsh; a piece of land projecting from, or detached from, the main area of its administrative unit.; Personal name (Old English) Old English - Personal name",Cameron; Place-names of Derbyshire; E. Ekwall; Dictionary of English Place-Names; A.D. Mills; Dictionary of English Place-Names; Watts; Cambridge Dictionary of English Place-names
Breaston,'*Braegd's farm/settlement'.,Personal name (Old English) Old English - Personal name; tūn Old English - An enclosure; a farmstead; a village; an estate.,A.D. Mills; Dictionary of English Place-Names; Cameron; Place-names of Derbyshire; Watts; Cambridge Dictionary of English Place-names; E. Ekwall; Dictionary of English Place-Names
Bretby,'Britons' farm/settlement'.,"Bretar Old Norse - The Britons.; Brettas Old English - The Britons.; bȳ Old Norse - A farmstead, a village.",Watts; Cambridge Dictionary of English Place-names; Cameron; Place-names of Derbyshire; A.D. Mills; Dictionary of English Place-Names; E. Ekwall; Dictionary of English Place-Names
Brimington,'Farm/settlement connected with Breme'.,"-ingtūn Old English - A settlement called after, or connected with . . .; Personal name (Old English) Old English - Personal name",E. Ekwall; Dictionary of English Place-Names; A.D. Mills; Dictionary of English Place-Names; Watts; Cambridge Dictionary of English Place-names; Cameron; Place-names of Derbyshire
Brough and Shatton,"'Fortification'. The name of the Roman fortification here, Navio, is taken from the River Noe. 'Corner farm/settlement'.","burh Old English - A fortified place.; scēat Old English - A corner of land, an angle, a projecting piece of land.; tūn Old English - An enclosure; a farmstead; a village; an estate.",Rivet & Smith; Place-names of Roman Britain; Cameron; Place-names of Derbyshire; A.D. Mills; Dictionary of English Place-Names; E. Ekwall; Dictionary of English Place-Names; Watts; Cambridge Dictionary of English Place-names
Brownside,delete,"brūn Old English - Brown, dark-coloured.; sīde Old English - A side; a long hill-slope.",Watts; Cambridge Dictionary of English Place-names; E. Ekwall; Dictionary of English Place-Names; Cameron; Place-names of Derbyshire; A.D. Mills; Dictionary of English Place-Names
Brushfield,'*Brihtric's open land'.,"feld Old English - Open country, unencumbered ground (eg. land without trees as opposed to forest, level ground as opposed to hills, land without buildings); arable land (from late tenth century).; Personal name (Old English) Old English - Personal name",A.D. Mills; Dictionary of English Place-Names; Watts; Cambridge Dictionary of English Place-names; Cameron; Place-names of Derbyshire; E. Ekwall; Dictionary of English Place-Names
Bubnell,delete,"hyll Old English - A hill, a natural eminence or elevated piece of ground.; Personal name (Old English) Old English - Personal name",Cameron; Place-names of Derbyshire; A.D. Mills; Dictionary of English Place-Names; E. Ekwall; Dictionary of English Place-Names; Watts; Cambridge Dictionary of English Place-names
Burbage,Uncertain. 'Fortification stream/valley' or 'fortification ridge'.,"bæc Old English - A back; used topographically of a ridge, varying from a low ridge in marshy ground to a steep escarpment.; bēce Old English - A beech-tree.; burh Old English - A fortified place.",A.D. Mills; Dictionary of English Place-Names; E. Ekwall; Dictionary of English Place-Names; Cameron; Place-names of Derbyshire; Watts; Cambridge Dictionary of English Place-names
Burnaston,'*Brunwulf's farm/settlement' or 'Brynjolfr's farm/settlement'.,Personal name (Old English) Old English - Personal name; Personal name (Old Norse) Old Norse - Personal name; tūn Old English - An enclosure; a farmstead; a village; an estate.,A.D. Mills; Dictionary of English Place-Names; E. Ekwall; Dictionary of English Place-Names; Cameron; Place-names of Derbyshire; Watts; Cambridge Dictionary of English Place-names
Buxton,Uncertain. 'Buck stones' or 'logan-stones'.,"bucc Old English - A buck, a male deer.; būg-stān Old English - A rocking-stone, a logan-stone.; stān Old English - A stone, stone, rock.",Cameron; Place-names of Derbyshire; A.D. Mills; Dictionary of English Place-Names; E. Ekwall; Dictionary of English Place-Names; Watts; Cambridge Dictionary of English Place-names
Buxworth,delete,Personal name (Old English) Old English - Personal name; worð Old English - An enclosure.,Watts; Cambridge Dictionary of English Place-names; Cameron; Place-names of Derbyshire; A.D. Mills; Dictionary of English Place-Names; E. Ekwall; Dictionary of English Place-Names
Caldwell,'At the cold streams/springs'.,cald Old English; wella Old English,Watts; Cambridge Dictionary of English Place-names; E. Ekwall; Dictionary of English Place-Names; Cameron; Place-names of Derbyshire; A.D. Mills; Dictionary of English Place-Names
Calke,'Limestone'.,calc Old English,Cameron; Place-names of Derbyshire; A.D. Mills; Dictionary of English Place-Names; E. Ekwall; Dictionary of English Place-Names; Watts; Cambridge Dictionary of English Place-names
Callow,"'Cold hill' or perhaps, 'bare hill'.","cald Old English; calu Old English - Bald, bare, lacking vegetation.; hlāw Old English - A tumulus; a hill.",Cameron; Place-names of Derbyshire; A.D. Mills; Dictionary of English Place-Names; E. Ekwall; Dictionary of English Place-Names; Watts; Cambridge Dictionary of English Place-names
Calow,'Bare nook of land'.,"calu Old English - Bald, bare, lacking vegetation.; halh Old English - A nook of land; a small valley; dry ground in marsh; a piece of land projecting from, or detached from, the main area of its administrative unit.",Watts; Cambridge Dictionary of English Place-names; E. Ekwall; Dictionary of English Place-Names; A.D. Mills; Dictionary of English Place-Names; Cameron; Place-names of Derbyshire
Calver,'Calf slope/ridge'.,"calf Old English; ofer Old English - The tip of a promontory, a flat-topped ridge.",E. Ekwall; Dictionary of English Place-Names; A.D. Mills; Dictionary of English Place-Names; Watts; Cambridge Dictionary of English Place-names; Cameron; Place-names of Derbyshire
Carsington,'Farm/settlement growing with cress'.,cærsen Old English - Growing with cress.; tūn Old English - An enclosure; a farmstead; a village; an estate.,E. Ekwall; Dictionary of English Place-Names; A.D. Mills; Dictionary of English Place-Names; Cameron; Place-names of Derbyshire; Watts; Cambridge Dictionary of English Place-names
Castle Gresley,"Possibly, 'gravelly wood/clearing'. 'Castle' to distinguish it from Church Gresley. In the 13th century part of the hundred of Repton was called 'Gresley wapentake'. The two were subsequently joined after the 13th century. The site of the meeting-place is","castel Old English - A defensive building; a village.; grēosn Old English - Gravel, a pebble.; hundred Old English - One hundred; an administrative division of a county.; lēah Old English - A forest, wood, glade, clearing; (later) a pasture, meadow.",Watts; Cambridge Dictionary of English Place-names; Anderson (unspecified work); A.D. Mills; Dictionary of English Place-Names; Cameron; Place-names of Derbyshire; E. Ekwall; Dictionary of English Place-Names
Castleton,"'Castle farm/settlement', referring to Peveril Castle.",castel Old English - A defensive building; a village.; tūn Old English - An enclosure; a farmstead; a village; an estate.,Watts; Cambridge Dictionary of English Place-names; E. Ekwall; Dictionary of English Place-Names; A.D. Mills; Dictionary of English Place-Names; Cameron; Place-names of Derbyshire
Catton,"'Catta's farm/settlement' or perhaps, 'wild-cat farm/settlement'.","catte Old English - A she-cat, probably both wild and domestic.; Personal name (Old English) Old English - Personal name; tūn Old English - An enclosure; a farmstead; a village; an estate.",A.D. Mills; Dictionary of English Place-Names; E. Ekwall; Dictionary of English Place-Names; Cameron; Place-names of Derbyshire; Watts; Cambridge Dictionary of English Place-names
Chaddesden,'*Ceadd's valley'.,denu Old English - A valley.; Personal name (Old English) Old English - Personal name,Watts; Cambridge Dictionary of English Place-names; Cameron; Place-names of Derbyshire; A.D. Mills; Dictionary of English Place-Names; E. Ekwall; Dictionary of English Place-Names
Chapel en le Frith,"'Chapel in the forest'. Originally, Latin 'church of the High Peak' (1219).","chapel Middle English - A chapel; occasionally used figuratively for a place for meetings or observance.; en Old French - In.; fyrhð Old English - A wood; land overgrown with brushwood, scrub on the edge of forest.  (Uncertain); le Old French - The.",A.D. Mills; Dictionary of English Place-Names; E. Ekwall; Dictionary of English Place-Names; Cameron; Place-names of Derbyshire; Watts; Cambridge Dictionary of English Place-names
Charlesworth,"Uncertain. Either, '*Ceafl's enclosure' or 'ravine enclosure'.",ceafl Old English - A jaw; topographically a ravine.; Personal name (Old English) Old English - Personal name; worð Old English - An enclosure.,Watts; Cambridge Dictionary of English Place-names; Cameron; Place-names of Derbyshire; A.D. Mills; Dictionary of English Place-Names; E. Ekwall; Dictionary of English Place-Names
Chatsworth,'*Ceatt's enclosure'.,Personal name (Old English) Old English - Personal name; worð Old English - An enclosure.,E. Ekwall; Dictionary of English Place-Names; Cameron; Place-names of Derbyshire; Watts; Cambridge Dictionary of English Place-names; A.D. Mills; Dictionary of English Place-Names
Chellaston,'Ceolheard's farm/settlement'.,Personal name (Old English) Old English - Personal name; tūn Old English - An enclosure; a farmstead; a village; an estate.,Cameron; Place-names of Derbyshire; Watts; Cambridge Dictionary of English Place-names; A.D. Mills; Dictionary of English Place-Names; E. Ekwall; Dictionary of English Place-Names
Chelmorton,'Ceolmaer's hill.,dūn Old English - A hill.; Personal name (Old English) Old English - Personal name,Watts; Cambridge Dictionary of English Place-names; Cameron; Place-names of Derbyshire; E. Ekwall; Dictionary of English Place-Names; A.D. Mills; Dictionary of English Place-Names
Chesterfield,'Roman site open land'.,"ceaster Old English - A city; an old fortification; a Roman site.; feld Old English - Open country, unencumbered ground (eg. land without trees as opposed to forest, level ground as opposed to hills, land without buildings); arable land (from late tenth century).",A.D. Mills; Dictionary of English Place-Names; E. Ekwall; Dictionary of English Place-Names; Cameron; Place-names of Derbyshire; Watts; Cambridge Dictionary of English Place-names
"Chinley, Buxworth and Brownside",'Ravine wood/clearing'. '*Bucga's enclosure'. 'Brown hill-side'.,"brūn Old English - Brown, dark-coloured.; cinu Old English - A fissure, a ravine.; lēah Old English - A forest, wood, glade, clearing; (later) a pasture, meadow.; Personal name (Old English) Old English - Personal name; sīde Old English - A side; a long hill-slope.; worð Old English - An enclosure.",A.D. Mills; Dictionary of English Place-Names; E. Ekwall; Dictionary of English Place-Names; Cameron; Place-names of Derbyshire; Watts; Cambridge Dictionary of English Place-names
Church Broughton,'Brook farm/settlement' with a church.,"brōc Old English - A brook, a stream.  (Used of a stream with a muddy bed and a visible sediment load.); cirice Old English - A church.; tūn Old English - An enclosure; a farmstead; a village; an estate.",Cameron; Place-names of Derbyshire; A.D. Mills; Dictionary of English Place-Names; E. Ekwall; Dictionary of English Place-Names; Watts; Cambridge Dictionary of English Place-names
Church Gresley,"Possibly, 'gravelly wood/clearing'. 'Church' to distinguish it from Castle Gresley. For the name of hundred see Castle Gresley.","cirice Old English - A church.; grēosn Old English - Gravel, a pebble.; lēah Old English - A forest, wood, glade, clearing; (later) a pasture, meadow.",A.D. Mills; Dictionary of English Place-Names; E. Ekwall; Dictionary of English Place-Names; Watts; Cambridge Dictionary of English Place-names; Cameron; Place-names of Derbyshire
Clay Cross,"A late name, initally recorded in 1734, associated with the Clay family. It is the name of the Civil Parish in Clay Lane.","cross Modern English - A cross, the Cross.; Family name Unknown - Family name.",Watts; Cambridge Dictionary of English Place-names; Cameron; Place-names of Derbyshire; A.D. Mills; Dictionary of English Place-Names; E. Ekwall; Dictionary of English Place-Names
Clifton and Compton,'Cliff farm/settlement'.,"camp Old English - A field, an enclosed piece of land.; clif Old English - An escarpment, a hill-slope; a river-bank.; denu Old English - A valley.; tūn Old English - An enclosure; a farmstead; a village; an estate.",E. Ekwall; Dictionary of English Place-Names; A.D. Mills; Dictionary of English Place-Names; Cameron; Place-names of Derbyshire; Watts; Cambridge Dictionary of English Place-names
Clowne,"Uncertain. Perhaps a lost river-name, 'water'.",colauno- C; colṻn C,Watts; Cambridge Dictionary of English Place-names; E. Ekwall; Dictionary of English Place-Names; Cameron; Place-names of Derbyshire; A.D. Mills; Dictionary of English Place-Names
Coal Aston,'East farm'. 'Cold' from its exposed situation.,"cold Middle English - Cold.; ēast Old English - Eastern, east.; tūn Old English - An enclosure; a farmstead; a village; an estate.",Watts; Cambridge Dictionary of English Place-names; E. Ekwall; Dictionary of English Place-Names; A.D. Mills; Dictionary of English Place-Names; Cameron; Place-names of Derbyshire
Codnor and Loscoe,'*Codda's ridge'.,"lopt Old Norse - A loft, an upper chamber.; ōfer Old English - A margin; a river-bank, sea-shore.; Personal name (Old English) Old English - Personal name; skógr Old Norse - A wood.",E. Ekwall; Dictionary of English Place-Names; A.D. Mills; Dictionary of English Place-Names; Watts; Cambridge Dictionary of English Place-names; Cameron; Place-names of Derbyshire
Codnor Park,'*Codda's ridge'.,"ōfer Old English - A margin; a river-bank, sea-shore.; park Middle English - An enclosed tract of land for beasts of the chase.; Personal name (Old English) Old English - Personal name",Watts; Cambridge Dictionary of English Place-names; E. Ekwall; Dictionary of English Place-Names; A.D. Mills; Dictionary of English Place-Names; Cameron; Place-names of Derbyshire
Coton in the Elms,'Cottages'.,"cot Old English - A cottage, a hut, a shelter, a den.",Cameron; Place-names of Derbyshire; A.D. Mills; Dictionary of English Place-Names; E. Ekwall; Dictionary of English Place-Names; Watts; Cambridge Dictionary of English Place-names
Crich,'Hill'.,crṻg C,E. Ekwall; Dictionary of English Place-Names; A.D. Mills; Dictionary of English Place-Names; Watts; Cambridge Dictionary of English Place-names; Cameron; Place-names of Derbyshire
Cromford,'Ford by a bend'. There is a sharp-bend in the River Derwent here.,"crumb Old English - Crooked, twisted, bent.; ford Old English - A ford.",Watts; Cambridge Dictionary of English Place-names; E. Ekwall; Dictionary of English Place-Names; A.D. Mills; Dictionary of English Place-Names; Cameron; Place-names of Derbyshire
Cubley,'*Cubba's wood/clearing'.,"lēah Old English - A forest, wood, glade, clearing; (later) a pasture, meadow.; Personal name (Old English) Old English - Personal name",Cameron; Place-names of Derbyshire; E. Ekwall; Dictionary of English Place-Names; Watts; Cambridge Dictionary of English Place-names; A.D. Mills; Dictionary of English Place-Names
Curbar,'*Corda's fortification'.,burh Old English - A fortified place.; Personal name (Old English) Old English - Personal name,E. Ekwall; Dictionary of English Place-Names; Watts; Cambridge Dictionary of English Place-names; A.D. Mills; Dictionary of English Place-Names; Cameron; Place-names of Derbyshire
Dalbury Lees,'Dalla's fortification'. ' Lees' are Dalbury's 'woods/clearings'.,"burh Old English - A fortified place.; lēah Old English - A forest, wood, glade, clearing; (later) a pasture, meadow.; Personal name (Old English) Old English - Personal name",Cameron; Place-names of Derbyshire; A.D. Mills; Dictionary of English Place-Names; E. Ekwall; Dictionary of English Place-Names; Watts; Cambridge Dictionary of English Place-names
Dale Abbey,'Valley'. 'Dale' is a shortened form of Deepdale--'deep valley'--where the abbey was situated.,abbaye Middle English - An abbey.; dæl Old English,Watts; Cambridge Dictionary of English Place-names; E. Ekwall; Dictionary of English Place-Names; A.D. Mills; Dictionary of English Place-Names; Cameron; Place-names of Derbyshire
Darley,'Wild-animal wood/clearing'.,"dēor Old English - An animal, a beast.; lēah Old English - A forest, wood, glade, clearing; (later) a pasture, meadow.",E. Ekwall; Dictionary of English Place-Names; Watts; Cambridge Dictionary of English Place-names; Cameron; Place-names of Derbyshire; A.D. Mills; Dictionary of English Place-Names
Darley Abbey,'Deer wood/clearing'.,"abbaye Middle English - An abbey.; dēor Old English - An animal, a beast.; lēah Old English - A forest, wood, glade, clearing; (later) a pasture, meadow.",E. Ekwall; Dictionary of English Place-Names; A.D. Mills; Dictionary of English Place-Names; Watts; Cambridge Dictionary of English Place-names; Cameron; Place-names of Derbyshire
Denby,'Danes' farm/settlement'.,"bȳ Old Norse - A farmstead, a village.; Dene Old English - A Dane.",Watts; Cambridge Dictionary of English Place-names; Cameron; Place-names of Derbyshire; A.D. Mills; Dictionary of English Place-Names; E. Ekwall; Dictionary of English Place-Names
Derby,"'Deer farm/settlement'. Originally, 'north enclosure', OE north+worthig.","bȳ Old Norse - A farmstead, a village.; djúr Old Norse - An animal, a beast.",Watts; Cambridge Dictionary of English Place-names; E. Ekwall; Dictionary of English Place-Names; Cameron; Place-names of Derbyshire; A.D. Mills; Dictionary of English Place-Names
Derby Hills,Obscure.,Obscure element Unknown - Obscure element,E. Ekwall; Dictionary of English Place-Names; Watts; Cambridge Dictionary of English Place-names; Cameron; Place-names of Derbyshire; A.D. Mills; Dictionary of English Place-Names
Derwent,Named after the River Derwent.,River-name Unknown - River-name,Cameron; Place-names of Derbyshire; A.D. Mills; Dictionary of English Place-Names; E. Ekwall; Dictionary of English Place-Names; Watts; Cambridge Dictionary of English Place-names
"Dethick, Lea and Holloway",'Death-oak'. 'At the wood/clearing'. 'Hollow road'.,"āc Old English - An oak-tree.; dēað Old English - Death; a dead person, a departed spirit.; hol Old English - A hole, a hollow.; lēah Old English - A forest, wood, glade, clearing; (later) a pasture, meadow.; weg Old English - A road.",A.D. Mills; Dictionary of English Place-Names; E. Ekwall; Dictionary of English Place-Names; Cameron; Place-names of Derbyshire; Watts; Cambridge Dictionary of English Place-names
Doveridge,'Bridge over the River Dove'.,brycg Old English - A bridge; a causeway.; River-name Unknown - River-name,Watts; Cambridge Dictionary of English Place-names; A.D. Mills; Dictionary of English Place-Names; E. Ekwall; Dictionary of English Place-Names; Cameron; Place-names of Derbyshire
Drakelow,'Dragon burial-mound/hill'.,draca Old English - A dragon.; hlāw Old English - A tumulus; a hill.,Watts; Cambridge Dictionary of English Place-names; E. Ekwall; Dictionary of English Place-Names; Cameron; Place-names of Derbyshire; A.D. Mills; Dictionary of English Place-Names
Draycott and Church Wilne,'Dray cottage(s)'. 'Willow-copse church'. 'Church' is a later addition.,"cot Old English - A cottage, a hut, a shelter, a den.; dræg Old English - A drag, a portage, a slip-way; a dray, a sled.; wilign Old English - A willow-tree; a willow copse.",Cameron; Place-names of Derbyshire; A.D. Mills; Dictionary of English Place-Names; E. Ekwall; Dictionary of English Place-Names; Watts; Cambridge Dictionary of English Place-names
Dronfield,'Drones'open land'.,"drān Old English - A drone.; feld Old English - Open country, unencumbered ground (eg. land without trees as opposed to forest, level ground as opposed to hills, land without buildings); arable land (from late tenth century).",Cameron; Place-names of Derbyshire; A.D. Mills; Dictionary of English Place-Names; E. Ekwall; Dictionary of English Place-Names; Watts; Cambridge Dictionary of English Place-names
Dronfield Woodhouse,'Houses in the wood' belonging to Dronfield.,"hūs Old English - A house; also sometimes used of a building for special purposes.; Place-name Unknown - Place-name; wudu Old English - A wood; or wood, timber.",A.D. Mills; Dictionary of English Place-Names; E. Ekwall; Dictionary of English Place-Names; Cameron; Place-names of Derbyshire; Watts; Cambridge Dictionary of English Place-names
Duffield,'Dove open-land'.,"dūfe Old English - A dove, a pigeon.; feld Old English - Open country, unencumbered ground (eg. land without trees as opposed to forest, level ground as opposed to hills, land without buildings); arable land (from late tenth century).",A.D. Mills; Dictionary of English Place-Names; Cameron; Place-names of Derbyshire; Watts; Cambridge Dictionary of English Place-names; E. Ekwall; Dictionary of English Place-Names
Eaton and Alsop,'Island farm/settlement'.,"ēg Old English - An island.  In ancient settlement-names, most frequently refers to dry ground surrounded by marsh.  Also used of islands in modern sense.  In late OE names: well-watered land.; hop Old English - A valley; a remote enclosed space; a piece of enclosed land in a fen; an enclosure in marsh or moor.; Personal name (Old English) Old English - Personal name; tūn Old English - An enclosure; a farmstead; a village; an estate.",Watts; Cambridge Dictionary of English Place-names; E. Ekwall; Dictionary of English Place-Names; A.D. Mills; Dictionary of English Place-Names; Cameron; Place-names of Derbyshire
Eckington,'Farm/settlement connected with Ecca/Ecci'.,"-ingtūn Old English - A settlement called after, or connected with . . .; Personal name (Old English) Old English - Personal name",Cameron; Place-names of Derbyshire; A.D. Mills; Dictionary of English Place-Names; E. Ekwall; Dictionary of English Place-Names; Watts; Cambridge Dictionary of English Place-names
Edale,'Island valley'.,"dæl Old English; ēg Old English - An island.  In ancient settlement-names, most frequently refers to dry ground surrounded by marsh.  Also used of islands in modern sense.  In late OE names: well-watered land.",E. Ekwall; Dictionary of English Place-Names; A.D. Mills; Dictionary of English Place-Names; Watts; Cambridge Dictionary of English Place-names; Cameron; Place-names of Derbyshire
Edensor,'*Eadin's bank'. It is situated on the right bank of the River Derwent.,"ōfer Old English - A margin; a river-bank, sea-shore.; Personal name (Old English) Old English - Personal name",Cameron; Place-names of Derbyshire; Watts; Cambridge Dictionary of English Place-names; A.D. Mills; Dictionary of English Place-Names; E. Ekwall; Dictionary of English Place-Names
Edlaston and Wyaston,'Eadwulf's farm/settlement'.,Personal name (Old English) Old English - Personal name; tūn Old English - An enclosure; a farmstead; a village; an estate.,Watts; Cambridge Dictionary of English Place-names; A.D. Mills; Dictionary of English Place-Names; E. Ekwall; Dictionary of English Place-Names; Cameron; Place-names of Derbyshire
Egginton,'Ecga's farm/settlement'.,"-ingtūn Old English - A settlement called after, or connected with . . .; Personal name (Old English) Old English - Personal name",Cameron; Place-names of Derbyshire; A.D. Mills; Dictionary of English Place-Names; Watts; Cambridge Dictionary of English Place-names; E. Ekwall; Dictionary of English Place-Names
Egstow,'Ecga's/Ecgi's place'.,Personal name (Old English) Old English - Personal name; stōw Old English - A place; a place of assembly; a holy place.,A.D. Mills; Dictionary of English Place-Names; E. Ekwall; Dictionary of English Place-Names; Cameron; Place-names of Derbyshire; Watts; Cambridge Dictionary of English Place-names
Elmton,'Elm-tree farm/settlement'.,elm Old English - An elm-tree.; tūn Old English - An enclosure; a farmstead; a village; an estate.,Watts; Cambridge Dictionary of English Place-names; E. Ekwall; Dictionary of English Place-Names; A.D. Mills; Dictionary of English Place-Names; Cameron; Place-names of Derbyshire
Elton,'Eel farm/settlement' or '*Ella's farm/settlement'.,ēl Old English; Personal name (Old English) Old English - Personal name; tūn Old English - An enclosure; a farmstead; a village; an estate.,Cameron; Place-names of Derbyshire; E. Ekwall; Dictionary of English Place-Names; Watts; Cambridge Dictionary of English Place-names; A.D. Mills; Dictionary of English Place-Names
Elvaston,'Aethelweald's farm/settlement'.,Personal name (Old English) Old English - Personal name; tūn Old English - An enclosure; a farmstead; a village; an estate.,Watts; Cambridge Dictionary of English Place-names; E. Ekwall; Dictionary of English Place-Names; A.D. Mills; Dictionary of English Place-Names; Cameron; Place-names of Derbyshire
Etwall,"'Eata's spring/stream' or perhaps, 'pasture spring/stream'.","ete Old English - Grazing, pasture.; Personal name (Old English) Old English - Personal name; wella Old English",Cameron; Place-names of Derbyshire; A.D. Mills; Dictionary of English Place-Names; E. Ekwall; Dictionary of English Place-Names; Watts; Cambridge Dictionary of English Place-names
Eyam,"'At the islands', probably referring to its situation between Hollow Brook and Jumber Brook.","ēg Old English - An island.  In ancient settlement-names, most frequently refers to dry ground surrounded by marsh.  Also used of islands in modern sense.  In late OE names: well-watered land.",E. Ekwall; Dictionary of English Place-Names; Watts; Cambridge Dictionary of English Place-names; Cameron; Place-names of Derbyshire; A.D. Mills; Dictionary of English Place-Names
Eyam Woodlands,'Eyam's woodlands'.,"Place-name Unknown - Place-name; woodland Modern English - Woodland, land covered with trees.",Cameron; Place-names of Derbyshire; A.D. Mills; Dictionary of English Place-Names; E. Ekwall; Dictionary of English Place-Names; Watts; Cambridge Dictionary of English Place-names
Fairfield,'Beautiful open-land'.,"fæger Old English - Fair, beautiful, pleasant.; feld Old English - Open country, unencumbered ground (eg. land without trees as opposed to forest, level ground as opposed to hills, land without buildings); arable land (from late tenth century).",A.D. Mills; Dictionary of English Place-Names; Watts; Cambridge Dictionary of English Place-names; E. Ekwall; Dictionary of English Place-Names; Cameron; Place-names of Derbyshire
Fenny Bentley,"'Marshy, bent-grass wood/clearing'. 'Fenny' to distinguish from Hungry Bentley [lost].","beonet Old English - Bent grass.; fennig Old English - Dirty, muddy, marshy.; lēah Old English - A forest, wood, glade, clearing; (later) a pasture, meadow.",A.D. Mills; Dictionary of English Place-Names; E. Ekwall; Dictionary of English Place-Names; Cameron; Place-names of Derbyshire; Watts; Cambridge Dictionary of English Place-names
Fernilee,'Ferny wood/clearing'.,"fearnig Old English - Ferny, growing with ferns.; lēah Old English - A forest, wood, glade, clearing; (later) a pasture, meadow.",Watts; Cambridge Dictionary of English Place-names; E. Ekwall; Dictionary of English Place-Names; A.D. Mills; Dictionary of English Place-Names; Cameron; Place-names of Derbyshire
Findern,"Uncertain. Perhaps, 'wood-pile house'.","ærn Old English - A building, a house.  In place-names often a building used for a specific purpose.; fīn Old English - A heap, espcially of wood, a heap or pile of other material. (May sometimes refer to a hill or mound.)",Watts; Cambridge Dictionary of English Place-names; Cameron; Place-names of Derbyshire; A.D. Mills; Dictionary of English Place-Names; E. Ekwall; Dictionary of English Place-Names
Flagg,'Peat turve'.,"flag Old Norse - A turf, a sod.",A.D. Mills; Dictionary of English Place-Names; E. Ekwall; Dictionary of English Place-Names; Watts; Cambridge Dictionary of English Place-names; Cameron; Place-names of Derbyshire
Foolow,"Uncertain. Possibly, 'multi-coloured hill' or 'bird hill'.","fāg Old English - Variegated, multi-coloured, coloured.; fugol Old English - A bird (in a general sense); probably also a domestic bird.; hlāw Old English - A tumulus; a hill.",Cameron; Place-names of Derbyshire; Watts; Cambridge Dictionary of English Place-names; A.D. Mills; Dictionary of English Place-Names; E. Ekwall; Dictionary of English Place-Names
Foremark,'Old fortification'.,"forn Old Norse - Old.; verk Old Norse - Work, a work; no doubt used in the Danelaw of a military or defensive work, although this does not appear to be found in Scandinavia.",Watts; Cambridge Dictionary of English Place-names; A.D. Mills; Dictionary of English Place-Names; E. Ekwall; Dictionary of English Place-Names; Cameron; Place-names of Derbyshire
Foston and Scropton,'Fotr's farm/settlement'.,Personal name (Old Norse) Old Norse - Personal name; tūn Old English - An enclosure; a farmstead; a village; an estate.,E. Ekwall; Dictionary of English Place-Names; Cameron; Place-names of Derbyshire; Watts; Cambridge Dictionary of English Place-names; A.D. Mills; Dictionary of English Place-Names
Froggatt,"'Frog cottage(s)', perhaps referring to its damp situation on the left bank of the River Derwent.","cot Old English - A cottage, a hut, a shelter, a den.; frogga Old English - A frog.",Watts; Cambridge Dictionary of English Place-names; E. Ekwall; Dictionary of English Place-Names; Cameron; Place-names of Derbyshire; A.D. Mills; Dictionary of English Place-Names
Glapwell,"'Glappa's spring/stream' or 'bogbean, alias buckbean, (= L. menyanthes trifoliata) spring/stream'.",glæppe Old English - A buck-bean.; Personal name (Old English) Old English - Personal name; wella Old English,A.D. Mills; Dictionary of English Place-Names; E. Ekwall; Dictionary of English Place-Names; Cameron; Place-names of Derbyshire; Watts; Cambridge Dictionary of English Place-names
Glossop,*Glott's valley'.,hop Old English - A valley; a remote enclosed space; a piece of enclosed land in a fen; an enclosure in marsh or moor.; Personal name (Old English) Old English - Personal name,Cameron; Place-names of Derbyshire; Watts; Cambridge Dictionary of English Place-names; A.D. Mills; Dictionary of English Place-Names; E. Ekwall; Dictionary of English Place-Names
Gratton,'Great farm/settlement'.,"grēat Old English - Thick, stout, bulky, massive. Later meaning 'big in size'.; tūn Old English - An enclosure; a farmstead; a village; an estate.",A.D. Mills; Dictionary of English Place-Names; Watts; Cambridge Dictionary of English Place-names; Cameron; Place-names of Derbyshire; E. Ekwall; Dictionary of English Place-Names
Great Hucklow,'*Hucca's burial-mound/hill'. 'Great' to distinguish from Little Hucklow.,"hlāw Old English - A tumulus; a hill.; magna Latin - Big, great.; Personal name (Old English) Old English - Personal name",Cameron; Place-names of Derbyshire; Watts; Cambridge Dictionary of English Place-names; A.D. Mills; Dictionary of English Place-Names; E. Ekwall; Dictionary of English Place-Names
Great Longstone,"Uncertain. Perhaps, 'Lang's hill' or 'hill called *Lang (= the long one)'. 'Great' to distinguish from Little Longstone.","dūn Old English - A hill.; lang Old English - Long, tall.",Watts; Cambridge Dictionary of English Place-names; A.D. Mills; Dictionary of English Place-Names; E. Ekwall; Dictionary of English Place-Names; Cameron; Place-names of Derbyshire
Great Rowsley,"Either, 'Hrothwulf's wood/clearing' or 'Hrolfr's wood/clearing'. 'Great' is a later addition.","lēah Old English - A forest, wood, glade, clearing; (later) a pasture, meadow.; Personal name (Old English) Old English - Personal name; Personal name (Old Norse) Old Norse - Personal name",E. Ekwall; Dictionary of English Place-Names; Watts; Cambridge Dictionary of English Place-names; Cameron; Place-names of Derbyshire; A.D. Mills; Dictionary of English Place-Names
Green Fairfield,"'Green, beautiful open-land'.","fæger Old English - Fair, beautiful, pleasant.; feld Old English - Open country, unencumbered ground (eg. land without trees as opposed to forest, level ground as opposed to hills, land without buildings); arable land (from late tenth century).; grēne Old English - Green, grass-grown.",E. Ekwall; Dictionary of English Place-Names; A.D. Mills; Dictionary of English Place-Names; Cameron; Place-names of Derbyshire; Watts; Cambridge Dictionary of English Place-names
Grindlow,'Green burial-mound/hill'.,"grēne Old English - Green, grass-grown.; hlāw Old English - A tumulus; a hill.",E. Ekwall; Dictionary of English Place-Names; A.D. Mills; Dictionary of English Place-Names; Watts; Cambridge Dictionary of English Place-names; Cameron; Place-names of Derbyshire
Hamston Hundred,"Perhaps,","hamol Old English - Maimed, mutilated; crooked, scarred, flat-topped, cut-off.; hundred Old English - One hundred; an administrative division of a county.; Personal name (Old English) Old English - Personal name; stān Old English - A stone, stone, rock.; vápnatak Old Norse - A wapentake, a sub-division of a county.",Anderson (unspecified work); Cameron; Place-names of Derbyshire
Harthill,'Stag hill'.,"heorot Old English - A hart, a stag, a grown male deer.; hyll Old English - A hill, a natural eminence or elevated piece of ground.",Watts; Cambridge Dictionary of English Place-names; Cameron; Place-names of Derbyshire; A.D. Mills; Dictionary of English Place-Names; E. Ekwall; Dictionary of English Place-Names
Hartington,'Stags' hill' or 'hill connected with *Heorta'.,"-ing- Old English - Connective particle, linking a first element to a final element.; heorot Old English - A hart, a stag, a grown male deer.; Personal name (Old English) Old English - Personal name; tūn Old English - An enclosure; a farmstead; a village; an estate.",Cameron; Place-names of Derbyshire; A.D. Mills; Dictionary of English Place-Names; E. Ekwall; Dictionary of English Place-Names; Watts; Cambridge Dictionary of English Place-names
Hartrey Bridge,Bridge of a woman named Heahthryth.,brycg Old English - A bridge; a causeway.; Personal name (Old English) Old English - Personal name,Gover et al.; The Place-Names of Nottinghamshire
Hartshorne,"'Hart's horn'. Probably named for Horn Hill, thought to resemble a stag's horn.","heorot Old English - A hart, a stag, a grown male deer.; horn Old English - A horn; something shaped like a horn; a hornlike projection on a building; a projecting piece of land, esp. formed in a river-bend; a projecting headland; a horn-shaped hill.",Watts; Cambridge Dictionary of English Place-names; Cameron; Place-names of Derbyshire; A.D. Mills; Dictionary of English Place-Names; E. Ekwall; Dictionary of English Place-Names
Hasland,'Hazel grove'.,hesli Old Norse - A hazel-tree.; lundr Old Norse - A small wood.,Cameron; Place-names of Derbyshire; A.D. Mills; Dictionary of English Place-Names; E. Ekwall; Dictionary of English Place-Names; Watts; Cambridge Dictionary of English Place-names
Hassop,"Uncertain. '*Haett's valley', '*Haett (= hat-shaped hill) valley' or 'witch valley'.",hægtesse Old English - A witch.; hætt Old English - A hat; topographically a hill thought to rememble a hat.; hop Old English - A valley; a remote enclosed space; a piece of enclosed land in a fen; an enclosure in marsh or moor.; Personal name (Old English) Old English - Personal name,E. Ekwall; Dictionary of English Place-Names; Watts; Cambridge Dictionary of English Place-names; Cameron; Place-names of Derbyshire; A.D. Mills; Dictionary of English Place-Names
Hathersage,Uncertain. 'Goat edge' or 'Haefer's edge'.,"ecg Old English - An edge; the edge of a hill, an escarpment.; hæfer Old English - A he-goat.; Personal name (Old English) Old English - Personal name",Watts; Cambridge Dictionary of English Place-names; A.D. Mills; Dictionary of English Place-Names; E. Ekwall; Dictionary of English Place-Names; Cameron; Place-names of Derbyshire
Hatton,'Heath farm/settlement'.,hǣð Old English - Heather; a tract of uncultivated land.; tūn Old English - An enclosure; a farmstead; a village; an estate.,Watts; Cambridge Dictionary of English Place-names; A.D. Mills; Dictionary of English Place-Names; E. Ekwall; Dictionary of English Place-Names; Cameron; Place-names of Derbyshire
Hayfield,"Probably, 'open land where hay grows' .","feld Old English - Open country, unencumbered ground (eg. land without trees as opposed to forest, level ground as opposed to hills, land without buildings); arable land (from late tenth century).; hēg Old English",Watts; Cambridge Dictionary of English Place-names; A.D. Mills; Dictionary of English Place-Names; E. Ekwall; Dictionary of English Place-Names; Cameron; Place-names of Derbyshire
Hazelwood,'Hazel wood'.,"hæsel Old English - A hazel-tree.; wudu Old English - A wood; or wood, timber.",A.D. Mills; Dictionary of English Place-Names; E. Ekwall; Dictionary of English Place-Names; Watts; Cambridge Dictionary of English Place-names; Cameron; Place-names of Derbyshire
Hazlebadge,'Hazel-tree stream/valley'.,bǣce Old English - A beach.; hæsel Old English - A hazel-tree.,Cameron; Place-names of Derbyshire; E. Ekwall; Dictionary of English Place-Names; A.D. Mills; Dictionary of English Place-Names; Watts; Cambridge Dictionary of English Place-names
Heage,'High edge'.,"ecg Old English - An edge; the edge of a hill, an escarpment.; hēah Old English - A high place, a height.",Cameron; Place-names of Derbyshire; Watts; Cambridge Dictionary of English Place-names; A.D. Mills; Dictionary of English Place-Names; E. Ekwall; Dictionary of English Place-Names
Heanor,'At the high slope/ridge'.,"hēah Old English - A high place, a height.; ōfer Old English - A margin; a river-bank, sea-shore.",A.D. Mills; Dictionary of English Place-Names; E. Ekwall; Dictionary of English Place-Names; Cameron; Place-names of Derbyshire; Watts; Cambridge Dictionary of English Place-names
Heath,"'Heathland' (1574). Earlier called Lund, 'grove' from ON lundr.",hǣð Old English - Heather; a tract of uncultivated land.,A.D. Mills; Dictionary of English Place-Names; E. Ekwall; Dictionary of English Place-Names; Cameron; Place-names of Derbyshire; Watts; Cambridge Dictionary of English Place-names
Highlow,'High burial-mound/hill'.,"hēah Old English - A high place, a height.; hlāw Old English - A tumulus; a hill.",A.D. Mills; Dictionary of English Place-Names; E. Ekwall; Dictionary of English Place-Names; Watts; Cambridge Dictionary of English Place-names; Cameron; Place-names of Derbyshire
Hilton,'Hill farm/settlement'.,"hyll Old English - A hill, a natural eminence or elevated piece of ground.; tūn Old English - An enclosure; a farmstead; a village; an estate.",Cameron; Place-names of Derbyshire; E. Ekwall; Dictionary of English Place-Names; A.D. Mills; Dictionary of English Place-Names; Watts; Cambridge Dictionary of English Place-names
Hognaston,'Hocca's swine-pasture farm/settlement'.,"æfēsn Old English - Pasturage, pannage; a charge for swine pasturage.; Personal name (Old English) Old English - Personal name; tūn Old English - An enclosure; a farmstead; a village; an estate.",E. Ekwall; Dictionary of English Place-Names; Cameron; Place-names of Derbyshire; Watts; Cambridge Dictionary of English Place-names; A.D. Mills; Dictionary of English Place-Names
Holbrook,'Hollow brook'.,"brōc Old English - A brook, a stream.  (Used of a stream with a muddy bed and a visible sediment load.); hol Old English - A hole, a hollow.",Watts; Cambridge Dictionary of English Place-names; E. Ekwall; Dictionary of English Place-Names; A.D. Mills; Dictionary of English Place-Names; Cameron; Place-names of Derbyshire
Hollington,'Holly farm/settlement'.,holegn Old English - Holly.; tūn Old English - An enclosure; a farmstead; a village; an estate.,A.D. Mills; Dictionary of English Place-Names; E. Ekwall; Dictionary of English Place-Names; Watts; Cambridge Dictionary of English Place-names; Cameron; Place-names of Derbyshire
Holmesfield,"'Holme's open land', referring to Holme near Brampton.","feld Old English - Open country, unencumbered ground (eg. land without trees as opposed to forest, level ground as opposed to hills, land without buildings); arable land (from late tenth century).; Place-name Unknown - Place-name",Watts; Cambridge Dictionary of English Place-names; Cameron; Place-names of Derbyshire; A.D. Mills; Dictionary of English Place-Names; E. Ekwall; Dictionary of English Place-Names
Hoon,'At the burial-mounds/hills'.,"haugr Old Norse - A natural height, a hill, a heap, an artificial mound, a burial mound.",Cameron; Place-names of Derbyshire; A.D. Mills; Dictionary of English Place-Names; E. Ekwall; Dictionary of English Place-Names; Watts; Cambridge Dictionary of English Place-names
Hope,'Valley'.,hop Old English - A valley; a remote enclosed space; a piece of enclosed land in a fen; an enclosure in marsh or moor.,E. Ekwall; Dictionary of English Place-Names; A.D. Mills; Dictionary of English Place-Names; Watts; Cambridge Dictionary of English Place-names; Cameron; Place-names of Derbyshire
Hope Woodlands,'Hope's woodlands'.,"Place-name Unknown - Place-name; woodland Modern English - Woodland, land covered with trees.",Cameron; Place-names of Derbyshire; A.D. Mills; Dictionary of English Place-Names; E. Ekwall; Dictionary of English Place-Names; Watts; Cambridge Dictionary of English Place-names
Hopton and Griffe Grange,'Valley farm/settlement'.,"grange Middle English - A grange; originally a granary, a barn; later a farm; also an outlying farm belonging to a religious house or a feudal lord, where crops were stored.; gryfja Old Norse - A hole, a pit.; hop Old English - A valley; a remote enclosed space; a piece of enclosed land in a fen; an enclosure in marsh or moor.; tūn Old English - An enclosure; a farmstead; a village; an estate.",Watts; Cambridge Dictionary of English Place-names; Cameron; Place-names of Derbyshire; A.D. Mills; Dictionary of English Place-Names; E. Ekwall; Dictionary of English Place-Names
Hopwell,'Valley spring/stream'.,hop Old English - A valley; a remote enclosed space; a piece of enclosed land in a fen; an enclosure in marsh or moor.; wella Old English,Watts; Cambridge Dictionary of English Place-names; A.D. Mills; Dictionary of English Place-Names; E. Ekwall; Dictionary of English Place-Names; Cameron; Place-names of Derbyshire
Horsley,'Horse wood/clearing'.,"hors Old English - A horse.; lēah Old English - A forest, wood, glade, clearing; (later) a pasture, meadow.",A.D. Mills; Dictionary of English Place-Names; E. Ekwall; Dictionary of English Place-Names; Watts; Cambridge Dictionary of English Place-names; Cameron; Place-names of Derbyshire
Horsley Woodhouse,'A house in the wood belonging to Horsley'.,"hūs Old English - A house; also sometimes used of a building for special purposes.; Place-name Unknown - Place-name; wudu Old English - A wood; or wood, timber.",A.D. Mills; Dictionary of English Place-Names; Watts; Cambridge Dictionary of English Place-names; E. Ekwall; Dictionary of English Place-Names; Cameron; Place-names of Derbyshire
Hulland,'Hill-spur cultivated land'.,hōh Old English - A heel; a sharply projecting piece of ground.; land Old English - Land (as part of earth's surface); an estate; possibly also new arable area.  In minor and field names: strip in a field-system.,A.D. Mills; Dictionary of English Place-Names; E. Ekwall; Dictionary of English Place-Names; Watts; Cambridge Dictionary of English Place-names; Cameron; Place-names of Derbyshire
Hulland Ward,'Hill-spur cultivated land'. Ward denotes its place as an administrative sub-division of Duffield Frith.,hōh Old English - A heel; a sharply projecting piece of ground.; land Old English - Land (as part of earth's surface); an estate; possibly also new arable area.  In minor and field names: strip in a field-system.,Watts; Cambridge Dictionary of English Place-names; A.D. Mills; Dictionary of English Place-Names; E. Ekwall; Dictionary of English Place-Names; Cameron; Place-names of Derbyshire
Hungry Bentley,"'Bent-grass wood/clearing'. Hungry--'hungry, poor'-- alludes to infertile, unproductive land. The now-depopulated village is one of the 'lost' villages of Derbyshire.","beonet Old English - Bent grass.; hungrig Old English - Hungry, poor. (Usually in allusion to barren ground.); lēah Old English - A forest, wood, glade, clearing; (later) a pasture, meadow.",A.D. Mills; Dictionary of English Place-Names; E. Ekwall; Dictionary of English Place-Names; Watts; Cambridge Dictionary of English Place-names; Cameron; Place-names of Derbyshire
Ible,'Ibba's hollow'.,"hol Old English - A hole, a hollow.; Personal name (Old English) Old English - Personal name",Cameron; Place-names of Derbyshire; Watts; Cambridge Dictionary of English Place-names; A.D. Mills; Dictionary of English Place-Names; E. Ekwall; Dictionary of English Place-Names
Idridgehay and Alton,'Eadric's enclosure'.,"ald Old English; hæg Old English - A fence, an enclosure.; Personal name (Old English) Old English - Personal name; tūn Old English - An enclosure; a farmstead; a village; an estate.",A.D. Mills; Dictionary of English Place-Names; E. Ekwall; Dictionary of English Place-Names; Watts; Cambridge Dictionary of English Place-names; Cameron; Place-names of Derbyshire
Ilkeston,'Ealac's hill'.,dūn Old English - A hill.; Personal name (Old English) Old English - Personal name,E. Ekwall; Dictionary of English Place-Names; A.D. Mills; Dictionary of English Place-Names; Watts; Cambridge Dictionary of English Place-names; Cameron; Place-names of Derbyshire
Ingleby,'Angles' farm/settlement'.,"bȳ Old Norse - A farmstead, a village.; Engle Old English - The Angles, later the English.",Watts; Cambridge Dictionary of English Place-names; A.D. Mills; Dictionary of English Place-Names; E. Ekwall; Dictionary of English Place-Names; Cameron; Place-names of Derbyshire
Ivonbrook Grange,"Named for the nearby brook. Grange, 'granary/farm', is a later addition.","brōc Old English - A brook, a stream.  (Used of a stream with a muddy bed and a visible sediment load.); grange Middle English - A grange; originally a granary, a barn; later a farm; also an outlying farm belonging to a religious house or a feudal lord, where crops were stored.",Watts; Cambridge Dictionary of English Place-names; A.D. Mills; Dictionary of English Place-Names; E. Ekwall; Dictionary of English Place-Names; Cameron; Place-names of Derbyshire
Kedleston,'Ketil's farm/settlement'.,Personal name (Old Norse) Old Norse - Personal name; tūn Old English - An enclosure; a farmstead; a village; an estate.,Cameron; Place-names of Derbyshire; Watts; Cambridge Dictionary of English Place-names; A.D. Mills; Dictionary of English Place-Names; E. Ekwall; Dictionary of English Place-Names
Kilburn,'Cylla's stream'.,burna Old English - A stream.; Personal name (Old English) Old English - Personal name,Cameron; Place-names of Derbyshire; Watts; Cambridge Dictionary of English Place-names; E. Ekwall; Dictionary of English Place-Names; A.D. Mills; Dictionary of English Place-Names
Killamarsh,'Cynewald's marsh'.,mersc Old English - A marsh.; Personal name (Old English) Old English - Personal name,Watts; Cambridge Dictionary of English Place-names; E. Ekwall; Dictionary of English Place-Names; A.D. Mills; Dictionary of English Place-Names; Cameron; Place-names of Derbyshire
Kingsterndale,'Rocky valley'. 'King' because it belonged to the royal manor and forest of the Peak.,"dæl Old English; king Middle English - A king.; stǣner Old English - Stony, rocky ground.",Cameron; Place-names of Derbyshire; A.D. Mills; Dictionary of English Place-Names; E. Ekwall; Dictionary of English Place-Names; Watts; Cambridge Dictionary of English Place-names
Kirk Hallam,'Church at the nooks of land'. 'Kirk' to distinguish it from the settlement at West Hallam.,"halh Old English - A nook of land; a small valley; dry ground in marsh; a piece of land projecting from, or detached from, the main area of its administrative unit.; kirkja Old Norse - A church.",Watts; Cambridge Dictionary of English Place-names; E. Ekwall; Dictionary of English Place-Names; A.D. Mills; Dictionary of English Place-Names; Cameron; Place-names of Derbyshire
Kirk Ireton,'Irish farm/settlment'. 'Kirk' for the church there.,Íri Old Norse - An Irishman; probably also a Norseman who had lived in Ireland.; kirkja Old Norse - A church.; tūn Old English - An enclosure; a farmstead; a village; an estate.,Watts; Cambridge Dictionary of English Place-names; E. Ekwall; Dictionary of English Place-Names; Cameron; Place-names of Derbyshire; A.D. Mills; Dictionary of English Place-Names
Kirk Langley,'Long wood/clearing'. 'Kirk' to distinguish from Meynall Langley.,"kirkja Old Norse - A church.; lang Old English - Long, tall.; lēah Old English - A forest, wood, glade, clearing; (later) a pasture, meadow.",Cameron; Place-names of Derbyshire; A.D. Mills; Dictionary of English Place-Names; Watts; Cambridge Dictionary of English Place-names; E. Ekwall; Dictionary of English Place-Names
Kniveton,'Cengifu's farm/settlement'.,Personal name (Old English) Old English - Personal name; tūn Old English - An enclosure; a farmstead; a village; an estate.,E. Ekwall; Dictionary of English Place-Names; Cameron; Place-names of Derbyshire; Watts; Cambridge Dictionary of English Place-names; A.D. Mills; Dictionary of English Place-Names
Lea Hall,'At the wood/clearing'.,"hall Old English - A slope, a hill; a boulder.; lēah Old English - A forest, wood, glade, clearing; (later) a pasture, meadow.",Watts; Cambridge Dictionary of English Place-names; Cameron; Place-names of Derbyshire; A.D. Mills; Dictionary of English Place-Names; E. Ekwall; Dictionary of English Place-Names
Linton,'Flax farm/settlement'.,līn Old English - Flax.; tūn Old English - An enclosure; a farmstead; a village; an estate.,Watts; Cambridge Dictionary of English Place-names; Cameron; Place-names of Derbyshire; E. Ekwall; Dictionary of English Place-Names; A.D. Mills; Dictionary of English Place-Names
Litchurch,"Perhaps, 'Luda's church' despite a run of 12th century forms which suggest 'little church'. These 'little' spellings are more numerous for the hundred name. Morleyston and Litchurch were originally separate hundreds. Morleyston hundred (see entry for Morl",cirice Old English - A church.; hundred Old English - One hundred; an administrative division of a county.; Personal name (Old English) Old English - Personal name,Cameron; Place-names of Derbyshire; E. Ekwall; Dictionary of English Place-Names; Anderson (unspecified work); Watts; Cambridge Dictionary of English Place-names; A.D. Mills; Dictionary of English Place-Names
Little Chester,"'Roman site' with the later addition of 'little'. This is one of several Roman sites which were known as 'Derventio', with the transfer of a pre-English river-name to the settlement.",ceaster Old English - A city; an old fortification; a Roman site.; parva Latin - Small.,E. Ekwall; Dictionary of English Place-Names; A.D. Mills; Dictionary of English Place-Names; Cameron; Place-names of Derbyshire; Watts; Cambridge Dictionary of English Place-names
Little Eaton,'Island farm/settlement'. 'Little' to distinguish from Long.,"ēg Old English - An island.  In ancient settlement-names, most frequently refers to dry ground surrounded by marsh.  Also used of islands in modern sense.  In late OE names: well-watered land.; tūn Old English - An enclosure; a farmstead; a village; an estate.",E. Ekwall; Dictionary of English Place-Names; A.D. Mills; Dictionary of English Place-Names; Watts; Cambridge Dictionary of English Place-names; Cameron; Place-names of Derbyshire
Little Hucklow,'*Hucca's burial mound'. 'Little' to distinguish from Great Hucklow.,hlāw Old English - A tumulus; a hill.; Personal name (Old English) Old English - Personal name,Cameron; Place-names of Derbyshire; E. Ekwall; Dictionary of English Place-Names; A.D. Mills; Dictionary of English Place-Names
Little Longstone,"Uncertain. Perhaps, 'Lang's hill' or 'hill called *Lang (= the long one)'. 'Little' to distinguish from 'Great' Longstone.","dūn Old English - A hill.; lang Old English - Long, tall.",A.D. Mills; Dictionary of English Place-Names; E. Ekwall; Dictionary of English Place-Names; Watts; Cambridge Dictionary of English Place-names; Cameron; Place-names of Derbyshire
Littleover,'Little slope/ridge'. 'Little' to distinguish it from Mickleover.,"lȳtel Old English - Little, small.; ōfer Old English - A margin; a river-bank, sea-shore.",Watts; Cambridge Dictionary of English Place-names; E. Ekwall; Dictionary of English Place-Names; A.D. Mills; Dictionary of English Place-Names; Cameron; Place-names of Derbyshire
Litton,'Hillside farm/settlement'.,"hlið Old English - A slope, a hill-side.; tūn Old English - An enclosure; a farmstead; a village; an estate.",Watts; Cambridge Dictionary of English Place-names; A.D. Mills; Dictionary of English Place-Names; E. Ekwall; Dictionary of English Place-Names; Cameron; Place-names of Derbyshire
Long Eaton,'Island farm/settlement'. 'Long' to distingish from Little.,"ēg Old English - An island.  In ancient settlement-names, most frequently refers to dry ground surrounded by marsh.  Also used of islands in modern sense.  In late OE names: well-watered land.; tūn Old English - An enclosure; a farmstead; a village; an estate.",Cameron; Place-names of Derbyshire; Watts; Cambridge Dictionary of English Place-names; E. Ekwall; Dictionary of English Place-Names; A.D. Mills; Dictionary of English Place-Names
Longford,'Long ford'.,"ford Old English - A ford.; lang Old English - Long, tall.",E. Ekwall; Dictionary of English Place-Names; Cameron; Place-names of Derbyshire; Watts; Cambridge Dictionary of English Place-names; A.D. Mills; Dictionary of English Place-Names
Ludworth and Chisworth,"'Luda's enclosure'. Either, '*Cissa's enclosure' or 'gravel-place enclosure'.",cisse Old English - Gravel-place.; Personal name (Old English) Old English - Personal name; worð Old English - An enclosure.,Cameron; Place-names of Derbyshire; A.D. Mills; Dictionary of English Place-Names; E. Ekwall; Dictionary of English Place-Names; Watts; Cambridge Dictionary of English Place-names
Lullington,'Farm /settlement connected with Lulla'.,"-ingtūn Old English - A settlement called after, or connected with . . .; Personal name (Old English) Old English - Personal name",Watts; Cambridge Dictionary of English Place-names; A.D. Mills; Dictionary of English Place-Names; E. Ekwall; Dictionary of English Place-Names; Cameron; Place-names of Derbyshire
Mackworth,'Macca's enclosure'.,Personal name (Old English) Old English - Personal name; worð Old English - An enclosure.,E. Ekwall; Dictionary of English Place-Names; A.D. Mills; Dictionary of English Place-Names; Watts; Cambridge Dictionary of English Place-names; Cameron; Place-names of Derbyshire
Mapleton,Maple-tree farm/settlement'.,mapel Old English - A maple-tree.; tūn Old English - An enclosure; a farmstead; a village; an estate.,Cameron; Place-names of Derbyshire; A.D. Mills; Dictionary of English Place-Names; Watts; Cambridge Dictionary of English Place-names; E. Ekwall; Dictionary of English Place-Names
Mapperley,'Maple-tree wood/clearing'.,"lēah Old English - A forest, wood, glade, clearing; (later) a pasture, meadow.; mapel Old English - A maple-tree.",Watts; Cambridge Dictionary of English Place-names; A.D. Mills; Dictionary of English Place-Names; E. Ekwall; Dictionary of English Place-Names; Cameron; Place-names of Derbyshire
Markeaton,'Mearca's farm/settlement'.,Personal name (Old English) Old English - Personal name; tūn Old English - An enclosure; a farmstead; a village; an estate.,Cameron; Place-names of Derbyshire; Watts; Cambridge Dictionary of English Place-names; A.D. Mills; Dictionary of English Place-Names; E. Ekwall; Dictionary of English Place-Names
Marston Montgomery,'Marsh farm/settlement'. The manor was held by William de Mungumeri in the 13th century.,mersc Old English - A marsh.; tūn Old English - An enclosure; a farmstead; a village; an estate.,A.D. Mills; Dictionary of English Place-Names; E. Ekwall; Dictionary of English Place-Names; Watts; Cambridge Dictionary of English Place-names; Cameron; Place-names of Derbyshire
Marston on Dove,'Marsh farm/settlement' on the River Dove.,mersc Old English - A marsh.; River-name Unknown - River-name; tūn Old English - An enclosure; a farmstead; a village; an estate.,Watts; Cambridge Dictionary of English Place-names; Cameron; Place-names of Derbyshire; A.D. Mills; Dictionary of English Place-Names; E. Ekwall; Dictionary of English Place-Names
Matlock,'Moot oak'.,"āc Old English - An oak-tree.; mæðel Old English - Speech, assembly, council.",Watts; Cambridge Dictionary of English Place-names; A.D. Mills; Dictionary of English Place-Names; E. Ekwall; Dictionary of English Place-Names; Cameron; Place-names of Derbyshire
Matlock Bath,'Moot oak'. 'Bath' is a recent addition reflecting the use and popularity of the local springs for medicinal purposes.,"āc Old English - An oak-tree.; mæðel Old English - Speech, assembly, council.",Watts; Cambridge Dictionary of English Place-names; Cameron; Place-names of Derbyshire; A.D. Mills; Dictionary of English Place-Names; E. Ekwall; Dictionary of English Place-Names
Melbourne,'Mill stream'.,burna Old English - A stream.; myln Old English - A mill.,E. Ekwall; Dictionary of English Place-Names; Cameron; Place-names of Derbyshire; A.D. Mills; Dictionary of English Place-Names; Watts; Cambridge Dictionary of English Place-names
Mercaston,'Merchion's farm/settlement'.,Personal name (Uncertain) Unknown - Personal name; tūn Old English - An enclosure; a farmstead; a village; an estate.,Watts; Cambridge Dictionary of English Place-names; E. Ekwall; Dictionary of English Place-Names; Cameron; Place-names of Derbyshire; A.D. Mills; Dictionary of English Place-Names
Mickleover,'Big slope/ridge'. 'Mickle' to distinguish it from 'Littleover'.,"micel Old English - Big, great.; ōfer Old English - A margin; a river-bank, sea-shore.",Cameron; Place-names of Derbyshire; A.D. Mills; Dictionary of English Place-Names; Watts; Cambridge Dictionary of English Place-names; E. Ekwall; Dictionary of English Place-Names
Middleton and Smerrill,'Middle farm/settlement'.,"hyll Old English - A hill, a natural eminence or elevated piece of ground.; middel Old English - Middle.; smeoru Old English - Fat, grease, lard; alluding to rich pasture, productive of butter, etc.; tūn Old English - An enclosure; a farmstead; a village; an estate.",Cameron; Place-names of Derbyshire; A.D. Mills; Dictionary of English Place-Names; E. Ekwall; Dictionary of English Place-Names; Watts; Cambridge Dictionary of English Place-names
Middleton by Wirksworth,'Middle farm/settlement'.,middel Old English - Middle.; Place-name Unknown - Place-name; tūn Old English - An enclosure; a farmstead; a village; an estate.,Watts; Cambridge Dictionary of English Place-names; E. Ekwall; Dictionary of English Place-Names; A.D. Mills; Dictionary of English Place-Names; Cameron; Place-names of Derbyshire
Milford,'Mill ford'.,ford Old English - A ford.; myln Old English - A mill.,Cameron; Place-names of Derbyshire; A.D. Mills; Dictionary of English Place-Names; E. Ekwall; Dictionary of English Place-Names; Watts; Cambridge Dictionary of English Place-names
Monyash,'Many ash-trees'.,æsc Old English; manig Old English - Many.,Watts; Cambridge Dictionary of English Place-names; A.D. Mills; Dictionary of English Place-Names; E. Ekwall; Dictionary of English Place-Names; Cameron; Place-names of Derbyshire
Morley,"'Moor wood/clearing'. Morley gives its name to the Morleyston hundred. Morleyston and Litchurch were originally separate hundreds. Morleyston hundred, from the place-name and OE stan, 'Morley's Stone', is first recorded in DB, but Litchurch is not mention","hundred Old English - One hundred; an administrative division of a county.; lēah Old English - A forest, wood, glade, clearing; (later) a pasture, meadow.; mōr Old English - A marsh, barren upland.; vápnatak Old Norse - A wapentake, a sub-division of a county.",Cameron; Place-names of Derbyshire; A.D. Mills; Dictionary of English Place-Names; E. Ekwall; Dictionary of English Place-Names; Watts; Cambridge Dictionary of English Place-names
Morton,'Moor farm/settlement'.,"mōr Old English - A marsh, barren upland.; tūn Old English - An enclosure; a farmstead; a village; an estate.",E. Ekwall; Dictionary of English Place-Names; Cameron; Place-names of Derbyshire; Watts; Cambridge Dictionary of English Place-names; A.D. Mills; Dictionary of English Place-Names
Mugginton,'Farm/settlement connected with *Mugga/*Mogga'.,"-ingtūn Old English - A settlement called after, or connected with . . .; Personal name (Old English) Old English - Personal name",A.D. Mills; Dictionary of English Place-Names; E. Ekwall; Dictionary of English Place-Names; Watts; Cambridge Dictionary of English Place-names; Cameron; Place-names of Derbyshire
Nether and Overseal,'Small copse'.,"nether Middle English - Down, downward, low.; scegel Old English; uferra Old English - Higher.",A.D. Mills; Dictionary of English Place-Names; Watts; Cambridge Dictionary of English Place-names; Cameron; Place-names of Derbyshire
Nether Haddon,'Heather hill'. 'Nether' to distinguish from 'Upper' Haddon.,dūn Old English - A hill.; hǣð Old English - Heather; a tract of uncultivated land.; neoðera Old English - Lower. (No positive form.),Cameron; Place-names of Derbyshire; A.D. Mills; Dictionary of English Place-Names; E. Ekwall; Dictionary of English Place-Names; Watts; Cambridge Dictionary of English Place-names
Nether Padley,"Uncertain. Possibly, '*Padda's wood/clearing' or 'toad wood/clearing. 'Nether' to distinguish it from 'Upper' Padley.","lēah Old English - A forest, wood, glade, clearing; (later) a pasture, meadow.; nether Middle English - Down, downward, low.; padde Old English - A toad.; Personal name (Old English) Old English - Personal name",A.D. Mills; Dictionary of English Place-Names; Cameron; Place-names of Derbyshire; Watts; Cambridge Dictionary of English Place-names; E. Ekwall; Dictionary of English Place-Names
New Mills,"Formerly Middlecale, 'middle division or allotment of land'. Renamed the Queen's Mill and also know as Berde Mill or 'fish-weir mill'. The later name, 'New Mills', described a single mill on the bank of the River Goyt.","cauel Middle English - A division of land made by lot, an allotment of land.; middel Old English - Middle.",Watts; Cambridge Dictionary of English Place-names; Cameron; Place-names of Derbyshire; A.D. Mills; Dictionary of English Place-Names; E. Ekwall; Dictionary of English Place-Names
Newbold and Dunston,'New building'.,"bōðl Old English - A dwelling, a dwelling-place, a house.; nīwe Old English - New.; Personal name (Old English) Old English - Personal name; tūn Old English - An enclosure; a farmstead; a village; an estate.",A.D. Mills; Dictionary of English Place-Names; Watts; Cambridge Dictionary of English Place-names; E. Ekwall; Dictionary of English Place-Names; Cameron; Place-names of Derbyshire
Newton Grange,'New farm/settlment'. The grange belonged to Combermere Abbey.,"grange Middle English - A grange; originally a granary, a barn; later a farm; also an outlying farm belonging to a religious house or a feudal lord, where crops were stored.; nīwe Old English - New.; tūn Old English - An enclosure; a farmstead; a village; an estate.",E. Ekwall; Dictionary of English Place-Names; A.D. Mills; Dictionary of English Place-Names; Watts; Cambridge Dictionary of English Place-names; Cameron; Place-names of Derbyshire
Newton Solney,'New farm/settlement'. The manor was held by Alfred de Solenneio in the 13th century.,nīwe Old English - New.; tūn Old English - An enclosure; a farmstead; a village; an estate.,Watts; Cambridge Dictionary of English Place-names; A.D. Mills; Dictionary of English Place-Names; E. Ekwall; Dictionary of English Place-Names; Cameron; Place-names of Derbyshire
Norbury and Roston,'North fortification'.,"-ingtūn Old English - A settlement called after, or connected with . . .; burh Old English - A fortified place.; norð Old English - Northern, north.; Personal name (Old English) Old English - Personal name",Watts; Cambridge Dictionary of English Place-names; A.D. Mills; Dictionary of English Place-Names; E. Ekwall; Dictionary of English Place-Names; Cameron; Place-names of Derbyshire
Normanton,'Norwegian's farm/settlement'.,"Norðman Old English - A Northman, a Norwegian.; tūn Old English - An enclosure; a farmstead; a village; an estate.",Watts; Cambridge Dictionary of English Place-names; A.D. Mills; Dictionary of English Place-Names; E. Ekwall; Dictionary of English Place-Names; Cameron; Place-names of Derbyshire
North Wingfield,Uncertain. 'Open pasture' or 'disputed open land'. 'North' to distinguish from South Wingdale.,"feld Old English - Open country, unencumbered ground (eg. land without trees as opposed to forest, level ground as opposed to hills, land without buildings); arable land (from late tenth century).; winn Old English - A pasture.",E. Ekwall; Dictionary of English Place-Names; A.D. Mills; Dictionary of English Place-Names; Watts; Cambridge Dictionary of English Place-names; Cameron; Place-names of Derbyshire
Norton,'North farm/settlement'.,"norð Old English - Northern, north.; tūn Old English - An enclosure; a farmstead; a village; an estate.",Cameron; Place-names of Derbyshire; Watts; Cambridge Dictionary of English Place-names; E. Ekwall; Dictionary of English Place-Names; A.D. Mills; Dictionary of English Place-Names
Ockbrook,'Occa's brook'.,"brōc Old English - A brook, a stream.  (Used of a stream with a muddy bed and a visible sediment load.); Personal name (Old English) Old English - Personal name",A.D. Mills; Dictionary of English Place-Names; Watts; Cambridge Dictionary of English Place-names; E. Ekwall; Dictionary of English Place-Names; Cameron; Place-names of Derbyshire
Offcote and Underwood,'*Offa's cottage'.,"cot Old English - A cottage, a hut, a shelter, a den.; Personal name (Old English) Old English - Personal name; under Old English - Under, beneath, below.; wudu Old English - A wood; or wood, timber.",E. Ekwall; Dictionary of English Place-Names; A.D. Mills; Dictionary of English Place-Names; Watts; Cambridge Dictionary of English Place-names; Cameron; Place-names of Derbyshire
Offerton,"Possibly, '*Offhere's farm/settlement'.",Personal name (Old English) Old English - Personal name; tūn Old English - An enclosure; a farmstead; a village; an estate.,Cameron; Place-names of Derbyshire; E. Ekwall; Dictionary of English Place-Names; Watts; Cambridge Dictionary of English Place-names; A.D. Mills; Dictionary of English Place-Names
Osleston and Thurvaston,'Oslaf's farm/settlement'.,Personal name (Old English) Old English - Personal name; Personal name (Old Norse) Old Norse - Personal name; tūn Old English - An enclosure; a farmstead; a village; an estate.,E. Ekwall; Dictionary of English Place-Names; Cameron; Place-names of Derbyshire; Watts; Cambridge Dictionary of English Place-names; A.D. Mills; Dictionary of English Place-Names
Osmaston,'Osmund's farm/settlement'.,Personal name (Old English) Old English - Personal name; tūn Old English - An enclosure; a farmstead; a village; an estate.,Cameron; Place-names of Derbyshire; A.D. Mills; Dictionary of English Place-Names; E. Ekwall; Dictionary of English Place-Names; Watts; Cambridge Dictionary of English Place-names
Osmaston by Derby,'Osmund's farm/settlement'. There is another Osmaston near Ashbourne.,Personal name (Old English) Old English - Personal name; Place-name Unknown - Place-name; tūn Old English - An enclosure; a farmstead; a village; an estate.,Cameron; Place-names of Derbyshire; A.D. Mills; Dictionary of English Place-Names; E. Ekwall; Dictionary of English Place-Names; Watts; Cambridge Dictionary of English Place-names
Outseats,'Outlying settlements' in relation to the manor at Hathersage.,"sǣte Old English - Settlers, dwellers.; ūt Old English - Outside, on the outskirts.",E. Ekwall; Dictionary of English Place-Names; A.D. Mills; Dictionary of English Place-Names; Watts; Cambridge Dictionary of English Place-names; Cameron; Place-names of Derbyshire
Over Haddon,'Heather hill'. 'Over' to distinguish from 'Nether' Haddon.,dūn Old English - A hill.; hǣð Old English - Heather; a tract of uncultivated land.; uferra Old English - Higher.,A.D. Mills; Dictionary of English Place-Names; E. Ekwall; Dictionary of English Place-Names; Watts; Cambridge Dictionary of English Place-names; Cameron; Place-names of Derbyshire
Parwich,'Hamlet/farm on the River Pever'.,"River-name Unknown - River-name; wīc Old English - A dwelling; a building or collection of buildings for special purposes; a farm, a dairy farm; a trading or industrial settlement; or (in the plural) a hamlet, village.",A.D. Mills; Dictionary of English Place-Names; Cameron; Place-names of Derbyshire; Watts; Cambridge Dictionary of English Place-names; E. Ekwall; Dictionary of English Place-Names
Peak Forest,"'Peak' from the district name, which means 'a peak, or pointed hill'. Peak Forest was a medieval hunting-forest from the 13C.","forest Middle English - A large tract of woodland, a forest.; pēac Old English - A knoll, a hill, a peak.",A.D. Mills; Dictionary of English Place-Names; Watts; Cambridge Dictionary of English Place-names; E. Ekwall; Dictionary of English Place-Names; Cameron; Place-names of Derbyshire
Pentrich,"Possibly, 'boar hill'.",penn C; twrch C,Watts; Cambridge Dictionary of English Place-names; E. Ekwall; Dictionary of English Place-Names; A.D. Mills; Dictionary of English Place-Names; Cameron; Place-names of Derbyshire
Pilsley,'*Pinnel's (or Pil's) wood/clearing'.,"lēah Old English - A forest, wood, glade, clearing; (later) a pasture, meadow.; Personal name (Old English) Old English - Personal name",E. Ekwall; Dictionary of English Place-Names; A.D. Mills; Dictionary of English Place-Names; Cameron; Place-names of Derbyshire; Watts; Cambridge Dictionary of English Place-names
Pilsley,'*Pinnel's (or Pil's) wood/clearing'.,"lēah Old English - A forest, wood, glade, clearing; (later) a pasture, meadow.; Personal name (Old English) Old English - Personal name",E. Ekwall; Dictionary of English Place-Names; Cameron; Place-names of Derbyshire; A.D. Mills; Dictionary of English Place-Names; Watts; Cambridge Dictionary of English Place-names
Pinxton,'*Penec's farm/settlement'.,Personal name (Old English) Old English - Personal name; tūn Old English - An enclosure; a farmstead; a village; an estate.,Watts; Cambridge Dictionary of English Place-names; E. Ekwall; Dictionary of English Place-Names; Cameron; Place-names of Derbyshire; A.D. Mills; Dictionary of English Place-Names
Pleasley,'Plesa's wood/clearing'.,"lēah Old English - A forest, wood, glade, clearing; (later) a pasture, meadow.; Personal name (Old English) Old English - Personal name",E. Ekwall; Dictionary of English Place-Names; Cameron; Place-names of Derbyshire; Watts; Cambridge Dictionary of English Place-names; A.D. Mills; Dictionary of English Place-Names
Quarndon,'Mill-stone hill'.,"cweorn Old English - A quern, a hand-mill; possibly also used of any mill.; dūn Old English - A hill.",E. Ekwall; Dictionary of English Place-Names; A.D. Mills; Dictionary of English Place-Names; Watts; Cambridge Dictionary of English Place-names; Cameron; Place-names of Derbyshire
Radbourne,"Possibly, 'reed stream' or 'red stream'.","burna Old English - A stream.; hrēod Old English - A reed, a rush; a reed-bed.; rēad Old English - Red.",A.D. Mills; Dictionary of English Place-Names; E. Ekwall; Dictionary of English Place-Names; Watts; Cambridge Dictionary of English Place-names; Cameron; Place-names of Derbyshire
Ravensdale Park,'Raven valley'. It was one of the parks belonging to Duffield Frith.,dæl Old English; dalr Old Norse - A valley.; hræfn Old English - A raven.; hrafn Old Norse - A raven.; park Middle English - An enclosed tract of land for beasts of the chase.,Watts; Cambridge Dictionary of English Place-names; Cameron; Place-names of Derbyshire; A.D. Mills; Dictionary of English Place-Names; E. Ekwall; Dictionary of English Place-Names
Repton,"'Hrype hill'. Prior to the 12th century, the hundred is recorded as 'Walecross wapentake' (see entry). In the 13th century part of the hundred was called 'Gresley wapentake' before they were subsequently joined. The site(s) of the meeting-place(s) are unk","dūn Old English - A hill.; Hrype Old English - An Anglian tribe.; hundred Old English - One hundred; an administrative division of a county.; vápnatak Old Norse - A wapentake, a sub-division of a county.",A.D. Mills; Dictionary of English Place-Names; E. Ekwall; Dictionary of English Place-Names; Cameron; Place-names of Derbyshire; Anderson (unspecified work); Watts; Cambridge Dictionary of English Place-names
Ripley,"'Strip-shaped wood/clearing' or 'wood/clearing of the Hrype', an Anglian tribe.","Hrype Old English - An Anglian tribe.; lēah Old English - A forest, wood, glade, clearing; (later) a pasture, meadow.; ripel Old English - A strip of land.",Watts; Cambridge Dictionary of English Place-names; Cameron; Place-names of Derbyshire; A.D. Mills; Dictionary of English Place-Names; E. Ekwall; Dictionary of English Place-Names
Risley,'Brushwood wood/clearing'.,"hrīs Old English - Shrubs, brushwood.; lēah Old English - A forest, wood, glade, clearing; (later) a pasture, meadow.",Cameron; Place-names of Derbyshire; A.D. Mills; Dictionary of English Place-Names; Watts; Cambridge Dictionary of English Place-names; E. Ekwall; Dictionary of English Place-Names
Rodsley,"Perhaps, 'reed clearing'.","hrēod Old English - A reed, a rush; a reed-bed.; lēah Old English - A forest, wood, glade, clearing; (later) a pasture, meadow.",Cameron; Place-names of Derbyshire; A.D. Mills; Dictionary of English Place-Names; Watts; Cambridge Dictionary of English Place-names; E. Ekwall; Dictionary of English Place-Names
Rosliston,'Hrothlaf's farm/settlement'.,Personal name (Old English) Old English - Personal name; tūn Old English - An enclosure; a farmstead; a village; an estate.,Watts; Cambridge Dictionary of English Place-names; A.D. Mills; Dictionary of English Place-Names; E. Ekwall; Dictionary of English Place-Names; Cameron; Place-names of Derbyshire
Rowland,Either 'roe-deer wood' or 'boundary wood'.,"lundr Old Norse - A small wood.; rá Old Norse - A roe, a roe-buck.",Watts; Cambridge Dictionary of English Place-names; E. Ekwall; Dictionary of English Place-Names; A.D. Mills; Dictionary of English Place-Names; Cameron; Place-names of Derbyshire
Sandiacre,"'Sandy, cultivated ground'.",æcer Old English - A plot of cultivated land; a measure of land which a yoke of oxen could plough in a day. (Indistinguishable from akr.); sandig Old English - Sandy.,Watts; Cambridge Dictionary of English Place-names; E. Ekwall; Dictionary of English Place-Names; A.D. Mills; Dictionary of English Place-Names; Cameron; Place-names of Derbyshire
Sawley and Wilsthorpe,'Willow-tree wood clearing.',"hlāw Old English - A tumulus; a hill.; Personal name (Old English) Old English - Personal name; salh Old English; þorp Old Norse - A secondary settlement, a dependent outlying farmstead or hamlet.",Watts; Cambridge Dictionary of English Place-names; E. Ekwall; Dictionary of English Place-Names; A.D. Mills; Dictionary of English Place-Names; Cameron; Place-names of Derbyshire
Scarcliffe,'Gap in a steep slope'.,"clif Old English - An escarpment, a hill-slope; a river-bank.; sceard Old English - A cleft, a gap (as in a fence).",Cameron; Place-names of Derbyshire; Watts; Cambridge Dictionary of English Place-names; E. Ekwall; Dictionary of English Place-Names; A.D. Mills; Dictionary of English Place-Names
Shardlow and Great Wilne,'Clefted mound'.,"hlāw Old English - A tumulus; a hill.; sceard Old English - A cleft, a gap (as in a fence).; wilign Old English - A willow-tree; a willow copse.",E. Ekwall; Dictionary of English Place-Names; A.D. Mills; Dictionary of English Place-Names; Watts; Cambridge Dictionary of English Place-names; Cameron; Place-names of Derbyshire
Shatton,'Corner farm/settlement'.,"scēat Old English - A corner of land, an angle, a projecting piece of land.; tūn Old English - An enclosure; a farmstead; a village; an estate.",E. Ekwall; Dictionary of English Place-Names; Watts; Cambridge Dictionary of English Place-names; A.D. Mills; Dictionary of English Place-Names; Cameron; Place-names of Derbyshire
Sheldon,'Flat-topped heath hill'. The village shares the same flat-topped hill as Haddon.,"dūn Old English - A hill.; hǣð Old English - Heather; a tract of uncultivated land.; scelf Old English - A shelf, a shelving terrain; a pinnacle, battlement.",A.D. Mills; Dictionary of English Place-Names; Cameron; Place-names of Derbyshire; E. Ekwall; Dictionary of English Place-Names; Watts; Cambridge Dictionary of English Place-names
Shipley,'Sheep wood/clearing'.,"lēah Old English - A forest, wood, glade, clearing; (later) a pasture, meadow.; scēp Old English",Watts; Cambridge Dictionary of English Place-names; E. Ekwall; Dictionary of English Place-Names; A.D. Mills; Dictionary of English Place-Names; Cameron; Place-names of Derbyshire
Shirebrook,"Uncertain. Either, 'county brook', in the sense of a boundary, or 'bright brook'.","brōc Old English - A brook, a stream.  (Used of a stream with a muddy bed and a visible sediment load.); scīr Old English - A shire, a jurisdiction, an administrative district, a county.",Watts; Cambridge Dictionary of English Place-names; E. Ekwall; Dictionary of English Place-Names; Cameron; Place-names of Derbyshire; A.D. Mills; Dictionary of English Place-Names
Shirland and Higham,'Bright grove'.,"hām Old English - A village, a village community, a manor, an estate, a homestead.; hēah Old English - A high place, a height.; lundr Old Norse - A small wood.; scīr Old English - A shire, a jurisdiction, an administrative district, a county.",Watts; Cambridge Dictionary of English Place-names; E. Ekwall; Dictionary of English Place-Names; A.D. Mills; Dictionary of English Place-Names; Cameron; Place-names of Derbyshire
Shirley,'Bright wood/clearing'.,"lēah Old English - A forest, wood, glade, clearing; (later) a pasture, meadow.; scīr Old English - A shire, a jurisdiction, an administrative district, a county.",Watts; Cambridge Dictionary of English Place-names; A.D. Mills; Dictionary of English Place-Names; E. Ekwall; Dictionary of English Place-Names; Cameron; Place-names of Derbyshire
Shottle and Postern,"Probably, 'steep-slope hill'. 'Post-house'.","ærn Old English - A building, a house.  In place-names often a building used for a specific purpose.; hyll Old English - A hill, a natural eminence or elevated piece of ground.; post Old English - A post, a pillar.; scēot Old English - A steep slope.",Cameron; Place-names of Derbyshire; A.D. Mills; Dictionary of English Place-Names; E. Ekwall; Dictionary of English Place-Names; Watts; Cambridge Dictionary of English Place-names
Sinfin and Arleston,"Uncertain. Perhaps, 'wide fen'.","eorl Old English - A hero, a nobleman; (later) a high-ranking officer of state.; fenn Old English - A fen, a marsh, marshland.; sīd Old English - Large, spacious, extensive, long.; tūn Old English - An enclosure; a farmstead; a village; an estate.",A.D. Mills; Dictionary of English Place-Names; E. Ekwall; Dictionary of English Place-Names; Watts; Cambridge Dictionary of English Place-names; Cameron; Place-names of Derbyshire
Sinfin Moor,"Uncertain. Perhaps, 'wide fen near the moor'.","fenn Old English - A fen, a marsh, marshland.; mōr Old English - A marsh, barren upland.; sīd Old English - Large, spacious, extensive, long.",Cameron; Place-names of Derbyshire; Watts; Cambridge Dictionary of English Place-names; A.D. Mills; Dictionary of English Place-Names; E. Ekwall; Dictionary of English Place-Names
Smalley,'Narrow wood/clearing'.,"lēah Old English - A forest, wood, glade, clearing; (later) a pasture, meadow.; smæl Old English - Narrow, thin.",Cameron; Place-names of Derbyshire; A.D. Mills; Dictionary of English Place-Names; Watts; Cambridge Dictionary of English Place-names; E. Ekwall; Dictionary of English Place-Names
Smisby,'Smith farm/settlement'.,"bȳ Old Norse - A farmstead, a village.; smiðr Old Norse - A smith, a worker in metal.",Watts; Cambridge Dictionary of English Place-names; Cameron; Place-names of Derbyshire; A.D. Mills; Dictionary of English Place-Names; E. Ekwall; Dictionary of English Place-Names
Snelston,'Snell's farm/settlement'.,Personal name (Old English) Old English - Personal name; tūn Old English - An enclosure; a farmstead; a village; an estate.,E. Ekwall; Dictionary of English Place-Names; A.D. Mills; Dictionary of English Place-Names; Watts; Cambridge Dictionary of English Place-names; Cameron; Place-names of Derbyshire
Somersal Herbert,"Uncertain. Possibly, 'Sumor's nook of land' or 'summer nook of land'. The Fitzherbert family owned the manor from the 13th century.","halh Old English - A nook of land; a small valley; dry ground in marsh; a piece of land projecting from, or detached from, the main area of its administrative unit.; Personal name (Old English) Old English - Personal name; sumor Old English - Summer.",Watts; Cambridge Dictionary of English Place-names; A.D. Mills; Dictionary of English Place-Names; E. Ekwall; Dictionary of English Place-Names; Cameron; Place-names of Derbyshire
South Normanton,'Norwegians' farm/settlement' 'South' is a later addition to distinguish from Temple Normanton and Normanton.,"Norðman Old English - A Northman, a Norwegian.; tūn Old English - An enclosure; a farmstead; a village; an estate.",Cameron; Place-names of Derbyshire; A.D. Mills; Dictionary of English Place-Names; Watts; Cambridge Dictionary of English Place-names; E. Ekwall; Dictionary of English Place-Names
South Wingfield,Uncertain. 'Open pasture' or 'disputed open land'. 'South' to distinguish from North Wingdale.,"feld Old English - Open country, unencumbered ground (eg. land without trees as opposed to forest, level ground as opposed to hills, land without buildings); arable land (from late tenth century).; winn Old English - A pasture.",Watts; Cambridge Dictionary of English Place-names; E. Ekwall; Dictionary of English Place-Names; A.D. Mills; Dictionary of English Place-Names; Cameron; Place-names of Derbyshire
Spondon,'Wood-chip hill'.,"dūn Old English - A hill.; spōn Old English - A chip, a shaving of wood; perhaps also a wooden shingle tile.",A.D. Mills; Dictionary of English Place-Names; E. Ekwall; Dictionary of English Place-Names; Watts; Cambridge Dictionary of English Place-names; Cameron; Place-names of Derbyshire
Stanley,'Stony wood/clearing'.,"lēah Old English - A forest, wood, glade, clearing; (later) a pasture, meadow.; stān Old English - A stone, stone, rock.",Cameron; Place-names of Derbyshire; Watts; Cambridge Dictionary of English Place-names; A.D. Mills; Dictionary of English Place-Names; E. Ekwall; Dictionary of English Place-Names
Stanton and Newhall,'Stony farm/settlement'.,"hall Old English - A slope, a hill; a boulder.; nīwe Old English - New.; stān Old English - A stone, stone, rock.; tūn Old English - An enclosure; a farmstead; a village; an estate.",Cameron; Place-names of Derbyshire; Watts; Cambridge Dictionary of English Place-names; A.D. Mills; Dictionary of English Place-Names; E. Ekwall; Dictionary of English Place-Names
Stanton by Bridge,'Stony farm/settlement beside Cordy's Bridge' (also called Swarkeston Bridge).,"brycg Old English - A bridge; a causeway.; stān Old English - A stone, stone, rock.; tūn Old English - An enclosure; a farmstead; a village; an estate.",E. Ekwall; Dictionary of English Place-Names; Cameron; Place-names of Derbyshire; Watts; Cambridge Dictionary of English Place-names; A.D. Mills; Dictionary of English Place-Names
Stanton by Dale,'Stony farm/settlement'.,"stān Old English - A stone, stone, rock.; tūn Old English - An enclosure; a farmstead; a village; an estate.",Watts; Cambridge Dictionary of English Place-names; E. Ekwall; Dictionary of English Place-Names; A.D. Mills; Dictionary of English Place-Names; Cameron; Place-names of Derbyshire
Stanton-in-Peak,'Stony farm/settlement'.,"stān Old English - A stone, stone, rock.; tūn Old English - An enclosure; a farmstead; a village; an estate.",Cameron; Place-names of Derbyshire; A.D. Mills; Dictionary of English Place-Names; E. Ekwall; Dictionary of English Place-Names; Watts; Cambridge Dictionary of English Place-names
Staveley,'Stave-wood clearing.',"lēah Old English - A forest, wood, glade, clearing; (later) a pasture, meadow.; stæf Old English - A staff, a stave, a rod.",Watts; Cambridge Dictionary of English Place-names; E. Ekwall; Dictionary of English Place-Names; Cameron; Place-names of Derbyshire; A.D. Mills; Dictionary of English Place-Names
Stony Middleton,'Rocky middle farm/settlement'.,"middel Old English - Middle.; stānig Old English - Stony, rocky; made of stone.; tūn Old English - An enclosure; a farmstead; a village; an estate.",Watts; Cambridge Dictionary of English Place-names; A.D. Mills; Dictionary of English Place-Names; E. Ekwall; Dictionary of English Place-Names; Cameron; Place-names of Derbyshire
Stretton,'Roman road farm/settlement'. Stretton is located on Ryknield Street.,"strāt Old English - A Roman road. (May be a form of ""stret"").; tūn Old English - An enclosure; a farmstead; a village; an estate.",E. Ekwall; Dictionary of English Place-Names; A.D. Mills; Dictionary of English Place-Names; Watts; Cambridge Dictionary of English Place-names; Cameron; Place-names of Derbyshire
Sturston,'Styrr's farm/settlement'.,Personal name (Old Norse) Old Norse - Personal name; tūn Old English - An enclosure; a farmstead; a village; an estate.,Cameron; Place-names of Derbyshire; E. Ekwall; Dictionary of English Place-Names; Watts; Cambridge Dictionary of English Place-names; A.D. Mills; Dictionary of English Place-Names
Sudbury,'South fortification'.,"burh Old English - A fortified place.; sūð Old English - South, southern.",Watts; Cambridge Dictionary of English Place-names; A.D. Mills; Dictionary of English Place-Names; E. Ekwall; Dictionary of English Place-Names; Cameron; Place-names of Derbyshire
Sutton cum Duckmanton,'South farm/settlement'.,"Personal name (Old English) Old English - Personal name; sūð Old English - South, southern.; tūn Old English - An enclosure; a farmstead; a village; an estate.",Watts; Cambridge Dictionary of English Place-names; E. Ekwall; Dictionary of English Place-Names; A.D. Mills; Dictionary of English Place-Names; Cameron; Place-names of Derbyshire
Sutton on the Hill,'South farm/settlement'.,"sūð Old English - South, southern.; tūn Old English - An enclosure; a farmstead; a village; an estate.",Watts; Cambridge Dictionary of English Place-names; A.D. Mills; Dictionary of English Place-Names; E. Ekwall; Dictionary of English Place-Names; Cameron; Place-names of Derbyshire
Swadlincote,'Svartlingr's cottage'.,"cot Old English - A cottage, a hut, a shelter, a den.; Personal name (Old Norse) Old Norse - Personal name",Cameron; Place-names of Derbyshire; Watts; Cambridge Dictionary of English Place-names; A.D. Mills; Dictionary of English Place-Names; E. Ekwall; Dictionary of English Place-Names
Swarkestone,'Swerkir's farm/settlement'.,Personal name (Old Norse) Old Norse - Personal name; tūn Old English - An enclosure; a farmstead; a village; an estate.,Cameron; Place-names of Derbyshire; E. Ekwall; Dictionary of English Place-Names; Watts; Cambridge Dictionary of English Place-names; A.D. Mills; Dictionary of English Place-Names
Taddington,'Farm/settlement connected with Tada'.,"-ingtūn Old English - A settlement called after, or connected with . . .; Personal name (Old English) Old English - Personal name",Watts; Cambridge Dictionary of English Place-names; E. Ekwall; Dictionary of English Place-Names; A.D. Mills; Dictionary of English Place-Names; Cameron; Place-names of Derbyshire
Tansley,"Uncertain. Perhaps, '*Tan's wood/clearing' or, 'shoot/twig wood/clearing'.","lēah Old English - A forest, wood, glade, clearing; (later) a pasture, meadow.; Personal name (Old English) Old English - Personal name; tān Old English - A twig, a sprout, a shoot; possibly also a stake.",Watts; Cambridge Dictionary of English Place-names; Cameron; Place-names of Derbyshire; E. Ekwall; Dictionary of English Place-Names; A.D. Mills; Dictionary of English Place-Names
Tapton,'Tappa's farm/settlement'.,Personal name (Old English) Old English - Personal name; tūn Old English - An enclosure; a farmstead; a village; an estate.,E. Ekwall; Dictionary of English Place-Names; A.D. Mills; Dictionary of English Place-Names; Watts; Cambridge Dictionary of English Place-names; Cameron; Place-names of Derbyshire
Taxal,'Leased nook of land'.,"halh Old English - A nook of land; a small valley; dry ground in marsh; a piece of land projecting from, or detached from, the main area of its administrative unit.; tak Middle English - A lease, a tenure, a revenue.",Watts; Cambridge Dictionary of English Place-names; A.D. Mills; Dictionary of English Place-Names; E. Ekwall; Dictionary of English Place-Names; Dodgson; Place-names of Cheshire
Temple Normanton,'Norwegians' farm/settlement'. At one time held by the Knights Templar.,"Norðman Old English - A Northman, a Norwegian.; temple Middle English - A temple; usually in allusion to properties of the Knights Templar.; tūn Old English - An enclosure; a farmstead; a village; an estate.",Watts; Cambridge Dictionary of English Place-names; E. Ekwall; Dictionary of English Place-Names; A.D. Mills; Dictionary of English Place-Names; Cameron; Place-names of Derbyshire
Thornhill,'Thorn-tree hill'.,"hyll Old English - A hill, a natural eminence or elevated piece of ground.; þorn Old English - A hawthorn-tree.",E. Ekwall; Dictionary of English Place-Names; A.D. Mills; Dictionary of English Place-Names; Watts; Cambridge Dictionary of English Place-names; Cameron; Place-names of Derbyshire
Thorpe,'Outlying farm/settlement'.,"þorp Old Norse - A secondary settlement, a dependent outlying farmstead or hamlet.",Watts; Cambridge Dictionary of English Place-names; E. Ekwall; Dictionary of English Place-Names; A.D. Mills; Dictionary of English Place-Names; Cameron; Place-names of Derbyshire
Thrumpton,Farm of a man called Tormothr.,Personal name (Old Norse) Old Norse - Personal name; tūn Old English - An enclosure; a farmstead; a village; an estate.,E. Ekwall; Dictionary of English Place-Names; Gover et al.; The Place-Names of Nottinghamshire; A.D. Mills; Dictionary of English Place-Names
Tibshelf,'Tibba's slope/shelf/ridge'.,"Personal name (Old English) Old English - Personal name; scelf Old English - A shelf, a shelving terrain; a pinnacle, battlement.",A.D. Mills; Dictionary of English Place-Names; Watts; Cambridge Dictionary of English Place-names; E. Ekwall; Dictionary of English Place-Names; Cameron; Place-names of Derbyshire
Ticknall,'Young goat nook of land'.,"halh Old English - A nook of land; a small valley; dry ground in marsh; a piece of land projecting from, or detached from, the main area of its administrative unit.; ticcen Old English - A kid, a young goat.",Watts; Cambridge Dictionary of English Place-names; A.D. Mills; Dictionary of English Place-Names; E. Ekwall; Dictionary of English Place-Names; Cameron; Place-names of Derbyshire
Tideswell,'Tidi's spring/stream'.,Personal name (Old English) Old English - Personal name; wella Old English,Watts; Cambridge Dictionary of English Place-names; E. Ekwall; Dictionary of English Place-Names; A.D. Mills; Dictionary of English Place-Names; Cameron; Place-names of Derbyshire
Tissington,'Tidsige's farm/settlement'.,Personal name (Old English) Old English - Personal name; tūn Old English - An enclosure; a farmstead; a village; an estate.,A.D. Mills; Dictionary of English Place-Names; E. Ekwall; Dictionary of English Place-Names; Watts; Cambridge Dictionary of English Place-names; Cameron; Place-names of Derbyshire
Totley,Possibly 'the wood/clearing of Tota's people' or 'look-out clearing'.,"-ing- Old English - Connective particle, linking a first element to a final element.; -ingas Old English - The people of . . . ; the people called after . . .; lēah Old English - A forest, wood, glade, clearing; (later) a pasture, meadow.; Personal name (Old English) Old English - Personal name; tōt Old English - A look-out.",Cameron; Place-names of Derbyshire; A.D. Mills; Dictionary of English Place-Names; Watts; Cambridge Dictionary of English Place-names; E. Ekwall; Dictionary of English Place-Names
Trusley,'Brushwood wood/clearing'.,"lēah Old English - A forest, wood, glade, clearing; (later) a pasture, meadow.; trūs Old English - Brushwood.",E. Ekwall; Dictionary of English Place-Names; A.D. Mills; Dictionary of English Place-Names; Watts; Cambridge Dictionary of English Place-names; Cameron; Place-names of Derbyshire
Tupton,"Either, 'Tupi's farm/settlement' or 'ram farm/settlement'.","Personal name (Old Norse) Old Norse - Personal name; tūn Old English - An enclosure; a farmstead; a village; an estate.; tup Middle English - A ram, a tup.",A.D. Mills; Dictionary of English Place-Names; E. Ekwall; Dictionary of English Place-Names; Cameron; Place-names of Derbyshire; Watts; Cambridge Dictionary of English Place-names
Turnditch,"Uncertain. Possibly, 'winding ditch' or 'thorn ditch'.","dīc Old English - A ditch, usually an excavated trench, either defensive or for drainage of water.; trun Old English - Circular, round; something which turns.; þyrne Old English - A thorn-bush.",Watts; Cambridge Dictionary of English Place-names; E. Ekwall; Dictionary of English Place-Names; A.D. Mills; Dictionary of English Place-Names; Cameron; Place-names of Derbyshire
Twyford and Stenson,'Double ford'.,"ford Old English - A ford.; Personal name (Old Norse) Old Norse - Personal name; tūn Old English - An enclosure; a farmstead; a village; an estate.; twī- Old English - Double, two.",A.D. Mills; Dictionary of English Place-Names; E. Ekwall; Dictionary of English Place-Names; Watts; Cambridge Dictionary of English Place-names; Cameron; Place-names of Derbyshire
Unstone,'*On's farm/settlement.',Personal name (Old English) Old English - Personal name; tūn Old English - An enclosure; a farmstead; a village; an estate.,Watts; Cambridge Dictionary of English Place-names; E. Ekwall; Dictionary of English Place-Names; A.D. Mills; Dictionary of English Place-Names; Cameron; Place-names of Derbyshire
Upper Langwith,"'Long ford'. 'Upper' to distinguish from Lower Langwith, Nottinghamshire.","lang Old English - Long, tall.; vað Old Norse - A ford.",Watts; Cambridge Dictionary of English Place-names; E. Ekwall; Dictionary of English Place-Names; Cameron; Place-names of Derbyshire; A.D. Mills; Dictionary of English Place-Names
Walton,'Welsh farm/settlement'.,tūn Old English - An enclosure; a farmstead; a village; an estate.; walh Old English,Watts; Cambridge Dictionary of English Place-names; E. Ekwall; Dictionary of English Place-Names; A.D. Mills; Dictionary of English Place-Names; Cameron; Place-names of Derbyshire
Wardlow,'Watch hill'.,"hlāw Old English - A tumulus; a hill.; weard Old English - Watch, ward, protection.",E. Ekwall; Dictionary of English Place-Names; A.D. Mills; Dictionary of English Place-Names; Watts; Cambridge Dictionary of English Place-names; Cameron; Place-names of Derbyshire
Wensley and Snitterton,'Woden's wood/clearing'.,"lēah Old English - A forest, wood, glade, clearing; (later) a pasture, meadow.; Personal name (Old English) Old English - Personal name; tūn Old English - An enclosure; a farmstead; a village; an estate.; Wōden Old English - A heathen Germanic god, corresponding to Othinn and nicknamed Grim.",Watts; Cambridge Dictionary of English Place-names; E. Ekwall; Dictionary of English Place-Names; A.D. Mills; Dictionary of English Place-Names; Cameron; Place-names of Derbyshire
Wessington,'Wigstan's farm/settlement'.,Personal name (Old English) Old English - Personal name; tūn Old English - An enclosure; a farmstead; a village; an estate.,Cameron; Place-names of Derbyshire; E. Ekwall; Dictionary of English Place-Names; Watts; Cambridge Dictionary of English Place-names; A.D. Mills; Dictionary of English Place-Names
West Hallam,'At the nooks of land'. A later settlement west of Kirk Hallam.,"halh Old English - A nook of land; a small valley; dry ground in marsh; a piece of land projecting from, or detached from, the main area of its administrative unit.",Cameron; Place-names of Derbyshire; A.D. Mills; Dictionary of English Place-Names; E. Ekwall; Dictionary of English Place-Names; Watts; Cambridge Dictionary of English Place-names
Weston Underwood,"'West farm/settlement'. Underwood, 'below the wood', is a later addition to distinguish from Weston-upon-Trent.","tūn Old English - An enclosure; a farmstead; a village; an estate.; under Old English - Under, beneath, below.; west Old English - Western, west.; wudu Old English - A wood; or wood, timber.",Watts; Cambridge Dictionary of English Place-names; E. Ekwall; Dictionary of English Place-Names; A.D. Mills; Dictionary of English Place-Names; Cameron; Place-names of Derbyshire
Weston upon Trent,'West farm/settlement on the River Trent'.,"River-name Unknown - River-name; tūn Old English - An enclosure; a farmstead; a village; an estate.; west Old English - Western, west.",E. Ekwall; Dictionary of English Place-Names; A.D. Mills; Dictionary of English Place-Names; Watts; Cambridge Dictionary of English Place-names; Cameron; Place-names of Derbyshire
Wheston,'Whetstone'.,hwet-stān Old English - A whetstone.,Cameron; Place-names of Derbyshire; Watts; Cambridge Dictionary of English Place-names; A.D. Mills; Dictionary of English Place-Names; E. Ekwall; Dictionary of English Place-Names
Whittington,'Farm/settlement connected with Hwita'.,"-ingtūn Old English - A settlement called after, or connected with . . .; Personal name (Old English) Old English - Personal name",Watts; Cambridge Dictionary of English Place-names; E. Ekwall; Dictionary of English Place-Names; Cameron; Place-names of Derbyshire; A.D. Mills; Dictionary of English Place-Names
Whitwell,'White spring/stream'.,"hwīt Old English - White; in early Modern English sometimes ""infertile"" in contrast with black, ""fertile"".; wella Old English",E. Ekwall; Dictionary of English Place-Names; A.D. Mills; Dictionary of English Place-Names; Watts; Cambridge Dictionary of English Place-names; Cameron; Place-names of Derbyshire
Willington,'Willow-tree farm/settlement'.,tūn Old English - An enclosure; a farmstead; a village; an estate.; wilign Old English - A willow-tree; a willow copse.,Watts; Cambridge Dictionary of English Place-names; E. Ekwall; Dictionary of English Place-Names; A.D. Mills; Dictionary of English Place-Names; Cameron; Place-names of Derbyshire
Windley,'Pasture wood/clearing'.,"lēah Old English - A forest, wood, glade, clearing; (later) a pasture, meadow.; winn Old English - A pasture.",Watts; Cambridge Dictionary of English Place-names; A.D. Mills; Dictionary of English Place-Names; E. Ekwall; Dictionary of English Place-Names; Cameron; Place-names of Derbyshire
Wingerworth,'*Winegar's enclosure'.,Personal name (Old English) Old English - Personal name; worð Old English - An enclosure.,Watts; Cambridge Dictionary of English Place-names; E. Ekwall; Dictionary of English Place-Names; Cameron; Place-names of Derbyshire; A.D. Mills; Dictionary of English Place-Names
Winster,'Wine's thorn-tree'.,Personal name (Old English) Old English - Personal name; þyrne Old English - A thorn-bush.,Cameron; Place-names of Derbyshire; E. Ekwall; Dictionary of English Place-Names; Watts; Cambridge Dictionary of English Place-names; A.D. Mills; Dictionary of English Place-Names
Wirksworth,"'*Weorc's enclosure'. This was formerly the DB wapentake of 'Hamelestan' (see entry). The exact site of the meeting-place is unknown, but north of Hamston Hill is Moat Low,",hundred Old English - One hundred; an administrative division of a county.; Personal name (Old English) Old English - Personal name; worð Old English - An enclosure.,Cameron; Place-names of Derbyshire; A.D. Mills; Dictionary of English Place-Names; E. Ekwall; Dictionary of English Place-Names; Watts; Cambridge Dictionary of English Place-names; Anderson (unspecified work)
Woodthorpe,'Wood outlying farm/settlement''.,"wudu Old English - A wood; or wood, timber.; þorp Old Norse - A secondary settlement, a dependent outlying farmstead or hamlet.",A.D. Mills; Dictionary of English Place-Names; E. Ekwall; Dictionary of English Place-Names; Cameron; Place-names of Derbyshire; Watts; Cambridge Dictionary of English Place-names
Wormhill,'Wyrma's hill'.,"hyll Old English - A hill, a natural eminence or elevated piece of ground.; Personal name (Old English) Old English - Personal name",A.D. Mills; Dictionary of English Place-Names; Watts; Cambridge Dictionary of English Place-names; E. Ekwall; Dictionary of English Place-Names; Cameron; Place-names of Derbyshire
Yeardsley cum Whaley,"Uncertain. 'Eored's wood/clearing', or 'herdsman's wood/clearing'. 'Road wood/clearing'.","hirde Old English - A herdsman.; lēah Old English - A forest, wood, glade, clearing; (later) a pasture, meadow.; Personal name (Old English) Old English - Personal name; weg Old English - A road.",Dodgson; Place-names of Cheshire; Watts; Cambridge Dictionary of English Place-names; E. Ekwall; Dictionary of English Place-Names; A.D. Mills; Dictionary of English Place-Names
Yeaveley,'*Geofa's wood/clearing'.,"lēah Old English - A forest, wood, glade, clearing; (later) a pasture, meadow.; Personal name (Old English) Old English - Personal name",A.D. Mills; Dictionary of English Place-Names; E. Ekwall; Dictionary of English Place-Names; Watts; Cambridge Dictionary of English Place-names; Cameron; Place-names of Derbyshire
Yeldersley,'Geldhere's wood/clearing'.,"lēah Old English - A forest, wood, glade, clearing; (later) a pasture, meadow.; Personal name (Old English) Old English - Personal name",Watts; Cambridge Dictionary of English Place-names; A.D. Mills; Dictionary of English Place-Names; E. Ekwall; Dictionary of English Place-Names; Cameron; Place-names of Derbyshire
Youlgreave,"Uncertain, 'Geola's grove' or 'yellow grove'.","geolu Old English - Yellow.; grǣfe Old English - A grove, a copse, a thicket.; Personal name (Old English) Old English - Personal name",A.D. Mills; Dictionary of English Place-Names; Cameron; Place-names of Derbyshire; Watts; Cambridge Dictionary of English Place-names; E. Ekwall; Dictionary of English Place-Names
