PlaceName,Etymology,Derivation,ReferenceTitle
Abbots Bickington,'Farm/settlement connected with Bica/Beocca'. It was held by the abbots of Hartland Abbey.,"-ingtūn Old English - A settlement called after, or connected with . . .; Personal name (Old English) Old English - Personal name",Watts; Cambridge Dictionary of English Place-names; E. Ekwall; Dictionary of English Place-Names; Gover et al.: Place-names of Devon; A.D. Mills; Dictionary of English Place-Names
Abbotsham,"'Hemmed-in land', with the later incorporation of 'abbot' referring to its early possession by the manor by the abbot of Tavistock.",abbod Old English - An abbot.; hamm Old English - Land hemmed in by water or marsh (perhaps also by high ground); a river-meadow; cultivated plot on the edge of woodland or moor.,Watts; Cambridge Dictionary of English Place-names; E. Ekwall; Dictionary of English Place-Names; Gover et al.: Place-names of Devon; A.D. Mills; Dictionary of English Place-Names
Abbotskerswell,"'Cress spring/stream', with the later incorporation of 'abbot' denoting its possession by the abbot of Horton.","abbas Latin - An abbot.; cærse Old English - Cress, water-cress.; wella Old English",E. Ekwall; Dictionary of English Place-Names; Watts; Cambridge Dictionary of English Place-names; A.D. Mills; Dictionary of English Place-Names; Gover et al.: Place-names of Devon
Alphington,'Farm/settlement connected with Aelf'.,"-ingtūn Old English - A settlement called after, or connected with . . .; Personal name (Old English) Old English - Personal name",Gover et al.: Place-names of Devon; E. Ekwall; Dictionary of English Place-Names; A.D. Mills; Dictionary of English Place-Names; Watts; Cambridge Dictionary of English Place-names
Alverdiscott,'Aelfred's cottage'.,"cot Old English - A cottage, a hut, a shelter, a den.; Personal name (Old English) Old English - Personal name",E. Ekwall; Dictionary of English Place-Names; Watts; Cambridge Dictionary of English Place-names; Gover et al.: Place-names of Devon; A.D. Mills; Dictionary of English Place-Names
Alwington,"Probably, 'Aelfwynn's farm/settlement', a feminine personal name.",Personal name (Old English) Old English - Personal name; tūn Old English - An enclosure; a farmstead; a village; an estate.,E. Ekwall; Dictionary of English Place-Names; Gover et al.: Place-names of Devon; A.D. Mills; Dictionary of English Place-Names; Watts; Cambridge Dictionary of English Place-names
Arlington,'Farm/settlement connected with Aelffrith/Aelfheard'.,"-ingtūn Old English - A settlement called after, or connected with . . .; Personal name (Old English) Old English - Personal name",Watts; Cambridge Dictionary of English Place-names; E. Ekwall; Dictionary of English Place-Names; Gover et al.: Place-names of Devon; A.D. Mills; Dictionary of English Place-Names
Ashburton,"'Ashburn (ash-tree stream) farm/settlement'. The Ashburn, now called the Yeo, is a tributary of the River Dart.",æsc Old English; burna Old English - A stream.; tūn Old English - An enclosure; a farmstead; a village; an estate.,A.D. Mills; Dictionary of English Place-Names; Watts; Cambridge Dictionary of English Place-names; E. Ekwall; Dictionary of English Place-Names; Gover et al.: Place-names of Devon
Ashbury,'Ash-tree fortification'.,æsc Old English; burh Old English - A fortified place.,A.D. Mills; Dictionary of English Place-Names; E. Ekwall; Dictionary of English Place-Names; Gover et al.: Place-names of Devon; Watts; Cambridge Dictionary of English Place-names
Ashcombe,'Ash-tree valley'.,"æsc Old English; cumb Old English - A coomb, a valley.  Possibly derived from Welsh ""cumm""; but possibly derived from OE ""cumb"" a vessel, cup, a small measure.",Gover et al.: Place-names of Devon; E. Ekwall; Dictionary of English Place-Names; Watts; Cambridge Dictionary of English Place-names; A.D. Mills; Dictionary of English Place-Names
Ashford,'Ash-tree ford'.,æsc Old English; ford Old English - A ford.,Gover et al.: Place-names of Devon; E. Ekwall; Dictionary of English Place-Names; Watts; Cambridge Dictionary of English Place-names; A.D. Mills; Dictionary of English Place-Names
Ashprington,'Farm/settlement connected with Aescbeorht/ Aescbeorn'.,"-ingtūn Old English - A settlement called after, or connected with . . .; Personal name (Old English) Old English - Personal name",A.D. Mills; Dictionary of English Place-Names; Gover et al.: Place-names of Devon; Watts; Cambridge Dictionary of English Place-names; E. Ekwall; Dictionary of English Place-Names
Ashreigney,"'Ash-tree', with the later incorporation of the namce of the de Regny family who held land here in the 13th century.",æsc Old English; Family name Unknown - Family name.,E. Ekwall; Dictionary of English Place-Names; Watts; Cambridge Dictionary of English Place-names; Gover et al.: Place-names of Devon; A.D. Mills; Dictionary of English Place-Names
Ashton,'Aeschere's farm/settlement'.,Personal name (Old English) Old English - Personal name; tūn Old English - An enclosure; a farmstead; a village; an estate.,Watts; Cambridge Dictionary of English Place-names; E. Ekwall; Dictionary of English Place-Names; Gover et al.: Place-names of Devon; A.D. Mills; Dictionary of English Place-Names
Ashwater,"'Ash-tree', with the incoporation of the personal name Walter, probably Walter de Doneheved who held the manor in 1270.",æsc Old English; Personal name (Uncertain) Unknown - Personal name,A.D. Mills; Dictionary of English Place-Names; Gover et al.: Place-names of Devon; Watts; Cambridge Dictionary of English Place-names; E. Ekwall; Dictionary of English Place-Names
Atherington,'Farm/settlement connected with Eadhere/Aethelhere'.,"-ingtūn Old English - A settlement called after, or connected with . . .; Personal name (Old English) Old English - Personal name",A.D. Mills; Dictionary of English Place-Names; Gover et al.: Place-names of Devon; Watts; Cambridge Dictionary of English Place-names; E. Ekwall; Dictionary of English Place-Names
Aveton Giffard,'River Avon farm/settlement'. It was held by Walter Giffard in 1242.,Family name Unknown - Family name.; River-name Unknown - River-name; tūn Old English - An enclosure; a farmstead; a village; an estate.,Watts; Cambridge Dictionary of English Place-names; Gover et al.: Place-names of Devon; E. Ekwall; Dictionary of English Place-Names; A.D. Mills; Dictionary of English Place-Names
Awliscombe,"'Fork valley', referring to a fork in the river about 2.5 km south of the village.","āwel Old English - A hook, a fork; perhaps in a topographical sense such as the fork of a river.; cumb Old English - A coomb, a valley.  Possibly derived from Welsh ""cumm""; but possibly derived from OE ""cumb"" a vessel, cup, a small measure.",A.D. Mills; Dictionary of English Place-Names; E. Ekwall; Dictionary of English Place-Names; Gover et al.: Place-names of Devon; Watts; Cambridge Dictionary of English Place-names
Axminster,'River Axe monastery'.,"mynster Old English - A monastery, the church of a monastery or religious body, a church served by secular clergy.; River-name Unknown - River-name",Watts; Cambridge Dictionary of English Place-names; E. Ekwall; Dictionary of English Place-Names; Gover et al.: Place-names of Devon; A.D. Mills; Dictionary of English Place-Names
Axmouth,'River Axe mouth'.,"mūða Old English - The mouth of a large river, an estuary.; River-name Unknown - River-name",Gover et al.: Place-names of Devon; A.D. Mills; Dictionary of English Place-Names; Watts; Cambridge Dictionary of English Place-names; E. Ekwall; Dictionary of English Place-Names
Aylesbeare,'Aegel's grove'.,bearu Old English - A grove.  (Usually refers to a wood of limited extent rather than to forest areas.); Personal name (Old English) Old English - Personal name,E. Ekwall; Dictionary of English Place-Names; A.D. Mills; Dictionary of English Place-Names; Watts; Cambridge Dictionary of English Place-names; Gover et al.: Place-names of Devon
Bampton,"Uncertain. Perhaps, 'farm/settlement at the baths' or 'farm/settlement of the Bath dwellers', referring to nearby Morebath.","bæð Old English - A bath, a bathing-place.; hǣme Old English - The inhabitants of a place.; tūn Old English - An enclosure; a farmstead; a village; an estate.",E. Ekwall; Dictionary of English Place-Names; Watts; Cambridge Dictionary of English Place-names; Gover et al.: Place-names of Devon; A.D. Mills; Dictionary of English Place-Names
Barnstaple,"Probably, 'battle-axe post', signifying the site of a religious or administrative meeting-place.","bearde Old English - Battle-axe.; stapol Old English - A post, a pillar.",A.D. Mills; Dictionary of English Place-Names; Gover et al.: Place-names of Devon; Watts; Cambridge Dictionary of English Place-names; E. Ekwall; Dictionary of English Place-Names
Beaford,'Gadfly ford'.,bēaw Old English - A gadfly.; ford Old English - A ford.,Watts; Cambridge Dictionary of English Place-names; Gover et al.: Place-names of Devon; A.D. Mills; Dictionary of English Place-Names; E. Ekwall; Dictionary of English Place-Names
Beaworthy,"'Beaga's enclosure' or perhaps, 'Baega's enclosure', a feminine personal name.",Personal name (Old English) Old English - Personal name; worð Old English - An enclosure.,A.D. Mills; Dictionary of English Place-Names; Gover et al.: Place-names of Devon; Watts; Cambridge Dictionary of English Place-names; E. Ekwall; Dictionary of English Place-Names
Belstone,'Bell-shaped stone'.,"belle Old English - A bell; probably also a bell-shaped hill.; stān Old English - A stone, stone, rock.",Gover et al.: Place-names of Devon; E. Ekwall; Dictionary of English Place-Names; A.D. Mills; Dictionary of English Place-Names; Watts; Cambridge Dictionary of English Place-names
Bere Ferrers,'Grove' or 'woodland swine pasture'. It was held by the de Ferers family in the 13th century.,"bǣr Old English - Pasture, especially pasture in woodland for swine.; bearu Old English - A grove.  (Usually refers to a wood of limited extent rather than to forest areas.); Family name Unknown - Family name.",Watts; Cambridge Dictionary of English Place-names; Gover et al.: Place-names of Devon; E. Ekwall; Dictionary of English Place-Names; A.D. Mills; Dictionary of English Place-Names
Berry Pomeroy,'At the fortification'. It was held by the de Pomerei family in 11th century.,burh Old English - A fortified place.; Family name Unknown - Family name.,E. Ekwall; Dictionary of English Place-Names; Watts; Cambridge Dictionary of English Place-names; Gover et al.: Place-names of Devon; A.D. Mills; Dictionary of English Place-Names
Berrynarbor,"'At the fortification' with the subsequent incorporation of the Nerebert family name, who held land here in the 12 century. The Domesday spellings show OE heort, 'stag', or an OE personal name, Heort.",burh Old English - A fortified place.,Watts; Cambridge Dictionary of English Place-names; A.D. Mills; Dictionary of English Place-Names; Gover et al.: Place-names of Devon; E. Ekwall; Dictionary of English Place-Names
Bickington,'Farm/settlement connected with Beocca/Bucca'.,"-ingtūn Old English - A settlement called after, or connected with . . .; Personal name (Old English) Old English - Personal name",Gover et al.: Place-names of Devon; Watts; Cambridge Dictionary of English Place-names; A.D. Mills; Dictionary of English Place-Names; E. Ekwall; Dictionary of English Place-Names
Bickleigh,"Either, 'pointed ridge wood/clearing' or 'Bica's wood/clearing'.","bica Old English - A woodpecker; a bill, a beak; a beak-like projection.; lēah Old English - A forest, wood, glade, clearing; (later) a pasture, meadow.; Personal name (Old English) Old English - Personal name",E. Ekwall; Dictionary of English Place-Names; Gover et al.: Place-names of Devon; Watts; Cambridge Dictionary of English Place-names; A.D. Mills; Dictionary of English Place-Names
Bickleigh,"Either, 'pointed ridge wood/clearing' or 'Bica's wood/clearing'.","bica Old English - A woodpecker; a bill, a beak; a beak-like projection.; lēah Old English - A forest, wood, glade, clearing; (later) a pasture, meadow.; Personal name (Old English) Old English - Personal name",Gover et al.: Place-names of Devon; E. Ekwall; Dictionary of English Place-Names; Watts; Cambridge Dictionary of English Place-names; A.D. Mills; Dictionary of English Place-Names
Bicton,'Beocca's farm/settlement'.,Personal name (Old English) Old English - Personal name; tūn Old English - An enclosure; a farmstead; a village; an estate.,E. Ekwall; Dictionary of English Place-Names; A.D. Mills; Dictionary of English Place-Names; Gover et al.: Place-names of Devon; Watts; Cambridge Dictionary of English Place-names
Bideford,"Possibly 'ford at the stream called Byd'. Alternatively the first element may be 'vessel, tub' used topographically for one of the side valleys to mean 'deep valley'","byden Old English - A vessel, a tub, a butt; used topographically of a hollow.; ēa Old English - A river.; ford Old English - A ford.; River-name Unknown - River-name",Gover et al.: Place-names of Devon; Watts; Cambridge Dictionary of English Place-names; E. Ekwall; Dictionary of English Place-Names; A.D. Mills; Dictionary of English Place-Names
Bigbury,'Bica's fortification'.,burh Old English - A fortified place.; Personal name (Old English) Old English - Personal name,A.D. Mills; Dictionary of English Place-Names; E. Ekwall; Dictionary of English Place-Names; Watts; Cambridge Dictionary of English Place-names; Gover et al.: Place-names of Devon
Bishop's Nympton,'River Nymet farm/settlement'. It was held by the Bishop of Exeter in 1086.,biscop Old English - A bishop.; River-name Unknown - River-name; tūn Old English - An enclosure; a farmstead; a village; an estate.,E. Ekwall; Dictionary of English Place-Names; Watts; Cambridge Dictionary of English Place-names; Gover et al.: Place-names of Devon; A.D. Mills; Dictionary of English Place-Names
Bishop's Tawton,'River Taw farm/settlement'. It was held by the Bishop of Exeter in 1086.,biscop Old English - A bishop.; River-name Unknown - River-name; tūn Old English - An enclosure; a farmstead; a village; an estate.,E. Ekwall; Dictionary of English Place-Names; Watts; Cambridge Dictionary of English Place-names; Gover et al.: Place-names of Devon; A.D. Mills; Dictionary of English Place-Names
Bishopsteignton,'River Teign farm/settlement'. It was held by the Bishop of Exeter in 1086.,biscop Old English - A bishop.; River-name Unknown - River-name; tūn Old English - An enclosure; a farmstead; a village; an estate.,A.D. Mills; Dictionary of English Place-Names; E. Ekwall; Dictionary of English Place-Names; Gover et al.: Place-names of Devon; Watts; Cambridge Dictionary of English Place-names
Bittadon,'*Bitta's/*Beota's valley'.,denu Old English - A valley.; Personal name (Old English) Old English - Personal name,E. Ekwall; Dictionary of English Place-Names; Watts; Cambridge Dictionary of English Place-names; A.D. Mills; Dictionary of English Place-Names; Gover et al.: Place-names of Devon
Black Torrington,'River Torridge farm/settlement'. 'Black' referring to the dark colour of the water.,"blæc Old English - Black, dark-coloured, dark.; River-name Unknown - River-name; tūn Old English - An enclosure; a farmstead; a village; an estate.",E. Ekwall; Dictionary of English Place-Names; Gover et al.: Place-names of Devon; A.D. Mills; Dictionary of English Place-Names; Watts; Cambridge Dictionary of English Place-names
Blackawton,"Uncertain. Either, 'Afa's farm/settlement' or 'River Avon farm/settlement'. If the latter, this may be the old name for the River Gara, a recent unexplained name for the river here.","blæc Old English - Black, dark-coloured, dark.; Personal name (Old English) Old English - Personal name; River-name Unknown - River-name; tūn Old English - An enclosure; a farmstead; a village; an estate.",A.D. Mills; Dictionary of English Place-Names; E. Ekwall; Dictionary of English Place-Names; Gover et al.: Place-names of Devon; Watts; Cambridge Dictionary of English Place-names
Bondleigh,"'Bola's wood/clearing' or perhaps, 'Bola's island'.","īeg Old English; lēah Old English - A forest, wood, glade, clearing; (later) a pasture, meadow.; Personal name (Old English) Old English - Personal name",A.D. Mills; Dictionary of English Place-Names; Gover et al.: Place-names of Devon; Watts; Cambridge Dictionary of English Place-names; E. Ekwall; Dictionary of English Place-Names
Bovey Tracy,Named after the River Bovey. It was held by the de Tracy family in 13th century.,Family name Unknown - Family name.; River-name Unknown - River-name,Watts; Cambridge Dictionary of English Place-names; E. Ekwall; Dictionary of English Place-Names; Gover et al.: Place-names of Devon; A.D. Mills; Dictionary of English Place-Names
Bow,"'The bow', referring to an arched bridge which once crossed the River Yeo here. The earlier name of the place was Nymet, which was probably also the name of the river.","boga Old English - A bow, an arch; an arched bridge; a bow (for shooting); something curved or bent, such as a river bend or curved valley.; la Old French - Definite article, the.",A.D. Mills; Dictionary of English Place-Names; E. Ekwall; Dictionary of English Place-Names; Watts; Cambridge Dictionary of English Place-names; Gover et al.: Place-names of Devon
Bradford,'Broad ford'.,"brād Old English - Broad, spacious, wide, large.; ford Old English - A ford.",A.D. Mills; Dictionary of English Place-Names; Gover et al.: Place-names of Devon; Watts; Cambridge Dictionary of English Place-names; E. Ekwall; Dictionary of English Place-Names
Bradninch,"'At the broad ash-tree' or perhaps, 'at the broad oak-tree'.","āc Old English - An oak-tree.; æsc Old English; brād Old English - Broad, spacious, wide, large.",Gover et al.: Place-names of Devon; Watts; Cambridge Dictionary of English Place-names; A.D. Mills; Dictionary of English Place-Names; E. Ekwall; Dictionary of English Place-Names
Bradstone,'At the broad stone'.,"brād Old English - Broad, spacious, wide, large.; stān Old English - A stone, stone, rock.",Watts; Cambridge Dictionary of English Place-names; A.D. Mills; Dictionary of English Place-Names; E. Ekwall; Dictionary of English Place-Names; Gover et al.: Place-names of Devon
Bradworthy,'Broad enclosure',"brād Old English - Broad, spacious, wide, large.; worðig Old English - An enclosure.; worðign Old English - An enclosure.",Gover et al.: Place-names of Devon; E. Ekwall; Dictionary of English Place-Names; Watts; Cambridge Dictionary of English Place-names; A.D. Mills; Dictionary of English Place-Names
Brampford Speke,"Apparently 'broom ford'. However, evidence shows that the first element was *Brente, an element of obscure origins and meaning. It was held by Richard de Espec ca. 1170.",Family name Unknown - Family name.; ford Old English - A ford.; Obscure element Unknown - Obscure element,Watts; Cambridge Dictionary of English Place-names; E. Ekwall; Dictionary of English Place-Names; A.D. Mills; Dictionary of English Place-Names; Gover et al.: Place-names of Devon
Branscombe,'Branoc's valley'.,"cumb Old English - A coomb, a valley.  Possibly derived from Welsh ""cumm""; but possibly derived from OE ""cumb"" a vessel, cup, a small measure.; Personal name (Uncertain) Unknown - Personal name",E. Ekwall; Dictionary of English Place-Names; Gover et al.: Place-names of Devon; Watts; Cambridge Dictionary of English Place-names; A.D. Mills; Dictionary of English Place-Names
Bratton Clovelly,"Uncertain. Perhaps, 'farm/settlement with newly broken ground' or 'brushwood farm/settlement'. It was held by the Claville family; the spelling of the affix has been influenced by the place-name Clovelly.","bræc Old English - A brake, brushwood, a thicket.; brǣc Old English - A strip of untilled land.; brēc Old English; tūn Old English - An enclosure; a farmstead; a village; an estate.",Gover et al.: Place-names of Devon; Watts; Cambridge Dictionary of English Place-names; E. Ekwall; Dictionary of English Place-Names; A.D. Mills; Dictionary of English Place-Names
Bratton Fleming,'Newly broken land farm/settlement'. It was held by Baldwin le Fleming in 1242.,"bræc Old English - A brake, brushwood, a thicket.; brǣc Old English - A strip of untilled land.; brēc Old English; tūn Old English - An enclosure; a farmstead; a village; an estate.",A.D. Mills; Dictionary of English Place-Names; Gover et al.: Place-names of Devon; E. Ekwall; Dictionary of English Place-Names; Watts; Cambridge Dictionary of English Place-names
Braunton,"Uncertain. Possibly, 'broom farm/settlement'. Alternatively, the specific may either be related to the saint's name, 'Branoc', although there are no genitival forms, or represent a lost river-name, 'Branoc' from PrW bran, 'cow' and the place-name forming",brōm Old English - Broom; a thorny bush or shrub.; Personal name (Uncertain) Unknown - Personal name; River-name Unknown - River-name; tūn Old English - An enclosure; a farmstead; a village; an estate.,Watts; Cambridge Dictionary of English Place-names; E. Ekwall; Dictionary of English Place-Names; Gover et al.: Place-names of Devon; A.D. Mills; Dictionary of English Place-Names
Brendon,"'Broom hill'. Spellings show influence of OE bremel, 'bramble'.",brōm Old English - Broom; a thorny bush or shrub.; dūn Old English - A hill.,Gover et al.: Place-names of Devon; A.D. Mills; Dictionary of English Place-Names; E. Ekwall; Dictionary of English Place-Names; Watts; Cambridge Dictionary of English Place-names
Brentor,"Perhaps, 'rocky hill called *Brente (= possibly, the steep one)'.","brant Old English - Steep.; torr Old English - A rock, a rocky outcrop, a rocky peak.",Gover et al.: Place-names of Devon; A.D. Mills; Dictionary of English Place-Names; E. Ekwall; Dictionary of English Place-Names; Watts; Cambridge Dictionary of English Place-names
Bridestowe,St Bride's/Brigid's place'.,Saint's Name Unknown - Saint's name.; stōw Old English - A place; a place of assembly; a holy place.,Gover et al.: Place-names of Devon; A.D. Mills; Dictionary of English Place-Names; E. Ekwall; Dictionary of English Place-Names; Watts; Cambridge Dictionary of English Place-names
Bridford,"Possibly 'bride ford', i.e., a shallow ford easy to cross. Alternatively the first element may mean 'surging stream', 'bird' or 'board, plank'.",bridd Old English - A bird; a young bird.; brȳd Old English - A bride.; brȳde Old English - A gushing stream.; ford Old English - A ford.,A.D. Mills; Dictionary of English Place-Names; Gover et al.: Place-names of Devon; Watts; Cambridge Dictionary of English Place-names; E. Ekwall; Dictionary of English Place-Names
Bridgerule,'Ruald's bridge'. Roald Adobed was the tenant in 1086.,brycg Old English - A bridge; a causeway.; Personal name (Uncertain) Unknown - Personal name,Watts; Cambridge Dictionary of English Place-names; Gover et al.: Place-names of Devon; E. Ekwall; Dictionary of English Place-Names; A.D. Mills; Dictionary of English Place-Names
Brixham,'Brioc's homestead/village' or 'hemmed-in land'.,"hām Old English - A village, a village community, a manor, an estate, a homestead.; hamm Old English - Land hemmed in by water or marsh (perhaps also by high ground); a river-meadow; cultivated plot on the edge of woodland or moor.; Personal name (Uncertain) Unknown - Personal name",A.D. Mills; Dictionary of English Place-Names; Watts; Cambridge Dictionary of English Place-names; Gover et al.: Place-names of Devon; E. Ekwall; Dictionary of English Place-Names
Brixton,"Probably, 'Brioc's farm/settlement'. Alternatively, the personal name might be 'Brihtsige' or 'Beorhtsige'.",Personal name (Old English) Old English - Personal name; Personal name (Uncertain) Unknown - Personal name; tūn Old English - An enclosure; a farmstead; a village; an estate.,Gover et al.: Place-names of Devon; Watts; Cambridge Dictionary of English Place-names; E. Ekwall; Dictionary of English Place-Names; A.D. Mills; Dictionary of English Place-Names
Broad Clyst,"'Great Clyst'. Originally, 'River Clyst farm/settlement', OE tun was lost.","brād Old English - Broad, spacious, wide, large.; River-name Unknown - River-name",Watts; Cambridge Dictionary of English Place-names; A.D. Mills; Dictionary of English Place-Names; E. Ekwall; Dictionary of English Place-Names; Gover et al.: Place-names of Devon
Broadhembury,'High/chief fortification' with the later addition of 'broad'.,"brād Old English - Broad, spacious, wide, large.; burh Old English - A fortified place.; hēah Old English - A high place, a height.",Watts; Cambridge Dictionary of English Place-names; A.D. Mills; Dictionary of English Place-Names; E. Ekwall; Dictionary of English Place-Names; Gover et al.: Place-names of Devon
Broadhempston,"'*Haeme's/Hemme's farm/settlement' or perhaps, 'River Hem farm/settlement'. 'Broad' to distinguish from Littlehempston","brād Old English - Broad, spacious, wide, large.; Personal name (Old English) Old English - Personal name; River-name Unknown - River-name; tūn Old English - An enclosure; a farmstead; a village; an estate.",E. Ekwall; Dictionary of English Place-Names; A.D. Mills; Dictionary of English Place-Names; Watts; Cambridge Dictionary of English Place-names; Gover et al.: Place-names of Devon
Broadwood Kelly,'Broad wood'. It was held by the deKelly family in the 13th century.,"brād Old English - Broad, spacious, wide, large.; Family name Unknown - Family name.; wudu Old English - A wood; or wood, timber.",Gover et al.: Place-names of Devon; Watts; Cambridge Dictionary of English Place-names; A.D. Mills; Dictionary of English Place-Names; E. Ekwall; Dictionary of English Place-Names
Broadwoodwidger,"'Broad wood' with the later incorporation of the Wyger family name, who held the manor in the 13th century.","brād Old English - Broad, spacious, wide, large.; Family name Unknown - Family name.; wudu Old English - A wood; or wood, timber.",Watts; Cambridge Dictionary of English Place-names; Gover et al.: Place-names of Devon; E. Ekwall; Dictionary of English Place-Names; A.D. Mills; Dictionary of English Place-Names
Brushford,'Bridge ford'.,brycg Old English - A bridge; a causeway.; ford Old English - A ford.,Gover et al.: Place-names of Devon; Watts; Cambridge Dictionary of English Place-names; E. Ekwall; Dictionary of English Place-Names; A.D. Mills; Dictionary of English Place-Names
Buckerell,Obscure.,Obscure element Unknown - Obscure element,Watts; Cambridge Dictionary of English Place-names; E. Ekwall; Dictionary of English Place-Names; Gover et al.: Place-names of Devon; A.D. Mills; Dictionary of English Place-Names
Buckfastleigh,"'Buckfast's (= buck's stronghold) wood/clearing', perhaps used of a thicket were bucks sheltered.","bucc Old English - A buck, a male deer.; fæsten Old English - A stronghold.; lēah Old English - A forest, wood, glade, clearing; (later) a pasture, meadow.",E. Ekwall; Dictionary of English Place-Names; A.D. Mills; Dictionary of English Place-Names; Watts; Cambridge Dictionary of English Place-names; Gover et al.: Place-names of Devon
Buckland Brewer,'Charter land' i.e. 'estate with certain rights and privileges created by an Anglo-Saxon royal diploma'. It was held by the Briwerre family in the 13th century.,bōc-land Old English - Land granted by charter.; Family name Unknown - Family name.,Watts; Cambridge Dictionary of English Place-names; Gover et al.: Place-names of Devon; A.D. Mills; Dictionary of English Place-Names; E. Ekwall; Dictionary of English Place-Names
Buckland Filleigh,"'Charter-land' i.e., 'estate with certain rights and privileges created by an Anglo-Saxon royal diploma'. It was held by the de Fyleleye family in the 13th century.",bōc-land Old English - Land granted by charter.; Family name Unknown - Family name.,Gover et al.: Place-names of Devon; A.D. Mills; Dictionary of English Place-Names; Watts; Cambridge Dictionary of English Place-names; E. Ekwall; Dictionary of English Place-Names
Buckland in the Moor,"'Charter land', i.e.. 'estate with certain rights and privileges created by an Anglo-Saxon royal diploma'. It is situated on the edge of Dartmoor.","bōc-land Old English - Land granted by charter.; mōr Old English - A marsh, barren upland.",A.D. Mills; Dictionary of English Place-Names; Gover et al.: Place-names of Devon; Watts; Cambridge Dictionary of English Place-names; E. Ekwall; Dictionary of English Place-Names
Buckland Monachorum,"'Charter-land', i.e.. 'estate with certain rights and privileges created by an Anglo-Saxon royal diploma'. 'Of the monks', refering to an abbey founded here in 1278.",bōc-land Old English - Land granted by charter.; monachus Latin - A monk.,A.D. Mills; Dictionary of English Place-Names; E. Ekwall; Dictionary of English Place-Names; Watts; Cambridge Dictionary of English Place-names; Gover et al.: Place-names of Devon
Buckland-Tout-Saints,"'Charter-land', i.e., 'estate with certain rights or privileges created by an Anglo-Saxon royal diploma'. It was held by the de Tuz Sainz family in the 13th century.",bōc-land Old English - Land granted by charter.; Family name Unknown - Family name.,A.D. Mills; Dictionary of English Place-Names; Gover et al.: Place-names of Devon; Watts; Cambridge Dictionary of English Place-names; E. Ekwall; Dictionary of English Place-Names
Budleigh Salterton,'Building where salt is made or sold'. Affix from nearby Budleigh.,salt-ærn Old English - A building where salt was made or sold.,E. Ekwall; Dictionary of English Place-Names; A.D. Mills; Dictionary of English Place-Names; Watts; Cambridge Dictionary of English Place-names; Gover et al.: Place-names of Devon
Bulkworthy,"Uncertain. Perhaps, '*Bulca's enclosure' or 'bullocks' enclosure'. Alternatively, the first element could be OE *bulca, 'heap/lump' used topographically of the hill on which Bulkworthy stands.","bulluc Old English - A male calf, a bullock.; Personal name (Old English) Old English - Personal name; worðig Old English - An enclosure.",E. Ekwall; Dictionary of English Place-Names; Gover et al.: Place-names of Devon; A.D. Mills; Dictionary of English Place-Names; Watts; Cambridge Dictionary of English Place-names
Burlescombe,'Burgweald's valley'.,"cumb Old English - A coomb, a valley.  Possibly derived from Welsh ""cumm""; but possibly derived from OE ""cumb"" a vessel, cup, a small measure.; Personal name (Old English) Old English - Personal name",Watts; Cambridge Dictionary of English Place-names; E. Ekwall; Dictionary of English Place-Names; A.D. Mills; Dictionary of English Place-Names; Gover et al.: Place-names of Devon
Burrington,'Farm/settlement connected with Beorn'.,"-ingtūn Old English - A settlement called after, or connected with . . .; Personal name (Old English) Old English - Personal name",A.D. Mills; Dictionary of English Place-Names; Watts; Cambridge Dictionary of English Place-names; E. Ekwall; Dictionary of English Place-Names; Gover et al.: Place-names of Devon
Butterleigh,"'Butter pasture', i.e, rich and fertile.","butere Old English - Butter.; lēah Old English - A forest, wood, glade, clearing; (later) a pasture, meadow.",A.D. Mills; Dictionary of English Place-Names; E. Ekwall; Dictionary of English Place-Names; Watts; Cambridge Dictionary of English Place-names; Gover et al.: Place-names of Devon
Cadbury,"'Cada's fortification'.This personal name is also associated with other Iron Age hill-forts in Somerset, leading to the suggestion that 'Cada' may have been a mythical or folkloric figure.",burh Old English - A fortified place.; Personal name (Old English) Old English - Personal name,Gover et al.: Place-names of Devon; A.D. Mills; Dictionary of English Place-Names; Watts; Cambridge Dictionary of English Place-names; E. Ekwall; Dictionary of English Place-Names
Cadeleigh,'Cada's wood/clearing'.,"lēah Old English - A forest, wood, glade, clearing; (later) a pasture, meadow.; Personal name (Old English) Old English - Personal name",Watts; Cambridge Dictionary of English Place-names; Gover et al.: Place-names of Devon; A.D. Mills; Dictionary of English Place-Names; E. Ekwall; Dictionary of English Place-Names
Calverleigh,'Bare-wood clearing.,"calu Old English - Bald, bare, lacking vegetation.; lēah Old English - A forest, wood, glade, clearing; (later) a pasture, meadow.; wudu Old English - A wood; or wood, timber.",Watts; Cambridge Dictionary of English Place-names; A.D. Mills; Dictionary of English Place-Names; Gover et al.: Place-names of Devon; E. Ekwall; Dictionary of English Place-Names
Chagford,'Broom/gorse ford'.,"ceacga Old English - Broom, gorse, brushwood.; ford Old English - A ford.",Watts; Cambridge Dictionary of English Place-names; E. Ekwall; Dictionary of English Place-Names; A.D. Mills; Dictionary of English Place-Names; Gover et al.: Place-names of Devon
Challacombe,'The cold valley'.,"cald Old English; cumb Old English - A coomb, a valley.  Possibly derived from Welsh ""cumm""; but possibly derived from OE ""cumb"" a vessel, cup, a small measure.",A.D. Mills; Dictionary of English Place-Names; Gover et al.: Place-names of Devon; Watts; Cambridge Dictionary of English Place-names; E. Ekwall; Dictionary of English Place-Names
Chardstock,'Chard's outlying farm/settlement'.,Place-name Unknown - Place-name,E. Ekwall; Dictionary of English Place-Names; A.D. Mills; Dictionary of English Place-Names; Gover et al.: Place-names of Devon; Watts; Cambridge Dictionary of English Place-names
Charles,"Possibly, 'rock court'",carn C; lïs C,E. Ekwall; Dictionary of English Place-Names; Watts; Cambridge Dictionary of English Place-names; Gover et al.: Place-names of Devon; A.D. Mills; Dictionary of English Place-Names
Charleton,'Free peasants' farm/settlement'.,"ceorl Old English - A freeman of the lower class, a peasant.; tūn Old English - An enclosure; a farmstead; a village; an estate.",A.D. Mills; Dictionary of English Place-Names; E. Ekwall; Dictionary of English Place-Names; Watts; Cambridge Dictionary of English Place-names; Gover et al.: Place-names of Devon
Chawleigh,'Calves' wood/clearing'.,"calf Old English; lēah Old English - A forest, wood, glade, clearing; (later) a pasture, meadow.",A.D. Mills; Dictionary of English Place-Names; E. Ekwall; Dictionary of English Place-Names; Gover et al.: Place-names of Devon; Watts; Cambridge Dictionary of English Place-names
Cheldon,'*Ceadela's hill'.,dūn Old English - A hill.; Personal name (Old English) Old English - Personal name,A.D. Mills; Dictionary of English Place-Names; Watts; Cambridge Dictionary of English Place-names; Gover et al.: Place-names of Devon; E. Ekwall; Dictionary of English Place-Names
Cheriton Bishop,'Church farm/settlement'. It was held by the Bishop of Exeter in 13th century.,biscop Old English - A bishop.; cirice Old English - A church.; tūn Old English - An enclosure; a farmstead; a village; an estate.,Watts; Cambridge Dictionary of English Place-names; E. Ekwall; Dictionary of English Place-Names; A.D. Mills; Dictionary of English Place-Names; Gover et al.: Place-names of Devon
Cheriton Fitzpaine,'Church farm/settlement. It was held by the Fitzpayn family in the 13th century.,cirice Old English - A church.; Family name Unknown - Family name.; tūn Old English - An enclosure; a farmstead; a village; an estate.,Watts; Cambridge Dictionary of English Place-names; Gover et al.: Place-names of Devon; A.D. Mills; Dictionary of English Place-Names; E. Ekwall; Dictionary of English Place-Names
Chilbridge,Ceola's bridge or causeway through marshy ground. OR: Bridge at the channel or gorge.,"brycg Old English - A bridge; a causeway.; Cēola Old English - Masculine personal name.; ceole Old English - A throat; topographically a channel, a gorge, a ravine.; Personal name (Old English) Old English - Personal name",
Chittlehamholt,'Valley dwellers' wood'.,cetel Old English; hǣme Old English - The inhabitants of a place.; holt Old English - A wood. (Probably of a single species.),Gover et al.: Place-names of Devon; E. Ekwall; Dictionary of English Place-Names; A.D. Mills; Dictionary of English Place-Names; Watts; Cambridge Dictionary of English Place-names
Chittlehampton,'Valley dwellers' farm/settlement'.,cetel Old English; hǣme Old English - The inhabitants of a place.; tūn Old English - An enclosure; a farmstead; a village; an estate.,E. Ekwall; Dictionary of English Place-Names; A.D. Mills; Dictionary of English Place-Names; Watts; Cambridge Dictionary of English Place-names; Gover et al.: Place-names of Devon
Chivelstone,'*Ceofel's farm/settlement'.,Personal name (Old English) Old English - Personal name; tūn Old English - An enclosure; a farmstead; a village; an estate.,Gover et al.: Place-names of Devon; Watts; Cambridge Dictionary of English Place-names; E. Ekwall; Dictionary of English Place-Names; A.D. Mills; Dictionary of English Place-Names
Christow,'Christian place'.,cristen Old English - A Christian.; stōw Old English - A place; a place of assembly; a holy place.,Watts; Cambridge Dictionary of English Place-names; Gover et al.: Place-names of Devon; E. Ekwall; Dictionary of English Place-Names; A.D. Mills; Dictionary of English Place-Names
Chudleigh,"Either, 'Ciedda's wood/clearing' or 'bag wood/clearing', i.e., one in a hollow.","cēod Old English - A bag; topographically perhaps a hollow, a bay.; lēah Old English - A forest, wood, glade, clearing; (later) a pasture, meadow.; Personal name (Old English) Old English - Personal name",E. Ekwall; Dictionary of English Place-Names; A.D. Mills; Dictionary of English Place-Names; Watts; Cambridge Dictionary of English Place-names; Gover et al.: Place-names of Devon
Chulmleigh,'Ceolmund's wood/clearing'.,"lēah Old English - A forest, wood, glade, clearing; (later) a pasture, meadow.; Personal name (Old English) Old English - Personal name",Watts; Cambridge Dictionary of English Place-names; E. Ekwall; Dictionary of English Place-Names; Gover et al.: Place-names of Devon; A.D. Mills; Dictionary of English Place-Names
Churchstow,'Church place'.,cirice Old English - A church.; stōw Old English - A place; a place of assembly; a holy place.,E. Ekwall; Dictionary of English Place-Names; Watts; Cambridge Dictionary of English Place-names; A.D. Mills; Dictionary of English Place-Names; Gover et al.: Place-names of Devon
Churston Ferrers,'Church farm/settlement'. It was held by Hugo de Fereis in 1303.,cirice Old English - A church.; Family name Unknown - Family name.; tūn Old English - An enclosure; a farmstead; a village; an estate.,Watts; Cambridge Dictionary of English Place-names; E. Ekwall; Dictionary of English Place-Names; Gover et al.: Place-names of Devon; A.D. Mills; Dictionary of English Place-Names
Clannaborough,'Cloven hill'.,"berg Old English; clofen Old English - Cloven, split: used of a hill being cut through by a valley.",Watts; Cambridge Dictionary of English Place-names; Gover et al.: Place-names of Devon; E. Ekwall; Dictionary of English Place-Names; A.D. Mills; Dictionary of English Place-Names
Clawton,"'Claw farm/settlement', referring to a claw-shaped strip of land between the two streams on which the church sits.","clawu Old English - A claw, a river-fork.; tūn Old English - An enclosure; a farmstead; a village; an estate.",E. Ekwall; Dictionary of English Place-Names; A.D. Mills; Dictionary of English Place-Names; Gover et al.: Place-names of Devon; Watts; Cambridge Dictionary of English Place-names
Clayhanger,'Clayey wooded slope'.,"clǣg Old English - Clay, clayey soil.; hangra Old English - A sloping wood.  (Used in settlement-names of a gentle rather than steep slope.)",E. Ekwall; Dictionary of English Place-Names; Gover et al.: Place-names of Devon; A.D. Mills; Dictionary of English Place-Names; Watts; Cambridge Dictionary of English Place-names
Clayhidon,'Hay hill' with the later addition of 'clay'.,"clǣg Old English - Clay, clayey soil.; dūn Old English - A hill.; hēg Old English",A.D. Mills; Dictionary of English Place-Names; E. Ekwall; Dictionary of English Place-Names; Watts; Cambridge Dictionary of English Place-names; Gover et al.: Place-names of Devon
Clovelly,"Uncertain. Perhaps, 'ravine at Velly (= the wheel-rim)' or possibly, 'Felec's dyke'.","cleath C; clof Old English - Something cut; a crevice, a valley.; clōh Old English - A ravine.; felg Old English - A felly.; Personal name (Old English) Old English - Personal name",Gover et al.: Place-names of Devon; Watts; Cambridge Dictionary of English Place-names; E. Ekwall; Dictionary of English Place-Names; A.D. Mills; Dictionary of English Place-Names
Clyst Honiton,"'Community's farm/settlement' distinguised by the river-name, Clyst.","hīwan Old English - A household, the members of a family (plural).; River-name Unknown - River-name; tūn Old English - An enclosure; a farmstead; a village; an estate.",Watts; Cambridge Dictionary of English Place-names; A.D. Mills; Dictionary of English Place-Names; E. Ekwall; Dictionary of English Place-Names; Gover et al.: Place-names of Devon
Clyst Hydon,Named after the River Clyst. The manor was held by Ricardus de Hidune in 1242.,Family name Unknown - Family name.; River-name Unknown - River-name,E. Ekwall; Dictionary of English Place-Names; Watts; Cambridge Dictionary of English Place-names; A.D. Mills; Dictionary of English Place-Names; Gover et al.: Place-names of Devon
Clyst St George,"Originally, 'River Clyst specialised-farm'. The church is dedicated to St. George.",River-name Unknown - River-name; Saint's Name Unknown - Saint's name.,A.D. Mills; Dictionary of English Place-Names; E. Ekwall; Dictionary of English Place-Names; Watts; Cambridge Dictionary of English Place-names; Gover et al.: Place-names of Devon
Clyst St Lawrence,Named after the River Clyst. The church is dedicated to St. Lawrence.,River-name Unknown - River-name; Saint's Name Unknown - Saint's name.,A.D. Mills; Dictionary of English Place-Names; Watts; Cambridge Dictionary of English Place-names; Gover et al.: Place-names of Devon; E. Ekwall; Dictionary of English Place-Names
Clyst St Mary,'Named after the River Clyst'. The church is dedicated to St. Mary.,River-name Unknown - River-name; Saint's Name Unknown - Saint's name.,A.D. Mills; Dictionary of English Place-Names; Watts; Cambridge Dictionary of English Place-names; Gover et al.: Place-names of Devon; E. Ekwall; Dictionary of English Place-Names
Cockington,Probably 'farm/settlement connected with *Cocc(a)'.,"-ingtūn Old English - A settlement called after, or connected with . . .; Personal name (Old English) Old English - Personal name",E. Ekwall; Dictionary of English Place-Names; Watts; Cambridge Dictionary of English Place-names; A.D. Mills; Dictionary of English Place-Names; Gover et al.: Place-names of Devon
Coffinswell,"'Spring/stream' with the later incorporation of the Coffin family name, who held the manor in the 12th century.",Family name Unknown - Family name.; wella Old English,Watts; Cambridge Dictionary of English Place-names; E. Ekwall; Dictionary of English Place-Names; Gover et al.: Place-names of Devon; A.D. Mills; Dictionary of English Place-Names
Colaton Raleigh,'Cola's farm/settlement. It was held by the de Ralegh family in the 13th century.,Family name Unknown - Family name.; Personal name (Old English) Old English - Personal name; tūn Old English - An enclosure; a farmstead; a village; an estate.,A.D. Mills; Dictionary of English Place-Names; Gover et al.: Place-names of Devon; Watts; Cambridge Dictionary of English Place-names; E. Ekwall; Dictionary of English Place-Names
Coldridge,'Charcoal ridge'.,"col Old English - Coal, especially charcoal.; hrycg Old English - A ridge.",Gover et al.: Place-names of Devon; A.D. Mills; Dictionary of English Place-Names; Watts; Cambridge Dictionary of English Place-names; E. Ekwall; Dictionary of English Place-Names
Colebrooke,"'Cool brook' or perhaps, 'Cola's brook'","brōc Old English - A brook, a stream.  (Used of a stream with a muddy bed and a visible sediment load.); col Old English - Coal, especially charcoal.; Personal name (Old English) Old English - Personal name",A.D. Mills; Dictionary of English Place-Names; E. Ekwall; Dictionary of English Place-Names; Gover et al.: Place-names of Devon; Watts; Cambridge Dictionary of English Place-names
Colyton,'River Coly farm/settlement'.,River-name Unknown - River-name; tūn Old English - An enclosure; a farmstead; a village; an estate.,E. Ekwall; Dictionary of English Place-Names; Watts; Cambridge Dictionary of English Place-names; Gover et al.: Place-names of Devon; A.D. Mills; Dictionary of English Place-Names
Combe Martin,"'Valley'. It was held by Robert, son of Martin, in 1133.","cumb Old English - A coomb, a valley.  Possibly derived from Welsh ""cumm""; but possibly derived from OE ""cumb"" a vessel, cup, a small measure.; Personal name (Uncertain) Unknown - Personal name",Gover et al.: Place-names of Devon; E. Ekwall; Dictionary of English Place-Names; A.D. Mills; Dictionary of English Place-Names; Watts; Cambridge Dictionary of English Place-names
Combe Raleigh,'Valley'. It was held by the de Ralegh family in the 13th century.,"cumb Old English - A coomb, a valley.  Possibly derived from Welsh ""cumm""; but possibly derived from OE ""cumb"" a vessel, cup, a small measure.; Family name Unknown - Family name.",Watts; Cambridge Dictionary of English Place-names; Gover et al.: Place-names of Devon; E. Ekwall; Dictionary of English Place-Names; A.D. Mills; Dictionary of English Place-Names
Combpyne,"'Valley' with the later incorporation of the Pyne family name, who held the manor by the 13th century.","cumb Old English - A coomb, a valley.  Possibly derived from Welsh ""cumm""; but possibly derived from OE ""cumb"" a vessel, cup, a small measure.; Family name Unknown - Family name.",E. Ekwall; Dictionary of English Place-Names; Gover et al.: Place-names of Devon; A.D. Mills; Dictionary of English Place-Names; Watts; Cambridge Dictionary of English Place-names
Compton Gifford,'Valley farm/settlement'. It was held by the Giffard family in the 13th and 14th centuries.,"cumb Old English - A coomb, a valley.  Possibly derived from Welsh ""cumm""; but possibly derived from OE ""cumb"" a vessel, cup, a small measure.; Family name Unknown - Family name.; tūn Old English - An enclosure; a farmstead; a village; an estate.",Gover et al.: Place-names of Devon; Watts; Cambridge Dictionary of English Place-names; E. Ekwall; Dictionary of English Place-Names; A.D. Mills; Dictionary of English Place-Names
Cookbury,'*Cuca's fortification'.,burh Old English - A fortified place.; Personal name (Old English) Old English - Personal name,Gover et al.: Place-names of Devon; A.D. Mills; Dictionary of English Place-Names; E. Ekwall; Dictionary of English Place-Names; Watts; Cambridge Dictionary of English Place-names
Cornwood,'Cranes'/herons' wood'.,"corn Old English - Corn, grain.; wudu Old English - A wood; or wood, timber.",Gover et al.: Place-names of Devon; A.D. Mills; Dictionary of English Place-Names; Watts; Cambridge Dictionary of English Place-names; E. Ekwall; Dictionary of English Place-Names
Cornworthy,"'Crane/heron enclosure' or perhaps, 'corn enclosure'.","corn Old English - Corn, grain.; worð Old English - An enclosure.; worðig Old English - An enclosure.",A.D. Mills; Dictionary of English Place-Names; Watts; Cambridge Dictionary of English Place-names; Gover et al.: Place-names of Devon; E. Ekwall; Dictionary of English Place-Names
Coryton,"Probably, 'River Cori farm/settlement' an old name for the River Lyd.",River-name Unknown - River-name; tūn Old English - An enclosure; a farmstead; a village; an estate.,A.D. Mills; Dictionary of English Place-Names; Gover et al.: Place-names of Devon; Watts; Cambridge Dictionary of English Place-names; E. Ekwall; Dictionary of English Place-Names
Cotleigh,'Cotta's wood/clearing.,"lēah Old English - A forest, wood, glade, clearing; (later) a pasture, meadow.; Personal name (Old English) Old English - Personal name",Watts; Cambridge Dictionary of English Place-names; A.D. Mills; Dictionary of English Place-Names; E. Ekwall; Dictionary of English Place-Names; Gover et al.: Place-names of Devon
Countisbury,"Uncertain. Perhaps, 'fortification called/at *Cunet', a Celtic place-name of unknown meaning. Alternatively, it has been suggested that the first element is a Celtic personal name, 'Cynuit'.",burh Old English - A fortified place.; cunẹ̄ti̥ū C; Personal name (Uncertain) Unknown - Personal name,E. Ekwall; Dictionary of English Place-Names; A.D. Mills; Dictionary of English Place-Names; Gover et al.: Place-names of Devon; Watts; Cambridge Dictionary of English Place-names
Creacombe,'Crow valley'.,"crāwe Old English - A crow.; cumb Old English - A coomb, a valley.  Possibly derived from Welsh ""cumm""; but possibly derived from OE ""cumb"" a vessel, cup, a small measure.",Watts; Cambridge Dictionary of English Place-names; Gover et al.: Place-names of Devon; A.D. Mills; Dictionary of English Place-Names; E. Ekwall; Dictionary of English Place-Names
Crediton,'River Creedy farm/settlement'.,River-name Unknown - River-name; tūn Old English - An enclosure; a farmstead; a village; an estate.,A.D. Mills; Dictionary of English Place-Names; Gover et al.: Place-names of Devon; Watts; Cambridge Dictionary of English Place-names; E. Ekwall; Dictionary of English Place-Names
Cruwys Morchard,'Great wood'. It was held by the de Crues family in the 13th century.,cē¸d C; Family name Unknown - Family name.; mǭr C,E. Ekwall; Dictionary of English Place-Names; Watts; Cambridge Dictionary of English Place-names; Gover et al.: Place-names of Devon; A.D. Mills; Dictionary of English Place-Names
Cullompton,'River Culm farm/settlement'.,River-name Unknown - River-name; tūn Old English - An enclosure; a farmstead; a village; an estate.,E. Ekwall; Dictionary of English Place-Names; A.D. Mills; Dictionary of English Place-Names; Gover et al.: Place-names of Devon; Watts; Cambridge Dictionary of English Place-names
Culmstock,'River Culm outlying farm/settlement'.,"River-name Unknown - River-name; stoc Old English - A place, a secondary settlement.",E. Ekwall; Dictionary of English Place-Names; Gover et al.: Place-names of Devon; Watts; Cambridge Dictionary of English Place-names; A.D. Mills; Dictionary of English Place-Names
Dalwood,'Valley wood'.,"dæl Old English; wudu Old English - A wood; or wood, timber.",E. Ekwall; Dictionary of English Place-Names; Gover et al.: Place-names of Devon; A.D. Mills; Dictionary of English Place-Names; Watts; Cambridge Dictionary of English Place-names
Dartington,'River Dart farm/settlement'.,"-ing Old English - Place-name forming suffix.; -ing- Old English - Connective particle, linking a first element to a final element.; River-name Unknown - River-name; tūn Old English - An enclosure; a farmstead; a village; an estate.",Watts; Cambridge Dictionary of English Place-names; E. Ekwall; Dictionary of English Place-Names; A.D. Mills; Dictionary of English Place-Names; Gover et al.: Place-names of Devon
Dartmouth,'River Dart mouth'.,"mūða Old English - The mouth of a large river, an estuary.; River-name Unknown - River-name",A.D. Mills; Dictionary of English Place-Names; Gover et al.: Place-names of Devon; Watts; Cambridge Dictionary of English Place-names; E. Ekwall; Dictionary of English Place-Names
Dawlish,"Originally the name of the stream here, a Celtic river-name meaning 'dark stream'.",River-name Unknown - River-name,Watts; Cambridge Dictionary of English Place-names; E. Ekwall; Dictionary of English Place-Names; Gover et al.: Place-names of Devon; A.D. Mills; Dictionary of English Place-Names
Dean Prior,'Valley'. It was held by by Plympton Priory from the 11th century.,denu Old English - A valley.; priorie Middle English - A priory.,Gover et al.: Place-names of Devon; A.D. Mills; Dictionary of English Place-Names; Watts; Cambridge Dictionary of English Place-names; E. Ekwall; Dictionary of English Place-Names
Denbury,"'Fortification of the Defnas', ie., the people of Devon, the Dumnonii.",burh Old English - A fortified place.; Tribal-Name Unknown - Tribal-name.,Watts; Cambridge Dictionary of English Place-names; E. Ekwall; Dictionary of English Place-Names; Gover et al.: Place-names of Devon; A.D. Mills; Dictionary of English Place-Names
Devonport,"Earlier known as Plymouth Dock, the name was changed to Devonport in 1824.",Place-name Unknown - Place-name,A.D. Mills; Dictionary of English Place-Names; Watts; Cambridge Dictionary of English Place-names; Gover et al.: Place-names of Devon; E. Ekwall; Dictionary of English Place-Names
Diptford,'Deep ford'.,dēop Old English - Deep.; ford Old English - A ford.,Watts; Cambridge Dictionary of English Place-names; Gover et al.: Place-names of Devon; E. Ekwall; Dictionary of English Place-Names; A.D. Mills; Dictionary of English Place-Names
Dittisham,'*Dyddi's hemmed-in land' or 'homestead/village'.,"hām Old English - A village, a village community, a manor, an estate, a homestead.; hamm Old English - Land hemmed in by water or marsh (perhaps also by high ground); a river-meadow; cultivated plot on the edge of woodland or moor.; Personal name (Old English) Old English - Personal name",A.D. Mills; Dictionary of English Place-Names; Gover et al.: Place-names of Devon; Watts; Cambridge Dictionary of English Place-names; E. Ekwall; Dictionary of English Place-Names
Dodbrooke,'Dodda's brook'.,"brōc Old English - A brook, a stream.  (Used of a stream with a muddy bed and a visible sediment load.); Personal name (Old English) Old English - Personal name",Watts; Cambridge Dictionary of English Place-names; E. Ekwall; Dictionary of English Place-Names; A.D. Mills; Dictionary of English Place-Names; Gover et al.: Place-names of Devon
Doddiscombsleigh,"'Wood/clearing' with the later incorporation of the the Doddescumb family name, who held the manor in the 13th century.","Family name Unknown - Family name.; lēah Old English - A forest, wood, glade, clearing; (later) a pasture, meadow.",Watts; Cambridge Dictionary of English Place-names; E. Ekwall; Dictionary of English Place-Names; A.D. Mills; Dictionary of English Place-Names; Gover et al.: Place-names of Devon
Dolton,"Uncertain. Possibly, '*Duffield (dove open land) farm/settlement' or perhaps, 'black farm/settlement' but neither explanation is entirely satsfactory. cf. Dowland, Devonshire.","dūfe Old English - A dove, a pigeon.; duβ C; feld Old English - Open country, unencumbered ground (eg. land without trees as opposed to forest, level ground as opposed to hills, land without buildings); arable land (from late tenth century).; tūn Old English - An enclosure; a farmstead; a village; an estate.",Gover et al.: Place-names of Devon; A.D. Mills; Dictionary of English Place-Names; E. Ekwall; Dictionary of English Place-Names; Watts; Cambridge Dictionary of English Place-names
Dowland,"Uncertain. Possibly, '*Duffield (dove open land) farm/settlement' or perhaps, 'black farm/settlement' but neither explanation is entirely satsfactory. cf. Dolton, Devonshire.","dūfe Old English - A dove, a pigeon.; duβ C; feld Old English - Open country, unencumbered ground (eg. land without trees as opposed to forest, level ground as opposed to hills, land without buildings); arable land (from late tenth century).; land Old English - Land (as part of earth's surface); an estate; possibly also new arable area.  In minor and field names: strip in a field-system.",Watts; Cambridge Dictionary of English Place-names; E. Ekwall; Dictionary of English Place-Names; Gover et al.: Place-names of Devon; A.D. Mills; Dictionary of English Place-Names
Down St Mary,'Hill'. The church is dedicated to St. Mary.,dūn Old English - A hill.; Saint's Name Unknown - Saint's name.,A.D. Mills; Dictionary of English Place-Names; Watts; Cambridge Dictionary of English Place-names; Gover et al.: Place-names of Devon; E. Ekwall; Dictionary of English Place-Names
Drewsteignton,"'River Teign farm/settlement'. Someone named in Latin, Drogo and French, Drew, held the manor in the late 12th century.",Personal name (Uncertain) Unknown - Personal name; River-name Unknown - River-name; tūn Old English - An enclosure; a farmstead; a village; an estate.,Gover et al.: Place-names of Devon; A.D. Mills; Dictionary of English Place-Names; Watts; Cambridge Dictionary of English Place-names; E. Ekwall; Dictionary of English Place-Names
Dunchideock,'Wooded fortification'.,-āco- C; cē¸d C; din C,A.D. Mills; Dictionary of English Place-Names; E. Ekwall; Dictionary of English Place-Names; Watts; Cambridge Dictionary of English Place-names; Gover et al.: Place-names of Devon
Dunkeswell,"'Duduc's/*Dunnuc's spring/stream'. Alternatively, perhaps 'hedge-sparrow spring/stream'.",dunnoc Old English - A hedge-sparrow.; Personal name (Old English) Old English - Personal name; wella Old English,A.D. Mills; Dictionary of English Place-Names; Watts; Cambridge Dictionary of English Place-names; E. Ekwall; Dictionary of English Place-Names; Gover et al.: Place-names of Devon
Dunsford,'Ford of a man called Dun(n)'.,ford Old English - A ford.; Personal name (Old English) Old English - Personal name,E. Ekwall; Dictionary of English Place-Names; Gover et al.: Place-names of Devon; A.D. Mills; Dictionary of English Place-Names; Watts; Cambridge Dictionary of English Place-names
Dunterton,"Uncertain. Perhaps, 'fort-village' to which was later added OE 'farm/settlement'.",din C; treβ C; tūn Old English - An enclosure; a farmstead; a village; an estate.,Watts; Cambridge Dictionary of English Place-names; A.D. Mills; Dictionary of English Place-Names; Gover et al.: Place-names of Devon; E. Ekwall; Dictionary of English Place-Names
East Allington,'Farm/settlement connected with Aella/Aelle'. 'East' for distinction from South Allington.,"-ingtūn Old English - A settlement called after, or connected with . . .; Personal name (Old English) Old English - Personal name",A.D. Mills; Dictionary of English Place-Names; Gover et al.: Place-names of Devon; E. Ekwall; Dictionary of English Place-Names; Watts; Cambridge Dictionary of English Place-names
East and West Buckland,"'Charter land' i.e., 'estate with certain rights and privileges created by an Anglo-Saxon royal diploma'.",bōc-land Old English - Land granted by charter.,E. Ekwall; Dictionary of English Place-Names; Watts; Cambridge Dictionary of English Place-names; Gover et al.: Place-names of Devon; A.D. Mills; Dictionary of English Place-Names
East and West Worlington,'Farm/settlement connected with Wulfraed'.,"-ingtūn Old English - A settlement called after, or connected with . . .; Personal name (Old English) Old English - Personal name",A.D. Mills; Dictionary of English Place-Names; Watts; Cambridge Dictionary of English Place-names; E. Ekwall; Dictionary of English Place-Names; Gover et al.: Place-names of Devon
East Anstey,"Probably, 'steep, narrow footpath' but the exact form and meaning of the term remains unclear.","ān-stiga Old English - A short ascending road, usually forking at either end.",Gover et al.: Place-names of Devon; Watts; Cambridge Dictionary of English Place-names; E. Ekwall; Dictionary of English Place-Names; A.D. Mills; Dictionary of English Place-Names
East Budleigh,"Uncertain. 'Budda's wood/clearing', 'beetle wood/clearing' or perhaps, 'dwelling wood/clearing'. East for distinction from West Budleigh.","bōðl Old English - A dwelling, a dwelling-place, a house.; budda Old English - A dung-beetle.; lēah Old English - A forest, wood, glade, clearing; (later) a pasture, meadow.; Personal name (Old English) Old English - Personal name",A.D. Mills; Dictionary of English Place-Names; E. Ekwall; Dictionary of English Place-Names; Watts; Cambridge Dictionary of English Place-names; Gover et al.: Place-names of Devon
East Down,'Hill'. 'East' to distinguish from West Down.,dūn Old English - A hill.,Watts; Cambridge Dictionary of English Place-names; A.D. Mills; Dictionary of English Place-Names; Gover et al.: Place-names of Devon; E. Ekwall; Dictionary of English Place-Names
East Ogwell,'*Wocga's spring/stream' 'East' to distinguish from West Ogwell.,Personal name (Old English) Old English - Personal name; wella Old English,Watts; Cambridge Dictionary of English Place-names; A.D. Mills; Dictionary of English Place-Names; E. Ekwall; Dictionary of English Place-Names; Gover et al.: Place-names of Devon
East Portlemouth,"Possibly 'harbour estuary'. Alternatively, perhaps 'mouth of the harbour stream'.","heyl C; mūða Old English - The mouth of a large river, an estuary.; port Old English - A haven, a harbour.; porth C; wella Old English",Gover et al.: Place-names of Devon; A.D. Mills; Dictionary of English Place-Names; Watts; Cambridge Dictionary of English Place-names; E. Ekwall; Dictionary of English Place-Names
East Putford,"Either, 'Putta's ford' or 'hawk ford'.","ford Old English - A ford.; Personal name (Old English) Old English - Personal name; putta Old English - A hawk, a kite.",E. Ekwall; Dictionary of English Place-Names; A.D. Mills; Dictionary of English Place-Names; Gover et al.: Place-names of Devon; Watts; Cambridge Dictionary of English Place-names
Egg Buckland,"'Charter-land', i.e. 'estate with certain rights and privileges created by an Anglo-Saxon royal diploma'. It was held by one 'Heca' in 1086.",bōc-land Old English - Land granted by charter.; Personal name (Uncertain) Unknown - Personal name,A.D. Mills; Dictionary of English Place-Names; E. Ekwall; Dictionary of English Place-Names; Gover et al.: Place-names of Devon; Watts; Cambridge Dictionary of English Place-names
Eggesford,"Probably, '*Eegen's/Eccen's ford'",ford Old English - A ford.; Personal name (Old English) Old English - Personal name,Watts; Cambridge Dictionary of English Place-names; Gover et al.: Place-names of Devon; A.D. Mills; Dictionary of English Place-Names; E. Ekwall; Dictionary of English Place-Names
Ermington,"'River Erme farm/settlement', but perhaps, 'farm/settlement connected with Earma'.","-ing- Old English - Connective particle, linking a first element to a final element.; Personal name (Old English) Old English - Personal name; River-name Unknown - River-name; tūn Old English - An enclosure; a farmstead; a village; an estate.",A.D. Mills; Dictionary of English Place-Names; Watts; Cambridge Dictionary of English Place-names; Gover et al.: Place-names of Devon; E. Ekwall; Dictionary of English Place-Names
Exbourne,"'Cuckoo stream' or perhaps, '*Geac's stream'.",burna Old English - A stream.; gēac Old English - A cuckoo.; Personal name (Old English) Old English - Personal name,Watts; Cambridge Dictionary of English Place-names; A.D. Mills; Dictionary of English Place-Names; E. Ekwall; Dictionary of English Place-Names; Gover et al.: Place-names of Devon
Exeter,"'River Exe Roman site'. This was the Roman city of Isca Dumnoniorum. Isca, from Brit. *isca (= water).",ceaster Old English - A city; an old fortification; a Roman site.; River-name Unknown - River-name,Gover et al.: Place-names of Devon; Rivet & Smith; Place-names of Roman Britain; A.D. Mills; Dictionary of English Place-Names; E. Ekwall; Dictionary of English Place-Names; Watts; Cambridge Dictionary of English Place-names
Exminster,'River Exe monastery'.,"mynster Old English - A monastery, the church of a monastery or religious body, a church served by secular clergy.; River-name Unknown - River-name",E. Ekwall; Dictionary of English Place-Names; Gover et al.: Place-names of Devon; A.D. Mills; Dictionary of English Place-Names; Watts; Cambridge Dictionary of English Place-names
Farringdon,'Ferny hill'.,dūn Old English - A hill.; fearn Old English - A fern; ferns; a ferny place.,Watts; Cambridge Dictionary of English Place-names; E. Ekwall; Dictionary of English Place-Names; Gover et al.: Place-names of Devon; A.D. Mills; Dictionary of English Place-Names
Farway,"Uncertain. 'Roadway' although the exact meaning of the compund faer-weg is uncertain. Alternatively, 'dangerous/difficult road'.",fær Old English - A (difficult) passage.; weg Old English - A road.,E. Ekwall; Dictionary of English Place-Names; A.D. Mills; Dictionary of English Place-Names; Gover et al.: Place-names of Devon; Watts; Cambridge Dictionary of English Place-names
Feniton,'Vine Water farm/settlement'.,River-name Unknown - River-name; tūn Old English - An enclosure; a farmstead; a village; an estate.,A.D. Mills; Dictionary of English Place-Names; Gover et al.: Place-names of Devon; Watts; Cambridge Dictionary of English Place-names; E. Ekwall; Dictionary of English Place-Names
Filleigh,'Hay wood/clearing'.,"filde Old English - A plain.; lēah Old English - A forest, wood, glade, clearing; (later) a pasture, meadow.",Gover et al.: Place-names of Devon; Watts; Cambridge Dictionary of English Place-names; A.D. Mills; Dictionary of English Place-Names; E. Ekwall; Dictionary of English Place-Names
Fremington,'Farm/settlement connected with *Fremi/*Frem(m)a'.,"-ingtūn Old English - A settlement called after, or connected with . . .; Personal name (Old English) Old English - Personal name",Gover et al.: Place-names of Devon; Watts; Cambridge Dictionary of English Place-names; E. Ekwall; Dictionary of English Place-Names; A.D. Mills; Dictionary of English Place-Names
Frithelstock,'*Frithulac's outlying farm/settlement'.,"Personal name (Old English) Old English - Personal name; stoc Old English - A place, a secondary settlement.",E. Ekwall; Dictionary of English Place-Names; A.D. Mills; Dictionary of English Place-Names; Watts; Cambridge Dictionary of English Place-names; Gover et al.: Place-names of Devon
George Nympton,"'River Nymet farm/settlement', probably an old name for the River Mole. The church is dedicated to St. George.",River-name Unknown - River-name; Saint's Name Unknown - Saint's name.; tūn Old English - An enclosure; a farmstead; a village; an estate.,A.D. Mills; Dictionary of English Place-Names; E. Ekwall; Dictionary of English Place-Names; Gover et al.: Place-names of Devon; Watts; Cambridge Dictionary of English Place-names
Georgeham,"'Hemmed-in land' with the later dedication of the church, St. 'George' was incorporated into the place-name.",hamm Old English - Land hemmed in by water or marsh (perhaps also by high ground); a river-meadow; cultivated plot on the edge of woodland or moor.; Saint's Name Unknown - Saint's name.,A.D. Mills; Dictionary of English Place-Names; Watts; Cambridge Dictionary of English Place-names; Gover et al.: Place-names of Devon; E. Ekwall; Dictionary of English Place-Names
Germansweek,"'Specialised-farm' with the later dedication of the church, St. 'Germanus' was incorporated into the name.","Saint's Name Unknown - Saint's name.; wīc Old English - A dwelling; a building or collection of buildings for special purposes; a farm, a dairy farm; a trading or industrial settlement; or (in the plural) a hamlet, village.",E. Ekwall; Dictionary of English Place-Names; Watts; Cambridge Dictionary of English Place-names; A.D. Mills; Dictionary of English Place-Names; Gover et al.: Place-names of Devon
Gidleigh,'*Gydda's wood/clearing'.,"lēah Old English - A forest, wood, glade, clearing; (later) a pasture, meadow.; Personal name (Old English) Old English - Personal name",A.D. Mills; Dictionary of English Place-Names; Gover et al.: Place-names of Devon; E. Ekwall; Dictionary of English Place-Names; Watts; Cambridge Dictionary of English Place-names
Gittisham,'Gyddi's homestead/village' or 'hemmed-in land'.,"hām Old English - A village, a village community, a manor, an estate, a homestead.; hamm Old English - Land hemmed in by water or marsh (perhaps also by high ground); a river-meadow; cultivated plot on the edge of woodland or moor.; Personal name (Old English) Old English - Personal name",Watts; Cambridge Dictionary of English Place-names; Gover et al.: Place-names of Devon; A.D. Mills; Dictionary of English Place-Names; E. Ekwall; Dictionary of English Place-Names
Goodleigh,'Goda's wood/clearing'.,"lēah Old English - A forest, wood, glade, clearing; (later) a pasture, meadow.; Personal name (Old English) Old English - Personal name",A.D. Mills; Dictionary of English Place-Names; Gover et al.: Place-names of Devon; E. Ekwall; Dictionary of English Place-Names; Watts; Cambridge Dictionary of English Place-names
Great Torrington,'River Torridge farm/settlement'.,River-name Unknown - River-name; tūn Old English - An enclosure; a farmstead; a village; an estate.,A.D. Mills; Dictionary of English Place-Names; E. Ekwall; Dictionary of English Place-Names; Gover et al.: Place-names of Devon; Watts; Cambridge Dictionary of English Place-names
Haccombe,"Either, 'hatch valley', either referring to a forest gate or a sluice-gate in a river or perhaps, 'Hacca's valley' or 'hook valley'.","cumb Old English - A coomb, a valley.  Possibly derived from Welsh ""cumm""; but possibly derived from OE ""cumb"" a vessel, cup, a small measure.; haca Old English - A hook.; hæcc Old English - A hatch, a grating, a half-gate, a gate; a sluice-gate.; Personal name (Old English) Old English - Personal name",A.D. Mills; Dictionary of English Place-Names; E. Ekwall; Dictionary of English Place-Names; Watts; Cambridge Dictionary of English Place-names; Gover et al.: Place-names of Devon
Halberton,"Possibly, 'hazel grove farm/settlement' or perhaps, 'Haligbeorht's farm/settlement'.",bearu Old English - A grove.  (Usually refers to a wood of limited extent rather than to forest areas.); hæsel Old English - A hazel-tree.; Personal name (Old English) Old English - Personal name; tūn Old English - An enclosure; a farmstead; a village; an estate.,Gover et al.: Place-names of Devon; A.D. Mills; Dictionary of English Place-Names; Watts; Cambridge Dictionary of English Place-names; E. Ekwall; Dictionary of English Place-Names
Halwell,'Holy spring'.,"hālig Old English - Holy, sacred, dedicated to sacred use (originally heathen, later Christian).; wella Old English",A.D. Mills; Dictionary of English Place-Names; Watts; Cambridge Dictionary of English Place-names; Gover et al.: Place-names of Devon; E. Ekwall; Dictionary of English Place-Names
Halwill,'Holy spring'.,"hālig Old English - Holy, sacred, dedicated to sacred use (originally heathen, later Christian).; wella Old English",A.D. Mills; Dictionary of English Place-Names; Gover et al.: Place-names of Devon; Watts; Cambridge Dictionary of English Place-names; E. Ekwall; Dictionary of English Place-Names
Harberton,'River Harbourne farm/settlement'.,River-name Unknown - River-name; tūn Old English - An enclosure; a farmstead; a village; an estate.,E. Ekwall; Dictionary of English Place-Names; Gover et al.: Place-names of Devon; Watts; Cambridge Dictionary of English Place-names; A.D. Mills; Dictionary of English Place-Names
Harford,"Possibly, 'army ford', but perhaps 'street ford'.","ford Old English - A ford.; here-ford Old English - A ford suitable for the passage of an army; possibly also a ford by which a highway crosses.; here-pæð Old English - A military road, a highway.",E. Ekwall; Dictionary of English Place-Names; A.D. Mills; Dictionary of English Place-Names; Watts; Cambridge Dictionary of English Place-names; Gover et al.: Place-names of Devon
Harpford,'Street ford'.,"ford Old English - A ford.; here-pæð Old English - A military road, a highway.",E. Ekwall; Dictionary of English Place-Names; Watts; Cambridge Dictionary of English Place-names; Gover et al.: Place-names of Devon; A.D. Mills; Dictionary of English Place-Names
Hartland,'*Harton's (farm/settlement connected with Heorta) land'.,land Old English - Land (as part of earth's surface); an estate; possibly also new arable area.  In minor and field names: strip in a field-system.; Place-name Unknown - Place-name,A.D. Mills; Dictionary of English Place-Names; E. Ekwall; Dictionary of English Place-Names; Watts; Cambridge Dictionary of English Place-names; Gover et al.: Place-names of Devon
Hatherleigh,Either 'hawthorn wood/clearing' or 'heathery wood/clearing'.,"hǣddre Old English - Heather.; hagu-þorn Old English - The hawthorn, the whitethorn.; lēah Old English - A forest, wood, glade, clearing; (later) a pasture, meadow.",Watts; Cambridge Dictionary of English Place-names; Gover et al.: Place-names of Devon; E. Ekwall; Dictionary of English Place-Names; A.D. Mills; Dictionary of English Place-Names
Hawkchurch,'Church of a man called *Hafoc'.,cirice Old English - A church.; Personal name (Old English) Old English - Personal name,E. Ekwall; Dictionary of English Place-Names; A.D. Mills; Dictionary of English Place-Names; Gover et al.: Place-names of Devon; Watts; Cambridge Dictionary of English Place-names
Heanton Punchardon,'At the high farm/settlement'. It was held by Robert de Ponte Cardonis in 1086.,"hēah Old English - A high place, a height.; tūn Old English - An enclosure; a farmstead; a village; an estate.",E. Ekwall; Dictionary of English Place-Names; A.D. Mills; Dictionary of English Place-Names; Watts; Cambridge Dictionary of English Place-names; Gover et al.: Place-names of Devon
Heavitree,Uncertain. Possibly '*Hefa's tree' or 'head tree'.,"hēafod Old English - A head; an end or source; headland in a field-system; a projecting piece of ground; a hill (often small).; Personal name (Old English) Old English - Personal name; trēow Old English - A tree; a large piece of wood, a post, a beam.",Gover et al.: Place-names of Devon; E. Ekwall; Dictionary of English Place-Names; Watts; Cambridge Dictionary of English Place-names; A.D. Mills; Dictionary of English Place-Names
Hemyock,"Perhaps an old stream name. Alternatively, 'Hemma's river-bend'.",hōc Old English - A hook; a projecting piece of ground.; Personal name (Old English) Old English - Personal name; River-name Unknown - River-name,E. Ekwall; Dictionary of English Place-Names; Gover et al.: Place-names of Devon; Watts; Cambridge Dictionary of English Place-names; A.D. Mills; Dictionary of English Place-Names
Hennock,'At the high oak-tree'.,"āc Old English - An oak-tree.; hēah Old English - A high place, a height.",A.D. Mills; Dictionary of English Place-Names; E. Ekwall; Dictionary of English Place-Names; Gover et al.: Place-names of Devon; Watts; Cambridge Dictionary of English Place-names
High Bickington,'Farm/settlement connected with Beocca/Bica'.,"-ingtūn Old English - A settlement called after, or connected with . . .; Personal name (Old English) Old English - Personal name",A.D. Mills; Dictionary of English Place-Names; Gover et al.: Place-names of Devon; Watts; Cambridge Dictionary of English Place-names; E. Ekwall; Dictionary of English Place-Names
High Bray,"Uncertain. Possibly, 'hill' or perhaps, 'hill-brow'.","brægen Old English - A brain, the crown of the head; topographically a hill.; breg C",Watts; Cambridge Dictionary of English Place-names; Gover et al.: Place-names of Devon; E. Ekwall; Dictionary of English Place-Names; A.D. Mills; Dictionary of English Place-Names
Highampton,'High farmstead'. With later addition of ME 'heghe' (high) after the meaning of the original first element had been forgotten.,"hēah Old English - A high place, a height.; heȝ Middle English - High.; tūn Old English - An enclosure; a farmstead; a village; an estate.",Watts; Cambridge Dictionary of English Place-names; E. Ekwall; Dictionary of English Place-Names; Gover et al.: Place-names of Devon; A.D. Mills; Dictionary of English Place-Names
Highleigh,'High wood/clearing'.,"hēah Old English - A high place, a height.; lēah Old English - A forest, wood, glade, clearing; (later) a pasture, meadow.",Gover et al.: Place-names of Devon; A.D. Mills; Dictionary of English Place-Names; Watts; Cambridge Dictionary of English Place-names; E. Ekwall; Dictionary of English Place-Names
Highweek,"Originally, 'River Teign specialised-farm' later 'high specialised-farm'.","hēah Old English - A high place, a height.; wīc Old English - A dwelling; a building or collection of buildings for special purposes; a farm, a dairy farm; a trading or industrial settlement; or (in the plural) a hamlet, village.",A.D. Mills; Dictionary of English Place-Names; Gover et al.: Place-names of Devon; E. Ekwall; Dictionary of English Place-Names; Watts; Cambridge Dictionary of English Place-names
Hittisleigh,'*Hyttin's wood/clearing'.,"lēah Old English - A forest, wood, glade, clearing; (later) a pasture, meadow.; Personal name (Old English) Old English - Personal name",Gover et al.: Place-names of Devon; E. Ekwall; Dictionary of English Place-Names; Watts; Cambridge Dictionary of English Place-names; A.D. Mills; Dictionary of English Place-Names
Hockworthy,'Hocca's enclosure'.,Personal name (Old English) Old English - Personal name; worð Old English - An enclosure.,Watts; Cambridge Dictionary of English Place-names; E. Ekwall; Dictionary of English Place-Names; A.D. Mills; Dictionary of English Place-Names; Gover et al.: Place-names of Devon
Holbeton,'Hollow bend farm/settlement.,"boga Old English - A bow, an arch; an arched bridge; a bow (for shooting); something curved or bent, such as a river bend or curved valley.; hol Old English - A hole, a hollow.; tūn Old English - An enclosure; a farmstead; a village; an estate.",Watts; Cambridge Dictionary of English Place-names; E. Ekwall; Dictionary of English Place-Names; A.D. Mills; Dictionary of English Place-Names; Gover et al.: Place-names of Devon
Holcombe Burnell,"'Hollow valley'. It was held by Ralph, son of 'Bernard' in 1242. The modern form is corrupt.","cumb Old English - A coomb, a valley.  Possibly derived from Welsh ""cumm""; but possibly derived from OE ""cumb"" a vessel, cup, a small measure.; hol Old English - A hole, a hollow.; Place-name Unknown - Place-name",A.D. Mills; Dictionary of English Place-Names; E. Ekwall; Dictionary of English Place-Names; Watts; Cambridge Dictionary of English Place-names; Gover et al.: Place-names of Devon
Holcombe Rogus,'Hollow valley'. It was held by 'Rogo'in 1086,"cumb Old English - A coomb, a valley.  Possibly derived from Welsh ""cumm""; but possibly derived from OE ""cumb"" a vessel, cup, a small measure.; hol Old English - A hole, a hollow.; Personal name (Uncertain) Unknown - Personal name",Watts; Cambridge Dictionary of English Place-names; A.D. Mills; Dictionary of English Place-Names; E. Ekwall; Dictionary of English Place-Names; Gover et al.: Place-names of Devon
Hollacombe,'Hollow valley'.,"cumb Old English - A coomb, a valley.  Possibly derived from Welsh ""cumm""; but possibly derived from OE ""cumb"" a vessel, cup, a small measure.; hol Old English - A hole, a hollow.",Watts; Cambridge Dictionary of English Place-names; E. Ekwall; Dictionary of English Place-Names; A.D. Mills; Dictionary of English Place-Names; Gover et al.: Place-names of Devon
Holne,'Holly-tree'.,holegn Old English - Holly.,Gover et al.: Place-names of Devon; A.D. Mills; Dictionary of English Place-Names; Watts; Cambridge Dictionary of English Place-names; E. Ekwall; Dictionary of English Place-Names
Holsworthy,"Uncertain. '*Heald's enclosure' or perhaps, 'slope enclosure'",helde Old English - Tansy.; Personal name (Old English) Old English - Personal name; worðig Old English - An enclosure.,E. Ekwall; Dictionary of English Place-Names; Gover et al.: Place-names of Devon; Watts; Cambridge Dictionary of English Place-names; A.D. Mills; Dictionary of English Place-Names
Honeychurch,"'Honey church' or perhaps, 'Huna's church'.",cirice Old English - A church.; hunig Old English - Honey.; Personal name (Old English) Old English - Personal name,Gover et al.: Place-names of Devon; E. Ekwall; Dictionary of English Place-Names; Watts; Cambridge Dictionary of English Place-names; A.D. Mills; Dictionary of English Place-Names
Honiton,'Huna's farm/settlement'.,Personal name (Old English) Old English - Personal name; tūn Old English - An enclosure; a farmstead; a village; an estate.,E. Ekwall; Dictionary of English Place-Names; Gover et al.: Place-names of Devon; Watts; Cambridge Dictionary of English Place-names; A.D. Mills; Dictionary of English Place-Names
Horwood,'The grey wood' or perhaps 'muddy wood'.,"hār Old English - Grey, hoar, especially grey through being overgrown with lichen.; horu Old English - Filth, dirt.; wudu Old English - A wood; or wood, timber.",Watts; Cambridge Dictionary of English Place-names; E. Ekwall; Dictionary of English Place-Names; Gover et al.: Place-names of Devon; A.D. Mills; Dictionary of English Place-Names
Huish,"Literally, 'household'. Used interchangeably with OE hid, 'a hide of land', it later came to denote a measure of land which could support a household.","hīwisc Old English - A household, a family; later a measure of land that would support a family, used interchangeably with hid.",Watts; Cambridge Dictionary of English Place-names; Gover et al.: Place-names of Devon; E. Ekwall; Dictionary of English Place-Names; A.D. Mills; Dictionary of English Place-Names
Huntsham,'Hun's enclosure' or 'Hun's hemmed-in land'.,"hām Old English - A village, a village community, a manor, an estate, a homestead.; hamm Old English - Land hemmed in by water or marsh (perhaps also by high ground); a river-meadow; cultivated plot on the edge of woodland or moor.; Personal name (Old English) Old English - Personal name",Watts; Cambridge Dictionary of English Place-names; E. Ekwall; Dictionary of English Place-Names; Gover et al.: Place-names of Devon; A.D. Mills; Dictionary of English Place-Names
Huntshaw,'Hun's wood' or 'honey wood'.,hunig Old English - Honey.; Personal name (Old English) Old English - Personal name; sceaga Old English - A small wood.,A.D. Mills; Dictionary of English Place-Names; Gover et al.: Place-names of Devon; Watts; Cambridge Dictionary of English Place-names; E. Ekwall; Dictionary of English Place-Names
Huxham,'Hoc(c)'s homestead/village' or 'hemmed-in land'.,"hām Old English - A village, a village community, a manor, an estate, a homestead.; hamm Old English - Land hemmed in by water or marsh (perhaps also by high ground); a river-meadow; cultivated plot on the edge of woodland or moor.; Personal name (Old English) Old English - Personal name",E. Ekwall; Dictionary of English Place-Names; A.D. Mills; Dictionary of English Place-Names; Watts; Cambridge Dictionary of English Place-names; Gover et al.: Place-names of Devon
Iddesleigh,"'Eadwig's wood/clearing' although some spellings indicate a different personal name, 'Eadwulf'.","lēah Old English - A forest, wood, glade, clearing; (later) a pasture, meadow.; Personal name (Old English) Old English - Personal name",Gover et al.: Place-names of Devon; A.D. Mills; Dictionary of English Place-Names; Watts; Cambridge Dictionary of English Place-names; E. Ekwall; Dictionary of English Place-Names
Ide,Uncertain. Possibly an old river-name of pre-English origin.,River-name Unknown - River-name,E. Ekwall; Dictionary of English Place-Names; Gover et al.: Place-names of Devon; Watts; Cambridge Dictionary of English Place-names; A.D. Mills; Dictionary of English Place-Names
Ideford,"Uncertain. Possibly, '*Giedda's ford' or perhaps, 'song ford'.",ford Old English - A ford.; giedd Old English; Personal name (Old English) Old English - Personal name,Watts; Cambridge Dictionary of English Place-names; E. Ekwall; Dictionary of English Place-Names; Gover et al.: Place-names of Devon; A.D. Mills; Dictionary of English Place-Names
Ilfracombe,"'Valley connected with Aelfred'. Some spellings an alternative personal name, Aelfrith or Aelferhth.","-ing- Old English - Connective particle, linking a first element to a final element.; cumb Old English - A coomb, a valley.  Possibly derived from Welsh ""cumm""; but possibly derived from OE ""cumb"" a vessel, cup, a small measure.; Personal name (Old English) Old English - Personal name",E. Ekwall; Dictionary of English Place-Names; A.D. Mills; Dictionary of English Place-Names; Watts; Cambridge Dictionary of English Place-names; Gover et al.: Place-names of Devon
Ilsington,'Farm/settlement connected with *Ielfstan'.,"-ingtūn Old English - A settlement called after, or connected with . . .; Personal name (Old English) Old English - Personal name",Watts; Cambridge Dictionary of English Place-names; E. Ekwall; Dictionary of English Place-Names; A.D. Mills; Dictionary of English Place-Names; Gover et al.: Place-names of Devon
Instow,'St .John's place'. The church here is dedicated to St. John the Baptist.,Saint's Name Unknown - Saint's name.; stōw Old English - A place; a place of assembly; a holy place.,A.D. Mills; Dictionary of English Place-Names; Gover et al.: Place-names of Devon; E. Ekwall; Dictionary of English Place-Names; Watts; Cambridge Dictionary of English Place-names
Inwardleigh,"'Wood/clearing' with the later incorporation of the personal name 'Inwar', who held the manor in 1086.","lēah Old English - A forest, wood, glade, clearing; (later) a pasture, meadow.; Personal name (Uncertain) Unknown - Personal name",A.D. Mills; Dictionary of English Place-Names; Gover et al.: Place-names of Devon; E. Ekwall; Dictionary of English Place-Names; Watts; Cambridge Dictionary of English Place-names
Ipplepen,'Ipela's fold'.,"penn Old English - A small enclosure, a fold; later an enclosure for animals.; Personal name (Old English) Old English - Personal name",Watts; Cambridge Dictionary of English Place-names; E. Ekwall; Dictionary of English Place-Names; A.D. Mills; Dictionary of English Place-Names; Gover et al.: Place-names of Devon
Jacobstowe,'St. James place'. The church is dedicated to St. James.,Saint's Name Unknown - Saint's name.,A.D. Mills; Dictionary of English Place-Names; E. Ekwall; Dictionary of English Place-Names; Watts; Cambridge Dictionary of English Place-names; Gover et al.: Place-names of Devon
Kelly,'Wood'.,celli C,Watts; Cambridge Dictionary of English Place-names; A.D. Mills; Dictionary of English Place-Names; E. Ekwall; Dictionary of English Place-Names; Gover et al.: Place-names of Devon
Kenn,Originally the pre-English name of the river on which the village is situated.,River-name Unknown - River-name,A.D. Mills; Dictionary of English Place-Names; E. Ekwall; Dictionary of English Place-Names; Watts; Cambridge Dictionary of English Place-names; Gover et al.: Place-names of Devon
Kennerleigh,'Cyneweard's wood/clearing'.,"lēah Old English - A forest, wood, glade, clearing; (later) a pasture, meadow.; Personal name (Old English) Old English - Personal name",Watts; Cambridge Dictionary of English Place-names; E. Ekwall; Dictionary of English Place-Names; Gover et al.: Place-names of Devon; A.D. Mills; Dictionary of English Place-Names
Kentisbeare,"Uncertain. Possibly 'Centel's grove' or perhaps, 'district/border wood'.",bearu Old English - A grove.  (Usually refers to a wood of limited extent rather than to forest areas.); canto- C; Personal name (Old English) Old English - Personal name,Gover et al.: Place-names of Devon; Watts; Cambridge Dictionary of English Place-names; E. Ekwall; Dictionary of English Place-Names; A.D. Mills; Dictionary of English Place-Names
Kentisbury,"Uncertain. Possibly, 'district fortification' or 'border fortification.' Alternatively, *Centel's fortification'.",burh Old English - A fortified place.; Personal name (Old English) Old English - Personal name,Gover et al.: Place-names of Devon; A.D. Mills; Dictionary of English Place-Names; Watts; Cambridge Dictionary of English Place-names; E. Ekwall; Dictionary of English Place-Names
Kenton,'River Kenn farm/settlement'.,River-name Unknown - River-name; tūn Old English - An enclosure; a farmstead; a village; an estate.,Gover et al.: Place-names of Devon; Watts; Cambridge Dictionary of English Place-names; A.D. Mills; Dictionary of English Place-Names; E. Ekwall; Dictionary of English Place-Names
Kilmington,'Cynehelm's farm/settlement'.,"-ingtūn Old English - A settlement called after, or connected with . . .; Personal name (Old English) Old English - Personal name",E. Ekwall; Dictionary of English Place-Names; A.D. Mills; Dictionary of English Place-Names; Watts; Cambridge Dictionary of English Place-names; Gover et al.: Place-names of Devon
King's Nympton,'River Nymet farm/settlement'. It was a royal manor.,king Middle English - A king.; River-name Unknown - River-name; tūn Old English - An enclosure; a farmstead; a village; an estate.,Watts; Cambridge Dictionary of English Place-names; Gover et al.: Place-names of Devon; A.D. Mills; Dictionary of English Place-Names; E. Ekwall; Dictionary of English Place-Names
Kingsbridge,'King's bridge'.,brycg Old English - A bridge; a causeway.; cyning Old English - A king.,A.D. Mills; Dictionary of English Place-Names; Gover et al.: Place-names of Devon; E. Ekwall; Dictionary of English Place-Names; Watts; Cambridge Dictionary of English Place-names
Kingskerswell,'Water-cress spring/stream'. It was held by the king in 1086.,"cærse Old English - Cress, water-cress.; king Middle English - A king.; wella Old English",E. Ekwall; Dictionary of English Place-Names; Watts; Cambridge Dictionary of English Place-names; Gover et al.: Place-names of Devon; A.D. Mills; Dictionary of English Place-Names
Kingsteignton,'River Teign farm/settlement'. It was held by the king in 1086.,king Middle English - A king.; River-name Unknown - River-name; tūn Old English - An enclosure; a farmstead; a village; an estate.,E. Ekwall; Dictionary of English Place-Names; A.D. Mills; Dictionary of English Place-Names; Watts; Cambridge Dictionary of English Place-names; Gover et al.: Place-names of Devon
Kingston,'King's farm/settlement'.,cyning Old English - A king.; tūn Old English - An enclosure; a farmstead; a village; an estate.,Watts; Cambridge Dictionary of English Place-names; E. Ekwall; Dictionary of English Place-Names; A.D. Mills; Dictionary of English Place-Names; Gover et al.: Place-names of Devon
Kingswear,'King's weir'.,"cyning Old English - A king.; wer Old English - A weir, a river-dam; a fishing-enlosure in a river.",E. Ekwall; Dictionary of English Place-Names; Gover et al.: Place-names of Devon; A.D. Mills; Dictionary of English Place-Names; Watts; Cambridge Dictionary of English Place-names
Knowstone,'Cnut's stone'.,"Personal name (Old English) Old English - Personal name; stān Old English - A stone, stone, rock.",Watts; Cambridge Dictionary of English Place-names; E. Ekwall; Dictionary of English Place-Names; A.D. Mills; Dictionary of English Place-Names; Gover et al.: Place-names of Devon
Lamerton,'Lamb-stream farm/settlement' or 'loam-stream farm/settlement'.,"burna Old English - A stream.; lām Old English - Loam, clay.; lamb Old English - A lamb.; tūn Old English - An enclosure; a farmstead; a village; an estate.",Gover et al.: Place-names of Devon; Watts; Cambridge Dictionary of English Place-names; A.D. Mills; Dictionary of English Place-Names; E. Ekwall; Dictionary of English Place-Names
Landcross,"Uncertain. Perhaps, 'long hill'. Alternatively, it may be OCo lann, 'church' with an unknown second element.","hlanc Old English - Long, narrow.; lann C",Watts; Cambridge Dictionary of English Place-names; A.D. Mills; Dictionary of English Place-Names; E. Ekwall; Dictionary of English Place-Names; Gover et al.: Place-names of Devon
Landkey,"'St. Ke's church'. The saint's name is also found in Old Kea, Cornwall.",lann C; Saint's Name Unknown - Saint's name.; to- C,Watts; Cambridge Dictionary of English Place-names; Gover et al.: Place-names of Devon; A.D. Mills; Dictionary of English Place-Names; E. Ekwall; Dictionary of English Place-Names
Langtree,'Tall tree'.,"lang Old English - Long, tall.; trēow Old English - A tree; a large piece of wood, a post, a beam.",Gover et al.: Place-names of Devon; Watts; Cambridge Dictionary of English Place-names; E. Ekwall; Dictionary of English Place-Names; A.D. Mills; Dictionary of English Place-Names
Lapford,"Uncertain. '*Hlappa's ford' or perhaps, 'lapwing ford'.",ford Old English - A ford.; hlēape-wince Old English - A lapwing.; Personal name (Old English) Old English - Personal name,Gover et al.: Place-names of Devon; Watts; Cambridge Dictionary of English Place-names; E. Ekwall; Dictionary of English Place-Names; A.D. Mills; Dictionary of English Place-Names
Lewtrenchard,"Originally the name of the river here, with the later incorporation of the Trenchard family name which first occurs here in 1238, but a Richard Trencard was associated with Devon ca. 1100.",Family name Unknown - Family name.; River-name Unknown - River-name,Watts; Cambridge Dictionary of English Place-names; Gover et al.: Place-names of Devon; A.D. Mills; Dictionary of English Place-Names; E. Ekwall; Dictionary of English Place-Names
Lifton,"'River Lew farm/settlement', originally the name of the river here.",River-name Unknown - River-name; tūn Old English - An enclosure; a farmstead; a village; an estate.,A.D. Mills; Dictionary of English Place-Names; Watts; Cambridge Dictionary of English Place-names; E. Ekwall; Dictionary of English Place-Names; Gover et al.: Place-names of Devon
Little Hempston,'*Haeme's/Hemme's farm/settlement'. 'Little' to distinguish from Broadhempstone.,"lȳtel Old English - Little, small.; Personal name (Old English) Old English - Personal name; tūn Old English - An enclosure; a farmstead; a village; an estate.",Gover et al.: Place-names of Devon; Watts; Cambridge Dictionary of English Place-names; A.D. Mills; Dictionary of English Place-Names; E. Ekwall; Dictionary of English Place-Names
Little Torrington,'River Torridge farm/settlement'.,River-name Unknown - River-name; tūn Old English - An enclosure; a farmstead; a village; an estate.,Watts; Cambridge Dictionary of English Place-names; Gover et al.: Place-names of Devon; E. Ekwall; Dictionary of English Place-Names; A.D. Mills; Dictionary of English Place-Names
Littleham,'Little hemmed-in land' or 'little homestead/village'.,"hām Old English - A village, a village community, a manor, an estate, a homestead.; hamm Old English - Land hemmed in by water or marsh (perhaps also by high ground); a river-meadow; cultivated plot on the edge of woodland or moor.; lȳtel Old English - Little, small.",A.D. Mills; Dictionary of English Place-Names; E. Ekwall; Dictionary of English Place-Names; Gover et al.: Place-names of Devon; Watts; Cambridge Dictionary of English Place-names
Littleham,'The little hemmed-in land'.,"hamm Old English - Land hemmed in by water or marsh (perhaps also by high ground); a river-meadow; cultivated plot on the edge of woodland or moor.; lȳtel Old English - Little, small.",Gover et al.: Place-names of Devon; Watts; Cambridge Dictionary of English Place-names; E. Ekwall; Dictionary of English Place-Names; A.D. Mills; Dictionary of English Place-Names
Loddiswell,'*Lod's spring/stream'.,Personal name (Old English) Old English - Personal name; wella Old English,E. Ekwall; Dictionary of English Place-Names; Watts; Cambridge Dictionary of English Place-names; A.D. Mills; Dictionary of English Place-Names; Gover et al.: Place-names of Devon
Loxbeare,'Locc's grove'.,bearu Old English - A grove.  (Usually refers to a wood of limited extent rather than to forest areas.); Personal name (Old English) Old English - Personal name,E. Ekwall; Dictionary of English Place-Names; Gover et al.: Place-names of Devon; A.D. Mills; Dictionary of English Place-Names; Watts; Cambridge Dictionary of English Place-names
Loxhore,'Locc's hill-slope'.,"ōra Old English - A shore, hill-slope; possibly also the foot of a slope.  (Used in place-names only in the parts of southern England where Jutish and West Saxon dialects were operative.); Personal name (Old English) Old English - Personal name",E. Ekwall; Dictionary of English Place-Names; Gover et al.: Place-names of Devon; Watts; Cambridge Dictionary of English Place-names; A.D. Mills; Dictionary of English Place-Names
Luffincott,"Uncertain. 'Cottage(s) at Luhha's place', 'cottage(s) connected with Luhha' or 'cottage(s) of Luhha's people'.","-ing Old English - Place-name forming suffix.; -ing- Old English - Connective particle, linking a first element to a final element.; -ingas Old English - The people of . . . ; the people called after . . .; cot Old English - A cottage, a hut, a shelter, a den.; Personal name (Old English) Old English - Personal name",E. Ekwall; Dictionary of English Place-Names; A.D. Mills; Dictionary of English Place-Names; Watts; Cambridge Dictionary of English Place-names; Gover et al.: Place-names of Devon
Luppitt,'*Lufa's pit'.,"Personal name (Old English) Old English - Personal name; pytt Old English - A pit, a natural hollow; an excavated hole, esp. one where minerals or other materials are got.",Watts; Cambridge Dictionary of English Place-names; Gover et al.: Place-names of Devon; E. Ekwall; Dictionary of English Place-Names; A.D. Mills; Dictionary of English Place-Names
Lustleigh,"'*Leofgiest's wood/clearing' or perhaps from a ME surname, 'Luvesta'.","Family name Unknown - Family name.; lēah Old English - A forest, wood, glade, clearing; (later) a pasture, meadow.; Personal name (Old English) Old English - Personal name",A.D. Mills; Dictionary of English Place-Names; Gover et al.: Place-names of Devon; E. Ekwall; Dictionary of English Place-Names; Watts; Cambridge Dictionary of English Place-names
Lydford,'River Lyd ford'.,ford Old English - A ford.; River-name Unknown - River-name,A.D. Mills; Dictionary of English Place-Names; Gover et al.: Place-names of Devon; Watts; Cambridge Dictionary of English Place-names; E. Ekwall; Dictionary of English Place-Names
Lympstone,'Leofwine's farm/settlement'.,Personal name (Old English) Old English - Personal name; tūn Old English - An enclosure; a farmstead; a village; an estate.,A.D. Mills; Dictionary of English Place-Names; Gover et al.: Place-names of Devon; E. Ekwall; Dictionary of English Place-Names; Watts; Cambridge Dictionary of English Place-names
Lynton,'River Lyn farm/settlement'.,River-name Unknown - River-name; tūn Old English - An enclosure; a farmstead; a village; an estate.,Gover et al.: Place-names of Devon; A.D. Mills; Dictionary of English Place-Names; Watts; Cambridge Dictionary of English Place-names; E. Ekwall; Dictionary of English Place-Names
Malborough,"Uncertain. '*Maerla's hill' or perhaps, 'gentian hill'. cf. Marlborough, Wiltshire.",berg Old English; meargealla Old English - Gentian.; Personal name (Old English) Old English - Personal name,Gover et al.: Place-names of Devon; A.D. Mills; Dictionary of English Place-Names; Watts; Cambridge Dictionary of English Place-names; E. Ekwall; Dictionary of English Place-Names
Mamhead,'Breast-shaped hill'.,hēafod Old English - A head; an end or source; headland in a field-system; a projecting piece of ground; a hill (often small).; mamm C,Gover et al.: Place-names of Devon; Watts; Cambridge Dictionary of English Place-names; E. Ekwall; Dictionary of English Place-Names; A.D. Mills; Dictionary of English Place-Names
Manaton,"'Communal farm/settlement' or perhaps, 'Mana's farm/settlement'.",mǣne Old English - Common; communal (land).; Personal name (Old English) Old English - Personal name; tūn Old English - An enclosure; a farmstead; a village; an estate.,A.D. Mills; Dictionary of English Place-Names; E. Ekwall; Dictionary of English Place-Names; Watts; Cambridge Dictionary of English Place-names; Gover et al.: Place-names of Devon
Mariansleigh,"'Wood/clearing' with the later incorporation of 'Marian/Marion', a diminutive of St. Mary.","lēah Old English - A forest, wood, glade, clearing; (later) a pasture, meadow.; Saint's Name Unknown - Saint's name.",A.D. Mills; Dictionary of English Place-Names; E. Ekwall; Dictionary of English Place-Names; Watts; Cambridge Dictionary of English Place-names; Gover et al.: Place-names of Devon
Marldon,'Gentian hill.',dūn Old English - A hill.; meargealla Old English - Gentian.,A.D. Mills; Dictionary of English Place-Names; Gover et al.: Place-names of Devon; E. Ekwall; Dictionary of English Place-Names; Watts; Cambridge Dictionary of English Place-names
Martinhoe,'Hill-spur of *Matta's people'.,-ingas Old English - The people of . . . ; the people called after . . .; hōh Old English - A heel; a sharply projecting piece of ground.; Personal name (Old English) Old English - Personal name,Gover et al.: Place-names of Devon; Watts; Cambridge Dictionary of English Place-names; A.D. Mills; Dictionary of English Place-Names; E. Ekwall; Dictionary of English Place-Names
Marwood,'Boundary wood'. It is on the boundary between the Braunton and Shirwell Hundreds.,"mǣre Old English - A boundary, a border; (in field names) the balk of a ploughland.; wudu Old English - A wood; or wood, timber.",Gover et al.: Place-names of Devon; A.D. Mills; Dictionary of English Place-Names; E. Ekwall; Dictionary of English Place-Names; Watts; Cambridge Dictionary of English Place-names
Marystow,'St. Mary's place'.,Saint's Name Unknown - Saint's name.; stōw Old English - A place; a place of assembly; a holy place.,Watts; Cambridge Dictionary of English Place-names; A.D. Mills; Dictionary of English Place-Names; E. Ekwall; Dictionary of English Place-Names; Gover et al.: Place-names of Devon
Marytavy,"Named after the River Tavy, with the later incorporation of 'St. Mary' from the dedication of the church.",River-name Unknown - River-name; Saint's Name Unknown - Saint's name.,Watts; Cambridge Dictionary of English Place-names; Gover et al.: Place-names of Devon; E. Ekwall; Dictionary of English Place-Names; A.D. Mills; Dictionary of English Place-Names
Meavy,Named after the River Meavy.,River-name Unknown - River-name,E. Ekwall; Dictionary of English Place-Names; Watts; Cambridge Dictionary of English Place-names; A.D. Mills; Dictionary of English Place-Names; Gover et al.: Place-names of Devon
Meeth,"'Confluence' or perhaps, 'hay pasture/cornfield'.","mǣð Old English - Mowing, the cutting of grass or corn.; mȳðe Old English - The mouth of a river where it runs into another; a confluence of rivers.",A.D. Mills; Dictionary of English Place-Names; Gover et al.: Place-names of Devon; Watts; Cambridge Dictionary of English Place-names; E. Ekwall; Dictionary of English Place-Names
Membury,"Uncertain. Perhaps, 'stone fortification' or possibly, 'communal fortification'.",burh Old English - A fortified place.; mǣne Old English - Common; communal (land).; main C,A.D. Mills; Dictionary of English Place-Names; Watts; Cambridge Dictionary of English Place-names; Gover et al.: Place-names of Devon; E. Ekwall; Dictionary of English Place-Names
Merton,'Pool farm/settlement'.,"mere Old English - A pond, a pool, a lake.; tūn Old English - An enclosure; a farmstead; a village; an estate.",E. Ekwall; Dictionary of English Place-Names; Gover et al.: Place-names of Devon; A.D. Mills; Dictionary of English Place-Names; Watts; Cambridge Dictionary of English Place-names
Meshaw,"'Bad clearing', i.e., probably infertile.",assart Middle English - A clearing in woodland.; mal Old French - Bad.,Watts; Cambridge Dictionary of English Place-names; E. Ekwall; Dictionary of English Place-Names; A.D. Mills; Dictionary of English Place-Names; Gover et al.: Place-names of Devon
Milton Abbot,'Middle farm/settlement'. It was held by Tavistock Abbey.,abbas Latin - An abbot.; middel Old English - Middle.; tūn Old English - An enclosure; a farmstead; a village; an estate.,E. Ekwall; Dictionary of English Place-Names; Watts; Cambridge Dictionary of English Place-names; Gover et al.: Place-names of Devon; A.D. Mills; Dictionary of English Place-Names
Milton Damarel,'Middle farm/settlement'. It was held by Robert de Albermarle in 1086.,Family name Unknown - Family name.; middel Old English - Middle.; tūn Old English - An enclosure; a farmstead; a village; an estate.,Gover et al.: Place-names of Devon; A.D. Mills; Dictionary of English Place-Names; E. Ekwall; Dictionary of English Place-Names; Watts; Cambridge Dictionary of English Place-names
Modbury,'Meeting fortification'.,"burh Old English - A fortified place.; mōt Old English - A meeting, an encounter: used of an assembly of people, or a river confluence.",E. Ekwall; Dictionary of English Place-Names; Watts; Cambridge Dictionary of English Place-names; Gover et al.: Place-names of Devon; A.D. Mills; Dictionary of English Place-Names
Molland,Uncertain. The generic is 'land' the first element may be the same as the unknown element found in the River Mole.,land Old English - Land (as part of earth's surface); an estate; possibly also new arable area.  In minor and field names: strip in a field-system.; Obscure element Unknown - Obscure element,E. Ekwall; Dictionary of English Place-Names; A.D. Mills; Dictionary of English Place-Names; Watts; Cambridge Dictionary of English Place-names; Gover et al.: Place-names of Devon
Monk Okehampton,"'River Okement farm/settlement'. It belonged to Baldwin the sherrif in 1086 and if it was ever monastic, it was before the 11th century.",munuc Old English - A monk.; River-name Unknown - River-name; tūn Old English - An enclosure; a farmstead; a village; an estate.,A.D. Mills; Dictionary of English Place-Names; Watts; Cambridge Dictionary of English Place-names; Gover et al.: Place-names of Devon; E. Ekwall; Dictionary of English Place-Names
Monkleigh,'Monk's wood/clearing'. It was held by the Montacute priory in the 12th century.,"lēah Old English - A forest, wood, glade, clearing; (later) a pasture, meadow.; munuc Old English - A monk.",A.D. Mills; Dictionary of English Place-Names; E. Ekwall; Dictionary of English Place-Names; Gover et al.: Place-names of Devon; Watts; Cambridge Dictionary of English Place-names
Monkton,'Monks' farm/settlement'.,munuc Old English - A monk.; tūn Old English - An enclosure; a farmstead; a village; an estate.,Gover et al.: Place-names of Devon; E. Ekwall; Dictionary of English Place-Names; Watts; Cambridge Dictionary of English Place-names; A.D. Mills; Dictionary of English Place-Names
Morchard Bishop,'Great wood'. It was held by the Bishop of Exeter in 1086.,cē¸d C; episcopus Latin - A bishop.; mǭr C,Gover et al.: Place-names of Devon; A.D. Mills; Dictionary of English Place-Names; E. Ekwall; Dictionary of English Place-Names; Watts; Cambridge Dictionary of English Place-names
Morebath,'Bathing-place in marshy ground'.,"bæð Old English - A bath, a bathing-place.; mōr Old English - A marsh, barren upland.",E. Ekwall; Dictionary of English Place-Names; Gover et al.: Place-names of Devon; Watts; Cambridge Dictionary of English Place-names; A.D. Mills; Dictionary of English Place-Names
Moreleigh,'Moor wood/clearing'.,"lēah Old English - A forest, wood, glade, clearing; (later) a pasture, meadow.; mōr Old English - A marsh, barren upland.",E. Ekwall; Dictionary of English Place-Names; A.D. Mills; Dictionary of English Place-Names; Watts; Cambridge Dictionary of English Place-names; Gover et al.: Place-names of Devon
Moretonhampstead,'Moor farm/settlement'. The reason for the later addition of 'homestead' is unknown.,"hām-stede Old English - A homestead, the site of a dwelling.; mōr Old English - A marsh, barren upland.; tūn Old English - An enclosure; a farmstead; a village; an estate.",Watts; Cambridge Dictionary of English Place-names; E. Ekwall; Dictionary of English Place-Names; A.D. Mills; Dictionary of English Place-Names; Gover et al.: Place-names of Devon
Morthoe,"Possibly, 'hill-spur called Mort or the stump'.",hōh Old English - A heel; a sharply projecting piece of ground.,E. Ekwall; Dictionary of English Place-Names; Watts; Cambridge Dictionary of English Place-names; Gover et al.: Place-names of Devon; A.D. Mills; Dictionary of English Place-Names
Musbury,'Mouse fortification'.,"burh Old English - A fortified place.; mūs Old English - A mouse, a field-mouse.",Gover et al.: Place-names of Devon; E. Ekwall; Dictionary of English Place-Names; A.D. Mills; Dictionary of English Place-Names; Watts; Cambridge Dictionary of English Place-names
Nether Exe,Named after the River Exe.,neoðera Old English - Lower. (No positive form.); River-name Unknown - River-name,A.D. Mills; Dictionary of English Place-Names; E. Ekwall; Dictionary of English Place-Names; Watts; Cambridge Dictionary of English Place-names; Gover et al.: Place-names of Devon
Newton Abbot,'New farm/settlement' It was a posession of Torre abbey in 12th century.,nīwe Old English - New.; tūn Old English - An enclosure; a farmstead; a village; an estate.,Gover et al.: Place-names of Devon; E. Ekwall; Dictionary of English Place-Names; A.D. Mills; Dictionary of English Place-Names; Watts; Cambridge Dictionary of English Place-names
Newton Ferrers,'New farm/settlement'. It was held by the de Ferers family in the 13th century.,Family name Unknown - Family name.; nīwe Old English - New.; tūn Old English - An enclosure; a farmstead; a village; an estate.,Gover et al.: Place-names of Devon; A.D. Mills; Dictionary of English Place-Names; E. Ekwall; Dictionary of English Place-Names; Watts; Cambridge Dictionary of English Place-names
Newton Poppleford,'Pebble ford' with the later addition of 'new farm/settlement'.,ford Old English - A ford.; nīwe Old English - New.; popel Old English - A pebble.; tūn Old English - An enclosure; a farmstead; a village; an estate.,A.D. Mills; Dictionary of English Place-Names; Watts; Cambridge Dictionary of English Place-names; Gover et al.: Place-names of Devon; E. Ekwall; Dictionary of English Place-Names
Newton St. Cyres,'New farm/settlement'. The church is dedicated to St. Ciricius.,nīwe Old English - New.; Saint's Name Unknown - Saint's name.; tūn Old English - An enclosure; a farmstead; a village; an estate.,E. Ekwall; Dictionary of English Place-Names; Gover et al.: Place-names of Devon; A.D. Mills; Dictionary of English Place-Names; Watts; Cambridge Dictionary of English Place-names
Newton St. Petrock,'New farm/settlement. It was granted by King Athelstan in 938 to St. Petrock's monastery at Bodmin.,nīwe Old English - New.; Saint's Name Unknown - Saint's name.; tūn Old English - An enclosure; a farmstead; a village; an estate.,E. Ekwall; Dictionary of English Place-Names; Gover et al.: Place-names of Devon; Watts; Cambridge Dictionary of English Place-names; A.D. Mills; Dictionary of English Place-Names
Newton Tracy,'New farm/settlement'. It was held by Henry de Tracy in 1242.,Family name Unknown - Family name.; nīwe Old English - New.; tūn Old English - An enclosure; a farmstead; a village; an estate.,E. Ekwall; Dictionary of English Place-Names; Watts; Cambridge Dictionary of English Place-names; Gover et al.: Place-names of Devon; A.D. Mills; Dictionary of English Place-Names
North Bovey,Named after the River Bovey. 'North' to distinguish from Bovey Tracey.,River-name Unknown - River-name,Watts; Cambridge Dictionary of English Place-names; Gover et al.: Place-names of Devon; A.D. Mills; Dictionary of English Place-Names; E. Ekwall; Dictionary of English Place-Names
North Huish,"Literally, 'household'. Used interchangeably with OE hid, 'a hide of land', it later came to denote a measure of land which could support a household. 'North' to distinguish from South Huish.","hīwisc Old English - A household, a family; later a measure of land that would support a family, used interchangeably with hid.",Watts; Cambridge Dictionary of English Place-names; A.D. Mills; Dictionary of English Place-Names; E. Ekwall; Dictionary of English Place-Names; Gover et al.: Place-names of Devon
North Molton,"'Farm/settlement', with an uncertain specific. cf. Molland.",Obscure element Unknown - Obscure element; tūn Old English - An enclosure; a farmstead; a village; an estate.,E. Ekwall; Dictionary of English Place-Names; Gover et al.: Place-names of Devon; Watts; Cambridge Dictionary of English Place-names; A.D. Mills; Dictionary of English Place-Names
North Petherwin,"Uncertain. The name is not identical to St. Petherwin, Co. It is perhaps related to the obscure first element found in Piderscire (now the hundred of Pyder).",Obscure element Unknown - Obscure element,Watts; Cambridge Dictionary of English Place-names; E. Ekwall; Dictionary of English Place-Names; A.D. Mills; Dictionary of English Place-Names; Gover et al.: Place-names of Devon
North Tawton,'River Taw farm/settlement'.,River-name Unknown - River-name; tūn Old English - An enclosure; a farmstead; a village; an estate.,A.D. Mills; Dictionary of English Place-Names; Gover et al.: Place-names of Devon; E. Ekwall; Dictionary of English Place-Names; Watts; Cambridge Dictionary of English Place-names
Northam,'North homestead/village'.,"hām Old English - A village, a village community, a manor, an estate, a homestead.; norð Old English - Northern, north.",Gover et al.: Place-names of Devon; A.D. Mills; Dictionary of English Place-Names; E. Ekwall; Dictionary of English Place-Names; Watts; Cambridge Dictionary of English Place-names
Northcott,'North cottage(s)'.,"cot Old English - A cottage, a hut, a shelter, a den.; norð Old English - Northern, north.",A.D. Mills; Dictionary of English Place-Names; Watts; Cambridge Dictionary of English Place-names; E. Ekwall; Dictionary of English Place-Names; Gover et al.: Place-names of Devon
Northleigh,'Wood/clearing'. 'North' to distinguish from Southleigh.,"lēah Old English - A forest, wood, glade, clearing; (later) a pasture, meadow.; norð Old English - Northern, north.",A.D. Mills; Dictionary of English Place-Names; Gover et al.: Place-names of Devon; E. Ekwall; Dictionary of English Place-Names; Watts; Cambridge Dictionary of English Place-names
Northlew,Named after the River Lew.,"norð Old English - Northern, north.; River-name Unknown - River-name",A.D. Mills; Dictionary of English Place-Names; E. Ekwall; Dictionary of English Place-Names; Watts; Cambridge Dictionary of English Place-names; Gover et al.: Place-names of Devon
Nymet Rowland,'Holy place'. It was held by one 'Roland' in the 12th century.,nïṽed C; Personal name (Uncertain) Unknown - Personal name,Gover et al.: Place-names of Devon; E. Ekwall; Dictionary of English Place-Names; A.D. Mills; Dictionary of English Place-Names; Watts; Cambridge Dictionary of English Place-names
Oakford,'Oak-tree ford'.,āc Old English - An oak-tree.; ford Old English - A ford.,E. Ekwall; Dictionary of English Place-Names; A.D. Mills; Dictionary of English Place-Names; Watts; Cambridge Dictionary of English Place-names; Gover et al.: Place-names of Devon
Offwell,'Uffa's spring/stream'.,Personal name (Old English) Old English - Personal name; wella Old English,A.D. Mills; Dictionary of English Place-Names; E. Ekwall; Dictionary of English Place-Names; Watts; Cambridge Dictionary of English Place-names; Gover et al.: Place-names of Devon
Okehampton,'River Okement farm/settlement'.,River-name Unknown - River-name; tūn Old English - An enclosure; a farmstead; a village; an estate.,Gover et al.: Place-names of Devon; E. Ekwall; Dictionary of English Place-Names; Watts; Cambridge Dictionary of English Place-names; A.D. Mills; Dictionary of English Place-Names
Otterton,'River Otter farm/settlement'.,River-name Unknown - River-name; tūn Old English - An enclosure; a farmstead; a village; an estate.,Watts; Cambridge Dictionary of English Place-names; A.D. Mills; Dictionary of English Place-Names; Gover et al.: Place-names of Devon; E. Ekwall; Dictionary of English Place-Names
Ottery St. Mary,Named from the River Otter. The church is dedicated to St. Mary.,River-name Unknown - River-name; Saint's Name Unknown - Saint's name.,A.D. Mills; Dictionary of English Place-Names; Watts; Cambridge Dictionary of English Place-names; Gover et al.: Place-names of Devon; E. Ekwall; Dictionary of English Place-Names
Pancrasweek,'St. Pancras' specialised-farm'. An earlier name of the place may have been 'Pancoard's specialised-farm' from the continental Germanic personal name.,"Saint's Name Unknown - Saint's name.; wīc Old English - A dwelling; a building or collection of buildings for special purposes; a farm, a dairy farm; a trading or industrial settlement; or (in the plural) a hamlet, village.",Gover et al.: Place-names of Devon; A.D. Mills; Dictionary of English Place-Names; Watts; Cambridge Dictionary of English Place-names; E. Ekwall; Dictionary of English Place-Names
Parkham,'Paddock homestead/village' or 'hemmed-in land'.,"hām Old English - A village, a village community, a manor, an estate, a homestead.; hamm Old English - Land hemmed in by water or marsh (perhaps also by high ground); a river-meadow; cultivated plot on the edge of woodland or moor.; pearroc Old English - A fence enclosing a piece of ground; the ground enclosed within a fence, a small enclosure, a paddock; a fishing enclosure.",Gover et al.: Place-names of Devon; Watts; Cambridge Dictionary of English Place-names; A.D. Mills; Dictionary of English Place-Names; E. Ekwall; Dictionary of English Place-Names
Parracombe,"Uncertain. Possibly, 'pedlars' valley' or perhaps, 'enclosure valley', if the Domesday forms are corrupt.","cumb Old English - A coomb, a valley.  Possibly derived from Welsh ""cumm""; but possibly derived from OE ""cumb"" a vessel, cup, a small measure.; pearroc Old English - A fence enclosing a piece of ground; the ground enclosed within a fence, a small enclosure, a paddock; a fishing enclosure.; peddere Middle English - A pedlar.",Watts; Cambridge Dictionary of English Place-names; E. Ekwall; Dictionary of English Place-Names; A.D. Mills; Dictionary of English Place-Names; Gover et al.: Place-names of Devon
Payhembury,'High fortification'. It was held by someone called Paie.,"burh Old English - A fortified place.; hēah Old English - A high place, a height.; Personal name (Uncertain) Unknown - Personal name",E. Ekwall; Dictionary of English Place-Names; Watts; Cambridge Dictionary of English Place-names; Gover et al.: Place-names of Devon; A.D. Mills; Dictionary of English Place-Names
Peters Marland,'Pool land'. 'Peter' from dedication of the church.,"land Old English - Land (as part of earth's surface); an estate; possibly also new arable area.  In minor and field names: strip in a field-system.; mere Old English - A pond, a pool, a lake.; Saint's Name Unknown - Saint's name.",Gover et al.: Place-names of Devon; A.D. Mills; Dictionary of English Place-Names; E. Ekwall; Dictionary of English Place-Names; Watts; Cambridge Dictionary of English Place-names
Petertavy,Named after the River Tavy. The church is dedicated to the St. Peter.,River-name Unknown - River-name; Saint's Name Unknown - Saint's name.,E. Ekwall; Dictionary of English Place-Names; A.D. Mills; Dictionary of English Place-Names; Watts; Cambridge Dictionary of English Place-names; Gover et al.: Place-names of Devon
Petrockstow,'St. Petrock's place'.,Saint's Name Unknown - Saint's name.; stōw Old English - A place; a place of assembly; a holy place.,Gover et al.: Place-names of Devon; E. Ekwall; Dictionary of English Place-Names; Watts; Cambridge Dictionary of English Place-names; A.D. Mills; Dictionary of English Place-Names
Pilton,'Creek farm/settlement'.,pyll Old English - A tidal creek; possibly also a small stream.; tūn Old English - An enclosure; a farmstead; a village; an estate.,Watts; Cambridge Dictionary of English Place-names; Gover et al.: Place-names of Devon; A.D. Mills; Dictionary of English Place-Names; E. Ekwall; Dictionary of English Place-Names
Pinhoe,"Uncertain. Possibly, 'pin-shaped hill-spur'.","hōh Old English - A heel; a sharply projecting piece of ground.; pinn Old English - A pin, a peg.",Gover et al.: Place-names of Devon; A.D. Mills; Dictionary of English Place-Names; E. Ekwall; Dictionary of English Place-Names; Watts; Cambridge Dictionary of English Place-names
Plymouth,'River Plym mouth'.,"mūða Old English - The mouth of a large river, an estuary.; River-name Unknown - River-name",Gover et al.: Place-names of Devon; Watts; Cambridge Dictionary of English Place-names; A.D. Mills; Dictionary of English Place-Names; E. Ekwall; Dictionary of English Place-Names
Plympton Erle or St. Maurice,'Plum-tree farm/settlement'.,"comes Latin - A fellow-traveler, a companion or attendant.  Used of an earl.; plȳme Old English - A plum; a plum-tree.; Saint's Name Unknown - Saint's name.; tūn Old English - An enclosure; a farmstead; a village; an estate.",Watts; Cambridge Dictionary of English Place-names; Gover et al.: Place-names of Devon; A.D. Mills; Dictionary of English Place-Names; E. Ekwall; Dictionary of English Place-Names
Plympton St Mary,'Plum-tree farm/settlement'.,plȳme Old English - A plum; a plum-tree.; Saint's Name Unknown - Saint's name.; tūn Old English - An enclosure; a farmstead; a village; an estate.,E. Ekwall; Dictionary of English Place-Names; Watts; Cambridge Dictionary of English Place-names; A.D. Mills; Dictionary of English Place-Names; Gover et al.: Place-names of Devon
Plymstock,"Either, 'Plympton's outlying farm/settlement' or 'plum-tree outlying farm/settlement'.","Place-name Unknown - Place-name; plȳme Old English - A plum; a plum-tree.; stoc Old English - A place, a secondary settlement.",Watts; Cambridge Dictionary of English Place-names; A.D. Mills; Dictionary of English Place-Names; Gover et al.: Place-names of Devon; E. Ekwall; Dictionary of English Place-Names
Plymtree,'Plum-tree'.,"plȳme Old English - A plum; a plum-tree.; trēow Old English - A tree; a large piece of wood, a post, a beam.",Watts; Cambridge Dictionary of English Place-names; A.D. Mills; Dictionary of English Place-Names; E. Ekwall; Dictionary of English Place-Names; Gover et al.: Place-names of Devon
Poltimore,"Uncertain. Possibly, '*Pulta's moor'.","mōr Old English - A marsh, barren upland.; Personal name (Old English) Old English - Personal name",Gover et al.: Place-names of Devon; A.D. Mills; Dictionary of English Place-Names; Watts; Cambridge Dictionary of English Place-names; E. Ekwall; Dictionary of English Place-Names
Poughill,Uncertain. 'Bag-shaped hill' or 'Pohha's hill'.,"hyll Old English - A hill, a natural eminence or elevated piece of ground.; Personal name (Old English) Old English - Personal name; pohha Old English - A pouch, a bag.",E. Ekwall; Dictionary of English Place-Names; Watts; Cambridge Dictionary of English Place-names; Gover et al.: Place-names of Devon; A.D. Mills; Dictionary of English Place-Names
Powderham,'Marshy hemmed-in land'.,hamm Old English - Land hemmed in by water or marsh (perhaps also by high ground); a river-meadow; cultivated plot on the edge of woodland or moor.; polra Old English - Marshy land.,Watts; Cambridge Dictionary of English Place-names; Gover et al.: Place-names of Devon; E. Ekwall; Dictionary of English Place-Names; A.D. Mills; Dictionary of English Place-Names
Puddington,'Farm/settlement connected with Put(t)a'.,"-ingtūn Old English - A settlement called after, or connected with . . .; Personal name (Old English) Old English - Personal name",E. Ekwall; Dictionary of English Place-Names; A.D. Mills; Dictionary of English Place-Names; Gover et al.: Place-names of Devon; Watts; Cambridge Dictionary of English Place-names
Pyworthy,'Gnat enclosure'.,"pēo Old English - An insect, a parasite of some kind.; worðig Old English - An enclosure.",Gover et al.: Place-names of Devon; A.D. Mills; Dictionary of English Place-Names; E. Ekwall; Dictionary of English Place-Names; Watts; Cambridge Dictionary of English Place-names
Rackenford,"Possibly 'ford suitable for riding, by stretch of river'. Alternatively 'ford of the gullies'.","ærne Old English - Suitable for riding or running on (probably on horseback).; ford Old English - A ford.; hraca Old English - A throat; topographically a pass, a narrow passage.; racu Old English - A hollow, a stream, the bed of a stream.",Gover et al.: Place-names of Devon; E. Ekwall; Dictionary of English Place-Names; A.D. Mills; Dictionary of English Place-Names; Watts; Cambridge Dictionary of English Place-names
Rattery,'Red tree'.,"rēad Old English - Red.; trēow Old English - A tree; a large piece of wood, a post, a beam.",Gover et al.: Place-names of Devon; A.D. Mills; Dictionary of English Place-Names; E. Ekwall; Dictionary of English Place-Names; Watts; Cambridge Dictionary of English Place-names
Revelstoke,'Outlying farm/settlement' with the incorporation of the Revel family name.,"Family name Unknown - Family name.; stoc Old English - A place, a secondary settlement.",Gover et al.: Place-names of Devon; Watts; Cambridge Dictionary of English Place-names; A.D. Mills; Dictionary of English Place-Names; E. Ekwall; Dictionary of English Place-Names
Rewe,'Row' of houses.,"rǣw Old English - A row, a row of trees, a row of houses.",A.D. Mills; Dictionary of English Place-Names; Gover et al.: Place-names of Devon; Watts; Cambridge Dictionary of English Place-names; E. Ekwall; Dictionary of English Place-Names
Ringmore,"'Reedy moor' or perhaps, 'cleared moor'.","hrēod Old English - A reed, a rush; a reed-bed.; mōr Old English - A marsh, barren upland.; ryden Old English - A clearing.",A.D. Mills; Dictionary of English Place-Names; Gover et al.: Place-names of Devon; Watts; Cambridge Dictionary of English Place-names; E. Ekwall; Dictionary of English Place-Names
Roborough,'Rough hill/mound'.,berg Old English; rūh Old English - Rough.,A.D. Mills; Dictionary of English Place-Names; Watts; Cambridge Dictionary of English Place-names; E. Ekwall; Dictionary of English Place-Names; Gover et al.: Place-names of Devon
Rockbeare,'Rook grove'.,bearu Old English - A grove.  (Usually refers to a wood of limited extent rather than to forest areas.); hrōc Old English - A rook.,Watts; Cambridge Dictionary of English Place-names; E. Ekwall; Dictionary of English Place-Names; A.D. Mills; Dictionary of English Place-Names; Gover et al.: Place-names of Devon
Romansleigh,'Wood/clearing' with the later addition of the Celtic saint name 'Rumon' from the dedication of the church.,"lēah Old English - A forest, wood, glade, clearing; (later) a pasture, meadow.; Saint's Name Unknown - Saint's name.",Gover et al.: Place-names of Devon; Watts; Cambridge Dictionary of English Place-names; E. Ekwall; Dictionary of English Place-Names; A.D. Mills; Dictionary of English Place-Names
Rose Ash,'Ash-tree'. It was held by the Ralph family in the 12th century.,æsc Old English; Personal name (Uncertain) Unknown - Personal name,Gover et al.: Place-names of Devon; E. Ekwall; Dictionary of English Place-Names; A.D. Mills; Dictionary of English Place-Names; Watts; Cambridge Dictionary of English Place-names
Rousdon,'Hill'. It was held by the Ralph family in the 12th century.,dūn Old English - A hill.; Family name Unknown - Family name.,E. Ekwall; Dictionary of English Place-Names; Gover et al.: Place-names of Devon; Watts; Cambridge Dictionary of English Place-names; A.D. Mills; Dictionary of English Place-Names
Salcombe,'Salt valley'.,"cumb Old English - A coomb, a valley.  Possibly derived from Welsh ""cumm""; but possibly derived from OE ""cumb"" a vessel, cup, a small measure.; salt Old English",Watts; Cambridge Dictionary of English Place-names; E. Ekwall; Dictionary of English Place-Names; A.D. Mills; Dictionary of English Place-Names; Gover et al.: Place-names of Devon
Salcombe Regis,'Salt valley'. It was a royal possession.,"cumb Old English - A coomb, a valley.  Possibly derived from Welsh ""cumm""; but possibly derived from OE ""cumb"" a vessel, cup, a small measure.; rex Latin - A king.; salt Old English",Watts; Cambridge Dictionary of English Place-names; E. Ekwall; Dictionary of English Place-Names; Gover et al.: Place-names of Devon; A.D. Mills; Dictionary of English Place-Names
Sampford Courtenay,'Sandy ford'. It was held by the Curtenay family in the 13th century.,Family name Unknown - Family name.; ford Old English - A ford.; sand Old English - Sand.,Gover et al.: Place-names of Devon; A.D. Mills; Dictionary of English Place-Names; Watts; Cambridge Dictionary of English Place-names; E. Ekwall; Dictionary of English Place-Names
Sampford Peverell,'Sandy ford'. It was held by the Peverel family in the 12th century.,Family name Unknown - Family name.; ford Old English - A ford.; sand Old English - Sand.,E. Ekwall; Dictionary of English Place-Names; A.D. Mills; Dictionary of English Place-Names; Gover et al.: Place-names of Devon; Watts; Cambridge Dictionary of English Place-names
Sampford Spiney,'Sandy ford'. It was held by the Spiney family in the 13th century.,Family name Unknown - Family name.; ford Old English - A ford.; sand Old English - Sand.,A.D. Mills; Dictionary of English Place-Names; E. Ekwall; Dictionary of English Place-Names; Watts; Cambridge Dictionary of English Place-names; Gover et al.: Place-names of Devon
Sandford,'Sandy ford'.,ford Old English - A ford.; sand Old English - Sand.,A.D. Mills; Dictionary of English Place-Names; Watts; Cambridge Dictionary of English Place-names; Gover et al.: Place-names of Devon; E. Ekwall; Dictionary of English Place-Names
Satterleigh,"Possibly, 'robbers' wood/clearing'.","lēah Old English - A forest, wood, glade, clearing; (later) a pasture, meadow.; sǣtere Old English - A robber.",E. Ekwall; Dictionary of English Place-Names; A.D. Mills; Dictionary of English Place-Names; Gover et al.: Place-names of Devon; Watts; Cambridge Dictionary of English Place-names
Seaton and Beer,"'Sea farm/settlement'. Either, 'small grove' or 'woodland swine pasture'.","bǣr Old English - Pasture, especially pasture in woodland for swine.; bearu Old English - A grove.  (Usually refers to a wood of limited extent rather than to forest areas.); sǣ Old English - A lake; sea.  Usually means ""sea"" when used as a first element, and ""lake"" when used as a second element.; tūn Old English - An enclosure; a farmstead; a village; an estate.",Gover et al.: Place-names of Devon; Watts; Cambridge Dictionary of English Place-names; E. Ekwall; Dictionary of English Place-Names; A.D. Mills; Dictionary of English Place-Names
Shaugh,'Small wood'.,sceaga Old English - A small wood.,E. Ekwall; Dictionary of English Place-Names; Gover et al.: Place-names of Devon; A.D. Mills; Dictionary of English Place-Names; Watts; Cambridge Dictionary of English Place-names
Shebbear,'Shaft grove'.,"bearu Old English - A grove.  (Usually refers to a wood of limited extent rather than to forest areas.); sceaft Old English - A shaft, a pole, probably used of a pole acting as a landmark or boundary post.",A.D. Mills; Dictionary of English Place-Names; Watts; Cambridge Dictionary of English Place-names; E. Ekwall; Dictionary of English Place-Names; Gover et al.: Place-names of Devon
Sheepstor,"Possibly, 'craggy hill thought to resemble a bar or bolt'. Alternatively the first element be 'dung'.","scitel Old English - Dung.; scyttels Old English - A bolt, a bar; a gate which bolts shut.; torr Old English - A rock, a rocky outcrop, a rocky peak.",E. Ekwall; Dictionary of English Place-Names; A.D. Mills; Dictionary of English Place-Names; Gover et al.: Place-names of Devon; Watts; Cambridge Dictionary of English Place-names
Sheepwash,'Sheep dip'.,scēp-wæsce Old English,A.D. Mills; Dictionary of English Place-Names; E. Ekwall; Dictionary of English Place-Names; Gover et al.: Place-names of Devon; Watts; Cambridge Dictionary of English Place-names
Sheldon,'Shelf valley',"denu Old English - A valley.; scelf Old English - A shelf, a shelving terrain; a pinnacle, battlement.",E. Ekwall; Dictionary of English Place-Names; Watts; Cambridge Dictionary of English Place-names; A.D. Mills; Dictionary of English Place-Names; Gover et al.: Place-names of Devon
Sherford,'Bright/clear ford'.,"ford Old English - A ford.; scīr Old English - A shire, a jurisdiction, an administrative district, a county.",Gover et al.: Place-names of Devon; Watts; Cambridge Dictionary of English Place-names; E. Ekwall; Dictionary of English Place-Names; A.D. Mills; Dictionary of English Place-Names
Shillingford,Probably 'ford of the family or followers of a man called *Sciell(a)'. Or first element may be a stream-name.,-ingas Old English - The people of . . . ; the people called after . . .; ford Old English - A ford.; Personal name (Old English) Old English - Personal name; River-name Unknown - River-name,A.D. Mills; Dictionary of English Place-Names; Gover et al.: Place-names of Devon; E. Ekwall; Dictionary of English Place-Names; Watts; Cambridge Dictionary of English Place-names
Shirwell,'The bright/clear spring/stream'.,"scīr Old English - A shire, a jurisdiction, an administrative district, a county.; wella Old English",Gover et al.: Place-names of Devon; A.D. Mills; Dictionary of English Place-Names; Watts; Cambridge Dictionary of English Place-names; E. Ekwall; Dictionary of English Place-Names
Shobrooke,'Hob-goblin brook'.,"brōc Old English - A brook, a stream.  (Used of a stream with a muddy bed and a visible sediment load.); scucca Old English - An evil spirit, a demon.",A.D. Mills; Dictionary of English Place-Names; Gover et al.: Place-names of Devon; Watts; Cambridge Dictionary of English Place-names; E. Ekwall; Dictionary of English Place-Names
Shute,"'Corner of land' or perhaps, 'steep slope'.",scīete Old English; scyte Old English - A shooting; a place where shooting takes place; a place where something shoots out; a steep slope; a rush of water.,Watts; Cambridge Dictionary of English Place-names; A.D. Mills; Dictionary of English Place-Names; Gover et al.: Place-names of Devon; E. Ekwall; Dictionary of English Place-Names
Sidbury,'River Sid fortification'.,burh Old English - A fortified place.; River-name Unknown - River-name,Gover et al.: Place-names of Devon; A.D. Mills; Dictionary of English Place-Names; Watts; Cambridge Dictionary of English Place-names; E. Ekwall; Dictionary of English Place-Names
Sidmouth,'River Sid mouth'.,"mūða Old English - The mouth of a large river, an estuary.; River-name Unknown - River-name",Gover et al.: Place-names of Devon; Watts; Cambridge Dictionary of English Place-names; A.D. Mills; Dictionary of English Place-Names; E. Ekwall; Dictionary of English Place-Names
Silverton,"Probably, 'gully ford farm/settlement'.",ford Old English - A ford.; sulh Old English - A plough; a ploughland (i.e. the amount of land which can be cultivated with one plough).; tūn Old English - An enclosure; a farmstead; a village; an estate.,Gover et al.: Place-names of Devon; Watts; Cambridge Dictionary of English Place-names; A.D. Mills; Dictionary of English Place-Names; E. Ekwall; Dictionary of English Place-Names
Slapton,"'Slippery place farm/settlement', or possibly 'muddy farm/settlement'.","slǣp Old English - A slippery place.  Not certain to have been used of marshes.; slǣpe Old English - Slippery, muddy.; tūn Old English - An enclosure; a farmstead; a village; an estate.",E. Ekwall; Dictionary of English Place-Names; A.D. Mills; Dictionary of English Place-Names; Watts; Cambridge Dictionary of English Place-names; Gover et al.: Place-names of Devon
Sourton,'Neck of land farm/settlement',"swēora Old English - A neck; a neck of land, a col, a hollow on the top of a hill or ridge, a ridge, a narrow strip of water between two shores.; tūn Old English - An enclosure; a farmstead; a village; an estate.",E. Ekwall; Dictionary of English Place-Names; Watts; Cambridge Dictionary of English Place-names; A.D. Mills; Dictionary of English Place-Names; Gover et al.: Place-names of Devon
South Brent,"Possibly, 'steep place'. Alternatively, it may be British in origin: *Brigantia, 'high place'",brant Old English - Steep.,E. Ekwall; Dictionary of English Place-Names; Gover et al.: Place-names of Devon; Watts; Cambridge Dictionary of English Place-names; A.D. Mills; Dictionary of English Place-Names
South Huish,"Literally, 'household'. Used interchangeably with OE hid, 'a hide of land', it later came to denote a measure of land which could support a household. 'South' to distinguish from North Huish.","hīwisc Old English - A household, a family; later a measure of land that would support a family, used interchangeably with hid.",Gover et al.: Place-names of Devon; A.D. Mills; Dictionary of English Place-Names; E. Ekwall; Dictionary of English Place-Names; Watts; Cambridge Dictionary of English Place-names
South Milton,'Middle farm/settlement'.,middel Old English - Middle.; tūn Old English - An enclosure; a farmstead; a village; an estate.,Watts; Cambridge Dictionary of English Place-names; Gover et al.: Place-names of Devon; A.D. Mills; Dictionary of English Place-Names; E. Ekwall; Dictionary of English Place-Names
South Molton,"'Farm/settlement', with an uncertain specific. cf. Molland.",Obscure element Unknown - Obscure element; tūn Old English - An enclosure; a farmstead; a village; an estate.,A.D. Mills; Dictionary of English Place-Names; E. Ekwall; Dictionary of English Place-Names; Watts; Cambridge Dictionary of English Place-names; Gover et al.: Place-names of Devon
South Pool,'Pool'.,pōl Old English - A pool.,A.D. Mills; Dictionary of English Place-Names; E. Ekwall; Dictionary of English Place-Names; Gover et al.: Place-names of Devon; Watts; Cambridge Dictionary of English Place-names
South Tawton,'River Taw farm/settlement'.,River-name Unknown - River-name; tūn Old English - An enclosure; a farmstead; a village; an estate.,Gover et al.: Place-names of Devon; A.D. Mills; Dictionary of English Place-Names; E. Ekwall; Dictionary of English Place-Names; Watts; Cambridge Dictionary of English Place-names
Southleigh,'Wood/clearing'.,"lēah Old English - A forest, wood, glade, clearing; (later) a pasture, meadow.; sūð Old English - South, southern.",E. Ekwall; Dictionary of English Place-Names; Watts; Cambridge Dictionary of English Place-names; Gover et al.: Place-names of Devon; A.D. Mills; Dictionary of English Place-Names
Sowton,"'South farm/settlement'. This replaced an earlier name of Clis, after the River Clyst.","sūð Old English - South, southern.; tūn Old English - An enclosure; a farmstead; a village; an estate.",E. Ekwall; Dictionary of English Place-Names; A.D. Mills; Dictionary of English Place-Names; Gover et al.: Place-names of Devon; Watts; Cambridge Dictionary of English Place-names
Spreyton,'Brushwood farm/settlement'.,"sprǣg Old English - Brushwood, twigs.; tūn Old English - An enclosure; a farmstead; a village; an estate.",A.D. Mills; Dictionary of English Place-Names; Gover et al.: Place-names of Devon; Watts; Cambridge Dictionary of English Place-names; E. Ekwall; Dictionary of English Place-Names
St Giles on the Heath,"Originally, known as 'St. Giles' chapel and 'parish'.",Saint's Name Unknown - Saint's name.,E. Ekwall; Dictionary of English Place-Names; A.D. Mills; Dictionary of English Place-Names; Gover et al.: Place-names of Devon; Watts; Cambridge Dictionary of English Place-names
St Mary Church,The church is dedicated to St. Mary.,Saint's Name Unknown - Saint's name.,E. Ekwall; Dictionary of English Place-Names; Watts; Cambridge Dictionary of English Place-names; A.D. Mills; Dictionary of English Place-Names; Gover et al.: Place-names of Devon
St. Budeaux,"Originally, 'St. Budoc's hide of land' but the second element, OE hid was lost.",Saint's Name Unknown - Saint's name.,A.D. Mills; Dictionary of English Place-Names; Gover et al.: Place-names of Devon; Watts; Cambridge Dictionary of English Place-names; E. Ekwall; Dictionary of English Place-Names
St. Giles in the Wood,"Originally, known as 'St. Giles' place' with the later lost of OE stow.",Saint's Name Unknown - Saint's name.,Gover et al.: Place-names of Devon; Watts; Cambridge Dictionary of English Place-names; A.D. Mills; Dictionary of English Place-Names; E. Ekwall; Dictionary of English Place-Names
St. Nicholas Shaldon,"The church is dedicated to St. Nicholas. Shaldon, an obscure first element with 'hill', is a 17th century fishing village",dūn Old English - A hill.; Obscure element Unknown - Obscure element; Saint's Name Unknown - Saint's name.,E. Ekwall; Dictionary of English Place-Names; A.D. Mills; Dictionary of English Place-Names; Gover et al.: Place-names of Devon; Watts; Cambridge Dictionary of English Place-names
Staverton,'Stoford (= stave ford) farm/settlement'.,"ford Old English - A ford.; stæfer Old English - A pole, a stake.; tūn Old English - An enclosure; a farmstead; a village; an estate.",A.D. Mills; Dictionary of English Place-Names; Watts; Cambridge Dictionary of English Place-names; E. Ekwall; Dictionary of English Place-Names; Gover et al.: Place-names of Devon
Stockland,'Outlying farm's/settlement's land'.,"land Old English - Land (as part of earth's surface); an estate; possibly also new arable area.  In minor and field names: strip in a field-system.; stoc Old English - A place, a secondary settlement.",Gover et al.: Place-names of Devon; E. Ekwall; Dictionary of English Place-Names; A.D. Mills; Dictionary of English Place-Names; Watts; Cambridge Dictionary of English Place-names
Stockleigh English,"Probably, 'tree-stump wood/clearing'. It was held by the Engles family.","Family name Unknown - Family name.; lēah Old English - A forest, wood, glade, clearing; (later) a pasture, meadow.; stocc Old English - A tree-trunk, a stump, a log of wood, a stock (esp. in boundary marks or place-names that denote structures made of logs); a set of stocks as an engine of punishment.",E. Ekwall; Dictionary of English Place-Names; Watts; Cambridge Dictionary of English Place-names; A.D. Mills; Dictionary of English Place-Names; Gover et al.: Place-names of Devon
Stockleigh Pomeroy,"Probably, 'tree-stump wood/clearing'. It was held by the de Pomerai family.","Family name Unknown - Family name.; lēah Old English - A forest, wood, glade, clearing; (later) a pasture, meadow.; stocc Old English - A tree-trunk, a stump, a log of wood, a stock (esp. in boundary marks or place-names that denote structures made of logs); a set of stocks as an engine of punishment.",A.D. Mills; Dictionary of English Place-Names; E. Ekwall; Dictionary of English Place-Names; Watts; Cambridge Dictionary of English Place-names; Gover et al.: Place-names of Devon
Stoke Canon,'Outlying farm/settlement'. It was held by the canons of Exeter monastery.,"canoun Middle English - A canon, a member of a community of clerks or of a cathedral chapter.; stoc Old English - A place, a secondary settlement.",A.D. Mills; Dictionary of English Place-Names; E. Ekwall; Dictionary of English Place-Names; Watts; Cambridge Dictionary of English Place-names; Gover et al.: Place-names of Devon
Stoke Fleming,'Outlying farm/settlement'. It was held by the le Flemeng family in the 13th century.,"Family name Unknown - Family name.; stoc Old English - A place, a secondary settlement.",Watts; Cambridge Dictionary of English Place-names; A.D. Mills; Dictionary of English Place-Names; Gover et al.: Place-names of Devon; E. Ekwall; Dictionary of English Place-Names
Stoke Gabriel,'Outlying farm/settlement'. The church is dedicated to St. Gabriel.,"Saint's Name Unknown - Saint's name.; stoc Old English - A place, a secondary settlement.",E. Ekwall; Dictionary of English Place-Names; A.D. Mills; Dictionary of English Place-Names; Gover et al.: Place-names of Devon; Watts; Cambridge Dictionary of English Place-names
Stoke Rivers,"'Outlying farm/settlement'. It was held by the Redvers or Riveres family, the first earls of Devon, in the 12th century.","Family name Unknown - Family name.; stoc Old English - A place, a secondary settlement.",Gover et al.: Place-names of Devon; Watts; Cambridge Dictionary of English Place-names; E. Ekwall; Dictionary of English Place-Names; A.D. Mills; Dictionary of English Place-Names
Stokeinteignhead,'Outlying farm/settlement' with the later addition of 'ten hides of land'. Ten Hides was a Domesday district comprising 13 manors all containing around 10 hides. Spelling of the name has been influenced by the River Teign.,"hīd Old English - A hide of land; an amount of land for the support of one free family and its dependants; a unit of valuation.; stoc Old English - A place, a secondary settlement.; tēn Old English - Ten.",E. Ekwall; Dictionary of English Place-Names; Gover et al.: Place-names of Devon; A.D. Mills; Dictionary of English Place-Names; Watts; Cambridge Dictionary of English Place-names
Stokenham,'Outlying farm/settlement' in the district of 'Southhammes (south hemmed-in land)'.,"Place-name Unknown - Place-name; stoc Old English - A place, a secondary settlement.",Gover et al.: Place-names of Devon; A.D. Mills; Dictionary of English Place-Names; E. Ekwall; Dictionary of English Place-Names; Watts; Cambridge Dictionary of English Place-names
Stonehouse,'Stone house'.,"hūs Old English - A house; also sometimes used of a building for special purposes.; stān Old English - A stone, stone, rock.",Gover et al.: Place-names of Devon; Watts; Cambridge Dictionary of English Place-names; E. Ekwall; Dictionary of English Place-Names; A.D. Mills; Dictionary of English Place-Names
Stoodleigh,'Wood/clearing where a herd of horses is kept'.,"lēah Old English - A forest, wood, glade, clearing; (later) a pasture, meadow.; stōd Old English - A stud, a herd of horses.",Watts; Cambridge Dictionary of English Place-names; Gover et al.: Place-names of Devon; E. Ekwall; Dictionary of English Place-Names; A.D. Mills; Dictionary of English Place-Names
Stowford,'Stony ford'.,"ford Old English - A ford.; stān Old English - A stone, stone, rock.",Watts; Cambridge Dictionary of English Place-names; A.D. Mills; Dictionary of English Place-Names; Gover et al.: Place-names of Devon; E. Ekwall; Dictionary of English Place-Names
Sutcombe,'*Sutta's valley'.,"cumb Old English - A coomb, a valley.  Possibly derived from Welsh ""cumm""; but possibly derived from OE ""cumb"" a vessel, cup, a small measure.; Personal name (Old English) Old English - Personal name",E. Ekwall; Dictionary of English Place-Names; Gover et al.: Place-names of Devon; A.D. Mills; Dictionary of English Place-Names; Watts; Cambridge Dictionary of English Place-names
Swimbridge,"Uncertain. 'Saewine's bridge'. Alternatively, first element might be 'creek'.","brycg Old English - A bridge; a causeway.; Personal name (Old English) Old English - Personal name; swīn Old English - A swine, a pig.",Watts; Cambridge Dictionary of English Place-names; Gover et al.: Place-names of Devon; E. Ekwall; Dictionary of English Place-Names; A.D. Mills; Dictionary of English Place-Names
Sydenham Damarel,'Broad enclosure'. It was held by the de Albemarle family in the 13th century.,"Family name Unknown - Family name.; hamm Old English - Land hemmed in by water or marsh (perhaps also by high ground); a river-meadow; cultivated plot on the edge of woodland or moor.; sīd Old English - Large, spacious, extensive, long.",E. Ekwall; Dictionary of English Place-Names; Gover et al.: Place-names of Devon; Watts; Cambridge Dictionary of English Place-names; A.D. Mills; Dictionary of English Place-Names
Talaton,'River Tale farm/settlement'.,River-name Unknown - River-name; tūn Old English - An enclosure; a farmstead; a village; an estate.,E. Ekwall; Dictionary of English Place-Names; Gover et al.: Place-names of Devon; A.D. Mills; Dictionary of English Place-Names; Watts; Cambridge Dictionary of English Place-names
Tamerton Foliat,'River Tamar farm/settlement'. It was held by the Foliot family in the 13th century.,Family name Unknown - Family name.; River-name Unknown - River-name; tūn Old English - An enclosure; a farmstead; a village; an estate.,A.D. Mills; Dictionary of English Place-Names; Watts; Cambridge Dictionary of English Place-names; E. Ekwall; Dictionary of English Place-Names; Gover et al.: Place-names of Devon
Tavistock,'River Tavy outlying farm/settlement'.,"River-name Unknown - River-name; stoc Old English - A place, a secondary settlement.",A.D. Mills; Dictionary of English Place-Names; Gover et al.: Place-names of Devon; E. Ekwall; Dictionary of English Place-Names; Watts; Cambridge Dictionary of English Place-names
Tawstock,'River Taw outlying farm/settlement'.,"River-name Unknown - River-name; stoc Old English - A place, a secondary settlement.",Watts; Cambridge Dictionary of English Place-names; A.D. Mills; Dictionary of English Place-Names; E. Ekwall; Dictionary of English Place-Names; Gover et al.: Place-names of Devon
Tedburn St Mary,"'*Tetta's stream' or 'Tette's stream', the latter a feminine personal name. The church is dedicated to St. Mary.",burna Old English - A stream.; Personal name (Old English) Old English - Personal name; Saint's Name Unknown - Saint's name.,E. Ekwall; Dictionary of English Place-Names; Gover et al.: Place-names of Devon; Watts; Cambridge Dictionary of English Place-names; A.D. Mills; Dictionary of English Place-Names
Teigngrace,Named after the River Teign. It was held by the Gras family in the 14th century.,Family name Unknown - Family name.; River-name Unknown - River-name,A.D. Mills; Dictionary of English Place-Names; E. Ekwall; Dictionary of English Place-Names; Watts; Cambridge Dictionary of English Place-names; Gover et al.: Place-names of Devon
Teignmouth,'River Teign mouth'.,"mūða Old English - The mouth of a large river, an estuary.; River-name Unknown - River-name",Gover et al.: Place-names of Devon; E. Ekwall; Dictionary of English Place-Names; A.D. Mills; Dictionary of English Place-Names; Watts; Cambridge Dictionary of English Place-names
Templeton,'Knights Templars' manor'.,temple Middle English - A temple; usually in allusion to properties of the Knights Templar.; tūn Old English - An enclosure; a farmstead; a village; an estate.,A.D. Mills; Dictionary of English Place-Names; Watts; Cambridge Dictionary of English Place-names; Gover et al.: Place-names of Devon; E. Ekwall; Dictionary of English Place-Names
Tetcott,"'*Tetta's cottage' or '*Tette's cottages', the latter a feminine personal name.","cot Old English - A cottage, a hut, a shelter, a den.; Personal name (Old English) Old English - Personal name",Watts; Cambridge Dictionary of English Place-names; E. Ekwall; Dictionary of English Place-Names; A.D. Mills; Dictionary of English Place-Names; Gover et al.: Place-names of Devon
Thelbridge,'Plank bridge'.,"brycg Old English - A bridge; a causeway.; þel Old English - A board, a plank.",Watts; Cambridge Dictionary of English Place-names; E. Ekwall; Dictionary of English Place-Names; Gover et al.: Place-names of Devon; A.D. Mills; Dictionary of English Place-Names
Thornbury,'Thorn-tree fortification'.,burh Old English - A fortified place.; þorn Old English - A hawthorn-tree.,E. Ekwall; Dictionary of English Place-Names; A.D. Mills; Dictionary of English Place-Names; Watts; Cambridge Dictionary of English Place-names; Gover et al.: Place-names of Devon
Thorverton,"'Thorn-tree ford farm/settlement' or perhaps, 'Thurferth's farm/settlement'.",ford Old English - A ford.; Personal name (Old Norse) Old Norse - Personal name; tūn Old English - An enclosure; a farmstead; a village; an estate.; þorn Old English - A hawthorn-tree.,Watts; Cambridge Dictionary of English Place-names; Gover et al.: Place-names of Devon; E. Ekwall; Dictionary of English Place-Names; A.D. Mills; Dictionary of English Place-Names
Throwleigh,'Trough wood/clearing' or 'conduit wood/clearing'.,"lēah Old English - A forest, wood, glade, clearing; (later) a pasture, meadow.; þrūh Old English - A water-pipe, a conduit; a coffin; figuratively a deep valley.",E. Ekwall; Dictionary of English Place-Names; A.D. Mills; Dictionary of English Place-Names; Gover et al.: Place-names of Devon; Watts; Cambridge Dictionary of English Place-names
Thrushelton,'Thrush farm/settlement'.,tūn Old English - An enclosure; a farmstead; a village; an estate.; þryscele Old English - A thrush.,Gover et al.: Place-names of Devon; Watts; Cambridge Dictionary of English Place-names; A.D. Mills; Dictionary of English Place-Names; E. Ekwall; Dictionary of English Place-Names
Thurlestone,'Hole in the stone'.,"stān Old English - A stone, stone, rock.; þyrel Old English - A hole, an opening.",Watts; Cambridge Dictionary of English Place-names; E. Ekwall; Dictionary of English Place-Names; A.D. Mills; Dictionary of English Place-Names; Gover et al.: Place-names of Devon
Tiverton,'Double ford farm/settlement'.,"fyrde Old English - A ford.; tūn Old English - An enclosure; a farmstead; a village; an estate.; twī- Old English - Double, two.",E. Ekwall; Dictionary of English Place-Names; Watts; Cambridge Dictionary of English Place-names; A.D. Mills; Dictionary of English Place-Names; Gover et al.: Place-names of Devon
Topsham,Uncertain. '*Topp's hemmed-in land' or 'hill-top hemmed-in land'.,"hamm Old English - Land hemmed in by water or marsh (perhaps also by high ground); a river-meadow; cultivated plot on the edge of woodland or moor.; Personal name (Old English) Old English - Personal name; topp Old English - A top, the top of a bank or hill.",A.D. Mills; Dictionary of English Place-Names; Gover et al.: Place-names of Devon; E. Ekwall; Dictionary of English Place-Names; Watts; Cambridge Dictionary of English Place-names
Torbryan,'Rocky hill'. It was held by the de Brione family in the 13th century.,"Family name Unknown - Family name.; torr Old English - A rock, a rocky outcrop, a rocky peak.",A.D. Mills; Dictionary of English Place-Names; Gover et al.: Place-names of Devon; Watts; Cambridge Dictionary of English Place-names; E. Ekwall; Dictionary of English Place-Names
Tormoham (Torquay),"'Rocky hill'. It was held by the de Mohun family in 1242. Torquay was primarily a 19th century development, but a small village is known to have existed here in the 17th century.","Family name Unknown - Family name.; torr Old English - A rock, a rocky outcrop, a rocky peak.",Gover et al.: Place-names of Devon; A.D. Mills; Dictionary of English Place-Names; E. Ekwall; Dictionary of English Place-Names; Watts; Cambridge Dictionary of English Place-names
Totnes,'Totta's promontory'.,næss Old English; Personal name (Old English) Old English - Personal name,E. Ekwall; Dictionary of English Place-Names; Gover et al.: Place-names of Devon; Watts; Cambridge Dictionary of English Place-names; A.D. Mills; Dictionary of English Place-Names
Trentishoe,'Circular hill-spur'.,"hōh Old English - A heel; a sharply projecting piece of ground.; trendel Old English - A circle, a ring; something circular in shape.",E. Ekwall; Dictionary of English Place-Names; Gover et al.: Place-names of Devon; Watts; Cambridge Dictionary of English Place-names; A.D. Mills; Dictionary of English Place-Names
Trusham,"Probably a Celtic name, 'place of thorns'.",tre C,A.D. Mills; Dictionary of English Place-Names; E. Ekwall; Dictionary of English Place-Names; Gover et al.: Place-names of Devon; Watts; Cambridge Dictionary of English Place-names
Twitchen,'Cross-roads'.,"twicen Old English - The fork of a road, cross-roads.",E. Ekwall; Dictionary of English Place-Names; A.D. Mills; Dictionary of English Place-Names; Gover et al.: Place-names of Devon; Watts; Cambridge Dictionary of English Place-names
Uffculme,"'Uffa's Culm', a place called after the River Culm.",Personal name (Old English) Old English - Personal name; River-name Unknown - River-name,E. Ekwall; Dictionary of English Place-Names; Watts; Cambridge Dictionary of English Place-names; A.D. Mills; Dictionary of English Place-Names; Gover et al.: Place-names of Devon
Ugborough,'*Ugga's/*Ucga's hill/mound'.,berg Old English; Personal name (Old English) Old English - Personal name,Watts; Cambridge Dictionary of English Place-names; A.D. Mills; Dictionary of English Place-Names; Gover et al.: Place-names of Devon; E. Ekwall; Dictionary of English Place-Names
Uplowman,'Higher up the River Lowman'.,"River-name Unknown - River-name; upp Old English - Up, higher up, upon.",Watts; Cambridge Dictionary of English Place-names; Gover et al.: Place-names of Devon; A.D. Mills; Dictionary of English Place-Names; E. Ekwall; Dictionary of English Place-Names
Uplyme,'Higher up the River Lim'.,"River-name Unknown - River-name; upp Old English - Up, higher up, upon.",Gover et al.: Place-names of Devon; Watts; Cambridge Dictionary of English Place-names; E. Ekwall; Dictionary of English Place-Names; A.D. Mills; Dictionary of English Place-Names
Upottery,'Higher up the River Otter'.,"River-name Unknown - River-name; upp Old English - Up, higher up, upon.",Gover et al.: Place-names of Devon; A.D. Mills; Dictionary of English Place-Names; E. Ekwall; Dictionary of English Place-Names; Watts; Cambridge Dictionary of English Place-names
Upton Hellions,'Higher farm/settlement'. It was held by the de Helihun family in the 13th century.,"Family name Unknown - Family name.; tūn Old English - An enclosure; a farmstead; a village; an estate.; upp Old English - Up, higher up, upon.",Gover et al.: Place-names of Devon; E. Ekwall; Dictionary of English Place-Names; A.D. Mills; Dictionary of English Place-Names; Watts; Cambridge Dictionary of English Place-names
Upton Pyne,'Higher farm/settlement'. It was held by the de Pyn family in the 13th century.,"Family name Unknown - Family name.; tūn Old English - An enclosure; a farmstead; a village; an estate.; upp Old English - Up, higher up, upon.",Watts; Cambridge Dictionary of English Place-names; A.D. Mills; Dictionary of English Place-Names; E. Ekwall; Dictionary of English Place-Names; Gover et al.: Place-names of Devon
Venn Ottery,'River Otter fen'.,"fenn Old English - A fen, a marsh, marshland.; River-name Unknown - River-name",A.D. Mills; Dictionary of English Place-Names; Watts; Cambridge Dictionary of English Place-names; Gover et al.: Place-names of Devon; E. Ekwall; Dictionary of English Place-Names
Virginstow,'St. Bridget the Virgin's place'.,Saint's Name Unknown - Saint's name.; stōw Old English - A place; a place of assembly; a holy place.,A.D. Mills; Dictionary of English Place-Names; Watts; Cambridge Dictionary of English Place-names; Gover et al.: Place-names of Devon; E. Ekwall; Dictionary of English Place-Names
Walkhampton,"The two forms of the place name are '*Wealce farm/settlement' and 'farm/settlement of the *Wealce dwellers'. Wealce is probably an old name for the River Walkham, itself a back-formation from Walkhampton.",hǣme Old English - The inhabitants of a place.; River-name Unknown - River-name; tūn Old English - An enclosure; a farmstead; a village; an estate.,A.D. Mills; Dictionary of English Place-Names; Gover et al.: Place-names of Devon; Watts; Cambridge Dictionary of English Place-names; E. Ekwall; Dictionary of English Place-Names
Warkleigh,'Spider wood/clearing'.,"lēah Old English - A forest, wood, glade, clearing; (later) a pasture, meadow.; wæferce Old English - A spider.",A.D. Mills; Dictionary of English Place-Names; E. Ekwall; Dictionary of English Place-Names; Watts; Cambridge Dictionary of English Place-names; Gover et al.: Place-names of Devon
Washfield,'Washing place open land' or 'open alluvial land'.,"feld Old English - Open country, unencumbered ground (eg. land without trees as opposed to forest, level ground as opposed to hills, land without buildings); arable land (from late tenth century).; wæsc Old English - A washing, a flood.; wæsce Old English - A place for washing.",A.D. Mills; Dictionary of English Place-Names; E. Ekwall; Dictionary of English Place-Names; Watts; Cambridge Dictionary of English Place-names; Gover et al.: Place-names of Devon
Washford Pyne,"Probably, 'wash ford'. It was held by the Pyne family.",Family name Unknown - Family name.; ford Old English - A ford.; wæsce Old English - A place for washing.,E. Ekwall; Dictionary of English Place-Names; A.D. Mills; Dictionary of English Place-Names; Watts; Cambridge Dictionary of English Place-names; Gover et al.: Place-names of Devon
Weare Gifford,'Weir.' It was held by the Giffard family in the 13th century.,"Family name Unknown - Family name.; wer Old English - A weir, a river-dam; a fishing-enlosure in a river.",Gover et al.: Place-names of Devon; E. Ekwall; Dictionary of English Place-Names; Watts; Cambridge Dictionary of English Place-names; A.D. Mills; Dictionary of English Place-Names
Welcombe,'Spring/stream valley'.,"cumb Old English - A coomb, a valley.  Possibly derived from Welsh ""cumm""; but possibly derived from OE ""cumb"" a vessel, cup, a small measure.; wella Old English",Gover et al.: Place-names of Devon; A.D. Mills; Dictionary of English Place-Names; Watts; Cambridge Dictionary of English Place-names; E. Ekwall; Dictionary of English Place-Names
Wembury,"Uncertain. The generic is 'fortification'. 'Holy', 'tumour-shape' and 'wagon' have been suggested as the specific.","burh Old English - A fortified place.; wægn Old English - A wagon, a cart.; wenn Old English - A wen, a tumour; topographically a barrow, a mound.; wēoh Old English - Holy.",Watts; Cambridge Dictionary of English Place-names; E. Ekwall; Dictionary of English Place-Names; Gover et al.: Place-names of Devon; A.D. Mills; Dictionary of English Place-Names
Wembworthy,'*Wemba's enclosure'.,Personal name (Old English) Old English - Personal name; worð Old English - An enclosure.,Gover et al.: Place-names of Devon; A.D. Mills; Dictionary of English Place-Names; Watts; Cambridge Dictionary of English Place-names; E. Ekwall; Dictionary of English Place-Names
Werrington,'Farm/settlement connected with Wulfraed'.,"-ingtūn Old English - A settlement called after, or connected with . . .; Personal name (Old English) Old English - Personal name",A.D. Mills; Dictionary of English Place-Names; E. Ekwall; Dictionary of English Place-Names; Watts; Cambridge Dictionary of English Place-names; Gover et al.: Place-names of Devon
West Alvington,'Farm/settlement connected with Aelf'.,"-ingtūn Old English - A settlement called after, or connected with . . .; Personal name (Old English) Old English - Personal name",A.D. Mills; Dictionary of English Place-Names; Gover et al.: Place-names of Devon; Watts; Cambridge Dictionary of English Place-names; E. Ekwall; Dictionary of English Place-Names
West Anstey,"Probably, 'steep narrow footpath', but the exact form and meaning of the term remains unclear.","ān-stiga Old English - A short ascending road, usually forking at either end.",E. Ekwall; Dictionary of English Place-Names; A.D. Mills; Dictionary of English Place-Names; Gover et al.: Place-names of Devon; Watts; Cambridge Dictionary of English Place-names
West Down,'Hill'. 'West' to distinguish from East Down.,dūn Old English - A hill.,Gover et al.: Place-names of Devon; A.D. Mills; Dictionary of English Place-Names; E. Ekwall; Dictionary of English Place-Names; Watts; Cambridge Dictionary of English Place-names
West Ogwell,'*Wocga's spring/stream'. 'West' to distinguish from East Ogwell.,Personal name (Old English) Old English - Personal name; wella Old English,Watts; Cambridge Dictionary of English Place-names; Gover et al.: Place-names of Devon; E. Ekwall; Dictionary of English Place-Names; A.D. Mills; Dictionary of English Place-Names
West Putford,"Either, 'Putta's ford' or 'hawk ford'. 'West' to distinguish from East Putford.","ford Old English - A ford.; Personal name (Old English) Old English - Personal name; putta Old English - A hawk, a kite.",A.D. Mills; Dictionary of English Place-Names; Watts; Cambridge Dictionary of English Place-names; Gover et al.: Place-names of Devon; E. Ekwall; Dictionary of English Place-Names
Westleigh,'West wood/clearing'.,"lēah Old English - A forest, wood, glade, clearing; (later) a pasture, meadow.; west Old English - Western, west.",A.D. Mills; Dictionary of English Place-Names; E. Ekwall; Dictionary of English Place-Names; Watts; Cambridge Dictionary of English Place-names; Gover et al.: Place-names of Devon
Weston Peverell,'West farm/settlement'. It was held by the Peverel family in the 13th century.,"Family name Unknown - Family name.; tūn Old English - An enclosure; a farmstead; a village; an estate.; west Old English - Western, west.",Gover et al.: Place-names of Devon; E. Ekwall; Dictionary of English Place-Names; Watts; Cambridge Dictionary of English Place-names; A.D. Mills; Dictionary of English Place-Names
Whimple,Originally the name of a stream here.,River-name Unknown - River-name,Watts; Cambridge Dictionary of English Place-names; Gover et al.: Place-names of Devon; E. Ekwall; Dictionary of English Place-Names; A.D. Mills; Dictionary of English Place-Names
Whitchurch,'White church'.,"cirice Old English - A church.; hwīt Old English - White; in early Modern English sometimes ""infertile"" in contrast with black, ""fertile"".",Watts; Cambridge Dictionary of English Place-names; E. Ekwall; Dictionary of English Place-Names; A.D. Mills; Dictionary of English Place-Names; Gover et al.: Place-names of Devon
Whitestone,'The white stone'.,"hwīt Old English - White; in early Modern English sometimes ""infertile"" in contrast with black, ""fertile"".; stān Old English - A stone, stone, rock.",E. Ekwall; Dictionary of English Place-Names; Watts; Cambridge Dictionary of English Place-names; Gover et al.: Place-names of Devon; A.D. Mills; Dictionary of English Place-Names
Widdecombe in the Moor,'Willow-tree valley' or 'wide-valley.,"cumb Old English - A coomb, a valley.  Possibly derived from Welsh ""cumm""; but possibly derived from OE ""cumb"" a vessel, cup, a small measure.; wīd Old English - Wide, spacious.; wīðig Old English - A willow-tree; a withy.",A.D. Mills; Dictionary of English Place-Names; E. Ekwall; Dictionary of English Place-Names; Gover et al.: Place-names of Devon; Watts; Cambridge Dictionary of English Place-names
Widworthy,'Wide enclosure' or perhaps '*Wida's enclosure'.,"Personal name (Old English) Old English - Personal name; wīd Old English - Wide, spacious.; worðig Old English - An enclosure.",Watts; Cambridge Dictionary of English Place-names; E. Ekwall; Dictionary of English Place-Names; Gover et al.: Place-names of Devon; A.D. Mills; Dictionary of English Place-Names
Willand,'Waste land'.,land Old English - Land (as part of earth's surface); an estate; possibly also new arable area.  In minor and field names: strip in a field-system.; wilde Old English - Wild; untamed or undomesticated (animal); uncultivated or desolate (land).,Gover et al.: Place-names of Devon; Watts; Cambridge Dictionary of English Place-names; E. Ekwall; Dictionary of English Place-Names; A.D. Mills; Dictionary of English Place-Names
Winkleigh,"Either, '*Wineca's wood/clearing' or 'corner wood/clearing'.","lēah Old English - A forest, wood, glade, clearing; (later) a pasture, meadow.; Personal name (Old English) Old English - Personal name; wincel Old English - A nook, a corner.",Gover et al.: Place-names of Devon; E. Ekwall; Dictionary of English Place-Names; Watts; Cambridge Dictionary of English Place-names; A.D. Mills; Dictionary of English Place-Names
Witheridge,'Willow-tree ridge' or 'wether-sheep ridge'.,"hrycg Old English - A ridge.; weðer Old English - A castrated ram, a wether.; wīðig Old English - A willow-tree; a withy.",Gover et al.: Place-names of Devon; E. Ekwall; Dictionary of English Place-Names; Watts; Cambridge Dictionary of English Place-names; A.D. Mills; Dictionary of English Place-Names
Withycombe Raleigh,'Willow-tree valley'. It was held by the de Ralegh family in the early 14th century.,"cumb Old English - A coomb, a valley.  Possibly derived from Welsh ""cumm""; but possibly derived from OE ""cumb"" a vessel, cup, a small measure.; Family name Unknown - Family name.; wīðig Old English - A willow-tree; a withy.",A.D. Mills; Dictionary of English Place-Names; E. Ekwall; Dictionary of English Place-Names; Gover et al.: Place-names of Devon; Watts; Cambridge Dictionary of English Place-names
Wolborough,'Wolves' hill'.,berg Old English; wulf Old English - A wolf.,Watts; Cambridge Dictionary of English Place-names; Gover et al.: Place-names of Devon; A.D. Mills; Dictionary of English Place-Names; E. Ekwall; Dictionary of English Place-Names
Woodbury,'Wood fortification'.,"burh Old English - A fortified place.; wudu Old English - A wood; or wood, timber.",A.D. Mills; Dictionary of English Place-Names; Gover et al.: Place-names of Devon; E. Ekwall; Dictionary of English Place-Names; Watts; Cambridge Dictionary of English Place-names
Woodland,'Wood land'.,"land Old English - Land (as part of earth's surface); an estate; possibly also new arable area.  In minor and field names: strip in a field-system.; wudu Old English - A wood; or wood, timber.",E. Ekwall; Dictionary of English Place-Names; Watts; Cambridge Dictionary of English Place-names; Gover et al.: Place-names of Devon; A.D. Mills; Dictionary of English Place-Names
Woodleigh,'Wood clearing'.,"lēah Old English - A forest, wood, glade, clearing; (later) a pasture, meadow.; wudu Old English - A wood; or wood, timber.",A.D. Mills; Dictionary of English Place-Names; E. Ekwall; Dictionary of English Place-Names; Gover et al.: Place-names of Devon; Watts; Cambridge Dictionary of English Place-names
Woolfardisworthy,'Wulfheard's enclosure'.,Personal name (Old English) Old English - Personal name; worðig Old English - An enclosure.,E. Ekwall; Dictionary of English Place-Names; Gover et al.: Place-names of Devon; A.D. Mills; Dictionary of English Place-Names; Watts; Cambridge Dictionary of English Place-names
Woolfardisworthy,'Wulfheard's wood/clearing'.,Personal name (Old English) Old English - Personal name; worðig Old English - An enclosure.,Gover et al.: Place-names of Devon; Watts; Cambridge Dictionary of English Place-names; A.D. Mills; Dictionary of English Place-Names; E. Ekwall; Dictionary of English Place-Names
Yarcombe,'River Yarty valley'.,"cumb Old English - A coomb, a valley.  Possibly derived from Welsh ""cumm""; but possibly derived from OE ""cumb"" a vessel, cup, a small measure.; River-name Unknown - River-name",Gover et al.: Place-names of Devon; Watts; Cambridge Dictionary of English Place-names; E. Ekwall; Dictionary of English Place-Names; A.D. Mills; Dictionary of English Place-Names
Yarnscombe,'Eagle's valley'.,"cumb Old English - A coomb, a valley.  Possibly derived from Welsh ""cumm""; but possibly derived from OE ""cumb"" a vessel, cup, a small measure.; earn Old English - An eagle.",Gover et al.: Place-names of Devon; A.D. Mills; Dictionary of English Place-Names; Watts; Cambridge Dictionary of English Place-names; E. Ekwall; Dictionary of English Place-Names
Yealmpton,'River Yealm farm/settlement'.,River-name Unknown - River-name; tūn Old English - An enclosure; a farmstead; a village; an estate.,A.D. Mills; Dictionary of English Place-Names; Gover et al.: Place-names of Devon; Watts; Cambridge Dictionary of English Place-names; E. Ekwall; Dictionary of English Place-Names
Zeal Monachorum,'Willow-tree'. It was held by the monks of Buckfast Abbey.,"monachus Latin - A monk.; sele Old English - A dwelling, a house, a hall.",A.D. Mills; Dictionary of English Place-Names; Gover et al.: Place-names of Devon; E. Ekwall; Dictionary of English Place-Names; Watts; Cambridge Dictionary of English Place-names
