PlaceName,Etymology,Derivation,ReferenceTitle
Abberton,"'Eadburh's farm/settlement', a feminine personal name.",Personal name (Old English) Old English - Personal name; tūn Old English - An enclosure; a farmstead; a village; an estate.,A.D. Mills; Dictionary of English Place-Names; Watts; Cambridge Dictionary of English Place-names; E. Ekwall; Dictionary of English Place-Names; Reaney; Place-names of Essex
Abbess and Beauchamp Roding,"Two of several Essex parishes called Roding, 'Hrotha's people'. One is distinguished as being held by the Abbess of Barking and the other by the family of William de Beauchamp.",-ingas Old English - The people of . . . ; the people called after . . .; abbesse Middle English - An abbess.; Family name Unknown - Family name.; Personal name (Old English) Old English - Personal name,A.D. Mills; Dictionary of English Place-Names; Reaney; Place-names of Essex; Watts; Cambridge Dictionary of English Place-names; E. Ekwall; Dictionary of English Place-Names
Aldham,'Old homestead/village' or 'Ealda's homestead/village'.,"ald Old English; hām Old English - A village, a village community, a manor, an estate, a homestead.; Personal name (Old English) Old English - Personal name",A.D. Mills; Dictionary of English Place-Names; Reaney; Place-names of Essex; E. Ekwall; Dictionary of English Place-Names; Watts; Cambridge Dictionary of English Place-names
Alphamstone,'Aelfhelm's farm/settlement'.,Personal name (Old English) Old English - Personal name; tūn Old English - An enclosure; a farmstead; a village; an estate.,E. Ekwall; Dictionary of English Place-Names; Reaney; Place-names of Essex; A.D. Mills; Dictionary of English Place-Names; Watts; Cambridge Dictionary of English Place-names
Alresford,'*Aegel's ford'.,ford Old English - A ford.; Personal name (Old English) Old English - Personal name,A.D. Mills; Dictionary of English Place-Names; E. Ekwall; Dictionary of English Place-Names; Reaney; Place-names of Essex; Watts; Cambridge Dictionary of English Place-names
Althorne,'Burnt thorn-tree'.,ge-ǣled Old English - Burnt.; þorn Old English - A hawthorn-tree.,E. Ekwall; Dictionary of English Place-Names; Reaney; Place-names of Essex; Watts; Cambridge Dictionary of English Place-names; A.D. Mills; Dictionary of English Place-Names
Ardleigh,"Uncertain. 'Dwelling-house wood/clearing' or perhaps, 'Earda's wood/clearing'.","eard Old English - A native place.; lēah Old English - A forest, wood, glade, clearing; (later) a pasture, meadow.; Personal name (Old English) Old English - Personal name",A.D. Mills; Dictionary of English Place-Names; Reaney; Place-names of Essex; Watts; Cambridge Dictionary of English Place-names; E. Ekwall; Dictionary of English Place-Names
Arkesden,'Arnkel's valley'.,denu Old English - A valley.; Personal name (Old Norse) Old Norse - Personal name,E. Ekwall; Dictionary of English Place-Names; Watts; Cambridge Dictionary of English Place-names; A.D. Mills; Dictionary of English Place-Names; Reaney; Place-names of Essex
Ashdon,'Hill growing with ash-trees'.,æscen Old English - Growing with ash-trees; ashen; made of ash.; dūn Old English - A hill.,Reaney; Place-names of Essex; Watts; Cambridge Dictionary of English Place-names; A.D. Mills; Dictionary of English Place-Names; E. Ekwall; Dictionary of English Place-Names
Asheldham,"'*Aeschild's homestead/village', a feminine personal name.","hām Old English - A village, a village community, a manor, an estate, a homestead.; Personal name (Old English) Old English - Personal name",Reaney; Place-names of Essex; A.D. Mills; Dictionary of English Place-Names; E. Ekwall; Dictionary of English Place-Names; Watts; Cambridge Dictionary of English Place-names
Ashen,'At the ash-trees'.,æsc Old English,A.D. Mills; Dictionary of English Place-Names; Watts; Cambridge Dictionary of English Place-names; Reaney; Place-names of Essex; E. Ekwall; Dictionary of English Place-Names
Ashingdon,"Either, 'Assa's hill' or 'asses' hill'. The specific was early confused with OE aesc, 'ash-tree'.","assa Old English - An ass, a donkey.; dūn Old English - A hill.; Personal name (Old English) Old English - Personal name",E. Ekwall; Dictionary of English Place-Names; Watts; Cambridge Dictionary of English Place-names; Reaney; Place-names of Essex; A.D. Mills; Dictionary of English Place-Names
Aveley,"'Aelfgyth's wood/clearing', a feminine personal name.","lēah Old English - A forest, wood, glade, clearing; (later) a pasture, meadow.; Personal name (Old English) Old English - Personal name",E. Ekwall; Dictionary of English Place-Names; A.D. Mills; Dictionary of English Place-Names; Reaney; Place-names of Essex; Watts; Cambridge Dictionary of English Place-names
Aythorpe Roding,"One of several Essex parishes called Roding, 'Hrotha's people'. This one is distinguished as 'Aitrop's' Roding.",-ingas Old English - The people of . . . ; the people called after . . .; Personal name (Old English) Old English - Personal name; Personal name (Uncertain) Unknown - Personal name,E. Ekwall; Dictionary of English Place-Names; Reaney; Place-names of Essex; Watts; Cambridge Dictionary of English Place-names; A.D. Mills; Dictionary of English Place-Names
Bardfield Saling,"'Border open land', distinguished by the name of the neighbouring parish of Great Saling.","byrde Old English - A border, an edge, a bank.; feld Old English - Open country, unencumbered ground (eg. land without trees as opposed to forest, level ground as opposed to hills, land without buildings); arable land (from late tenth century).; Place-name Unknown - Place-name",Watts; Cambridge Dictionary of English Place-names; E. Ekwall; Dictionary of English Place-Names; A.D. Mills; Dictionary of English Place-Names; Reaney; Place-names of Essex
Barking,'Berica's people'.,-ingas Old English - The people of . . . ; the people called after . . .; Personal name (Old English) Old English - Personal name,Reaney; Place-names of Essex; A.D. Mills; Dictionary of English Place-Names; Watts; Cambridge Dictionary of English Place-names; E. Ekwall; Dictionary of English Place-Names
Barling,'*Baerla's people'.,-ingas Old English - The people of . . . ; the people called after . . .; Personal name (Old English) Old English - Personal name,A.D. Mills; Dictionary of English Place-Names; Watts; Cambridge Dictionary of English Place-names; E. Ekwall; Dictionary of English Place-Names; Reaney; Place-names of Essex
Barnston,'Beorn's farm/settlement'.,Personal name (Old English) Old English - Personal name; tūn Old English - An enclosure; a farmstead; a village; an estate.,A.D. Mills; Dictionary of English Place-Names; E. Ekwall; Dictionary of English Place-Names; Watts; Cambridge Dictionary of English Place-names; Reaney; Place-names of Essex
Basildon,'Beorhtel's hill'.,dūn Old English - A hill.; Personal name (Old English) Old English - Personal name,E. Ekwall; Dictionary of English Place-Names; Reaney; Place-names of Essex; Watts; Cambridge Dictionary of English Place-names; A.D. Mills; Dictionary of English Place-Names
Beaumont cum Moze,"'Beautiful hill' and 'moss'. Beaumont was earlier known as OE ful and pytt, 'foul pit'.","bel Old French - Fair, beautiful.; mēos Old English - Moss; a mossy place or mossy river.; mont Middle English - A mount, a hill.",E. Ekwall; Dictionary of English Place-Names; Watts; Cambridge Dictionary of English Place-names; A.D. Mills; Dictionary of English Place-Names; Reaney; Place-names of Essex
Becontree Hundred,'Beohha's tree'. Called after,"hundred Old English - One hundred; an administrative division of a county.; Personal name (Old English) Old English - Personal name; trēow Old English - A tree; a large piece of wood, a post, a beam.",Reaney; Place-names of Essex; Anderson (unspecified work)
Belchamp Otton,Otto the Goldsmith,"hām Old English - A village, a village community, a manor, an estate, a homestead.; Personal name (Uncertain) Unknown - Personal name",E. Ekwall; Dictionary of English Place-Names; Watts; Cambridge Dictionary of English Place-names; A.D. Mills; Dictionary of English Place-Names; Reaney; Place-names of Essex
Belchamp St.Paul's,Distinguishing affix from early possession by St Paul's Cathedral.,"hām Old English - A village, a village community, a manor, an estate, a homestead.; Saint's Name Unknown - Saint's name.",Reaney; Place-names of Essex; E. Ekwall; Dictionary of English Place-Names; A.D. Mills; Dictionary of English Place-Names; Watts; Cambridge Dictionary of English Place-names
Belchamp Walter,Distinguishing affix from ownership by a man called Walter a descendant of William de Beauchamp,"hām Old English - A village, a village community, a manor, an estate, a homestead.; Personal name (Uncertain) Unknown - Personal name",E. Ekwall; Dictionary of English Place-Names; Reaney; Place-names of Essex; A.D. Mills; Dictionary of English Place-Names; Watts; Cambridge Dictionary of English Place-names
Berden,"Uncertain. 'Woodland pasture valley' or perhaps, 'cow-shed valley'.","bǣr Old English - Pasture, especially pasture in woodland for swine.; bȳre Old English - A byre, a cow-shed.; denu Old English - A valley.",A.D. Mills; Dictionary of English Place-Names; Watts; Cambridge Dictionary of English Place-names; E. Ekwall; Dictionary of English Place-Names; Reaney; Place-names of Essex
Berners Roding,"One of several Essex parishes called Roding, 'Hrotha's people'. This one is distinguished as belonging to Hugh de Berners in 1086.",-ingas Old English - The people of . . . ; the people called after . . .; Family name Unknown - Family name.; Personal name (Old English) Old English - Personal name,E. Ekwall; Dictionary of English Place-Names; Reaney; Place-names of Essex; A.D. Mills; Dictionary of English Place-Names; Watts; Cambridge Dictionary of English Place-names
Birch,"Probably, 'at the birch tree'.",birce Old English,Watts; Cambridge Dictionary of English Place-names; E. Ekwall; Dictionary of English Place-Names; Reaney; Place-names of Essex; A.D. Mills; Dictionary of English Place-Names
Birchanger,'Birch-tree wooded slope'.,birce Old English; hangra Old English - A sloping wood.  (Used in settlement-names of a gentle rather than steep slope.),Watts; Cambridge Dictionary of English Place-names; Reaney; Place-names of Essex; E. Ekwall; Dictionary of English Place-Names; A.D. Mills; Dictionary of English Place-Names
Birdbrook,'Bird brook'.,"bridd Old English - A bird; a young bird.; brōc Old English - A brook, a stream.  (Used of a stream with a muddy bed and a visible sediment load.)",Reaney; Place-names of Essex; Watts; Cambridge Dictionary of English Place-names; E. Ekwall; Dictionary of English Place-Names; A.D. Mills; Dictionary of English Place-Names
Black and White Notley,'Nut-tree wood/clearing'.,"blæc Old English - Black, dark-coloured, dark.; hnutu Old English - A nut; topographically also a nut-bearing tree.; hwīt Old English - White; in early Modern English sometimes ""infertile"" in contrast with black, ""fertile"".; lēah Old English - A forest, wood, glade, clearing; (later) a pasture, meadow.",E. Ekwall; Dictionary of English Place-Names; A.D. Mills; Dictionary of English Place-Names; Watts; Cambridge Dictionary of English Place-names; Reaney; Place-names of Essex
Blacklow Hundred,'Blaecca's mound/hill'. The site of the mound is unknown. This hundred was absorbed into Whitstone hundred (see entry) by 1221.,hlāw Old English - A tumulus; a hill.; hundred Old English - One hundred; an administrative division of a county.; Personal name (Old English) Old English - Personal name,Smith; Place-names of Gloucestershire; Anderson; English Hundred-Names
Blackmore,"'Black/dark-coloured moor'. The original name of this parish was Fingrith, 'stream of Fin's people' from the OE personal name and rith, 'stream'.","blæc Old English - Black, dark-coloured, dark.; mōr Old English - A marsh, barren upland.",E. Ekwall; Dictionary of English Place-Names; A.D. Mills; Dictionary of English Place-Names; Watts; Cambridge Dictionary of English Place-names; Reaney; Place-names of Essex
Blything Hundred,,-ingas Old English - The people of . . . ; the people called after . . .; hundred Old English - One hundred; an administrative division of a county.; River-name Unknown - River-name,Anderson (unspecified work)
Bobbingworth,Uncertain. 'Enclosure of Bubba's people' or 'enclosure at Bubba's place'.,-ing Old English - Place-name forming suffix.; -ingas Old English - The people of . . . ; the people called after . . .; Personal name (Old English) Old English - Personal name; worð Old English - An enclosure.,Reaney; Place-names of Essex; E. Ekwall; Dictionary of English Place-Names; A.D. Mills; Dictionary of English Place-Names; Watts; Cambridge Dictionary of English Place-names
Bocking,"Either, '*Bocca's people' or '*Bocca's place'",-ing Old English - Place-name forming suffix.; -ingas Old English - The people of . . . ; the people called after . . .; Personal name (Old English) Old English - Personal name,A.D. Mills; Dictionary of English Place-Names; E. Ekwall; Dictionary of English Place-Names; Watts; Cambridge Dictionary of English Place-names; Reaney; Place-names of Essex
Boreham,Probably 'hill homestead/village' or 'hemmed-in land at/by a hill'.,"bor Old English - A hill, an eminence.; hām Old English - A village, a village community, a manor, an estate, a homestead.; hamm Old English - Land hemmed in by water or marsh (perhaps also by high ground); a river-meadow; cultivated plot on the edge of woodland or moor.",E. Ekwall; Dictionary of English Place-Names; A.D. Mills; Dictionary of English Place-Names; Reaney; Place-names of Essex; Watts; Cambridge Dictionary of English Place-names
Borley,'Boar wood/clearing'.,"bār Old English - A boar (wild or domestic).; lēah Old English - A forest, wood, glade, clearing; (later) a pasture, meadow.",Watts; Cambridge Dictionary of English Place-names; Reaney; Place-names of Essex; E. Ekwall; Dictionary of English Place-Names; A.D. Mills; Dictionary of English Place-Names
Bowers Gifford,'Dwellings'. It was held by Willaim Giffard in 1243.,"būr Old English - A cottage, a dwelling; a chamber, a private apartment; a secluded dwelling or place of resort.; Family name Unknown - Family name.",E. Ekwall; Dictionary of English Place-Names; Reaney; Place-names of Essex; Watts; Cambridge Dictionary of English Place-names; A.D. Mills; Dictionary of English Place-Names
Boxted,'Beech-tree place'.,"bōc Old English - A beech-tree.; stede Old English - A place, a site, a locality; a religious house or foundation; a place of communal activity; a farm, a dairy-farm, an estate.",Watts; Cambridge Dictionary of English Place-names; A.D. Mills; Dictionary of English Place-Names; E. Ekwall; Dictionary of English Place-Names; Reaney; Place-names of Essex
Bradfield,'Broad open land'.,"brād Old English - Broad, spacious, wide, large.; feld Old English - Open country, unencumbered ground (eg. land without trees as opposed to forest, level ground as opposed to hills, land without buildings); arable land (from late tenth century).",Watts; Cambridge Dictionary of English Place-names; E. Ekwall; Dictionary of English Place-Names; Reaney; Place-names of Essex; A.D. Mills; Dictionary of English Place-Names
Bradwell-juxta-Coggeshall,'Broad spring/stream' next to Coggeshall.,"brād Old English - Broad, spacious, wide, large.; Place-name Unknown - Place-name; wella Old English",A.D. Mills; Dictionary of English Place-Names; Watts; Cambridge Dictionary of English Place-names; E. Ekwall; Dictionary of English Place-Names; Reaney; Place-names of Essex
Bradwell-juxta-Mare,'Broad spring/stream' on the sea.,"brād Old English - Broad, spacious, wide, large.; wella Old English",E. Ekwall; Dictionary of English Place-Names; Reaney; Place-names of Essex; A.D. Mills; Dictionary of English Place-Names; Watts; Cambridge Dictionary of English Place-names
Braintree,'*Branca's tree'.,"Personal name (Old English) Old English - Personal name; trēow Old English - A tree; a large piece of wood, a post, a beam.",E. Ekwall; Dictionary of English Place-Names; Watts; Cambridge Dictionary of English Place-names; A.D. Mills; Dictionary of English Place-Names; Reaney; Place-names of Essex
Brentwood,"'The burnt wood'. The earliest forms are Latin: 'bosco arso', etc.","berned Old English - Burnt.; wudu Old English - A wood; or wood, timber.",A.D. Mills; Dictionary of English Place-Names; Reaney; Place-names of Essex; E. Ekwall; Dictionary of English Place-Names; Watts; Cambridge Dictionary of English Place-names
Brightlingsea,'Beorhtric's/*Beorhtling's island'.,"ēg Old English - An island.  In ancient settlement-names, most frequently refers to dry ground surrounded by marsh.  Also used of islands in modern sense.  In late OE names: well-watered land.; Personal name (Old English) Old English - Personal name",A.D. Mills; Dictionary of English Place-Names; E. Ekwall; Dictionary of English Place-Names; Reaney; Place-names of Essex; Watts; Cambridge Dictionary of English Place-names
Broomfield,'Broomy open land'.,"brōm Old English - Broom; a thorny bush or shrub.; feld Old English - Open country, unencumbered ground (eg. land without trees as opposed to forest, level ground as opposed to hills, land without buildings); arable land (from late tenth century).",E. Ekwall; Dictionary of English Place-Names; Reaney; Place-names of Essex; Watts; Cambridge Dictionary of English Place-names; A.D. Mills; Dictionary of English Place-Names
Broxted,"Uncertain. 'Badger's head' or perhaps, 'brook's head'.","brōc Old English - A brook, a stream.  (Used of a stream with a muddy bed and a visible sediment load.); brocc Old English - A brock, a badger.; hēafod Old English - A head; an end or source; headland in a field-system; a projecting piece of ground; a hill (often small).",E. Ekwall; Dictionary of English Place-Names; A.D. Mills; Dictionary of English Place-Names; Watts; Cambridge Dictionary of English Place-names; Reaney; Place-names of Essex
Buckhurst Hill,'Beech-tree wooded hill'.,bōc Old English - A beech-tree.; hyrst Old English - A wooded hill.,E. Ekwall; Dictionary of English Place-Names; A.D. Mills; Dictionary of English Place-Names; Reaney; Place-names of Essex; Watts; Cambridge Dictionary of English Place-names
Bucklow Half-hundred,"Either, 'he-goat's hill/mound' or 'Bucca's hill/mound'. The site of the meeting place is unknown. The Domesday half-hundred of Bucklow was later absorbed into Willey hundred.",bucca Old English - A he-goat.; hlāw Old English - A tumulus; a hill.; Personal name (Old English) Old English - Personal name,Anderson (unspecified work); Mawer & Stenton; Place-names of Bedfordshire and Huntingdonshire
Bulmer,'Bull pool'.,"bula Old English - A bull.; mere Old English - A pond, a pool, a lake.",Reaney; Place-names of Essex; E. Ekwall; Dictionary of English Place-Names; A.D. Mills; Dictionary of English Place-Names; Watts; Cambridge Dictionary of English Place-names
Bulphan,'Fortification fen'.,"burh Old English - A fortified place.; fenn Old English - A fen, a marsh, marshland.",A.D. Mills; Dictionary of English Place-Names; Reaney; Place-names of Essex; E. Ekwall; Dictionary of English Place-Names; Watts; Cambridge Dictionary of English Place-names
Bures,'The dwellings'.,"būr Old English - A cottage, a dwelling; a chamber, a private apartment; a secluded dwelling or place of resort.",Reaney; Place-names of Essex; A.D. Mills; Dictionary of English Place-Names; Watts; Cambridge Dictionary of English Place-names; E. Ekwall; Dictionary of English Place-Names
Burnham,'Stream homestead/village'.,"burna Old English - A stream.; hām Old English - A village, a village community, a manor, an estate, a homestead.",E. Ekwall; Dictionary of English Place-Names; A.D. Mills; Dictionary of English Place-Names; Watts; Cambridge Dictionary of English Place-names; Reaney; Place-names of Essex
Buttsbury,"'Botolph's/Botwulf's pear-tree'. Originally called Ginge, 'people of the district'. See also Ingrave, Margaretting.",Personal name (Old English) Old English - Personal name; pirige Old English - A pear-tree.,Watts; Cambridge Dictionary of English Place-names; A.D. Mills; Dictionary of English Place-Names; E. Ekwall; Dictionary of English Place-Names; Reaney; Place-names of Essex
Canewdon,"Possibly, 'hill of Cana's people'.",-ingas Old English - The people of . . . ; the people called after . . .; dūn Old English - A hill.; Personal name (Old English) Old English - Personal name,Reaney; Place-names of Essex; A.D. Mills; Dictionary of English Place-Names; E. Ekwall; Dictionary of English Place-Names; Watts; Cambridge Dictionary of English Place-names
Canvey Island,"Possibly, 'island of Cana's people'.","-ingas Old English - The people of . . . ; the people called after . . .; ēg Old English - An island.  In ancient settlement-names, most frequently refers to dry ground surrounded by marsh.  Also used of islands in modern sense.  In late OE names: well-watered land.; Personal name (Old English) Old English - Personal name",Reaney; Place-names of Essex; E. Ekwall; Dictionary of English Place-Names; A.D. Mills; Dictionary of English Place-Names; Watts; Cambridge Dictionary of English Place-names
Castle Hedingham,"Uncertain. 'Homestead/village of Hethni's people' or 'homestead/village at Hethni's place'. Alternatively, the first element could be 'landing-place'.","-ing Old English - Place-name forming suffix.; -ingas Old English - The people of . . . ; the people called after . . .; castel Old English - A defensive building; a village.; hām Old English - A village, a village community, a manor, an estate, a homestead.; hȳð Old English - A landing place on a river; an inland port.; Personal name (Old English) Old English - Personal name",Watts; Cambridge Dictionary of English Place-names; E. Ekwall; Dictionary of English Place-Names; A.D. Mills; Dictionary of English Place-Names; Reaney; Place-names of Essex
Chadwell,'Cold spring/stream',cald Old English; wella Old English,E. Ekwall; Dictionary of English Place-Names; Watts; Cambridge Dictionary of English Place-names; A.D. Mills; Dictionary of English Place-Names; Reaney; Place-names of Essex
Chafford Hundred,"Possibly,",celf Old English; hundred Old English - One hundred; an administrative division of a county.; Personal name (Old English) Old English - Personal name; worð Old English - An enclosure.,Reaney; Place-names of Essex; Anderson (unspecified work)
Chapel,"Originally, 'Beorhtric's bridge' from the OE personal name and brycg. There was a chapel here from at least 1285.",chapel Middle English - A chapel; occasionally used figuratively for a place for meetings or observance.,A.D. Mills; Dictionary of English Place-Names; Reaney; Place-names of Essex; E. Ekwall; Dictionary of English Place-Names; Watts; Cambridge Dictionary of English Place-names
Chelmsford,'Ceolmaer's ford'. The hundred takes its name from Chelmsford. It was formerly divided into North and South Chelmsford. The site of the meeting-place is unknown.,ford Old English - A ford.; hundred Old English - One hundred; an administrative division of a county.; Personal name (Old English) Old English - Personal name,A.D. Mills; Dictionary of English Place-Names; Watts; Cambridge Dictionary of English Place-names; E. Ekwall; Dictionary of English Place-Names; Reaney; Place-names of Essex; Anderson (unspecified work)
Chickney,"Uncertain. 'Chicken island' or possibly, '*Cicca's island'.","cīcen Old English - A chicken.; ēg Old English - An island.  In ancient settlement-names, most frequently refers to dry ground surrounded by marsh.  Also used of islands in modern sense.  In late OE names: well-watered land.; Personal name (Old English) Old English - Personal name",Reaney; Place-names of Essex; E. Ekwall; Dictionary of English Place-Names; A.D. Mills; Dictionary of English Place-Names; Watts; Cambridge Dictionary of English Place-names
Chignall Smealey and St. James,"Probably 'Cicca's nook of land' or perhaps, 'chickens' nook of land'. The parishes are distinguished by the dedication of the church to St. James and the other as 'smooth clearing'.","cīcen Old English - A chicken.; halh Old English - A nook of land; a small valley; dry ground in marsh; a piece of land projecting from, or detached from, the main area of its administrative unit.; lēah Old English - A forest, wood, glade, clearing; (later) a pasture, meadow.; Personal name (Old English) Old English - Personal name; Saint's Name Unknown - Saint's name.; smēðe Old English - Smooth, level.",A.D. Mills; Dictionary of English Place-Names; Reaney; Place-names of Essex; Watts; Cambridge Dictionary of English Place-names; E. Ekwall; Dictionary of English Place-Names
Chigwell,"Possibly, '*Cicca's spring/stream'. Early forms suggest a possible, 'spring/stream at *Cicca's place'.",-ing Old English - Place-name forming suffix.; Personal name (Old English) Old English - Personal name; wella Old English,Watts; Cambridge Dictionary of English Place-names; Reaney; Place-names of Essex; E. Ekwall; Dictionary of English Place-Names; A.D. Mills; Dictionary of English Place-Names
Childerditch,"Uncertain. Perhaps, '*Cilta's/*Celta's ditch'. See Cheltenham, Gloucestershire.","celte Old English - Meaning and origin unknown.; dīc Old English - A ditch, usually an excavated trench, either defensive or for drainage of water.; Personal name (Old English) Old English - Personal name",Watts; Cambridge Dictionary of English Place-names; A.D. Mills; Dictionary of English Place-Names; Reaney; Place-names of Essex; E. Ekwall; Dictionary of English Place-Names
Chilford Hundred,,"cild Old English - A child, a young person, a boy, a son.; ford Old English - A ford.; hundred Old English - One hundred; an administrative division of a county.",Reaney; Place-names of Cambridgeshire and the Isle of Ely; Anderson (unspecified work)
Chingford,"Uncertain. Possibly, 'Shingle ford'. Alternatively, 'ford of the stump-dwellers', perhaps referring to nearby pile-dwellings.",-ingas Old English - The people of . . . ; the people called after . . .; ceg Old English; ford Old English - A ford.; scingol Old English - A shingle.,Reaney; Place-names of Essex; E. Ekwall; Dictionary of English Place-Names; Watts; Cambridge Dictionary of English Place-names; A.D. Mills; Dictionary of English Place-Names
Chipping Ongar,'Pasture'. It was later granted a 'market' which distinguished it from High Ongar. The hundred is called after Chipping Ongar. The site of the meeting-place has not been positively identified. It has been suggested that it was at Ongar Castle or the more,"anger Old English - Grassland, pasture land.; cēping Old English; hundred Old English - One hundred; an administrative division of a county.",A.D. Mills; Dictionary of English Place-Names; Watts; Cambridge Dictionary of English Place-names; E. Ekwall; Dictionary of English Place-Names; Reaney; Place-names of Essex; Anderson (unspecified work)
Chrishall,'Nook of land dedicated to Christ'.,"Crist Old English - Christ.; halh Old English - A nook of land; a small valley; dry ground in marsh; a piece of land projecting from, or detached from, the main area of its administrative unit.",Reaney; Place-names of Essex; E. Ekwall; Dictionary of English Place-Names; Watts; Cambridge Dictionary of English Place-names; A.D. Mills; Dictionary of English Place-Names
Clavering Half-Hundred,'Clovery place'. Clavering was the caput of the half-hundred. The site of the meeting-place is unknown.,-ing Old English - Place-name forming suffix.; clǣfre Old English - Clover.; hundred Old English - One hundred; an administrative division of a county.,Anderson (unspecified work); E. Ekwall; Dictionary of English Place-Names; Reaney; Place-names of Essex; Watts; Cambridge Dictionary of English Place-names; A.D. Mills; Dictionary of English Place-Names
Colchester,"Uncertain. Perhaps, 'River Colne Roman site'. The Roman name for Colchester was Camulodunum, 'fortification of Camulos', the Celtic god of war. Also Colonia, 'colonial settlement', supporting an alternative argument that this is the first element of Colch","ceaster Old English - A city; an old fortification; a Roman site.; colonia Latin - Colonial town, settlement.; River-name Unknown - River-name",E. Ekwall; Dictionary of English Place-Names; A.D. Mills; Dictionary of English Place-Names; Reaney; Place-names of Essex; Watts; Cambridge Dictionary of English Place-names; Rivet & Smith; Place-names of Roman Britain
Cold Norton,'North farm/settlement'.,"cald Middle English - Cold.; norð Old English - Northern, north.; tūn Old English - An enclosure; a farmstead; a village; an estate.",E. Ekwall; Dictionary of English Place-Names; Reaney; Place-names of Essex; A.D. Mills; Dictionary of English Place-Names; Watts; Cambridge Dictionary of English Place-names
Colne Engaine,Named after the River Colne. It was held by Vital Engaine in 1219.,Family name Unknown - Family name.; River-name Unknown - River-name,Reaney; Place-names of Essex; E. Ekwall; Dictionary of English Place-Names; Watts; Cambridge Dictionary of English Place-names; A.D. Mills; Dictionary of English Place-Names
Copford,'Coppa's ford'.,ford Old English - A ford.; Personal name (Old English) Old English - Personal name,Reaney; Place-names of Essex; Watts; Cambridge Dictionary of English Place-names; E. Ekwall; Dictionary of English Place-Names; A.D. Mills; Dictionary of English Place-Names
Corringham,'Homestead/village of Curra's people'.,"-ingas Old English - The people of . . . ; the people called after . . .; hām Old English - A village, a village community, a manor, an estate, a homestead.; Personal name (Old English) Old English - Personal name",E. Ekwall; Dictionary of English Place-Names; A.D. Mills; Dictionary of English Place-Names; Reaney; Place-names of Essex; Watts; Cambridge Dictionary of English Place-names
Cranham,'Crows' hill-spur'.,crāwe Old English - A crow.; hōh Old English - A heel; a sharply projecting piece of ground.,Watts; Cambridge Dictionary of English Place-names; A.D. Mills; Dictionary of English Place-Names; E. Ekwall; Dictionary of English Place-Names; Reaney; Place-names of Essex
Creeksea,"Uncertain. Possibly, 'creek landing-place'.","crike Middle English - A creek, an inlet.; hȳð Old English - A landing place on a river; an inland port.",Reaney; Place-names of Essex; E. Ekwall; Dictionary of English Place-Names; A.D. Mills; Dictionary of English Place-Names; Watts; Cambridge Dictionary of English Place-names
Cressing,'Water-cress place'.,"cærsing Old English - A place where cress grows, a cress-bed.",Watts; Cambridge Dictionary of English Place-names; A.D. Mills; Dictionary of English Place-Names; Reaney; Place-names of Essex; E. Ekwall; Dictionary of English Place-Names
Dagenham,'Daecca's homestead/village'.,"hām Old English - A village, a village community, a manor, an estate, a homestead.; Personal name (Old English) Old English - Personal name",A.D. Mills; Dictionary of English Place-Names; Watts; Cambridge Dictionary of English Place-names; E. Ekwall; Dictionary of English Place-Names; Reaney; Place-names of Essex
Danbury,Probably 'fortification of Dene's people'.,-ingas Old English - The people of . . . ; the people called after . . .; burh Old English - A fortified place.; Personal name (Old English) Old English - Personal name,A.D. Mills; Dictionary of English Place-Names; Watts; Cambridge Dictionary of English Place-names; E. Ekwall; Dictionary of English Place-Names; Reaney; Place-names of Essex
Debden,'Deep valley'.,denu Old English - A valley.; dēop Old English - Deep.,A.D. Mills; Dictionary of English Place-Names; Watts; Cambridge Dictionary of English Place-names; Reaney; Place-names of Essex; E. Ekwall; Dictionary of English Place-Names
Dengie,"Uncertain. 'Dene's island', 'island of Dene's people' or 'island at Dene's place'. The modern hundred is called after Dengie, but the location of the meeting-place is unknown. In DB, the hundred was called 'Witbrictesherna' (see entry). Maldon Borough is","-ing Old English - Place-name forming suffix.; -ingas Old English - The people of . . . ; the people called after . . .; ēg Old English - An island.  In ancient settlement-names, most frequently refers to dry ground surrounded by marsh.  Also used of islands in modern sense.  In late OE names: well-watered land.; hundred Old English - One hundred; an administrative division of a county.; Personal name (Old English) Old English - Personal name",E. Ekwall; Dictionary of English Place-Names; Anderson (unspecified work); Watts; Cambridge Dictionary of English Place-names; A.D. Mills; Dictionary of English Place-Names; Reaney; Place-names of Essex
Doddinghurst,'Wooded hill of Dudda's/Dodda's people'.,-ingas Old English - The people of . . . ; the people called after . . .; hyrst Old English - A wooded hill.; Personal name (Old English) Old English - Personal name,Reaney; Place-names of Essex; A.D. Mills; Dictionary of English Place-Names; E. Ekwall; Dictionary of English Place-Names; Watts; Cambridge Dictionary of English Place-names
Dovercourt,"The first element may be a lost stream name, 'water' from Celtic dubro-. The second element is 'piece of land cut off'.","corte Old English - A short plot of ground, a piece of land cut off.; River-name Unknown - River-name",Reaney; Place-names of Essex; Watts; Cambridge Dictionary of English Place-names; A.D. Mills; Dictionary of English Place-Names; E. Ekwall; Dictionary of English Place-Names
Downham,'Hill homestead/village'.,"dūn Old English - A hill.; hām Old English - A village, a village community, a manor, an estate, a homestead.",E. Ekwall; Dictionary of English Place-Names; A.D. Mills; Dictionary of English Place-Names; Watts; Cambridge Dictionary of English Place-names; Reaney; Place-names of Essex
Dunton,'Hill farm/settlement.',dūn Old English - A hill.; tūn Old English - An enclosure; a farmstead; a village; an estate.,Watts; Cambridge Dictionary of English Place-names; Reaney; Place-names of Essex; E. Ekwall; Dictionary of English Place-Names; A.D. Mills; Dictionary of English Place-Names
Earls Colne,Named after the River Colne. It was a possession of the Earls of Oxford.,River-name Unknown - River-name,Reaney; Place-names of Essex; A.D. Mills; Dictionary of English Place-Names; E. Ekwall; Dictionary of English Place-Names; Watts; Cambridge Dictionary of English Place-names
East and West Horndon,'Thorn-tree hill'.,dūn Old English - A hill.; þorn Old English - A hawthorn-tree.,Reaney; Place-names of Essex; E. Ekwall; Dictionary of English Place-Names; Watts; Cambridge Dictionary of English Place-names; A.D. Mills; Dictionary of English Place-Names
East and West Mersea,'Pool island'.,"ēg Old English - An island.  In ancient settlement-names, most frequently refers to dry ground surrounded by marsh.  Also used of islands in modern sense.  In late OE names: well-watered land.; mere Old English - A pond, a pool, a lake.",A.D. Mills; Dictionary of English Place-Names; Watts; Cambridge Dictionary of English Place-names; Reaney; Place-names of Essex; E. Ekwall; Dictionary of English Place-Names
East and West Tilbury,"Probably, 'Tila's fortification'. Alternatively, the first element may be 'useful/good', possibly used as a stream name.","burh Old English - A fortified place.; Personal name (Old English) Old English - Personal name; til Old English - Useful, good.",Reaney; Place-names of Essex; E. Ekwall; Dictionary of English Place-Names; A.D. Mills; Dictionary of English Place-Names; Watts; Cambridge Dictionary of English Place-names
East Donyland,'Land connected with Dunna',"-ing- Old English - Connective particle, linking a first element to a final element.; land Old English - Land (as part of earth's surface); an estate; possibly also new arable area.  In minor and field names: strip in a field-system.; Personal name (Old English) Old English - Personal name",Reaney; Place-names of Essex; Watts; Cambridge Dictionary of English Place-names; A.D. Mills; Dictionary of English Place-Names; E. Ekwall; Dictionary of English Place-Names
East Ham,'Hemmed-in land'.,hamm Old English - Land hemmed in by water or marsh (perhaps also by high ground); a river-meadow; cultivated plot on the edge of woodland or moor.,Reaney; Place-names of Essex; Watts; Cambridge Dictionary of English Place-names; E. Ekwall; Dictionary of English Place-Names; A.D. Mills; Dictionary of English Place-Names
East West and South Hanningfield,Probably 'open land of Hana's people'.,"-ingas Old English - The people of . . . ; the people called after . . .; feld Old English - Open country, unencumbered ground (eg. land without trees as opposed to forest, level ground as opposed to hills, land without buildings); arable land (from late tenth century).; Personal name (Old English) Old English - Personal name",E. Ekwall; Dictionary of English Place-Names; Reaney; Place-names of Essex; Watts; Cambridge Dictionary of English Place-names; A.D. Mills; Dictionary of English Place-Names
Easthorpe,'East outlying farm/settlement'.,"ēast Old English - Eastern, east.; þorp Old Norse - A secondary settlement, a dependent outlying farmstead or hamlet.",Watts; Cambridge Dictionary of English Place-names; Reaney; Place-names of Essex; A.D. Mills; Dictionary of English Place-Names; E. Ekwall; Dictionary of English Place-Names
Eastwood,'East wood'.,"ēast Old English - Eastern, east.; wudu Old English - A wood; or wood, timber.",Watts; Cambridge Dictionary of English Place-names; E. Ekwall; Dictionary of English Place-Names; A.D. Mills; Dictionary of English Place-Names; Reaney; Place-names of Essex
Elmdon,'Elm-tree hill'.,dūn Old English - A hill.; elmen Old English - Near or growing with elm-trees; made of elm.,E. Ekwall; Dictionary of English Place-Names; Reaney; Place-names of Essex; A.D. Mills; Dictionary of English Place-Names; Watts; Cambridge Dictionary of English Place-names
Elmstead,'Elm-tree place'.,"elm Old English - An elm-tree.; stede Old English - A place, a site, a locality; a religious house or foundation; a place of communal activity; a farm, a dairy-farm, an estate.",E. Ekwall; Dictionary of English Place-Names; Watts; Cambridge Dictionary of English Place-names; A.D. Mills; Dictionary of English Place-Names; Reaney; Place-names of Essex
Elsenham,'Elesa's homestead/village'.,"hām Old English - A village, a village community, a manor, an estate, a homestead.; Personal name (Old English) Old English - Personal name",Reaney; Place-names of Essex; E. Ekwall; Dictionary of English Place-Names; Watts; Cambridge Dictionary of English Place-names; A.D. Mills; Dictionary of English Place-Names
Epping,'Upland dwellers'.,-ingas Old English - The people of . . . ; the people called after . . .; yppe Old English,A.D. Mills; Dictionary of English Place-Names; E. Ekwall; Dictionary of English Place-Names; Watts; Cambridge Dictionary of English Place-names; Reaney; Place-names of Essex
Fairstead,'Fair place'.,"fæger Old English - Fair, beautiful, pleasant.; stede Old English - A place, a site, a locality; a religious house or foundation; a place of communal activity; a farm, a dairy-farm, an estate.",A.D. Mills; Dictionary of English Place-Names; E. Ekwall; Dictionary of English Place-Names; Reaney; Place-names of Essex; Watts; Cambridge Dictionary of English Place-names
Farnham,'Ferny homestead/village' or 'ferny hemmed-in land'.,"fearn Old English - A fern; ferns; a ferny place.; hām Old English - A village, a village community, a manor, an estate, a homestead.; hamm Old English - Land hemmed in by water or marsh (perhaps also by high ground); a river-meadow; cultivated plot on the edge of woodland or moor.",A.D. Mills; Dictionary of English Place-Names; Reaney; Place-names of Essex; Watts; Cambridge Dictionary of English Place-names; E. Ekwall; Dictionary of English Place-Names
Faulkbourn,'Falcon stream'.,burna Old English - A stream.; falca Old English,Reaney; Place-names of Essex; A.D. Mills; Dictionary of English Place-Names; Watts; Cambridge Dictionary of English Place-names; E. Ekwall; Dictionary of English Place-Names
Feering,'*Fera's people'.,-ingas Old English - The people of . . . ; the people called after . . .; Personal name (Old English) Old English - Personal name,Reaney; Place-names of Essex; A.D. Mills; Dictionary of English Place-Names; Watts; Cambridge Dictionary of English Place-names; E. Ekwall; Dictionary of English Place-Names
Felsted,'Open-land place'.,"feld Old English - Open country, unencumbered ground (eg. land without trees as opposed to forest, level ground as opposed to hills, land without buildings); arable land (from late tenth century).; stede Old English - A place, a site, a locality; a religious house or foundation; a place of communal activity; a farm, a dairy-farm, an estate.",Watts; Cambridge Dictionary of English Place-names; E. Ekwall; Dictionary of English Place-Names; Reaney; Place-names of Essex; A.D. Mills; Dictionary of English Place-Names
Finchingfield,'Open land of Finc's people'.,"-ingas Old English - The people of . . . ; the people called after . . .; feld Old English - Open country, unencumbered ground (eg. land without trees as opposed to forest, level ground as opposed to hills, land without buildings); arable land (from late tenth century).; Personal name (Old English) Old English - Personal name",Reaney; Place-names of Essex; Watts; Cambridge Dictionary of English Place-names; A.D. Mills; Dictionary of English Place-Names; E. Ekwall; Dictionary of English Place-Names
Fingringhoe,"Probably, 'hill-spur of the dwellers on the finger of land'.",-ingas Old English - The people of . . . ; the people called after . . .; finger Old English - Finger.; hōh Old English - A heel; a sharply projecting piece of ground.,E. Ekwall; Dictionary of English Place-Names; Watts; Cambridge Dictionary of English Place-names; A.D. Mills; Dictionary of English Place-Names; Reaney; Place-names of Essex
Fobbing,"Either, 'Fobba's people' or 'Fobba's place'.",-ing Old English - Place-name forming suffix.; -ingas Old English - The people of . . . ; the people called after . . .; Personal name (Old English) Old English - Personal name,A.D. Mills; Dictionary of English Place-Names; Watts; Cambridge Dictionary of English Place-names; E. Ekwall; Dictionary of English Place-Names; Reaney; Place-names of Essex
Fordham,'Ford homestead/village' or 'hemmed-in land at a ford'.,"ford Old English - A ford.; hām Old English - A village, a village community, a manor, an estate, a homestead.; hamm Old English - Land hemmed in by water or marsh (perhaps also by high ground); a river-meadow; cultivated plot on the edge of woodland or moor.",Watts; Cambridge Dictionary of English Place-names; A.D. Mills; Dictionary of English Place-Names; E. Ekwall; Dictionary of English Place-Names; Reaney; Place-names of Essex
Foulness,'Bird promontory'.,fugol Old English - A bird (in a general sense); probably also a domestic bird.; næss Old English,A.D. Mills; Dictionary of English Place-Names; Watts; Cambridge Dictionary of English Place-names; Reaney; Place-names of Essex; E. Ekwall; Dictionary of English Place-Names
Foxearth,'Fox earth'.,"eorðe Old English - Earth, soil, ground; a plot of ground.; fox Old English - A fox.",A.D. Mills; Dictionary of English Place-Names; Watts; Cambridge Dictionary of English Place-names; E. Ekwall; Dictionary of English Place-Names; Reaney; Place-names of Essex
Frating,"Either, 'Fraet(a)'s people' or 'Fraet(a)'s place'.",-ing Old English - Place-name forming suffix.; -ingas Old English - The people of . . . ; the people called after . . .; Personal name (Old English) Old English - Personal name,E. Ekwall; Dictionary of English Place-Names; A.D. Mills; Dictionary of English Place-Names; Reaney; Place-names of Essex; Watts; Cambridge Dictionary of English Place-names
Frinton,"Uncertain. '*Fritha's farm/settlement' or 'protected farm/settlement', perhaps referring to a place that was 'fenced in'. Later known as Frinton on Sea after its development as a seaside resort in the later 19th century.","friðen Old English - Protected, safe, secure.; Personal name (Old English) Old English - Personal name; tūn Old English - An enclosure; a farmstead; a village; an estate.",Reaney; Place-names of Essex; Watts; Cambridge Dictionary of English Place-names; E. Ekwall; Dictionary of English Place-Names; A.D. Mills; Dictionary of English Place-Names
Fryerning,"'People of the district', later distinguished by the addition of 'brethern' to mark its possession by the Knights Hospitallers.","-ingas Old English - The people of . . . ; the people called after . . .; frere Middle English - A friar, a brother, a member of one of the mendicant orders.; gē Old English",A.D. Mills; Dictionary of English Place-Names; Watts; Cambridge Dictionary of English Place-names; E. Ekwall; Dictionary of English Place-Names; Reaney; Place-names of Essex
Fyfield,'Five hides of land'.,fīf Old English - Five.; hīd Old English - A hide of land; an amount of land for the support of one free family and its dependants; a unit of valuation.,Reaney; Place-names of Essex; A.D. Mills; Dictionary of English Place-Names; E. Ekwall; Dictionary of English Place-Names; Watts; Cambridge Dictionary of English Place-names
Gestingthorpe,"'Outlying farm/settlement of *Gyrstel's people'. Alternatively, the specific may be 'dwellers at the gorse place'.","-ingas Old English - The people of . . . ; the people called after . . .; gorst Old English - Gorse, furze.; Personal name (Old English) Old English - Personal name; þorp Old Norse - A secondary settlement, a dependent outlying farmstead or hamlet.",A.D. Mills; Dictionary of English Place-Names; E. Ekwall; Dictionary of English Place-Names; Reaney; Place-names of Essex; Watts; Cambridge Dictionary of English Place-names
Goldhanger,"Uncertain. 'Gold slope' of uncertain significance or, perhaps, 'marigold slope'.","gold Old English - Gold.; golde Old English - A marigold, a marsh marigold.; hangra Old English - A sloping wood.  (Used in settlement-names of a gentle rather than steep slope.)",E. Ekwall; Dictionary of English Place-Names; Reaney; Place-names of Essex; Watts; Cambridge Dictionary of English Place-names; A.D. Mills; Dictionary of English Place-Names
Good and High Easter,"'Sheep-fold'. One parish is distinguished by the OE feminine personal name Godgiefu/Godgyth, the other is 'high'.",eowestre Old English - A sheep-fold.; haut Old French - High.; Personal name (Old English) Old English - Personal name,Reaney; Place-names of Essex; A.D. Mills; Dictionary of English Place-Names; Watts; Cambridge Dictionary of English Place-names; E. Ekwall; Dictionary of English Place-Names
Gosfield,'Goose open land'.,"feld Old English - Open country, unencumbered ground (eg. land without trees as opposed to forest, level ground as opposed to hills, land without buildings); arable land (from late tenth century).; gōs Old English - A goose.",A.D. Mills; Dictionary of English Place-Names; Watts; Cambridge Dictionary of English Place-names; Reaney; Place-names of Essex; E. Ekwall; Dictionary of English Place-Names
Grays Thurrock,"Literally, 'bilge'. The word may also be used to describe the filth which collects in the bottom of a ship's hull. The sense here may be of a place where filthy water collects, referring to the marshes. It was granted to Henry de Grai in 1195.",Family name Unknown - Family name.; þurruc Old English - The bilge of a ship.,A.D. Mills; Dictionary of English Place-Names; Reaney; Place-names of Essex; Watts; Cambridge Dictionary of English Place-names; E. Ekwall; Dictionary of English Place-Names
Great and Little Bardfield,'Border open land'.,"byrde Old English - A border, an edge, a bank.; feld Old English - Open country, unencumbered ground (eg. land without trees as opposed to forest, level ground as opposed to hills, land without buildings); arable land (from late tenth century).; magna Latin - Big, great.; parva Latin - Small.",Watts; Cambridge Dictionary of English Place-names; A.D. Mills; Dictionary of English Place-Names; Reaney; Place-names of Essex; E. Ekwall; Dictionary of English Place-Names
Great and Little Bentley,'Bent-grass wood/clearing'.,"beonet Old English - Bent grass.; lēah Old English - A forest, wood, glade, clearing; (later) a pasture, meadow.; magna Latin - Big, great.; parva Latin - Small.",Watts; Cambridge Dictionary of English Place-names; A.D. Mills; Dictionary of English Place-Names; E. Ekwall; Dictionary of English Place-Names; Reaney; Place-names of Essex
Great and Little Braxted,"Uncertain. Possibly, 'bracken/fern place' or 'thicket place'. Alternatively, 'untilled place'.","bracu Old English - Bracken, fern.; bræc Old English - A brake, brushwood, a thicket.; brǣc Old English - A strip of untilled land.; magna Latin - Big, great.; stede Old English - A place, a site, a locality; a religious house or foundation; a place of communal activity; a farm, a dairy-farm, an estate.",E. Ekwall; Dictionary of English Place-Names; A.D. Mills; Dictionary of English Place-Names; The Vocabulary of English Place-Names; Watts; Cambridge Dictionary of English Place-names; Reaney; Place-names of Essex
Great and Little Bromley,'Broomy wood/clearing'.,"brōm Old English - Broom; a thorny bush or shrub.; lēah Old English - A forest, wood, glade, clearing; (later) a pasture, meadow.",Reaney; Place-names of Essex; A.D. Mills; Dictionary of English Place-Names; E. Ekwall; Dictionary of English Place-Names; Watts; Cambridge Dictionary of English Place-names
Great and Little Burstead,'Fortification site'.,"burh Old English - A fortified place.; magna Latin - Big, great.; parva Latin - Small.; stede Old English - A place, a site, a locality; a religious house or foundation; a place of communal activity; a farm, a dairy-farm, an estate.",Reaney; Place-names of Essex; E. Ekwall; Dictionary of English Place-Names; A.D. Mills; Dictionary of English Place-Names; Watts; Cambridge Dictionary of English Place-names
Great and Little Canfield,'Cana's open land'.,"feld Old English - Open country, unencumbered ground (eg. land without trees as opposed to forest, level ground as opposed to hills, land without buildings); arable land (from late tenth century).; magna Latin - Big, great.; parva Latin - Small.; Personal name (Old English) Old English - Personal name",Reaney; Place-names of Essex; Watts; Cambridge Dictionary of English Place-names; E. Ekwall; Dictionary of English Place-Names; A.D. Mills; Dictionary of English Place-Names
Great and Little Chesterford,'Roman site ford'.,"ceaster Old English - A city; an old fortification; a Roman site.; ford Old English - A ford.; magna Latin - Big, great.",Reaney; Place-names of Essex; Watts; Cambridge Dictionary of English Place-names; A.D. Mills; Dictionary of English Place-Names; E. Ekwall; Dictionary of English Place-Names
Great and Little Clacton,"Uncertain. 'Farm/settlement connected with *Clacc' or perhaps, 'farm/settlement at/called *Claccing (= the hill place)'.","-ing Old English - Place-name forming suffix.; -ing- Old English - Connective particle, linking a first element to a final element.; clacc Old English - A hill, a peak.; Personal name (Old English) Old English - Personal name; tūn Old English - An enclosure; a farmstead; a village; an estate.",E. Ekwall; Dictionary of English Place-Names; Watts; Cambridge Dictionary of English Place-names; Reaney; Place-names of Essex; A.D. Mills; Dictionary of English Place-Names
Great and Little Dunmow,"'Hill meadow'. Great Dunmow was also called 'Chipping' from its market whilst Little Dunmow was known as 'Canoun' from the Priory. The hundred is called after the Great and Little Dunmow, but the site of the meeting-place is unknown.","dūn Old English - A hill.; hundred Old English - One hundred; an administrative division of a county.; magna Latin - Big, great.; māwe Old English - A meadow.; parva Latin - Small.",E. Ekwall; Dictionary of English Place-Names; Watts; Cambridge Dictionary of English Place-names; Anderson (unspecified work); Reaney; Place-names of Essex; A.D. Mills; Dictionary of English Place-Names
Great and Little Easton,"Uncertain. 'Stone island' or perhaps, 'Aega's island'.","ēg Old English - An island.  In ancient settlement-names, most frequently refers to dry ground surrounded by marsh.  Also used of islands in modern sense.  In late OE names: well-watered land.; Personal name (Old English) Old English - Personal name; stān Old English - A stone, stone, rock.",Watts; Cambridge Dictionary of English Place-names; E. Ekwall; Dictionary of English Place-Names; Reaney; Place-names of Essex; A.D. Mills; Dictionary of English Place-Names
Great and Little Hallingbury,"'Fortification of Heall(a)'s people', referring to the Walbury Camp Iron Age fort.","-ingas Old English - The people of . . . ; the people called after . . .; burh Old English - A fortified place.; magna Latin - Big, great.; parva Latin - Small.; Personal name (Old English) Old English - Personal name",E. Ekwall; Dictionary of English Place-Names; Reaney; Place-names of Essex; Watts; Cambridge Dictionary of English Place-names; A.D. Mills; Dictionary of English Place-Names
Great and Little Henny,"'High island', referring to the prominent hill on which the village stands.","ēg Old English - An island.  In ancient settlement-names, most frequently refers to dry ground surrounded by marsh.  Also used of islands in modern sense.  In late OE names: well-watered land.; hēah Old English - A high place, a height.; magna Latin - Big, great.; parva Latin - Small.",Watts; Cambridge Dictionary of English Place-names; Reaney; Place-names of Essex; A.D. Mills; Dictionary of English Place-Names; E. Ekwall; Dictionary of English Place-Names
Great and Little Holland,'Hill-spur land'.,hōh Old English - A heel; a sharply projecting piece of ground.; land Old English - Land (as part of earth's surface); an estate; possibly also new arable area.  In minor and field names: strip in a field-system.,Reaney; Place-names of Essex; Watts; Cambridge Dictionary of English Place-names; E. Ekwall; Dictionary of English Place-Names; A.D. Mills; Dictionary of English Place-Names
Great and Little Horkesley,'Shelter wood/clearing' or 'filthy wood/clearing'.,"horc Old English - A shelter (possibly).; horsc Old English - Foul, dirty.; lēah Old English - A forest, wood, glade, clearing; (later) a pasture, meadow.; magna Latin - Big, great.; parva Latin - Small.",Reaney; Place-names of Essex; A.D. Mills; Dictionary of English Place-Names; E. Ekwall; Dictionary of English Place-Names; Watts; Cambridge Dictionary of English Place-names
Great and Little Ilford,"Probably, 'great and little marsh'. First recorded as 'west' and 'east' marshes.","grēat Old English - Thick, stout, bulky, massive. Later meaning 'big in size'.; lȳtel Old English - Little, small.; wereð Old English - A marsh. (Probably)",Watts; Cambridge Dictionary of English Place-names; Reaney; Place-names of Essex; E. Ekwall; Dictionary of English Place-Names; A.D. Mills; Dictionary of English Place-Names
Great and Little Leighs,'Wood/clearing'.,"lēah Old English - A forest, wood, glade, clearing; (later) a pasture, meadow.; magna Latin - Big, great.; parva Latin - Small.",A.D. Mills; Dictionary of English Place-Names; E. Ekwall; Dictionary of English Place-Names; Reaney; Place-names of Essex; Watts; Cambridge Dictionary of English Place-names
Great and Little Maplestead,'Maple-tree place'.,"mapuldor Old English - A maple-tree.; stede Old English - A place, a site, a locality; a religious house or foundation; a place of communal activity; a farm, a dairy-farm, an estate.",Reaney; Place-names of Essex; Watts; Cambridge Dictionary of English Place-names; E. Ekwall; Dictionary of English Place-Names; A.D. Mills; Dictionary of English Place-Names
Great and Little Oakley,'Oak-tree wood/clearing'.,"āc Old English - An oak-tree.; lēah Old English - A forest, wood, glade, clearing; (later) a pasture, meadow.",Reaney; Place-names of Essex; A.D. Mills; Dictionary of English Place-Names; Watts; Cambridge Dictionary of English Place-names; E. Ekwall; Dictionary of English Place-Names
Great and Little Parndon,'Hill growing with pear trees'.,"dūn Old English - A hill.; magna Latin - Big, great.; parva Latin - Small.; peren Old English - Growing with pears; used substantively of a place where pears grow, a pear-orchard.",Reaney; Place-names of Essex; E. Ekwall; Dictionary of English Place-Names; Watts; Cambridge Dictionary of English Place-names; A.D. Mills; Dictionary of English Place-Names
Great and Little Sampford,'Sandy ford'.,"ford Old English - A ford.; magna Latin - Big, great.; parva Latin - Small.; sand Old English - Sand.",Watts; Cambridge Dictionary of English Place-names; Reaney; Place-names of Essex; E. Ekwall; Dictionary of English Place-Names; A.D. Mills; Dictionary of English Place-Names
Great and Little Stambridge,'Stone bridge'.,"brycg Old English - A bridge; a causeway.; magna Latin - Big, great.; parva Latin - Small.; stān Old English - A stone, stone, rock.",E. Ekwall; Dictionary of English Place-Names; A.D. Mills; Dictionary of English Place-Names; Watts; Cambridge Dictionary of English Place-names; Reaney; Place-names of Essex
Great and Little Totham,'Look-out homestead/village'.,"hām Old English - A village, a village community, a manor, an estate, a homestead.; magna Latin - Big, great.; parva Latin - Small.; tōt Old English - A look-out.",A.D. Mills; Dictionary of English Place-Names; Reaney; Place-names of Essex; E. Ekwall; Dictionary of English Place-Names; Watts; Cambridge Dictionary of English Place-names
Great and Little Wakering,"Possibly, 'Waecer's/Wacor's people' or perhaps, 'watching place'.","-ingas Old English - The people of . . . ; the people called after . . .; magna Latin - Big, great.; parva Latin - Small.; Personal name (Old English) Old English - Personal name; wacol Old English - Watchful, vigilant, watching.",Reaney; Place-names of Essex; Watts; Cambridge Dictionary of English Place-names; E. Ekwall; Dictionary of English Place-Names; A.D. Mills; Dictionary of English Place-Names
Great and Little Waltham,'Forest homestead/village'.,"hām Old English - A village, a village community, a manor, an estate, a homestead.; magna Latin - Big, great.; parva Latin - Small.; wald Old English",E. Ekwall; Dictionary of English Place-Names; A.D. Mills; Dictionary of English Place-Names; Watts; Cambridge Dictionary of English Place-names; Reaney; Place-names of Essex
Great and Little Warley,Uncertain. 'Weir wood/clearing' or perhaps 'treaty wood/clearing'.,"lēah Old English - A forest, wood, glade, clearing; (later) a pasture, meadow.; wǣr Old English; wer Old English - A weir, a river-dam; a fishing-enlosure in a river.",E. Ekwall; Dictionary of English Place-Names; A.D. Mills; Dictionary of English Place-Names; Reaney; Place-names of Essex; Watts; Cambridge Dictionary of English Place-names
Great and Little Wigborough,'Wicga's hill''.,berg Old English; Personal name (Old English) Old English - Personal name,A.D. Mills; Dictionary of English Place-Names; E. Ekwall; Dictionary of English Place-Names; Watts; Cambridge Dictionary of English Place-names; Reaney; Place-names of Essex
Great and Little Yeldham,'Tax homestead/village'.,"gild Old English - A sacrifice, an idol, worship; a tax, a payment; a guild.; hām Old English - A village, a village community, a manor, an estate, a homestead.; magna Latin - Big, great.",E. Ekwall; Dictionary of English Place-Names; A.D. Mills; Dictionary of English Place-Names; Reaney; Place-names of Essex; Watts; Cambridge Dictionary of English Place-names
Great Baddow,Perhaps a Celtic river-name (of uncertain meaning) for what is now called the River Chelmer. 'Great' to distinguish from Little Baddow.,"magna Latin - Big, great.; River-name Unknown - River-name",Reaney; Place-names of Essex; A.D. Mills; Dictionary of English Place-Names; Watts; Cambridge Dictionary of English Place-names; E. Ekwall; Dictionary of English Place-Names
Great Coggeshall,"Uncertain. *Cocc's/*Cogg's nook of land'. Other possible first elements are 'hillock', 'cock' or 'cog'. 'Great' to distinguish from Little Coggeshall in the Witham Hundred.","cocc Old English - A heap; a hillock.; cogg Old English - A cog-wheel, a mill; topographically a hill.; halh Old English - A nook of land; a small valley; dry ground in marsh; a piece of land projecting from, or detached from, the main area of its administrative unit.; Personal name (Old English) Old English - Personal name",Watts; Cambridge Dictionary of English Place-names; E. Ekwall; Dictionary of English Place-Names; A.D. Mills; Dictionary of English Place-Names; Reaney; Place-names of Essex
Great Little and Marks Tey,'Enclosure'. One part of the parish was held by the Merk family.,"Family name Unknown - Family name.; magna Latin - Big, great.; parva Latin - Small.; tīege Old English",E. Ekwall; Dictionary of English Place-Names; A.D. Mills; Dictionary of English Place-Names; Watts; Cambridge Dictionary of English Place-names; Reaney; Place-names of Essex
Great Saling,"Either, 'willow-tree dwellers' or 'willow-tree place'.",-ing Old English - Place-name forming suffix.; -ingas Old English - The people of . . . ; the people called after . . .; salh Old English,A.D. Mills; Dictionary of English Place-Names; E. Ekwall; Dictionary of English Place-Names; Reaney; Place-names of Essex; Watts; Cambridge Dictionary of English Place-names
Greensted,'Green place'.,"grēne Old English - Green, grass-grown.; stede Old English - A place, a site, a locality; a religious house or foundation; a place of communal activity; a farm, a dairy-farm, an estate.",A.D. Mills; Dictionary of English Place-Names; Watts; Cambridge Dictionary of English Place-names; E. Ekwall; Dictionary of English Place-Names; Reaney; Place-names of Essex
Hadleigh,'Heathy wood/clearing'.,"hǣð Old English - Heather; a tract of uncultivated land.; lēah Old English - A forest, wood, glade, clearing; (later) a pasture, meadow.",Reaney; Place-names of Essex; E. Ekwall; Dictionary of English Place-Names; A.D. Mills; Dictionary of English Place-Names; Watts; Cambridge Dictionary of English Place-names
Hadstock,'Hada's outlying farm/settlement'.,"Personal name (Old English) Old English - Personal name; stoc Old English - A place, a secondary settlement.",Watts; Cambridge Dictionary of English Place-names; A.D. Mills; Dictionary of English Place-Names; Reaney; Place-names of Essex; E. Ekwall; Dictionary of English Place-Names
Halstead,'Protection place'.,"hald Old English; stede Old English - A place, a site, a locality; a religious house or foundation; a place of communal activity; a farm, a dairy-farm, an estate.",E. Ekwall; Dictionary of English Place-Names; Reaney; Place-names of Essex; Watts; Cambridge Dictionary of English Place-names; A.D. Mills; Dictionary of English Place-Names
Harlow,"'Army mound/hill'. The hundred takes its name from Harlow. The meeting-place was at Mulberry Green, from OE (ge)mot + be(o)rg, 'assembly hill'. For a similar development of 'mot' to 'mod' cf. Modbury, Devon.",here Old English - An army.; hlāw Old English - A tumulus; a hill.; hundred Old English - One hundred; an administrative division of a county.,E. Ekwall; Dictionary of English Place-Names; Reaney; Place-names of Essex; Anderson (unspecified work); Watts; Cambridge Dictionary of English Place-names; A.D. Mills; Dictionary of English Place-Names
Harwich,'Army camp'.,"here Old English - An army.; wīc Old English - A dwelling; a building or collection of buildings for special purposes; a farm, a dairy farm; a trading or industrial settlement; or (in the plural) a hamlet, village.",Reaney; Place-names of Essex; Watts; Cambridge Dictionary of English Place-names; E. Ekwall; Dictionary of English Place-Names; A.D. Mills; Dictionary of English Place-Names
Hatfield Broad Oak,'Heathy open land' and 'broad oak'.,"āc Old English - An oak-tree.; brād Old English - Broad, spacious, wide, large.; feld Old English - Open country, unencumbered ground (eg. land without trees as opposed to forest, level ground as opposed to hills, land without buildings); arable land (from late tenth century).; hǣð Old English - Heather; a tract of uncultivated land.",E. Ekwall; Dictionary of English Place-Names; A.D. Mills; Dictionary of English Place-Names; Reaney; Place-names of Essex; Watts; Cambridge Dictionary of English Place-names
Hatfield Peverel,'Heathy open land'. It was held by Ralph Peverel in 1086.,"Family name Unknown - Family name.; feld Old English - Open country, unencumbered ground (eg. land without trees as opposed to forest, level ground as opposed to hills, land without buildings); arable land (from late tenth century).; hǣð Old English - Heather; a tract of uncultivated land.",E. Ekwall; Dictionary of English Place-Names; Watts; Cambridge Dictionary of English Place-names; A.D. Mills; Dictionary of English Place-Names; Reaney; Place-names of Essex
Havengore,'Haven mud' or 'haven triangle of land'.,"gāra Old English - A gore, a triangular plot of ground, a point of land.       (Ultimately derived from OE gar, ""spear"", meaning a piece of ground shaped like the head of a spear.); gor Old English - Dirt, dung, filth.; hæfen Old English - A haven, a harbour.",Watts; Cambridge Dictionary of English Place-names; E. Ekwall; Dictionary of English Place-Names; Reaney; Place-names of Essex; A.D. Mills; Dictionary of English Place-Names
Havering-atte-Bower,'*Haefer's people'. 'At the Bower' refers to the nearby residence of the king.,"-ingas Old English - The people of . . . ; the people called after . . .; atten Middle English - At the: used with masculine and neuter nouns.; būr Old English - A cottage, a dwelling; a chamber, a private apartment; a secluded dwelling or place of resort.; Personal name (Old English) Old English - Personal name",Reaney; Place-names of Essex; Watts; Cambridge Dictionary of English Place-names; E. Ekwall; Dictionary of English Place-Names; A.D. Mills; Dictionary of English Place-Names
Hawkwell,'Hook spring/stream'.,haca Old English - A hook.; wella Old English,Watts; Cambridge Dictionary of English Place-names; E. Ekwall; Dictionary of English Place-Names; Reaney; Place-names of Essex; A.D. Mills; Dictionary of English Place-Names
Hazeleigh,'Haegel's wood/clearing'.,"lēah Old English - A forest, wood, glade, clearing; (later) a pasture, meadow.; Personal name (Old English) Old English - Personal name",A.D. Mills; Dictionary of English Place-Names; Watts; Cambridge Dictionary of English Place-names; E. Ekwall; Dictionary of English Place-Names; Reaney; Place-names of Essex
Helion Bumpstead,'Reedy place'. It was held by Tihel de Helion in 1086.,"bune Old English - A reed.; Family name Unknown - Family name.; stede Old English - A place, a site, a locality; a religious house or foundation; a place of communal activity; a farm, a dairy-farm, an estate.",Watts; Cambridge Dictionary of English Place-names; A.D. Mills; Dictionary of English Place-Names; Reaney; Place-names of Essex; E. Ekwall; Dictionary of English Place-Names
Hempstead,'Homestead'.,"hām Old English - A village, a village community, a manor, an estate, a homestead.; stede Old English - A place, a site, a locality; a religious house or foundation; a place of communal activity; a farm, a dairy-farm, an estate.",Watts; Cambridge Dictionary of English Place-names; Reaney; Place-names of Essex; A.D. Mills; Dictionary of English Place-Names; E. Ekwall; Dictionary of English Place-Names
Henham,'High homestead/village' or 'high hemmed-in land'.,"hām Old English - A village, a village community, a manor, an estate, a homestead.; hamm Old English - Land hemmed in by water or marsh (perhaps also by high ground); a river-meadow; cultivated plot on the edge of woodland or moor.; hēah Old English - A high place, a height.",Watts; Cambridge Dictionary of English Place-names; Reaney; Place-names of Essex; E. Ekwall; Dictionary of English Place-Names; A.D. Mills; Dictionary of English Place-Names
Heybridge,"'High bridge'. This name replaced an earlier Tidwoldonton, 'farm/settlement connected with Tidwald'.","brycg Old English - A bridge; a causeway.; hēah Old English - A high place, a height.",A.D. Mills; Dictionary of English Place-Names; Reaney; Place-names of Essex; Watts; Cambridge Dictionary of English Place-names; E. Ekwall; Dictionary of English Place-Names
High Little and Magdalen Laver,'Water crossing'.,"fær Old English - A (difficult) passage.; hēah Old English - A high place, a height.; lagu Old English - The sea, flood, water.; parva Latin - Small.; Saint's Name Unknown - Saint's name.",Reaney; Place-names of Essex; E. Ekwall; Dictionary of English Place-Names; A.D. Mills; Dictionary of English Place-Names; Watts; Cambridge Dictionary of English Place-names
High Ongar,'Pasture'. 'High' to distinguish from Chipping Ongar.,"anger Old English - Grassland, pasture land.; hēah Old English - A high place, a height.",Watts; Cambridge Dictionary of English Place-names; A.D. Mills; Dictionary of English Place-Names; Reaney; Place-names of Essex; E. Ekwall; Dictionary of English Place-Names
High Roding,"One of several Essex parishes called Roding, 'Hrotha's people'. This one is distinguished by its 'high' position.",-ingas Old English - The people of . . . ; the people called after . . .; altus Latin - High.; Personal name (Old English) Old English - Personal name,Reaney; Place-names of Essex; Watts; Cambridge Dictionary of English Place-names; A.D. Mills; Dictionary of English Place-Names; E. Ekwall; Dictionary of English Place-Names
Hinckford Hundred,"Uncertain. 'Homestead/village of Hethni's people' or 'homestead/village at Hethni's place'. Alternatively, the first element could be 'landing-place'. cf. Castle and Sible Hedingham. The meeting-place was at Crouch (Fair) Green, but called le Motstowe, Mu","-ingas Old English - The people of . . . ; the people called after . . .; hām Old English - A village, a village community, a manor, an estate, a homestead.; hundred Old English - One hundred; an administrative division of a county.; hȳð Old English - A landing place on a river; an inland port.; Personal name (Old English) Old English - Personal name",Anderson (unspecified work); Reaney; Place-names of Essex
Hockley,"'Hocca's wood/clearing' or perhaps, 'hock/mallow wood/clearing'.","hocc Old English - A hock, a mallow.; lēah Old English - A forest, wood, glade, clearing; (later) a pasture, meadow.; Personal name (Old English) Old English - Personal name",E. Ekwall; Dictionary of English Place-Names; Reaney; Place-names of Essex; Watts; Cambridge Dictionary of English Place-names; A.D. Mills; Dictionary of English Place-Names
Hornchurch,'Horn church' varying with 'church with horn-like gables'. The significance of the name and the relationship with the church here is unknown.,"cirice Old English - A church.; horn Old English - A horn; something shaped like a horn; a hornlike projection on a building; a projecting piece of land, esp. formed in a river-bend; a projecting headland; a horn-shaped hill.; hornede Old English - Provided with gables.",Reaney; Place-names of Essex; Watts; Cambridge Dictionary of English Place-names; A.D. Mills; Dictionary of English Place-Names; E. Ekwall; Dictionary of English Place-Names
Horndon-on-the-Hill,'Hill called *Horning (= the horn-shaped one)'.,"-ing Old English - Place-name forming suffix.; dūn Old English - A hill.; horn Old English - A horn; something shaped like a horn; a hornlike projection on a building; a projecting piece of land, esp. formed in a river-bend; a projecting headland; a horn-shaped hill.; horning Old English - A bend, a corner, a spit of land; a headland.",E. Ekwall; Dictionary of English Place-Names; Reaney; Place-names of Essex; Watts; Cambridge Dictionary of English Place-names; A.D. Mills; Dictionary of English Place-Names
Hutton,'Hill-spur farm/settlement'.,hōh Old English - A heel; a sharply projecting piece of ground.; tūn Old English - An enclosure; a farmstead; a village; an estate.,E. Ekwall; Dictionary of English Place-Names; Watts; Cambridge Dictionary of English Place-names; A.D. Mills; Dictionary of English Place-Names; Reaney; Place-names of Essex
Ilford,'River Hyle ford'. Hyle is an old name for the River Roding.,ford Old English - A ford.; River-name Unknown - River-name,Watts; Cambridge Dictionary of English Place-names; E. Ekwall; Dictionary of English Place-Names; A.D. Mills; Dictionary of English Place-Names; Reaney; Place-names of Essex
Ingatestone,"'People of the district', distinguished by the addition of ME atte stone, 'at the stone'.",-ingas Old English - The people of . . . ; the people called after . . .; atten Middle English - At the: used with masculine and neuter nouns.; gē Old English; ston Middle English - Stone.,Watts; Cambridge Dictionary of English Place-names; A.D. Mills; Dictionary of English Place-Names; E. Ekwall; Dictionary of English Place-Names; Reaney; Place-names of Essex
Ingrave,'People of the district' with the later incorporation of the personal name Ralf into the place-name.,-ingas Old English - The people of . . . ; the people called after . . .; gē Old English; Personal name (Uncertain) Unknown - Personal name,A.D. Mills; Dictionary of English Place-Names; Watts; Cambridge Dictionary of English Place-names; Reaney; Place-names of Essex; E. Ekwall; Dictionary of English Place-Names
Inworth,'Ina's enclosure'.,Personal name (Old English) Old English - Personal name; worð Old English - An enclosure.,Watts; Cambridge Dictionary of English Place-names; A.D. Mills; Dictionary of English Place-Names; Reaney; Place-names of Essex; E. Ekwall; Dictionary of English Place-Names
Kelvedon,'Cynelaf's valley'.,denu Old English - A valley.; Personal name (Old English) Old English - Personal name,A.D. Mills; Dictionary of English Place-Names; Reaney; Place-names of Essex; E. Ekwall; Dictionary of English Place-Names; Watts; Cambridge Dictionary of English Place-names
Kelvedon Hatch,'Speckled hill'. 'Hatch/gate' was added in the late 13th century and probably referred to a forest gate.,"cylu Old English - Spotted, speckled.; dūn Old English - A hill.; hæcc Old English - A hatch, a grating, a half-gate, a gate; a sluice-gate.",Watts; Cambridge Dictionary of English Place-names; E. Ekwall; Dictionary of English Place-Names; A.D. Mills; Dictionary of English Place-Names; Reaney; Place-names of Essex
Kirby-le-Soken,'Church farm/settlement' in 'the district with special jurisdiction'.,"kirkju-býr Old Norse - A village with a church.; sōcn Old English - The exercise of judicial power, jurisdiction, the district over which a right of jurisdiction was exercised, an estate.",Reaney; Place-names of Essex; E. Ekwall; Dictionary of English Place-Names; Watts; Cambridge Dictionary of English Place-names; A.D. Mills; Dictionary of English Place-Names
Laindon,"Probably, 'River Lyge hill', a lost name for one of the headwaters of the River Crouch, identical to the River Lea. cf. Limbury, Essex.",dūn Old English - A hill.; River-name Unknown - River-name,A.D. Mills; Dictionary of English Place-Names; Reaney; Place-names of Essex; Watts; Cambridge Dictionary of English Place-names; E. Ekwall; Dictionary of English Place-Names
Lamarsh,'Loamy marsh'.,"lām Old English - Loam, clay.; mersc Old English - A marsh.",Watts; Cambridge Dictionary of English Place-names; Reaney; Place-names of Essex; A.D. Mills; Dictionary of English Place-Names; E. Ekwall; Dictionary of English Place-Names
Lambourne,"Uncertain. 'Lamb stream' or perhaps, 'loam stream'.","burna Old English - A stream.; lām Old English - Loam, clay.; lamb Old English - A lamb.",Watts; Cambridge Dictionary of English Place-names; Reaney; Place-names of Essex; A.D. Mills; Dictionary of English Place-Names; E. Ekwall; Dictionary of English Place-Names
Langbridge Hundred,'Long bridge'. The meeting-place may have been the long-bridge which carried the road over the Severn into Gloucester. It was later absorbed into the Dudstone and King's Barton.,"brycg Old English - A bridge; a causeway.; hundred Old English - One hundred; an administrative division of a county.; lang Old English - Long, tall.",Smith; Place-names of Gloucestershire; Anderson; English Hundred-Names
Langdon,'Long hill'.,"dūn Old English - A hill.; lang Old English - Long, tall.",E. Ekwall; Dictionary of English Place-Names; Watts; Cambridge Dictionary of English Place-names; A.D. Mills; Dictionary of English Place-Names; Reaney; Place-names of Essex
Langenhoe,'At the long hill-spur'.,"hōh Old English - A heel; a sharply projecting piece of ground.; lang Old English - Long, tall.",A.D. Mills; Dictionary of English Place-Names; Watts; Cambridge Dictionary of English Place-names; E. Ekwall; Dictionary of English Place-Names; Reaney; Place-names of Essex
Langford,'Long ford',"ford Old English - A ford.; lang Old English - Long, tall.",Watts; Cambridge Dictionary of English Place-names; Reaney; Place-names of Essex; A.D. Mills; Dictionary of English Place-Names; E. Ekwall; Dictionary of English Place-Names
Langham,'Homestead/village of Lahha's people'.,"-ingas Old English - The people of . . . ; the people called after . . .; hām Old English - A village, a village community, a manor, an estate, a homestead.; Personal name (Old English) Old English - Personal name",Reaney; Place-names of Essex; A.D. Mills; Dictionary of English Place-Names; E. Ekwall; Dictionary of English Place-Names; Watts; Cambridge Dictionary of English Place-names
Langley,'Long wood/clearing'.,"lang Old English - Long, tall.; lēah Old English - A forest, wood, glade, clearing; (later) a pasture, meadow.",E. Ekwall; Dictionary of English Place-Names; Reaney; Place-names of Essex; A.D. Mills; Dictionary of English Place-Names; Watts; Cambridge Dictionary of English Place-names
Langtree Hundred,'Tall tree'. The location of the meeting-place is unknown. The hundred name does not appear to have survived in any other names.,"hundred Old English - One hundred; an administrative division of a county.; lang Old English - Long, tall.; trēow Old English - A tree; a large piece of wood, a post, a beam.",Anderson (unspecified work); Gelling; Place-names of Oxfordshire
Latchingdon,"Uncertain. Possibly, 'hill by well-watered ground' or 'trap hill'.",dūn Old English - A hill.; læcen Old English - Abounding in water-channels; having well-watered ground. (Uncertain.),Watts; Cambridge Dictionary of English Place-names; A.D. Mills; Dictionary of English Place-Names; E. Ekwall; Dictionary of English Place-Names; Reaney; Place-names of Essex
Latton,'Leek enclosure/herb garden'.,lēac-tūn Old English - A leek enclosure; a herb garden.,A.D. Mills; Dictionary of English Place-Names; Watts; Cambridge Dictionary of English Place-names; E. Ekwall; Dictionary of English Place-Names; Reaney; Place-names of Essex
Lawford,'*Lealla's ford'.,ford Old English - A ford.; Personal name (Old English) Old English - Personal name,E. Ekwall; Dictionary of English Place-Names; A.D. Mills; Dictionary of English Place-Names; Watts; Cambridge Dictionary of English Place-names; Reaney; Place-names of Essex
Layer Breton,"Originally a river name of Celtic origins, 'Leire', probably identical with that found in Leicester. Lewis Brito ('the Breton') gave land here to St. John's Abbey, Colchester in the 12th century.",Family name Unknown - Family name.; River-name Unknown - River-name,Reaney; Place-names of Essex; A.D. Mills; Dictionary of English Place-Names; Watts; Cambridge Dictionary of English Place-names; E. Ekwall; Dictionary of English Place-Names
Layer de la Haye,"Originally a river name of Celtic origins, 'Leire', probably identical with that found in Leicester. It was held by Iuliana de Haia before 1185.",Family name Unknown - Family name.; River-name Unknown - River-name,A.D. Mills; Dictionary of English Place-Names; E. Ekwall; Dictionary of English Place-Names; Watts; Cambridge Dictionary of English Place-names; Reaney; Place-names of Essex
Layer Marney,"Originally a river name of Celtic origins, 'Leire', probably identical with that found in Leicester. It was held by Hugh de Marinni in 1207.",Family name Unknown - Family name.; River-name Unknown - River-name,Reaney; Place-names of Essex; E. Ekwall; Dictionary of English Place-Names; Watts; Cambridge Dictionary of English Place-names; A.D. Mills; Dictionary of English Place-Names
Leaden Roding,"One of several Essex parishes called Roding, 'Hrotha's people'. This one is distinguished as having the first church in the district to be roofed in lead.",-ingas Old English - The people of . . . ; the people called after . . .; lēaden Old English - Leaden (usually referring to lead roofing).; Personal name (Old English) Old English - Personal name,Reaney; Place-names of Essex; Watts; Cambridge Dictionary of English Place-names; E. Ekwall; Dictionary of English Place-Names; A.D. Mills; Dictionary of English Place-Names
Lee Chapel,'At the woods/clearings'.,"lēah Old English - A forest, wood, glade, clearing; (later) a pasture, meadow.",Reaney; Place-names of Essex; A.D. Mills; Dictionary of English Place-Names; Watts; Cambridge Dictionary of English Place-names; E. Ekwall; Dictionary of English Place-Names
Leigh,'Wood/clearing'.,"lēah Old English - A forest, wood, glade, clearing; (later) a pasture, meadow.",Watts; Cambridge Dictionary of English Place-names; E. Ekwall; Dictionary of English Place-Names; A.D. Mills; Dictionary of English Place-Names; Reaney; Place-names of Essex
Lexden Hundred,,denu Old English - A valley.; hundred Old English - One hundred; an administrative division of a county.; leax Old English - A salmon.,Reaney; Place-names of Essex; Anderson (unspecified work)
Leyton,'River Lea farm/settlement'.,River-name Unknown - River-name; tūn Old English - An enclosure; a farmstead; a village; an estate.,E. Ekwall; Dictionary of English Place-Names; Watts; Cambridge Dictionary of English Place-names; A.D. Mills; Dictionary of English Place-Names; Reaney; Place-names of Essex
Lindsell,'Lime-tree dwelling'.,"lind Old English - A lime-tree.; sele Old English - A dwelling, a house, a hall.",Watts; Cambridge Dictionary of English Place-names; A.D. Mills; Dictionary of English Place-Names; E. Ekwall; Dictionary of English Place-Names; Reaney; Place-names of Essex
Linton,"'Flax farm/settlement'. The earliest forms are: aet twam Lintunum, 'at the two Lintons'.",līn Old English - Flax.; tūn Old English - An enclosure; a farmstead; a village; an estate.,Reaney; Place-names of Cambridgeshire and the Isle of Ely; E. Ekwall; Dictionary of English Place-Names; Watts; Cambridge Dictionary of English Place-names; A.D. Mills; Dictionary of English Place-Names
Liston,"Probably, 'farm/settlement connected with *Lissa'.","-ingtūn Old English - A settlement called after, or connected with . . .; Personal name (Old English) Old English - Personal name",E. Ekwall; Dictionary of English Place-Names; A.D. Mills; Dictionary of English Place-Names; Watts; Cambridge Dictionary of English Place-names; Reaney; Place-names of Essex
Little Baddow,Perhaps a Celtic river-name (of uncertain meaning) for what is now called the River Chelmer. 'Little' to distinguish from Great Baddow.,parva Latin - Small.; River-name Unknown - River-name,Reaney; Place-names of Essex; E. Ekwall; Dictionary of English Place-Names; A.D. Mills; Dictionary of English Place-Names; Watts; Cambridge Dictionary of English Place-names
Little Coggeshall,"Uncertain. *Cocc's/*Cogg's nook of land'. Other possible first elements are 'hillock', 'cock' or 'cog'. 'Little' to distinguish from Great Coggeshall in the Lexden Hundred.","cocc Old English - A heap; a hillock.; cogg Old English - A cog-wheel, a mill; topographically a hill.; halh Old English - A nook of land; a small valley; dry ground in marsh; a piece of land projecting from, or detached from, the main area of its administrative unit.; Personal name (Old English) Old English - Personal name",A.D. Mills; Dictionary of English Place-Names; E. Ekwall; Dictionary of English Place-Names; Watts; Cambridge Dictionary of English Place-names; Reaney; Place-names of Essex
Little Thurrock,"Literally, 'bilge'. The word may also be used to describe the filth which collects in the bottom of a ship's hull. The sense here may be of a place where filthy water collects, referring to the marshes.",parva Latin - Small.; þurruc Old English - The bilge of a ship.,A.D. Mills; Dictionary of English Place-Names; Watts; Cambridge Dictionary of English Place-names; E. Ekwall; Dictionary of English Place-Names; Reaney; Place-names of Essex
Littlebury,"'Little fortification', referring to Ring Hill Iron Age hill-fort.","burh Old English - A fortified place.; lȳtel Old English - Little, small.",A.D. Mills; Dictionary of English Place-Names; Reaney; Place-names of Essex; Watts; Cambridge Dictionary of English Place-names; E. Ekwall; Dictionary of English Place-Names
Loes Hundred,'Pig-sty'. The meeting-place of the hundred is unknown.,"hlōse Old English - A pig-sty; probably originally a shed, a shelter.; hundred Old English - One hundred; an administrative division of a county.",Anderson (unspecified work)
Loughton,'Luhha's farm/settlement' possibly varying with 'farm/settlement connected with Luhha'.,-ing Old English - Place-name forming suffix.; Personal name (Old English) Old English - Personal name; tūn Old English - An enclosure; a farmstead; a village; an estate.,A.D. Mills; Dictionary of English Place-Names; Reaney; Place-names of Essex; Watts; Cambridge Dictionary of English Place-names; E. Ekwall; Dictionary of English Place-Names
Maldon,"'Crucifix hill'. In Domesday and until the 13th century, Maldon Borough was a half-hundred.",dūn Old English - A hill.; hundred Old English - One hundred; an administrative division of a county.; mēl Old English,Reaney; Place-names of Essex; Watts; Cambridge Dictionary of English Place-names; A.D. Mills; Dictionary of English Place-Names; E. Ekwall; Dictionary of English Place-Names
Manningtree,"Either, 'many trees' or 'Manna's tree'.","manig Old English - Many.; Personal name (Old English) Old English - Personal name; trēow Old English - A tree; a large piece of wood, a post, a beam.",Watts; Cambridge Dictionary of English Place-names; A.D. Mills; Dictionary of English Place-Names; E. Ekwall; Dictionary of English Place-Names; Reaney; Place-names of Essex
Manuden,'Valley of Manna's people'.,-ingas Old English - The people of . . . ; the people called after . . .; denu Old English - A valley.; Personal name (Old English) Old English - Personal name,Reaney; Place-names of Essex; E. Ekwall; Dictionary of English Place-Names; A.D. Mills; Dictionary of English Place-Names; Watts; Cambridge Dictionary of English Place-names
Margaret Roding,"One of several Essex parishes called Roding, 'Hrotha's people'. This one is distinguished by the dedication of the church to St. Margaret.",-ingas Old English - The people of . . . ; the people called after . . .; Personal name (Old English) Old English - Personal name; Saint's Name Unknown - Saint's name.,A.D. Mills; Dictionary of English Place-Names; Reaney; Place-names of Essex; Watts; Cambridge Dictionary of English Place-names; E. Ekwall; Dictionary of English Place-Names
Margaretting,'People of the district' distinguished by the dedication of the church to St. Margaret.,-ingas Old English - The people of . . . ; the people called after . . .; gē Old English; Saint's Name Unknown - Saint's name.,A.D. Mills; Dictionary of English Place-Names; E. Ekwall; Dictionary of English Place-Names; Reaney; Place-names of Essex; Watts; Cambridge Dictionary of English Place-names
Markshall,"Either, 'at the boundary dwellings' or 'at Mearc's dwellings'. Early on the dative singular of OE halh, 'nook of land', was substituted for the dative plural OE sele or there were two places containing the same personal name.","halh Old English - A nook of land; a small valley; dry ground in marsh; a piece of land projecting from, or detached from, the main area of its administrative unit.; Personal name (Old English) Old English - Personal name; sele Old English - A dwelling, a house, a hall.",A.D. Mills; Dictionary of English Place-Names; Watts; Cambridge Dictionary of English Place-names; E. Ekwall; Dictionary of English Place-Names; Reaney; Place-names of Essex
Mashbury,'*Maessa's/*Maecca's fortification'.,burh Old English - A fortified place.; Personal name (Old English) Old English - Personal name,A.D. Mills; Dictionary of English Place-Names; E. Ekwall; Dictionary of English Place-Names; Watts; Cambridge Dictionary of English Place-names; Reaney; Place-names of Essex
Matching,'*Maecca's people' or '*Maecca's place'.,-ing Old English - Place-name forming suffix.; -ingas Old English - The people of . . . ; the people called after . . .; Personal name (Old English) Old English - Personal name,Reaney; Place-names of Essex; Watts; Cambridge Dictionary of English Place-names; A.D. Mills; Dictionary of English Place-Names; E. Ekwall; Dictionary of English Place-Names
Mayland,"Uncertain. Perhaps, 'mayweed land'. Alternatively 'at the island' from OE aet thaem eglande.","ēg Old English - An island.  In ancient settlement-names, most frequently refers to dry ground surrounded by marsh.  Also used of islands in modern sense.  In late OE names: well-watered land.; land Old English - Land (as part of earth's surface); an estate; possibly also new arable area.  In minor and field names: strip in a field-system.; mægðe Old English - May-weed.",Watts; Cambridge Dictionary of English Place-names; E. Ekwall; Dictionary of English Place-Names; A.D. Mills; Dictionary of English Place-Names; Reaney; Place-names of Essex
Messing,'*Maecca's people'.,-ingas Old English - The people of . . . ; the people called after . . .; Personal name (Old English) Old English - Personal name,A.D. Mills; Dictionary of English Place-Names; Watts; Cambridge Dictionary of English Place-names; E. Ekwall; Dictionary of English Place-Names; Reaney; Place-names of Essex
Middleton,'Middle farm/settlement'.,middel Old English - Middle.; tūn Old English - An enclosure; a farmstead; a village; an estate.,A.D. Mills; Dictionary of English Place-Names; Reaney; Place-names of Essex; Watts; Cambridge Dictionary of English Place-names; E. Ekwall; Dictionary of English Place-Names
Mistley,'Mistletoe wood/clearing'.,"lēah Old English - A forest, wood, glade, clearing; (later) a pasture, meadow.; mistel Old English - Mistletoe.",A.D. Mills; Dictionary of English Place-Names; E. Ekwall; Dictionary of English Place-Names; Watts; Cambridge Dictionary of English Place-names; Reaney; Place-names of Essex
Moreton,'Moor farm/settlement'.,"mōr Old English - A marsh, barren upland.; tūn Old English - An enclosure; a farmstead; a village; an estate.",A.D. Mills; Dictionary of English Place-Names; Reaney; Place-names of Essex; Watts; Cambridge Dictionary of English Place-names; E. Ekwall; Dictionary of English Place-Names
Mount Bures,'Dwellings' at the hill.,"būr Old English - A cottage, a dwelling; a chamber, a private apartment; a secluded dwelling or place of resort.; munte Middle English - A mount, a hill.",Reaney; Place-names of Essex; A.D. Mills; Dictionary of English Place-Names; Watts; Cambridge Dictionary of English Place-names; E. Ekwall; Dictionary of English Place-Names
Mountnessing,"'People of the district', later distinguished by its possession by the Mounteney family.",-ingas Old English - The people of . . . ; the people called after . . .; Family name Unknown - Family name.; gē Old English,E. Ekwall; Dictionary of English Place-Names; Reaney; Place-names of Essex; Watts; Cambridge Dictionary of English Place-names; A.D. Mills; Dictionary of English Place-Names
Mucking,"Either, 'Mucca's people' or 'Mucca's place'. Alternatively, perhaps, 'muddy place'.","-ing Old English - Place-name forming suffix.; -ingas Old English - The people of . . . ; the people called after . . .; muk Middle English - Dung, muck, dirt.; Personal name (Old English) Old English - Personal name",Reaney; Place-names of Essex; E. Ekwall; Dictionary of English Place-Names; Watts; Cambridge Dictionary of English Place-names; A.D. Mills; Dictionary of English Place-Names
Mundon,"'Protection hill', a rise of land in an area prone to flooding between Purleigh Wash and Mundon Wash.","dūn Old English - A hill.; mund Old English - Security, proection.",E. Ekwall; Dictionary of English Place-Names; A.D. Mills; Dictionary of English Place-Names; Watts; Cambridge Dictionary of English Place-names; Reaney; Place-names of Essex
Navestock,"Probably, 'outlying farm/settlement at the promontory place'. Alternatively 'outlying farm/settlement of the promontory dwellers' or 'Nazeing's outlying farm/settlement'.","-ing Old English - Place-name forming suffix.; -ingas Old English - The people of . . . ; the people called after . . .; næss Old English; Place-name Unknown - Place-name; stoc Old English - A place, a secondary settlement.",Reaney; Place-names of Essex; Watts; Cambridge Dictionary of English Place-names; E. Ekwall; Dictionary of English Place-Names; A.D. Mills; Dictionary of English Place-Names
Nazeing,'Promontory dwellers'.,-ingas Old English - The people of . . . ; the people called after . . .; næss Old English,E. Ekwall; Dictionary of English Place-Names; Watts; Cambridge Dictionary of English Place-names; A.D. Mills; Dictionary of English Place-Names; Reaney; Place-names of Essex
Netteswell,'*Nethel's spring/stream'.,Personal name (Old English) Old English - Personal name; wella Old English,E. Ekwall; Dictionary of English Place-Names; Reaney; Place-names of Essex; A.D. Mills; Dictionary of English Place-Names; Watts; Cambridge Dictionary of English Place-names
Nevendon,"'At the level valley' or perhaps, '*Hnefa's valley'.","atten Middle English - At the: used with masculine and neuter nouns.; denu Old English - A valley.; efen Old English - Even, flat, level.; Personal name (Old English) Old English - Personal name",Watts; Cambridge Dictionary of English Place-names; Reaney; Place-names of Essex; E. Ekwall; Dictionary of English Place-Names; A.D. Mills; Dictionary of English Place-Names
Newport,'New market town'.,"nīwe Old English - New.; port Old English - A haven, a harbour.",Watts; Cambridge Dictionary of English Place-names; Reaney; Place-names of Essex; E. Ekwall; Dictionary of English Place-Names; A.D. Mills; Dictionary of English Place-Names
North and South Ockendon,'Wocca's hill'.,dūn Old English - A hill.; Personal name (Old English) Old English - Personal name,Reaney; Place-names of Essex; A.D. Mills; Dictionary of English Place-Names; E. Ekwall; Dictionary of English Place-Names; Watts; Cambridge Dictionary of English Place-names
North and South Shoebury,"'Shelter fortification' or perhaps, 'shoe fortification', referring to a shoe-shaped feature.",burh Old English - A fortified place.; scēo Old English - A shelter.; scōh Old English - A shoe.,Reaney; Place-names of Essex; Watts; Cambridge Dictionary of English Place-names; A.D. Mills; Dictionary of English Place-Names; E. Ekwall; Dictionary of English Place-Names
North Benfleet,"'Tree stream', perhaps refering one crossed by a tree-trunk bridge. 'North' to distinguish from South Benfleet.","bēam Old English - A tree; the cross on which Christ was crucified; a beam of timber.; flēot Old English - An estuary, an inlet of the sea, a small stream.",E. Ekwall; Dictionary of English Place-Names; A.D. Mills; Dictionary of English Place-Names; Watts; Cambridge Dictionary of English Place-names; Reaney; Place-names of Essex
North Fambridge,"'Fen bridge', perhaps in the sense of a causeway. 'North' for distinction from South Fambridge in Rochford Hundred.","brycg Old English - A bridge; a causeway.; fenn Old English - A fen, a marsh, marshland.",Reaney; Place-names of Essex; E. Ekwall; Dictionary of English Place-Names; Watts; Cambridge Dictionary of English Place-names; A.D. Mills; Dictionary of English Place-Names
North Weald Bassett,'Forest'. It was held by Philip Bassett in 1260.,Family name Unknown - Family name.; wald Old English,A.D. Mills; Dictionary of English Place-Names; E. Ekwall; Dictionary of English Place-Names; Reaney; Place-names of Essex; Watts; Cambridge Dictionary of English Place-names
Northwood,'North wood'.,"norð Old English - Northern, north.; wudu Old English - A wood; or wood, timber.",Reaney; Place-names of Essex; A.D. Mills; Dictionary of English Place-Names; Watts; Cambridge Dictionary of English Place-names; E. Ekwall; Dictionary of English Place-Names
Norton Mandeville,'North farm/settlement'. It was held by the family of Ernulf de Maundevill in1251.,"Family name Unknown - Family name.; norð Old English - Northern, north.; tūn Old English - An enclosure; a farmstead; a village; an estate.",A.D. Mills; Dictionary of English Place-Names; Watts; Cambridge Dictionary of English Place-names; Reaney; Place-names of Essex; E. Ekwall; Dictionary of English Place-Names
Nuthampstead,'Nut-tree homestead'.,"hām-stede Old English - A homestead, the site of a dwelling.; hnutu Old English - A nut; topographically also a nut-bearing tree.",Gover et al.; Place-names of Hertfordshire; E. Ekwall; Dictionary of English Place-Names; Watts; Cambridge Dictionary of English Place-names; A.D. Mills; Dictionary of English Place-Names
Orsett,'At the ore pits'.,"ōra Old English - A shore, hill-slope; possibly also the foot of a slope.  (Used in place-names only in the parts of southern England where Jutish and West Saxon dialects were operative.); sēað Old English - A pit, a hole.",A.D. Mills; Dictionary of English Place-Names; Reaney; Place-names of Essex; Watts; Cambridge Dictionary of English Place-names; E. Ekwall; Dictionary of English Place-Names
Ovington,"'Farm/settlement connected withUfa' or perhaps, 'farm/settlement connected with Ufe', a feminine personal name.","-ingtūn Old English - A settlement called after, or connected with . . .; Personal name (Old English) Old English - Personal name",E. Ekwall; Dictionary of English Place-Names; Reaney; Place-names of Essex; Watts; Cambridge Dictionary of English Place-names; A.D. Mills; Dictionary of English Place-Names
Paglesham,'*Paeccel's homestead/village'.,"hām Old English - A village, a village community, a manor, an estate, a homestead.; Personal name (Old English) Old English - Personal name",Watts; Cambridge Dictionary of English Place-names; A.D. Mills; Dictionary of English Place-Names; E. Ekwall; Dictionary of English Place-Names; Reaney; Place-names of Essex
Panfield,'River Pant open land'.,"feld Old English - Open country, unencumbered ground (eg. land without trees as opposed to forest, level ground as opposed to hills, land without buildings); arable land (from late tenth century).; River-name Unknown - River-name",A.D. Mills; Dictionary of English Place-Names; E. Ekwall; Dictionary of English Place-Names; Reaney; Place-names of Essex; Watts; Cambridge Dictionary of English Place-names
Pattiswick,'Paetti's/Paettel's specialised-farm'.,"Personal name (Old English) Old English - Personal name; wīc Old English - A dwelling; a building or collection of buildings for special purposes; a farm, a dairy farm; a trading or industrial settlement; or (in the plural) a hamlet, village.",Reaney; Place-names of Essex; E. Ekwall; Dictionary of English Place-Names; A.D. Mills; Dictionary of English Place-Names; Watts; Cambridge Dictionary of English Place-names
Pebmarsh,'Pybba's ploughed field'.,"ersc Old English - A ploughed field, especially newly broken-in land.; Personal name (Old English) Old English - Personal name",E. Ekwall; Dictionary of English Place-Names; A.D. Mills; Dictionary of English Place-Names; Reaney; Place-names of Essex; Watts; Cambridge Dictionary of English Place-names
Peldon,"Probably, 'Pylta's hill'. Alternatively, perhaps, 'thrusting hill'.","dūn Old English - A hill.; Personal name (Old English) Old English - Personal name; pīl Old English - A spike, an arrow, a shaft, a pile.",A.D. Mills; Dictionary of English Place-Names; E. Ekwall; Dictionary of English Place-Names; Watts; Cambridge Dictionary of English Place-names; Reaney; Place-names of Essex
Pitsea,'Pic's island'.,"ēg Old English - An island.  In ancient settlement-names, most frequently refers to dry ground surrounded by marsh.  Also used of islands in modern sense.  In late OE names: well-watered land.; Personal name (Old English) Old English - Personal name",Reaney; Place-names of Essex; Watts; Cambridge Dictionary of English Place-names; A.D. Mills; Dictionary of English Place-Names; E. Ekwall; Dictionary of English Place-Names
Pleshey,'Wattling enclosure'.,"plaissiet Old French - An enclosure, one made with wattles, a park.",Watts; Cambridge Dictionary of English Place-names; A.D. Mills; Dictionary of English Place-Names; Reaney; Place-names of Essex; E. Ekwall; Dictionary of English Place-Names
Prittlewell,'Prattling spring/stream'.,"pritol Old English - Prattling, babbling.; wella Old English",E. Ekwall; Dictionary of English Place-Names; A.D. Mills; Dictionary of English Place-Names; Reaney; Place-names of Essex; Watts; Cambridge Dictionary of English Place-names
Purleigh,'Bittern/snipe wood/clearing'.,"lēah Old English - A forest, wood, glade, clearing; (later) a pasture, meadow.; pūr Old English - A bittern, a snipe.",E. Ekwall; Dictionary of English Place-Names; Reaney; Place-names of Essex; A.D. Mills; Dictionary of English Place-Names; Watts; Cambridge Dictionary of English Place-names
Quendon,'Women's valley'.,"cwene Old English - A woman, a quean.; denu Old English - A valley.",Reaney; Place-names of Essex; E. Ekwall; Dictionary of English Place-Names; A.D. Mills; Dictionary of English Place-Names; Watts; Cambridge Dictionary of English Place-names
Radwinter,"Uncertain. Possibly, 'red vineyard' or perhaps, 'Raewynn's tree', a feminine personal name.","Personal name (Old English) Old English - Personal name; rēad Old English - Red.; trēow Old English - A tree; a large piece of wood, a post, a beam.; winter Old English - Winter.",A.D. Mills; Dictionary of English Place-Names; E. Ekwall; Dictionary of English Place-Names; Reaney; Place-names of Essex; Watts; Cambridge Dictionary of English Place-names
Rainham,'Homestead/village of Roega's people'.,"-ingas Old English - The people of . . . ; the people called after . . .; hām Old English - A village, a village community, a manor, an estate, a homestead.; Personal name (Old English) Old English - Personal name",E. Ekwall; Dictionary of English Place-Names; Reaney; Place-names of Essex; Watts; Cambridge Dictionary of English Place-names; A.D. Mills; Dictionary of English Place-Names
Ramsden Bellhouse,"Uncertain. Probably, 'wild-garlic valley' but 'Hrafn's valley', 'raven valley' and 'ram valley' are also possible. It was held by Ricardus de Belhus in 1208.",denu Old English - A valley.; Family name Unknown - Family name.; hræfn Old English - A raven.; hramsa Old English - Wild garlic.; Personal name (Old English) Old English - Personal name; ramm Old English - A ram.,E. Ekwall; Dictionary of English Place-Names; Watts; Cambridge Dictionary of English Place-names; Reaney; Place-names of Essex; A.D. Mills; Dictionary of English Place-Names
Ramsden Crays,"Uncertain. Probably, 'wild-garlic valley' but 'Hrafn's valley', 'raven valley' and 'ram valley' are also possible. It was held by Simon de Craye in the 13th century.",denu Old English - A valley.; Family name Unknown - Family name.; hræfn Old English - A raven.; hramsa Old English - Wild garlic.; Personal name (Old English) Old English - Personal name; ramm Old English - A ram.,Reaney; Place-names of Essex; E. Ekwall; Dictionary of English Place-Names; Watts; Cambridge Dictionary of English Place-names; A.D. Mills; Dictionary of English Place-Names
Ramsey,"Uncertain. Probably, 'wild-garlic island' but 'Hrafn's island', 'raven island' and 'ram island' are also possible.","ēg Old English - An island.  In ancient settlement-names, most frequently refers to dry ground surrounded by marsh.  Also used of islands in modern sense.  In late OE names: well-watered land.; hræfn Old English - A raven.; hramsa Old English - Wild garlic.; Personal name (Old English) Old English - Personal name; ramm Old English - A ram.",E. Ekwall; Dictionary of English Place-Names; Reaney; Place-names of Essex; A.D. Mills; Dictionary of English Place-Names; Watts; Cambridge Dictionary of English Place-names
Rawreth,'Heron stream'.,hrāgra Old English - A heron.; rīð Old English - A small stream.,E. Ekwall; Dictionary of English Place-Names; Watts; Cambridge Dictionary of English Place-names; Reaney; Place-names of Essex; A.D. Mills; Dictionary of English Place-Names
Rayleigh,'Female roe-deer stream' or 'she-goat stream'.,"lēah Old English - A forest, wood, glade, clearing; (later) a pasture, meadow.; rǣge Old English - A roe, a female roe-deer.",Watts; Cambridge Dictionary of English Place-names; Reaney; Place-names of Essex; E. Ekwall; Dictionary of English Place-Names; A.D. Mills; Dictionary of English Place-Names
Rayne,"Uncertain. Perhaps, 'shelter' or 'eminence'. Alternatively, it may be a lost river-name.","hrægene Old English - Possibly a hut, a shelter, or an eminence.; River-name Unknown - River-name",E. Ekwall; Dictionary of English Place-Names; A.D. Mills; Dictionary of English Place-Names; Reaney; Place-names of Essex; Watts; Cambridge Dictionary of English Place-names
Redbornstoke Hundred,"Uncertain. The first element is an OE feminine personal name, 'R","Personal name (Old English) Old English - Personal name; stoc Old English - A place, a secondary settlement.; stocc Old English - A tree-trunk, a stump, a log of wood, a stock (esp. in boundary marks or place-names that denote structures made of logs); a set of stocks as an engine of punishment.",Anderson (unspecified work); Mawer & Stenton; Place-names of Bedfordshire and Huntingdonshire
Rettendon,'Rat infested hill'.,dūn Old English - A hill.; rætten Old English - Infested with rats.,Watts; Cambridge Dictionary of English Place-names; E. Ekwall; Dictionary of English Place-Names; A.D. Mills; Dictionary of English Place-Names; Reaney; Place-names of Essex
Rickling,"'*Ricela's people'. Alternatively, 'Ricola's people', a feminine personal name.",-ingas Old English - The people of . . . ; the people called after . . .; Personal name (Old English) Old English - Personal name,A.D. Mills; Dictionary of English Place-Names; E. Ekwall; Dictionary of English Place-Names; Reaney; Place-names of Essex; Watts; Cambridge Dictionary of English Place-names
Ridgewell,"Uncertain. Perhaps, 'reedy spring/stream', but at least one of a varied range of forms suggests 'Raedel's spring/stream'.","hrēod Old English - A reed, a rush; a reed-bed.; Personal name (Old English) Old English - Personal name; wella Old English",Reaney; Place-names of Essex; Watts; Cambridge Dictionary of English Place-names; E. Ekwall; Dictionary of English Place-Names; A.D. Mills; Dictionary of English Place-Names
Rivenhall,"Probably, 'at the rugged nook of land'.","halh Old English - A nook of land; a small valley; dry ground in marsh; a piece of land projecting from, or detached from, the main area of its administrative unit.; hrēof Old English - Rough, rugged.",E. Ekwall; Dictionary of English Place-Names; Watts; Cambridge Dictionary of English Place-names; A.D. Mills; Dictionary of English Place-Names; Reaney; Place-names of Essex
Rochford,"Uncertain. 'Hunting-dog ford', but other forms suggest 'Hroc's ford' or 'rook ford'. The hundred is called after Rochford. The meeting-place was probably at the ford from which the village takes its name.",ford Old English - A ford.; hrōc Old English - A rook.; hundred Old English - One hundred; an administrative division of a county.; Personal name (Old English) Old English - Personal name; ræcc Old English - A hunting dog.,E. Ekwall; Dictionary of English Place-Names; Anderson (unspecified work); Reaney; Place-names of Essex; A.D. Mills; Dictionary of English Place-Names; Watts; Cambridge Dictionary of English Place-names
Romford,'Spacious ford'.,"ford Old English - A ford.; rūm Old English - Room, space, an open space, a clearing; an alloted space of common land or turbary.",E. Ekwall; Dictionary of English Place-Names; A.D. Mills; Dictionary of English Place-Names; Watts; Cambridge Dictionary of English Place-names; Reaney; Place-names of Essex
Roxwell,'Hroc's spring/stream'.,Personal name (Old English) Old English - Personal name; wella Old English,Watts; Cambridge Dictionary of English Place-names; A.D. Mills; Dictionary of English Place-Names; Reaney; Place-names of Essex; E. Ekwall; Dictionary of English Place-Names
Roydon,'Hill growing with rye'.,dūn Old English - A hill.; rygen Old English - Growing with rye.,E. Ekwall; Dictionary of English Place-Names; Watts; Cambridge Dictionary of English Place-names; Reaney; Place-names of Essex; A.D. Mills; Dictionary of English Place-Names
Runwell,"Uncertain. Perhaps, 'tree-trunk spring/stream' or 'runnel spring/stream'. Alternatively, the first element might be 'mystery, secret, council', thus, a 'wishing well'.","hruna Old English - A tree-trunk, a fallen tree, a log.  As a simplex element, probably a foot-bridge.; rūn Old English - A secret, a mystery, a council.; rynel Old English - A small stream, a runnel.; wella Old English",E. Ekwall; Dictionary of English Place-Names; Watts; Cambridge Dictionary of English Place-names; A.D. Mills; Dictionary of English Place-Names; Reaney; Place-names of Essex
Saffron Walden,'Britons' valley'. Saffron was cultivated here.,denu Old English - A valley.; saffroun Middle English - Saffron.; walh Old English,A.D. Mills; Dictionary of English Place-Names; Watts; Cambridge Dictionary of English Place-names; E. Ekwall; Dictionary of English Place-Names; Reaney; Place-names of Essex
Salcott,'Salt cottages'.,"cot Old English - A cottage, a hut, a shelter, a den.; salt Old English",A.D. Mills; Dictionary of English Place-Names; Watts; Cambridge Dictionary of English Place-names; E. Ekwall; Dictionary of English Place-Names; Reaney; Place-names of Essex
Sandon,'Sandy hill'.,dūn Old English - A hill.; sand Old English - Sand.,Watts; Cambridge Dictionary of English Place-names; E. Ekwall; Dictionary of English Place-Names; Reaney; Place-names of Essex; A.D. Mills; Dictionary of English Place-Names
Shalford,'Shallow ford'.,ford Old English - A ford.; sceald Old English - Shallow (especially of water).,E. Ekwall; Dictionary of English Place-Names; Reaney; Place-names of Essex; Watts; Cambridge Dictionary of English Place-names; A.D. Mills; Dictionary of English Place-Names
Sheering,"Probably, '*Scear(a)'s people'. The exact form of the personal name is uncertain.",-ingas Old English - The people of . . . ; the people called after . . .; Personal name (Old English) Old English - Personal name,A.D. Mills; Dictionary of English Place-Names; Reaney; Place-names of Essex; Watts; Cambridge Dictionary of English Place-names; E. Ekwall; Dictionary of English Place-Names
Shelley,'Shelf wood/clearing'.,"lēah Old English - A forest, wood, glade, clearing; (later) a pasture, meadow.; scelf Old English - A shelf, a shelving terrain; a pinnacle, battlement.",Reaney; Place-names of Essex; A.D. Mills; Dictionary of English Place-Names; E. Ekwall; Dictionary of English Place-Names; Watts; Cambridge Dictionary of English Place-names
Shellow Bowells,"'Winding river', describing the River Roding. It was held by John and Ralph de Bueles in 1249.","Family name Unknown - Family name.; sceolh Old English - Twisted, awry.",E. Ekwall; Dictionary of English Place-Names; Reaney; Place-names of Essex; A.D. Mills; Dictionary of English Place-Names; Watts; Cambridge Dictionary of English Place-names
Shenfield,'Beautiful open land'.,"feld Old English - Open country, unencumbered ground (eg. land without trees as opposed to forest, level ground as opposed to hills, land without buildings); arable land (from late tenth century).; scēne Old English",Watts; Cambridge Dictionary of English Place-names; Reaney; Place-names of Essex; A.D. Mills; Dictionary of English Place-Names; E. Ekwall; Dictionary of English Place-Names
Shopland,'Shed-place island'.,"-ing Old English - Place-name forming suffix.; land Old English - Land (as part of earth's surface); an estate; possibly also new arable area.  In minor and field names: strip in a field-system.; sceoppa Old English - A shop, a booth, a shed.",Watts; Cambridge Dictionary of English Place-names; A.D. Mills; Dictionary of English Place-Names; Reaney; Place-names of Essex; E. Ekwall; Dictionary of English Place-Names
Sible Hedingham,"Uncertain. 'Homestead/village of Hethni's people' or 'homestead/village at Hethni's place'. Alternatively, the first element could be 'landing-place'. Sibil, widow of Geoffrey of Lavington held land here in 1237.","-ing Old English - Place-name forming suffix.; -ingas Old English - The people of . . . ; the people called after . . .; hām Old English - A village, a village community, a manor, an estate, a homestead.; hȳð Old English - A landing place on a river; an inland port.; Personal name (Old English) Old English - Personal name; Personal name (Uncertain) Unknown - Personal name",A.D. Mills; Dictionary of English Place-Names; E. Ekwall; Dictionary of English Place-Names; Reaney; Place-names of Essex; Watts; Cambridge Dictionary of English Place-names
South Benfleet,"'Tree stream', perhaps refering one crossed by a tree-trunk bridge. 'South' to distinguish from North Benfleet.","bēam Old English - A tree; the cross on which Christ was crucified; a beam of timber.; flēot Old English - An estuary, an inlet of the sea, a small stream.",Reaney; Place-names of Essex; E. Ekwall; Dictionary of English Place-Names; A.D. Mills; Dictionary of English Place-Names; Watts; Cambridge Dictionary of English Place-names
South Fambridge,"'Fen bridge', perhaps in the sense of a causeway. 'South' for distinction from North Fambridge in Dengie Hundred.","brycg Old English - A bridge; a causeway.; fenn Old English - A fen, a marsh, marshland.",E. Ekwall; Dictionary of English Place-Names; Reaney; Place-names of Essex; A.D. Mills; Dictionary of English Place-Names; Watts; Cambridge Dictionary of English Place-names
South Weald,'Forest'.,wald Old English,Reaney; Place-names of Essex; A.D. Mills; Dictionary of English Place-Names; Watts; Cambridge Dictionary of English Place-names; E. Ekwall; Dictionary of English Place-Names
Southchurch,'South church'.,"cirice Old English - A church.; sūð Old English - South, southern.",Watts; Cambridge Dictionary of English Place-names; A.D. Mills; Dictionary of English Place-Names; Reaney; Place-names of Essex; E. Ekwall; Dictionary of English Place-Names
Southminster,'South monastery'.,"mynster Old English - A monastery, the church of a monastery or religious body, a church served by secular clergy.; sūð Old English - South, southern.",Watts; Cambridge Dictionary of English Place-names; A.D. Mills; Dictionary of English Place-Names; E. Ekwall; Dictionary of English Place-Names; Reaney; Place-names of Essex
Springfield,'Open land of the spring dwellers'.,"-ingas Old English - The people of . . . ; the people called after . . .; feld Old English - Open country, unencumbered ground (eg. land without trees as opposed to forest, level ground as opposed to hills, land without buildings); arable land (from late tenth century).; spring Old English - A spring, a well, the source of a stream.",E. Ekwall; Dictionary of English Place-Names; Reaney; Place-names of Essex; A.D. Mills; Dictionary of English Place-Names; Watts; Cambridge Dictionary of English Place-names
St. Lawrence,Originally called 'new land'. The present name is from the dedication of the church.,Saint's Name Unknown - Saint's name.,A.D. Mills; Dictionary of English Place-Names; Watts; Cambridge Dictionary of English Place-names; Reaney; Place-names of Essex
St. Osyth,"Aa priory was dedicated here to St .Osgyth. The name replaced an earlier Cice, from OE cicc, 'bend'. Osgyth was betrothed to Sighere, king of the East Saxons. Having already declared a vow of perpetual chastity, the marriage was never consumated. Sighere",Saint's Name Unknown - Saint's name.,Watts; Cambridge Dictionary of English Place-names; A.D. Mills; Dictionary of English Place-Names; Reaney; Place-names of Essex; E. Ekwall; Dictionary of English Place-Names
Stambourne,'Stone stream',"burna Old English - A stream.; stān Old English - A stone, stone, rock.",E. Ekwall; Dictionary of English Place-Names; Watts; Cambridge Dictionary of English Place-names; Reaney; Place-names of Essex; A.D. Mills; Dictionary of English Place-Names
Stanford Rivers,'Stone ford'. It was held by the Rivers family in 1213 and Richard de Ripariis in 1218.,"Family name Unknown - Family name.; ford Old English - A ford.; stān Old English - A stone, stone, rock.",A.D. Mills; Dictionary of English Place-Names; Watts; Cambridge Dictionary of English Place-names; Reaney; Place-names of Essex; E. Ekwall; Dictionary of English Place-Names
Stanford-le-Hope,'Stone ford' by 'the inlet'.,"ford Old English - A ford.; hop Middle English - A small valley, bay, an inlet.; le Old French - The.; stān Old English - A stone, stone, rock.",Reaney; Place-names of Essex; E. Ekwall; Dictionary of English Place-Names; Watts; Cambridge Dictionary of English Place-names; A.D. Mills; Dictionary of English Place-Names
Stansted Mountfitchet,'Stone place'. It was held by Richard de Muntfichet in 1190.,"Family name Unknown - Family name.; stān Old English - A stone, stone, rock.; stede Old English - A place, a site, a locality; a religious house or foundation; a place of communal activity; a farm, a dairy-farm, an estate.",E. Ekwall; Dictionary of English Place-Names; A.D. Mills; Dictionary of English Place-Names; Watts; Cambridge Dictionary of English Place-names; Reaney; Place-names of Essex
Stanway,'Stone road'.,"stān Old English - A stone, stone, rock.; weg Old English - A road.",Reaney; Place-names of Essex; Watts; Cambridge Dictionary of English Place-names; E. Ekwall; Dictionary of English Place-Names; A.D. Mills; Dictionary of English Place-Names
Stapleford Abbots,"'Post ford', ie., marked by such. It was held by the Abbot of Bury St. Edmunds.","abbas Latin - An abbot.; ford Old English - A ford.; stapol Old English - A post, a pillar.",Watts; Cambridge Dictionary of English Place-names; Reaney; Place-names of Essex; A.D. Mills; Dictionary of English Place-Names; E. Ekwall; Dictionary of English Place-Names
Stapleford Tawney,"'Post ford', ie., marked by such. It was held by Richard de Tauny in 1253.","Family name Unknown - Family name.; ford Old English - A ford.; stapol Old English - A post, a pillar.",E. Ekwall; Dictionary of English Place-Names; A.D. Mills; Dictionary of English Place-Names; Watts; Cambridge Dictionary of English Place-names; Reaney; Place-names of Essex
Stebbing,Uncertain. 'Stybba's people' or 'tree-stump dwellers'.,"-ingas Old English - The people of . . . ; the people called after . . .; Personal name (Old English) Old English - Personal name; stybb Old English - A stub, a tree-stump.",Watts; Cambridge Dictionary of English Place-names; A.D. Mills; Dictionary of English Place-Names; E. Ekwall; Dictionary of English Place-Names; Reaney; Place-names of Essex
Steeple,'Steep place'.,stēpel Old English,Reaney; Place-names of Essex; Watts; Cambridge Dictionary of English Place-names; A.D. Mills; Dictionary of English Place-Names; E. Ekwall; Dictionary of English Place-Names
Steeple Bumpstead,"'Reedy place' with a 'steeple', ie., a church.","bune Old English - A reed.; stede Old English - A place, a site, a locality; a religious house or foundation; a place of communal activity; a farm, a dairy-farm, an estate.; stēpel Old English",E. Ekwall; Dictionary of English Place-Names; Reaney; Place-names of Essex; Watts; Cambridge Dictionary of English Place-names; A.D. Mills; Dictionary of English Place-Names
Stifford,"Uncertain. 'Difficult ford' or perhaps, 'lambs' cress/nettle ford'.","ford Old English - A ford.; stīð Old English - Stiff, hard, strong.; stīðe Old English - Lamb's cress, nettle.",Reaney; Place-names of Essex; Watts; Cambridge Dictionary of English Place-names; E. Ekwall; Dictionary of English Place-Names; A.D. Mills; Dictionary of English Place-Names
Stisted,"Uncertain. Perhaps, 'lambs cress/nettle place'. Alternatively, the first element could also be 'sty', 'path' or 'stiff', the latter referring to the character of the soil here.","stede Old English - A place, a site, a locality; a religious house or foundation; a place of communal activity; a farm, a dairy-farm, an estate.; stīð Old English - Stiff, hard, strong.; stīðe Old English - Lamb's cress, nettle.; stīg Old English - A path, a narrow road.  (Especially an ascending path.); stigu Old English - A sty, a pen.",Reaney; Place-names of Essex; A.D. Mills; Dictionary of English Place-Names; Watts; Cambridge Dictionary of English Place-names; E. Ekwall; Dictionary of English Place-Names
Stock,"'Hereweard's outlying farm/settlement' or perhaps, 'Hereward's tree-stump'. The personal name element was lost in the 17th century.","Personal name (Old English) Old English - Personal name; stoc Old English - A place, a secondary settlement.; stocc Old English - A tree-trunk, a stump, a log of wood, a stock (esp. in boundary marks or place-names that denote structures made of logs); a set of stocks as an engine of punishment.",Watts; Cambridge Dictionary of English Place-names; E. Ekwall; Dictionary of English Place-Names; Reaney; Place-names of Essex; A.D. Mills; Dictionary of English Place-Names
Stondon Massey,'Stone hill'. It was associated with the de Marci family in the 13th century.,"dūn Old English - A hill.; Family name Unknown - Family name.; stān Old English - A stone, stone, rock.",Watts; Cambridge Dictionary of English Place-names; A.D. Mills; Dictionary of English Place-Names; E. Ekwall; Dictionary of English Place-Names; Reaney; Place-names of Essex
Stow Maries,'Place'. It was held by Rober de Marisc in 1250.,Family name Unknown - Family name.; stōw Old English - A place; a place of assembly; a holy place.,Reaney; Place-names of Essex; E. Ekwall; Dictionary of English Place-Names; A.D. Mills; Dictionary of English Place-Names; Watts; Cambridge Dictionary of English Place-names
Strethall,'Roman road nook of land'.,"halh Old English - A nook of land; a small valley; dry ground in marsh; a piece of land projecting from, or detached from, the main area of its administrative unit.; strāt Old English - A Roman road. (May be a form of ""stret"").",Reaney; Place-names of Essex; Watts; Cambridge Dictionary of English Place-names; E. Ekwall; Dictionary of English Place-Names; A.D. Mills; Dictionary of English Place-Names
Sturmer,'River Stour pool'.,"mere Old English - A pond, a pool, a lake.; River-name Unknown - River-name",Reaney; Place-names of Essex; Watts; Cambridge Dictionary of English Place-names; A.D. Mills; Dictionary of English Place-Names; E. Ekwall; Dictionary of English Place-Names
Sutton,'South farm/settlement'.,"sūð Old English - South, southern.; tūn Old English - An enclosure; a farmstead; a village; an estate.",Watts; Cambridge Dictionary of English Place-names; A.D. Mills; Dictionary of English Place-Names; Reaney; Place-names of Essex; E. Ekwall; Dictionary of English Place-Names
Takeley,"'*Taecca's wood/clearing' or perhaps, 'young sheep wood/clearing'.","lēah Old English - A forest, wood, glade, clearing; (later) a pasture, meadow.; Personal name (Old English) Old English - Personal name; tacca Old English - A teg, a young sheep.",Reaney; Place-names of Essex; Watts; Cambridge Dictionary of English Place-names; E. Ekwall; Dictionary of English Place-Names; A.D. Mills; Dictionary of English Place-Names
Tendring,"Uncertain. Possibly, 'people of Tundern', a place near Hameln in Holstein. Alternatively, the first element may be 'tinder' either used in some way as a folk-name or perhaps, 'tinder place', a place where tinder is collected. The meeting place was on Tend",-ing Old English - Place-name forming suffix.; -ingas Old English - The people of . . . ; the people called after . . .; hundred Old English - One hundred; an administrative division of a county.; Place-name Unknown - Place-name; tynder Old English - Tinder.,A.D. Mills; Dictionary of English Place-Names; Reaney; Place-names of Essex; Anderson (unspecified work); E. Ekwall; Dictionary of English Place-Names; Watts; Cambridge Dictionary of English Place-names
Terling,'Tyrhtel's people'.,-ingas Old English - The people of . . . ; the people called after . . .; Personal name (Old English) Old English - Personal name,A.D. Mills; Dictionary of English Place-Names; E. Ekwall; Dictionary of English Place-Names; Watts; Cambridge Dictionary of English Place-names; Reaney; Place-names of Essex
Thaxted,"'Thatching place', probably a place where thatching materials were collected.","stede Old English - A place, a site, a locality; a religious house or foundation; a place of communal activity; a farm, a dairy-farm, an estate.; þæc Old English - Thatch, material for thatching, a thatched roof.",A.D. Mills; Dictionary of English Place-Names; E. Ekwall; Dictionary of English Place-Names; Reaney; Place-names of Essex; Watts; Cambridge Dictionary of English Place-names
Theydon Bois Garnon and Mount,"'Thatch valley', a place where thatching material was collected. One was held by the family of Hugh de Bosco (1240) and another by Radulfus Gernon (1220) and the other is on a 'hill'.","denu Old English - A valley.; Family name Unknown - Family name.; munte Middle English - A mount, a hill.; þæc Old English - Thatch, material for thatching, a thatched roof.",Watts; Cambridge Dictionary of English Place-names; Reaney; Place-names of Essex; A.D. Mills; Dictionary of English Place-Names; E. Ekwall; Dictionary of English Place-Names
Thorpe-le-Soken,'Outlying farm/settlement' in 'the district with special jurisdiction'.,"sōcn Old English - The exercise of judicial power, jurisdiction, the district over which a right of jurisdiction was exercised, an estate.; þorp Old Norse - A secondary settlement, a dependent outlying farmstead or hamlet.",Watts; Cambridge Dictionary of English Place-names; A.D. Mills; Dictionary of English Place-Names; E. Ekwall; Dictionary of English Place-Names; Reaney; Place-names of Essex
Thorrington,"Probably, 'thorn-tree farm/settlement'.",tūn Old English - An enclosure; a farmstead; a village; an estate.; þorn Old English - A hawthorn-tree.; þyrne Old English - A thorn-bush.,A.D. Mills; Dictionary of English Place-Names; Watts; Cambridge Dictionary of English Place-names; Reaney; Place-names of Essex; E. Ekwall; Dictionary of English Place-Names
Thundersley,"'Thunor's wood/clearing', after the heathen god. Some forms show loss of medial -n-.","lēah Old English - A forest, wood, glade, clearing; (later) a pasture, meadow.; Þunor Old English - The name of a heathen Saxon god.",A.D. Mills; Dictionary of English Place-Names; E. Ekwall; Dictionary of English Place-Names; Reaney; Place-names of Essex; Watts; Cambridge Dictionary of English Place-names
Thurstable Hundred,"Perhaps, 'Thur's post' but more probably","hundred Old English - One hundred; an administrative division of a county.; stapol Old English - A post, a pillar.; Þunor Old English - The name of a heathen Saxon god.",Anderson (unspecified work); Reaney; Place-names of Essex
Tilbury-juxta-Clare,"Probably, 'Tila's fortification. Alternatively, the first element may be 'useful/good', possibly used as a stream name.","burh Old English - A fortified place.; Personal name (Old English) Old English - Personal name; til Old English - Useful, good.",E. Ekwall; Dictionary of English Place-Names; Reaney; Place-names of Essex; Watts; Cambridge Dictionary of English Place-names; A.D. Mills; Dictionary of English Place-Names
Tillingham,'Homestead/village of Tilli's people'.,"-ingas Old English - The people of . . . ; the people called after . . .; hām Old English - A village, a village community, a manor, an estate, a homestead.; Personal name (Old English) Old English - Personal name",E. Ekwall; Dictionary of English Place-Names; Watts; Cambridge Dictionary of English Place-names; A.D. Mills; Dictionary of English Place-Names; Reaney; Place-names of Essex
Tilty,'Tila's enclosure'.,"Personal name (Old English) Old English - Personal name; tēag Old English - A close, a small enclosure.",Watts; Cambridge Dictionary of English Place-names; A.D. Mills; Dictionary of English Place-Names; E. Ekwall; Dictionary of English Place-Names; Reaney; Place-names of Essex
Tollesbury,'Toll's fortification'.,burh Old English - A fortified place.; Personal name (Old English) Old English - Personal name,Reaney; Place-names of Essex; E. Ekwall; Dictionary of English Place-Names; A.D. Mills; Dictionary of English Place-Names; Watts; Cambridge Dictionary of English Place-names
Tolleshunt d'Arcy,'Toll's spring'. It was held by the D'arcy family from 1441.,Family name Unknown - Family name.; funta Old English - A spring.; Personal name (Old English) Old English - Personal name,Watts; Cambridge Dictionary of English Place-names; Reaney; Place-names of Essex; A.D. Mills; Dictionary of English Place-Names; E. Ekwall; Dictionary of English Place-Names
Tolleshunt Knights,'Toll's spring'. Perhaps the parish comprised exactly one 'knight's' fees.,"cniht Old English - A youth, a servant, a soldier.; funta Old English - A spring.; Personal name (Old English) Old English - Personal name",Watts; Cambridge Dictionary of English Place-names; Reaney; Place-names of Essex; A.D. Mills; Dictionary of English Place-Names; E. Ekwall; Dictionary of English Place-Names
Tolleshunt Major,'Toll's spring'. It was held by a tenant called Malger in 1086.,funta Old English - A spring.; Personal name (Old English) Old English - Personal name; Personal name (Uncertain) Unknown - Personal name,E. Ekwall; Dictionary of English Place-Names; A.D. Mills; Dictionary of English Place-Names; Reaney; Place-names of Essex; Watts; Cambridge Dictionary of English Place-names
Toppesfield,"Probably, 'top open land' which seems topographically appropriate, but '*Topp's open land' has also been suggested.","feld Old English - Open country, unencumbered ground (eg. land without trees as opposed to forest, level ground as opposed to hills, land without buildings); arable land (from late tenth century).; Personal name (Old English) Old English - Personal name; topp Old English - A top, the top of a bank or hill.",E. Ekwall; Dictionary of English Place-Names; Reaney; Place-names of Essex; A.D. Mills; Dictionary of English Place-Names; Watts; Cambridge Dictionary of English Place-names
Twinstead,"Uncertain. 'Double homestead' or perhaps, 'twiggy place'.","stede Old English - A place, a site, a locality; a religious house or foundation; a place of communal activity; a farm, a dairy-farm, an estate.; twigen Old English - Covered with twigs or shoots.; twinn Old English - Double, two-fold.",Watts; Cambridge Dictionary of English Place-names; E. Ekwall; Dictionary of English Place-Names; A.D. Mills; Dictionary of English Place-Names; Reaney; Place-names of Essex
Ugley,'*Ugga's wood/clearing'.,"lēah Old English - A forest, wood, glade, clearing; (later) a pasture, meadow.; Personal name (Old English) Old English - Personal name",E. Ekwall; Dictionary of English Place-Names; A.D. Mills; Dictionary of English Place-Names; Reaney; Place-names of Essex; Watts; Cambridge Dictionary of English Place-names
Ulting,"Perhaps, 'the River Ult people' after a lost river name.",-ingas Old English - The people of . . . ; the people called after . . .; River-name Unknown - River-name,Watts; Cambridge Dictionary of English Place-names; E. Ekwall; Dictionary of English Place-Names; Reaney; Place-names of Essex; A.D. Mills; Dictionary of English Place-Names
Upminster,'Higher monastery'. The settlement is on an area of slightly raised ground.,"mynster Old English - A monastery, the church of a monastery or religious body, a church served by secular clergy.; upp Old English - Up, higher up, upon.",Reaney; Place-names of Essex; A.D. Mills; Dictionary of English Place-Names; E. Ekwall; Dictionary of English Place-Names; Watts; Cambridge Dictionary of English Place-names
Uttlesford Hundred,Uncertain.,"ford Old English - A ford.; hundred Old English - One hundred; an administrative division of a county.; lǣs Old English - Pasture, meadow-land.; Personal name (Old English) Old English - Personal name; wudu Old English - A wood; or wood, timber.",Anderson (unspecified work); Reaney; Place-names of Essex
Vange,'Fen district'.,"fenn Old English - A fen, a marsh, marshland.; gē Old English",E. Ekwall; Dictionary of English Place-Names; Reaney; Place-names of Essex; A.D. Mills; Dictionary of English Place-Names; Watts; Cambridge Dictionary of English Place-names
Virley,"Originally, Salcott, 'salt cottage' from OE sal and cot. In 1086 it was held by Robert de Verli. Eventually, the original name was lost and it became known entirely by the manorial affix.",Family name Unknown - Family name.,E. Ekwall; Dictionary of English Place-Names; Reaney; Place-names of Essex; A.D. Mills; Dictionary of English Place-Names; Watts; Cambridge Dictionary of English Place-names
Wakes Colne,Named after the River Colne. Baldwin Wake obtained land in Colne through marriage in the 13th century.,Family name Unknown - Family name.; River-name Unknown - River-name,E. Ekwall; Dictionary of English Place-Names; Reaney; Place-names of Essex; A.D. Mills; Dictionary of English Place-Names; Watts; Cambridge Dictionary of English Place-names
Waltham Holy Cross,"'Forest farm/settlement'. Holy Cross church was founded by Tofig, a wealthy Saxon land owner, and entrusted with the keeping of a miraculous cross. Waltham gave its name to the half-hundred. The site of the meeting-place is unknown.","hām Old English - A village, a village community, a manor, an estate, a homestead.; hundred Old English - One hundred; an administrative division of a county.; wald Old English",Watts; Cambridge Dictionary of English Place-names; A.D. Mills; Dictionary of English Place-Names; E. Ekwall; Dictionary of English Place-Names; Reaney; Place-names of Essex; Anderson (unspecified work)
Walthamstow,"Uncertain. 'Welcome place' or perhaps, 'Wilcume's place', a feminine personal name.",Personal name (Old English) Old English - Personal name; stōw Old English - A place; a place of assembly; a holy place.; wilcuma Old English - Welcome.,Reaney; Place-names of Essex; Watts; Cambridge Dictionary of English Place-names; A.D. Mills; Dictionary of English Place-Names; E. Ekwall; Dictionary of English Place-Names
Walton-le-Soken,'Britons' farm/settlement' in 'the district with special jurisdiction'.,"sōcn Old English - The exercise of judicial power, jurisdiction, the district over which a right of jurisdiction was exercised, an estate.; tūn Old English - An enclosure; a farmstead; a village; an estate.; walh Old English",Reaney; Place-names of Essex; A.D. Mills; Dictionary of English Place-Names; E. Ekwall; Dictionary of English Place-Names; Watts; Cambridge Dictionary of English Place-names
Wanstead,"Uncertain. 'Wagon place' or perhaps, 'wen place'. If the latter, it may be describing a feature shaped like a wen, or tumour. The place is situated on an area of rising ground.","stede Old English - A place, a site, a locality; a religious house or foundation; a place of communal activity; a farm, a dairy-farm, an estate.; wægn Old English - A wagon, a cart.; wenn Old English - A wen, a tumour; topographically a barrow, a mound.",A.D. Mills; Dictionary of English Place-Names; E. Ekwall; Dictionary of English Place-Names; Reaney; Place-names of Essex; Watts; Cambridge Dictionary of English Place-names
Weeley,'Willow-tree wood/clearing'.,"lēah Old English - A forest, wood, glade, clearing; (later) a pasture, meadow.; wilig Old English",Watts; Cambridge Dictionary of English Place-names; A.D. Mills; Dictionary of English Place-Names; Reaney; Place-names of Essex; E. Ekwall; Dictionary of English Place-Names
Wendens Ambo,'Binding valley'. 'Both' refers to the union of the two parishes called Wenden in 1662.,ambo Latin - Both. (Usually in allusion to two villages of the same name forming one parish.); denu Old English - A valley.; wende Old English - Something which bends; a bend.,Reaney; Place-names of Essex; Watts; Cambridge Dictionary of English Place-names; E. Ekwall; Dictionary of English Place-Names; A.D. Mills; Dictionary of English Place-Names
Wendon Lofts,'Winding valley'. It was held by Robert Louhot in 1236.,denu Old English - A valley.; Family name Unknown - Family name.; wende Old English - Something which bends; a bend.,E. Ekwall; Dictionary of English Place-Names; A.D. Mills; Dictionary of English Place-Names; Reaney; Place-names of Essex; Watts; Cambridge Dictionary of English Place-names
Wennington,'Farm/settlement connected with Wynna'.,"-ingtūn Old English - A settlement called after, or connected with . . .; Personal name (Old English) Old English - Personal name",Reaney; Place-names of Essex; A.D. Mills; Dictionary of English Place-Names; Watts; Cambridge Dictionary of English Place-names; E. Ekwall; Dictionary of English Place-Names
Wenslow Half-hundred,"'Woden's mound/hill'. The site, now lost, was probably a hill or tumulus sacred to the worship of Woden. The half-hundred was absorbed by Biggleswade hundred.","hlāw Old English - A tumulus; a hill.; Wōden Old English - A heathen Germanic god, corresponding to Othinn and nicknamed Grim.",Anderson (unspecified work); Mawer & Stenton; Place-names of Bedfordshire and Huntingdonshire
West Bergholt,"'Hill wood'. 'West' to distinguish from East Bergholt, Suffolk.","berg Old English; holt Old English - A wood. (Probably of a single species.); west Old English - Western, west.",Reaney; Place-names of Essex; A.D. Mills; Dictionary of English Place-Names; E. Ekwall; Dictionary of English Place-Names; Watts; Cambridge Dictionary of English Place-names
West Ham,'Hemmed-in land'.,hamm Old English - Land hemmed in by water or marsh (perhaps also by high ground); a river-meadow; cultivated plot on the edge of woodland or moor.,Watts; Cambridge Dictionary of English Place-names; Reaney; Place-names of Essex; E. Ekwall; Dictionary of English Place-Names; A.D. Mills; Dictionary of English Place-Names
West Thurrock,"Literally, 'bilge'. The word may also be used to describe the filth which collects in the bottom of a ship's hull. The sense here may be of a place where filthy water collects, referring to the marshes.","west Old English - Western, west.; þurruc Old English - The bilge of a ship.",Reaney; Place-names of Essex; A.D. Mills; Dictionary of English Place-Names; E. Ekwall; Dictionary of English Place-Names; Watts; Cambridge Dictionary of English Place-names
Wethersfield,'Wihthere's/*Wether's open land'.,"feld Old English - Open country, unencumbered ground (eg. land without trees as opposed to forest, level ground as opposed to hills, land without buildings); arable land (from late tenth century).; Personal name (Old English) Old English - Personal name",E. Ekwall; Dictionary of English Place-Names; Watts; Cambridge Dictionary of English Place-names; Reaney; Place-names of Essex; A.D. Mills; Dictionary of English Place-Names
White Colne,Named after the River Colne. It was held by Dimidius Blancus in 1086.,Family name Unknown - Family name.; River-name Unknown - River-name,Reaney; Place-names of Essex; E. Ekwall; Dictionary of English Place-Names; Watts; Cambridge Dictionary of English Place-names; A.D. Mills; Dictionary of English Place-Names
White Roding,"One of several Essex parishes called Roding, 'Hrotha's people'. This one is distinguished by the whiteness of its church's walls.",-ingas Old English - The people of . . . ; the people called after . . .; albus Latin - White.; Personal name (Old English) Old English - Personal name,E. Ekwall; Dictionary of English Place-Names; Reaney; Place-names of Essex; A.D. Mills; Dictionary of English Place-Names; Watts; Cambridge Dictionary of English Place-names
Whitstone Hundred,'White stone'. The place which gave the hundred its name is lost. Anderson suggests that the meeting-place was at Court Hill (SO 801 081) just outside Standish village but PNGl suggests that it was further north where the Stroud road crosses the Roman roa,"hundred Old English - One hundred; an administrative division of a county.; hwīt Old English - White; in early Modern English sometimes ""infertile"" in contrast with black, ""fertile"".; stān Old English - A stone, stone, rock.",Smith; Place-names of Gloucestershire; Anderson; English Hundred-Names
Wicken Bonhunt,"Originally, two separate places. The first is 'at the specialised farms'. The second place is uncertain, perhaps 'bone spring', 'benevolent spring', or the first element might be an OE *ban cognate with ON beinn, 'straight, direct'. Alternatively, the nam","bān Old English - A bone.; bann Old English - A proclamation, summons, command.; bone Middle English - A boon, a favour.; funta Old English - A spring.; hunte Old English - A hunt.; wīc Old English - A dwelling; a building or collection of buildings for special purposes; a farm, a dairy farm; a trading or industrial settlement; or (in the plural) a hamlet, village.",Reaney; Place-names of Essex; Watts; Cambridge Dictionary of English Place-names; A.D. Mills; Dictionary of English Place-Names; E. Ekwall; Dictionary of English Place-Names
Wickford,"'Specialised-farm ford'. Alternatively, the first element may have been used as a place-name: 'Ford at *Wic (= the specialised farm)'.","ford Old English - A ford.; wīc Old English - A dwelling; a building or collection of buildings for special purposes; a farm, a dairy farm; a trading or industrial settlement; or (in the plural) a hamlet, village.",E. Ekwall; Dictionary of English Place-Names; Watts; Cambridge Dictionary of English Place-names; A.D. Mills; Dictionary of English Place-Names; Reaney; Place-names of Essex
Wickham Bishops,"'Homestead/village associated with a Romano-British vicus (L. vicus, probably in the sense 'trading station')'. It was held by the Bishop of London.","episcopus Latin - A bishop.; hām Old English - A village, a village community, a manor, an estate, a homestead.; wīc Old English - A dwelling; a building or collection of buildings for special purposes; a farm, a dairy farm; a trading or industrial settlement; or (in the plural) a hamlet, village.",E. Ekwall; Dictionary of English Place-Names; Reaney; Place-names of Essex; A.D. Mills; Dictionary of English Place-Names; Watts; Cambridge Dictionary of English Place-names
Wickham St. Paul's,"'Homestead/village associated with a Romano-British vicus (L. vicus, probably in the sense 'trading station')'. It belonged to the estates of St. Paul's cathedral.","hām Old English - A village, a village community, a manor, an estate, a homestead.; Saint's Name Unknown - Saint's name.; wīc Old English - A dwelling; a building or collection of buildings for special purposes; a farm, a dairy farm; a trading or industrial settlement; or (in the plural) a hamlet, village.",A.D. Mills; Dictionary of English Place-Names; Reaney; Place-names of Essex; E. Ekwall; Dictionary of English Place-Names; Watts; Cambridge Dictionary of English Place-names
Widdington,'Farm/settlement growing with willow-trees'.,tūn Old English - An enclosure; a farmstead; a village; an estate.; wīðigen Old English - Growing with willows; made of withies.,A.D. Mills; Dictionary of English Place-Names; Watts; Cambridge Dictionary of English Place-names; E. Ekwall; Dictionary of English Place-Names; Reaney; Place-names of Essex
Widford,'Willow-tree ford'.,ford Old English - A ford.; wīðig Old English - A willow-tree; a withy.,E. Ekwall; Dictionary of English Place-Names; A.D. Mills; Dictionary of English Place-Names; Reaney; Place-names of Essex; Watts; Cambridge Dictionary of English Place-names
Willey Hundred,"'Willow-tree', denoting a once well-known tree in the area which would have marked the site of the meeting-place. The half-hundred of Bucklow (see entry) was later absorbed into Willey hundred.",wilig Old English,Mawer & Stenton; Place-names of Bedfordshire and Huntingdonshire; Anderson (unspecified work)
Willingale Doe and Spain,'Nook of land of Willa's people'. One was held by Hervey de Ispania in 1086 and the other by Hugh de Ou.,"-ingas Old English - The people of . . . ; the people called after . . .; Family name Unknown - Family name.; halh Old English - A nook of land; a small valley; dry ground in marsh; a piece of land projecting from, or detached from, the main area of its administrative unit.; Personal name (Old English) Old English - Personal name",A.D. Mills; Dictionary of English Place-Names; Reaney; Place-names of Essex; Watts; Cambridge Dictionary of English Place-names; E. Ekwall; Dictionary of English Place-Names
Wimbish,"Uncertain. Probably, 'Wina's copse' but perhaps, 'bent-grass pasture'.","bēos Old English - Bent grass, rough grass.; bysce Old English - A copse of bushes.; Personal name (Old English) Old English - Personal name; winn Old English - A pasture.",Watts; Cambridge Dictionary of English Place-names; Reaney; Place-names of Essex; A.D. Mills; Dictionary of English Place-Names; E. Ekwall; Dictionary of English Place-Names
Winstree Half-Hundred,,"hundred Old English - One hundred; an administrative division of a county.; Personal name (Old English) Old English - Personal name; trēow Old English - A tree; a large piece of wood, a post, a beam.",Anderson (unspecified work); Reaney; Place-names of Essex
Witham,"Perhaps, 'river-bend homestead/village'. Witham was the caput of the half-hundred. The exact site of the meeting-place is unknown.","hām Old English - A village, a village community, a manor, an estate, a homestead.; hundred Old English - One hundred; an administrative division of a county.; wiht Old English - A bend.",E. Ekwall; Dictionary of English Place-Names; Reaney; Place-names of Essex; A.D. Mills; Dictionary of English Place-Names; Watts; Cambridge Dictionary of English Place-names
Witley Hundred,'River-bend wood/clearing' or perhaps '*Wihta's wood/clearing'. The location of the place is unknown. Witley hundred was later absorbed into the Upper Division of Kiftsgate hundred.,"hundred Old English - One hundred; an administrative division of a county.; lēah Old English - A forest, wood, glade, clearing; (later) a pasture, meadow.; Personal name (Old English) Old English - Personal name; wiht Old English - A bend.",Smith; Place-names of Gloucestershire; Anderson; English Hundred-Names
Wivenhoe,"'*Wife's/*Wifa's hill-spur', a feminine personal name.",hōh Old English - A heel; a sharply projecting piece of ground.; Personal name (Old English) Old English - Personal name,A.D. Mills; Dictionary of English Place-Names; Watts; Cambridge Dictionary of English Place-names; E. Ekwall; Dictionary of English Place-Names; Reaney; Place-names of Essex
Wix,'Specialised-farms'.,"wīc Old English - A dwelling; a building or collection of buildings for special purposes; a farm, a dairy farm; a trading or industrial settlement; or (in the plural) a hamlet, village.",Reaney; Place-names of Essex; E. Ekwall; Dictionary of English Place-Names; A.D. Mills; Dictionary of English Place-Names; Watts; Cambridge Dictionary of English Place-names
Wixamtree Hundred,"'Wistan's tree', denoting a once well-known tree in the area which would have marked the site of the meeting-place, now lost.","Personal name (Old English) Old English - Personal name; trēow Old English - A tree; a large piece of wood, a post, a beam.",Anderson (unspecified work); Mawer & Stenton; Place-names of Bedfordshire and Huntingdonshire
Wixoe,'Widuc's hill-spur'.,hōh Old English - A heel; a sharply projecting piece of ground.; Personal name (Old English) Old English - Personal name,A.D. Mills; Dictionary of English Place-Names; E. Ekwall; Dictionary of English Place-Names; Cameron; Dictionary of Lincolnshire Place-names; Watts; Cambridge Dictionary of English Place-names
Woodford,'Wood ford'.,"ford Old English - A ford.; wudu Old English - A wood; or wood, timber.",A.D. Mills; Dictionary of English Place-Names; Watts; Cambridge Dictionary of English Place-names; Reaney; Place-names of Essex; E. Ekwall; Dictionary of English Place-Names
Woodham Ferrers,'Wood homestead/village'. It was held by Henricus de Ferreriis in 1086.,"Family name Unknown - Family name.; hām Old English - A village, a village community, a manor, an estate, a homestead.; wudu Old English - A wood; or wood, timber.",A.D. Mills; Dictionary of English Place-Names; E. Ekwall; Dictionary of English Place-Names; Reaney; Place-names of Essex; Watts; Cambridge Dictionary of English Place-names
Woodham Mortimer,'Wood homestead/village'. It was held by Robert de Mortimer in 1212.,"Family name Unknown - Family name.; hām Old English - A village, a village community, a manor, an estate, a homestead.; wudu Old English - A wood; or wood, timber.",Watts; Cambridge Dictionary of English Place-names; Reaney; Place-names of Essex; E. Ekwall; Dictionary of English Place-Names; A.D. Mills; Dictionary of English Place-Names
Woodham Walter,'Wood homestead/village'. It was held by Robertus filius Walteris in 1212.,"Family name Unknown - Family name.; hām Old English - A village, a village community, a manor, an estate, a homestead.; wudu Old English - A wood; or wood, timber.",E. Ekwall; Dictionary of English Place-Names; A.D. Mills; Dictionary of English Place-Names; Watts; Cambridge Dictionary of English Place-names; Reaney; Place-names of Essex
Wormingford,'*Withermund's ford'.,ford Old English - A ford.; Personal name (Old English) Old English - Personal name,Watts; Cambridge Dictionary of English Place-names; A.D. Mills; Dictionary of English Place-Names; Reaney; Place-names of Essex; E. Ekwall; Dictionary of English Place-Names
Wrabness,"'*Wrabba's promontory' or perhaps, 'promontory called *Wrabbe (= the bent one)'.","næss Old English; nōs Old English - A headland, a promontory.; Personal name (Old English) Old English - Personal name; wrabb Old English - Something bent, twisted.",A.D. Mills; Dictionary of English Place-Names; E. Ekwall; Dictionary of English Place-Names; Watts; Cambridge Dictionary of English Place-names; Reaney; Place-names of Essex
Writtle,An old name for the River Wid.,River-name Unknown - River-name,Watts; Cambridge Dictionary of English Place-names; Reaney; Place-names of Essex; A.D. Mills; Dictionary of English Place-Names; E. Ekwall; Dictionary of English Place-Names
