PlaceName,Etymology,Derivation,ReferenceTitle
Abenhall,'Abba's nook of land'.,"halh Old English - A nook of land; a small valley; dry ground in marsh; a piece of land projecting from, or detached from, the main area of its administrative unit.; Personal name (Old English) Old English - Personal name",E. Ekwall; Dictionary of English Place-Names; Smith; Place-names of Gloucestershire; A.D. Mills; Dictionary of English Place-Names; Watts; Cambridge Dictionary of English Place-names
Acton Turville,"'Oak-tree farm/settlement'. It was held by the Turville, or Turberville, family from the 13th century.",āc Old English - An oak-tree.; Family name Unknown - Family name.; tūn Old English - An enclosure; a farmstead; a village; an estate.,Smith; Place-names of Gloucestershire; E. Ekwall; Dictionary of English Place-Names; Watts; Cambridge Dictionary of English Place-names; A.D. Mills; Dictionary of English Place-Names
Adlestrop,'*Taetel's outlying hamlet'.,"Personal name (Old English) Old English - Personal name; þrop Old English - A hamlet, an outlying farm.",Watts; Cambridge Dictionary of English Place-names; A.D. Mills; Dictionary of English Place-Names; Smith; Place-names of Gloucestershire; E. Ekwall; Dictionary of English Place-Names
Alderley,'Alder-tree wood/clearing'.,"alor Old English - An alder-tree.; lēah Old English - A forest, wood, glade, clearing; (later) a pasture, meadow.",A.D. Mills; Dictionary of English Place-Names; Gelling; Signposts to the Past; Smith; Place-names of Gloucestershire; Watts; Cambridge Dictionary of English Place-names
Alderton,'Farm/settlement connected with Ealdhere'.,"-ingtūn Old English - A settlement called after, or connected with . . .; Personal name (Old English) Old English - Personal name",E. Ekwall; Dictionary of English Place-Names; Watts; Cambridge Dictionary of English Place-names; Smith; Place-names of Gloucestershire; A.D. Mills; Dictionary of English Place-Names
Aldsworth,'*Ald's enclosure'.,Personal name (Old English) Old English - Personal name; worð Old English - An enclosure.,Watts; Cambridge Dictionary of English Place-names; Smith; Place-names of Gloucestershire; E. Ekwall; Dictionary of English Place-Names; A.D. Mills; Dictionary of English Place-Names
Alkington,'Alhmund's farm/settlement'.,Personal name (Old English) Old English - Personal name; tūn Old English - An enclosure; a farmstead; a village; an estate.,Watts; Cambridge Dictionary of English Place-names; E. Ekwall; Dictionary of English Place-Names; Smith; Place-names of Gloucestershire; A.D. Mills; Dictionary of English Place-Names
Almondsbury,'Aethlmod's/Aethelmund's fortification'.,burh Old English - A fortified place.; Personal name (Old English) Old English - Personal name,A.D. Mills; Dictionary of English Place-Names; Watts; Cambridge Dictionary of English Place-names; E. Ekwall; Dictionary of English Place-Names; Smith; Place-names of Gloucestershire
Alstone,'Aelfsige's farm/settlement'.,Personal name (Old English) Old English - Personal name; tūn Old English - An enclosure; a farmstead; a village; an estate.,A.D. Mills; Dictionary of English Place-Names; Smith; Place-names of Gloucestershire; E. Ekwall; Dictionary of English Place-Names; Watts; Cambridge Dictionary of English Place-names
Alveston,'Aelfwig's stone'.,"Personal name (Old English) Old English - Personal name; stān Old English - A stone, stone, rock.",A.D. Mills; Dictionary of English Place-Names; Watts; Cambridge Dictionary of English Place-names; Smith; Place-names of Gloucestershire; E. Ekwall; Dictionary of English Place-Names
Alvington,"Uncertain. 'Farm/settlement connected with Aelf(a)' or perhaps, 'Aelfwine's farm/settlement'. The specific might also be the OE feminine personal name, 'Aelfwynn'.","-ingtūn Old English - A settlement called after, or connected with . . .; Personal name (Old English) Old English - Personal name; tūn Old English - An enclosure; a farmstead; a village; an estate.",E. Ekwall; Dictionary of English Place-Names; A.D. Mills; Dictionary of English Place-Names; Smith; Place-names of Gloucestershire; Watts; Cambridge Dictionary of English Place-names
Ampney Crucis,"'*Amma's river'. 'Crucis' from the dedication of the church to Sante Crucis or Holyrode, 'the holy cross'",ēa Old English - A river.; Personal name (Old English) Old English - Personal name,E. Ekwall; Dictionary of English Place-Names; A.D. Mills; Dictionary of English Place-Names; Watts; Cambridge Dictionary of English Place-names; Smith; Place-names of Gloucestershire
Ampney St. Mary,'*Amma's river'. 'St. Mary' from the dedication of the church.,ēa Old English - A river.; Personal name (Old English) Old English - Personal name; Saint's Name Unknown - Saint's name.,A.D. Mills; Dictionary of English Place-Names; Smith; Place-names of Gloucestershire; Watts; Cambridge Dictionary of English Place-names; E. Ekwall; Dictionary of English Place-Names
Ampney St. Peter,'*Amma's river'. 'St. Peter' from the dedication of the church.,ēa Old English - A river.; Personal name (Old English) Old English - Personal name; Saint's Name Unknown - Saint's name.,E. Ekwall; Dictionary of English Place-Names; Smith; Place-names of Gloucestershire; A.D. Mills; Dictionary of English Place-Names; Watts; Cambridge Dictionary of English Place-names
Arlingham,"Perhaps, 'homestead/village of *Eorla's people' or 'hemmed-in land of *Eorla's people'.","-ingas Old English - The people of . . . ; the people called after . . .; hām Old English - A village, a village community, a manor, an estate, a homestead.; hamm Old English - Land hemmed in by water or marsh (perhaps also by high ground); a river-meadow; cultivated plot on the edge of woodland or moor.; Personal name (Old English) Old English - Personal name",Watts; Cambridge Dictionary of English Place-names; Smith; Place-names of Gloucestershire; A.D. Mills; Dictionary of English Place-Names; E. Ekwall; Dictionary of English Place-Names
Ashchurch,'Ash-tree church'.,æsc Old English; cirice Old English - A church.,A.D. Mills; Dictionary of English Place-Names; E. Ekwall; Dictionary of English Place-Names; Smith; Place-names of Gloucestershire; Watts; Cambridge Dictionary of English Place-names
Ashleworth,'*Aescel's enclosure'.,Personal name (Old English) Old English - Personal name; worð Old English - An enclosure.,Smith; Place-names of Gloucestershire; A.D. Mills; Dictionary of English Place-Names; Watts; Cambridge Dictionary of English Place-names; E. Ekwall; Dictionary of English Place-Names
Ashley,'Ash-tree wood/clearing'.,"æsc Old English; lēah Old English - A forest, wood, glade, clearing; (later) a pasture, meadow.","A.D. Mills; Dictionary of English Place-Names; Watts; Cambridge Dictionary of English Place-names; Gover, Mawer and Stenton, The Place-Names of Wiltshire; E. Ekwall; Dictionary of English Place-Names"
Aston Blank or Cold Aston,"'East farm/settlement'. The significance of the affix is uncertain, and might either be a descriptive or an otherwise unknown feudal name. 'Cold' because of its high altitude (700 ft)and exposed situation.","blanc Old French - White, bare.; cald Old English; ēast Old English - Eastern, east.; Family name Unknown - Family name.; tūn Old English - An enclosure; a farmstead; a village; an estate.",Smith; Place-names of Gloucestershire; E. Ekwall; Dictionary of English Place-Names; A.D. Mills; Dictionary of English Place-Names; Watts; Cambridge Dictionary of English Place-names
Aston Subedge,'East farm/settlement below the edge'. It lies just below a steep escarpment in the northern Cotswolds.,"ēast Old English - Eastern, east.; ecg Old English - An edge; the edge of a hill, an escarpment.; sub Latin - Below, underneath.; tūn Old English - An enclosure; a farmstead; a village; an estate.",Watts; Cambridge Dictionary of English Place-names; A.D. Mills; Dictionary of English Place-Names; Smith; Place-names of Gloucestershire; E. Ekwall; Dictionary of English Place-Names
Aust,"Obscure. The name perhaps alludes to the crossing of the River Severn here by the Second Roman Legion, the Legio Augusta. Alternatively, it might be an OE masculine name, 'Austa' or feminine, 'Auste'. However, since the dipthong 'au' is unknown in OE, pot",Obscure element Unknown - Obscure element,"E. Ekwall; Dictionary of English Place-Names; Coates and Breeze, Celtic Voices English Places; Watts; Cambridge Dictionary of English Place-names; A.D. Mills; Dictionary of English Place-Names; Smith; Place-names of Gloucestershire"
Avening,'River Avon dwellers'.,-ingas Old English - The people of . . . ; the people called after . . .; River-name Unknown - River-name,Smith; Place-names of Gloucestershire; Watts; Cambridge Dictionary of English Place-names; E. Ekwall; Dictionary of English Place-Names; A.D. Mills; Dictionary of English Place-Names
Awre,"Uncertain. Possibly, 'alder-tree' or perhaps, 'sour-land island'.","afor Old English - Bitter, sour.; alor Old English - An alder-tree.; ēg Old English - An island.  In ancient settlement-names, most frequently refers to dry ground surrounded by marsh.  Also used of islands in modern sense.  In late OE names: well-watered land.",Watts; Cambridge Dictionary of English Place-names; A.D. Mills; Dictionary of English Place-Names; Smith; Place-names of Gloucestershire; E. Ekwall; Dictionary of English Place-Names
Aylburton,'Aethelbeorht's farm/settlement'.,Personal name (Old English) Old English - Personal name; tūn Old English - An enclosure; a farmstead; a village; an estate.,E. Ekwall; Dictionary of English Place-Names; Watts; Cambridge Dictionary of English Place-names; A.D. Mills; Dictionary of English Place-Names; Smith; Place-names of Gloucestershire
Badgeworth,'*Baecga's enclosure'.,Personal name (Old English) Old English - Personal name; worð Old English - An enclosure.,A.D. Mills; Dictionary of English Place-Names; Watts; Cambridge Dictionary of English Place-names; Smith; Place-names of Gloucestershire; E. Ekwall; Dictionary of English Place-Names
Bagendon,'Valley of *Baecga's people'.,-ingas Old English - The people of . . . ; the people called after . . .; denu Old English - A valley.; Personal name (Old English) Old English - Personal name,A.D. Mills; Dictionary of English Place-Names; Watts; Cambridge Dictionary of English Place-names; Smith; Place-names of Gloucestershire; E. Ekwall; Dictionary of English Place-Names
Bagstone Hundred,"'Bacga's stone'. The name survives as Bagstone, a hamlet in Wickwar parish. It was later incoporated into the Upper Division of Grumbald's Ash hundred (see entry).","hundred Old English - One hundred; an administrative division of a county.; Personal name (Old English) Old English - Personal name; stān Old English - A stone, stone, rock.",Smith; Place-names of Gloucestershire; Anderson; English Hundred-Names
Barnsley,'Beornmod's wood/clearing'.,"lēah Old English - A forest, wood, glade, clearing; (later) a pasture, meadow.; Personal name (Old English) Old English - Personal name",Watts; Cambridge Dictionary of English Place-names; E. Ekwall; Dictionary of English Place-Names; Smith; Place-names of Gloucestershire; A.D. Mills; Dictionary of English Place-Names
Barnwood,"Uncertain. 'Beorna's wood' or perhaps, 'warriors' wood'.","beorn Old English - A hero, a warrior.; Personal name (Old English) Old English - Personal name; wudu Old English - A wood; or wood, timber.",A.D. Mills; Dictionary of English Place-Names; E. Ekwall; Dictionary of English Place-Names; Watts; Cambridge Dictionary of English Place-names; Smith; Place-names of Gloucestershire
Batsford,'*Baecci's hill-slope'.,"ōra Old English - A shore, hill-slope; possibly also the foot of a slope.  (Used in place-names only in the parts of southern England where Jutish and West Saxon dialects were operative.); Personal name (Old English) Old English - Personal name",E. Ekwall; Dictionary of English Place-Names; A.D. Mills; Dictionary of English Place-Names; Watts; Cambridge Dictionary of English Place-names; Smith; Place-names of Gloucestershire
Baunton,'Farm/settlement connected with Balda'.,"-ingtūn Old English - A settlement called after, or connected with . . .; Personal name (Old English) Old English - Personal name",Watts; Cambridge Dictionary of English Place-names; E. Ekwall; Dictionary of English Place-Names; A.D. Mills; Dictionary of English Place-Names; Smith; Place-names of Gloucestershire
Bedminster,'Beda's monastery'.,"mynster Old English - A monastery, the church of a monastery or religious body, a church served by secular clergy.; Personal name (Old English) Old English - Personal name",Watts; Cambridge Dictionary of English Place-names; E. Ekwall; Dictionary of English Place-Names; A.D. Mills; Dictionary of English Place-Names
Berkeley,"'Birch-tree wood/clearing'. The hundred of Berkeley is not mentioned in Domesday Book, but the Domesday royal manor and its members correspond closely with the unit as it was recorded in 1169. Berkeley was an ancient borough and important place from Anglo","berc Old English; hundred Old English - One hundred; an administrative division of a county.; lēah Old English - A forest, wood, glade, clearing; (later) a pasture, meadow.",Watts; Cambridge Dictionary of English Place-names; A.D. Mills; Dictionary of English Place-Names; E. Ekwall; Dictionary of English Place-Names; Anderson; English Hundred-Names; Smith; Place-names of Gloucestershire
Beverston,"Uncertain. 'Beaver stone' or perhaps, '*Beofer's stone'.","beofor Old English - A beaver.; Personal name (Old English) Old English - Personal name; stān Old English - A stone, stone, rock.",Watts; Cambridge Dictionary of English Place-names; E. Ekwall; Dictionary of English Place-Names; Smith; Place-names of Gloucestershire; A.D. Mills; Dictionary of English Place-Names
Bibury,"'Beage's fortification', a feminine personal name. She was the daughter of Earl Leppa, to whom the Bishop of Wincester granted the manor in the 8th century. In Domesday, Bibury gave its name to a separate hundred which comprised the NW part of the modern",burh Old English - A fortified place.; hundred Old English - One hundred; an administrative division of a county.; Personal name (Old English) Old English - Personal name,Anderson; English Hundred-Names; Smith; Place-names of Gloucestershire; E. Ekwall; Dictionary of English Place-Names; Watts; Cambridge Dictionary of English Place-names; A.D. Mills; Dictionary of English Place-Names
Bishop's Cleeve,'Cliff'. It was held by the Bishop of Worcester. The modern hundred of Cleeve was carved out of part of Tibblestone hundred (see entry).,"biscop Old English - A bishop.; clif Old English - An escarpment, a hill-slope; a river-bank.; hundred Old English - One hundred; an administrative division of a county.",Watts; Cambridge Dictionary of English Place-names; Smith; Place-names of Gloucestershire; Anderson (unspecified work); A.D. Mills; Dictionary of English Place-Names; E. Ekwall; Dictionary of English Place-Names
Bisley,"'*Bisa's wood/clearing'. The location of the meeting-place is unknown, but it has been suggested that it was at The Wittamtree, 'counsellors' tree' from OE wita + treow, however spellings for this name are quite late and it might instead be derived from O","hundred Old English - One hundred; an administrative division of a county.; lēah Old English - A forest, wood, glade, clearing; (later) a pasture, meadow.; Personal name (Old English) Old English - Personal name",Anderson; English Hundred-Names; Watts; Cambridge Dictionary of English Place-names; E. Ekwall; Dictionary of English Place-Names; Smith; Place-names of Gloucestershire; A.D. Mills; Dictionary of English Place-Names
Bitton,'River Boyd farm/settlement'.,River-name Unknown - River-name; tūn Old English - An enclosure; a farmstead; a village; an estate.,Smith; Place-names of Gloucestershire; A.D. Mills; Dictionary of English Place-Names; E. Ekwall; Dictionary of English Place-Names; Watts; Cambridge Dictionary of English Place-names
Blaisdon,'*Bl(a)ecci's hill'.,dūn Old English - A hill.; Personal name (Old English) Old English - Personal name,Watts; Cambridge Dictionary of English Place-names; Smith; Place-names of Gloucestershire; E. Ekwall; Dictionary of English Place-Names; A.D. Mills; Dictionary of English Place-Names
Bledington,'River Bladon farm/settlement'.,River-name Unknown - River-name; tūn Old English - An enclosure; a farmstead; a village; an estate.,Watts; Cambridge Dictionary of English Place-names; Smith; Place-names of Gloucestershire; A.D. Mills; Dictionary of English Place-Names; E. Ekwall; Dictionary of English Place-Names
Blidesloe Hundred,"'*Blith(e)'s mound/hill'. The name survives as Bledisloe in Awre parish, a farm SSW of Newnham parish. There was presumably a tumulus here where the hundred met.",hlāw Old English - A tumulus; a hill.; hundred Old English - One hundred; an administrative division of a county.; Personal name (Old English) Old English - Personal name,Anderson (unspecified work); Smith; Place-names of Gloucestershire
Blockley,'*Blocca's wood/clearing'.,"lēah Old English - A forest, wood, glade, clearing; (later) a pasture, meadow.; Personal name (Old English) Old English - Personal name",Watts; Cambridge Dictionary of English Place-names; A.D. Mills; Dictionary of English Place-Names; Gover et al.; Place-names of Worcestershire; E. Ekwall; Dictionary of English Place-Names
Boddington,'Farm/settlement connected with Bota'.,"-ingtūn Old English - A settlement called after, or connected with . . .; Personal name (Old English) Old English - Personal name",Watts; Cambridge Dictionary of English Place-names; E. Ekwall; Dictionary of English Place-Names; A.D. Mills; Dictionary of English Place-Names; Smith; Place-names of Gloucestershire
Botloe Hundred,"'Bota's hill/mound'. The name survives as Botloe's Green, a hamlet N of Newent. Located on an area of high ground, it was central for the hundred.",hlāw Old English - A tumulus; a hill.; hundred Old English - One hundred; an administrative division of a county.; Personal name (Old English) Old English - Personal name,Anderson (unspecified work); Smith; Place-names of Gloucestershire
Bourton on the Hill,'Fortification farm/settlement'.,"burh-tūn Old English - A fort enclosure; a farm with a palisade; a farm at, or belonging to, or which is, a fortification, fortified house, or manorhouse.",A.D. Mills; Dictionary of English Place-Names; Gover et al.; Place-names of Worcestershire; E. Ekwall; Dictionary of English Place-Names; Watts; Cambridge Dictionary of English Place-names
Bourton on the Water,'Fortification farm/settlement'. It is situated on the River Winrush.,"burh-tūn Old English - A fort enclosure; a farm with a palisade; a farm at, or belonging to, or which is, a fortification, fortified house, or manorhouse.",A.D. Mills; Dictionary of English Place-Names; Watts; Cambridge Dictionary of English Place-names; E. Ekwall; Dictionary of English Place-Names; Smith; Place-names of Gloucestershire
Boxwell and Leigherton,'Box-tree spring/stream'. 'Lettuce farm/settlement'.,box Old English - A box-tree.; leahtric Old English - A lettuce.; tūn Old English - An enclosure; a farmstead; a village; an estate.; wella Old English,Watts; Cambridge Dictionary of English Place-names; A.D. Mills; Dictionary of English Place-Names; Smith; Place-names of Gloucestershire; E. Ekwall; Dictionary of English Place-Names
Breadstone,'Broad stone'.,"brād Old English - Broad, spacious, wide, large.; stān Old English - A stone, stone, rock.",Watts; Cambridge Dictionary of English Place-names; Smith; Place-names of Gloucestershire; A.D. Mills; Dictionary of English Place-Names; E. Ekwall; Dictionary of English Place-Names
Brightwells Barrow Hundred,"'Beohrtwald's mound/hill'. In Domesday, the NW part of the modern hundred was a separate unit called Bibury (see entry). The meeting-place was probably at Barrow Elm Farm in Hatherop parish, where it is recorded the hundred-court met in 1400. It is centra",berg Old English; hundred Old English - One hundred; an administrative division of a county.; Personal name (Old English) Old English - Personal name,Anderson; English Hundred-Names; Smith; Place-names of Gloucestershire
Brimpsfield,'Bremi's/Brymi's open land'.,"feld Old English - Open country, unencumbered ground (eg. land without trees as opposed to forest, level ground as opposed to hills, land without buildings); arable land (from late tenth century).; Personal name (Old English) Old English - Personal name",Watts; Cambridge Dictionary of English Place-names; A.D. Mills; Dictionary of English Place-Names; E. Ekwall; Dictionary of English Place-Names; Smith; Place-names of Gloucestershire
Brislington,'Beorthelm's farm/settlement'.,Personal name (Old English) Old English - Personal name; tūn Old English - An enclosure; a farmstead; a village; an estate.,Watts; Cambridge Dictionary of English Place-names; A.D. Mills; Dictionary of English Place-Names; E. Ekwall; Dictionary of English Place-Names
Bristol,'Bridge place'.,brycg Old English - A bridge; a causeway.; stōw Old English - A place; a place of assembly; a holy place.,E. Ekwall; Dictionary of English Place-Names; Smith; Place-names of Gloucestershire; Watts; Cambridge Dictionary of English Place-names; A.D. Mills; Dictionary of English Place-Names
Broadwell,'Broad spring/stream'.,"brād Old English - Broad, spacious, wide, large.; wella Old English",Smith; Place-names of Gloucestershire; A.D. Mills; Dictionary of English Place-Names; Watts; Cambridge Dictionary of English Place-names; E. Ekwall; Dictionary of English Place-Names
Brockworth,'Brook enclosure'.,"brōc Old English - A brook, a stream.  (Used of a stream with a muddy bed and a visible sediment load.); worðign Old English - An enclosure.",A.D. Mills; Dictionary of English Place-Names; E. Ekwall; Dictionary of English Place-Names; Smith; Place-names of Gloucestershire; Watts; Cambridge Dictionary of English Place-names
Bromsberrow,"Uncertain. '*Breme's hill' or perhaps, 'broom hill'.",berg Old English; brōm Old English - Broom; a thorny bush or shrub.; Personal name (Old English) Old English - Personal name,Watts; Cambridge Dictionary of English Place-names; E. Ekwall; Dictionary of English Place-Names; A.D. Mills; Dictionary of English Place-Names; Smith; Place-names of Gloucestershire
Brookthorpe,'Brook outlying hamlet'.,"brōc Old English - A brook, a stream.  (Used of a stream with a muddy bed and a visible sediment load.); þrop Old English - A hamlet, an outlying farm.",Smith; Place-names of Gloucestershire; Watts; Cambridge Dictionary of English Place-names; A.D. Mills; Dictionary of English Place-Names; E. Ekwall; Dictionary of English Place-Names
Bulley,'Bull wood/clearing'.,"bula Old English - A bull.; lēah Old English - A forest, wood, glade, clearing; (later) a pasture, meadow.",Smith; Place-names of Gloucestershire; Watts; Cambridge Dictionary of English Place-names; A.D. Mills; Dictionary of English Place-Names; E. Ekwall; Dictionary of English Place-Names
Cam,Named after the River Cam.,River-name Unknown - River-name,A.D. Mills; Dictionary of English Place-Names; Smith; Place-names of Gloucestershire; Watts; Cambridge Dictionary of English Place-names; E. Ekwall; Dictionary of English Place-Names
Chaceley,"'Wood/clearing' with an uncertain specific element. Suggestions include a personal name, perhaps, 'Ceatta' or 'Ceadda'; *ced 'wood' or *cediw, 'yew wood'.","cē¸d C; lēah Old English - A forest, wood, glade, clearing; (later) a pasture, meadow.; Personal name (Uncertain) Unknown - Personal name",Watts; Cambridge Dictionary of English Place-names; Gover et al.; Place-names of Worcestershire; E. Ekwall; Dictionary of English Place-Names; A.D. Mills; Dictionary of English Place-Names
Charfield,"Uncertain. 'Open land in a bend' or perhaps, 'rough open land'.","cæring Old English - A bend, a turning.; cert Old English - Rough ground, stony ground.; feld Old English - Open country, unencumbered ground (eg. land without trees as opposed to forest, level ground as opposed to hills, land without buildings); arable land (from late tenth century).",Watts; Cambridge Dictionary of English Place-names; Smith; Place-names of Gloucestershire; A.D. Mills; Dictionary of English Place-Names
Charlton Abbots,'Free peasants' farm/settlement'. It was held by Winchcomb Abbey.,"abbas Latin - An abbot.; ceorl Old English - A freeman of the lower class, a peasant.; tūn Old English - An enclosure; a farmstead; a village; an estate.",E. Ekwall; Dictionary of English Place-Names; Smith; Place-names of Gloucestershire; Watts; Cambridge Dictionary of English Place-names; A.D. Mills; Dictionary of English Place-Names
Charlton Kings,'Free peasants' farm/settlement'. It was an ancient demesne of the Crown.,"ceorl Old English - A freeman of the lower class, a peasant.; cyning Old English - A king.; tūn Old English - An enclosure; a farmstead; a village; an estate.",Watts; Cambridge Dictionary of English Place-names; E. Ekwall; Dictionary of English Place-Names; Smith; Place-names of Gloucestershire; A.D. Mills; Dictionary of English Place-Names
Chedworth,'Cedda's enclosure'.,Personal name (Old English) Old English - Personal name; worð Old English - An enclosure.,E. Ekwall; Dictionary of English Place-Names; Smith; Place-names of Gloucestershire; Watts; Cambridge Dictionary of English Place-names; A.D. Mills; Dictionary of English Place-Names
Cheltenham,"Uncertain. '*Cilta's/*Celta's hemmed-in land', an unattested personal name or perhaps, 'hemmed-in land by the hill called *Cilta/*Celta (= steep slope)'. The River Chelt is probably a back-formation of the place name. The hundred is called after Cheltenha",ciltā C; hamm Old English - Land hemmed in by water or marsh (perhaps also by high ground); a river-meadow; cultivated plot on the edge of woodland or moor.; hundred Old English - One hundred; an administrative division of a county.; Personal name (Old English) Old English - Personal name,Watts; Cambridge Dictionary of English Place-names; E. Ekwall; Dictionary of English Place-Names; Smith; Place-names of Gloucestershire; Anderson (unspecified work); A.D. Mills; Dictionary of English Place-Names
Cherington,'Church farm/settlement'.,cirice Old English - A church.; tūn Old English - An enclosure; a farmstead; a village; an estate.,A.D. Mills; Dictionary of English Place-Names; Smith; Place-names of Gloucestershire; Watts; Cambridge Dictionary of English Place-names; E. Ekwall; Dictionary of English Place-Names
Chipping Campden,"'Enclosure valley'. Around 1180, a market was granted to Hugh de Gondeville and confirmed in 1247.","camp Old English - A field, an enclosed piece of land.; cēping Old English; denu Old English - A valley.",Smith; Place-names of Gloucestershire; Watts; Cambridge Dictionary of English Place-names; E. Ekwall; Dictionary of English Place-Names; A.D. Mills; Dictionary of English Place-Names
Chipping Sodbury,'*Soppa's fortification'. A 'market' was granted here in 1218.,burh Old English - A fortified place.; cēping Old English; Personal name (Old English) Old English - Personal name,Watts; Cambridge Dictionary of English Place-names; E. Ekwall; Dictionary of English Place-Names; A.D. Mills; Dictionary of English Place-Names; Smith; Place-names of Gloucestershire
Church Icomb,'Ic(c)a's valley'. The church is referred to in later 13th century documents.,"cumb Old English - A coomb, a valley.  Possibly derived from Welsh ""cumm""; but possibly derived from OE ""cumb"" a vessel, cup, a small measure.; Personal name (Old English) Old English - Personal name",Smith; Place-names of Gloucestershire; Watts; Cambridge Dictionary of English Place-names; E. Ekwall; Dictionary of English Place-Names; A.D. Mills; Dictionary of English Place-Names
Churcham,'Hemmed-in land'. 'Church' to distinguish from Highnam.,cirice Old English - A church.; hamm Old English - Land hemmed in by water or marsh (perhaps also by high ground); a river-meadow; cultivated plot on the edge of woodland or moor.,Watts; Cambridge Dictionary of English Place-names; A.D. Mills; Dictionary of English Place-Names; Smith; Place-names of Gloucestershire; E. Ekwall; Dictionary of English Place-Names
Churchdown,"Uncertain. 'Church hill' or perhaps, '*Crug hill'. The Celtic 'crug' could have been adopted as a proper name to which 'hill' was added by way of explanation.",cirice Old English - A church.; crṻg C; dūn Old English - A hill.,Smith; Place-names of Gloucestershire; Watts; Cambridge Dictionary of English Place-names; A.D. Mills; Dictionary of English Place-Names; E. Ekwall; Dictionary of English Place-Names
Cirencester,"'Roman site called Cor(i)nion'. The meaning of the first element is uncertain, although it has been suggested it might represent the tribal-name Cornovii or possibly even OE, 'churn'. The Domesday hundred of Cirencester was later merged with another Gersd",ceaster Old English - A city; an old fortification; a Roman site.; ciren Old English - A churn.; Tribal-Name Unknown - Tribal-name.,Watts; Cambridge Dictionary of English Place-names; A.D. Mills; Dictionary of English Place-Names; Rivet & Smith; Place-names of Roman Britain; Anderson; English Hundred-Names; Smith; Place-names of Gloucestershire; E. Ekwall; Dictionary of English Place-Names
Clapton on the Hill,'Hill farm/settlement'.,"clopp Old English - A lump, a hillock, a hill.; tūn Old English - An enclosure; a farmstead; a village; an estate.",E. Ekwall; Dictionary of English Place-Names; Smith; Place-names of Gloucestershire; A.D. Mills; Dictionary of English Place-Names; Watts; Cambridge Dictionary of English Place-names
Clifton,'Cliff farm/settlement'.,"clif Old English - An escarpment, a hill-slope; a river-bank.; tūn Old English - An enclosure; a farmstead; a village; an estate.",E. Ekwall; Dictionary of English Place-Names; Smith; Place-names of Gloucestershire; A.D. Mills; Dictionary of English Place-Names; Watts; Cambridge Dictionary of English Place-names
Coaley,"Uncertain. 'Hut wood/clearing' or perhaps, 'cove wood/cleairng', in the sense of a 'recess' or a 'hollow'.","cofa Old English - An inner chamber; a cave, a cove.; lēah Old English - A forest, wood, glade, clearing; (later) a pasture, meadow.",E. Ekwall; Dictionary of English Place-Names; Smith; Place-names of Gloucestershire; Watts; Cambridge Dictionary of English Place-names; A.D. Mills; Dictionary of English Place-Names
Coates,'Cottages'.,"cot Old English - A cottage, a hut, a shelter, a den.",Watts; Cambridge Dictionary of English Place-names; Smith; Place-names of Gloucestershire; E. Ekwall; Dictionary of English Place-Names; A.D. Mills; Dictionary of English Place-Names
Coberley,'Cuthbeorht's wood/clearing'.,"lēah Old English - A forest, wood, glade, clearing; (later) a pasture, meadow.; Personal name (Old English) Old English - Personal name",A.D. Mills; Dictionary of English Place-Names; E. Ekwall; Dictionary of English Place-Names; Watts; Cambridge Dictionary of English Place-names; Smith; Place-names of Gloucestershire
Cold Ashton,'Ash-tree farm/settlement'. 'Cold' because of its exposed situation.,æsc Old English; cald Old English; tūn Old English - An enclosure; a farmstead; a village; an estate.,E. Ekwall; Dictionary of English Place-Names; A.D. Mills; Dictionary of English Place-Names; Watts; Cambridge Dictionary of English Place-names; Smith; Place-names of Gloucestershire
Colesborne,'*Col's/Coll's stream'.,burna Old English - A stream.; Personal name (Old English) Old English - Personal name,Smith; Place-names of Gloucestershire; Watts; Cambridge Dictionary of English Place-names; E. Ekwall; Dictionary of English Place-Names; A.D. Mills; Dictionary of English Place-Names
Coln Rogers,Named after the River Coln. Roger de Gloucester gifted the manor to St. Peter's Gloucester ca. 1100.,Personal name (Uncertain) Unknown - Personal name; River-name Unknown - River-name,A.D. Mills; Dictionary of English Place-Names; Smith; Place-names of Gloucestershire; E. Ekwall; Dictionary of English Place-Names; Watts; Cambridge Dictionary of English Place-names
Coln St. Aldwyn,Named after the River Coln. The church is dedicated to St. Athelwine.,River-name Unknown - River-name; Saint's Name Unknown - Saint's name.,Smith; Place-names of Gloucestershire; A.D. Mills; Dictionary of English Place-Names; E. Ekwall; Dictionary of English Place-Names; Watts; Cambridge Dictionary of English Place-names
Coln St. Denis,Named after the River Coln. Part of the lands gifted by the king in1069 to the church of St. Denis in Paris.,River-name Unknown - River-name; Saint's Name Unknown - Saint's name.,Smith; Place-names of Gloucestershire; A.D. Mills; Dictionary of English Place-Names; E. Ekwall; Dictionary of English Place-Names; Watts; Cambridge Dictionary of English Place-names
Compton Abdale,"'Valley farm/settlement'. The origins of the affix are uncertain, unless it is a surname from Apedales, Staffordshire and Shropshire or Apedale in Henbury.","cumb Old English - A coomb, a valley.  Possibly derived from Welsh ""cumm""; but possibly derived from OE ""cumb"" a vessel, cup, a small measure.; Family name Unknown - Family name.; Place-name Unknown - Place-name; tūn Old English - An enclosure; a farmstead; a village; an estate.",Watts; Cambridge Dictionary of English Place-names; A.D. Mills; Dictionary of English Place-Names; Smith; Place-names of Gloucestershire; E. Ekwall; Dictionary of English Place-Names
Condicote,'Cottage connected with Cunda'.,"-ing- Old English - Connective particle, linking a first element to a final element.; cot Old English - A cottage, a hut, a shelter, a den.; Personal name (Old English) Old English - Personal name",Smith; Place-names of Gloucestershire; E. Ekwall; Dictionary of English Place-Names; A.D. Mills; Dictionary of English Place-Names; Watts; Cambridge Dictionary of English Place-names
Corse,'Marsh/bog'.,cors C,A.D. Mills; Dictionary of English Place-Names; Smith; Place-names of Gloucestershire; E. Ekwall; Dictionary of English Place-Names; Watts; Cambridge Dictionary of English Place-names
Cowley,'Cow wood/clearing'.,"cū Old English - A cow.; lēah Old English - A forest, wood, glade, clearing; (later) a pasture, meadow.",Watts; Cambridge Dictionary of English Place-names; A.D. Mills; Dictionary of English Place-Names; E. Ekwall; Dictionary of English Place-Names; Smith; Place-names of Gloucestershire
Cranham,"'Crane/heron homestead/village' or perhaps, 'Crana's homestead/village'.","cran Old English - A crane; probably also a heron or similar bird.; hām Old English - A village, a village community, a manor, an estate, a homestead.; hamm Old English - Land hemmed in by water or marsh (perhaps also by high ground); a river-meadow; cultivated plot on the edge of woodland or moor.; Personal name (Old English) Old English - Personal name",Smith; Place-names of Gloucestershire; E. Ekwall; Dictionary of English Place-Names; A.D. Mills; Dictionary of English Place-Names; Watts; Cambridge Dictionary of English Place-names
Cromhall,'River-bend nook of land'.,"crumbe Old English - A bend (esp. in a river or stream).; halh Old English - A nook of land; a small valley; dry ground in marsh; a piece of land projecting from, or detached from, the main area of its administrative unit.",E. Ekwall; Dictionary of English Place-Names; Watts; Cambridge Dictionary of English Place-names; A.D. Mills; Dictionary of English Place-Names; Smith; Place-names of Gloucestershire
Cutsdean,"Uncertain. Possibly, '*Cod's farm/settlement' or '*Cod's valley'.",denu Old English - A valley.; Personal name (Old English) Old English - Personal name; tūn Old English - An enclosure; a farmstead; a village; an estate.,Watts; Cambridge Dictionary of English Place-names; Gover et al.; Place-names of Worcestershire; E. Ekwall; Dictionary of English Place-Names; A.D. Mills; Dictionary of English Place-Names
Daglingworth,"'Enclosure connected with *Daeggel/*Daeccel' or perhaps, 'Enclosure of *Daeggel's/*Daeccel's people'.","-ing- Old English - Connective particle, linking a first element to a final element.; -ingas Old English - The people of . . . ; the people called after . . .; Personal name (Old English) Old English - Personal name; worð Old English - An enclosure.",Smith; Place-names of Gloucestershire; A.D. Mills; Dictionary of English Place-Names; E. Ekwall; Dictionary of English Place-Names; Watts; Cambridge Dictionary of English Place-names
Daylesford,'*Daegel's ford'.,ford Old English - A ford.; Personal name (Old English) Old English - Personal name,E. Ekwall; Dictionary of English Place-Names; Watts; Cambridge Dictionary of English Place-names; Gover et al.; Place-names of Worcestershire; A.D. Mills; Dictionary of English Place-Names
Deerhurst,"'Wild animal wooded hill'. In Domesday Book, the hundred of Deerhurst contained all of the manors belonging to Westminster Abbey and the church of St Denis (Paris). In the 14th century, the manors of Westminster Abbey were taken out to form a separate hun","dēor Old English - An animal, a beast.; hyrst Old English - A wooded hill.",E. Ekwall; Dictionary of English Place-Names; A.D. Mills; Dictionary of English Place-Names; Anderson (unspecified work); Watts; Cambridge Dictionary of English Place-names; Smith; Place-names of Gloucestershire
Didbrook,'*Dyd(d)a's brook'.,"brōc Old English - A brook, a stream.  (Used of a stream with a muddy bed and a visible sediment load.); Personal name (Old English) Old English - Personal name",Smith; Place-names of Gloucestershire; A.D. Mills; Dictionary of English Place-Names; Watts; Cambridge Dictionary of English Place-names; E. Ekwall; Dictionary of English Place-Names
Didmarton,"Uncertain. 'Dyd(d)a's pool farm/settlement' or perhaps, 'Dyd(d)a's boundary farm/settlement'.","mǣre Old English - A boundary, a border; (in field names) the balk of a ploughland.; mere Old English - A pond, a pool, a lake.; Personal name (Old English) Old English - Personal name; tūn Old English - An enclosure; a farmstead; a village; an estate.",E. Ekwall; Dictionary of English Place-Names; A.D. Mills; Dictionary of English Place-Names; Watts; Cambridge Dictionary of English Place-names; Smith; Place-names of Gloucestershire
Dodington,"'Farm/settlement connected with Dod(d)a/Dud(d)a'. Alternatively, it has been suggested because of the frequency of names derived from OE Dod(d)-ingtun or Dud(d)ingtun that they are more likely to represent topographical terms rather than personal names. T","-ing Old English - Place-name forming suffix.; -ing- Old English - Connective particle, linking a first element to a final element.; dod Old English - A hill.; Personal name (Old English) Old English - Personal name; tūn Old English - An enclosure; a farmstead; a village; an estate.",E. Ekwall; Dictionary of English Place-Names; A.D. Mills; Dictionary of English Place-Names; Smith; Place-names of Gloucestershire; Watts; Cambridge Dictionary of English Place-names
Donnington,"Probably, 'farm/settlement connected with Dun(n)/ Dun(n)a'.","-ingtūn Old English - A settlement called after, or connected with . . .; Personal name (Old English) Old English - Personal name",Smith; Place-names of Gloucestershire; A.D. Mills; Dictionary of English Place-Names; E. Ekwall; Dictionary of English Place-Names; Watts; Cambridge Dictionary of English Place-names
Dowdeswell,'*Dogod's spring/stream'.,Personal name (Old English) Old English - Personal name; wella Old English,E. Ekwall; Dictionary of English Place-Names; Watts; Cambridge Dictionary of English Place-names; A.D. Mills; Dictionary of English Place-Names; Smith; Place-names of Gloucestershire
Down Hatherly,'Hawthorn wood/clearing'. 'Down' to distinguish from Up Hatherley.,"dūne Old English - Down, below.; hagu-þorn Old English - The hawthorn, the whitethorn.; lēah Old English - A forest, wood, glade, clearing; (later) a pasture, meadow.",E. Ekwall; Dictionary of English Place-Names; Watts; Cambridge Dictionary of English Place-names; A.D. Mills; Dictionary of English Place-Names; Smith; Place-names of Gloucestershire
Doynton,'Farm/settlement connected with Dydda'.,"-ingtūn Old English - A settlement called after, or connected with . . .; Personal name (Old English) Old English - Personal name",E. Ekwall; Dictionary of English Place-Names; Smith; Place-names of Gloucestershire; Watts; Cambridge Dictionary of English Place-names; A.D. Mills; Dictionary of English Place-Names
Driffield,"'Dirty open land' or possibly, 'stubbly open land'.","drīf Old English - Stubble.; drit Old English - Dirt.; feld Old English - Open country, unencumbered ground (eg. land without trees as opposed to forest, level ground as opposed to hills, land without buildings); arable land (from late tenth century).",A.D. Mills; Dictionary of English Place-Names; Watts; Cambridge Dictionary of English Place-names; E. Ekwall; Dictionary of English Place-Names; Smith; Place-names of Gloucestershire
Dumbleton,"Uncertain. Possibly, OE 'dell farm/settlement' but a pre-English origin seems more likely. Perhaps, 'toe of Dumel (= the black hill)'.","dumbel Old English - A deep hollow, a wooded dell, a ravine.; duβ C; moel C; tā Old English - A toe.; tūn Old English - An enclosure; a farmstead; a village; an estate.",Watts; Cambridge Dictionary of English Place-names; Smith; Place-names of Gloucestershire; E. Ekwall; Dictionary of English Place-Names; A.D. Mills; Dictionary of English Place-Names
Duntisbourne Abbots,"'*Dunt's stream'. It was held by the Abbot of St. Peter's, Gloucester.",abbas Latin - An abbot.; burna Old English - A stream.; Personal name (Old English) Old English - Personal name,Watts; Cambridge Dictionary of English Place-names; Smith; Place-names of Gloucestershire; E. Ekwall; Dictionary of English Place-Names; A.D. Mills; Dictionary of English Place-Names
Duntisbourne Rouse,'*Dunt's stream'. It was held by the family le Rous.,burna Old English - A stream.; Family name Unknown - Family name.; Personal name (Old English) Old English - Personal name,E. Ekwall; Dictionary of English Place-Names; A.D. Mills; Dictionary of English Place-Names; Smith; Place-names of Gloucestershire; Watts; Cambridge Dictionary of English Place-names
Dursley,'Deorsige's wood/clearing'.,"lēah Old English - A forest, wood, glade, clearing; (later) a pasture, meadow.; Personal name (Old English) Old English - Personal name",E. Ekwall; Dictionary of English Place-Names; Watts; Cambridge Dictionary of English Place-names; A.D. Mills; Dictionary of English Place-Names; Smith; Place-names of Gloucestershire
Dymock,"Uncertain. Possibly, 'pig fortification' or 'pig house'.",din C; moch C; tïg C,Smith; Place-names of Gloucestershire; E. Ekwall; Dictionary of English Place-Names; A.D. Mills; Dictionary of English Place-Names; Watts; Cambridge Dictionary of English Place-names
Dyrham and Hinton,'Hemmed-in land where wild animals are'. 'High farm/settlement'.,"dēor Old English - An animal, a beast.; hamm Old English - Land hemmed in by water or marsh (perhaps also by high ground); a river-meadow; cultivated plot on the edge of woodland or moor.; hēah Old English - A high place, a height.; tūn Old English - An enclosure; a farmstead; a village; an estate.",Smith; Place-names of Gloucestershire; E. Ekwall; Dictionary of English Place-Names; A.D. Mills; Dictionary of English Place-Names; Watts; Cambridge Dictionary of English Place-names
East Dean,'East valley'.,"denu Old English - A valley.; ēast Old English - Eastern, east.",Smith; Place-names of Gloucestershire; Watts; Cambridge Dictionary of English Place-names; A.D. Mills; Dictionary of English Place-Names; E. Ekwall; Dictionary of English Place-Names
Eastington,'East in the farm/settlement'.,"ēast Old English - Eastern, east.; in Old English - In.; tūn Old English - An enclosure; a farmstead; a village; an estate.",A.D. Mills; Dictionary of English Place-Names; Smith; Place-names of Gloucestershire; Watts; Cambridge Dictionary of English Place-names
Eastington,'Eadstan's farm/settlement'.,Personal name (Old English) Old English - Personal name; tūn Old English - An enclosure; a farmstead; a village; an estate.,E. Ekwall; Dictionary of English Place-Names; Smith; Place-names of Gloucestershire; A.D. Mills; Dictionary of English Place-Names; Watts; Cambridge Dictionary of English Place-names
Eastleach Martin,Named after the River Leach. 'East' to distinguish from Northleach. The church is dedicated to St. Martin and St. Michael.,"ēast Old English - Eastern, east.; River-name Unknown - River-name; Saint's Name Unknown - Saint's name.",E. Ekwall; Dictionary of English Place-Names; A.D. Mills; Dictionary of English Place-Names; Smith; Place-names of Gloucestershire; Watts; Cambridge Dictionary of English Place-names
Eastleach Turville,Named after the River Leach. 'East' to distinguish from Northleach. The Turville family held land here in the 13th century.,"ēast Old English - Eastern, east.; Family name Unknown - Family name.; River-name Unknown - River-name",E. Ekwall; Dictionary of English Place-Names; Smith; Place-names of Gloucestershire; A.D. Mills; Dictionary of English Place-Names; Watts; Cambridge Dictionary of English Place-names
Ebrington,'Eadbeorht's/Eadbriht's farm/settlement'.,Personal name (Old English) Old English - Personal name; tūn Old English - An enclosure; a farmstead; a village; an estate.,A.D. Mills; Dictionary of English Place-Names; Smith; Place-names of Gloucestershire; E. Ekwall; Dictionary of English Place-Names; Watts; Cambridge Dictionary of English Place-names
Edgeworth,"'Ecgi's enclosure'. Forms of the name show an association with OE ecg, probably because it is situated under a steep slope.",Personal name (Old English) Old English - Personal name; worð Old English - An enclosure.,Watts; Cambridge Dictionary of English Place-names; A.D. Mills; Dictionary of English Place-Names; E. Ekwall; Dictionary of English Place-Names; Smith; Place-names of Gloucestershire
Elberton,'Aethelbeort's farm/settlement'.,Personal name (Old English) Old English - Personal name; tūn Old English - An enclosure; a farmstead; a village; an estate.,Smith; Place-names of Gloucestershire; E. Ekwall; Dictionary of English Place-Names; Watts; Cambridge Dictionary of English Place-names; A.D. Mills; Dictionary of English Place-Names
Elkstone,'Ealac's stone'.,"Personal name (Old English) Old English - Personal name; stān Old English - A stone, stone, rock.",E. Ekwall; Dictionary of English Place-Names; A.D. Mills; Dictionary of English Place-Names; Smith; Place-names of Gloucestershire; Watts; Cambridge Dictionary of English Place-names
Elmore,'Elm-tree ridge' or 'elm-tree bank'.,"elm Old English - An elm-tree.; ōfer Old English - A margin; a river-bank, sea-shore.; ofer Old English - The tip of a promontory, a flat-topped ridge.",Watts; Cambridge Dictionary of English Place-names; E. Ekwall; Dictionary of English Place-Names; Smith; Place-names of Gloucestershire; A.D. Mills; Dictionary of English Place-Names
Elmstone Hardwicke,"Originally, two separate places, 'Alhmund's stone' with occasional forms with OE snaed, 'Almund's detached piece of land' and 'herd-farm'.","heorde-wīc Old English - A herd farm.; Personal name (Old English) Old English - Personal name; stān Old English - A stone, stone, rock.",Watts; Cambridge Dictionary of English Place-names; Smith; Place-names of Gloucestershire; E. Ekwall; Dictionary of English Place-Names; A.D. Mills; Dictionary of English Place-Names
English Bicknor,'Pointed ridge'. It is on the English bank of the River Wye.,"bica Old English - A woodpecker; a bill, a beak; a beak-like projection.; ōfer Old English - A margin; a river-bank, sea-shore.",Watts; Cambridge Dictionary of English Place-names; E. Ekwall; Dictionary of English Place-Names; A.D. Mills; Dictionary of English Place-Names; Smith; Place-names of Gloucestershire
Evenlode,"'*Eowla's difficult river-crossing' or perhaps, '*Eowla's ferry'.",gelād Old English - A difficult river-crossing; possibly also a ferry.; Personal name (Old English) Old English - Personal name,Gover et al.; Place-names of Worcestershire; E. Ekwall; Dictionary of English Place-Names; Watts; Cambridge Dictionary of English Place-names; A.D. Mills; Dictionary of English Place-Names
Eyford,'Island ford'.,"ēg Old English - An island.  In ancient settlement-names, most frequently refers to dry ground surrounded by marsh.  Also used of islands in modern sense.  In late OE names: well-watered land.; ford Old English - A ford.",Smith; Place-names of Gloucestershire; E. Ekwall; Dictionary of English Place-Names; A.D. Mills; Dictionary of English Place-Names; Watts; Cambridge Dictionary of English Place-names
Fairford,'Fair ford'.,"fæger Old English - Fair, beautiful, pleasant.; ford Old English - A ford.",A.D. Mills; Dictionary of English Place-Names; E. Ekwall; Dictionary of English Place-Names; Smith; Place-names of Gloucestershire; Watts; Cambridge Dictionary of English Place-names
Farmington,'Thorn-tree pool farm/settlement'. Initial Th>F is common in local varieties of English.,"mere Old English - A pond, a pool, a lake.; tūn Old English - An enclosure; a farmstead; a village; an estate.; þorn Old English - A hawthorn-tree.",A.D. Mills; Dictionary of English Place-Names; E. Ekwall; Dictionary of English Place-Names; Smith; Place-names of Gloucestershire; Watts; Cambridge Dictionary of English Place-names
Filton,'Hay farm/settlement'.,feleðe Old English; tūn Old English - An enclosure; a farmstead; a village; an estate.,A.D. Mills; Dictionary of English Place-Names; Watts; Cambridge Dictionary of English Place-names; E. Ekwall; Dictionary of English Place-Names; Smith; Place-names of Gloucestershire
Flaxley,'Flax wood/clearing'.,"fleax Old English - Flax.; lēah Old English - A forest, wood, glade, clearing; (later) a pasture, meadow.",Smith; Place-names of Gloucestershire; A.D. Mills; Dictionary of English Place-Names; Watts; Cambridge Dictionary of English Place-names; E. Ekwall; Dictionary of English Place-Names
Forthampton,'Farm/settlement connected with Forthelm'.,"-ingtūn Old English - A settlement called after, or connected with . . .; Personal name (Old English) Old English - Personal name",A.D. Mills; Dictionary of English Place-Names; Watts; Cambridge Dictionary of English Place-names; E. Ekwall; Dictionary of English Place-Names; Smith; Place-names of Gloucestershire
Frampton Cotterell,'River Frome farm/settlement'. It was held by the Cotel family from the 12th century.,Family name Unknown - Family name.; River-name Unknown - River-name; tūn Old English - An enclosure; a farmstead; a village; an estate.,Smith; Place-names of Gloucestershire; Watts; Cambridge Dictionary of English Place-names; A.D. Mills; Dictionary of English Place-Names; E. Ekwall; Dictionary of English Place-Names
Frampton on Severn,'River Frome farm/settlement on the River Severn'. It is situated between the two rivers.,"River-name Unknown - River-name; super Latin - On, above.; tūn Old English - An enclosure; a farmstead; a village; an estate.",Smith; Place-names of Gloucestershire; A.D. Mills; Dictionary of English Place-Names; E. Ekwall; Dictionary of English Place-Names; Watts; Cambridge Dictionary of English Place-names
Fretherne and Saul,'Refuge thorn-tree' 'Willow-tree wood/clearing'.,"frið Old English - Refuge, protection.; lēah Old English - A forest, wood, glade, clearing; (later) a pasture, meadow.; salh Old English; þorn Old English - A hawthorn-tree.",Smith; Place-names of Gloucestershire; E. Ekwall; Dictionary of English Place-Names; A.D. Mills; Dictionary of English Place-Names; Watts; Cambridge Dictionary of English Place-names
Frocester,'River Frome Roman site'. There is a Roman villa nearby.,ceaster Old English - A city; an old fortification; a Roman site.; River-name Unknown - River-name,E. Ekwall; Dictionary of English Place-Names; Smith; Place-names of Gloucestershire; Watts; Cambridge Dictionary of English Place-names; A.D. Mills; Dictionary of English Place-Names
Gloucester,"'Roman town called Glevum'. The first element may be based on a Brit. *Glevon/*Glaivon, 'bright', although this interpretation is tentative.",ceaster Old English - A city; an old fortification; a Roman site.; Obscure element Unknown - Obscure element,E. Ekwall; Dictionary of English Place-Names; Watts; Cambridge Dictionary of English Place-names; Smith; Place-names of Gloucestershire; A.D. Mills; Dictionary of English Place-Names; Rivet & Smith; Place-names of Roman Britain
Gotherington,'Farm/settlement connected with Guthhere'.,"-ingtūn Old English - A settlement called after, or connected with . . .; Personal name (Old English) Old English - Personal name",E. Ekwall; Dictionary of English Place-Names; Smith; Place-names of Gloucestershire; A.D. Mills; Dictionary of English Place-Names; Watts; Cambridge Dictionary of English Place-names
Great and Little Barrington,'Farm/settlement connected with Beorn(a)'. This small hundred is not mentioned after Domesday. It was later incorporated into the hundred of Slaughter.,"-ingtūn Old English - A settlement called after, or connected with . . .; hundred Old English - One hundred; an administrative division of a county.; magna Latin - Big, great.; parva Latin - Small.; Personal name (Old English) Old English - Personal name",Anderson; English Hundred-Names; A.D. Mills; Dictionary of English Place-Names; Watts; Cambridge Dictionary of English Place-names; Smith; Place-names of Gloucestershire; E. Ekwall; Dictionary of English Place-Names
Great and Little Rissington,'Brushwood hill'.,"dūn Old English - A hill.; hrīsen Old English - Growing with or made of brushwood.; magna Latin - Big, great.; parva Latin - Small.",Smith; Place-names of Gloucestershire; Watts; Cambridge Dictionary of English Place-names; A.D. Mills; Dictionary of English Place-Names; E. Ekwall; Dictionary of English Place-Names
Great Badminton,'Farm/settlement connected with *Baduhelm'.,"-ingtūn Old English - A settlement called after, or connected with . . .; magna Latin - Big, great.; Personal name (Old English) Old English - Personal name",Smith; Place-names of Gloucestershire; E. Ekwall; Dictionary of English Place-Names; A.D. Mills; Dictionary of English Place-Names; Watts; Cambridge Dictionary of English Place-names
Great Washbourne,'Alluvial land stream'. 'Great' to distinguish from Little Washbourne.,burna Old English - A stream.; wæsse Old English,Watts; Cambridge Dictionary of English Place-names; E. Ekwall; Dictionary of English Place-Names; Smith; Place-names of Gloucestershire; A.D. Mills; Dictionary of English Place-Names
Great Witcombe,'Wide valley'.,"cumb Old English - A coomb, a valley.  Possibly derived from Welsh ""cumm""; but possibly derived from OE ""cumb"" a vessel, cup, a small measure.; wīd Old English - Wide, spacious.",E. Ekwall; Dictionary of English Place-Names; Smith; Place-names of Gloucestershire; Watts; Cambridge Dictionary of English Place-names; A.D. Mills; Dictionary of English Place-Names
Grumbald's Ash Hundred,"Originally, 'Grimbald's place' with OE stow as the second element and was called 'Grimbald's ash-tree' from the 12th century. The place from which the hundred takes its name is unknown. The Domesday hundreds Bagstone and Hagmead were later incorporated in",æsc Old English; hundred Old English - One hundred; an administrative division of a county.; Personal name (Old English) Old English - Personal name,Smith; Place-names of Gloucestershire; Anderson; English Hundred-Names
Guiting Power,A lost stream name. The le Poer family held land here in the 13th century.,Family name Unknown - Family name.; River-name Unknown - River-name,E. Ekwall; Dictionary of English Place-Names; Watts; Cambridge Dictionary of English Place-names; A.D. Mills; Dictionary of English Place-Names; Smith; Place-names of Gloucestershire
Hailes,"Uncertain. Perhaps a lost name of the stream here, also called Haylebrok (1256) or a lost British folk-name.",River-name Unknown - River-name; Tribal-Name Unknown - Tribal-name.,A.D. Mills; Dictionary of English Place-Names; Smith; Place-names of Gloucestershire; E. Ekwall; Dictionary of English Place-Names; Watts; Cambridge Dictionary of English Place-names
Ham and Stone,'Hemmed-in land'. 'Stone(s)'.,"hamm Old English - Land hemmed in by water or marsh (perhaps also by high ground); a river-meadow; cultivated plot on the edge of woodland or moor.; stān Old English - A stone, stone, rock.",A.D. Mills; Dictionary of English Place-Names; E. Ekwall; Dictionary of English Place-Names; Smith; Place-names of Gloucestershire; Watts; Cambridge Dictionary of English Place-names
Hamfallow,'Ham's ploughed land'.,falh Old English; Place-name Unknown - Place-name,E. Ekwall; Dictionary of English Place-Names; Watts; Cambridge Dictionary of English Place-names; Smith; Place-names of Gloucestershire; A.D. Mills; Dictionary of English Place-Names
Hampnett,'High farm/settlement'. The French diminutive suffix -et was added in the 13th century.,"hēah Old English - A high place, a height.; tūn Old English - An enclosure; a farmstead; a village; an estate.",Watts; Cambridge Dictionary of English Place-names; Smith; Place-names of Gloucestershire; E. Ekwall; Dictionary of English Place-Names; A.D. Mills; Dictionary of English Place-Names
Hanham Abbots,'At the rocks'. It was held by Keynsham Abbey.,"abbat Middle English - An abbot.; hān Old English - A hone, a stone, a boundary-stone, a rock.",Watts; Cambridge Dictionary of English Place-names; Smith; Place-names of Gloucestershire; A.D. Mills; Dictionary of English Place-Names; E. Ekwall; Dictionary of English Place-Names
Hardwicke,'Herd farm'.,heorde-wīc Old English - A herd farm.,A.D. Mills; Dictionary of English Place-Names; E. Ekwall; Dictionary of English Place-Names; Watts; Cambridge Dictionary of English Place-names; Smith; Place-names of Gloucestershire
Harescombe,'*Her(e)sa's valley'.,"cumb Old English - A coomb, a valley.  Possibly derived from Welsh ""cumm""; but possibly derived from OE ""cumb"" a vessel, cup, a small measure.; Personal name (Old English) Old English - Personal name",A.D. Mills; Dictionary of English Place-Names; Watts; Cambridge Dictionary of English Place-names; E. Ekwall; Dictionary of English Place-Names; Smith; Place-names of Gloucestershire
Haresfield,'*Hersa's open land'.,"feld Old English - Open country, unencumbered ground (eg. land without trees as opposed to forest, level ground as opposed to hills, land without buildings); arable land (from late tenth century).; Personal name (Old English) Old English - Personal name",Smith; Place-names of Gloucestershire; A.D. Mills; Dictionary of English Place-Names; Watts; Cambridge Dictionary of English Place-names; E. Ekwall; Dictionary of English Place-Names
Harnhill,"Uncertain. 'Grey hill' or perhaps, 'hares' hill'.","hār Old English - Grey, hoar, especially grey through being overgrown with lichen.; hara Old English - A hare.; hyll Old English - A hill, a natural eminence or elevated piece of ground.",Smith; Place-names of Gloucestershire; A.D. Mills; Dictionary of English Place-Names; Watts; Cambridge Dictionary of English Place-names; E. Ekwall; Dictionary of English Place-Names
Hartpury,"'Hard pear-tree', probably referring to the character of its fruit.","heard Old English - Hard; hard to till; uncomfortable, cheerless.; pirige Old English - A pear-tree.",A.D. Mills; Dictionary of English Place-Names; Watts; Cambridge Dictionary of English Place-names; Smith; Place-names of Gloucestershire; E. Ekwall; Dictionary of English Place-Names
Hasfield,'Hazel open land'.,"feld Old English - Open country, unencumbered ground (eg. land without trees as opposed to forest, level ground as opposed to hills, land without buildings); arable land (from late tenth century).; hæsel Old English - A hazel-tree.",A.D. Mills; Dictionary of English Place-Names; E. Ekwall; Dictionary of English Place-Names; Watts; Cambridge Dictionary of English Place-names; Smith; Place-names of Gloucestershire
Hatherop,'The high outlying hamlet'. The place is situated on a hill overlooking the River Colne.,"hēah Old English - A high place, a height.; þrop Old English - A hamlet, an outlying farm.",Watts; Cambridge Dictionary of English Place-names; A.D. Mills; Dictionary of English Place-Names; Smith; Place-names of Gloucestershire; E. Ekwall; Dictionary of English Place-Names
Hawkesbury,Uncertain. 'Hawk fortification' or 'Hafoc's fortification'.,burh Old English - A fortified place.; hafoc Old English; Personal name (Old English) Old English - Personal name,E. Ekwall; Dictionary of English Place-Names; Watts; Cambridge Dictionary of English Place-names; Smith; Place-names of Gloucestershire; A.D. Mills; Dictionary of English Place-Names
Hawling,"Uncertain. 'Dwellers at the nook of land' or perhaps, 'people of Hallow (Worcestershire)'.","-ingas Old English - The people of . . . ; the people called after . . .; halh Old English - A nook of land; a small valley; dry ground in marsh; a piece of land projecting from, or detached from, the main area of its administrative unit.; Place-name Unknown - Place-name",Watts; Cambridge Dictionary of English Place-names; E. Ekwall; Dictionary of English Place-Names; A.D. Mills; Dictionary of English Place-Names; Smith; Place-names of Gloucestershire
Hazleton,'Hazel farm/settlement'.,hæsel Old English - A hazel-tree.; tūn Old English - An enclosure; a farmstead; a village; an estate.,Watts; Cambridge Dictionary of English Place-names; E. Ekwall; Dictionary of English Place-Names; Smith; Place-names of Gloucestershire; A.D. Mills; Dictionary of English Place-Names
Hempstead,'High homestead'.,"hām-stede Old English - A homestead, the site of a dwelling.; hēah Old English - A high place, a height.",A.D. Mills; Dictionary of English Place-Names; Smith; Place-names of Gloucestershire; Watts; Cambridge Dictionary of English Place-names; E. Ekwall; Dictionary of English Place-Names
Henbury,"'At the high fortification'. The hundred of Henbury replaced the Domesday hundreds of Letberg and Brentry (see entries). In 1287, the hundred-court was held in Brentry itself.","burh Old English - A fortified place.; hēah Old English - A high place, a height.; hundred Old English - One hundred; an administrative division of a county.",Smith; Place-names of Gloucestershire; Watts; Cambridge Dictionary of English Place-names; Anderson; English Hundred-Names; A.D. Mills; Dictionary of English Place-Names; E. Ekwall; Dictionary of English Place-Names
Hewelsfield,'Hygewald's open land'.,"feld Old English - Open country, unencumbered ground (eg. land without trees as opposed to forest, level ground as opposed to hills, land without buildings); arable land (from late tenth century).; Personal name (Old English) Old English - Personal name",E. Ekwall; Dictionary of English Place-Names; Smith; Place-names of Gloucestershire; A.D. Mills; Dictionary of English Place-Names; Watts; Cambridge Dictionary of English Place-names
Hidcote Bartrim,"'*Hydeca's/Huda's cottage'. The affix is either after Bertrannus de Hudicota in 1190 or, more likely, Philip Bertram in 1221.","cot Old English - A cottage, a hut, a shelter, a den.; Family name Unknown - Family name.; Personal name (Old English) Old English - Personal name",Watts; Cambridge Dictionary of English Place-names; Smith; Place-names of Gloucestershire; A.D. Mills; Dictionary of English Place-Names; E. Ekwall; Dictionary of English Place-Names
Highleadon,'Community's Leadon (= named after the River Leadon)'.,"hīwan Old English - A household, the members of a family (plural).; River-name Unknown - River-name",Smith; Place-names of Gloucestershire; E. Ekwall; Dictionary of English Place-Names; A.D. Mills; Dictionary of English Place-Names; Watts; Cambridge Dictionary of English Place-names
Highnam,"Originally, 'hemmed-in land'. 'Community' was a later addition, referring to the monks of St. Peter's Gloucester.","hamm Old English - Land hemmed in by water or marsh (perhaps also by high ground); a river-meadow; cultivated plot on the edge of woodland or moor.; hīwan Old English - A household, the members of a family (plural).",A.D. Mills; Dictionary of English Place-Names; Watts; Cambridge Dictionary of English Place-names; Smith; Place-names of Gloucestershire; E. Ekwall; Dictionary of English Place-Names
Hill,'Hill'.,"hyll Old English - A hill, a natural eminence or elevated piece of ground.",Smith; Place-names of Gloucestershire; A.D. Mills; Dictionary of English Place-Names; E. Ekwall; Dictionary of English Place-Names; Watts; Cambridge Dictionary of English Place-names
Hinton,'Community farm/settlement'. It may have belonged to an old monastery at Berkeley.,"hīwan Old English - A household, the members of a family (plural).; tūn Old English - An enclosure; a farmstead; a village; an estate.",E. Ekwall; Dictionary of English Place-Names; Smith; Place-names of Gloucestershire; A.D. Mills; Dictionary of English Place-Names; Watts; Cambridge Dictionary of English Place-names
Horfield,'Filthy open land'.,"feld Old English - Open country, unencumbered ground (eg. land without trees as opposed to forest, level ground as opposed to hills, land without buildings); arable land (from late tenth century).; horu Old English - Filth, dirt.",A.D. Mills; Dictionary of English Place-Names; Smith; Place-names of Gloucestershire; E. Ekwall; Dictionary of English Place-Names; Watts; Cambridge Dictionary of English Place-names
Horsley,'Horse wood/clearing'.,"hors Old English - A horse.; lēah Old English - A forest, wood, glade, clearing; (later) a pasture, meadow.",A.D. Mills; Dictionary of English Place-Names; Smith; Place-names of Gloucestershire; E. Ekwall; Dictionary of English Place-Names; Watts; Cambridge Dictionary of English Place-names
Horton,"Uncertain. 'Hart hill' or perhaps, 'filthy farm/settlement'.","dūn Old English - A hill.; heorot Old English - A hart, a stag, a grown male deer.; horu Old English - Filth, dirt.; tūn Old English - An enclosure; a farmstead; a village; an estate.",Watts; Cambridge Dictionary of English Place-names; Smith; Place-names of Gloucestershire; A.D. Mills; Dictionary of English Place-Names; E. Ekwall; Dictionary of English Place-Names
Hucclecote,'Cottage(s) connected with *Hucel(a)'.,"-ing- Old English - Connective particle, linking a first element to a final element.; cot Old English - A cottage, a hut, a shelter, a den.; Personal name (Old English) Old English - Personal name",Smith; Place-names of Gloucestershire; Watts; Cambridge Dictionary of English Place-names; E. Ekwall; Dictionary of English Place-Names; A.D. Mills; Dictionary of English Place-Names
Huntley,'Huntsman's wood/clearing'.,"hunta Old English - A hunter, a huntsman.; lēah Old English - A forest, wood, glade, clearing; (later) a pasture, meadow.",E. Ekwall; Dictionary of English Place-Names; Watts; Cambridge Dictionary of English Place-names; A.D. Mills; Dictionary of English Place-Names; Smith; Place-names of Gloucestershire
Icomb,'*Ic(c)a's valley'.,"cumb Old English - A coomb, a valley.  Possibly derived from Welsh ""cumm""; but possibly derived from OE ""cumb"" a vessel, cup, a small measure.; Personal name (Old English) Old English - Personal name",E. Ekwall; Dictionary of English Place-Names; Watts; Cambridge Dictionary of English Place-names; Smith; Place-names of Gloucestershire; A.D. Mills; Dictionary of English Place-Names
Inglesham,'*Ingen's/Ingin's hemmed-in land'. It is surrounded by the Rivers Thames and Cole.,hamm Old English - Land hemmed in by water or marsh (perhaps also by high ground); a river-meadow; cultivated plot on the edge of woodland or moor.; Personal name (Old English) Old English - Personal name,"Gover, Mawer and Stenton, The Place-Names of Wiltshire; E. Ekwall; Dictionary of English Place-Names; Watts; Cambridge Dictionary of English Place-names; A.D. Mills; Dictionary of English Place-Names"
Iron Acton,'Oak-tree farm/settlement'. 'Iron' refers to the old workings here.,āc Old English - An oak-tree.; tūn Old English - An enclosure; a farmstead; a village; an estate.,A.D. Mills; Dictionary of English Place-Names; Watts; Cambridge Dictionary of English Place-names; E. Ekwall; Dictionary of English Place-Names; Smith; Place-names of Gloucestershire
Kemble,"Probably, 'border'. One form, Kemeleshage, seems to refer to a boundary hedge (OE haga) then associated with Kemble. A connection with the Celtic god, Camulos, has also been suggested.",comel C,"E. Ekwall; Dictionary of English Place-Names; Gover, Mawer and Stenton, The Place-Names of Wiltshire; Watts; Cambridge Dictionary of English Place-names; A.D. Mills; Dictionary of English Place-Names"
Kempley,"Uncertain. Perhaps, '*Cenep's wood/clearing' or OE cenep, 'moustache, horse's bit', used of a plant or topographical feature, or a borrowing of L. cannabis (sativa), 'hemp'.","cenep Old English - A horse's bit; a moustache; perhaps used as a plant-name.; lēah Old English - A forest, wood, glade, clearing; (later) a pasture, meadow.; Personal name (Old English) Old English - Personal name",Smith; Place-names of Gloucestershire; E. Ekwall; Dictionary of English Place-Names; A.D. Mills; Dictionary of English Place-Names; Watts; Cambridge Dictionary of English Place-names
Kempsford,'Cynemaer's ford'.,ford Old English - A ford.; Personal name (Old English) Old English - Personal name,A.D. Mills; Dictionary of English Place-Names; Smith; Place-names of Gloucestershire; E. Ekwall; Dictionary of English Place-Names; Watts; Cambridge Dictionary of English Place-names
King's Stanley,'Stone wood/clearing'. It was an ancient demesne of the Crown before and after the Conquest.,"cyning Old English - A king.; lēah Old English - A forest, wood, glade, clearing; (later) a pasture, meadow.; stān Old English - A stone, stone, rock.",E. Ekwall; Dictionary of English Place-Names; Watts; Cambridge Dictionary of English Place-names; A.D. Mills; Dictionary of English Place-Names; Smith; Place-names of Gloucestershire
Kingscote,'King's cottage(s)'.,"cot Old English - A cottage, a hut, a shelter, a den.; cyning Old English - A king.",Watts; Cambridge Dictionary of English Place-names; Smith; Place-names of Gloucestershire; A.D. Mills; Dictionary of English Place-Names; E. Ekwall; Dictionary of English Place-Names
Kingswood,'King's wood'.,"cyning Old English - A king.; wudu Old English - A wood; or wood, timber.",Watts; Cambridge Dictionary of English Place-names; Smith; Place-names of Gloucestershire; A.D. Mills; Dictionary of English Place-Names; E. Ekwall; Dictionary of English Place-Names
Lancaut,'St. Cewydd's church'.,lann C; Saint's Name Unknown - Saint's name.,Watts; Cambridge Dictionary of English Place-names; Smith; Place-names of Gloucestershire; E. Ekwall; Dictionary of English Place-Names; A.D. Mills; Dictionary of English Place-Names
Langley and Swinehead Hundred,"In Domesday, these were two separate hundreds: 'Long wood/clearing', called after a lost Langley in Alveston parish. 'Swine's head'. The place from which the hundred took its name is unknown, although it is sometimes called Bitton hundred, so 'Swineshead'","hēafod Old English - A head; an end or source; headland in a field-system; a projecting piece of ground; a hill (often small).; hundred Old English - One hundred; an administrative division of a county.; lang Old English - Long, tall.; lēah Old English - A forest, wood, glade, clearing; (later) a pasture, meadow.; swīn Old English - A swine, a pig.",Anderson; English Hundred-Names; Smith; Place-names of Gloucestershire
Lassington,'Lesser hill'.,"dūn Old English - A hill.; lǣssa Old English - Lesser, smaller.",E. Ekwall; Dictionary of English Place-Names; Smith; Place-names of Gloucestershire; Watts; Cambridge Dictionary of English Place-names; A.D. Mills; Dictionary of English Place-Names
Lechlade,"'River Leach crossing' or possibly, 'small watercourse of the River Leach'.","gelād Old English - A difficult river-crossing; possibly also a ferry.; lād Old English - A small watercourse, drainage ditch; a path.; River-name Unknown - River-name",Smith; Place-names of Gloucestershire; A.D. Mills; Dictionary of English Place-Names; E. Ekwall; Dictionary of English Place-Names; Watts; Cambridge Dictionary of English Place-names
Leckhampton,'Leek home farm'.,"hām-tūn Old English - A home farm.; lēac Old English - A leek, garlic.",E. Ekwall; Dictionary of English Place-Names; Watts; Cambridge Dictionary of English Place-names; Smith; Place-names of Gloucestershire; A.D. Mills; Dictionary of English Place-Names
Leigh,'The wood/clearing'.,"la Old French - Definite article, the.; lēah Old English - A forest, wood, glade, clearing; (later) a pasture, meadow.",Smith; Place-names of Gloucestershire; E. Ekwall; Dictionary of English Place-Names; A.D. Mills; Dictionary of English Place-Names; Watts; Cambridge Dictionary of English Place-names
Leonard Stanley,'Stone wood/clearing'. The church is dedicated to St. Leonard.,"lēah Old English - A forest, wood, glade, clearing; (later) a pasture, meadow.; Saint's Name Unknown - Saint's name.; stān Old English - A stone, stone, rock.",E. Ekwall; Dictionary of English Place-Names; Smith; Place-names of Gloucestershire; A.D. Mills; Dictionary of English Place-Names; Watts; Cambridge Dictionary of English Place-names
Little Dean,'Little valley'.,"denu Old English - A valley.; lȳtel Old English - Little, small.",A.D. Mills; Dictionary of English Place-Names; Watts; Cambridge Dictionary of English Place-names; E. Ekwall; Dictionary of English Place-Names; Smith; Place-names of Gloucestershire
Little Sodbury,'*Soppa's fortification'. 'Little' to distinguish from Old and Chipping Sodbury.,"burh Old English - A fortified place.; lȳtel Old English - Little, small.; Personal name (Old English) Old English - Personal name",Watts; Cambridge Dictionary of English Place-names; A.D. Mills; Dictionary of English Place-Names; Smith; Place-names of Gloucestershire; E. Ekwall; Dictionary of English Place-Names
Little Washbourne,'Alluvial land stream'. 'Little' to distinguish from Great Washbourne'.,burna Old English - A stream.; wæsse Old English,E. Ekwall; Dictionary of English Place-Names; Smith; Place-names of Gloucestershire; A.D. Mills; Dictionary of English Place-Names; Watts; Cambridge Dictionary of English Place-names
Littleton upon Severn,'Little farm/settlement' on the River Severn.,"lȳtel Old English - Little, small.; tūn Old English - An enclosure; a farmstead; a village; an estate.",A.D. Mills; Dictionary of English Place-Names; Smith; Place-names of Gloucestershire; E. Ekwall; Dictionary of English Place-Names; Watts; Cambridge Dictionary of English Place-names
Long Newnton,'At the new farm/settlement'.,nīwe Old English - New.; tūn Old English - An enclosure; a farmstead; a village; an estate.,"E. Ekwall; Dictionary of English Place-Names; Gover, Mawer and Stenton, The Place-Names of Wiltshire; Watts; Cambridge Dictionary of English Place-names; A.D. Mills; Dictionary of English Place-Names"
Longborough,'Long barrow'. There is a Neolithic long barrow just above the village.,"berg Old English; lang Old English - Long, tall.",E. Ekwall; Dictionary of English Place-Names; A.D. Mills; Dictionary of English Place-Names; Smith; Place-names of Gloucestershire; Watts; Cambridge Dictionary of English Place-names
Longford,'Long ford'.,"ford Old English - A ford.; lang Old English - Long, tall.",Watts; Cambridge Dictionary of English Place-names; Smith; Place-names of Gloucestershire; E. Ekwall; Dictionary of English Place-Names; A.D. Mills; Dictionary of English Place-Names
Longhope,"'Long valley'. 'Long' was an early addition to distinguish from Hope Mansell, 4 miles west.","hop Old English - A valley; a remote enclosed space; a piece of enclosed land in a fen; an enclosure in marsh or moor.; lang Old English - Long, tall.",A.D. Mills; Dictionary of English Place-Names; Smith; Place-names of Gloucestershire; E. Ekwall; Dictionary of English Place-Names; Watts; Cambridge Dictionary of English Place-names
Longney,'Long island'.,"ēg Old English - An island.  In ancient settlement-names, most frequently refers to dry ground surrounded by marsh.  Also used of islands in modern sense.  In late OE names: well-watered land.; lang Old English - Long, tall.",Watts; Cambridge Dictionary of English Place-names; E. Ekwall; Dictionary of English Place-Names; Smith; Place-names of Gloucestershire; A.D. Mills; Dictionary of English Place-Names
Longtree Hundred,"'Long tree'. In 1400, the hundred-court was held on Chavenage Down and the place probably takes its name from Longtree Barn on Chavenage Down in Avening parish. It is located on high ground along the Avening-Tetbury road and is central to the hundred.","hundred Old English - One hundred; an administrative division of a county.; lang Old English - Long, tall.; trēow Old English - A tree; a large piece of wood, a post, a beam.",Anderson; English Hundred-Names; Smith; Place-names of Gloucestershire
Lower and Upper Slaughter,"'Slough'. The meeting-place was at Salmonsbury Camp, a large prehistoric earthwork in the parish of Bourton on the Water. Slaughter hundred was created from the amalgamation of two Domesday hundreds, Salmonsbury and Barrington (see entries).","hundred Old English - One hundred; an administrative division of a county.; inferior Latin - Lower.; slōhtre Old English - A slough, a mire, a muddy place.; superior Latin - Higher, upper.",E. Ekwall; Dictionary of English Place-Names; Smith; Place-names of Gloucestershire; A.D. Mills; Dictionary of English Place-Names; Anderson; English Hundred-Names; Watts; Cambridge Dictionary of English Place-names
Lower Lemington,"Probably, 'farm/settlement on the River *Limen', a lost Celtic river-name.",River-name Unknown - River-name; tūn Old English - An enclosure; a farmstead; a village; an estate.,E. Ekwall; Dictionary of English Place-Names; Watts; Cambridge Dictionary of English Place-names; Smith; Place-names of Gloucestershire; A.D. Mills; Dictionary of English Place-Names
Lydney,"Uncertain. '*Lida's island' or perhaps, 'sailor's island'. Lydney gave its name to a separate hundred in Domesday which was later amalgamated with Bledisloe hundred. The site of the meeting-place ia apparently unknown.","ēg Old English - An island.  In ancient settlement-names, most frequently refers to dry ground surrounded by marsh.  Also used of islands in modern sense.  In late OE names: well-watered land.; hundred Old English - One hundred; an administrative division of a county.; lida Old English - A sailor.; Personal name (Old English) Old English - Personal name",A.D. Mills; Dictionary of English Place-Names; E. Ekwall; Dictionary of English Place-Names; Watts; Cambridge Dictionary of English Place-names; Anderson (unspecified work); Smith; Place-names of Gloucestershire
Maisemore,'Great field'.,maes C; mǭr C,Smith; Place-names of Gloucestershire; E. Ekwall; Dictionary of English Place-Names; A.D. Mills; Dictionary of English Place-Names; Watts; Cambridge Dictionary of English Place-names
Mangotsfield,'Mangod's open land'.,"feld Old English - Open country, unencumbered ground (eg. land without trees as opposed to forest, level ground as opposed to hills, land without buildings); arable land (from late tenth century).; Personal name (Uncertain) Unknown - Personal name",A.D. Mills; Dictionary of English Place-Names; Smith; Place-names of Gloucestershire; Watts; Cambridge Dictionary of English Place-names; E. Ekwall; Dictionary of English Place-Names
Marshfield,"Uncertain. 'Marsh open land' or perhaps, 'boundary open land'.","mǣre Old English - A boundary, a border; (in field names) the balk of a ploughland.; mersc Old English - A marsh.; tūn Old English - An enclosure; a farmstead; a village; an estate.",Watts; Cambridge Dictionary of English Place-names; Smith; Place-names of Gloucestershire; A.D. Mills; Dictionary of English Place-Names; E. Ekwall; Dictionary of English Place-Names
Matson,"'Maethhere's hill' or 'mowers' hill'. Alternatively, '*Mattere's hill' or 'mat-makers' hill'.",dūn Old English - A hill.; mǣðere Old English - A mower.; mattere Old English - A mat-maker.; Personal name (Old English) Old English - Personal name,Smith; Place-names of Gloucestershire; Watts; Cambridge Dictionary of English Place-names; A.D. Mills; Dictionary of English Place-Names; E. Ekwall; Dictionary of English Place-Names
Maugersbury,'*Maethelgar's fortification'.,burh Old English - A fortified place.; Personal name (Old English) Old English - Personal name,E. Ekwall; Dictionary of English Place-Names; A.D. Mills; Dictionary of English Place-Names; Smith; Place-names of Gloucestershire; Watts; Cambridge Dictionary of English Place-names
Mickleton,'Large farm/settlement'.,"micel Old English - Big, great.; tūn Old English - An enclosure; a farmstead; a village; an estate.",E. Ekwall; Dictionary of English Place-Names; A.D. Mills; Dictionary of English Place-Names; Smith; Place-names of Gloucestershire; Watts; Cambridge Dictionary of English Place-names
Minchinhampton,"'Nuns' high farm/settlement'. The manor was granted to the sisters of the Trinity, Caen, Normandy ca. 1080.","hēah Old English - A high place, a height.; mynecen Old English - A nun.; tūn Old English - An enclosure; a farmstead; a village; an estate.",E. Ekwall; Dictionary of English Place-Names; Smith; Place-names of Gloucestershire; A.D. Mills; Dictionary of English Place-Names; Watts; Cambridge Dictionary of English Place-names
Minsterworth,'Monastery enclosure'.,"mynster Old English - A monastery, the church of a monastery or religious body, a church served by secular clergy.; worð Old English - An enclosure.",Smith; Place-names of Gloucestershire; Watts; Cambridge Dictionary of English Place-names; E. Ekwall; Dictionary of English Place-Names; A.D. Mills; Dictionary of English Place-Names
Miserden,"'The Musards'. Orginally, also known as Grenehamstede, 'green homestead'. It was held in 1086 by Hanoit Musard and remained in the family until the 14th century.",Family name Unknown - Family name.,Watts; Cambridge Dictionary of English Place-names; Smith; Place-names of Gloucestershire; E. Ekwall; Dictionary of English Place-Names; A.D. Mills; Dictionary of English Place-Names
Mitcheldean,'Great valley'.,"denu Old English - A valley.; micel Old English - Big, great.",Watts; Cambridge Dictionary of English Place-names; E. Ekwall; Dictionary of English Place-Names; Smith; Place-names of Gloucestershire; A.D. Mills; Dictionary of English Place-Names
Moreton in Marsh,"'Moor farm/settlement'. Originally 'in Hennemarsh (= wild marsh)', later shortened simply to 'marsh'.","mersc Old English - A marsh.; mōr Old English - A marsh, barren upland.; tūn Old English - An enclosure; a farmstead; a village; an estate.",Smith; Place-names of Gloucestershire; Watts; Cambridge Dictionary of English Place-names; E. Ekwall; Dictionary of English Place-Names; A.D. Mills; Dictionary of English Place-Names
Moreton Valence,'Moor farm/settlement'. It was held by William de Valence and family from the 13th century.,"Family name Unknown - Family name.; mōr Old English - A marsh, barren upland.; tūn Old English - An enclosure; a farmstead; a village; an estate.",A.D. Mills; Dictionary of English Place-Names; Smith; Place-names of Gloucestershire; Watts; Cambridge Dictionary of English Place-names; E. Ekwall; Dictionary of English Place-Names
Naunton,'New farm/settlement'.,nīwe Old English - New.; tūn Old English - An enclosure; a farmstead; a village; an estate.,Smith; Place-names of Gloucestershire; Watts; Cambridge Dictionary of English Place-names; A.D. Mills; Dictionary of English Place-Names; E. Ekwall; Dictionary of English Place-Names
Newent,'New place'. Gaulish *novios with the suffix *-entum.,Place-name Unknown - Place-name,A.D. Mills; Dictionary of English Place-Names; E. Ekwall; Dictionary of English Place-Names; Watts; Cambridge Dictionary of English Place-names; Smith; Place-names of Gloucestershire
Newington Bagpath,"Originally, two separate places. 'New farm/settlement' and 'Bacga's path'.",nīwe Old English - New.; pæð Old English; Personal name (Old English) Old English - Personal name; tūn Old English - An enclosure; a farmstead; a village; an estate.,E. Ekwall; Dictionary of English Place-Names; A.D. Mills; Dictionary of English Place-Names; Smith; Place-names of Gloucestershire; Watts; Cambridge Dictionary of English Place-names
Newland,'New land'.,land Old English - Land (as part of earth's surface); an estate; possibly also new arable area.  In minor and field names: strip in a field-system.; nīwe Old English - New.,E. Ekwall; Dictionary of English Place-Names; Watts; Cambridge Dictionary of English Place-names; Smith; Place-names of Gloucestershire; A.D. Mills; Dictionary of English Place-Names
Newnham,'New homestead/village' or 'new hemmed-in land'.,"hām Old English - A village, a village community, a manor, an estate, a homestead.; hamm Old English - Land hemmed in by water or marsh (perhaps also by high ground); a river-meadow; cultivated plot on the edge of woodland or moor.; nīwe Old English - New.",A.D. Mills; Dictionary of English Place-Names; Smith; Place-names of Gloucestershire; E. Ekwall; Dictionary of English Place-Names; Watts; Cambridge Dictionary of English Place-names
North Cerney,Named after the River Churn. 'North' to distinguish from Cherney south of Circencester.,River-name Unknown - River-name,E. Ekwall; Dictionary of English Place-Names; A.D. Mills; Dictionary of English Place-Names; Watts; Cambridge Dictionary of English Place-names; Smith; Place-names of Gloucestershire
North Nibley,"'Peak wood/clearing', referring to nearby Nibley Knoll.","hnybba Old English - A point, a tip, a nib; a projecting piece of land, the brow of a hill, etc.; lēah Old English - A forest, wood, glade, clearing; (later) a pasture, meadow.",Watts; Cambridge Dictionary of English Place-names; E. Ekwall; Dictionary of English Place-Names; Smith; Place-names of Gloucestershire; A.D. Mills; Dictionary of English Place-Names
Northleach,Named after the River Leach. 'North' to distinguish from Eastleach.,"norð Old English - Northern, north.; River-name Unknown - River-name",E. Ekwall; Dictionary of English Place-Names; Watts; Cambridge Dictionary of English Place-names; Smith; Place-names of Gloucestershire; A.D. Mills; Dictionary of English Place-Names
Norton,'North farm/settlement'.,"norð Old English - Northern, north.; tūn Old English - An enclosure; a farmstead; a village; an estate.",E. Ekwall; Dictionary of English Place-Names; Watts; Cambridge Dictionary of English Place-names; Smith; Place-names of Gloucestershire; A.D. Mills; Dictionary of English Place-Names
Notgrove,"Uncertain. 'Wet grove' or perhaps, 'Nata's grove'.","grāf Old English - A grove, a copse.; næt Old English - Wet, moist.; Personal name (Old English) Old English - Personal name",Smith; Place-names of Gloucestershire; A.D. Mills; Dictionary of English Place-Names; E. Ekwall; Dictionary of English Place-Names; Watts; Cambridge Dictionary of English Place-names
Nympsfield,'Nymed's (= holy place) open land'.,"feld Old English - Open country, unencumbered ground (eg. land without trees as opposed to forest, level ground as opposed to hills, land without buildings); arable land (from late tenth century).; nïṽed C",E. Ekwall; Dictionary of English Place-Names; A.D. Mills; Dictionary of English Place-Names; Watts; Cambridge Dictionary of English Place-names; Smith; Place-names of Gloucestershire
Oddington,'Farm/settlement connected with Ot(t)a'.,"-ingtūn Old English - A settlement called after, or connected with . . .; Personal name (Old English) Old English - Personal name",Smith; Place-names of Gloucestershire; Watts; Cambridge Dictionary of English Place-names; E. Ekwall; Dictionary of English Place-Names; A.D. Mills; Dictionary of English Place-Names
Old Sodbury,'*Soppa's fortification'. 'Old' to distinguish from Little and Chipping Sodbury.,ald Old English; burh Old English - A fortified place.; Personal name (Old English) Old English - Personal name,Watts; Cambridge Dictionary of English Place-names; Smith; Place-names of Gloucestershire; E. Ekwall; Dictionary of English Place-Names; A.D. Mills; Dictionary of English Place-Names
Oldbury on the Hill,'Old fortification'.,ald Old English; burh Old English - A fortified place.,A.D. Mills; Dictionary of English Place-Names; Smith; Place-names of Gloucestershire; E. Ekwall; Dictionary of English Place-Names; Watts; Cambridge Dictionary of English Place-names
Oldland,'Old land'.,ald Old English; land Old English - Land (as part of earth's surface); an estate; possibly also new arable area.  In minor and field names: strip in a field-system.,Smith; Place-names of Gloucestershire; E. Ekwall; Dictionary of English Place-Names; A.D. Mills; Dictionary of English Place-Names; Watts; Cambridge Dictionary of English Place-names
Olveston,'Aelf's farm/settlement'.,Personal name (Old English) Old English - Personal name; tūn Old English - An enclosure; a farmstead; a village; an estate.,A.D. Mills; Dictionary of English Place-Names; Smith; Place-names of Gloucestershire; Watts; Cambridge Dictionary of English Place-names; E. Ekwall; Dictionary of English Place-Names
Owlpen,'Ol(l)a's fold.,"penn Old English - A small enclosure, a fold; later an enclosure for animals.; Personal name (Old English) Old English - Personal name",A.D. Mills; Dictionary of English Place-Names; Smith; Place-names of Gloucestershire; Watts; Cambridge Dictionary of English Place-names; E. Ekwall; Dictionary of English Place-Names
Oxenhall,'Nook of land where oxen are kept'.,"halh Old English - A nook of land; a small valley; dry ground in marsh; a piece of land projecting from, or detached from, the main area of its administrative unit.; oxa Old English - An ox.",E. Ekwall; Dictionary of English Place-Names; Watts; Cambridge Dictionary of English Place-names; A.D. Mills; Dictionary of English Place-Names; Smith; Place-names of Gloucestershire
Oxenton,'Oxen hill'.,dūn Old English - A hill.; oxa Old English - An ox.,Watts; Cambridge Dictionary of English Place-names; E. Ekwall; Dictionary of English Place-Names; Smith; Place-names of Gloucestershire; A.D. Mills; Dictionary of English Place-Names
Ozleworth,"Uncertain. '*Osla's enclosure', or perhaps, 'blackbird enclosure'.","ōsle Old English - An ouzel, a blackbird.; Personal name (Old English) Old English - Personal name; worð Old English - An enclosure.",Watts; Cambridge Dictionary of English Place-names; Smith; Place-names of Gloucestershire; E. Ekwall; Dictionary of English Place-Names; A.D. Mills; Dictionary of English Place-Names
Painswick,'Pain's specialised farm'. Pain Fitzjohn held the manor until his death in 1137.,"Personal name (Uncertain) Unknown - Personal name; wīc Old English - A dwelling; a building or collection of buildings for special purposes; a farm, a dairy farm; a trading or industrial settlement; or (in the plural) a hamlet, village.",Smith; Place-names of Gloucestershire; Watts; Cambridge Dictionary of English Place-names; E. Ekwall; Dictionary of English Place-Names; A.D. Mills; Dictionary of English Place-Names
Pauntley,'Valley wood/clearing'.,"lēah Old English - A forest, wood, glade, clearing; (later) a pasture, meadow.; pant C",E. Ekwall; Dictionary of English Place-Names; Smith; Place-names of Gloucestershire; A.D. Mills; Dictionary of English Place-Names; Watts; Cambridge Dictionary of English Place-names
Pinnock and Hyde,"'Small pen' or perhaps, 'hill'. 'A hide of land'.",hīd Old English - A hide of land; an amount of land for the support of one free family and its dependants; a unit of valuation.; penn C; pennuc Old English - A small pen.,A.D. Mills; Dictionary of English Place-Names; Smith; Place-names of Gloucestershire; E. Ekwall; Dictionary of English Place-Names; Watts; Cambridge Dictionary of English Place-names
Pitchcombe,"Uncertain. Probably, '*Pincen's valley', a rare feminine name, but perhaps, 'pitch valley'.","cumb Old English - A coomb, a valley.  Possibly derived from Welsh ""cumm""; but possibly derived from OE ""cumb"" a vessel, cup, a small measure.; Personal name (Old English) Old English - Personal name; picen Old English - Pitchy, pertaining to pitch.",E. Ekwall; Dictionary of English Place-Names; Smith; Place-names of Gloucestershire; A.D. Mills; Dictionary of English Place-Names; Watts; Cambridge Dictionary of English Place-names
Pool Keynes,'Pool'. It was acquired by Sir John Keynes through marriage.,Family name Unknown - Family name.; pōl Old English - A pool.,"Watts; Cambridge Dictionary of English Place-names; E. Ekwall; Dictionary of English Place-Names; Gover, Mawer and Stenton, The Place-Names of Wiltshire; A.D. Mills; Dictionary of English Place-Names"
Poulton,'Pool farm/settlement'.,pōl Old English - A pool.; pull Old English - A pool.; tūn Old English - An enclosure; a farmstead; a village; an estate.,E. Ekwall; Dictionary of English Place-Names; Watts; Cambridge Dictionary of English Place-names; Smith; Place-names of Gloucestershire; A.D. Mills; Dictionary of English Place-Names
Prescott,'Priests' cottage(s)'.,"cot Old English - A cottage, a hut, a shelter, a den.; prēost Old English - A priest.",A.D. Mills; Dictionary of English Place-Names; Smith; Place-names of Gloucestershire; Watts; Cambridge Dictionary of English Place-names
Prestbury,"'Priests' fortification', probably a fortified manor house.",burh Old English - A fortified place.; prēost Old English - A priest.,Watts; Cambridge Dictionary of English Place-names; E. Ekwall; Dictionary of English Place-Names; A.D. Mills; Dictionary of English Place-Names; Smith; Place-names of Gloucestershire
Preston,'Priests' farm/settlement'.,prēost Old English - A priest.; tūn Old English - An enclosure; a farmstead; a village; an estate.,Watts; Cambridge Dictionary of English Place-names; A.D. Mills; Dictionary of English Place-Names; Smith; Place-names of Gloucestershire
Preston,'Priests' farm/settlement'.,prēost Old English - A priest.; tūn Old English - An enclosure; a farmstead; a village; an estate.,Smith; Place-names of Gloucestershire; Watts; Cambridge Dictionary of English Place-names; E. Ekwall; Dictionary of English Place-Names; A.D. Mills; Dictionary of English Place-Names
Prinknash Park,"Perhaps, '*Princa's ash-tree'.",æsc Old English; Personal name (Old English) Old English - Personal name,A.D. Mills; Dictionary of English Place-Names; Watts; Cambridge Dictionary of English Place-names; E. Ekwall; Dictionary of English Place-Names; Smith; Place-names of Gloucestershire
Pucklechurch,'*Pucela's church'. The hundred is called after the Bishop of Bath and Wells's manor of Pucklechurch. No mention is made of the meeting-place.,cirice Old English - A church.; hundred Old English - One hundred; an administrative division of a county.; Personal name (Old English) Old English - Personal name,A.D. Mills; Dictionary of English Place-Names; Watts; Cambridge Dictionary of English Place-names; Smith; Place-names of Gloucestershire; E. Ekwall; Dictionary of English Place-Names; Anderson; English Hundred-Names
Quedgeley,"Uncertain. Perhaps, '*Cweod's wood/clearing' or possibly, 'dirt wood/clearing'.","cwēad Old English - Dirt, mud.; lēah Old English - A forest, wood, glade, clearing; (later) a pasture, meadow.; Personal name (Old English) Old English - Personal name",Smith; Place-names of Gloucestershire; Watts; Cambridge Dictionary of English Place-names; E. Ekwall; Dictionary of English Place-Names; A.D. Mills; Dictionary of English Place-Names
Quenington,"Uncertain. Perhaps, 'women's farm/settlement' or 'farm/settlement connected with Cwen(a)', a feminine personal name.","-ingtūn Old English - A settlement called after, or connected with . . .; cwēn Old English - A queen, the wife or consort of a king.; Personal name (Old English) Old English - Personal name; tūn Old English - An enclosure; a farmstead; a village; an estate.",E. Ekwall; Dictionary of English Place-Names; Watts; Cambridge Dictionary of English Place-names; A.D. Mills; Dictionary of English Place-Names; Smith; Place-names of Gloucestershire
Randwick,'Edge (specialised) farm'.,"rand Old English - An edge, a border, a brink, a shore.; wīc Old English - A dwelling; a building or collection of buildings for special purposes; a farm, a dairy farm; a trading or industrial settlement; or (in the plural) a hamlet, village.",A.D. Mills; Dictionary of English Place-Names; Watts; Cambridge Dictionary of English Place-names; E. Ekwall; Dictionary of English Place-Names; Smith; Place-names of Gloucestershire
Rangeworthy,"Uncertain. Possibly, '*Hrencga's enclosure', or perhaps, 'pole enclosure', ie., constructed of poles.","hrynge Old English - A pole, a stake.; Personal name (Old English) Old English - Personal name; worðig Old English - An enclosure.",E. Ekwall; Dictionary of English Place-Names; Smith; Place-names of Gloucestershire; Watts; Cambridge Dictionary of English Place-names; A.D. Mills; Dictionary of English Place-Names
Rapsgate Hundred,"The first element, OE resp, means 'response' usually in a church service but the word is related to others meaning, 'reprove, blame, convict'. It may perhaps be used in the sense of a 'court of law'. The second element is 'gate'. The name survives as Raps","geat Old English - A hole, an opening, a gap, a pass, a passage; a gate(way).; hundred Old English - One hundred; an administrative division of a county.; resp Old English - Respond, enquire but also related to words meaning reprove, punish, blame and convict.",Smith; Place-names of Gloucestershire; Anderson; English Hundred-Names
Redmarley Dabitot,'Reedy pool wood/clearing'. It was held by Urse D'Abitot in the 11th century.,"hrēod Old English - A reed, a rush; a reed-bed.; lēah Old English - A forest, wood, glade, clearing; (later) a pasture, meadow.; mere Old English - A pond, a pool, a lake.",Gover et al.; Place-names of Worcestershire; E. Ekwall; Dictionary of English Place-Names; A.D. Mills; Dictionary of English Place-Names; Watts; Cambridge Dictionary of English Place-names
Redwick and Northwick,'Reedy (specialised) farm'. 'North specialised farm'.,"hrēod Old English - A reed, a rush; a reed-bed.; norð Old English - Northern, north.; wīc Old English - A dwelling; a building or collection of buildings for special purposes; a farm, a dairy farm; a trading or industrial settlement; or (in the plural) a hamlet, village.",A.D. Mills; Dictionary of English Place-Names; Smith; Place-names of Gloucestershire; E. Ekwall; Dictionary of English Place-Names; Watts; Cambridge Dictionary of English Place-names
Rendcomb,"'Hrinde valley', a lost stream name.","cumb Old English - A coomb, a valley.  Possibly derived from Welsh ""cumm""; but possibly derived from OE ""cumb"" a vessel, cup, a small measure.; River-name Unknown - River-name",A.D. Mills; Dictionary of English Place-Names; Watts; Cambridge Dictionary of English Place-names; Smith; Place-names of Gloucestershire; E. Ekwall; Dictionary of English Place-Names
Rockhampton,"'Rock home farm' or perhaps, 'rook home farm'.","hām-tūn Old English - A home farm.; hrōc Old English - A rook.; rocc Old English - A rock, a peak.",A.D. Mills; Dictionary of English Place-Names; Smith; Place-names of Gloucestershire; Watts; Cambridge Dictionary of English Place-names; E. Ekwall; Dictionary of English Place-Names
Rodborough,"Uncertain. 'Pole hill' or perhaps, 'Rodda's hill'.","berg Old English; Personal name (Old English) Old English - Personal name; rodd Old English - A rod, a switch, a slender shoot.",Smith; Place-names of Gloucestershire; E. Ekwall; Dictionary of English Place-Names; Watts; Cambridge Dictionary of English Place-names; A.D. Mills; Dictionary of English Place-Names
Rodmarton,"Uncertain. 'Reed pond farm/settlement' or perhaps, 'reed boundary farm/settlement'. It is situated on the Wiltshire border.","hrēod Old English - A reed, a rush; a reed-bed.; mǣre Old English - A boundary, a border; (in field names) the balk of a ploughland.; mere Old English - A pond, a pool, a lake.; tūn Old English - An enclosure; a farmstead; a village; an estate.",E. Ekwall; Dictionary of English Place-Names; Watts; Cambridge Dictionary of English Place-names; A.D. Mills; Dictionary of English Place-Names; Smith; Place-names of Gloucestershire
Roel,'Roebuck spring/stream'.,"rā Old English - A roe, a roe-buck.; wella Old English",A.D. Mills; Dictionary of English Place-Names; Smith; Place-names of Gloucestershire; Watts; Cambridge Dictionary of English Place-names; E. Ekwall; Dictionary of English Place-Names
Ruardean,"Uncertain. 'Rye enclosure' or perhaps, 'hill enclosure'.",riu C; ryge Old English - Rye.; worðign Old English - An enclosure.,Watts; Cambridge Dictionary of English Place-names; A.D. Mills; Dictionary of English Place-Names; Smith; Place-names of Gloucestershire; E. Ekwall; Dictionary of English Place-Names
Rudford,'Reed ford'.,"ford Old English - A ford.; hrēod Old English - A reed, a rush; a reed-bed.",Watts; Cambridge Dictionary of English Place-names; Smith; Place-names of Gloucestershire; E. Ekwall; Dictionary of English Place-Names; A.D. Mills; Dictionary of English Place-Names
Saintbury,'Saewine's fortification'.,burh Old English - A fortified place.; Personal name (Old English) Old English - Personal name,Smith; Place-names of Gloucestershire; Watts; Cambridge Dictionary of English Place-names; E. Ekwall; Dictionary of English Place-Names; A.D. Mills; Dictionary of English Place-Names
Salperton,"Possibly, 'salt-highway farm/settlement'. Perhaps, less likely, is 'willow-stream farm/settlement'.","burna Old English - A stream.; here-pæð Old English - A military road, a highway.; salh Old English; salt Old English; tūn Old English - An enclosure; a farmstead; a village; an estate.",A.D. Mills; Dictionary of English Place-Names; Smith; Place-names of Gloucestershire; E. Ekwall; Dictionary of English Place-Names; Watts; Cambridge Dictionary of English Place-names
Sandhurst,'Sandy wooded hill'.,hyrst Old English - A wooded hill.; sand Old English - Sand.,A.D. Mills; Dictionary of English Place-Names; Smith; Place-names of Gloucestershire; E. Ekwall; Dictionary of English Place-Names; Watts; Cambridge Dictionary of English Place-names
Sapperton,'Soap-maker's farm/settlement' or 'soap-merchant's farm/settlement'.,"sāpere Old English - A soap-maker, a soap-dealer.; tūn Old English - An enclosure; a farmstead; a village; an estate.",A.D. Mills; Dictionary of English Place-Names; E. Ekwall; Dictionary of English Place-Names; Watts; Cambridge Dictionary of English Place-names; Smith; Place-names of Gloucestershire
Sevenhampton,'Seven home farms'.,hām-tūn Old English - A home farm.; seofon Old English - Seven.,E. Ekwall; Dictionary of English Place-Names; Smith; Place-names of Gloucestershire; Watts; Cambridge Dictionary of English Place-names; A.D. Mills; Dictionary of English Place-Names
Sezincote,'Gravelly cottage'.,"cisen Old English - Gravelly.; cot Old English - A cottage, a hut, a shelter, a den.",Smith; Place-names of Gloucestershire; Watts; Cambridge Dictionary of English Place-names; A.D. Mills; Dictionary of English Place-Names; E. Ekwall; Dictionary of English Place-Names
Sherborne,'Bright/clear stream'.,"burna Old English - A stream.; scīr Old English - A shire, a jurisdiction, an administrative district, a county.",Watts; Cambridge Dictionary of English Place-names; A.D. Mills; Dictionary of English Place-Names; E. Ekwall; Dictionary of English Place-Names; Smith; Place-names of Gloucestershire
Shipton,'Sheep farm/settlement'.,scēp Old English; tūn Old English - An enclosure; a farmstead; a village; an estate.,E. Ekwall; Dictionary of English Place-Names; Watts; Cambridge Dictionary of English Place-names; A.D. Mills; Dictionary of English Place-Names; Smith; Place-names of Gloucestershire
Shipton Moyne,'Sheep farm/settlement'. The Moygne family held land here in the13th and 14th centuries.,Family name Unknown - Family name.; scēp Old English; tūn Old English - An enclosure; a farmstead; a village; an estate.,E. Ekwall; Dictionary of English Place-Names; Smith; Place-names of Gloucestershire; Watts; Cambridge Dictionary of English Place-names; A.D. Mills; Dictionary of English Place-Names
Shirehampton,'Dirty home farm'.,"hām-tūn Old English - A home farm.; scearnig Old English - Dirty, mucky.",A.D. Mills; Dictionary of English Place-Names; E. Ekwall; Dictionary of English Place-Names; Smith; Place-names of Gloucestershire; Watts; Cambridge Dictionary of English Place-names
Shorncote,'Dung/muck cottage(s)'.,"cot Old English - A cottage, a hut, a shelter, a den.; scearn Old English - Dung, muck.","Watts; Cambridge Dictionary of English Place-names; E. Ekwall; Dictionary of English Place-Names; Gover, Mawer and Stenton, The Place-Names of Wiltshire; A.D. Mills; Dictionary of English Place-Names"
Shurdington,"Possibly, 'farm/settlement connected with *Scyrda'.","-ingtūn Old English - A settlement called after, or connected with . . .; Personal name (Old English) Old English - Personal name",Watts; Cambridge Dictionary of English Place-names; Smith; Place-names of Gloucestershire; E. Ekwall; Dictionary of English Place-Names; A.D. Mills; Dictionary of English Place-Names
Siddington,'South in the farm/settlement'.,"in Old English - In.; sūð Old English - South, southern.; tūn Old English - An enclosure; a farmstead; a village; an estate.",Watts; Cambridge Dictionary of English Place-names; E. Ekwall; Dictionary of English Place-Names; Smith; Place-names of Gloucestershire; A.D. Mills; Dictionary of English Place-Names
Siston,'*Sige's farm/settlement'.,Personal name (Old English) Old English - Personal name; tūn Old English - An enclosure; a farmstead; a village; an estate.,Watts; Cambridge Dictionary of English Place-names; A.D. Mills; Dictionary of English Place-Names; Smith; Place-names of Gloucestershire; E. Ekwall; Dictionary of English Place-Names
Slimbridge,'Bridge over a slimy/muddy place'.,"brycg Old English - A bridge; a causeway.; slīm Old English - Slime, mud.",Watts; Cambridge Dictionary of English Place-names; Smith; Place-names of Gloucestershire; A.D. Mills; Dictionary of English Place-Names; E. Ekwall; Dictionary of English Place-Names
Snowshill,'Snow hill'.,"hyll Old English - A hill, a natural eminence or elevated piece of ground.; snāw Old English - Snow.",Watts; Cambridge Dictionary of English Place-names; A.D. Mills; Dictionary of English Place-Names; Smith; Place-names of Gloucestershire; E. Ekwall; Dictionary of English Place-Names
Somerford Keynes,'Summer ford'. It was held by William de Kahaines in 1211.,Family name Unknown - Family name.; ford Old English - A ford.; sumor Old English - Summer.,"Gover, Mawer and Stenton, The Place-Names of Wiltshire; Watts; Cambridge Dictionary of English Place-names; E. Ekwall; Dictionary of English Place-Names; A.D. Mills; Dictionary of English Place-Names"
South Cerney,Named after the river River Churn. 'South' to distinguish from Cerney north of Cirencester.,River-name Unknown - River-name,A.D. Mills; Dictionary of English Place-Names; E. Ekwall; Dictionary of English Place-Names; Smith; Place-names of Gloucestershire; Watts; Cambridge Dictionary of English Place-names
Southam and Brockhampton,'South homestead/village' or 'south hemmed-in land'. 'Brook home farm'.,"brōc Old English - A brook, a stream.  (Used of a stream with a muddy bed and a visible sediment load.); hām Old English - A village, a village community, a manor, an estate, a homestead.; hām-tūn Old English - A home farm.; hamm Old English - Land hemmed in by water or marsh (perhaps also by high ground); a river-meadow; cultivated plot on the edge of woodland or moor.; sūð Old English - South, southern.",Smith; Place-names of Gloucestershire; E. Ekwall; Dictionary of English Place-Names; Watts; Cambridge Dictionary of English Place-names; A.D. Mills; Dictionary of English Place-Names
Southrop,'South outlying hamlet'.,"sūð Old English - South, southern.; þrop Old English - A hamlet, an outlying farm.",A.D. Mills; Dictionary of English Place-Names; Watts; Cambridge Dictionary of English Place-names; Smith; Place-names of Gloucestershire; E. Ekwall; Dictionary of English Place-Names
St. Briavels,"Named after the Welsh saint, Briafael, who was possibly from Carmarthenshire. The hundred of St Briavel's was earlier known as the 'Hundred of Dean Forest'. The southern part of the present hundred corresponds to the Domesday hundred of Lydney (see entry)",hundred Old English - One hundred; an administrative division of a county.; Saint's Name Unknown - Saint's name.,Anderson (unspecified work); E. Ekwall; Dictionary of English Place-Names; Watts; Cambridge Dictionary of English Place-names; Smith; Place-names of Gloucestershire; A.D. Mills; Dictionary of English Place-Names
Standish,'Stony enclosed pasture'.,"edisc Old English - An enclosure, an enclosed park.; stān Old English - A stone, stone, rock.",E. Ekwall; Dictionary of English Place-Names; Smith; Place-names of Gloucestershire; Watts; Cambridge Dictionary of English Place-names; A.D. Mills; Dictionary of English Place-Names
Stanley Pontlarge,'Stone wood/clearing'. It was held by Robert de Pont del Arche in 1245.,"lēah Old English - A forest, wood, glade, clearing; (later) a pasture, meadow.; stān Old English - A stone, stone, rock.",Smith; Place-names of Gloucestershire; E. Ekwall; Dictionary of English Place-Names; Watts; Cambridge Dictionary of English Place-names; A.D. Mills; Dictionary of English Place-Names
Stanton,'Stone farm/settlement'.,"stān Old English - A stone, stone, rock.; tūn Old English - An enclosure; a farmstead; a village; an estate.",Smith; Place-names of Gloucestershire; A.D. Mills; Dictionary of English Place-Names; Watts; Cambridge Dictionary of English Place-names
Stanway,'Stone road'.,"stān Old English - A stone, stone, rock.; weg Old English - A road.",Watts; Cambridge Dictionary of English Place-names; E. Ekwall; Dictionary of English Place-Names; A.D. Mills; Dictionary of English Place-Names; Smith; Place-names of Gloucestershire
Stapleton,'Post/pillar farm/settlement'.,"stapol Old English - A post, a pillar.; tūn Old English - An enclosure; a farmstead; a village; an estate.",E. Ekwall; Dictionary of English Place-Names; A.D. Mills; Dictionary of English Place-Names; Smith; Place-names of Gloucestershire; Watts; Cambridge Dictionary of English Place-names
Staunton,'Stone farm/settlement'.,"stān Old English - A stone, stone, rock.; tūn Old English - An enclosure; a farmstead; a village; an estate.",Watts; Cambridge Dictionary of English Place-names; E. Ekwall; Dictionary of English Place-Names; Gover et al.; Place-names of Worcestershire; A.D. Mills; Dictionary of English Place-Names
Staunton,'Stone farm/settlement'.,"stān Old English - A stone, stone, rock.; tūn Old English - An enclosure; a farmstead; a village; an estate.",Smith; Place-names of Gloucestershire; E. Ekwall; Dictionary of English Place-Names; A.D. Mills; Dictionary of English Place-Names; Watts; Cambridge Dictionary of English Place-names
Staverton,"'Stake farm/settlement', perhaps referring to a place where these were made or obtained.","stæfer Old English - A pole, a stake.; tūn Old English - An enclosure; a farmstead; a village; an estate.",A.D. Mills; Dictionary of English Place-Names; Smith; Place-names of Gloucestershire; Watts; Cambridge Dictionary of English Place-names; E. Ekwall; Dictionary of English Place-Names
Stinchcombe,'Sandpiper/dunlin valley'.,"stint Old English - A sand-piper, a dunlin.; tūn Old English - An enclosure; a farmstead; a village; an estate.",E. Ekwall; Dictionary of English Place-Names; Smith; Place-names of Gloucestershire; Watts; Cambridge Dictionary of English Place-names; A.D. Mills; Dictionary of English Place-Names
Stoke Gifford,'Outlying farm/settlement'. It was held by the Gifard family from the 11th century.,"Family name Unknown - Family name.; stoc Old English - A place, a secondary settlement.",E. Ekwall; Dictionary of English Place-Names; Watts; Cambridge Dictionary of English Place-names; A.D. Mills; Dictionary of English Place-Names; Smith; Place-names of Gloucestershire
Stoke Orchard,"'Outlying farm/settlement'. The affix indicates the settlement was required to supply the king with a fully equipped archer (ME archere) for 40 days each year, eventually appearing as 'orchard' through popular etymology.","archere Middle English - An archer.; stoc Old English - A place, a secondary settlement.",A.D. Mills; Dictionary of English Place-Names; Watts; Cambridge Dictionary of English Place-names; Smith; Place-names of Gloucestershire; E. Ekwall; Dictionary of English Place-Names
Stonehouse,'Stone house'.,"hūs Old English - A house; also sometimes used of a building for special purposes.; stān Old English - A stone, stone, rock.",E. Ekwall; Dictionary of English Place-Names; A.D. Mills; Dictionary of English Place-Names; Watts; Cambridge Dictionary of English Place-names; Smith; Place-names of Gloucestershire
Stow on the Wold,'Place on the high forest'.,stōw Old English - A place; a place of assembly; a holy place.; wald Old English,Smith; Place-names of Gloucestershire; Watts; Cambridge Dictionary of English Place-names; E. Ekwall; Dictionary of English Place-Names; A.D. Mills; Dictionary of English Place-Names
Stowell,'Stone spring/stream'.,"stān Old English - A stone, stone, rock.; wella Old English",Smith; Place-names of Gloucestershire; A.D. Mills; Dictionary of English Place-Names; Watts; Cambridge Dictionary of English Place-names; E. Ekwall; Dictionary of English Place-Names
Stratton,"'Roman road farm/settlement', referring to the section of Ermine Street between Circencester and Gloucester.",strēt Old English; tūn Old English - An enclosure; a farmstead; a village; an estate.,Watts; Cambridge Dictionary of English Place-names; Smith; Place-names of Gloucestershire; E. Ekwall; Dictionary of English Place-Names; A.D. Mills; Dictionary of English Place-Names
Stroud,'Marshy ground overgrown with brushwood'.,strōd Old English - Marshy land overgrown with brushwood. (Recorded only in charter-boundaries and Old English place-name spellings.),E. Ekwall; Dictionary of English Place-Names; Watts; Cambridge Dictionary of English Place-names; Smith; Place-names of Gloucestershire; A.D. Mills; Dictionary of English Place-Names
Sudeley,"'South wood/clearing' or perhaps, 'shed wood/clearing'.","lēah Old English - A forest, wood, glade, clearing; (later) a pasture, meadow.; scydd Old English - A hovel, a shed.; sūð Old English - South, southern.",A.D. Mills; Dictionary of English Place-Names; E. Ekwall; Dictionary of English Place-Names; Watts; Cambridge Dictionary of English Place-names; Smith; Place-names of Gloucestershire
Swindon,'Pig hill'.,"dūn Old English - A hill.; swīn Old English - A swine, a pig.",A.D. Mills; Dictionary of English Place-Names; Watts; Cambridge Dictionary of English Place-names; Smith; Place-names of Gloucestershire; E. Ekwall; Dictionary of English Place-Names
Syde,'Long hill-slope'.,sīde Old English - A side; a long hill-slope.,Smith; Place-names of Gloucestershire; Watts; Cambridge Dictionary of English Place-names; E. Ekwall; Dictionary of English Place-Names; A.D. Mills; Dictionary of English Place-Names
Taynton,'Farm/settlement connected with Taeta'.,"-ingtūn Old English - A settlement called after, or connected with . . .; Personal name (Old English) Old English - Personal name",Watts; Cambridge Dictionary of English Place-names; A.D. Mills; Dictionary of English Place-Names; E. Ekwall; Dictionary of English Place-Names; Smith; Place-names of Gloucestershire
Teddington,Farm/settlement connected with *Teotta'.,"-ingtūn Old English - A settlement called after, or connected with . . .; Personal name (Old English) Old English - Personal name",Watts; Cambridge Dictionary of English Place-names; A.D. Mills; Dictionary of English Place-Names; E. Ekwall; Dictionary of English Place-Names; Smith; Place-names of Gloucestershire
Temple Guiting,A lost stream name. It was in possession of the Knights Templar from the 12th century.,River-name Unknown - River-name; temple Middle English - A temple; usually in allusion to properties of the Knights Templar.,Watts; Cambridge Dictionary of English Place-names; Smith; Place-names of Gloucestershire; A.D. Mills; Dictionary of English Place-Names; E. Ekwall; Dictionary of English Place-Names
Tetbury,"'Tette's fortification', feminine personal name. This Tette may be the same as the sister of King Ine of Wessex and founder of Wimborne Abbey.",burh Old English - A fortified place.; Personal name (Old English) Old English - Personal name,A.D. Mills; Dictionary of English Place-Names; E. Ekwall; Dictionary of English Place-Names; Watts; Cambridge Dictionary of English Place-names; Smith; Place-names of Gloucestershire
Tewkesbury,'*Teodec's fortification'. The hundreds of Upper and Lower Tewkesbury took their name from this important manor which has monastic origins.,burh Old English - A fortified place.; hundred Old English - One hundred; an administrative division of a county.; Personal name (Old English) Old English - Personal name,Anderson (unspecified work); A.D. Mills; Dictionary of English Place-Names; Smith; Place-names of Gloucestershire; Watts; Cambridge Dictionary of English Place-names; E. Ekwall; Dictionary of English Place-Names
Thornbury,"'Thorn-tree fortification'. The hundred is called after thornbury, which was once an extensive and important manor belonging to the Earls of Gloucester. It is divided into two divisions, Upper and Lower. The meeting-place is apparently.",burh Old English - A fortified place.; hundred Old English - One hundred; an administrative division of a county.; þorn Old English - A hawthorn-tree.,Smith; Place-names of Gloucestershire; A.D. Mills; Dictionary of English Place-Names; Anderson; English Hundred-Names; E. Ekwall; Dictionary of English Place-Names; Watts; Cambridge Dictionary of English Place-names
Tibberton,'Tidbeorht's farm/settlement'.,Personal name (Old English) Old English - Personal name; tūn Old English - An enclosure; a farmstead; a village; an estate.,Watts; Cambridge Dictionary of English Place-names; A.D. Mills; Dictionary of English Place-Names; E. Ekwall; Dictionary of English Place-Names; Smith; Place-names of Gloucestershire
Tibblestone Hundred,"'Theobald's stone'. The name survives as 'Tibble Stone' which was still extant in the 18th century at an important cross-roads on the county boundary, N of Teddington. The stone 'disappeared' in the late 18th century, but was unearthed in 1948 and erected","hundred Old English - One hundred; an administrative division of a county.; Personal name (Old English) Old English - Personal name; stān Old English - A stone, stone, rock.",Smith; Place-names of Gloucestershire; Anderson (unspecified work)
Tidenham,"'*Dydda's hemmed-in land'. This was a separate hundred in Domesday but, along with Twyford hundred, later incorporated into Westbury hundred.",hamm Old English - Land hemmed in by water or marsh (perhaps also by high ground); a river-meadow; cultivated plot on the edge of woodland or moor.; hundred Old English - One hundred; an administrative division of a county.; Personal name (Old English) Old English - Personal name,Anderson (unspecified work); A.D. Mills; Dictionary of English Place-Names; Watts; Cambridge Dictionary of English Place-names; Smith; Place-names of Gloucestershire; E. Ekwall; Dictionary of English Place-Names
Tirley,'Circular wood/clearing'.,"lēah Old English - A forest, wood, glade, clearing; (later) a pasture, meadow.; trind Old English - Circular.",A.D. Mills; Dictionary of English Place-Names; Smith; Place-names of Gloucestershire; E. Ekwall; Dictionary of English Place-Names; Watts; Cambridge Dictionary of English Place-names
Toddington,'Farm/settlement connected with Tuda'.,"-ingtūn Old English - A settlement called after, or connected with . . .; Personal name (Old English) Old English - Personal name",Smith; Place-names of Gloucestershire; A.D. Mills; Dictionary of English Place-Names; E. Ekwall; Dictionary of English Place-Names; Watts; Cambridge Dictionary of English Place-names
Todenham,'Teoda's hemmed-in land'.,hamm Old English - Land hemmed in by water or marsh (perhaps also by high ground); a river-meadow; cultivated plot on the edge of woodland or moor.; Personal name (Old English) Old English - Personal name,A.D. Mills; Dictionary of English Place-Names; Smith; Place-names of Gloucestershire; E. Ekwall; Dictionary of English Place-Names; Watts; Cambridge Dictionary of English Place-names
Tormarton,"Uncertain. Possibly, 'thorn-tree pool farm/settlement', 'Thormar's farm/settlement' or 'Thor's boundary farm/settlement'. 'Boundary farm/settlement' with a later addition of 'rocky outcrop' is perhaps less likely.","mǣre Old English - A boundary, a border; (in field names) the balk of a ploughland.; mere Old English - A pond, a pool, a lake.; Personal name (Old Norse) Old Norse - Personal name; torr Old English - A rock, a rocky outcrop, a rocky peak.; tūn Old English - An enclosure; a farmstead; a village; an estate.; þorn Old English - A hawthorn-tree.",E. Ekwall; Dictionary of English Place-Names; A.D. Mills; Dictionary of English Place-Names; Watts; Cambridge Dictionary of English Place-names; Smith; Place-names of Gloucestershire
Tortworth,'*Torhta's enclosure'.,Personal name (Old English) Old English - Personal name; worð Old English - An enclosure.,Watts; Cambridge Dictionary of English Place-names; E. Ekwall; Dictionary of English Place-Names; Smith; Place-names of Gloucestershire; A.D. Mills; Dictionary of English Place-Names
Tredington,'Farm/settlement connected with Tyrdda'.,"-ingtūn Old English - A settlement called after, or connected with . . .; Personal name (Old English) Old English - Personal name",Smith; Place-names of Gloucestershire; A.D. Mills; Dictionary of English Place-Names; Watts; Cambridge Dictionary of English Place-names; E. Ekwall; Dictionary of English Place-Names
Tuffley,'Tuffa's wood/clearing'.,"lēah Old English - A forest, wood, glade, clearing; (later) a pasture, meadow.; Personal name (Old English) Old English - Personal name",Watts; Cambridge Dictionary of English Place-names; Smith; Place-names of Gloucestershire; E. Ekwall; Dictionary of English Place-Names; A.D. Mills; Dictionary of English Place-Names
Turkdean,'River Turce valley'.,denu Old English - A valley.; River-name Unknown - River-name,Smith; Place-names of Gloucestershire; Watts; Cambridge Dictionary of English Place-names; A.D. Mills; Dictionary of English Place-Names; E. Ekwall; Dictionary of English Place-Names
Twigworth,"'Twicga's enclosure' or possibly, 'twig enclosure'.","Personal name (Old English) Old English - Personal name; twigge Old English - A twig, a young shoot.; worð Old English - An enclosure.",A.D. Mills; Dictionary of English Place-Names; Watts; Cambridge Dictionary of English Place-names; E. Ekwall; Dictionary of English Place-Names; Smith; Place-names of Gloucestershire
Twyford Hundred,'Double ford'. The name survives as a corrupted form in 'Wyvern Pond' in Woolaston parish. The ford is on the Woolaston-Tidenham boundary at the confluence of two streams where they are crossed by the Roman road from Gloucester to Caerwent. Along with Tid,"ford Old English - A ford.; hundred Old English - One hundred; an administrative division of a county.; twī- Old English - Double, two.",Smith; Place-names of Gloucestershire; Anderson (unspecified work)
Twyning,"Originally, simply, 'between rivers'. After 1086, the form of the name changed to 'dwellers between rivers'.","-ingas Old English - The people of . . . ; the people called after . . .; betwēonan Old English - Between, amongst.; ēa Old English - A river.",Watts; Cambridge Dictionary of English Place-names; Smith; Place-names of Gloucestershire; A.D. Mills; Dictionary of English Place-Names; E. Ekwall; Dictionary of English Place-Names
Tytherington,'Farm/settlement connected with *Tydre'.,"-ingtūn Old English - A settlement called after, or connected with . . .; Personal name (Old English) Old English - Personal name",Watts; Cambridge Dictionary of English Place-names; E. Ekwall; Dictionary of English Place-Names; Smith; Place-names of Gloucestershire; A.D. Mills; Dictionary of English Place-Names
Uckington,'Farm/settlement connected with Ucca'.,"-ingtūn Old English - A settlement called after, or connected with . . .; Personal name (Old English) Old English - Personal name",A.D. Mills; Dictionary of English Place-Names; Smith; Place-names of Gloucestershire; E. Ekwall; Dictionary of English Place-Names; Watts; Cambridge Dictionary of English Place-names
Uley,'Yew-tree wood/clearing'.,"īw Old English - A yew-tree.; lēah Old English - A forest, wood, glade, clearing; (later) a pasture, meadow.",A.D. Mills; Dictionary of English Place-Names; Smith; Place-names of Gloucestershire; E. Ekwall; Dictionary of English Place-Names; Watts; Cambridge Dictionary of English Place-names
Up Hatherley,'Hawthorn wood/clearing'. 'Up' to distinguish from Down Hatherley.,"hagu-þorn Old English - The hawthorn, the whitethorn.; lēah Old English - A forest, wood, glade, clearing; (later) a pasture, meadow.; upp Old English - Up, higher up, upon.",A.D. Mills; Dictionary of English Place-Names; Watts; Cambridge Dictionary of English Place-names; Smith; Place-names of Gloucestershire; E. Ekwall; Dictionary of English Place-Names
Upleadon,'Higher Leadon (= named after the River Leadon)'.,"River-name Unknown - River-name; upp Old English - Up, higher up, upon.",A.D. Mills; Dictionary of English Place-Names; Smith; Place-names of Gloucestershire; Watts; Cambridge Dictionary of English Place-names; E. Ekwall; Dictionary of English Place-Names
Upper and Lower Swell,"'Swelling', used topographically of a hill or rise of land.","swelle Old English - A swelling; topographically a rising piece of ground, a hill.",E. Ekwall; Dictionary of English Place-Names; Smith; Place-names of Gloucestershire; Watts; Cambridge Dictionary of English Place-names; A.D. Mills; Dictionary of English Place-Names
Upton St. Leonard's,'Higher farm/settlement'. The church is dedicated to St. Leonard.,"Saint's Name Unknown - Saint's name.; tūn Old English - An enclosure; a farmstead; a village; an estate.; upp Old English - Up, higher up, upon.",A.D. Mills; Dictionary of English Place-Names; Watts; Cambridge Dictionary of English Place-names; Smith; Place-names of Gloucestershire; E. Ekwall; Dictionary of English Place-Names
Walton Cardiff,"'Britons' farm/settlement' or perhaps, 'wall farm/settlement'. It was held by the Cardiff family in the12th century.",Family name Unknown - Family name.; tūn Old English - An enclosure; a farmstead; a village; an estate.; walh Old English; wall Old English,Watts; Cambridge Dictionary of English Place-names; E. Ekwall; Dictionary of English Place-Names; A.D. Mills; Dictionary of English Place-Names; Smith; Place-names of Gloucestershire
Wapley and Codrington,"'Pool wood/clearing' or perhaps, 'spring wood/clearing'. 'Farm/settlement connected with Cuthere'.","-ingtūn Old English - A settlement called after, or connected with . . .; lēah Old English - A forest, wood, glade, clearing; (later) a pasture, meadow.; Personal name (Old English) Old English - Personal name; wapol Old English - A pool, a marsh (probably).",A.D. Mills; Dictionary of English Place-Names; Smith; Place-names of Gloucestershire; E. Ekwall; Dictionary of English Place-Names; Watts; Cambridge Dictionary of English Place-names
West Dean,'West valley'.,"denu Old English - A valley.; west Old English - Western, west.",Watts; Cambridge Dictionary of English Place-names; E. Ekwall; Dictionary of English Place-Names; A.D. Mills; Dictionary of English Place-Names; Smith; Place-names of Gloucestershire
West Littleton,"'Little farm/settlement'. 'West' to distinguish from Littleton Drew, Wiltshire.","lȳtel Old English - Little, small.; tūn Old English - An enclosure; a farmstead; a village; an estate.",Smith; Place-names of Gloucestershire; A.D. Mills; Dictionary of English Place-Names; Watts; Cambridge Dictionary of English Place-names; E. Ekwall; Dictionary of English Place-Names
Westbury on Severn,'West fortification' on the River Severn. It is west of Gloucester and the River Severn on the Roman road to Wales. The hundred meeting-place may have been at Broadoak in Newnham parish where the manorial court was held as the late as the 18th century. Th,"burh Old English - A fortified place.; hundred Old English - One hundred; an administrative division of a county.; west Old English - Western, west.",E. Ekwall; Dictionary of English Place-Names; A.D. Mills; Dictionary of English Place-Names; Smith; Place-names of Gloucestershire; Watts; Cambridge Dictionary of English Place-names; Anderson (unspecified work)
Westbury on Trym,'West fortification' on the River Tryme.,"burh Old English - A fortified place.; west Old English - Western, west.",Smith; Place-names of Gloucestershire; E. Ekwall; Dictionary of English Place-Names; Watts; Cambridge Dictionary of English Place-names; A.D. Mills; Dictionary of English Place-Names
Westcote,'West cottage(s)'.,"cot Old English - A cottage, a hut, a shelter, a den.; west Old English - Western, west.",A.D. Mills; Dictionary of English Place-Names; Watts; Cambridge Dictionary of English Place-names; Smith; Place-names of Gloucestershire; E. Ekwall; Dictionary of English Place-Names
Westerleigh,'West wood/clearing'.,"lēah Old English - A forest, wood, glade, clearing; (later) a pasture, meadow.; westerne Old English - West, western, westerly.",E. Ekwall; Dictionary of English Place-Names; A.D. Mills; Dictionary of English Place-Names; Watts; Cambridge Dictionary of English Place-names; Smith; Place-names of Gloucestershire
Weston Birt,'West farm/settlement'. It was held by Richard le Bret in 1242.,"Family name Unknown - Family name.; tūn Old English - An enclosure; a farmstead; a village; an estate.; west Old English - Western, west.",A.D. Mills; Dictionary of English Place-Names; E. Ekwall; Dictionary of English Place-Names; Watts; Cambridge Dictionary of English Place-names; Smith; Place-names of Gloucestershire
Weston Subedge,'West farm/settlement below the edge'. It lies just below a steep escarpment in the northern Cotswolds.,"ecg Old English - An edge; the edge of a hill, an escarpment.; sub Latin - Below, underneath.; tūn Old English - An enclosure; a farmstead; a village; an estate.; west Old English - Western, west.",E. Ekwall; Dictionary of English Place-Names; Smith; Place-names of Gloucestershire; Watts; Cambridge Dictionary of English Place-names; A.D. Mills; Dictionary of English Place-Names
Whaddon,'Wheat hill'.,dūn Old English - A hill.; hwǣte Old English - Wheat.,Watts; Cambridge Dictionary of English Place-names; E. Ekwall; Dictionary of English Place-Names; Smith; Place-names of Gloucestershire; A.D. Mills; Dictionary of English Place-Names
Wheatenhurst or Whitminster,'White/bright wooded hill' or 'Hwita's hill'.,"hwīt Old English - White; in early Modern English sometimes ""infertile"" in contrast with black, ""fertile"".; hyrst Old English - A wooded hill.; Personal name (Old English) Old English - Personal name",E. Ekwall; Dictionary of English Place-Names; Watts; Cambridge Dictionary of English Place-names; A.D. Mills; Dictionary of English Place-Names; Smith; Place-names of Gloucestershire
Whiteshill,"Uncertain. 'Brushwood valley' or perhaps, 'rush valley'.","cumb Old English - A coomb, a valley.  Possibly derived from Welsh ""cumm""; but possibly derived from OE ""cumb"" a vessel, cup, a small measure.; hrīs Old English - Shrubs, brushwood.; rysc Old English - A rush; in the simplex plural, a place where rushes grow, a rush bed.",Smith; Place-names of Gloucestershire; A.D. Mills; Dictionary of English Place-Names; E. Ekwall; Dictionary of English Place-Names; Watts; Cambridge Dictionary of English Place-names
Whittington,'Farm/settlement connected with Hwita'.,"-ingtūn Old English - A settlement called after, or connected with . . .; Personal name (Old English) Old English - Personal name",A.D. Mills; Dictionary of English Place-Names; Watts; Cambridge Dictionary of English Place-names; Smith; Place-names of Gloucestershire; E. Ekwall; Dictionary of English Place-Names
Wick and Abson,'Specialised-farm'. 'Abbot's farm/settlement'.,"abbod Old English - An abbot.; tūn Old English - An enclosure; a farmstead; a village; an estate.; wīc Old English - A dwelling; a building or collection of buildings for special purposes; a farm, a dairy farm; a trading or industrial settlement; or (in the plural) a hamlet, village.",Smith; Place-names of Gloucestershire; Watts; Cambridge Dictionary of English Place-names; E. Ekwall; Dictionary of English Place-Names; A.D. Mills; Dictionary of English Place-Names
Wickwar,'Specialised farm' with the later incorporation of the le Warre family name.,"Family name Unknown - Family name.; wīc Old English - A dwelling; a building or collection of buildings for special purposes; a farm, a dairy farm; a trading or industrial settlement; or (in the plural) a hamlet, village.",Smith; Place-names of Gloucestershire; E. Ekwall; Dictionary of English Place-Names; Watts; Cambridge Dictionary of English Place-names; A.D. Mills; Dictionary of English Place-Names
Willersey,'Wilhere's/Wilheard's island'.,"ēg Old English - An island.  In ancient settlement-names, most frequently refers to dry ground surrounded by marsh.  Also used of islands in modern sense.  In late OE names: well-watered land.; Personal name (Old English) Old English - Personal name",Smith; Place-names of Gloucestershire; E. Ekwall; Dictionary of English Place-Names; Watts; Cambridge Dictionary of English Place-names; A.D. Mills; Dictionary of English Place-Names
Winchcomb,"'Corner valley'. Winchcomb was the caput of the old shire of 'Winchelcombe', later the name referred of the three hundreds of Lower Kiftsgate (Greston, Holford, Winchcombe itself) and finally to the whole combined hundred of Kiftsgate.","cumb Old English - A coomb, a valley.  Possibly derived from Welsh ""cumm""; but possibly derived from OE ""cumb"" a vessel, cup, a small measure.; hundred Old English - One hundred; an administrative division of a county.; wincel Old English - A nook, a corner.",Watts; Cambridge Dictionary of English Place-names; E. Ekwall; Dictionary of English Place-Names; Anderson; English Hundred-Names; A.D. Mills; Dictionary of English Place-Names; Smith; Place-names of Gloucestershire
Windrush,Named after the River Windrush.,River-name Unknown - River-name,Smith; Place-names of Gloucestershire; A.D. Mills; Dictionary of English Place-Names; E. Ekwall; Dictionary of English Place-Names; Watts; Cambridge Dictionary of English Place-names
Winson,'Wine's farm/settlement'.,Personal name (Old English) Old English - Personal name; tūn Old English - An enclosure; a farmstead; a village; an estate.,Watts; Cambridge Dictionary of English Place-names; E. Ekwall; Dictionary of English Place-Names; Smith; Place-names of Gloucestershire; A.D. Mills; Dictionary of English Place-Names
Winstone,'Wynna's stone'.,"Personal name (Old English) Old English - Personal name; stān Old English - A stone, stone, rock.",Watts; Cambridge Dictionary of English Place-names; Smith; Place-names of Gloucestershire; E. Ekwall; Dictionary of English Place-Names; A.D. Mills; Dictionary of English Place-Names
Winterbourne,'Winter stream'.,burna Old English - A stream.; winter Old English - Winter.,Smith; Place-names of Gloucestershire; E. Ekwall; Dictionary of English Place-Names; Watts; Cambridge Dictionary of English Place-names; A.D. Mills; Dictionary of English Place-Names
Withington,'Widia's hill'.,dūn Old English - A hill.; Personal name (Old English) Old English - Personal name,Smith; Place-names of Gloucestershire; Watts; Cambridge Dictionary of English Place-names; E. Ekwall; Dictionary of English Place-Names; A.D. Mills; Dictionary of English Place-Names
Woodchester,"'Wood Roman site', probably indicating that it was in a wood, rather than constructed of wood.","ceaster Old English - A city; an old fortification; a Roman site.; wudu Old English - A wood; or wood, timber.",E. Ekwall; Dictionary of English Place-Names; Watts; Cambridge Dictionary of English Place-names; A.D. Mills; Dictionary of English Place-Names; Smith; Place-names of Gloucestershire
Woodmancote,'Woodmen's cottage(s)'.,"cot Old English - A cottage, a hut, a shelter, a den.; wudu-mann Old English - A woodsman, a forester.",Smith; Place-names of Gloucestershire; Watts; Cambridge Dictionary of English Place-names; A.D. Mills; Dictionary of English Place-Names; E. Ekwall; Dictionary of English Place-Names
Woolaston,'Wulflaf's farm/settlement'.,Personal name (Old English) Old English - Personal name; tūn Old English - An enclosure; a farmstead; a village; an estate.,E. Ekwall; Dictionary of English Place-Names; Watts; Cambridge Dictionary of English Place-names; Smith; Place-names of Gloucestershire; A.D. Mills; Dictionary of English Place-Names
Woolstone,'Wulfsige's farm/settlement'.,Personal name (Old English) Old English - Personal name; tūn Old English - An enclosure; a farmstead; a village; an estate.,E. Ekwall; Dictionary of English Place-Names; Watts; Cambridge Dictionary of English Place-names; Smith; Place-names of Gloucestershire; A.D. Mills; Dictionary of English Place-Names
Wormington,'Farm/settlement connected with *Wyrma'.,"-ingtūn Old English - A settlement called after, or connected with . . .; Personal name (Old English) Old English - Personal name",Watts; Cambridge Dictionary of English Place-names; A.D. Mills; Dictionary of English Place-Names; Smith; Place-names of Gloucestershire; E. Ekwall; Dictionary of English Place-Names
Wotton St. Mary Without or Longlevens,'Wood farm/settlement'. The church is dedicated to St. Mary de Lode. The part of the old parish not located in Gloucester is called by the modern name of Longlevens.,"Saint's Name Unknown - Saint's name.; tūn Old English - An enclosure; a farmstead; a village; an estate.; wudu Old English - A wood; or wood, timber.",Smith; Place-names of Gloucestershire; E. Ekwall; Dictionary of English Place-Names; Watts; Cambridge Dictionary of English Place-names; A.D. Mills; Dictionary of English Place-Names
Wotton under Edge,"'Wood farm/settlement under edge', refering to its situation under the Cotswold escarpment.","ecg Old English - An edge; the edge of a hill, an escarpment.; tūn Old English - An enclosure; a farmstead; a village; an estate.; under Old English - Under, beneath, below.; wudu Old English - A wood; or wood, timber.",Smith; Place-names of Gloucestershire; Watts; Cambridge Dictionary of English Place-names; E. Ekwall; Dictionary of English Place-Names; A.D. Mills; Dictionary of English Place-Names
Wyck Rissington,'Rissington's specialised farm'.,"Place-name Unknown - Place-name; wīc Old English - A dwelling; a building or collection of buildings for special purposes; a farm, a dairy farm; a trading or industrial settlement; or (in the plural) a hamlet, village.",E. Ekwall; Dictionary of English Place-Names; A.D. Mills; Dictionary of English Place-Names; Watts; Cambridge Dictionary of English Place-names; Smith; Place-names of Gloucestershire
Yanworth,"Uncertain. 'Lamb enclosure' or perhaps, '*Gaena's enclosure'.",ēan Old English - A lamb.; Personal name (Old English) Old English - Personal name; worð Old English - An enclosure.,E. Ekwall; Dictionary of English Place-Names; Smith; Place-names of Gloucestershire; Watts; Cambridge Dictionary of English Place-names; A.D. Mills; Dictionary of English Place-Names
Yate,"Probably, 'gate', referring to a low pass in the hills where the headwaters of the River Frome originate.","geat Old English - A hole, an opening, a gap, a pass, a passage; a gate(way).",Smith; Place-names of Gloucestershire; A.D. Mills; Dictionary of English Place-Names; Watts; Cambridge Dictionary of English Place-names; E. Ekwall; Dictionary of English Place-Names
