PlaceName,Etymology,Derivation,ReferenceTitle
" West Tisted","'Young goat place' or perhaps, '*Ticce's place'. 'West' to distinguish from East Tisted.","stede Old English - A place, a site, a locality; a religious house or foundation; a place of communal activity; a farm, a dairy-farm, an estate.; ticcen Old English - A kid, a young goat.; west Old English - Western, west.",Coates; Hampshire Place-names; E. Ekwall; Dictionary of English Place-Names; Watts; Cambridge Dictionary of English Place-names; A.D. Mills; Dictionary of English Place-Names
(West) Blagdon Fm,Dark-coloured hill.,"blæc Old English - Black, dark-coloured, dark.; dūn Old English - A hill.; park Middle English - An enclosed tract of land for beasts of the chase.",
Abbot's Ann,"Refers to land on the River Ann held by the abbot of New Minster, Winchester.",abbas Latin - An abbot.; River-name Unknown - River-name,Watts; Cambridge Dictionary of English Place-names; E. Ekwall; Dictionary of English Place-Names; Coates; Hampshire Place-names; A.D. Mills; Dictionary of English Place-Names
Aldershot,'Alder-tree corner'.,"alor Old English - An alder-tree.; scēat Old English - A corner of land, an angle, a projecting piece of land.",Watts; Cambridge Dictionary of English Place-names; E. Ekwall; Dictionary of English Place-Names; A.D. Mills; Dictionary of English Place-Names; Coates; Hampshire Place-names
Alton,'River-source farm/settlement'.,ǣwell Old English; tūn Old English - An enclosure; a farmstead; a village; an estate.,Coates; Hampshire Place-names; A.D. Mills; Dictionary of English Place-Names; Watts; Cambridge Dictionary of English Place-names; E. Ekwall; Dictionary of English Place-Names
Alverstoke,"Probably, '*Aethelwaru's/Aelfwaru's outlying farm/settlement', a feminine personal name. Tradition holds that she donated the manor to St. Swithin's, Winchester. Spellings show later confusion with the masculine personal name, Aethelweard.","Personal name (Old English) Old English - Personal name; stoc Old English - A place, a secondary settlement.",A.D. Mills; Dictionary of English Place-Names; Coates; Hampshire Place-names; Watts; Cambridge Dictionary of English Place-names; E. Ekwall; Dictionary of English Place-Names
Amport,The place is situated on the River Ann and was held by Hugh de Port.,Family name Unknown - Family name.; River-name Unknown - River-name,Watts; Cambridge Dictionary of English Place-names; E. Ekwall; Dictionary of English Place-Names; Coates; Hampshire Place-names; A.D. Mills; Dictionary of English Place-Names
Andover,"Uncertain. 'Ash-tree waters' or perhaps, 'waters at a place called Onn (= ash-tree)'.",dubro- C; onn C,E. Ekwall; Dictionary of English Place-Names; Coates; Hampshire Place-names; Watts; Cambridge Dictionary of English Place-names; A.D. Mills; Dictionary of English Place-Names
Andwell,'Duck stream'.,ened Old English - A duck.; wella Old English,Watts; Cambridge Dictionary of English Place-names; E. Ekwall; Dictionary of English Place-Names; Coates; Hampshire Place-names; A.D. Mills; Dictionary of English Place-Names
Appleshaw,'Apple-tree wood'.,æppel Old English; sceaga Old English - A small wood.,Coates; Hampshire Place-names; A.D. Mills; Dictionary of English Place-Names; Watts; Cambridge Dictionary of English Place-names; E. Ekwall; Dictionary of English Place-Names
Ashe,'Ash-tree'.,æsc Old English,A.D. Mills; Dictionary of English Place-Names; Watts; Cambridge Dictionary of English Place-names; E. Ekwall; Dictionary of English Place-Names; Coates; Hampshire Place-names
Ashley,'Ash-tree wood/clearing'.,"æsc Old English; lēah Old English - A forest, wood, glade, clearing; (later) a pasture, meadow.",Coates; Hampshire Place-names; A.D. Mills; Dictionary of English Place-Names; Watts; Cambridge Dictionary of English Place-names; E. Ekwall; Dictionary of English Place-Names
Ashley Walk,'Ash-tree wood/clearing'.,"æsc Old English; lēah Old English - A forest, wood, glade, clearing; (later) a pasture, meadow.",E. Ekwall; Dictionary of English Place-Names; Watts; Cambridge Dictionary of English Place-names; Coates; Hampshire Place-names; A.D. Mills; Dictionary of English Place-Names
Ashmansworth,'Aescmere's (= ash-tree pool) enclosure'.,"æsc Old English; mere Old English - A pond, a pool, a lake.; worð Old English - An enclosure.",A.D. Mills; Dictionary of English Place-Names; Coates; Hampshire Place-names; E. Ekwall; Dictionary of English Place-Names; Watts; Cambridge Dictionary of English Place-names
Avington,'Farm/settlement connected with Afa'.,"-ingtūn Old English - A settlement called after, or connected with . . .; Personal name (Old English) Old English - Personal name",E. Ekwall; Dictionary of English Place-Names; Watts; Cambridge Dictionary of English Place-names; Coates; Hampshire Place-names; A.D. Mills; Dictionary of English Place-Names
Barton Stacey,"'Barley farm/settlement'. 'Stacey' is a corruption of the family name Roger de Saci, a tenant in 1199.","bere-tūn Old English - A barley enclosure, a barley farm; later a demesne farm, an outlying grange.; Family name Unknown - Family name.",Coates; Hampshire Place-names; Watts; Cambridge Dictionary of English Place-names; A.D. Mills; Dictionary of English Place-Names; E. Ekwall; Dictionary of English Place-Names
Basing,'*Basa's people'.,-ingas Old English - The people of . . . ; the people called after . . .; Personal name (Old English) Old English - Personal name,E. Ekwall; Dictionary of English Place-Names; Watts; Cambridge Dictionary of English Place-names; Coates; Hampshire Place-names; A.D. Mills; Dictionary of English Place-Names
Basingstoke,'Basing's outlying farm/settlement'.,"Place-name Unknown - Place-name; stoc Old English - A place, a secondary settlement.",E. Ekwall; Dictionary of English Place-Names; Watts; Cambridge Dictionary of English Place-names; A.D. Mills; Dictionary of English Place-Names; Coates; Hampshire Place-names
Baughurst,"Uncertain. '*Beagga's wooded hill' or possibly, 'badger wooded hill'.",bagga Old English - A bag; a badger.; hyrst Old English - A wooded hill.; Personal name (Old English) Old English - Personal name,A.D. Mills; Dictionary of English Place-Names; E. Ekwall; Dictionary of English Place-Names; Watts; Cambridge Dictionary of English Place-names; Coates; Hampshire Place-names
Beaulieu,'Beautiful place'.,beau lieu Old French - French place-name: a beautiful place.,Coates; Hampshire Place-names; A.D. Mills; Dictionary of English Place-Names; Watts; Cambridge Dictionary of English Place-names; E. Ekwall; Dictionary of English Place-Names
Beauworth,'Bee enclosure'.,bēo Old English - A bee.; worð Old English - An enclosure.,Coates; Hampshire Place-names; Watts; Cambridge Dictionary of English Place-names; A.D. Mills; Dictionary of English Place-Names; E. Ekwall; Dictionary of English Place-Names
Bedhampton,'Farm/settlement of Beteham's (= beet homestead/village) inhabitants'.,"bēte Old English - Beet, beetroot.; hǣme Old English - The inhabitants of a place.; tūn Old English - An enclosure; a farmstead; a village; an estate.",A.D. Mills; Dictionary of English Place-Names; Watts; Cambridge Dictionary of English Place-names; E. Ekwall; Dictionary of English Place-Names; Coates; Hampshire Place-names
Bentley,'Bent-grass wood/clearing'.,"beonet Old English - Bent grass.; lēah Old English - A forest, wood, glade, clearing; (later) a pasture, meadow.",Coates; Hampshire Place-names; E. Ekwall; Dictionary of English Place-Names; A.D. Mills; Dictionary of English Place-Names; Watts; Cambridge Dictionary of English Place-names
Bentworth,'*Binta's enclosure'.,Personal name (Old English) Old English - Personal name; worð Old English - An enclosure.,A.D. Mills; Dictionary of English Place-Names; Coates; Hampshire Place-names; E. Ekwall; Dictionary of English Place-Names; Watts; Cambridge Dictionary of English Place-names
Bighton,'Farm/settlement connected with Bica'.,"-ingtūn Old English - A settlement called after, or connected with . . .; Personal name (Old English) Old English - Personal name",E. Ekwall; Dictionary of English Place-Names; Watts; Cambridge Dictionary of English Place-names; Coates; Hampshire Place-names; A.D. Mills; Dictionary of English Place-Names
Binstead,'Bean place'.,"bēan Old English - A bean.; stede Old English - A place, a site, a locality; a religious house or foundation; a place of communal activity; a farm, a dairy-farm, an estate.",E. Ekwall; Dictionary of English Place-Names; Coates; Hampshire Place-names; Watts; Cambridge Dictionary of English Place-names; A.D. Mills; Dictionary of English Place-Names
Bishops Sutton,'South farm/settlement'. It was held by the Bishop of Winchester in 1136.,"episcopus Latin - A bishop.; sūð Old English - South, southern.; tūn Old English - An enclosure; a farmstead; a village; an estate.",Coates; Hampshire Place-names; Watts; Cambridge Dictionary of English Place-names; E. Ekwall; Dictionary of English Place-Names; A.D. Mills; Dictionary of English Place-Names
Bishops Waltham,'Forest homestead/village'. It was held by the Bishop of Winchester.,"episcopus Latin - A bishop.; hām Old English - A village, a village community, a manor, an estate, a homestead.; wald Old English",Watts; Cambridge Dictionary of English Place-names; Coates; Hampshire Place-names; E. Ekwall; Dictionary of English Place-Names; A.D. Mills; Dictionary of English Place-Names
Bishopstoke,'Outlying farm/settlement'. It was held by the Bishop of Winchester.,"episcopus Latin - A bishop.; stoc Old English - A place, a secondary settlement.",Watts; Cambridge Dictionary of English Place-names; E. Ekwall; Dictionary of English Place-Names; Coates; Hampshire Place-names; A.D. Mills; Dictionary of English Place-Names
Bitterne,"'River-bend house' or perhaps 'bit house', referring to a place where horse bits, or other tack, were stored or made.","ærn Old English - A building, a house.  In place-names often a building used for a specific purpose.; bita Old English - A morsel, piece.; byht Old English - A bend, a curve (in a river or street); a bight.",E. Ekwall; Dictionary of English Place-Names; A.D. Mills; Dictionary of English Place-Names; Coates; Hampshire Place-names; Watts; Cambridge Dictionary of English Place-names
Blendworth,'*Blaedna's enclosure'.,Personal name (Old English) Old English - Personal name; worð Old English - An enclosure.,Watts; Cambridge Dictionary of English Place-names; E. Ekwall; Dictionary of English Place-Names; A.D. Mills; Dictionary of English Place-Names; Coates; Hampshire Place-names
Boarhunt,'Fortification spring/stream'.,burh Old English - A fortified place.; funta Old English - A spring.,Watts; Cambridge Dictionary of English Place-names; E. Ekwall; Dictionary of English Place-Names; A.D. Mills; Dictionary of English Place-Names; Coates; Hampshire Place-names
Boldre,"Uncertain. Possibly, an old name for the River Lymington which may also be preserved in nearby Bolderford. If this is true, the name may be 'by the flat-topped ridge'.","bī Old English - By, near; (place) near or in.; ōfer Old English - A margin; a river-bank, sea-shore.; River-name Unknown - River-name",Coates; Hampshire Place-names; A.D. Mills; Dictionary of English Place-Names; Watts; Cambridge Dictionary of English Place-names; E. Ekwall; Dictionary of English Place-Names
Bossington,'Farm/settlement connected with Bosa'.,"-ingtūn Old English - A settlement called after, or connected with . . .; Personal name (Old English) Old English - Personal name",A.D. Mills; Dictionary of English Place-Names; Coates; Hampshire Place-names; E. Ekwall; Dictionary of English Place-Names; Watts; Cambridge Dictionary of English Place-names
Botley,"'Bota's wood/clearing', or possibly, 'help wood/clearing', referring to a place where tenants were allowed to collect timber for fuel, repairs, etc.","bōt Old English - Help, remedy; advantage, benefit.; lēah Old English - A forest, wood, glade, clearing; (later) a pasture, meadow.; Personal name (Old English) Old English - Personal name",Watts; Cambridge Dictionary of English Place-names; Coates; Hampshire Place-names; E. Ekwall; Dictionary of English Place-Names; A.D. Mills; Dictionary of English Place-Names
Bradley,'Broad wood/clearing'.,"brād Old English - Broad, spacious, wide, large.; lēah Old English - A forest, wood, glade, clearing; (later) a pasture, meadow.",Watts; Cambridge Dictionary of English Place-names; A.D. Mills; Dictionary of English Place-Names; Coates; Hampshire Place-names; E. Ekwall; Dictionary of English Place-Names
Bramdean,'Broom valley'.,brōm Old English - Broom; a thorny bush or shrub.; denu Old English - A valley.,Watts; Cambridge Dictionary of English Place-names; E. Ekwall; Dictionary of English Place-Names; A.D. Mills; Dictionary of English Place-Names; Coates; Hampshire Place-names
Bramley,'Broom wood/clearing'.,"brōm Old English - Broom; a thorny bush or shrub.; lēah Old English - A forest, wood, glade, clearing; (later) a pasture, meadow.",Coates; Hampshire Place-names; E. Ekwall; Dictionary of English Place-Names; A.D. Mills; Dictionary of English Place-Names; Watts; Cambridge Dictionary of English Place-names
Bramshaw,"'Bramble wood' or 'broom wood', or perhaps a periodic alternation between both elements.","brēmel Old English - A bramble, a blackberry bush.; brōm Old English - Broom; a thorny bush or shrub.; sceaga Old English - A small wood.",Coates; Hampshire Place-names; E. Ekwall; Dictionary of English Place-Names; Watts; Cambridge Dictionary of English Place-names; A.D. Mills; Dictionary of English Place-Names
Bramshill,"Uncertain. 'Broom hill' or perhaps, 'broom shelf'.","brōm Old English - Broom; a thorny bush or shrub.; hyll Old English - A hill, a natural eminence or elevated piece of ground.; scelf Old English - A shelf, a shelving terrain; a pinnacle, battlement.",Coates; Hampshire Place-names; Watts; Cambridge Dictionary of English Place-names; A.D. Mills; Dictionary of English Place-Names; E. Ekwall; Dictionary of English Place-Names
Bramshott,'Bramble corner'.,"brēmel Old English - A bramble, a blackberry bush.; scēat Old English - A corner of land, an angle, a projecting piece of land.",Watts; Cambridge Dictionary of English Place-names; Coates; Hampshire Place-names; E. Ekwall; Dictionary of English Place-Names; A.D. Mills; Dictionary of English Place-Names
Breamore,'Broom moor'.,"brōm Old English - Broom; a thorny bush or shrub.; mōr Old English - A marsh, barren upland.",Watts; Cambridge Dictionary of English Place-names; A.D. Mills; Dictionary of English Place-Names; Coates; Hampshire Place-names; E. Ekwall; Dictionary of English Place-Names
Brockenhurst,"Probably, 'broken wooded hill'.","brocen Old English - Broken, broken up, uneven.; hyrst Old English - A wooded hill.",A.D. Mills; Dictionary of English Place-Names; Watts; Cambridge Dictionary of English Place-names; E. Ekwall; Dictionary of English Place-Names; Coates; Hampshire Place-names
Broomy,"'Broom wood/clearing', with forms alternating with 'broom hill (OE hyll)'.","brōm Old English - Broom; a thorny bush or shrub.; lēah Old English - A forest, wood, glade, clearing; (later) a pasture, meadow.",Watts; Cambridge Dictionary of English Place-names; A.D. Mills; Dictionary of English Place-Names; E. Ekwall; Dictionary of English Place-Names; Coates; Hampshire Place-names
Broughton,'Hill farm/settlement'.,berg Old English; tūn Old English - An enclosure; a farmstead; a village; an estate.,Watts; Cambridge Dictionary of English Place-names; Coates; Hampshire Place-names; A.D. Mills; Dictionary of English Place-Names; E. Ekwall; Dictionary of English Place-Names
Brown Candover,"Named after Candover Brook, a tributary of the River Itchen. The Brune family held land here in the 15th and 16th centuries.",Family name Unknown - Family name.; River-name Unknown - River-name,A.D. Mills; Dictionary of English Place-Names; E. Ekwall; Dictionary of English Place-Names; Coates; Hampshire Place-names; Watts; Cambridge Dictionary of English Place-names
Buckholt,'Beech wood'.,bōc Old English - A beech-tree.; holt Old English - A wood. (Probably of a single species.),A.D. Mills; Dictionary of English Place-Names; Watts; Cambridge Dictionary of English Place-names; Coates; Hampshire Place-names; E. Ekwall; Dictionary of English Place-Names
Bullington,"'Bula's hill' or perhaps, 'bulls hill'.",bula Old English - A bull.; dūn Old English - A hill.; Personal name (Old English) Old English - Personal name,Coates; Hampshire Place-names; A.D. Mills; Dictionary of English Place-Names; E. Ekwall; Dictionary of English Place-Names; Watts; Cambridge Dictionary of English Place-names
Burghclere,"'Fortified Clere' or perhaps, 'Clere with a fortification'. Clere is a name of unknown origins, possibly PrW, meaning 'bright'.",burh Old English - A fortified place.; clear C,Coates; Hampshire Place-names; A.D. Mills; Dictionary of English Place-Names; Watts; Cambridge Dictionary of English Place-names; E. Ekwall; Dictionary of English Place-Names
Buriton,'Fortified farm/settlement'.,"burh-tūn Old English - A fort enclosure; a farm with a palisade; a farm at, or belonging to, or which is, a fortification, fortified house, or manorhouse.",E. Ekwall; Dictionary of English Place-Names; Watts; Cambridge Dictionary of English Place-names; Coates; Hampshire Place-names; A.D. Mills; Dictionary of English Place-Names
Burley,'Fortification wood/clearing'.,"burh Old English - A fortified place.; lēah Old English - A forest, wood, glade, clearing; (later) a pasture, meadow.",Coates; Hampshire Place-names; Watts; Cambridge Dictionary of English Place-names; E. Ekwall; Dictionary of English Place-Names; A.D. Mills; Dictionary of English Place-Names
Bursledon,"'Beorhtsige's hill', alternating with the hypocoristic form of the personal name, 'Beorsa'.",dūn Old English - A hill.; Personal name (Old English) Old English - Personal name,E. Ekwall; Dictionary of English Place-Names; Watts; Cambridge Dictionary of English Place-names; A.D. Mills; Dictionary of English Place-Names; Coates; Hampshire Place-names
Catherington,"Uncertain. Perhaps, 'farm/settlement of the people at the hill called *Cadeir (= the chair)' or possibly, 'farm/settlement of Cat(t)or's people'.",-ingas Old English - The people of . . . ; the people called after . . .; cadeir C; Personal name (Old English) Old English - Personal name; tūn Old English - An enclosure; a farmstead; a village; an estate.,A.D. Mills; Dictionary of English Place-Names; Watts; Cambridge Dictionary of English Place-names; Coates; Hampshire Place-names; E. Ekwall; Dictionary of English Place-Names
Chalton,'Chalk farm/settlement'.,calc Old English; tūn Old English - An enclosure; a farmstead; a village; an estate.,A.D. Mills; Dictionary of English Place-Names; Coates; Hampshire Place-names; Watts; Cambridge Dictionary of English Place-names; E. Ekwall; Dictionary of English Place-Names
Chawton,Uncertain. 'Calf farm/settlement' or 'chalk farm/settlement'.,calc Old English; celf Old English; tūn Old English - An enclosure; a farmstead; a village; an estate.,Coates; Hampshire Place-names; A.D. Mills; Dictionary of English Place-Names; Watts; Cambridge Dictionary of English Place-names; E. Ekwall; Dictionary of English Place-Names
Cheriton,'Church farm/settlement'.,cirice Old English - A church.; tūn Old English - An enclosure; a farmstead; a village; an estate.,Coates; Hampshire Place-names; Watts; Cambridge Dictionary of English Place-names; A.D. Mills; Dictionary of English Place-Names; E. Ekwall; Dictionary of English Place-Names
Chilbolton,'Farm/settlement connected with Ceobeald'.,"-ing- Old English - Connective particle, linking a first element to a final element.; Personal name (Old English) Old English - Personal name; tūn Old English - An enclosure; a farmstead; a village; an estate.",E. Ekwall; Dictionary of English Place-Names; Coates; Hampshire Place-names; Watts; Cambridge Dictionary of English Place-names; A.D. Mills; Dictionary of English Place-Names
Chilcomb,'Valley below the steep slope'.,"ciltā C; cumb Old English - A coomb, a valley.  Possibly derived from Welsh ""cumm""; but possibly derived from OE ""cumb"" a vessel, cup, a small measure.",Coates; Hampshire Place-names; Watts; Cambridge Dictionary of English Place-names; E. Ekwall; Dictionary of English Place-Names; A.D. Mills; Dictionary of English Place-Names
Chilton Candover,"Uncertain. Either, 'steep-slope farm/settlement' or perhaps, 'children's farm/settlement. Alternatively, 'Candover at Chilte (= the steep slope)'. Candover is called after the Candover Brook, a tributary of the River Itchen.","cild Old English - A child, a young person, a boy, a son.; ciltā C; River-name Unknown - River-name; tūn Old English - An enclosure; a farmstead; a village; an estate.",Watts; Cambridge Dictionary of English Place-names; E. Ekwall; Dictionary of English Place-Names; Coates; Hampshire Place-names; A.D. Mills; Dictionary of English Place-Names
Chilworth,"'Ceola's enclosure' or perhaps, 'throat-like enclosure', which is apparently topographically appropriate.","ceole Old English - A throat; topographically a channel, a gorge, a ravine.; Personal name (Uncertain) Unknown - Personal name; worð Old English - An enclosure.",A.D. Mills; Dictionary of English Place-Names; Watts; Cambridge Dictionary of English Place-names; E. Ekwall; Dictionary of English Place-Names; Coates; Hampshire Place-names
Cholderton,'Farm/settlement connected with Ceolhere/Ceolred'.,"-ingtūn Old English - A settlement called after, or connected with . . .; Personal name (Old English) Old English - Personal name","E. Ekwall; Dictionary of English Place-Names; Gover, Mawer and Stenton, The Place-Names of Wiltshire; Watts; Cambridge Dictionary of English Place-names; A.D. Mills; Dictionary of English Place-Names"
Christchurch,'Christ's church'.,cirice Old English - A church.; Crist Old English - Christ.,Coates; Hampshire Place-names; A.D. Mills; Dictionary of English Place-Names; Watts; Cambridge Dictionary of English Place-names; E. Ekwall; Dictionary of English Place-Names
Clanfield,"'Clean open land', ie., a bare or smooth tract of land.","clǣne Old English - Clean, clear of weeds, etc.; feld Old English - Open country, unencumbered ground (eg. land without trees as opposed to forest, level ground as opposed to hills, land without buildings); arable land (from late tenth century).",A.D. Mills; Dictionary of English Place-Names; E. Ekwall; Dictionary of English Place-Names; Coates; Hampshire Place-names; Watts; Cambridge Dictionary of English Place-names
Cliddesden,'Scree valley'.,"clȳder Old English - Loose stones, debris.; denu Old English - A valley.",A.D. Mills; Dictionary of English Place-Names; Coates; Hampshire Place-names; E. Ekwall; Dictionary of English Place-Names; Watts; Cambridge Dictionary of English Place-names
Coldrey,"'Charcoal stream', perhaps referring to the colour, or possibly, 'cold stream'.","col Old English - Coal, especially charcoal.; cōl Old English - Cool.; rīð Old English - A small stream.",Coates; Hampshire Place-names; A.D. Mills; Dictionary of English Place-Names; E. Ekwall; Dictionary of English Place-Names; Watts; Cambridge Dictionary of English Place-names
Colemore,'Cool pond'.,"cōl Old English - Cool.; mere Old English - A pond, a pool, a lake.",A.D. Mills; Dictionary of English Place-Names; Watts; Cambridge Dictionary of English Place-names; E. Ekwall; Dictionary of English Place-Names; Coates; Hampshire Place-names
Compton,'Valley farm/settlement'.,"cumb Old English - A coomb, a valley.  Possibly derived from Welsh ""cumm""; but possibly derived from OE ""cumb"" a vessel, cup, a small measure.; tūn Old English - An enclosure; a farmstead; a village; an estate.",A.D. Mills; Dictionary of English Place-Names; Coates; Hampshire Place-names; E. Ekwall; Dictionary of English Place-Names; Watts; Cambridge Dictionary of English Place-names
Corhampton,'Corn home-farm'.,"corn Old English - Corn, grain.; hām-tūn Old English - A home farm.",A.D. Mills; Dictionary of English Place-Names; E. Ekwall; Dictionary of English Place-Names; Coates; Hampshire Place-names; Watts; Cambridge Dictionary of English Place-names
Cove,"Uncertain. The word means 'enclosed chamber', 'cave' or 'cove' but the exact sense of the word in this place-name is unclear.","cofa Old English - An inner chamber; a cave, a cove.",A.D. Mills; Dictionary of English Place-Names; Coates; Hampshire Place-names; Watts; Cambridge Dictionary of English Place-names; E. Ekwall; Dictionary of English Place-Names
Crawley,'Crow wood/clearing'.,"crāwe Old English - A crow.; lēah Old English - A forest, wood, glade, clearing; (later) a pasture, meadow.",Coates; Hampshire Place-names; Watts; Cambridge Dictionary of English Place-names; E. Ekwall; Dictionary of English Place-Names; A.D. Mills; Dictionary of English Place-Names
Crondall,'Chalk-pit'.,"crundel Old English - A chalk-pit, a quarry, a gully.",Watts; Cambridge Dictionary of English Place-names; A.D. Mills; Dictionary of English Place-Names; Coates; Hampshire Place-names; E. Ekwall; Dictionary of English Place-Names
Crookham,"Uncertain. Possibly, 'crook homestead/village', ie., as in a bend in a river, but perhaps 'nook homestead/village' or 'saffron homestead/village'.","crōc Old English - A crook.; crōh Old English - A nook, a corner.; croh Old English - Saffron.; hām Old English - A village, a village community, a manor, an estate, a homestead.; hamm Old English - Land hemmed in by water or marsh (perhaps also by high ground); a river-meadow; cultivated plot on the edge of woodland or moor.",Watts; Cambridge Dictionary of English Place-names; Coates; Hampshire Place-names; E. Ekwall; Dictionary of English Place-Names; A.D. Mills; Dictionary of English Place-Names
Crown Farm,"Obscure. Originally an extra-parochial place, it became a civil parish in 1858 before being abolished in 1883.",Obscure element Unknown - Obscure element,Watts; Cambridge Dictionary of English Place-names; A.D. Mills; Dictionary of English Place-Names; E. Ekwall; Dictionary of English Place-Names; Coates; Hampshire Place-names
Crux Easton,'East farm/settlement'. The Croc(h) family held land here in the 11th century.,"ēast Old English - Eastern, east.; Family name Unknown - Family name.; tūn Old English - An enclosure; a farmstead; a village; an estate.",Watts; Cambridge Dictionary of English Place-names; E. Ekwall; Dictionary of English Place-Names; Coates; Hampshire Place-names; A.D. Mills; Dictionary of English Place-Names
Cudnell,POSSIBLY: Cuda's hill or nook.,"Cuda Old English - Masculine personal name.; halh Old English - A nook of land; a small valley; dry ground in marsh; a piece of land projecting from, or detached from, the main area of its administrative unit.; hyll Old English - A hill, a natural eminence or elevated piece of ground.; Personal name (Old English) Old English - Personal name",
Damerham,'Judges' hemmed-in land'.,dōmere Old English - A judge.; hamm Old English - Land hemmed in by water or marsh (perhaps also by high ground); a river-meadow; cultivated plot on the edge of woodland or moor.,"E. Ekwall; Dictionary of English Place-Names; A.D. Mills; Dictionary of English Place-Names; Gover, Mawer and Stenton, The Place-Names of Wiltshire; Watts; Cambridge Dictionary of English Place-names"
Deane,'Valley'.,denu Old English - A valley.,Watts; Cambridge Dictionary of English Place-names; A.D. Mills; Dictionary of English Place-Names; Coates; Hampshire Place-names; E. Ekwall; Dictionary of English Place-Names
Denny Lodge,"Uncertain. 'Slope island', 'hill island' or perhaps, 'Dynne's island'. 'Lodge' is a 19th century addition.","dūn Old English - A hill.; dȳne Old English - A slope.; ēg Old English - An island.  In ancient settlement-names, most frequently refers to dry ground surrounded by marsh.  Also used of islands in modern sense.  In late OE names: well-watered land.; Personal name (Old English) Old English - Personal name",A.D. Mills; Dictionary of English Place-Names; Watts; Cambridge Dictionary of English Place-names; Coates; Hampshire Place-names; E. Ekwall; Dictionary of English Place-Names
Dibden,'Deep valley'.,denu Old English - A valley.; dēop Old English - Deep.,Coates; Hampshire Place-names; E. Ekwall; Dictionary of English Place-Names; A.D. Mills; Dictionary of English Place-Names; Watts; Cambridge Dictionary of English Place-names
Dogmersfield,'Dock/water-lily pool open land'.,"docce Old English - A dock, possibly also a water-lily.; feld Old English - Open country, unencumbered ground (eg. land without trees as opposed to forest, level ground as opposed to hills, land without buildings); arable land (from late tenth century).; mere Old English - A pond, a pool, a lake.",A.D. Mills; Dictionary of English Place-Names; E. Ekwall; Dictionary of English Place-Names; Watts; Cambridge Dictionary of English Place-names; Coates; Hampshire Place-names
Droxford,"Perhaps, 'dry ford'.",drocen Old English - Dry.; ford Old English - A ford.,Watts; Cambridge Dictionary of English Place-names; A.D. Mills; Dictionary of English Place-Names; E. Ekwall; Dictionary of English Place-Names; Coates; Hampshire Place-names
Dummer with Kempshot,"'Hill pond'. Perhaps, 'warrior's corner', but as OE sciete is more commonly compounded with plant-names, it may be OE cenep, 'moustache, horse's bit', used of a plant, or a borrowing of L. cannabis (sativa), 'hemp'.","cempa Old English - A warrior.; cenep Old English - A horse's bit; a moustache; perhaps used as a plant-name.; dūn Old English - A hill.; mere Old English - A pond, a pool, a lake.; scīete Old English",E. Ekwall; Dictionary of English Place-Names; Coates; Hampshire Place-names; Watts; Cambridge Dictionary of English Place-names; A.D. Mills; Dictionary of English Place-Names
Dunwood,'Hill wood'.,"dūn Old English - A hill.; wudu Old English - A wood; or wood, timber.",Watts; Cambridge Dictionary of English Place-names; Coates; Hampshire Place-names; A.D. Mills; Dictionary of English Place-Names; E. Ekwall; Dictionary of English Place-Names
Durley,'Wild animal wood/clearing'.,"dēor Old English - An animal, a beast.; lēah Old English - A forest, wood, glade, clearing; (later) a pasture, meadow.",A.D. Mills; Dictionary of English Place-Names; Coates; Hampshire Place-names; Watts; Cambridge Dictionary of English Place-names; E. Ekwall; Dictionary of English Place-Names
East and West Tytherley,'Fragile wood/clearing'.,"lēah Old English - A forest, wood, glade, clearing; (later) a pasture, meadow.; tīedre Old English",E. Ekwall; Dictionary of English Place-Names; Watts; Cambridge Dictionary of English Place-names; A.D. Mills; Dictionary of English Place-Names; Coates; Hampshire Place-names
East and West Worldham,"Probably, '*Waerhild's homestead/village'. A feminine personal name.","hām Old English - A village, a village community, a manor, an estate, a homestead.; Personal name (Old English) Old English - Personal name",A.D. Mills; Dictionary of English Place-Names; E. Ekwall; Dictionary of English Place-Names; Watts; Cambridge Dictionary of English Place-names; Coates; Hampshire Place-names
East Dean,"'Valley'. 'East' to distinguish from West Dean, Wiltshire.",denu Old English - A valley.,A.D. Mills; Dictionary of English Place-Names; Coates; Hampshire Place-names; E. Ekwall; Dictionary of English Place-Names; Watts; Cambridge Dictionary of English Place-names
East Meon,Named after the River Meon.,River-name Unknown - River-name,Coates; Hampshire Place-names; E. Ekwall; Dictionary of English Place-Names; Watts; Cambridge Dictionary of English Place-names; A.D. Mills; Dictionary of English Place-Names
East Stratton,'Roman road farm/settlement'. It is on the Roman road from Winchester to London. 'East' to distingush from West Stratton.,strēt Old English; tūn Old English - An enclosure; a farmstead; a village; an estate.,A.D. Mills; Dictionary of English Place-Names; Coates; Hampshire Place-names; E. Ekwall; Dictionary of English Place-Names; Watts; Cambridge Dictionary of English Place-names
East Tisted,"'Young goat place' or perhaps, 'Ticce's place'. 'East' to distinguish from West Tisted.","ēast Old English - Eastern, east.; stede Old English - A place, a site, a locality; a religious house or foundation; a place of communal activity; a farm, a dairy-farm, an estate.; ticcen Old English - A kid, a young goat.",Watts; Cambridge Dictionary of English Place-names; A.D. Mills; Dictionary of English Place-Names; Coates; Hampshire Place-names; E. Ekwall; Dictionary of English Place-Names
East Wellow,'Spring/stream enclosure'.,"ēast Old English - Eastern, east.; haga Old English - A hedge; an enclosure; later a messuage, property.; wella Old English",Watts; Cambridge Dictionary of English Place-names; E. Ekwall; Dictionary of English Place-Names; A.D. Mills; Dictionary of English Place-Names; Coates; Hampshire Place-names
East Woodhay,'Wide enclosure'.,"hæg Old English - A fence, an enclosure.; wīd Old English - Wide, spacious.",Coates; Hampshire Place-names; E. Ekwall; Dictionary of English Place-Names; A.D. Mills; Dictionary of English Place-Names; Watts; Cambridge Dictionary of English Place-names
Eastleigh,'East wood/clearing'.,"ēast Old English - Eastern, east.; lēah Old English - A forest, wood, glade, clearing; (later) a pasture, meadow.",E. Ekwall; Dictionary of English Place-Names; A.D. Mills; Dictionary of English Place-Names; Coates; Hampshire Place-names; Watts; Cambridge Dictionary of English Place-names
Easton,'East farm/settlement'.,"ēast Old English - Eastern, east.; tūn Old English - An enclosure; a farmstead; a village; an estate.",Watts; Cambridge Dictionary of English Place-names; E. Ekwall; Dictionary of English Place-Names; A.D. Mills; Dictionary of English Place-Names; Coates; Hampshire Place-names
Eastrop,'East outlying hamlet'.,"ēast Old English - Eastern, east.; þrop Old English - A hamlet, an outlying farm.",A.D. Mills; Dictionary of English Place-Names; Coates; Hampshire Place-names; Watts; Cambridge Dictionary of English Place-names; E. Ekwall; Dictionary of English Place-Names
Ebblake,PROBABLY: Abba's stream.,"Abba Old English - Personal name.; lacu Old English - A small stream, a watercourse.; Personal name (Old English) Old English - Personal name",
Ecchinswell,"Uncertain. '*Eccel's spring/stream'. Alternatively, first element is an old river name, '*Ecel', from L. agilis, 'swift'.",Personal name (Uncertain) Unknown - Personal name; River-name Unknown - River-name; wella Old English,A.D. Mills; Dictionary of English Place-Names; Watts; Cambridge Dictionary of English Place-names; E. Ekwall; Dictionary of English Place-Names; Coates; Hampshire Place-names
Eling,'*Edla's people'.,-ingas Old English - The people of . . . ; the people called after . . .; Personal name (Old English) Old English - Personal name,A.D. Mills; Dictionary of English Place-Names; Watts; Cambridge Dictionary of English Place-names; Coates; Hampshire Place-names; E. Ekwall; Dictionary of English Place-Names
Ellingham,"'Probably, 'homestead/village of Aethel's people'.","-ingas Old English - The people of . . . ; the people called after . . .; hām Old English - A village, a village community, a manor, an estate, a homestead.; hamm Old English - Land hemmed in by water or marsh (perhaps also by high ground); a river-meadow; cultivated plot on the edge of woodland or moor.; Personal name (Old English) Old English - Personal name",Coates; Hampshire Place-names; Watts; Cambridge Dictionary of English Place-names; E. Ekwall; Dictionary of English Place-Names; A.D. Mills; Dictionary of English Place-Names
Ellisfield,'*Ielfsa's open land'.,"feld Old English - Open country, unencumbered ground (eg. land without trees as opposed to forest, level ground as opposed to hills, land without buildings); arable land (from late tenth century).; Personal name (Old English) Old English - Personal name",Coates; Hampshire Place-names; A.D. Mills; Dictionary of English Place-Names; E. Ekwall; Dictionary of English Place-Names; Watts; Cambridge Dictionary of English Place-names
Elvetham,'Hemmed-in land where swans are'.,elfitu Old English; hamm Old English - Land hemmed in by water or marsh (perhaps also by high ground); a river-meadow; cultivated plot on the edge of woodland or moor.,A.D. Mills; Dictionary of English Place-Names; E. Ekwall; Dictionary of English Place-Names; Watts; Cambridge Dictionary of English Place-names; Coates; Hampshire Place-names
Empshott,'Bee corner'.,"imbe Old English - A swarm of bees.; scēat Old English - A corner of land, an angle, a projecting piece of land.; scīete Old English",E. Ekwall; Dictionary of English Place-Names; Coates; Hampshire Place-names; Watts; Cambridge Dictionary of English Place-names; A.D. Mills; Dictionary of English Place-Names
Ensbury,PROBABLY: AEgen's fortified place.,Ægen Old English - Masculine personal name.; burh Old English - A fortified place.; Personal name (Old English) Old English - Personal name,
Eversley,"Uncertain. 'Wild boar wood/clearing' or possibly, 'Eofor's wood/clearing'.","eofor Old English - A wild boar.; lēah Old English - A forest, wood, glade, clearing; (later) a pasture, meadow.; Personal name (Old English) Old English - Personal name",E. Ekwall; Dictionary of English Place-Names; Watts; Cambridge Dictionary of English Place-names; Coates; Hampshire Place-names; A.D. Mills; Dictionary of English Place-Names
Ewhurst,'Yew wooded hill'.,hyrst Old English - A wooded hill.; īw Old English - A yew-tree.,A.D. Mills; Dictionary of English Place-Names; Coates; Hampshire Place-names; E. Ekwall; Dictionary of English Place-Names; Watts; Cambridge Dictionary of English Place-names
Exbury,"Possibly, '*Eohere's fortification' or '*Iecere's fortification'.",burh Old English - A fortified place.; Personal name (Old English) Old English - Personal name,Watts; Cambridge Dictionary of English Place-names; A.D. Mills; Dictionary of English Place-Names; Coates; Hampshire Place-names; E. Ekwall; Dictionary of English Place-Names
Exton,'East Saxon's farm/settlement'.,"ēast Old English - Eastern, east.; Saxones C; tūn Old English - An enclosure; a farmstead; a village; an estate.",A.D. Mills; Dictionary of English Place-Names; Coates; Hampshire Place-names; E. Ekwall; Dictionary of English Place-Names; Watts; Cambridge Dictionary of English Place-names
Faccombe,'*Faca's valley'.,"cumb Old English - A coomb, a valley.  Possibly derived from Welsh ""cumm""; but possibly derived from OE ""cumb"" a vessel, cup, a small measure.; Personal name (Old English) Old English - Personal name",Coates; Hampshire Place-names; Watts; Cambridge Dictionary of English Place-names; A.D. Mills; Dictionary of English Place-Names; E. Ekwall; Dictionary of English Place-Names
Fareham,'Ferny homestead/village' or 'ferny hemmed-in land'.,"fearn Old English - A fern; ferns; a ferny place.; hām Old English - A village, a village community, a manor, an estate, a homestead.; hamm Old English - Land hemmed in by water or marsh (perhaps also by high ground); a river-meadow; cultivated plot on the edge of woodland or moor.",Coates; Hampshire Place-names; E. Ekwall; Dictionary of English Place-Names; A.D. Mills; Dictionary of English Place-Names; Watts; Cambridge Dictionary of English Place-names
Faringdon,'Ferny hill'.,dūn Old English - A hill.; fearn Old English - A fern; ferns; a ferny place.,A.D. Mills; Dictionary of English Place-Names; E. Ekwall; Dictionary of English Place-Names; Watts; Cambridge Dictionary of English Place-names; Coates; Hampshire Place-names
Farleigh Wallop,'Fern wood/clearing'. It was held by John Wallop after 1487.,"Family name Unknown - Family name.; fearn Old English - A fern; ferns; a ferny place.; lēah Old English - A forest, wood, glade, clearing; (later) a pasture, meadow.",Coates; Hampshire Place-names; A.D. Mills; Dictionary of English Place-Names; Watts; Cambridge Dictionary of English Place-names; E. Ekwall; Dictionary of English Place-Names
Farley Chamberlayne,'Ferny wood/clearing'. It was held by the Chamberlayne family.,"Family name Unknown - Family name.; fearn Old English - A fern; ferns; a ferny place.; lēah Old English - A forest, wood, glade, clearing; (later) a pasture, meadow.",A.D. Mills; Dictionary of English Place-Names; Watts; Cambridge Dictionary of English Place-names; E. Ekwall; Dictionary of English Place-Names; Coates; Hampshire Place-names
Farlington,"'Farm/settlement connected with *Faerela', 'ferny hill' or perhaps, 'farm/settlement of the Faernleaingas (= dwellers at the ferny wood/clearing)'.","-ingas Old English - The people of . . . ; the people called after . . .; -ingtūn Old English - A settlement called after, or connected with . . .; dūn Old English - A hill.; fearh Old English - A piglet, a hog.; lēah Old English - A forest, wood, glade, clearing; (later) a pasture, meadow.; Personal name (Old English) Old English - Personal name; tūn Old English - An enclosure; a farmstead; a village; an estate.",Coates; Hampshire Place-names; A.D. Mills; Dictionary of English Place-Names; Watts; Cambridge Dictionary of English Place-names; E. Ekwall; Dictionary of English Place-Names
Farnborough,'Ferny hill'.,berg Old English; fearn Old English - A fern; ferns; a ferny place.,E. Ekwall; Dictionary of English Place-Names; Coates; Hampshire Place-names; A.D. Mills; Dictionary of English Place-Names; Watts; Cambridge Dictionary of English Place-names
Fawley,"'Fallow-coloured wood/clearing', or 'ploughed wood/clearing'.","falh Old English; fealu Old English - Fallow, pale brown or reddish yellow.; lēah Old English - A forest, wood, glade, clearing; (later) a pasture, meadow.",Watts; Cambridge Dictionary of English Place-names; E. Ekwall; Dictionary of English Place-Names; A.D. Mills; Dictionary of English Place-Names; Coates; Hampshire Place-names
Fordingbridge,'Bridge of the Fordingas (= the dwellers by the ford)'.,-ingas Old English - The people of . . . ; the people called after . . .; brycg Old English - A bridge; a causeway.; ford Old English - A ford.,E. Ekwall; Dictionary of English Place-Names; A.D. Mills; Dictionary of English Place-Names; Watts; Cambridge Dictionary of English Place-names; Coates; Hampshire Place-names
Foxcott,'Fox cottages'. It has been suggested that the name could refer to fox burrows.,"cot Old English - A cottage, a hut, a shelter, a den.; fox Old English - A fox.",E. Ekwall; Dictionary of English Place-Names; Coates; Hampshire Place-names; Watts; Cambridge Dictionary of English Place-names; A.D. Mills; Dictionary of English Place-Names
Freefolk Manor,"'Free folk'. Alternatively, perhaps, 'Frig's folk'.","folc Old English - The people of a tribe or family, the common people.; frēo Old English - Free, free from service or charge.; Frīg Old English - The name of a heathen Germanic goddess (Woden's consort).",Watts; Cambridge Dictionary of English Place-names; E. Ekwall; Dictionary of English Place-Names; A.D. Mills; Dictionary of English Place-Names; Coates; Hampshire Place-names
Frenchmoor,'French moor'.,"Frensche Middle English - French.; mōr Old English - A marsh, barren upland.",Coates; Hampshire Place-names; Watts; Cambridge Dictionary of English Place-names; A.D. Mills; Dictionary of English Place-Names; E. Ekwall; Dictionary of English Place-Names
Froxfield,'Frog open land'.,"feld Old English - Open country, unencumbered ground (eg. land without trees as opposed to forest, level ground as opposed to hills, land without buildings); arable land (from late tenth century).; frosc Old English - A frog.",A.D. Mills; Dictionary of English Place-Names; Coates; Hampshire Place-names; E. Ekwall; Dictionary of English Place-Names; Watts; Cambridge Dictionary of English Place-names
Froyle,"Uncertain. Suggestions have included 'Frig's hill' or 'free hill', but it is argued that 'hill' is unlikely on topographical grounds and maybe a folk-etymology. Another suggestion is that the second element is 'spring/stream' with an unattested antecedent","frēo Old English - Free, free from service or charge.; Frīg Old English - The name of a heathen Germanic goddess (Woden's consort).; hyll Old English - A hill, a natural eminence or elevated piece of ground.; wella Old English",Coates; Hampshire Place-names; A.D. Mills; Dictionary of English Place-Names; E. Ekwall; Dictionary of English Place-Names; Watts; Cambridge Dictionary of English Place-names
Fyfield,'Five hides'.,fīf Old English - Five.; land Old English - Land (as part of earth's surface); an estate; possibly also new arable area.  In minor and field names: strip in a field-system.,A.D. Mills; Dictionary of English Place-Names; Coates; Hampshire Place-names; E. Ekwall; Dictionary of English Place-Names; Watts; Cambridge Dictionary of English Place-names
Godsfield,'Goda's open land'.,"feld Old English - Open country, unencumbered ground (eg. land without trees as opposed to forest, level ground as opposed to hills, land without buildings); arable land (from late tenth century).; Personal name (Old English) Old English - Personal name",Coates; Hampshire Place-names; E. Ekwall; Dictionary of English Place-Names; A.D. Mills; Dictionary of English Place-Names; Watts; Cambridge Dictionary of English Place-names
Goodworth Clatford,'Goda's enclosure' and 'burdock ford'.,"clāte Old English - Burdock, goose-grass.; ford Old English - A ford.; Personal name (Old English) Old English - Personal name; worð Old English - An enclosure.",Watts; Cambridge Dictionary of English Place-names; A.D. Mills; Dictionary of English Place-Names; Coates; Hampshire Place-names; E. Ekwall; Dictionary of English Place-Names
Grateley,'Great wood/clearing'.,"grēat Old English - Thick, stout, bulky, massive. Later meaning 'big in size'.; lēah Old English - A forest, wood, glade, clearing; (later) a pasture, meadow.",A.D. Mills; Dictionary of English Place-Names; Coates; Hampshire Place-names; Watts; Cambridge Dictionary of English Place-names; E. Ekwall; Dictionary of English Place-Names
Greatham,"'Gravelly homestead/village' or perhaps, 'gravelly hemmed-in land'.","grēot Old English - Gravel.; hām Old English - A village, a village community, a manor, an estate, a homestead.; hamm Old English - Land hemmed in by water or marsh (perhaps also by high ground); a river-meadow; cultivated plot on the edge of woodland or moor.",A.D. Mills; Dictionary of English Place-Names; E. Ekwall; Dictionary of English Place-Names; Coates; Hampshire Place-names; Watts; Cambridge Dictionary of English Place-names
Greywell,"'Badger spring/stream' or perhaps, 'grey spring/stream'.",grǣg Old English - Grey.; wella Old English,E. Ekwall; Dictionary of English Place-Names; Watts; Cambridge Dictionary of English Place-names; Coates; Hampshire Place-names; A.D. Mills; Dictionary of English Place-Names
Hale,'Nook of land'.,"halh Old English - A nook of land; a small valley; dry ground in marsh; a piece of land projecting from, or detached from, the main area of its administrative unit.",Watts; Cambridge Dictionary of English Place-names; A.D. Mills; Dictionary of English Place-Names; Coates; Hampshire Place-names; E. Ekwall; Dictionary of English Place-Names
Hamble le Rice,'Hamble in the brushwood'. 'Hamble' from the river-name.,"hrīs Old English - Shrubs, brushwood.; River-name Unknown - River-name",Coates; Hampshire Place-names; A.D. Mills; Dictionary of English Place-Names; E. Ekwall; Dictionary of English Place-Names; Watts; Cambridge Dictionary of English Place-names
Hambledon,'Cropped hill'.,"dūn Old English - A hill.; hamol Old English - Maimed, mutilated; crooked, scarred, flat-topped, cut-off.",E. Ekwall; Dictionary of English Place-Names; A.D. Mills; Dictionary of English Place-Names; Watts; Cambridge Dictionary of English Place-names; Coates; Hampshire Place-names
Hannington,'Farm/settlement connected with Hana'.,"-ingtūn Old English - A settlement called after, or connected with . . .; Personal name (Old English) Old English - Personal name",Coates; Hampshire Place-names; E. Ekwall; Dictionary of English Place-Names; Watts; Cambridge Dictionary of English Place-names; A.D. Mills; Dictionary of English Place-Names
Harbridge,'Hearda's bridge'.,brycg Old English - A bridge; a causeway.; Personal name (Old English) Old English - Personal name,Coates; Hampshire Place-names; Watts; Cambridge Dictionary of English Place-names; E. Ekwall; Dictionary of English Place-Names; A.D. Mills; Dictionary of English Place-Names
Hartley Mauditt,'Hart wood/clearing'. William Maudoit held land here in the 11th century.,"Family name Unknown - Family name.; heorot Old English - A hart, a stag, a grown male deer.; lēah Old English - A forest, wood, glade, clearing; (later) a pasture, meadow.",E. Ekwall; Dictionary of English Place-Names; Coates; Hampshire Place-names; Watts; Cambridge Dictionary of English Place-names; A.D. Mills; Dictionary of English Place-Names
Hartley Wespall,'Hart wood/clearing'. The Waspail family held land here in 1236.,"Family name Unknown - Family name.; heorot Old English - A hart, a stag, a grown male deer.; lēah Old English - A forest, wood, glade, clearing; (later) a pasture, meadow.",E. Ekwall; Dictionary of English Place-Names; A.D. Mills; Dictionary of English Place-Names; Coates; Hampshire Place-names; Watts; Cambridge Dictionary of English Place-names
Hartley Wintney,'Hart wood/clearing'. It was held by the Priory of Wintney.,"heorot Old English - A hart, a stag, a grown male deer.; lēah Old English - A forest, wood, glade, clearing; (later) a pasture, meadow.",A.D. Mills; Dictionary of English Place-Names; Coates; Hampshire Place-names; Watts; Cambridge Dictionary of English Place-names; E. Ekwall; Dictionary of English Place-Names
Havant,'Hama's spring'.,funta Old English - A spring.; Personal name (Old English) Old English - Personal name,Coates; Hampshire Place-names; Watts; Cambridge Dictionary of English Place-names; A.D. Mills; Dictionary of English Place-Names; E. Ekwall; Dictionary of English Place-Names
Hawkley,'Hawk wood/clearing'.,"hafoc Old English; lēah Old English - A forest, wood, glade, clearing; (later) a pasture, meadow.",Coates; Hampshire Place-names; E. Ekwall; Dictionary of English Place-Names; A.D. Mills; Dictionary of English Place-Names; Watts; Cambridge Dictionary of English Place-names
Hawley with Minley,'Hall wood/clearing'. 'Mynda's wood/clearing'.,"hall Old English - A slope, a hill; a boulder.; lēah Old English - A forest, wood, glade, clearing; (later) a pasture, meadow.; Personal name (Old English) Old English - Personal name",A.D. Mills; Dictionary of English Place-Names; Watts; Cambridge Dictionary of English Place-names; E. Ekwall; Dictionary of English Place-Names; Coates; Hampshire Place-names
Headbourne Worthy,'Headbourne's enclosure'. The Headbourne is a small tributary of the River Itchen.,River-name Unknown - River-name; worðig Old English - An enclosure.,Watts; Cambridge Dictionary of English Place-names; A.D. Mills; Dictionary of English Place-Names; Coates; Hampshire Place-names; E. Ekwall; Dictionary of English Place-Names
Headley,'Heath wood/clearing'.,"hǣð Old English - Heather; a tract of uncultivated land.; lēah Old English - A forest, wood, glade, clearing; (later) a pasture, meadow.",Coates; Hampshire Place-names; E. Ekwall; Dictionary of English Place-Names; A.D. Mills; Dictionary of English Place-Names; Watts; Cambridge Dictionary of English Place-names
Heckfield,"Probably, 'high open land', but perhaps, 'hedge open land' or 'hatch open land'.","feld Old English - Open country, unencumbered ground (eg. land without trees as opposed to forest, level ground as opposed to hills, land without buildings); arable land (from late tenth century).; hēah Old English - A high place, a height.; hecen Old English - Gated, hurdled.; hecg Old English - A hedge.",Watts; Cambridge Dictionary of English Place-names; A.D. Mills; Dictionary of English Place-Names; Coates; Hampshire Place-names; E. Ekwall; Dictionary of English Place-Names
Herriard,"Possibly, 'army enclosure', but 'heathen enclosure' has also also been suggested. Perhaps the site of the Danish encampment before or after Aethelwulf's victory over them at Acleah (possibly Oakley) in 851, or after the Danes' defeat of the West Saxons at",garth C; geard Old English - A fence; an enclosure; a yard; a court-yard.; hærg Old English; here Old English - An army.; hir C,E. Ekwall; Dictionary of English Place-Names; Coates; Hampshire Place-names; A.D. Mills; Dictionary of English Place-Names; Watts; Cambridge Dictionary of English Place-names
Highclere,"'High Clere'. Clere is a name of unknown origins, possibly PrW, meaning 'bright'.",altus Latin - High.; clear C,A.D. Mills; Dictionary of English Place-Names; Watts; Cambridge Dictionary of English Place-names; E. Ekwall; Dictionary of English Place-Names; Coates; Hampshire Place-names
Hilsea,"Probably, 'holly island'.",hyles Old English - Holly.; īeg Old English,Watts; Cambridge Dictionary of English Place-names; A.D. Mills; Dictionary of English Place-Names; Coates; Hampshire Place-names; E. Ekwall; Dictionary of English Place-Names
Hinton Ampner,"'High farm/settlement'. It was held by the almoner of St. Swithin's, Winchester.","hēah Old English - A high place, a height.; tūn Old English - An enclosure; a farmstead; a village; an estate.",A.D. Mills; Dictionary of English Place-Names; E. Ekwall; Dictionary of English Place-Names; Watts; Cambridge Dictionary of English Place-names; Coates; Hampshire Place-names
Holdenhurst,'Holly wooded hill'.,holegn Old English - Holly.; hyrst Old English - A wooded hill.,E. Ekwall; Dictionary of English Place-Names; Watts; Cambridge Dictionary of English Place-names; A.D. Mills; Dictionary of English Place-Names; Coates; Hampshire Place-names
Holybourne,'Holy stream'.,"burna Old English - A stream.; hālig Old English - Holy, sacred, dedicated to sacred use (originally heathen, later Christian).",E. Ekwall; Dictionary of English Place-Names; A.D. Mills; Dictionary of English Place-Names; Watts; Cambridge Dictionary of English Place-names; Coates; Hampshire Place-names
Hordle,'Treasure hill'.,"hord Old English - Treasure.; hyll Old English - A hill, a natural eminence or elevated piece of ground.",A.D. Mills; Dictionary of English Place-Names; Watts; Cambridge Dictionary of English Place-names; E. Ekwall; Dictionary of English Place-Names; Coates; Hampshire Place-names
Houghton,'Hill-spur farm/settlement'.,hōh Old English - A heel; a sharply projecting piece of ground.; tūn Old English - An enclosure; a farmstead; a village; an estate.,A.D. Mills; Dictionary of English Place-Names; Coates; Hampshire Place-names; Watts; Cambridge Dictionary of English Place-names; E. Ekwall; Dictionary of English Place-Names
Hound,'Hoar-hound'.,hūne Old English - Hoarhound.,Watts; Cambridge Dictionary of English Place-names; E. Ekwall; Dictionary of English Place-Names; Coates; Hampshire Place-names; A.D. Mills; Dictionary of English Place-Names
Hunton,'Dog farm/settlement'.,"hund Old English - A hound, a dog.; tūn Old English - An enclosure; a farmstead; a village; an estate.",Watts; Cambridge Dictionary of English Place-names; A.D. Mills; Dictionary of English Place-Names; E. Ekwall; Dictionary of English Place-Names; Coates; Hampshire Place-names
Hursley,'Mare wood/clearing'.,"hyrse Old English - A mare.; lēah Old English - A forest, wood, glade, clearing; (later) a pasture, meadow.",Coates; Hampshire Place-names; E. Ekwall; Dictionary of English Place-Names; Watts; Cambridge Dictionary of English Place-names; A.D. Mills; Dictionary of English Place-Names
Hurstbourne Priors,"Perhaps, 'winding water-plant stream'. It was held by Winchester Priory.","burna Old English - A stream.; hyse Old English - A son, a youth; a shoot, a tendril.; priorie Middle English - A priory.",E. Ekwall; Dictionary of English Place-Names; Watts; Cambridge Dictionary of English Place-names; Coates; Hampshire Place-names; A.D. Mills; Dictionary of English Place-Names
Hurstbourne Tarrant,"Perhaps, 'winding water-plant stream'. It was held by Tarrant Abbey.","burna Old English - A stream.; hyse Old English - A son, a youth; a shoot, a tendril.",A.D. Mills; Dictionary of English Place-Names; E. Ekwall; Dictionary of English Place-Names; Watts; Cambridge Dictionary of English Place-names; Coates; Hampshire Place-names
Ibsley,'*Tibbi's/ *Ibbi's wood/clearing'.,"lēah Old English - A forest, wood, glade, clearing; (later) a pasture, meadow.; Personal name (Old English) Old English - Personal name",A.D. Mills; Dictionary of English Place-Names; Coates; Hampshire Place-names; Watts; Cambridge Dictionary of English Place-names; E. Ekwall; Dictionary of English Place-Names
Idsworth,'Idda's enclosure'.,Personal name (Old English) Old English - Personal name; worð Old English - An enclosure.,Watts; Cambridge Dictionary of English Place-names; A.D. Mills; Dictionary of English Place-Names; E. Ekwall; Dictionary of English Place-Names; Coates; Hampshire Place-names
Itchen Abbas,"Named after the River Itchen. It was held by the superior of St. Mary's Abbey, Winchester.",abbesse Middle English - An abbess.; River-name Unknown - River-name,Watts; Cambridge Dictionary of English Place-names; A.D. Mills; Dictionary of English Place-Names; E. Ekwall; Dictionary of English Place-Names; Coates; Hampshire Place-names
Itchen Stoke,'Itchen's outlying farm/settlement'.,"Place-name Unknown - Place-name; stoc Old English - A place, a secondary settlement.",A.D. Mills; Dictionary of English Place-Names; Coates; Hampshire Place-names; Watts; Cambridge Dictionary of English Place-names; E. Ekwall; Dictionary of English Place-Names
Kilmeston,'Coenhelm's/Kenhelm's farm/settlement'.,Personal name (Old English) Old English - Personal name; tūn Old English - An enclosure; a farmstead; a village; an estate.,A.D. Mills; Dictionary of English Place-Names; Watts; Cambridge Dictionary of English Place-names; E. Ekwall; Dictionary of English Place-Names; Coates; Hampshire Place-names
Kimpton,'Cyma's farm/settlement'.,-ing Old English - Place-name forming suffix.; Personal name (Old English) Old English - Personal name,Watts; Cambridge Dictionary of English Place-names; A.D. Mills; Dictionary of English Place-Names; Coates; Hampshire Place-names; E. Ekwall; Dictionary of English Place-Names
Kings Somborne,'Pig stream'. It was a royal possession.,"burna Old English - A stream.; cyning Old English - A king.; swīn Old English - A swine, a pig.",E. Ekwall; Dictionary of English Place-Names; A.D. Mills; Dictionary of English Place-Names; Coates; Hampshire Place-names; Watts; Cambridge Dictionary of English Place-names
Kings Worthy,'Enclosure'. It was a royal possession.,cyning Old English - A king.; worðig Old English - An enclosure.,E. Ekwall; Dictionary of English Place-Names; Watts; Cambridge Dictionary of English Place-names; Coates; Hampshire Place-names; A.D. Mills; Dictionary of English Place-Names
Kingsclere,"'King's Clere'. Clere is a name of unknown origins, possibly PrW, meaning 'bright'.",clear C; cyning Old English - A king.,Watts; Cambridge Dictionary of English Place-names; Coates; Hampshire Place-names; A.D. Mills; Dictionary of English Place-Names; E. Ekwall; Dictionary of English Place-Names
Kingsley,'King's wood/clearing'.,"cyning Old English - A king.; lēah Old English - A forest, wood, glade, clearing; (later) a pasture, meadow.",Coates; Hampshire Place-names; Watts; Cambridge Dictionary of English Place-names; A.D. Mills; Dictionary of English Place-Names; E. Ekwall; Dictionary of English Place-Names
Kinson,Cynestan's farm.,Cynestān Old English - Masculine personal name.; Personal name (Old English) Old English - Personal name; tūn Old English - An enclosure; a farmstead; a village; an estate.,
Knights Enham,"'Lamb homestead/village'. The place was assessed at 1.5 of a knight's fee. Also known as Alamein Village or Enham Alamein, after a rehabilitation centre for veterans established here after the WWI and re-endowed by the Egyptian government after the Britis","ēan Old English - A lamb.; hām Old English - A village, a village community, a manor, an estate, a homestead.; knight Middle English - A knight.",A.D. Mills; Dictionary of English Place-Names; E. Ekwall; Dictionary of English Place-Names; Coates; Hampshire Place-names; Watts; Cambridge Dictionary of English Place-names
Lainston,"'Leofwine's farm/settlement' or perhaps, 'arable farm/settlement'.","leyne Middle English - A layer, a trace of arable land.; Personal name (Old English) Old English - Personal name; tūn Old English - An enclosure; a farmstead; a village; an estate.",Coates; Hampshire Place-names; E. Ekwall; Dictionary of English Place-Names; A.D. Mills; Dictionary of English Place-Names; Watts; Cambridge Dictionary of English Place-names
Lasham,"'Lesser homestead/village' or perhaps, '*Leassa's homestead/village'.","hām Old English - A village, a village community, a manor, an estate, a homestead.; lǣssa Old English - Lesser, smaller.; Personal name (Old English) Old English - Personal name",Watts; Cambridge Dictionary of English Place-names; A.D. Mills; Dictionary of English Place-Names; E. Ekwall; Dictionary of English Place-Names; Coates; Hampshire Place-names
Laverstoke,'Lark outlying farm/settlement'.,"lāwerce Old English - A lark.; stoc Old English - A place, a secondary settlement.",A.D. Mills; Dictionary of English Place-Names; Coates; Hampshire Place-names; E. Ekwall; Dictionary of English Place-Names; Watts; Cambridge Dictionary of English Place-names
Leckford,'Channel ford'.,ford Old English - A ford.; leaht Old English - Probably: a channel.,A.D. Mills; Dictionary of English Place-Names; E. Ekwall; Dictionary of English Place-Names; Watts; Cambridge Dictionary of English Place-names; Coates; Hampshire Place-names
Linkenholt,'Bank wood'.,"hlinc Old English - A bank, a ledge; a terrace; a ledge of ploughland on a hillside; an unploughed strip between fields.; holt Old English - A wood. (Probably of a single species.)",Watts; Cambridge Dictionary of English Place-names; Coates; Hampshire Place-names; A.D. Mills; Dictionary of English Place-Names; E. Ekwall; Dictionary of English Place-Names
Liss,'Hall'.,lïs C,Coates; Hampshire Place-names; Watts; Cambridge Dictionary of English Place-names; A.D. Mills; Dictionary of English Place-Names; E. Ekwall; Dictionary of English Place-Names
Litchfield,"Originally, called Liveselle, the present form of the name may be transferred from Lichfield, Staffordshire. The second element is 'shelf'. 'Shelter', 'protection', 'slope' and 'gate' have been variously suggested as the specific.","hlid Old English - A slope.; hlīf Old English - Protection, shelter.; scelf Old English - A shelf, a shelving terrain; a pinnacle, battlement.",A.D. Mills; Dictionary of English Place-Names; E. Ekwall; Dictionary of English Place-Names; Watts; Cambridge Dictionary of English Place-names; Coates; Hampshire Place-names
Little Somborne,'Pig stream'.,"burna Old English - A stream.; parva Latin - Small.; swīn Old English - A swine, a pig.",Coates; Hampshire Place-names; Watts; Cambridge Dictionary of English Place-names; A.D. Mills; Dictionary of English Place-Names; E. Ekwall; Dictionary of English Place-Names
Littleton,'Little farm/settlement'.,"lȳtel Old English - Little, small.; tūn Old English - An enclosure; a farmstead; a village; an estate.",Coates; Hampshire Place-names; E. Ekwall; Dictionary of English Place-Names; A.D. Mills; Dictionary of English Place-Names; Watts; Cambridge Dictionary of English Place-names
Lockerley,'Keeper's wood/clearing'.,"lēah Old English - A forest, wood, glade, clearing; (later) a pasture, meadow.; lōcere Old English - A keeper, a shepherd.",Coates; Hampshire Place-names; E. Ekwall; Dictionary of English Place-Names; A.D. Mills; Dictionary of English Place-Names; Watts; Cambridge Dictionary of English Place-names
Long Sutton,'South farm/settlement'. 'Long' for the shape of the parish.,"lang Old English - Long, tall.; sūð Old English - South, southern.; tūn Old English - An enclosure; a farmstead; a village; an estate.",E. Ekwall; Dictionary of English Place-Names; Coates; Hampshire Place-names; Watts; Cambridge Dictionary of English Place-names; A.D. Mills; Dictionary of English Place-Names
Longparish,'Long parish'. A late name replacing an earlier Middleton (= middle farm/settlement).,lang Middle English - A long strip of land.; paroche Middle English - A parish.,Coates; Hampshire Place-names; E. Ekwall; Dictionary of English Place-Names; Watts; Cambridge Dictionary of English Place-names; A.D. Mills; Dictionary of English Place-Names
Longstock,'Outlying farm/settlement'. 'Long' is a later addition describing the shape of the parish.,"lang Old English - Long, tall.; stoc Old English - A place, a secondary settlement.",A.D. Mills; Dictionary of English Place-Names; Watts; Cambridge Dictionary of English Place-names; Coates; Hampshire Place-names; E. Ekwall; Dictionary of English Place-Names
Lymington,'Farm/settlement on the River Limen'.,River-name Unknown - River-name; tūn Old English - An enclosure; a farmstead; a village; an estate.,E. Ekwall; Dictionary of English Place-Names; A.D. Mills; Dictionary of English Place-Names; Coates; Hampshire Place-names; Watts; Cambridge Dictionary of English Place-names
Lyndhurst,'Lime-tree wooded hill'.,hyrst Old English - A wooded hill.; lind Old English - A lime-tree.,A.D. Mills; Dictionary of English Place-Names; Watts; Cambridge Dictionary of English Place-names; Coates; Hampshire Place-names; E. Ekwall; Dictionary of English Place-Names
Mapledurwell,'Maple-tree spring/stream'.,mapuldor Old English - A maple-tree.; wella Old English,Watts; Cambridge Dictionary of English Place-names; Coates; Hampshire Place-names; A.D. Mills; Dictionary of English Place-Names; E. Ekwall; Dictionary of English Place-Names
Martin,"Uncertain. 'Boundary farm/settlement' or perhaps, 'pool farm/settlement'.","mǣre Old English - A boundary, a border; (in field names) the balk of a ploughland.; mere Old English - A pond, a pool, a lake.; tūn Old English - An enclosure; a farmstead; a village; an estate.","Gover, Mawer and Stenton, The Place-Names of Wiltshire; A.D. Mills; Dictionary of English Place-Names; Watts; Cambridge Dictionary of English Place-names; E. Ekwall; Dictionary of English Place-Names"
Martyr Worthy,'Enclosure'. It was held by Henri le Martre (the 'marten' or 'weasel') in 1201.,Family name Unknown - Family name.; worðig Old English - An enclosure.,E. Ekwall; Dictionary of English Place-Names; Watts; Cambridge Dictionary of English Place-names; A.D. Mills; Dictionary of English Place-Names; Coates; Hampshire Place-names
Mattingley with Hazeley,'Wood/clearing of *Matta's people'. 'Brushwood hill'.,"-ingas Old English - The people of . . . ; the people called after . . .; hǣs Old English - Brushwood.; hyll Old English - A hill, a natural eminence or elevated piece of ground.; Personal name (Old English) Old English - Personal name",Watts; Cambridge Dictionary of English Place-names; E. Ekwall; Dictionary of English Place-Names; Coates; Hampshire Place-names; A.D. Mills; Dictionary of English Place-Names
Medstead,"Uncertain. 'Meadow place' or perhaps, '*Mede's place'.","mǣd Old English - A meadow.; Personal name (Old English) Old English - Personal name; stede Old English - A place, a site, a locality; a religious house or foundation; a place of communal activity; a farm, a dairy-farm, an estate.",Watts; Cambridge Dictionary of English Place-names; E. Ekwall; Dictionary of English Place-Names; A.D. Mills; Dictionary of English Place-Names; Coates; Hampshire Place-names
Melchet Park,'Bare wood'.,cē¸d C; mę̄l C,"Gover, Mawer and Stenton, The Place-Names of Wiltshire; E. Ekwall; Dictionary of English Place-Names; A.D. Mills; Dictionary of English Place-Names; Watts; Cambridge Dictionary of English Place-names"
Meonstoke,"Either, 'Meon's outlying farm/settlement' or 'River Meon outlying farm/settlement.","Place-name Unknown - Place-name; River-name Unknown - River-name; stoc Old English - A place, a secondary settlement.",A.D. Mills; Dictionary of English Place-Names; Watts; Cambridge Dictionary of English Place-names; Coates; Hampshire Place-names; E. Ekwall; Dictionary of English Place-Names
Micheldever,"'Big Dever' after the River Dever, tributary of the River Test.","micel Old English - Big, great.; River-name Unknown - River-name",E. Ekwall; Dictionary of English Place-Names; Coates; Hampshire Place-names; Watts; Cambridge Dictionary of English Place-names; A.D. Mills; Dictionary of English Place-Names
Michelmersh,'Big marsh'.,"mersc Old English - A marsh.; micel Old English - Big, great.",Coates; Hampshire Place-names; Watts; Cambridge Dictionary of English Place-names; A.D. Mills; Dictionary of English Place-Names; E. Ekwall; Dictionary of English Place-Names
Milford,'Mill ford'.,ford Old English - A ford.; myln Old English - A mill.,Watts; Cambridge Dictionary of English Place-names; E. Ekwall; Dictionary of English Place-Names; Coates; Hampshire Place-names; A.D. Mills; Dictionary of English Place-Names
Millbrook,'Mill brook'.,"brōc Old English - A brook, a stream.  (Used of a stream with a muddy bed and a visible sediment load.); myln Old English - A mill.",Coates; Hampshire Place-names; E. Ekwall; Dictionary of English Place-Names; A.D. Mills; Dictionary of English Place-Names; Watts; Cambridge Dictionary of English Place-names
Milton,'Middle farm/settlement'.,middel Old English - Middle.; tūn Old English - An enclosure; a farmstead; a village; an estate.,Coates; Hampshire Place-names; A.D. Mills; Dictionary of English Place-Names; Watts; Cambridge Dictionary of English Place-names; E. Ekwall; Dictionary of English Place-Names
Minstead,'Mint place'.,"minte Old English - Mint.; stede Old English - A place, a site, a locality; a religious house or foundation; a place of communal activity; a farm, a dairy-farm, an estate.",E. Ekwall; Dictionary of English Place-Names; Watts; Cambridge Dictionary of English Place-names; Coates; Hampshire Place-names; A.D. Mills; Dictionary of English Place-Names
Monk Sherborne,'Bright/clear stream'. A priory was founded here in the 12th century.,"burna Old English - A stream.; monke Middle English - A monk.; scīr Old English - A shire, a jurisdiction, an administrative district, a county.",A.D. Mills; Dictionary of English Place-Names; Coates; Hampshire Place-names; Watts; Cambridge Dictionary of English Place-names; E. Ekwall; Dictionary of English Place-Names
Monxton,'Monks' farm/settlement'.,munuc Old English - A monk.; tūn Old English - An enclosure; a farmstead; a village; an estate.,A.D. Mills; Dictionary of English Place-Names; Watts; Cambridge Dictionary of English Place-names; E. Ekwall; Dictionary of English Place-Names; Coates; Hampshire Place-names
Morestead,'Moor place'.,"mōr Old English - A marsh, barren upland.; stede Old English - A place, a site, a locality; a religious house or foundation; a place of communal activity; a farm, a dairy-farm, an estate.",Coates; Hampshire Place-names; Watts; Cambridge Dictionary of English Place-names; A.D. Mills; Dictionary of English Place-Names; E. Ekwall; Dictionary of English Place-Names
Mortimer West End,"This was formerly the west end of Stratfield Mortimer, Berkshire and held by the Mortimer family.",Family name Unknown - Family name.,Watts; Cambridge Dictionary of English Place-names; E. Ekwall; Dictionary of English Place-Names; Coates; Hampshire Place-names; A.D. Mills; Dictionary of English Place-Names
Mottisfont,"'Meeting-place spring', probably the spring at Mottisfont priory. 'Meeting-place' might be taken literally or refer metaphorically to the nearby confluence of the Rivers Dun and Test.","funta Old English - A spring.; mōt Old English - A meeting, an encounter: used of an assembly of people, or a river confluence.",A.D. Mills; Dictionary of English Place-Names; Coates; Hampshire Place-names; Watts; Cambridge Dictionary of English Place-names; E. Ekwall; Dictionary of English Place-Names
Nately Scures,'Wet wood/clearing'. It was held by the de Scures family.,"Family name Unknown - Family name.; lēah Old English - A forest, wood, glade, clearing; (later) a pasture, meadow.; næt Old English - Wet, moist.",Coates; Hampshire Place-names; A.D. Mills; Dictionary of English Place-Names; E. Ekwall; Dictionary of English Place-Names; Watts; Cambridge Dictionary of English Place-names
Neatham,'Cattle homestead/village'.,"hām Old English - A village, a village community, a manor, an estate, a homestead.; nēat Old English - Cattle.",Coates; Hampshire Place-names; A.D. Mills; Dictionary of English Place-Names; Watts; Cambridge Dictionary of English Place-names; E. Ekwall; Dictionary of English Place-Names
Nether and Over Wallop,"Uncertain, but probably pre-English in orgin. A PrW *Walopp of unknown meaning has been proposed. Other suggestions of OE origins, 'spring/stream valley' or 'wall valley', have been considered less likely.","hop Old English - A valley; a remote enclosed space; a piece of enclosed land in a fen; an enclosure in marsh or moor.; inferior Latin - Lower.; superior Latin - Higher, upper.; wall Old English; walu Old English - A ridge of earth or stone.; wella Old English",Coates; Hampshire Place-names; Watts; Cambridge Dictionary of English Place-names; E. Ekwall; Dictionary of English Place-Names; A.D. Mills; Dictionary of English Place-Names
New and Old Alresford,'Alder-tree ford'.,alor Old English - An alder-tree.; ford Old English - A ford.,E. Ekwall; Dictionary of English Place-Names; Coates; Hampshire Place-names; A.D. Mills; Dictionary of English Place-Names; Watts; Cambridge Dictionary of English Place-names
Newnham,'New homestead/village'.,"hām Old English - A village, a village community, a manor, an estate, a homestead.; nīwe Old English - New.",Watts; Cambridge Dictionary of English Place-names; A.D. Mills; Dictionary of English Place-Names; Coates; Hampshire Place-names; E. Ekwall; Dictionary of English Place-Names
Newton Valence,'New farm/settlement'. It was held by William de Valencia in 1250.,Family name Unknown - Family name.; nīwe Old English - New.; tūn Old English - An enclosure; a farmstead; a village; an estate.,E. Ekwall; Dictionary of English Place-Names; Coates; Hampshire Place-names; A.D. Mills; Dictionary of English Place-Names; Watts; Cambridge Dictionary of English Place-names
Newtown,"Originally, L. Nova villa, 'new town'.",nīwe Old English - New.; tūn Old English - An enclosure; a farmstead; a village; an estate.,A.D. Mills; Dictionary of English Place-Names; Watts; Cambridge Dictionary of English Place-names; Coates; Hampshire Place-names; E. Ekwall; Dictionary of English Place-Names
No Mans Land,An extra parochial place on the Hampshire border. The earliest references are the first edition OS map (1811) and the 1817 Wiltshire Parish Registers.,Place-name Unknown - Place-name,"A.D. Mills; Dictionary of English Place-Names; E. Ekwall; Dictionary of English Place-Names; Watts; Cambridge Dictionary of English Place-names; Gover, Mawer and Stenton, The Place-Names of Wiltshire"
North and South Charford,"Possibly, 'Cerdic's ford'. It has been associated with the 'Cerdices ford' of the Anglo-Saxon Chronicle. While Cerdic is a genuine personal name (and the name of a West Saxon prince), the reliability of the AS place-name and its location is doubtful and s",ford Old English - A ford.; Personal name (Old English) Old English - Personal name,Coates; Hampshire Place-names; Watts; Cambridge Dictionary of English Place-names; E. Ekwall; Dictionary of English Place-Names; A.D. Mills; Dictionary of English Place-Names
North and South Hayling,'*Haegel's people'.,-ingas Old English - The people of . . . ; the people called after . . .; Personal name (Old English) Old English - Personal name,Watts; Cambridge Dictionary of English Place-names; E. Ekwall; Dictionary of English Place-Names; A.D. Mills; Dictionary of English Place-Names; Coates; Hampshire Place-names
North and South Stoneham,'Stone homestead/village'.,"hām Old English - A village, a village community, a manor, an estate, a homestead.; stān Old English - A stone, stone, rock.",Coates; Hampshire Place-names; E. Ekwall; Dictionary of English Place-Names; A.D. Mills; Dictionary of English Place-Names; Watts; Cambridge Dictionary of English Place-names
North Baddesley,'*Baeddi's wood/clearing'.,"lēah Old English - A forest, wood, glade, clearing; (later) a pasture, meadow.; Personal name (Old English) Old English - Personal name",E. Ekwall; Dictionary of English Place-Names; Coates; Hampshire Place-names; A.D. Mills; Dictionary of English Place-Names; Watts; Cambridge Dictionary of English Place-names
North Waltham,'Forest homestead/village'. 'North' to distinguish from Bishops Waltham.,"hām Old English - A village, a village community, a manor, an estate, a homestead.; norð Old English - Northern, north.; wald Old English",A.D. Mills; Dictionary of English Place-Names; Coates; Hampshire Place-names; Watts; Cambridge Dictionary of English Place-names; E. Ekwall; Dictionary of English Place-Names
Northington,'North inhabitants' farm/settlement'.,"hǣme Old English - The inhabitants of a place.; norð Old English - Northern, north.; tūn Old English - An enclosure; a farmstead; a village; an estate.",Watts; Cambridge Dictionary of English Place-names; A.D. Mills; Dictionary of English Place-Names; Coates; Hampshire Place-names; E. Ekwall; Dictionary of English Place-Names
Nursling,'Nut-shell place'. The 8th century Benedictine monastery here was apparently called 'the Nutshell'.,-ing Old English - Place-name forming suffix.; hnutu Old English - A nut; topographically also a nut-bearing tree.; scell Old English,E. Ekwall; Dictionary of English Place-Names; Coates; Hampshire Place-names; Watts; Cambridge Dictionary of English Place-names; A.D. Mills; Dictionary of English Place-Names
Nutley,'Nut wood/clearing'.,"hnutu Old English - A nut; topographically also a nut-bearing tree.; wudu Old English - A wood; or wood, timber.",Watts; Cambridge Dictionary of English Place-names; A.D. Mills; Dictionary of English Place-Names; Coates; Hampshire Place-names; E. Ekwall; Dictionary of English Place-Names
Oakley,'Oak-tree wood/clearing'. The place was possibly the site of the battle between Aethwulf and the Danish host in 851 and recorded in the Anglo-Saxon Chronicles (versions A and E) as 'Acleah'.,"āc Old English - An oak-tree.; lēah Old English - A forest, wood, glade, clearing; (later) a pasture, meadow.",E. Ekwall; Dictionary of English Place-Names; Watts; Cambridge Dictionary of English Place-names; Coates; Hampshire Place-names; A.D. Mills; Dictionary of English Place-Names
Odiham,'Wooded homestead/village'.,"hām Old English - A village, a village community, a manor, an estate, a homestead.; wudig Old English - Wooded.",Coates; Hampshire Place-names; E. Ekwall; Dictionary of English Place-Names; A.D. Mills; Dictionary of English Place-Names; Watts; Cambridge Dictionary of English Place-names
Otterbourne,'Otter stream'.,burna Old English - A stream.; oter Old English - An otter.,Watts; Cambridge Dictionary of English Place-names; A.D. Mills; Dictionary of English Place-Names; E. Ekwall; Dictionary of English Place-Names; Coates; Hampshire Place-names
Overton,'Higher farm/settlement'.,tūn Old English - An enclosure; a farmstead; a village; an estate.; uferra Old English - Higher.,A.D. Mills; Dictionary of English Place-Names; E. Ekwall; Dictionary of English Place-Names; Watts; Cambridge Dictionary of English Place-names; Coates; Hampshire Place-names
Ovington,'Farm/settlement connected with Ufa'.,"-ingtūn Old English - A settlement called after, or connected with . . .; Personal name (Old English) Old English - Personal name",Watts; Cambridge Dictionary of English Place-names; A.D. Mills; Dictionary of English Place-Names; E. Ekwall; Dictionary of English Place-Names; Coates; Hampshire Place-names
Owslebury,"'*Osla's fortification' or perhaps, 'blackbird fortification'.","burh Old English - A fortified place.; ōsle Old English - An ouzel, a blackbird.; Personal name (Old English) Old English - Personal name",A.D. Mills; Dictionary of English Place-Names; Coates; Hampshire Place-names; Watts; Cambridge Dictionary of English Place-names; E. Ekwall; Dictionary of English Place-Names
Pamber,'Hill fold'.,"berg Old English; penn Old English - A small enclosure, a fold; later an enclosure for animals.",E. Ekwall; Dictionary of English Place-Names; Coates; Hampshire Place-names; A.D. Mills; Dictionary of English Place-Names; Watts; Cambridge Dictionary of English Place-names
Penton Grafton or Weyhill,"Originally, two separate places, but now Penton Grafton is the civil spelling of the parish and Weyhill is the ecclesiaastical spelling. 'Penny farm/settlement', ie., valued at a penny's rent. It was held by the Abbey of Grestein (Grefteyn, Gresteyn). 'Hi",hōh Old English - A heel; a sharply projecting piece of ground.; pening Old English - A penny; a penny rent.; tūn Old English - An enclosure; a farmstead; a village; an estate.; weg Old English - A road.,A.D. Mills; Dictionary of English Place-Names; Watts; Cambridge Dictionary of English Place-names; Coates; Hampshire Place-names; E. Ekwall; Dictionary of English Place-Names
Penton Mewsey,"'Penny farm/settlement', ie., valued at a penny's rent. It was held in 1212 by Robert de Meisy.",Family name Unknown - Family name.; pening Old English - A penny; a penny rent.; tūn Old English - An enclosure; a farmstead; a village; an estate.,Coates; Hampshire Place-names; A.D. Mills; Dictionary of English Place-Names; E. Ekwall; Dictionary of English Place-Names; Watts; Cambridge Dictionary of English Place-names
Perry Copse,The pear-tree.,atten Middle English - At the: used with masculine and neuter nouns.; pirige Old English - A pear-tree.,
Petersfield,"'St Peter's open land', after the dedication of the local church. A 12th century new town, Petersfield is thought unlikely to represent an earlier, 'Peohthere's open land'.","feld Old English - Open country, unencumbered ground (eg. land without trees as opposed to forest, level ground as opposed to hills, land without buildings); arable land (from late tenth century).; saint Modern English - A saint.",Watts; Cambridge Dictionary of English Place-names; A.D. Mills; Dictionary of English Place-Names; Coates; Hampshire Place-names; E. Ekwall; Dictionary of English Place-Names
Plaitford,"'Game ford', probably a ford near a place where games were played.",ford Old English - A ford.; pleget Old English - A place for games.,"E. Ekwall; Dictionary of English Place-Names; A.D. Mills; Dictionary of English Place-Names; Watts; Cambridge Dictionary of English Place-names; Gover, Mawer and Stenton, The Place-Names of Wiltshire"
Popham,"Uncertain. The second element is either 'homestead/village', the specific may be 'pebble', perhaps referring to the local drift geology, clay-with-flints.","hām Old English - A village, a village community, a manor, an estate, a homestead.; popel Old English - A pebble.",A.D. Mills; Dictionary of English Place-Names; Coates; Hampshire Place-names; E. Ekwall; Dictionary of English Place-Names; Watts; Cambridge Dictionary of English Place-names
Portchester,'Roman site at the port/harbour'.,"ceaster Old English - A city; an old fortification; a Roman site.; port Old English - A haven, a harbour.",A.D. Mills; Dictionary of English Place-Names; E. Ekwall; Dictionary of English Place-Names; Coates; Hampshire Place-names; Watts; Cambridge Dictionary of English Place-names
Portsea Island,'Port island'. 'Island' was added after OE 'eg' ceased to be understood.,"ēg Old English - An island.  In ancient settlement-names, most frequently refers to dry ground surrounded by marsh.  Also used of islands in modern sense.  In late OE names: well-watered land.; port Old English - A haven, a harbour.",E. Ekwall; Dictionary of English Place-Names; A.D. Mills; Dictionary of English Place-Names; Watts; Cambridge Dictionary of English Place-names; Coates; Hampshire Place-names
Portsmouth,'Port's mouth'.,"mūða Old English - The mouth of a large river, an estuary.; port Old English - A haven, a harbour.",Coates; Hampshire Place-names; Watts; Cambridge Dictionary of English Place-names; E. Ekwall; Dictionary of English Place-Names; A.D. Mills; Dictionary of English Place-Names
Portswood,"'Market town's wood', that is, the wood belonging to Southampton.","port Old English - A haven, a harbour.; wudu Old English - A wood; or wood, timber.",A.D. Mills; Dictionary of English Place-Names; Coates; Hampshire Place-names; E. Ekwall; Dictionary of English Place-Names; Watts; Cambridge Dictionary of English Place-names
Preston Candover,"'Priests' Candover'. The place is named after the Candover Brook, a tributary of the River Itchen.",prēost Old English - A priest.; River-name Unknown - River-name; tūn Old English - An enclosure; a farmstead; a village; an estate.,E. Ekwall; Dictionary of English Place-Names; Coates; Hampshire Place-names; A.D. Mills; Dictionary of English Place-Names; Watts; Cambridge Dictionary of English Place-names
Priors Dean,'Valley'. It was held by Southwick Priory.,denu Old English - A valley.; priorie Middle English - A priory.,Watts; Cambridge Dictionary of English Place-names; Coates; Hampshire Place-names; E. Ekwall; Dictionary of English Place-Names; A.D. Mills; Dictionary of English Place-Names
Privett,'Privet'.,pryfet Old English - A privet (copse).,Coates; Hampshire Place-names; A.D. Mills; Dictionary of English Place-Names; E. Ekwall; Dictionary of English Place-Names; Watts; Cambridge Dictionary of English Place-names
Quarley,"'Quern wood/clearing', perhaps a place where mill-stones were made or obtained.","cweorn Old English - A quern, a hand-mill; possibly also used of any mill.; lēah Old English - A forest, wood, glade, clearing; (later) a pasture, meadow.",A.D. Mills; Dictionary of English Place-Names; Watts; Cambridge Dictionary of English Place-names; E. Ekwall; Dictionary of English Place-Names; Coates; Hampshire Place-names
Rhinefield,'Rye open land'.,"feld Old English - Open country, unencumbered ground (eg. land without trees as opposed to forest, level ground as opposed to hills, land without buildings); arable land (from late tenth century).; ryge Old English - Rye.",Watts; Cambridge Dictionary of English Place-names; Coates; Hampshire Place-names; A.D. Mills; Dictionary of English Place-Names; E. Ekwall; Dictionary of English Place-Names
Ringwood,'Edge wood'.,"rimuc Old English - An edge, a border; perhaps a boundary.; wudu Old English - A wood; or wood, timber.",Coates; Hampshire Place-names; E. Ekwall; Dictionary of English Place-Names; A.D. Mills; Dictionary of English Place-Names; Watts; Cambridge Dictionary of English Place-names
Rockbourne,'Rook stream '.,burna Old English - A stream.; hrōc Old English - A rook.,E. Ekwall; Dictionary of English Place-Names; Coates; Hampshire Place-names; A.D. Mills; Dictionary of English Place-Names; Watts; Cambridge Dictionary of English Place-names
Romsey Extra and Infra,'*Rum's island'.,"ēg Old English - An island.  In ancient settlement-names, most frequently refers to dry ground surrounded by marsh.  Also used of islands in modern sense.  In late OE names: well-watered land.; extra Latin - Without, outside.; infra Latin - Below, lower.; Personal name (Old English) Old English - Personal name",A.D. Mills; Dictionary of English Place-Names; Watts; Cambridge Dictionary of English Place-names; E. Ekwall; Dictionary of English Place-Names; Coates; Hampshire Place-names
Ropley,'*Hroppa's wood/clearing'.,"lēah Old English - A forest, wood, glade, clearing; (later) a pasture, meadow.; Personal name (Old English) Old English - Personal name",Coates; Hampshire Place-names; A.D. Mills; Dictionary of English Place-Names; Watts; Cambridge Dictionary of English Place-names; E. Ekwall; Dictionary of English Place-Names
Rotherwick,'Cattle (specialised) farm'.,"hrīðer Old English - An ox, cattle.; wīc Old English - A dwelling; a building or collection of buildings for special purposes; a farm, a dairy farm; a trading or industrial settlement; or (in the plural) a hamlet, village.",Watts; Cambridge Dictionary of English Place-names; A.D. Mills; Dictionary of English Place-Names; Coates; Hampshire Place-names; E. Ekwall; Dictionary of English Place-Names
Rowner,'Rough bank'.,"ōra Old English - A shore, hill-slope; possibly also the foot of a slope.  (Used in place-names only in the parts of southern England where Jutish and West Saxon dialects were operative.); rūh Old English - Rough.",Coates; Hampshire Place-names; A.D. Mills; Dictionary of English Place-Names; E. Ekwall; Dictionary of English Place-Names; Watts; Cambridge Dictionary of English Place-names
Selborne,'Willow-copse stream'.,"burna Old English - A stream.; sele Old English - A dwelling, a house, a hall.",E. Ekwall; Dictionary of English Place-Names; Watts; Cambridge Dictionary of English Place-names; Coates; Hampshire Place-names; A.D. Mills; Dictionary of English Place-Names
Shalden,'Shallow valley'.,denu Old English - A valley.; sceald Old English - Shallow (especially of water).,Watts; Cambridge Dictionary of English Place-names; A.D. Mills; Dictionary of English Place-Names; Coates; Hampshire Place-names; E. Ekwall; Dictionary of English Place-Names
Sheet,'Corner'.,scīete Old English,Watts; Cambridge Dictionary of English Place-names; Coates; Hampshire Place-names; E. Ekwall; Dictionary of English Place-Names; A.D. Mills; Dictionary of English Place-Names
Sherbourne St. John,'Bright/clear stream'. It was held by Robert de Sancto Johanne in 1242.,"burna Old English - A stream.; scīr Old English - A shire, a jurisdiction, an administrative district, a county.",Watts; Cambridge Dictionary of English Place-names; E. Ekwall; Dictionary of English Place-Names; Coates; Hampshire Place-names; A.D. Mills; Dictionary of English Place-Names
Sherfield English,"'Bright open land' or perhaps, 'shire open land', as it is on the boundary with Wiltshire. It was held by Richard le Engleys ('the Englishman') in the 14th century.","Family name Unknown - Family name.; feld Old English - Open country, unencumbered ground (eg. land without trees as opposed to forest, level ground as opposed to hills, land without buildings); arable land (from late tenth century).; scīr Old English - A shire, a jurisdiction, an administrative district, a county.",Coates; Hampshire Place-names; E. Ekwall; Dictionary of English Place-Names; Watts; Cambridge Dictionary of English Place-names; A.D. Mills; Dictionary of English Place-Names
Sherfield upon Loddon,'Bright open land' on the River Loddon.,"feld Old English - Open country, unencumbered ground (eg. land without trees as opposed to forest, level ground as opposed to hills, land without buildings); arable land (from late tenth century).; scīr Old English - A shire, a jurisdiction, an administrative district, a county.",A.D. Mills; Dictionary of English Place-Names; Coates; Hampshire Place-names; Watts; Cambridge Dictionary of English Place-names; E. Ekwall; Dictionary of English Place-Names
Shipton Bellinger,'Sheep farm/settlement'. It was held by Ingelram Berenger in 1296.,Family name Unknown - Family name.; scēp Old English; tūn Old English - An enclosure; a farmstead; a village; an estate.,Coates; Hampshire Place-names; E. Ekwall; Dictionary of English Place-Names; Watts; Cambridge Dictionary of English Place-names; A.D. Mills; Dictionary of English Place-Names
Silchester,"Uncertain. Possibly, 'willow-copse Roman site', although this is generally disagreed with on ecological grounds. More likely, perhaps, is 'Roman site called Calleva (= wood)'.",ceaster Old English - A city; an old fortification; a Roman site.; celli C; sīeling Old English,A.D. Mills; Dictionary of English Place-Names; Rivet & Smith; Place-names of Roman Britain; E. Ekwall; Dictionary of English Place-Names; Watts; Cambridge Dictionary of English Place-names; Coates; Hampshire Place-names
Soberton,'South barley farm/settlement'.,"bere-tūn Old English - A barley enclosure, a barley farm; later a demesne farm, an outlying grange.; sūð Old English - South, southern.",Coates; Hampshire Place-names; A.D. Mills; Dictionary of English Place-Names; E. Ekwall; Dictionary of English Place-Names; Watts; Cambridge Dictionary of English Place-names
Sopley,"'*Soppa's wood/clearing' or perhaps, 'sop wood/clearing' in the sense of something steeped or soaked ( the place is adjacent to marshland). However, 'sop' does not seem to have acquired this more general meaning until much later.","lēah Old English - A forest, wood, glade, clearing; (later) a pasture, meadow.; Personal name (Old English) Old English - Personal name; soppa Old English - Sop.",A.D. Mills; Dictionary of English Place-Names; E. Ekwall; Dictionary of English Place-Names; Coates; Hampshire Place-names; Watts; Cambridge Dictionary of English Place-names
South Warnborough,"Perhaps, 'criminal stream', a place where criminals were traditionally punished by drowning in a stream. Alternatively, the first element may be dialectical, 'willow'.","burna Old English - A stream.; wearg Old English - A felon, a criminal, an outlaw.; werg Modern English",Coates; Hampshire Place-names; E. Ekwall; Dictionary of English Place-Names; A.D. Mills; Dictionary of English Place-Names; Watts; Cambridge Dictionary of English Place-names
Southampton,'South hemmed-in land farm/settlement'.,"hamm Old English - Land hemmed in by water or marsh (perhaps also by high ground); a river-meadow; cultivated plot on the edge of woodland or moor.; sūð Old English - South, southern.; tūn Old English - An enclosure; a farmstead; a village; an estate.",Coates; Hampshire Place-names; A.D. Mills; Dictionary of English Place-Names; E. Ekwall; Dictionary of English Place-Names; Watts; Cambridge Dictionary of English Place-names
Southwick,'South specialised farm'.,"sūð Old English - South, southern.; wīc Old English - A dwelling; a building or collection of buildings for special purposes; a farm, a dairy farm; a trading or industrial settlement; or (in the plural) a hamlet, village.",A.D. Mills; Dictionary of English Place-Names; Watts; Cambridge Dictionary of English Place-names; E. Ekwall; Dictionary of English Place-Names; Coates; Hampshire Place-names
Sparsholt,"Uncertain. 'Spar wood' or possibly, 'spear wood', perhaps referring to a place where these items were made or obtained or to an enclosure.","holt Old English - A wood. (Probably of a single species.); spearr Old English - A spar, a shaft, a rafter.; spere Old English - A spear, a spear-shaft; used in place-names in allusion to woods where such shafts were obtained.",A.D. Mills; Dictionary of English Place-Names; Watts; Cambridge Dictionary of English Place-names; E. Ekwall; Dictionary of English Place-Names; Coates; Hampshire Place-names
St. Mary Bourne,'Spring/stream'. A chapel here is dedicated to St. Mary.,burna Old English - A stream.; Saint's Name Unknown - Saint's name.,Coates; Hampshire Place-names; Watts; Cambridge Dictionary of English Place-names; E. Ekwall; Dictionary of English Place-Names; A.D. Mills; Dictionary of English Place-Names
Steep,'Steep'.,"stēap Old English - Steep, precipitous.",E. Ekwall; Dictionary of English Place-Names; Coates; Hampshire Place-names; Watts; Cambridge Dictionary of English Place-names; A.D. Mills; Dictionary of English Place-Names
Steventon,"Uncertain. 'Farm/settlement at Styficing (= tree stump place)' or perhaps, 'farm/settlement connected with *Stifa'.","-ing Old English - Place-name forming suffix.; -ingtūn Old English - A settlement called after, or connected with . . .; Personal name (Old English) Old English - Personal name; styfic Old English - A stump.; tūn Old English - An enclosure; a farmstead; a village; an estate.",A.D. Mills; Dictionary of English Place-Names; Watts; Cambridge Dictionary of English Place-names; Coates; Hampshire Place-names; E. Ekwall; Dictionary of English Place-Names
Stockbridge,'Tree-trunk bridge'.,"brycg Old English - A bridge; a causeway.; stocc Old English - A tree-trunk, a stump, a log of wood, a stock (esp. in boundary marks or place-names that denote structures made of logs); a set of stocks as an engine of punishment.",E. Ekwall; Dictionary of English Place-Names; Watts; Cambridge Dictionary of English Place-names; Coates; Hampshire Place-names; A.D. Mills; Dictionary of English Place-Names
Stoke Charity,'Outlying farm/settlement'. It was held by Henry de la Charite in 1276.,"Family name Unknown - Family name.; stoc Old English - A place, a secondary settlement.",Watts; Cambridge Dictionary of English Place-names; E. Ekwall; Dictionary of English Place-Names; A.D. Mills; Dictionary of English Place-Names; Coates; Hampshire Place-names
Stratfield Saye,"'Roman road open field'. It is on the Roman road from Silchester to London, and was held in 1227 by Robert de Say.","Family name Unknown - Family name.; feld Old English - Open country, unencumbered ground (eg. land without trees as opposed to forest, level ground as opposed to hills, land without buildings); arable land (from late tenth century).; strēt Old English",Coates; Hampshire Place-names; Watts; Cambridge Dictionary of English Place-names; A.D. Mills; Dictionary of English Place-Names; E. Ekwall; Dictionary of English Place-Names
Stratfield Turgis,'Roman road open land'. It is on the Roman road from Silchester to London was held by the Turgis family.,"Family name Unknown - Family name.; feld Old English - Open country, unencumbered ground (eg. land without trees as opposed to forest, level ground as opposed to hills, land without buildings); arable land (from late tenth century).; strēt Old English",Coates; Hampshire Place-names; A.D. Mills; Dictionary of English Place-Names; Watts; Cambridge Dictionary of English Place-names; E. Ekwall; Dictionary of English Place-Names
Swarraton,"Uncertain. 'Heavy ford farm/settlement' or perhaps, 'hide farm/settlement'.","swǣr Old English - Heavy.; sweard Old English - Hide, skin, rind.; tūn Old English - An enclosure; a farmstead; a village; an estate.; wæd Old English - A ford.",Coates; Hampshire Place-names; Watts; Cambridge Dictionary of English Place-names; A.D. Mills; Dictionary of English Place-Names; E. Ekwall; Dictionary of English Place-Names
Sway,"Uncertain. Possibly, 'track' or a lost river name, 'Sweg (= the noisy one)' but the name is has not yet been satisfactorily explained.","River-name Unknown - River-name; swæð Old English - A track, a pathway.",A.D. Mills; Dictionary of English Place-Names; Watts; Cambridge Dictionary of English Place-names; Coates; Hampshire Place-names; E. Ekwall; Dictionary of English Place-Names
Sydmonton,'Sidumann's farm/settlement'.,Personal name (Old English) Old English - Personal name; tūn Old English - An enclosure; a farmstead; a village; an estate.,Coates; Hampshire Place-names; Watts; Cambridge Dictionary of English Place-names; A.D. Mills; Dictionary of English Place-Names; E. Ekwall; Dictionary of English Place-Names
Tadley,'*Tada's wood/clearing'.,"lēah Old English - A forest, wood, glade, clearing; (later) a pasture, meadow.; Personal name (Old English) Old English - Personal name",A.D. Mills; Dictionary of English Place-Names; E. Ekwall; Dictionary of English Place-Names; Watts; Cambridge Dictionary of English Place-names; Coates; Hampshire Place-names
Tangley,"Literally, 'tong wood/clearing', it refers to three long promontories, or spits of land.","lēah Old English - A forest, wood, glade, clearing; (later) a pasture, meadow.; tang Old English - A tong, forceps.",Coates; Hampshire Place-names; E. Ekwall; Dictionary of English Place-Names; A.D. Mills; Dictionary of English Place-Names; Watts; Cambridge Dictionary of English Place-names
Thruxton,'Thorkell's farm/settlement'.,Personal name (Old Norse) Old Norse - Personal name; tūn Old English - An enclosure; a farmstead; a village; an estate.,Coates; Hampshire Place-names; E. Ekwall; Dictionary of English Place-Names; A.D. Mills; Dictionary of English Place-Names; Watts; Cambridge Dictionary of English Place-names
Tichborne,'Young goat stream'.,"burna Old English - A stream.; ticcen Old English - A kid, a young goat.",Watts; Cambridge Dictionary of English Place-names; Coates; Hampshire Place-names; A.D. Mills; Dictionary of English Place-Names; E. Ekwall; Dictionary of English Place-Names
Timsbury,'Timber fortification'.,"burh Old English - A fortified place.; timber Old English - Timber, trees; a wooden building.",Watts; Cambridge Dictionary of English Place-names; Coates; Hampshire Place-names; A.D. Mills; Dictionary of English Place-Names; E. Ekwall; Dictionary of English Place-Names
Titchfield,'Young goat open land'.,"feld Old English - Open country, unencumbered ground (eg. land without trees as opposed to forest, level ground as opposed to hills, land without buildings); arable land (from late tenth century).; ticcen Old English - A kid, a young goat.",E. Ekwall; Dictionary of English Place-Names; Watts; Cambridge Dictionary of English Place-names; A.D. Mills; Dictionary of English Place-Names; Coates; Hampshire Place-names
Toyd Farm and Allenford,"'Two hides' The earliest references date from the 16th century. The two farms here are on the Allen River, but it is thought that this may be a late back-formation from the place-name.","hīd Old English - A hide of land; an amount of land for the support of one free family and its dependants; a unit of valuation.; Obscure element Unknown - Obscure element; twī- Old English - Double, two.","E. Ekwall; Dictionary of English Place-Names; Watts; Cambridge Dictionary of English Place-names; Gover, Mawer and Stenton, The Place-Names of Wiltshire; A.D. Mills; Dictionary of English Place-Names"
Tufton,'Farm/settlement connected with *Toca/Tucca'.,"-ingtūn Old English - A settlement called after, or connected with . . .; Personal name (Old English) Old English - Personal name",Watts; Cambridge Dictionary of English Place-names; E. Ekwall; Dictionary of English Place-Names; A.D. Mills; Dictionary of English Place-Names; Coates; Hampshire Place-names
Tunworth,'Tunna's enclosure'.,Personal name (Old English) Old English - Personal name; worð Old English - An enclosure.,Watts; Cambridge Dictionary of English Place-names; A.D. Mills; Dictionary of English Place-Names; Coates; Hampshire Place-names; E. Ekwall; Dictionary of English Place-Names
Twyford,'Double ford'.,"ford Old English - A ford.; twī- Old English - Double, two.",E. Ekwall; Dictionary of English Place-Names; Coates; Hampshire Place-names; A.D. Mills; Dictionary of English Place-Names; Watts; Cambridge Dictionary of English Place-names
Up Nately,'Upper wet wood/clearing'.,"lēah Old English - A forest, wood, glade, clearing; (later) a pasture, meadow.; næt Old English - Wet, moist.; upper Middle English - Higher.",Watts; Cambridge Dictionary of English Place-names; E. Ekwall; Dictionary of English Place-Names; A.D. Mills; Dictionary of English Place-Names; Coates; Hampshire Place-names
Upham,'Upper homestead/village' or 'upper hemmed-in land'.,"hām Old English - A village, a village community, a manor, an estate, a homestead.; hamm Old English - Land hemmed in by water or marsh (perhaps also by high ground); a river-meadow; cultivated plot on the edge of woodland or moor.; upp Old English - Up, higher up, upon.",E. Ekwall; Dictionary of English Place-Names; Watts; Cambridge Dictionary of English Place-names; A.D. Mills; Dictionary of English Place-Names; Coates; Hampshire Place-names
Upper Clatford,'Burdock ford'.,"clāte Old English - Burdock, goose-grass.; ford Old English - A ford.",Watts; Cambridge Dictionary of English Place-names; A.D. Mills; Dictionary of English Place-Names; Coates; Hampshire Place-names; E. Ekwall; Dictionary of English Place-Names
Upper Eldon,Uncertain. 'Ella's hill' or 'Ella's valley'.,denu Old English - A valley.; dūn Old English - A hill.; Personal name (Old English) Old English - Personal name,A.D. Mills; Dictionary of English Place-Names; Coates; Hampshire Place-names; Watts; Cambridge Dictionary of English Place-names; E. Ekwall; Dictionary of English Place-Names
Upton Grey,'Higher farm/settlement'. It was held by John de Grey in 1260.,"Family name Unknown - Family name.; tūn Old English - An enclosure; a farmstead; a village; an estate.; upp Old English - Up, higher up, upon.",E. Ekwall; Dictionary of English Place-Names; Coates; Hampshire Place-names; A.D. Mills; Dictionary of English Place-Names; Watts; Cambridge Dictionary of English Place-names
Vernhams Dean,"'Ferny homestead/village' or 'ferny hemmed-in land' and 'valley'. Its not clear whether the 's' in Vernhams is genitival, pseudo-genitival or plural.","denu Old English - A valley.; fearn Old English - A fern; ferns; a ferny place.; hām Old English - A village, a village community, a manor, an estate, a homestead.; hamm Old English - Land hemmed in by water or marsh (perhaps also by high ground); a river-meadow; cultivated plot on the edge of woodland or moor.",Coates; Hampshire Place-names; A.D. Mills; Dictionary of English Place-Names; E. Ekwall; Dictionary of English Place-Names; Watts; Cambridge Dictionary of English Place-names
Warblington,"Probably, 'farm/settlement connected with Waerblith', a feminine name.","-ingtūn Old English - A settlement called after, or connected with . . .; Personal name (Old English) Old English - Personal name",Watts; Cambridge Dictionary of English Place-names; A.D. Mills; Dictionary of English Place-Names; Coates; Hampshire Place-names; E. Ekwall; Dictionary of English Place-Names
Warnford,"Uncertain. 'Stallion ford', 'wren ford' or perhaps, 'Waerna's ford'.",ford Old English - A ford.; Personal name (Old English) Old English - Personal name; wrǣna Old English - A stallion.; wrenna Old English - A wren.,A.D. Mills; Dictionary of English Place-Names; Watts; Cambridge Dictionary of English Place-names; Coates; Hampshire Place-names; E. Ekwall; Dictionary of English Place-Names
Weeke,'Specialised farm'.,"wīc Old English - A dwelling; a building or collection of buildings for special purposes; a farm, a dairy farm; a trading or industrial settlement; or (in the plural) a hamlet, village.",Watts; Cambridge Dictionary of English Place-names; E. Ekwall; Dictionary of English Place-Names; Coates; Hampshire Place-names; A.D. Mills; Dictionary of English Place-Names
West Meon,Named after the River Meon. 'West' to distinguish from East Meon.,River-name Unknown - River-name,Coates; Hampshire Place-names; Watts; Cambridge Dictionary of English Place-names; A.D. Mills; Dictionary of English Place-Names; E. Ekwall; Dictionary of English Place-Names
West Wellow,'Spring/stream enclosure'. 'West' to distinguish from East Wellow in Hampshire.,"haga Old English - A hedge; an enclosure; later a messuage, property.; wella Old English; west Old English - Western, west.","Coates; Hampshire Place-names; Watts; Cambridge Dictionary of English Place-names; A.D. Mills; Dictionary of English Place-Names; E. Ekwall; Dictionary of English Place-Names; Gover, Mawer and Stenton, The Place-Names of Wiltshire"
Westbourne,'Stream'. 'West' was added in the 14th century to distinguish from Eastbourne.,"burna Old English - A stream.; west Old English - Western, west.",Watts; Cambridge Dictionary of English Place-names; E. Ekwall; Dictionary of English Place-Names; Mawer et al.; Place-names of Sussex; A.D. Mills; Dictionary of English Place-Names
Weston Corbett,'West farm/settlement'. The Corbet family held land here in 1203.,"Family name Unknown - Family name.; tūn Old English - An enclosure; a farmstead; a village; an estate.; west Old English - Western, west.",E. Ekwall; Dictionary of English Place-Names; Coates; Hampshire Place-names; A.D. Mills; Dictionary of English Place-Names; Watts; Cambridge Dictionary of English Place-names
Weston Patrick,'West farm/settlement'. Paterik de Chaworces held land here in 1257.,"Family name Unknown - Family name.; tūn Old English - An enclosure; a farmstead; a village; an estate.; west Old English - Western, west.",Watts; Cambridge Dictionary of English Place-names; A.D. Mills; Dictionary of English Place-Names; E. Ekwall; Dictionary of English Place-Names; Coates; Hampshire Place-names
Wherwell,"'Cauldron spring/stream', in the sense of something bubbling. The Rivers Test and Dun merge here in apparently turbulent waters.","hwer Old English - A kettle, a cauldron.; wella Old English",E. Ekwall; Dictionary of English Place-Names; A.D. Mills; Dictionary of English Place-Names; Watts; Cambridge Dictionary of English Place-names; Coates; Hampshire Place-names
Whitchurch,'White church'.,"cirice Old English - A church.; hwīt Old English - White; in early Modern English sometimes ""infertile"" in contrast with black, ""fertile"".",Watts; Cambridge Dictionary of English Place-names; A.D. Mills; Dictionary of English Place-Names; Coates; Hampshire Place-names; E. Ekwall; Dictionary of English Place-Names
Whitsbury,'Wych-elm fortification'. There is an Iron Age hill-fort nearby.,burh Old English - A fortified place.; wice Old English - A wych-elm-tree.,"A.D. Mills; Dictionary of English Place-Names; Gover, Mawer and Stenton, The Place-Names of Wiltshire; E. Ekwall; Dictionary of English Place-Names; Watts; Cambridge Dictionary of English Place-names"
Wickham,"'Homestead/village associated with a Romano-British vicus (L. vicus, probably in the sense 'trading station')'.",wīc-hām Old English - A settlement associated with a Roman 'vicus'.,Watts; Cambridge Dictionary of English Place-names; Coates; Hampshire Place-names; A.D. Mills; Dictionary of English Place-Names; E. Ekwall; Dictionary of English Place-Names
Widley,'Wide wood/clearing'.,"lēah Old English - A forest, wood, glade, clearing; (later) a pasture, meadow.; wīd Old English - Wide, spacious.",Watts; Cambridge Dictionary of English Place-names; Coates; Hampshire Place-names; A.D. Mills; Dictionary of English Place-Names; E. Ekwall; Dictionary of English Place-Names
Wield,'Forest'.,wald Old English,Coates; Hampshire Place-names; A.D. Mills; Dictionary of English Place-Names; Watts; Cambridge Dictionary of English Place-names; E. Ekwall; Dictionary of English Place-Names
Winchester,"'Roman site called Venta'. Identified with Ptolemy's Venta Belgarum ('Venta of the Belgae'). It is most likely that the first element is Celtic rather than Latin in origin, but the etymology remains an unsolved problem.",ceaster Old English - A city; an old fortification; a Roman site.; u̥entā C,E. Ekwall; Dictionary of English Place-Names; Rivet & Smith; Place-names of Roman Britain; A.D. Mills; Dictionary of English Place-Names; Watts; Cambridge Dictionary of English Place-names; Coates; Hampshire Place-names
Winchfield,'Nook of open land' or 'corner of open land'.,"feld Old English - Open country, unencumbered ground (eg. land without trees as opposed to forest, level ground as opposed to hills, land without buildings); arable land (from late tenth century).; wincel Old English - A nook, a corner.",Watts; Cambridge Dictionary of English Place-names; E. Ekwall; Dictionary of English Place-Names; Coates; Hampshire Place-names; A.D. Mills; Dictionary of English Place-Names
Winnal,'Willow-tree nook of land'.,"halh Old English - A nook of land; a small valley; dry ground in marsh; a piece of land projecting from, or detached from, the main area of its administrative unit.; wilig Old English",Watts; Cambridge Dictionary of English Place-names; E. Ekwall; Dictionary of English Place-Names; Coates; Hampshire Place-names; A.D. Mills; Dictionary of English Place-Names
Winslade,'Wine's spring/watercourse'.,flōde Old English - A channel of water; an intermittent spring.; Personal name (Old English) Old English - Personal name,E. Ekwall; Dictionary of English Place-Names; Watts; Cambridge Dictionary of English Place-names; A.D. Mills; Dictionary of English Place-Names; Coates; Hampshire Place-names
Wolverton,'Wulfhere's farm/settlement'.,Personal name (Old English) Old English - Personal name; tūn Old English - An enclosure; a farmstead; a village; an estate.,A.D. Mills; Dictionary of English Place-Names; Coates; Hampshire Place-names; E. Ekwall; Dictionary of English Place-Names; Watts; Cambridge Dictionary of English Place-names
Wonston,'Wynsige's farm/settlement'.,Personal name (Old English) Old English - Personal name; tūn Old English - An enclosure; a farmstead; a village; an estate.,A.D. Mills; Dictionary of English Place-Names; Watts; Cambridge Dictionary of English Place-names; Coates; Hampshire Place-names; E. Ekwall; Dictionary of English Place-Names
Woodcott,'Wood cottage(s)'.,"cot Old English - A cottage, a hut, a shelter, a den.; wudu Old English - A wood; or wood, timber.",A.D. Mills; Dictionary of English Place-Names; E. Ekwall; Dictionary of English Place-Names; Watts; Cambridge Dictionary of English Place-names; Coates; Hampshire Place-names
Woodgreen,An extra-parochial place named from Godshill Inclosure. 'Green' is commonly used in in southern counties to refer to outlying settlements.,Place-name Unknown - Place-name,E. Ekwall; Dictionary of English Place-Names; Coates; Hampshire Place-names; Watts; Cambridge Dictionary of English Place-names; A.D. Mills; Dictionary of English Place-Names
Woodmancott,'Woodsmen's cottage(s).,"cot Old English - A cottage, a hut, a shelter, a den.; wudu-mann Old English - A woodsman, a forester.",Coates; Hampshire Place-names; E. Ekwall; Dictionary of English Place-Names; Watts; Cambridge Dictionary of English Place-names; A.D. Mills; Dictionary of English Place-Names
Wooton St. Lawrence,'Wood farm/settlement'. The church is dedicated to St. Lawrence.,"Saint's Name Unknown - Saint's name.; tūn Old English - An enclosure; a farmstead; a village; an estate.; wudu Old English - A wood; or wood, timber.",Coates; Hampshire Place-names; E. Ekwall; Dictionary of English Place-Names; A.D. Mills; Dictionary of English Place-Names; Watts; Cambridge Dictionary of English Place-names
Worting,"Uncertain. It has been suggested that this is a folk-name, 'Wyrtingas' (960), but there are no known personal names which fit, although *Wyrta, based on OE wyrt, 'plant, vegetable' is possible or one related to 'Wyrtel'. Alternatively, it may be 'vegetabl","-ing Old English - Place-name forming suffix.; -ingas Old English - The people of . . . ; the people called after . . .; wyrt Old English - A plant, a vegetable.",A.D. Mills; Dictionary of English Place-Names; E. Ekwall; Dictionary of English Place-Names; Watts; Cambridge Dictionary of English Place-names; Coates; Hampshire Place-names
Wymering,'Wigmaer's people'.,-ingas Old English - The people of . . . ; the people called after . . .; Personal name (Old English) Old English - Personal name,Coates; Hampshire Place-names; A.D. Mills; Dictionary of English Place-Names; E. Ekwall; Dictionary of English Place-Names; Watts; Cambridge Dictionary of English Place-names
Yateley,"'Gate wood/clearing' or perhaps, 'Geata's wood/clearing'.","geat Old English - A hole, an opening, a gap, a pass, a passage; a gate(way).; lēah Old English - A forest, wood, glade, clearing; (later) a pasture, meadow.",A.D. Mills; Dictionary of English Place-Names; Watts; Cambridge Dictionary of English Place-names; E. Ekwall; Dictionary of English Place-Names; Coates; Hampshire Place-names
