PlaceName,Etymology,Derivation,ReferenceTitle
Acol,'Oak wood'.,āc Old English - An oak-tree.; holt Old English - A wood. (Probably of a single species.),"Cullen; The Place-names of the Lathes of St Augustine and Shipway, Kent; A.D. Mills; Dictionary of English Place-Names; Watts; Cambridge Dictionary of English Place-names; Cameron; Dictionary of Lincolnshire Place-names; Wallenberg; The Place-Names of Kent; E. Ekwall; Dictionary of English Place-Names"
Acrise,'Oak brushwood'.,"āc Old English - An oak-tree.; hrīs Old English - Shrubs, brushwood.","Wallenberg; The Place-Names of Kent; E. Ekwall; Dictionary of English Place-Names; Cullen; The Place-names of the Lathes of St Augustine and Shipway, Kent; Watts; Cambridge Dictionary of English Place-names"
Addington,'Farm/settlement connected with Eadda or,"-ing- Old English - Connective particle, linking a first element to a final element.; Personal name (Old English) Old English - Personal name; tūn Old English - An enclosure; a farmstead; a village; an estate.",Wallenberg; The Place-Names of Kent; A.D. Mills; Dictionary of English Place-Names; E. Ekwall; Dictionary of English Place-Names; Watts; Cambridge Dictionary of English Place-names
Adisham,'*Ead(i)'s homestead/village'. *Ead/*Eadi is a monothematic masculine personal name.,"hām Old English - A village, a village community, a manor, an estate, a homestead.; Personal name (Old English) Old English - Personal name","E. Ekwall; Dictionary of English Place-Names; Ekwall; Studies1; Watts; Cambridge Dictionary of English Place-names; Cullen; The Place-names of the Lathes of St Augustine and Shipway, Kent; A.D. Mills; Dictionary of English Place-Names; Wallenberg; The Place-Names of Kent; Wallenberg; Kentish Place-Names"
Aldington,'Farm/settlement connected with Ealda'. Ealda is a monothematic masculine personal name.,"-ing- Old English - Connective particle, linking a first element to a final element.; Personal name (Old English) Old English - Personal name; tūn Old English - An enclosure; a farmstead; a village; an estate.","Wallenberg; The Place-Names of Kent; A.D. Mills; Dictionary of English Place-Names; E. Ekwall; Dictionary of English Place-Names; Cullen; The Place-names of the Lathes of St Augustine and Shipway, Kent; Watts; Cambridge Dictionary of English Place-names"
Alkham,"Probably 'homestead/village in a sheltered place', possibly 'homestead/village near a heathen temple (or used as a sanctuary)'.","alh Old English; hām Old English - A village, a village community, a manor, an estate, a homestead.","E. Ekwall; Dictionary of English Place-Names; Cullen; The Place-names of the Lathes of St Augustine and Shipway, Kent; Everitt; Continuity and Colonization; Wallenberg; The Place-Names of Kent; Ekwall; Studies1; A.D. Mills; Dictionary of English Place-Names; Watts; Cambridge Dictionary of English Place-names"
Allington,'Farm/settlement connected with,"-ing- Old English - Connective particle, linking a first element to a final element.; Personal name (Old English) Old English - Personal name; tūn Old English - An enclosure; a farmstead; a village; an estate.",Watts; Cambridge Dictionary of English Place-names; Wallenberg; The Place-Names of Kent; A.D. Mills; Dictionary of English Place-Names; E. Ekwall; Dictionary of English Place-Names
Appledore,'Apple-tree'.,apuldor Old English - An apple-tree.,Watts; Cambridge Dictionary of English Place-names; E. Ekwall; Dictionary of English Place-Names; Wallenberg; Kentish Place-Names; A.D. Mills; Dictionary of English Place-Names; The Vocabulary of English Place-Names; Wallenberg; The Place-Names of Kent
Ash,'Ash-tree'. This is Ash-next-Sandwich; the name recurs in Ash-next-Ridley.,æsc Old English,"Cullen; The Place-names of the Lathes of St Augustine and Shipway, Kent; E. Ekwall; Dictionary of English Place-Names; A.D. Mills; Dictionary of English Place-Names; Wallenberg; The Place-Names of Kent; Watts; Cambridge Dictionary of English Place-names"
Ash,'Ash-tree'. This is Ash-next-Ridley; the name recurs in Ash-next-Sandwich.,æsc Old English,Wallenberg; The Place-Names of Kent; E. Ekwall; Dictionary of English Place-Names; Watts; Cambridge Dictionary of English Place-names; Winifred D. Abbott; Thesis on Kent
Ashford,'Ford by a clump of ash-trees'.,æscet Old English - A clump of ash-trees.; ford Old English - A ford.,"Wallenberg; The Place-Names of Kent; Cullen; The Place-names of the Lathes of St Augustine and Shipway, Kent; E. Ekwall; Dictionary of English Place-Names; Ekwall; English River-Names; A.D. Mills; Dictionary of English Place-Names; Watts; Cambridge Dictionary of English Place-names; Cameron; Dictionary of Lincolnshire Place-names"
Aylesford,'*,ford Old English - A ford.; Personal name (Old English) Old English - Personal name,Wallenberg; The Place-Names of Kent; A.D. Mills; Dictionary of English Place-Names; Cameron; Dictionary of Lincolnshire Place-names; Wallenberg; Kentish Place-Names; E. Ekwall; Dictionary of English Place-Names; Watts; Cambridge Dictionary of English Place-names
Badlesmere,'*B,"mere Old English - A pond, a pool, a lake.; Personal name (Old English) Old English - Personal name",E. Ekwall; Dictionary of English Place-Names; Cameron; Dictionary of Lincolnshire Place-names; A.D. Mills; Dictionary of English Place-Names; Wallenberg; The Place-Names of Kent; Watts; Cambridge Dictionary of English Place-names
Bapchild,'Bacca's spring'. Bacca is a monothematic masculine personal name.,celde Old English; Personal name (Old English) Old English - Personal name,E. Ekwall; Dictionary of English Place-Names; Watts; Cambridge Dictionary of English Place-names; Wallenberg; Kentish Place-Names; Cameron; Dictionary of Lincolnshire Place-names; A.D. Mills; Dictionary of English Place-Names; Wallenberg; The Place-Names of Kent; Ekwall; Studies1
Barfrestone,Probably 'Beorhtfri,Personal name (Old English) Old English - Personal name; tūn Old English - An enclosure; a farmstead; a village; an estate.,"Watts; Cambridge Dictionary of English Place-names; A.D. Mills; Dictionary of English Place-Names; Wallenberg; Kentish Place-Names; E. Ekwall; Dictionary of English Place-Names; Cullen; The Place-names of the Lathes of St Augustine and Shipway, Kent; Wallenberg; The Place-Names of Kent"
Barham,'*Be(o)ra's homestead/village'. *Be(o)ra is a monothematic masculine personal name.,"hām Old English - A village, a village community, a manor, an estate, a homestead.; Personal name (Old English) Old English - Personal name","E. Ekwall; Dictionary of English Place-Names; Watts; Cambridge Dictionary of English Place-names; Cullen; The Place-names of the Lathes of St Augustine and Shipway, Kent; Wallenberg; Kentish Place-Names; A.D. Mills; Dictionary of English Place-Names; Ekwall; Studies1; Wallenberg; The Place-Names of Kent"
Bearsted,'Homestead on a hill'.,"berg Old English; hām-stede Old English - A homestead, the site of a dwelling.",Wallenberg; The Place-Names of Kent; A.D. Mills; Dictionary of English Place-Names; Cameron; Dictionary of Lincolnshire Place-names; Wallenberg; Kentish Place-Names; E. Ekwall; Dictionary of English Place-Names; Watts; Cambridge Dictionary of English Place-names
Beckenham,'*Beohha's homestead/village' or '*Beohha's hemmed-in land'. *Beohha is a monothematic masculine personal name.,"hām Old English - A village, a village community, a manor, an estate, a homestead.; hamm Old English - Land hemmed in by water or marsh (perhaps also by high ground); a river-meadow; cultivated plot on the edge of woodland or moor.; Personal name (Old English) Old English - Personal name",E. Ekwall; Dictionary of English Place-Names; Watts; Cambridge Dictionary of English Place-names; Wallenberg; Kentish Place-Names; A.D. Mills; Dictionary of English Place-Names; Wallenberg; The Place-Names of Kent; Ekwall; Studies1; Mills; Dictionary of London Place-Names
Bekesbourne,"'(Estate called) Burna' [see Littlebourne], with later manorial affix from the de Beche family, here in the late 12th cent.",burna Old English - A stream.; Personal name (Uncertain) Unknown - Personal name,"Wallenberg; The Place-Names of Kent; Watts; Cambridge Dictionary of English Place-names; Cullen; The Place-names of the Lathes of St Augustine and Shipway, Kent; E. Ekwall; Dictionary of English Place-Names; A.D. Mills; Dictionary of English Place-Names; Cameron; Dictionary of Lincolnshire Place-names"
Benenden,'Woodland pasture connected with Bionna'. Bionna is a monothematic masculine personal name.,"-ing- Old English - Connective particle, linking a first element to a final element.; denn Old English; Personal name (Old English) Old English - Personal name",Watts; Cambridge Dictionary of English Place-names; A.D. Mills; Dictionary of English Place-Names; Cameron; Dictionary of Lincolnshire Place-names; Wallenberg; Kentish Place-Names; E. Ekwall; Dictionary of English Place-Names; Wallenberg; The Place-Names of Kent
Bethersden,'*Beaduric's woodland pasture'. *Beaduric is a dithematic masculine personal name.,denn Old English; Personal name (Old English) Old English - Personal name,"Watts; Cambridge Dictionary of English Place-names; Cullen; The Place-names of the Lathes of St Augustine and Shipway, Kent; Wallenberg; The Place-Names of Kent; A.D. Mills; Dictionary of English Place-Names; E. Ekwall; Dictionary of English Place-Names"
Betteshanger,"Perhaps 'wooded slope by a house or building', though the first element may rather be an OE monothematic masculine personal name *Byttel.","bytle Old English - A building, a house.; hangra Old English - A sloping wood.  (Used in settlement-names of a gentle rather than steep slope.); Personal name (Old English) Old English - Personal name","The Vocabulary of English Place-Names; Wallenberg; The Place-Names of Kent; A.D. Mills; Dictionary of English Place-Names; Cameron; Dictionary of Lincolnshire Place-names; E. Ekwall; Dictionary of English Place-Names; Cullen; The Place-names of the Lathes of St Augustine and Shipway, Kent; Watts; Cambridge Dictionary of English Place-names"
Bexley,'Box-tree wood/clearing'.,"byxe Old English - A box-tree; a box-thicket.; lēah Old English - A forest, wood, glade, clearing; (later) a pasture, meadow.",Wallenberg; The Place-Names of Kent; E. Ekwall; Dictionary of English Place-Names; Wallenberg; Kentish Place-Names; A.D. Mills; Dictionary of English Place-Names; The Vocabulary of English Place-Names; Watts; Cambridge Dictionary of English Place-names; Mills; Dictionary of London Place-Names
Bicknor,Probably 'slope below the pointed hill'.,"bica Old English - A woodpecker; a bill, a beak; a beak-like projection.; ōra Old English - A shore, hill-slope; possibly also the foot of a slope.  (Used in place-names only in the parts of southern England where Jutish and West Saxon dialects were operative.)",The Vocabulary of English Place-Names; Wallenberg; The Place-Names of Kent; A.D. Mills; Dictionary of English Place-Names; Cameron; Dictionary of Lincolnshire Place-names; Wallenberg; Kentish Place-Names; E. Ekwall; Dictionary of English Place-Names; Watts; Cambridge Dictionary of English Place-names; Winifred D. Abbott; Thesis on Kent
Bidborough,'*Bitta's hill'. *Bitta is a monothematic masculine personal name.,berg Old English; Personal name (Old English) Old English - Personal name,A.D. Mills; Dictionary of English Place-Names; Watts; Cambridge Dictionary of English Place-names; Wallenberg; The Place-Names of Kent; E. Ekwall; Dictionary of English Place-Names; Cameron; Dictionary of Lincolnshire Place-names
Biddenden,'Woodland pasture connected with *Bida'. *Bida is a monothematic masculine personal name.,"-ing- Old English - Connective particle, linking a first element to a final element.; denn Old English; Personal name (Old English) Old English - Personal name",Wallenberg; The Place-Names of Kent; A.D. Mills; Dictionary of English Place-Names; Wallenberg; Kentish Place-Names; E. Ekwall; Dictionary of English Place-Names; Watts; Cambridge Dictionary of English Place-names
Bilsington,'Bilswi,Personal name (Old English) Old English - Personal name; tūn Old English - An enclosure; a farmstead; a village; an estate.,"Cullen; The Place-names of the Lathes of St Augustine and Shipway, Kent; Watts; Cambridge Dictionary of English Place-names; E. Ekwall; Dictionary of English Place-Names; Wallenberg; The Place-Names of Kent; A.D. Mills; Dictionary of English Place-Names; Hough; Women in English Place-names"
Birchington,'Farm/settlement growing with birch-trees'.,"bircen Old English - Growing with birch-trees, birchen; used substantively to mean a place overgrown with birches, a birch copse.; tūn Old English - An enclosure; a farmstead; a village; an estate.","Watts; Cambridge Dictionary of English Place-names; A.D. Mills; Dictionary of English Place-Names; E. Ekwall; Dictionary of English Place-Names; Cullen; The Place-names of the Lathes of St Augustine and Shipway, Kent; Wallenberg; The Place-Names of Kent"
Bircholt,'Birch wood'.,birce Old English; holt Old English - A wood. (Probably of a single species.),"Cullen; The Place-names of the Lathes of St Augustine and Shipway, Kent; E. Ekwall; Dictionary of English Place-Names; Cameron; Dictionary of Lincolnshire Place-names; Watts; Cambridge Dictionary of English Place-names; Wallenberg; The Place-Names of Kent"
Birling,Probably 'people of *B,-ingas Old English - The people of . . . ; the people called after . . .; Personal name (Old English) Old English - Personal name,Ekwall; English place-names in -ing (2nd ed.); Watts; Cambridge Dictionary of English Place-names; E. Ekwall; Dictionary of English Place-Names; A.D. Mills; Dictionary of English Place-Names; Wallenberg; The Place-Names of Kent; Wallenberg; Kentish Place-Names
Bishopsbourne,"'(Estate called) Burna' [see Littlebourne], with later affix (OE biscop) from its possession by the Archbishop of Canterbury.",biscop Old English - A bishop.; burna Old English - A stream.,"Cullen; The Place-names of the Lathes of St Augustine and Shipway, Kent; Wallenberg; The Place-Names of Kent; Watts; Cambridge Dictionary of English Place-names; E. Ekwall; Dictionary of English Place-Names; Wallenberg; Kentish Place-Names; Cameron; Dictionary of Lincolnshire Place-names; A.D. Mills; Dictionary of English Place-Names"
Blackmanstone,'Bl,Personal name (Old English) Old English - Personal name; tūn Old English - An enclosure; a farmstead; a village; an estate.,"E. Ekwall; Dictionary of English Place-Names; Cullen; The Place-names of the Lathes of St Augustine and Shipway, Kent; Watts; Cambridge Dictionary of English Place-names; Wallenberg; The Place-Names of Kent"
Blean,Probably 'rough ground' (OE *blea in the dative form *blean). The Forest of Blean was early used as a tract of woodland pasture.,"blēa Old English - Course, rough ground.; Personal name (Uncertain) Unknown - Personal name","The Vocabulary of English Place-Names; E. Ekwall; Dictionary of English Place-Names; Cullen; The Place-names of the Lathes of St Augustine and Shipway, Kent; Watts; Cambridge Dictionary of English Place-names; Wallenberg; Kentish Place-Names; A.D. Mills; Dictionary of English Place-Names; Ekwall; Studies1; Wallenberg; The Place-Names of Kent"
Bobbing,'People of Bobba'. Bobba is a monothematic masculine personal name.,-ingas Old English - The people of . . . ; the people called after . . .; Personal name (Old English) Old English - Personal name,Wallenberg; The Place-Names of Kent; A.D. Mills; Dictionary of English Place-Names; Wallenberg; Kentish Place-Names; Ekwall; English place-names in -ing (2nd ed.); E. Ekwall; Dictionary of English Place-Names; Watts; Cambridge Dictionary of English Place-names
Bonnington,'Farm/settlement connected with Buna'. Buna is a monothematic masculine personal name.,"-ing- Old English - Connective particle, linking a first element to a final element.; Personal name (Old English) Old English - Personal name; tūn Old English - An enclosure; a farmstead; a village; an estate.","Cullen; The Place-names of the Lathes of St Augustine and Shipway, Kent; Wallenberg; The Place-Names of Kent; Watts; Cambridge Dictionary of English Place-names; A.D. Mills; Dictionary of English Place-Names; E. Ekwall; Dictionary of English Place-Names"
Borden,A difficult name. Probably either 'valley by a ridge' or 'woodland pasture by a ridge'.,"bor Old English - A hill, an eminence.; denn Old English; denu Old English - A valley.",Wallenberg; The Place-Names of Kent; A.D. Mills; Dictionary of English Place-Names; E. Ekwall; Dictionary of English Place-Names; Watts; Cambridge Dictionary of English Place-names; Winifred D. Abbott; Thesis on Kent
Borough Green,"ME grene 'green place' added to an earlier place-name of uncertain origin: probably either 'fortification' (OE burh) or 'borough, tithing' (OE borg).","berg Old English; borg Old English - A pledge, security.; burh Old English - A fortified place.",Wallenberg; The Place-Names of Kent; A.D. Mills; Dictionary of English Place-Names; Watts; Cambridge Dictionary of English Place-names
Boughton Aluph,"Either 'farm/estate where beech-trees grow' or 'farm/estate held by charter'. There are three other formally identical Boughtons in Kent, all parishes. Four occurrences of 'estate held by written title' seems the more likely option, particularly given the",bōc Old English - A beech-tree.; tūn Old English - An enclosure; a farmstead; a village; an estate.,"Wallenberg; The Place-Names of Kent; Watts; Cambridge Dictionary of English Place-names; Cullen; The Place-names of the Lathes of St Augustine and Shipway, Kent; A.D. Mills; Dictionary of English Place-Names; The Vocabulary of English Place-Names; E. Ekwall; Dictionary of English Place-Names"
Boughton Malherbe,"Either 'farm/estate where beech-trees grow' or 'farm/estate held by charter'. There are three other formally identical Boughtons in Kent, all parishes. Four occurrences of 'estate held by written title' seems the more likely option, particularly given the",bōc Old English - A beech-tree.; tūn Old English - An enclosure; a farmstead; a village; an estate.,The Vocabulary of English Place-Names; Wallenberg; The Place-Names of Kent; A.D. Mills; Dictionary of English Place-Names; E. Ekwall; Dictionary of English Place-Names; Watts; Cambridge Dictionary of English Place-names; Winifred D. Abbott; Thesis on Kent
Boughton Monchelsea,"Either 'farm/estate where beech-trees grow' or 'farm/estate held by charter'. There are three other formally identical Boughtons in Kent, all parishes. Four occurrences of 'estate held by written title' seems the more likely option, particularly given the",bōc Old English - A beech-tree.; tūn Old English - An enclosure; a farmstead; a village; an estate.,E. Ekwall; Dictionary of English Place-Names; Watts; Cambridge Dictionary of English Place-names; Winifred D. Abbott; Thesis on Kent; The Vocabulary of English Place-Names; Wallenberg; The Place-Names of Kent; A.D. Mills; Dictionary of English Place-Names
Boughton under Blean,"Either 'farm/estate where beech-trees grow' or 'farm/estate held by charter'. There are three other formally identical Boughtons in Kent, all parishes. Four occurrences of 'estate held by written title' seems the more likely option, particularly given the",bōc Old English - A beech-tree.; tūn Old English - An enclosure; a farmstead; a village; an estate.,Wallenberg; The Place-Names of Kent; E. Ekwall; Dictionary of English Place-Names; Watts; Cambridge Dictionary of English Place-names; The Vocabulary of English Place-Names
Boxley,'Box-tree wood/clearing'.,"box Old English - A box-tree.; lēah Old English - A forest, wood, glade, clearing; (later) a pasture, meadow.",The Vocabulary of English Place-Names; Watts; Cambridge Dictionary of English Place-names; E. Ekwall; Dictionary of English Place-Names; Cameron; Dictionary of Lincolnshire Place-names; Wallenberg; The Place-Names of Kent; A.D. Mills; Dictionary of English Place-Names
Brabourne,'Broad stream'.,"brād Old English - Broad, spacious, wide, large.; burna Old English - A stream.","A.D. Mills; Dictionary of English Place-Names; Cullen; The Place-names of the Lathes of St Augustine and Shipway, Kent; Watts; Cambridge Dictionary of English Place-names; Cameron; Dictionary of Lincolnshire Place-names; Wallenberg; The Place-Names of Kent; E. Ekwall; Dictionary of English Place-Names"
Brasted,'Broad place'.,"brād Old English - Broad, spacious, wide, large.; stede Old English - A place, a site, a locality; a religious house or foundation; a place of communal activity; a farm, a dairy-farm, an estate.",Wallenberg; The Place-Names of Kent; A.D. Mills; Dictionary of English Place-Names; E. Ekwall; Dictionary of English Place-Names; Watts; Cambridge Dictionary of English Place-names
Bredgar,'Broad triangular plot'.,"brād Old English - Broad, spacious, wide, large.; gāra Old English - A gore, a triangular plot of ground, a point of land.       (Ultimately derived from OE gar, ""spear"", meaning a piece of ground shaped like the head of a spear.)",Wallenberg; The Place-Names of Kent; A.D. Mills; Dictionary of English Place-Names; E. Ekwall; Dictionary of English Place-Names; Watts; Cambridge Dictionary of English Place-names
Bredhurst,"'Board wooded-hill', perhaps referring to a place were boards were made or obtained.","bred Old English - A plank, a board.; hyrst Old English - A wooded hill.",Cameron; Dictionary of Lincolnshire Place-names; E. Ekwall; Dictionary of English Place-Names; Watts; Cambridge Dictionary of English Place-names; The Vocabulary of English Place-Names; Wallenberg; The Place-Names of Kent; A.D. Mills; Dictionary of English Place-Names; Winifred D. Abbott; Thesis on Kent
Brenchley,Probably 'wood/clearing of a man called *Br,"lēah Old English - A forest, wood, glade, clearing; (later) a pasture, meadow.; Personal name (Old English) Old English - Personal name","Coates and Breeze, Celtic Voices English Places; Watts; Cambridge Dictionary of English Place-names; E. Ekwall; Dictionary of English Place-Names; Wallenberg; Kentish Place-Names; A.D. Mills; Dictionary of English Place-Names; Wallenberg; The Place-Names of Kent"
Brenzett,'Burnt fold or stable'.,"berned Old English - Burnt.; set Old English - A dwelling, a camp, a place for animals, a stable, a fold.","Watts; Cambridge Dictionary of English Place-names; A.D. Mills; Dictionary of English Place-Names; E. Ekwall; Dictionary of English Place-Names; Cullen; The Place-names of the Lathes of St Augustine and Shipway, Kent; Wallenberg; The Place-Names of Kent"
Bridge,'Bridge'. This is the point at which the Dover-Canterbury Roman road (Margary no. 1a) crosses the Nailbourne (the upper reaches of the Little Stour).,brycg Old English - A bridge; a causeway.,"E. Ekwall; Dictionary of English Place-Names; Watts; Cambridge Dictionary of English Place-names; Cullen; The Place-names of the Lathes of St Augustine and Shipway, Kent; Cameron; Dictionary of Lincolnshire Place-names; Wallenberg; The Place-Names of Kent; A.D. Mills; Dictionary of English Place-Names"
Bromley,'Wood/clearing where broom grows'.,"brōm Old English - Broom; a thorny bush or shrub.; lēah Old English - A forest, wood, glade, clearing; (later) a pasture, meadow.",Watts; Cambridge Dictionary of English Place-names; The Vocabulary of English Place-Names; Wallenberg; The Place-Names of Kent; A.D. Mills; Dictionary of English Place-Names; Mills; Dictionary of London Place-Names; Wallenberg; Kentish Place-Names; E. Ekwall; Dictionary of English Place-Names
Brook,'Brook'. A tributary of the River Stour runs through the parish.,"brōc Old English - A brook, a stream.  (Used of a stream with a muddy bed and a visible sediment load.)","Wallenberg; The Place-Names of Kent; Watts; Cambridge Dictionary of English Place-names; Cullen; The Place-names of the Lathes of St Augustine and Shipway, Kent; A.D. Mills; Dictionary of English Place-Names; Cameron; Dictionary of Lincolnshire Place-names; E. Ekwall; Dictionary of English Place-Names"
Brookland,"The interpretation of this name as '(newly-cultivated) land by a brook' is unsatisfactory. This is originally a simplex OE broc in the sense 'marsh' rather than 'stream', later alternating with ME brok-land 'marsh-land'. It is perhaps noteworthy that Broo","brōc Old English - A brook, a stream.  (Used of a stream with a muddy bed and a visible sediment load.); land Old English - Land (as part of earth's surface); an estate; possibly also new arable area.  In minor and field names: strip in a field-system.","The Vocabulary of English Place-Names; Wallenberg; The Place-Names of Kent; A.D. Mills; Dictionary of English Place-Names; Cameron; Dictionary of Lincolnshire Place-names; E. Ekwall; Dictionary of English Place-Names; Cullen; The Place-names of the Lathes of St Augustine and Shipway, Kent; Watts; Cambridge Dictionary of English Place-names"
Broomfield,'Open land where broom grows'.,"brōm Old English - Broom; a thorny bush or shrub.; feld Old English - Open country, unencumbered ground (eg. land without trees as opposed to forest, level ground as opposed to hills, land without buildings); arable land (from late tenth century).",Cameron; Dictionary of Lincolnshire Place-names; E. Ekwall; Dictionary of English Place-Names; Wallenberg; The Place-Names of Kent; The Vocabulary of English Place-Names; Watts; Cambridge Dictionary of English Place-names; A.D. Mills; Dictionary of English Place-Names
Buckland,"'Charter land', i.e. 'estate with certain rights and privileges created by an Anglo-Saxon royal diploma'. This is Buckland-near-Dover; the name recurs in Buckland-near-Faversham.",bōc-land Old English - Land granted by charter.,"Cullen; The Place-names of the Lathes of St Augustine and Shipway, Kent; Watts; Cambridge Dictionary of English Place-names; E. Ekwall; Dictionary of English Place-Names; Cameron; Dictionary of Lincolnshire Place-names; Wallenberg; The Place-Names of Kent"
Buckland,"'Charter land', i.e. 'estate with certain rights and privileges created by an Anglo-Saxon royal diploma'. This is Buckland-near-Faversham; the name recurs in Buckland-near-Dover.",bōc-land Old English - Land granted by charter.,Wallenberg; The Place-Names of Kent; Cameron; Dictionary of Lincolnshire Place-names; E. Ekwall; Dictionary of English Place-Names; Watts; Cambridge Dictionary of English Place-names
Burham,'Fortification homestead/village'.The significance is uncertain - perhaps 'homestead/village at or with a fortification' or 'homestead/village belonging to a fortification'?,"burh Old English - A fortified place.; hām Old English - A village, a village community, a manor, an estate, a homestead.",Wallenberg; Kentish Place-Names; Watts; Cambridge Dictionary of English Place-names; A.D. Mills; Dictionary of English Place-Names; Wallenberg; The Place-Names of Kent; Ekwall; Studies1; The Vocabulary of English Place-Names; E. Ekwall; Dictionary of English Place-Names
Burmarsh,'Marsh of the town-dwellers' (with OE burh-ware here referring to the people of Canterbury). Burmarsh belonged to St Augustine's in Canterbury from an early date.,burh-ware Old English - Town dwellers.; mersc Old English - A marsh.,"Watts; Cambridge Dictionary of English Place-names; Wallenberg; The Place-Names of Kent; A.D. Mills; Dictionary of English Place-Names; Cameron; Dictionary of Lincolnshire Place-names; Wallenberg; Kentish Place-Names; E. Ekwall; Dictionary of English Place-Names; Cullen; The Place-names of the Lathes of St Augustine and Shipway, Kent"
Canterbury,"'Fortification of the people of Kent'. This place was earlier called Durovernum (British *duro- 'a town with gateways, a walled town' + *uerno- 'an alder swamp, a marsh').",burh Old English - A fortified place.; Cantware Old English - The dwellers of Kent.,"Wallenberg; The Place-Names of Kent; Cullen; The Place-names of the Lathes of St Augustine and Shipway, Kent; E. Ekwall; Dictionary of English Place-Names; A.D. Mills; Dictionary of English Place-Names; Gelling; Signposts to the Past; Watts; Cambridge Dictionary of English Place-names; Wallenberg; Kentish Place-Names"
Capel,'Chapel'. Capel was once a chapelry in Tudeley parish.,capel Old French,Wallenberg; The Place-Names of Kent; E. Ekwall; Dictionary of English Place-Names; Watts; Cambridge Dictionary of English Place-names
Capel-le-Ferne,"'Chapel'. The addition, with French le '(at) the', may mean 'at the ferny place', from OE *ge-ferne, though an alternative derivation from OE *fyrh",capel Old French; fyrhðen Old English - Wooded.; le Old French - The.,"Watts; Cambridge Dictionary of English Place-names; Wallenberg; The Place-Names of Kent; A.D. Mills; Dictionary of English Place-Names; E. Ekwall; Dictionary of English Place-Names; Cullen; The Place-names of the Lathes of St Augustine and Shipway, Kent"
Chalk,'Chalk'.,calc Old English,Wallenberg; Kentish Place-Names; The Vocabulary of English Place-Names; E. Ekwall; Dictionary of English Place-Names; Wallenberg; The Place-Names of Kent; Watts; Cambridge Dictionary of English Place-names; A.D. Mills; Dictionary of English Place-Names
Challock,'(Place) at the enclosures for calves' (OE cealf in the genitive plural form cealfa with OE loca in the dative plural form locum).,calf Old English; loca Old English - An enclosure.,"Wallenberg; The Place-Names of Kent; A.D. Mills; Dictionary of English Place-Names; Forsberg 1950; Contribution (L); E. Ekwall; Dictionary of English Place-Names; Cullen; The Place-names of the Lathes of St Augustine and Shipway, Kent; Watts; Cambridge Dictionary of English Place-names"
Charing,"Probably OE *cerring 'a bend in a road'. The main road from London, upon arriving in Charing, forms a T-junction with routes to Canterbury or Lympne. Alternatively 'place connected with Ceorra'. Ceorra is a monothematic masculine personal name.",-ing Old English - Place-name forming suffix.; cerring Old English; Personal name (Old English) Old English - Personal name,"Ekwall; English place-names in -ing (2nd ed.); Watts; Cambridge Dictionary of English Place-names; E. Ekwall; Dictionary of English Place-Names; Wallenberg; Kentish Place-Names; A.D. Mills; Dictionary of English Place-Names; Wallenberg; The Place-Names of Kent; Cullen; The Place-names of the Lathes of St Augustine and Shipway, Kent"
Charlton,'Farm/estate of the freemen or peasants' (OE ceorl in the genitive plural form ceorla). The recurrent place-name C(h)arlton may have a specific administrative sense. This is Charlton-by-Dover; the name recurs in Charlton-next-Woolwich.,"ceorl Old English - A freeman of the lower class, a peasant.; tūn Old English - An enclosure; a farmstead; a village; an estate.","Wallenberg; The Place-Names of Kent; E. Ekwall; Dictionary of English Place-Names; Cullen; The Place-names of the Lathes of St Augustine and Shipway, Kent; Watts; Cambridge Dictionary of English Place-names"
Chart Sutton,"'Rough ground', with affix from nearby Sutton Valence.","cert Old English - Rough ground, stony ground.; Place-name Unknown - Place-name",Wallenberg; The Place-Names of Kent; A.D. Mills; Dictionary of English Place-Names; E. Ekwall; Dictionary of English Place-Names; Watts; Cambridge Dictionary of English Place-names
Chartham,"'Homestead/village in rough ground' (or perhaps more accurately 'homestead/village in the chartlands', if OE cert is in the genitive plural certa here).","cert Old English - Rough ground, stony ground.; hām Old English - A village, a village community, a manor, an estate, a homestead.","Ekwall; Studies1; Watts; Cambridge Dictionary of English Place-names; Cullen; The Place-names of the Lathes of St Augustine and Shipway, Kent; E. Ekwall; Dictionary of English Place-Names; Wallenberg; The Place-Names of Kent; A.D. Mills; Dictionary of English Place-Names"
Chatham,'Homestead/village in or by the wood'.,"cē¸d C; hām Old English - A village, a village community, a manor, an estate, a homestead.","Ekwall; Studies1; Wallenberg; The Place-Names of Kent; A.D. Mills; Dictionary of English Place-Names; Cameron; Dictionary of Lincolnshire Place-names; Wallenberg; Kentish Place-Names; E. Ekwall; Dictionary of English Place-Names; Coates and Breeze, Celtic Voices English Places; Watts; Cambridge Dictionary of English Place-names"
Chelsfield,'Ceol's open land'. Ceol is a monothematic masculine personal name.,"feld Old English - Open country, unencumbered ground (eg. land without trees as opposed to forest, level ground as opposed to hills, land without buildings); arable land (from late tenth century).; Personal name (Old English) Old English - Personal name",Wallenberg; The Place-Names of Kent; Cameron; Dictionary of Lincolnshire Place-names; E. Ekwall; Dictionary of English Place-Names; Watts; Cambridge Dictionary of English Place-names; A.D. Mills; Dictionary of English Place-Names; Mills; Dictionary of London Place-Names
Cheriton,'Church farm/estate'. The significance is uncertain - perhaps 'estate with a church' or 'estate belonging to a church'?,cirice Old English - A church.; tūn Old English - An enclosure; a farmstead; a village; an estate.,"Cullen; The Place-names of the Lathes of St Augustine and Shipway, Kent; Watts; Cambridge Dictionary of English Place-names; Ekwall; Studies1; Wallenberg; The Place-Names of Kent; E. Ekwall; Dictionary of English Place-Names"
Chevening,Possibly 'ridge place' or '(settlement of) the dwellers at the ridge'.,-ing Old English - Place-name forming suffix.; -ingas Old English - The people of . . . ; the people called after . . .; cev˜n C,"Watts; Cambridge Dictionary of English Place-names; Coates and Breeze, Celtic Voices English Places; E. Ekwall; Dictionary of English Place-Names; Ekwall; English place-names in -ing (2nd ed.); Wallenberg; The Place-Names of Kent; Winifred D. Abbott; Thesis on Kent; A.D. Mills; Dictionary of English Place-Names"
Chiddingstone,Possibly 'stone connected with *Cidd or Cidda'. *Cidd/Cidda is a monothematic masculine personal name.,"-ing- Old English - Connective particle, linking a first element to a final element.; Personal name (Old English) Old English - Personal name; stān Old English - A stone, stone, rock.",Watts; Cambridge Dictionary of English Place-names; E. Ekwall; Dictionary of English Place-Names; Wallenberg; The Place-Names of Kent; A.D. Mills; Dictionary of English Place-Names
Chilham,"'Homestead/village of *Cilla or Cille'. *Cilla is a monothematic masculine personal name, Cille is a monothematic feminine personal name. Alternatively the first element may be a hypothetical OE *cille 'a spring', though topographical support is not stron","hām Old English - A village, a village community, a manor, an estate, a homestead.; Personal name (Old English) Old English - Personal name","Ekwall; Studies1; Gelling; Signposts to the Past; Wallenberg; The Place-Names of Kent; A.D. Mills; Dictionary of English Place-Names; E. Ekwall; Dictionary of English Place-Names; Cullen; The Place-names of the Lathes of St Augustine and Shipway, Kent; Watts; Cambridge Dictionary of English Place-names"
Chillenden,'Ciolla's valley'. Ciolla is a monothematic masculine personal name. Chillenden sits in a long valley typical of OE denu.,denu Old English - A valley.; Personal name (Old English) Old English - Personal name,"Wallenberg; Kentish Place-Names; Cullen; The Place-names of the Lathes of St Augustine and Shipway, Kent; Watts; Cambridge Dictionary of English Place-names; E. Ekwall; Dictionary of English Place-Names; A.D. Mills; Dictionary of English Place-Names; Wallenberg; The Place-Names of Kent; Ekwall; Studies1; Cameron; Dictionary of Lincolnshire Place-names"
Chislehurst,'Gravelly wooded-hill'.,"cisel Old English - Gravel, shingle.; hyrst Old English - A wooded hill.",Watts; Cambridge Dictionary of English Place-names; Wallenberg; The Place-Names of Kent; A.D. Mills; Dictionary of English Place-Names; Mills; Dictionary of London Place-Names; Wallenberg; Kentish Place-Names; E. Ekwall; Dictionary of English Place-Names
Chislet,"The most plausible derivation of this difficult name is from OE cist 'a chest, a container' and OE ge-l",cistelet Old English - A chestnut copse.; lǣt Old English - A junction of roads.,"Cullen; The Place-names of the Lathes of St Augustine and Shipway, Kent; Watts; Cambridge Dictionary of English Place-names; E. Ekwall; Dictionary of English Place-Names; Forsberg 1950; Contribution (L); A.D. Mills; Dictionary of English Place-Names; Scottish Variants (unspecified); Wallenberg; The Place-Names of Kent; Wallenberg; Kentish Place-Names"
Cliffe,'Cliff'.,"clif Old English - An escarpment, a hill-slope; a river-bank.",Watts; Cambridge Dictionary of English Place-names; A.D. Mills; Dictionary of English Place-Names; Cameron; Dictionary of Lincolnshire Place-names; Wallenberg; Kentish Place-Names; E. Ekwall; Dictionary of English Place-Names; Wallenberg; The Place-Names of Kent
Cobham,'*Cobba's homestead/village' or '*Cobba's hemmed-in land'. *Cobba is a monothematic masculine personal name.,"hām Old English - A village, a village community, a manor, an estate, a homestead.; hamm Old English - Land hemmed in by water or marsh (perhaps also by high ground); a river-meadow; cultivated plot on the edge of woodland or moor.; Personal name (Old English) Old English - Personal name",Watts; Cambridge Dictionary of English Place-names; E. Ekwall; Dictionary of English Place-Names; Wallenberg; Kentish Place-Names; A.D. Mills; Dictionary of English Place-Names; Ekwall; Studies1; Winifred D. Abbott; Thesis on Kent; Wallenberg; The Place-Names of Kent
Coldred,'Clearing where coal is found or made'.,cōl Old English - Cool.; ryde Old English - A clearing.,"E. Ekwall; Dictionary of English Place-Names; Watts; Cambridge Dictionary of English Place-names; Cullen; The Place-names of the Lathes of St Augustine and Shipway, Kent; Cameron; Dictionary of Lincolnshire Place-names; A.D. Mills; Dictionary of English Place-Names; Wallenberg; The Place-Names of Kent; Wallenberg; Kentish Place-Names"
Cooling,'People of *Cul(a)'. *Cul(a) is a monothematic masculine personal name.,-ingas Old English - The people of . . . ; the people called after . . .; Personal name (Old English) Old English - Personal name,Wallenberg; The Place-Names of Kent; A.D. Mills; Dictionary of English Place-Names; Wallenberg; Kentish Place-Names; Ekwall; English place-names in -ing (2nd ed.); E. Ekwall; Dictionary of English Place-Names; Watts; Cambridge Dictionary of English Place-names
Cowden,'Woodland pasture where cows are kept'.,cū Old English - A cow.; denn Old English,E. Ekwall; Dictionary of English Place-Names; Watts; Cambridge Dictionary of English Place-names; A.D. Mills; Dictionary of English Place-Names; Wallenberg; The Place-Names of Kent; Cameron; Dictionary of Lincolnshire Place-names
Cranbrook,'Brook frequented by cranes'.,"brōc Old English - A brook, a stream.  (Used of a stream with a muddy bed and a visible sediment load.); cran Old English - A crane; probably also a heron or similar bird.",E. Ekwall; Dictionary of English Place-Names; The Vocabulary of English Place-Names; Watts; Cambridge Dictionary of English Place-names; Cameron; Dictionary of Lincolnshire Place-names; A.D. Mills; Dictionary of English Place-Names; Wallenberg; The Place-Names of Kent
Crayford,"'Ford over the River Cray' (a British river-name meaning 'fresh, clean').",ford Old English - A ford.; River-name Unknown - River-name,Cameron; Dictionary of Lincolnshire Place-names; Watts; Cambridge Dictionary of English Place-names; E. Ekwall; Dictionary of English Place-Names; Wallenberg; Kentish Place-Names; Scottish Variants (unspecified); Mills; Dictionary of London Place-Names; Wallenberg; The Place-Names of Kent; Gelling; Signposts to the Past; A.D. Mills; Dictionary of English Place-Names
Crundale,"'Chalk-pit, quarry'.","crundel Old English - A chalk-pit, a quarry, a gully.","Wallenberg; The Place-Names of Kent; A.D. Mills; Dictionary of English Place-Names; E. Ekwall; Dictionary of English Place-Names; Cullen; The Place-names of the Lathes of St Augustine and Shipway, Kent; Watts; Cambridge Dictionary of English Place-names"
Cudham,'Cuda's homestead/village'. Cuda is a monothematic masculine personal name.,"hām Old English - A village, a village community, a manor, an estate, a homestead.; Personal name (Old English) Old English - Personal name",Ekwall; Studies1; E. Ekwall; Dictionary of English Place-Names; Winifred D. Abbott; Thesis on Kent; Wallenberg; Kentish Place-Names; Wallenberg; The Place-Names of Kent; Watts; Cambridge Dictionary of English Place-names; A.D. Mills; Dictionary of English Place-Names; Mills; Dictionary of London Place-Names
Cuxton,'*Cucola's stone'. *Cucola is a monothematic masculine personal name.,"Personal name (Old English) Old English - Personal name; stān Old English - A stone, stone, rock.",Wallenberg; The Place-Names of Kent; A.D. Mills; Dictionary of English Place-Names; Wallenberg; Kentish Place-Names; E. Ekwall; Dictionary of English Place-Names; Watts; Cambridge Dictionary of English Place-names; Winifred D. Abbott; Thesis on Kent
Darenth,'(Estate on) the River Darent' (a Celtic river-name meaning 'river where oak-trees grow').,River-name Unknown - River-name,Wallenberg; Kentish Place-Names; E. Ekwall; Dictionary of English Place-Names; A.D. Mills; Dictionary of English Place-Names; Wallenberg; The Place-Names of Kent; Watts; Cambridge Dictionary of English Place-names
Dartford,'Ford over the River Darent' (a Celtic river-name meaning 'river where oak-trees grow').,ford Old English - A ford.; River-name Unknown - River-name,Wallenberg; The Place-Names of Kent; A.D. Mills; Dictionary of English Place-Names; Cameron; Dictionary of Lincolnshire Place-names; E. Ekwall; Dictionary of English Place-Names; Watts; Cambridge Dictionary of English Place-names
Davington,"Possibly 'farm/settlement connected with *Dafa' (*Dafa is a monothematic masculine personal name), though 'farm/settlement on the River *Dafen' (a Brittonic river-name identical with the Dane in Staffordshire/Cheshire) is an attractive alternative.","-ing- Old English - Connective particle, linking a first element to a final element.; Personal name (Old English) Old English - Personal name; River-name Unknown - River-name; tūn Old English - An enclosure; a farmstead; a village; an estate.",Wallenberg; The Place-Names of Kent; E. Ekwall; Dictionary of English Place-Names; Watts; Cambridge Dictionary of English Place-names
Deal,"'Pit, hollow'.",dæl Old English,"E. Ekwall; Dictionary of English Place-Names; Watts; Cambridge Dictionary of English Place-names; Cullen; The Place-names of the Lathes of St Augustine and Shipway, Kent; Wallenberg; The Place-Names of Kent; A.D. Mills; Dictionary of English Place-Names; Wallenberg; Kentish Place-Names; Cameron; Dictionary of Lincolnshire Place-names"
Denton,"'Valley farm/settlement'. The village lies in a long narrow valley, typical of OE denu. This is Denton-next-Wootton; the name recurs in Denton-next-Gravesend.",denu Old English - A valley.; tūn Old English - An enclosure; a farmstead; a village; an estate.,"Wallenberg; The Place-Names of Kent; Cameron; Dictionary of Lincolnshire Place-names; Wallenberg; Kentish Place-Names; E. Ekwall; Dictionary of English Place-Names; Cullen; The Place-names of the Lathes of St Augustine and Shipway, Kent; Watts; Cambridge Dictionary of English Place-names"
Denton,'Valley farm/settlement'. This is Denton-next-Gravesend; the name recurs in Denton-next-Wootton.,denu Old English - A valley.; tūn Old English - An enclosure; a farmstead; a village; an estate.,Wallenberg; Kentish Place-Names; E. Ekwall; Dictionary of English Place-Names; Watts; Cambridge Dictionary of English Place-names; Wallenberg; The Place-Names of Kent; Cameron; Dictionary of Lincolnshire Place-names
Detling,'People of *Dyttel'. *Dyttel is a monothematic masculine personal name.,-ingas Old English - The people of . . . ; the people called after . . .; Personal name (Old English) Old English - Personal name,Winifred D. Abbott; Thesis on Kent; Watts; Cambridge Dictionary of English Place-names; E. Ekwall; Dictionary of English Place-Names; Ekwall; English place-names in -ing (2nd ed.); Wallenberg; The Place-Names of Kent; A.D. Mills; Dictionary of English Place-Names
Ditton,'Ditch farm/settlement'. No ditch (or dyke) has been identified here.,"dīc Old English - A ditch, usually an excavated trench, either defensive or for drainage of water.; tūn Old English - An enclosure; a farmstead; a village; an estate.",E. Ekwall; Dictionary of English Place-Names; Wallenberg; Kentish Place-Names; A.D. Mills; Dictionary of English Place-Names; Wallenberg; The Place-Names of Kent; Watts; Cambridge Dictionary of English Place-names
Doddington,'Farm/settlement connected with Dudda or Dodda'. Dudda and Dodda are monothematic masculine personal names.,"-ing- Old English - Connective particle, linking a first element to a final element.; Personal name (Old English) Old English - Personal name; tūn Old English - An enclosure; a farmstead; a village; an estate.",Wallenberg; The Place-Names of Kent; A.D. Mills; Dictionary of English Place-Names; E. Ekwall; Dictionary of English Place-Names; Watts; Cambridge Dictionary of English Place-names
Dover,"Named from the stream here, now called the Dour, a Celtic river-name *dubras meaning simply 'the waters'.",River-name Unknown - River-name,"Coates and Breeze, Celtic Voices English Places; Watts; Cambridge Dictionary of English Place-names; Cullen; The Place-names of the Lathes of St Augustine and Shipway, Kent; E. Ekwall; Dictionary of English Place-Names; A.D. Mills; Dictionary of English Place-Names; Wallenberg; The Place-Names of Kent; Gelling; Signposts to the Past; Wallenberg; Kentish Place-Names"
Downe,"'Hill, down'.",dūn Old English - A hill.,Cameron; Dictionary of Lincolnshire Place-names; Watts; Cambridge Dictionary of English Place-names; E. Ekwall; Dictionary of English Place-Names; Mills; Dictionary of London Place-Names; A.D. Mills; Dictionary of English Place-Names; Wallenberg; The Place-Names of Kent
Dunkirk,"First recorded in 1790, a transferred name from Dunkerque in France. There are examples of the same name, originally given to places considered lawless or remote, in several counties. Dunkirk was an extra-parochial tract of thinly populated woodland (form",Place-name Unknown - Place-name,"A.D. Mills; Dictionary of English Place-Names; Cullen; The Place-names of the Lathes of St Augustine and Shipway, Kent; Watts; Cambridge Dictionary of English Place-names; Wallenberg; The Place-Names of Kent"
Dunton Green,'Farm/settlement connected with Dunn or Dunna'. Dunn(a) is a monothematic masculine personal name. Forms with Green (i.e. 'village green') have not been noted before 1819.,"-ing- Old English - Connective particle, linking a first element to a final element.; grēne Old English - Green, grass-grown.; Personal name (Old English) Old English - Personal name; tūn Old English - An enclosure; a farmstead; a village; an estate.",Watts; Cambridge Dictionary of English Place-names; Wallenberg; The Place-Names of Kent; A.D. Mills; Dictionary of English Place-Names
Dymchurch,'Judge's church'. It is noteworthy that in the Middle Ages Dymchurch was the seat of government of Romney Marsh.,cirice Old English - A church.,"Watts; Cambridge Dictionary of English Place-names; Cullen; The Place-names of the Lathes of St Augustine and Shipway, Kent; Wallenberg; The Place-Names of Kent; A.D. Mills; Dictionary of English Place-Names; E. Ekwall; Dictionary of English Place-Names"
East Barming,Origin and meaning uncertain. Later distinguished as 'east' in relation to adjacent West Barming.,"ēast Old English - Eastern, east.",Winifred D. Abbott; Thesis on Kent; Wallenberg; The Place-Names of Kent; A.D. Mills; Dictionary of English Place-Names; Ekwall; English place-names in -ing (2nd ed.); E. Ekwall; Dictionary of English Place-Names; Watts; Cambridge Dictionary of English Place-names
East Farleigh,'Wood/clearing where fern grows'. Later distinguished as 'east' in relation to adjacent West Farleigh.,"ēast Old English - Eastern, east.; fearn Old English - A fern; ferns; a ferny place.; lēah Old English - A forest, wood, glade, clearing; (later) a pasture, meadow.",Watts; Cambridge Dictionary of English Place-names; A.D. Mills; Dictionary of English Place-Names; Wallenberg; Kentish Place-Names; E. Ekwall; Dictionary of English Place-Names; Wallenberg; The Place-Names of Kent
East Langdon,'Long hill or down'. Later distinguished as 'east' in relation to adjacent West Langdon.,"dūn Old English - A hill.; ēast Old English - Eastern, east.; lang Old English - Long, tall.","Cameron; Dictionary of Lincolnshire Place-names; Wallenberg; The Place-Names of Kent; Wallenberg; Kentish Place-Names; Ekwall; Studies1; A.D. Mills; Dictionary of English Place-Names; E. Ekwall; Dictionary of English Place-Names; Watts; Cambridge Dictionary of English Place-names; Cullen; The Place-names of the Lathes of St Augustine and Shipway, Kent"
East Malling,'People of *Mealla'. *Mealla is a monothematic masculine personal name. Later distinguished as 'east' in relation to adjacent West Malling.,"-ingas Old English - The people of . . . ; the people called after . . .; ēast Old English - Eastern, east.; Personal name (Old English) Old English - Personal name",Wallenberg; The Place-Names of Kent; Winifred D. Abbott; Thesis on Kent; Watts; Cambridge Dictionary of English Place-names; E. Ekwall; Dictionary of English Place-Names; A.D. Mills; Dictionary of English Place-Names; Ekwall; English place-names in -ing (2nd ed.)
East Peckham,'Homestead/village at a peak'. Later distinguished as 'east' in relation to adjacent West Peckham.,"ēast Old English - Eastern, east.; hām Old English - A village, a village community, a manor, an estate, a homestead.; pēac Old English - A knoll, a hill, a peak.",Wallenberg; Kentish Place-Names; Ekwall; Studies1; E. Ekwall; Dictionary of English Place-Names; Watts; Cambridge Dictionary of English Place-names; Cameron; Dictionary of Lincolnshire Place-names; Wallenberg; The Place-Names of Kent; A.D. Mills; Dictionary of English Place-Names
East Sutton,'South farm/settlement'. Later distinguished as 'east' in relation to adjacent Sutton Valence. The name also recurs independently in Sutton (near Deal) and Sutton at Hone.,"ēast Old English - Eastern, east.; sūð Old English - South, southern.; tūn Old English - An enclosure; a farmstead; a village; an estate.",Wallenberg; The Place-Names of Kent; E. Ekwall; Dictionary of English Place-Names; Watts; Cambridge Dictionary of English Place-names
East Wickham,'Homestead/village associated with a Romano-British settlement'. Later distinguished as 'east' in relation to West Wickham (an independent name). The name also recurs in Wickhambreaux.,"ēast Old English - Eastern, east.; wīc-hām Old English - A settlement associated with a Roman 'vicus'.",Mills; Dictionary of London Place-Names; Watts; Cambridge Dictionary of English Place-names; Wallenberg; The Place-Names of Kent; Gelling; Signposts to the Past; Ekwall; Studies1; E. Ekwall; Dictionary of English Place-Names
Eastbridge,'East bridge'.,"brycg Old English - A bridge; a causeway.; ēast Old English - Eastern, east.","Watts; Cambridge Dictionary of English Place-names; Wallenberg; The Place-Names of Kent; Mills; Dictionary of London Place-Names; E. Ekwall; Dictionary of English Place-Names; Cullen; The Place-names of the Lathes of St Augustine and Shipway, Kent"
Eastchurch,'East church'.,"cirice Old English - A church.; ēast Old English - Eastern, east.",Wallenberg; The Place-Names of Kent; A.D. Mills; Dictionary of English Place-Names; E. Ekwall; Dictionary of English Place-Names; Watts; Cambridge Dictionary of English Place-names
Eastling,'People of Esla'. Esla is a monothematic masculine personal name.,-ingas Old English - The people of . . . ; the people called after . . .; Personal name (Old English) Old English - Personal name,Wallenberg; The Place-Names of Kent; Watts; Cambridge Dictionary of English Place-names; E. Ekwall; Dictionary of English Place-Names; A.D. Mills; Dictionary of English Place-Names; Ekwall; English place-names in -ing (2nd ed.)
Eastry,'Eastern district or region'.,ēastor Old English - Eastern.; gē Old English,"Gelling; Signposts to the Past; Wallenberg; The Place-Names of Kent; A.D. Mills; Dictionary of English Place-Names; Wallenberg; Kentish Place-Names; E. Ekwall; Dictionary of English Place-Names; Cullen; The Place-names of the Lathes of St Augustine and Shipway, Kent; Watts; Cambridge Dictionary of English Place-names"
Eastwell,'Spring'. Later distinguished as 'east' in relation to adjacent Westwell.,"ēast Old English - Eastern, east.; wella Old English","Cullen; The Place-names of the Lathes of St Augustine and Shipway, Kent; Watts; Cambridge Dictionary of English Place-names; Mills; Dictionary of London Place-Names; Wallenberg; The Place-Names of Kent; E. Ekwall; Dictionary of English Place-Names"
Ebony,Probably 'Ebba's island' or 'Ybba's island'. Ebba and Ybba are monothematic masculine personal names.,"ēg Old English - An island.  In ancient settlement-names, most frequently refers to dry ground surrounded by marsh.  Also used of islands in modern sense.  In late OE names: well-watered land.; Personal name (Old English) Old English - Personal name","Watts; Cambridge Dictionary of English Place-names; Ekwall; Studies1; Wallenberg; The Place-Names of Kent; Wallenberg; Kentish Place-Names; E. Ekwall; Dictionary of English Place-Names; Cullen; The Place-names of the Lathes of St Augustine and Shipway, Kent"
Edenbridge,'Eadhelm's bridge'. Eadhelm is a dithematic masculine personal name. The river-name Eden is a 'back-formation' from the place-name.,brycg Old English - A bridge; a causeway.; Personal name (Old English) Old English - Personal name,E. Ekwall; Dictionary of English Place-Names; Watts; Cambridge Dictionary of English Place-names; Wallenberg; Kentish Place-Names; A.D. Mills; Dictionary of English Place-Names; Wallenberg; The Place-Names of Kent; The Vocabulary of English Place-Names; Cameron; Dictionary of Lincolnshire Place-names
Egerton,'Farm/settlement connected with Ecgheard'. Ecgheard is a dithematic masculine personal name.,"-ing- Old English - Connective particle, linking a first element to a final element.; Personal name (Old English) Old English - Personal name; tūn Old English - An enclosure; a farmstead; a village; an estate.","Watts; Cambridge Dictionary of English Place-names; A.D. Mills; Dictionary of English Place-Names; E. Ekwall; Dictionary of English Place-Names; Cullen; The Place-names of the Lathes of St Augustine and Shipway, Kent; Wallenberg; The Place-Names of Kent"
Elham,Probably 'hemmed-in land where eels are found'. The second element is more likely to be OE hamm 'hemmed-in land' than OE ham 'village'. An alternative first element is OE ealh 'a temple'.,"alh Old English; ēl Old English; hām Old English - A village, a village community, a manor, an estate, a homestead.; hamm Old English - Land hemmed in by water or marsh (perhaps also by high ground); a river-meadow; cultivated plot on the edge of woodland or moor.","Watts; Cambridge Dictionary of English Place-names; Cullen; The Place-names of the Lathes of St Augustine and Shipway, Kent; E. Ekwall; Dictionary of English Place-Names; Cameron; Dictionary of Lincolnshire Place-names; A.D. Mills; Dictionary of English Place-Names; Ekwall; Studies1; Wallenberg; The Place-Names of Kent"
Elmley,'Elm-tree wood/clearing'.,"elm Old English - An elm-tree.; lēah Old English - A forest, wood, glade, clearing; (later) a pasture, meadow.",E. Ekwall; Dictionary of English Place-Names; Watts; Cambridge Dictionary of English Place-names; Wallenberg; The Place-Names of Kent; Winifred D. Abbott; Thesis on Kent; Cameron; Dictionary of Lincolnshire Place-names
Elmsted,'Elm-tree homestead'.,"elm Old English - An elm-tree.; hām-stede Old English - A homestead, the site of a dwelling.","Watts; Cambridge Dictionary of English Place-names; Wallenberg; The Place-Names of Kent; A.D. Mills; Dictionary of English Place-Names; E. Ekwall; Dictionary of English Place-Names; Cullen; The Place-names of the Lathes of St Augustine and Shipway, Kent"
Elmstone,',Personal name (Old English) Old English - Personal name; tūn Old English - An enclosure; a farmstead; a village; an estate.,"Watts; Cambridge Dictionary of English Place-names; Cullen; The Place-names of the Lathes of St Augustine and Shipway, Kent; E. Ekwall; Dictionary of English Place-Names; Wallenberg; The Place-Names of Kent; A.D. Mills; Dictionary of English Place-Names"
Erith,'Gravelly landing-place'.,"ēar Old English - Gravel, mud, earth.; hȳð Old English - A landing place on a river; an inland port.",Wallenberg; Kentish Place-Names; E. Ekwall; Dictionary of English Place-Names; Mills; Dictionary of London Place-Names; A.D. Mills; Dictionary of English Place-Names; Wallenberg; The Place-Names of Kent; Watts; Cambridge Dictionary of English Place-names
Eynsford,'*,ford Old English - A ford.; Personal name (Old English) Old English - Personal name,Wallenberg; Kentish Place-Names; Watts; Cambridge Dictionary of English Place-names; E. Ekwall; Dictionary of English Place-Names; A.D. Mills; Dictionary of English Place-Names; Wallenberg; The Place-Names of Kent; Cameron; Dictionary of Lincolnshire Place-names
Eythorne,'*Heahgy,Personal name (Old English) Old English - Personal name; þorn Old English - A hawthorn-tree.,"Wallenberg; The Place-Names of Kent; A.D. Mills; Dictionary of English Place-Names; Wallenberg; Kentish Place-Names; Hough; Women in English Place-names; E. Ekwall; Dictionary of English Place-Names; Cullen; The Place-names of the Lathes of St Augustine and Shipway, Kent; Watts; Cambridge Dictionary of English Place-names"
Fairfield,'Fair open land'.,"fæger Old English - Fair, beautiful, pleasant.; feld Old English - Open country, unencumbered ground (eg. land without trees as opposed to forest, level ground as opposed to hills, land without buildings); arable land (from late tenth century).","E. Ekwall; Dictionary of English Place-Names; Cullen; The Place-names of the Lathes of St Augustine and Shipway, Kent; Wallenberg; The Place-Names of Kent; Watts; Cambridge Dictionary of English Place-names; Cameron; Dictionary of Lincolnshire Place-names"
Farnborough,'Hill(s) or mound(s) growing with ferns'.,berg Old English; fearn Old English - A fern; ferns; a ferny place.,E. Ekwall; Dictionary of English Place-Names; Wallenberg; Kentish Place-Names; Mills; Dictionary of London Place-Names; Cameron; Dictionary of Lincolnshire Place-names; Wallenberg; The Place-Names of Kent; Watts; Cambridge Dictionary of English Place-names; The Vocabulary of English Place-Names; A.D. Mills; Dictionary of English Place-Names
Farningham,Possibly 'homestead/village of the dwellers among the ferns'.,"-ingas Old English - The people of . . . ; the people called after . . .; fearn Old English - A fern; ferns; a ferny place.; hām Old English - A village, a village community, a manor, an estate, a homestead.",Wallenberg; The Place-Names of Kent; A.D. Mills; Dictionary of English Place-Names; Wallenberg; Kentish Place-Names; Ekwall; English place-names in -ing (2nd ed.); E. Ekwall; Dictionary of English Place-Names; Watts; Cambridge Dictionary of English Place-names; Winifred D. Abbott; Thesis on Kent
Faversham,'Homestead/village of the smith'.,"fæfer Old English - A smith.; hām Old English - A village, a village community, a manor, an estate, a homestead.",Wallenberg; The Place-Names of Kent; Watts; Cambridge Dictionary of English Place-names; E. Ekwall; Dictionary of English Place-Names; Wallenberg; Kentish Place-Names; Gelling et al; The Names of Towns and Cities in Britain; Scottish Variants (unspecified); Gelling; Signposts to the Past; Ekwall; Studies1; A.D. Mills; Dictionary of English Place-Names
Fawkham,'*Fealcna's homestead/village'. *Fealcna is a monothematic masculine personal name.,"hām Old English - A village, a village community, a manor, an estate, a homestead.; Personal name (Old English) Old English - Personal name",Watts; Cambridge Dictionary of English Place-names; Ekwall; Studies1; Wallenberg; The Place-Names of Kent; A.D. Mills; Dictionary of English Place-Names; Wallenberg; Kentish Place-Names; E. Ekwall; Dictionary of English Place-Names
Folkestone,"Probably '*Folca's stone'. *Folca is a monothematic masculine personal name. The stone may have marked the meeting-place of Folkestone Hundred. A possible weak form *folce of OE folc 'people' is a tempting, though problematic, alternative first element (c","folc Old English - The people of a tribe or family, the common people.; Personal name (Old English) Old English - Personal name; stān Old English - A stone, stone, rock.","E. Ekwall; Dictionary of English Place-Names; Ekwall; Studies1; Cullen; The Place-names of the Lathes of St Augustine and Shipway, Kent; Watts; Cambridge Dictionary of English Place-names; Scottish Variants (unspecified); A.D. Mills; Dictionary of English Place-Names; Wallenberg; The Place-Names of Kent"
Foots Cray,"Named from the River Cray (a British river-name meaning 'fresh, clean'). Foots Cray was held by a man called Fot at the time of the Domesday Book.",Personal name (Uncertain) Unknown - Personal name; River-name Unknown - River-name,A.D. Mills; Dictionary of English Place-Names; Mills; Dictionary of London Place-Names; E. Ekwall; Dictionary of English Place-Names; Watts; Cambridge Dictionary of English Place-names; Wallenberg; The Place-Names of Kent
Fordwich,'Trading-centre at the ford'. Fordwich was an important Anglo-Saxon trading settlement associated with Canterbury.,"ford Old English - A ford.; wīc Old English - A dwelling; a building or collection of buildings for special purposes; a farm, a dairy farm; a trading or industrial settlement; or (in the plural) a hamlet, village.","Gelling; Signposts to the Past; Wallenberg; The Place-Names of Kent; A.D. Mills; Dictionary of English Place-Names; Cameron; Dictionary of Lincolnshire Place-names; Wallenberg; Kentish Place-Names; E. Ekwall; Dictionary of English Place-Names; Cullen; The Place-names of the Lathes of St Augustine and Shipway, Kent; Watts; Cambridge Dictionary of English Place-names"
Frindsbury,'*Freond's fortification'. *Freond is a monothematic masculine personal name.,burh Old English - A fortified place.; Personal name (Old English) Old English - Personal name,Wallenberg; The Place-Names of Kent; Watts; Cambridge Dictionary of English Place-names; E. Ekwall; Dictionary of English Place-Names; Ekwall; English place-names in -ing (2nd ed.); A.D. Mills; Dictionary of English Place-Names; Wallenberg; Kentish Place-Names
Frinsted,"Perhaps 'place of protection'. Alternatively, might the OE *fyrh","friðen Old English - Protected, safe, secure.; fyrhðen Old English - Wooded.; stede Old English - A place, a site, a locality; a religious house or foundation; a place of communal activity; a farm, a dairy-farm, an estate.",Wallenberg; The Place-Names of Kent; A.D. Mills; Dictionary of English Place-Names; Wallenberg; Kentish Place-Names; E. Ekwall; Dictionary of English Place-Names; Watts; Cambridge Dictionary of English Place-names; Winifred D. Abbott; Thesis on Kent
Frittenden,'Fri,"-ing- Old English - Connective particle, linking a first element to a final element.; denn Old English; Personal name (Old English) Old English - Personal name",A.D. Mills; Dictionary of English Place-Names; Watts; Cambridge Dictionary of English Place-names; Wallenberg; The Place-Names of Kent; Wallenberg; Kentish Place-Names; E. Ekwall; Dictionary of English Place-Names
Gillingham,'Homestead/village of the people of *Gylla'. *Gylla is a monothematic masculine personal name.,"-ingas Old English - The people of . . . ; the people called after . . .; hām Old English - A village, a village community, a manor, an estate, a homestead.; Personal name (Old English) Old English - Personal name",Gelling; Signposts to the Past; Wallenberg; The Place-Names of Kent; A.D. Mills; Dictionary of English Place-Names; Wallenberg; Kentish Place-Names; Ekwall; English place-names in -ing (2nd ed.); E. Ekwall; Dictionary of English Place-Names; Watts; Cambridge Dictionary of English Place-names; Winifred D. Abbott; Thesis on Kent
Godmersham,'Godm,"hām Old English - A village, a village community, a manor, an estate, a homestead.; Personal name (Old English) Old English - Personal name","A.D. Mills; Dictionary of English Place-Names; Watts; Cambridge Dictionary of English Place-names; E. Ekwall; Dictionary of English Place-Names; Wallenberg; The Place-Names of Kent; Ekwall; Studies1; Cullen; The Place-names of the Lathes of St Augustine and Shipway, Kent"
Goodnestone,'Godwine's farm/settlement'. Godwine is a dithematic masculine personal name. This is Goodnestone-next-Wingham; the name recurs in Goodnestone-next-Graveney.,Personal name (Old English) Old English - Personal name; tūn Old English - An enclosure; a farmstead; a village; an estate.,"Wallenberg; The Place-Names of Kent; A.D. Mills; Dictionary of English Place-Names; E. Ekwall; Dictionary of English Place-Names; Cullen; The Place-names of the Lathes of St Augustine and Shipway, Kent; Watts; Cambridge Dictionary of English Place-names"
Goodnestone,'Godwine's farm/settlement'. Godwine is a dithematic masculine personal name. This is Goodnestone-next-Graveney; the name recurs in Goodnestone-next-Wingham.,Personal name (Old English) Old English - Personal name; tūn Old English - An enclosure; a farmstead; a village; an estate.,Wallenberg; The Place-Names of Kent; A.D. Mills; Dictionary of English Place-Names; E. Ekwall; Dictionary of English Place-Names; Watts; Cambridge Dictionary of English Place-names
Goudhurst,Probably 'Gu,hyrst Old English - A wooded hill.; Personal name (Old English) Old English - Personal name,E. Ekwall; Dictionary of English Place-Names; Watts; Cambridge Dictionary of English Place-names; Cameron; Dictionary of Lincolnshire Place-names; A.D. Mills; Dictionary of English Place-Names; Wallenberg; The Place-Names of Kent; Winifred D. Abbott; Thesis on Kent
Grain,'Gravel'.,"grēon Old English - Gravelly, sandy ground.",E. Ekwall; Dictionary of English Place-Names; Watts; Cambridge Dictionary of English Place-names; Wallenberg; The Place-Names of Kent; A.D. Mills; Dictionary of English Place-Names
Graveney,'Ditch stream'.,"ēa Old English - A river.; grafa Old English - A trench, a ditch.",Watts; Cambridge Dictionary of English Place-names; A.D. Mills; Dictionary of English Place-Names; E. Ekwall; Dictionary of English Place-Names; Wallenberg; The Place-Names of Kent; Ekwall; English River-Names; Wallenberg; Kentish Place-Names; Cameron; Dictionary of Lincolnshire Place-names
Gravesend,'End of the grove'.,"ende Old English - An end; the end of something, the end of an estate, a district or quarter of a village or town.; grāf Old English - A grove, a copse.",Wallenberg; The Place-Names of Kent; Watts; Cambridge Dictionary of English Place-names; E. Ekwall; Dictionary of English Place-Names; A.D. Mills; Dictionary of English Place-Names; Cameron; Dictionary of Lincolnshire Place-names
Great Chart,'Rough ground'. Later distinguished as 'great' in relation to nearby Little Chart.,"cert Old English - Rough ground, stony ground.; grēat Old English - Thick, stout, bulky, massive. Later meaning 'big in size'.","Cullen; The Place-names of the Lathes of St Augustine and Shipway, Kent; E. Ekwall; Dictionary of English Place-Names; A.D. Mills; Dictionary of English Place-Names; Wallenberg; The Place-Names of Kent; Scottish Variants (unspecified); Watts; Cambridge Dictionary of English Place-names"
Great Mongeham,Probably 'homestead/village of the people of *Mundel'. *Mundel is a monothematic masculine personal name. Later distinguished as 'great' in relation to adjacent Little Mongeham.,"-ingas Old English - The people of . . . ; the people called after . . .; grēat Old English - Thick, stout, bulky, massive. Later meaning 'big in size'.; hām Old English - A village, a village community, a manor, an estate, a homestead.; Personal name (Old English) Old English - Personal name","Watts; Cambridge Dictionary of English Place-names; Ekwall; English place-names in -ing (2nd ed.); A.D. Mills; Dictionary of English Place-Names; E. Ekwall; Dictionary of English Place-Names; Wallenberg; The Place-Names of Kent; Wallenberg; Kentish Place-Names; Cullen; The Place-names of the Lathes of St Augustine and Shipway, Kent"
Guston,'*Gu,Personal name (Old English) Old English - Personal name; tūn Old English - An enclosure; a farmstead; a village; an estate.,"Watts; Cambridge Dictionary of English Place-names; Wallenberg; The Place-Names of Kent; A.D. Mills; Dictionary of English Place-Names; E. Ekwall; Dictionary of English Place-Names; Cullen; The Place-names of the Lathes of St Augustine and Shipway, Kent"
Hackington alias St Stephens,'Farm/settlement connected with Hacca'. Hacca is a monothematic masculine personal name. The church is dedicated to St Stephen.,"-ing- Old English - Connective particle, linking a first element to a final element.; Personal name (Old English) Old English - Personal name; Saint's Name Unknown - Saint's name.; tūn Old English - An enclosure; a farmstead; a village; an estate.","Watts; Cambridge Dictionary of English Place-names; Cullen; The Place-names of the Lathes of St Augustine and Shipway, Kent; Wallenberg; The Place-Names of Kent; E. Ekwall; Dictionary of English Place-Names"
Hadlow,Probably 'mound or hill where heather grows'.,hǣð Old English - Heather; a tract of uncultivated land.; hlāw Old English - A tumulus; a hill.,Wallenberg; The Place-Names of Kent; A.D. Mills; Dictionary of English Place-Names; E. Ekwall; Dictionary of English Place-Names; Wallenberg; Kentish Place-Names; Winifred D. Abbott; Thesis on Kent; Watts; Cambridge Dictionary of English Place-names
Halling,'People of *Heall'. *Heall is a monothematic masculine personal name.,-ingas Old English - The people of . . . ; the people called after . . .; Personal name (Old English) Old English - Personal name,A.D. Mills; Dictionary of English Place-Names; Watts; Cambridge Dictionary of English Place-names; Wallenberg; Kentish Place-Names; E. Ekwall; Dictionary of English Place-Names; Ekwall; English place-names in -ing (2nd ed.); Winifred D. Abbott; Thesis on Kent; Wallenberg; The Place-Names of Kent
Halstead,'Place of refuge or shelter'.,"hald Old English; stede Old English - A place, a site, a locality; a religious house or foundation; a place of communal activity; a farm, a dairy-farm, an estate.",Wallenberg; The Place-Names of Kent; A.D. Mills; Dictionary of English Place-Names; E. Ekwall; Dictionary of English Place-Names; Watts; Cambridge Dictionary of English Place-names; Winifred D. Abbott; Thesis on Kent
Ham,'Hemmed-in land'. Ham sits on a broad promontory between two arms of the South Stream.,hamm Old English - Land hemmed in by water or marsh (perhaps also by high ground); a river-meadow; cultivated plot on the edge of woodland or moor.,"Cullen; The Place-names of the Lathes of St Augustine and Shipway, Kent; A.D. Mills; Dictionary of English Place-Names; Wallenberg; The Place-Names of Kent; Cameron; Dictionary of Lincolnshire Place-names; E. Ekwall; Dictionary of English Place-Names; Watts; Cambridge Dictionary of English Place-names"
Harbledown,"'Herebeald's hill'. Herebeald is a dithematic masculine personal name. Harbledown sits upon a low, flat-topped hill. Unusually, the personal name appears consistently in the nominative form (bar one or two medieval genitive forms).",dūn Old English - A hill.; Personal name (Old English) Old English - Personal name,"Cullen; The Place-names of the Lathes of St Augustine and Shipway, Kent; E. Ekwall; Dictionary of English Place-Names; Cameron; Dictionary of Lincolnshire Place-names; Wallenberg; The Place-Names of Kent; Watts; Cambridge Dictionary of English Place-names; A.D. Mills; Dictionary of English Place-Names"
Harrietsham,'Heregeard's hemmed-in land'. Heregeard is a dithematic masculine personal name.,hamm Old English - Land hemmed in by water or marsh (perhaps also by high ground); a river-meadow; cultivated plot on the edge of woodland or moor.; Personal name (Old English) Old English - Personal name,Ekwall; Studies1; Wallenberg; Kentish Place-Names; Watts; Cambridge Dictionary of English Place-names; E. Ekwall; Dictionary of English Place-Names; A.D. Mills; Dictionary of English Place-Names; Wallenberg; The Place-Names of Kent; Cameron; Dictionary of Lincolnshire Place-names
Hartley,'Wood/clearing frequented by harts'.,"heorot Old English - A hart, a stag, a grown male deer.; lēah Old English - A forest, wood, glade, clearing; (later) a pasture, meadow.",A.D. Mills; Dictionary of English Place-Names; Cameron; Dictionary of Lincolnshire Place-names; Watts; Cambridge Dictionary of English Place-names; Wallenberg; The Place-Names of Kent; E. Ekwall; Dictionary of English Place-Names
Hartlip,'Hart leap'. The reference is presumably to some kind of barrier (man-made or natural) over which harts can leap.,"heorot Old English - A hart, a stag, a grown male deer.; hlēp Old English",Wallenberg; The Place-Names of Kent; A.D. Mills; Dictionary of English Place-Names; E. Ekwall; Dictionary of English Place-Names; Watts; Cambridge Dictionary of English Place-names
Harty,'Hart island'.,"ēg Old English - An island.  In ancient settlement-names, most frequently refers to dry ground surrounded by marsh.  Also used of islands in modern sense.  In late OE names: well-watered land.; heorot Old English - A hart, a stag, a grown male deer.",Cameron; Dictionary of Lincolnshire Place-names; E. Ekwall; Dictionary of English Place-Names; Wallenberg; The Place-Names of Kent; Watts; Cambridge Dictionary of English Place-names
Hastingleigh,'Wood/clearing of the people of *H,"-ingas Old English - The people of . . . ; the people called after . . .; lēah Old English - A forest, wood, glade, clearing; (later) a pasture, meadow.; Personal name (Old English) Old English - Personal name","Wallenberg; The Place-Names of Kent; A.D. Mills; Dictionary of English Place-Names; E. Ekwall; Dictionary of English Place-Names; Cullen; The Place-names of the Lathes of St Augustine and Shipway, Kent; Watts; Cambridge Dictionary of English Place-names"
Hawkhurst,'Wooded-hill frequented by hawks'.,hafoc Old English; hyrst Old English - A wooded hill.,Wallenberg; The Place-Names of Kent; A.D. Mills; Dictionary of English Place-Names; Cameron; Dictionary of Lincolnshire Place-names; E. Ekwall; Dictionary of English Place-Names; Watts; Cambridge Dictionary of English Place-names
Hawkinge,"'Place frequented by hawks', or '*Hafoc's place'. The former is probably more likely. Note that, as with Ruckinge, the place-name seems to recur in Kent. *Hafoc is a monothematic masculine personal name.",-ing Old English - Place-name forming suffix.; hafoc Old English; Personal name (Old English) Old English - Personal name,"Watts; Cambridge Dictionary of English Place-names; A.D. Mills; Dictionary of English Place-Names; Wallenberg; The Place-Names of Kent; Ekwall; English place-names in -ing (2nd ed.); Cullen; The Place-names of the Lathes of St Augustine and Shipway, Kent; E. Ekwall; Dictionary of English Place-Names"
Hayes,'Land overgrown with brushwood'.,hǣs Old English - Brushwood.,Mills; Dictionary of London Place-Names; E. Ekwall; Dictionary of English Place-Names; A.D. Mills; Dictionary of English Place-Names; Wallenberg; The Place-Names of Kent; Watts; Cambridge Dictionary of English Place-names
Headcorn,Possibly '*Hydeca's tree-trunk'. *Hydeca is a monothematic masculine personal name.,"hruna Old English - A tree-trunk, a fallen tree, a log.  As a simplex element, probably a foot-bridge.; Personal name (Old English) Old English - Personal name",Wallenberg; The Place-Names of Kent; E. Ekwall; Dictionary of English Place-Names; Winifred D. Abbott; Thesis on Kent; Watts; Cambridge Dictionary of English Place-names; A.D. Mills; Dictionary of English Place-Names
Herne,"'Angle or corner of land'. The reason for the name is uncertain, though Ekwall remarks that Herne ""seems to be in a curving valley"".",hyrne Old English,"A.D. Mills; Dictionary of English Place-Names; Watts; Cambridge Dictionary of English Place-names; Wallenberg; The Place-Names of Kent; E. Ekwall; Dictionary of English Place-Names; Cullen; The Place-names of the Lathes of St Augustine and Shipway, Kent"
Hernhill,'Grey hill'.,"hār Old English - Grey, hoar, especially grey through being overgrown with lichen.; hyll Old English - A hill, a natural eminence or elevated piece of ground.",Watts; Cambridge Dictionary of English Place-names; Wallenberg; The Place-Names of Kent; A.D. Mills; Dictionary of English Place-Names; Cameron; Dictionary of Lincolnshire Place-names; E. Ekwall; Dictionary of English Place-Names
Hever,'High ridge'.,hēh Old English; yfer Old English,Watts; Cambridge Dictionary of English Place-names; E. Ekwall; Dictionary of English Place-Names; Wallenberg; Kentish Place-Names; Cameron; Dictionary of Lincolnshire Place-names; Wallenberg; The Place-Names of Kent; A.D. Mills; Dictionary of English Place-Names
High Halden,'Woodland-pasture connected with Hea,"-ing- Old English - Connective particle, linking a first element to a final element.; denn Old English; hēh Old English; Personal name (Old English) Old English - Personal name",Wallenberg; The Place-Names of Kent; A.D. Mills; Dictionary of English Place-Names; E. Ekwall; Dictionary of English Place-Names; Watts; Cambridge Dictionary of English Place-names
High Halstow,'Holy place'. Later distinguished as 'high' in relation to Lower Halstow (an independent name).,"hālig Old English - Holy, sacred, dedicated to sacred use (originally heathen, later Christian).; hēh Old English; stōw Old English - A place; a place of assembly; a holy place.",Wallenberg; The Place-Names of Kent; A.D. Mills; Dictionary of English Place-Names; E. Ekwall; Dictionary of English Place-Names; Watts; Cambridge Dictionary of English Place-names
Higham Upshire,'High (or chief) homestead/village'. The affix Upshire means 'higher district'.,"hām Old English - A village, a village community, a manor, an estate, a homestead.; hēh Old English; scīr Old English - A shire, a jurisdiction, an administrative district, a county.; upp Old English - Up, higher up, upon.",Wallenberg; Kentish Place-Names; Wallenberg; The Place-Names of Kent; Watts; Cambridge Dictionary of English Place-names; Ekwall; Studies1; A.D. Mills; Dictionary of English Place-Names; E. Ekwall; Dictionary of English Place-Names
Hildenborough,"Probably 'woodland-pasture on or by a hill', with the later addition of OE borg 'borough', this being a borough (= tithing) of Tonbridge.","borg Old English - A pledge, security.; denn Old English; hyll Old English - A hill, a natural eminence or elevated piece of ground.",Wallenberg; The Place-Names of Kent; A.D. Mills; Dictionary of English Place-Names; E. Ekwall; Dictionary of English Place-Names; Watts; Cambridge Dictionary of English Place-names
Hinxhill,"Probably 'stallion shed'. The second element might possibly be OE hyll 'hill', though the early spellings offer little support, and the first element might alternatively be the OE monothematic masculine personal name Hengest.","hengest Old English - A horse, a stallion, a gelding.; hyll Old English - A hill, a natural eminence or elevated piece of ground.; Personal name (Old English) Old English - Personal name; sell Old English - A shed, a shelter for animals, a herdsman's hut.","Wallenberg; The Place-Names of Kent; Watts; Cambridge Dictionary of English Place-names; Cullen; The Place-names of the Lathes of St Augustine and Shipway, Kent; E. Ekwall; Dictionary of English Place-Names; A.D. Mills; Dictionary of English Place-Names; Cameron; Dictionary of Lincolnshire Place-names"
Hoath,'Heath'.,hǣð Old English - Heather; a tract of uncultivated land.,"Cameron; Dictionary of Lincolnshire Place-names; Watts; Cambridge Dictionary of English Place-names; E. Ekwall; Dictionary of English Place-Names; Cullen; The Place-names of the Lathes of St Augustine and Shipway, Kent; A.D. Mills; Dictionary of English Place-Names; Wallenberg; The Place-Names of Kent"
Hollingbourne,"'Stream of the people of *Hola', or 'stream of the people dwelling in the hollow'. *Hola is a monothematic masculine personal name.","-ingas Old English - The people of . . . ; the people called after . . .; burna Old English - A stream.; hol Old English - A hole, a hollow.; Personal name (Old English) Old English - Personal name",Wallenberg; Kentish Place-Names; A.D. Mills; Dictionary of English Place-Names; Ekwall; English place-names in -ing (2nd ed.); Winifred D. Abbott; Thesis on Kent; Cameron; Dictionary of Lincolnshire Place-names; Watts; Cambridge Dictionary of English Place-names; E. Ekwall; Dictionary of English Place-Names; Wallenberg; The Place-Names of Kent
Hoo All Hallows,'Spur of land'. The affix is from the dedication of the 12th century church of All Saints.,hālga Old English - A saint.; hōh Old English - A heel; a sharply projecting piece of ground.,Wallenberg; The Place-Names of Kent; A.D. Mills; Dictionary of English Place-Names; Watts; Cambridge Dictionary of English Place-names
Hoo St Werburgh,'Spur of land'. The affix is from the dedication of the church to St Werburgh.,hōh Old English - A heel; a sharply projecting piece of ground.; Saint's Name Unknown - Saint's name.,Wallenberg; The Place-Names of Kent; Wallenberg; Kentish Place-Names; E. Ekwall; Dictionary of English Place-Names; Watts; Cambridge Dictionary of English Place-names
Hope All Saints,'Enclosure in marshland'. The church is dedicated to All Saints (earlier in the form 'All Hallows').,hālga Old English - A saint.; hop Old English - A valley; a remote enclosed space; a piece of enclosed land in a fen; an enclosure in marsh or moor.,"Cullen; The Place-names of the Lathes of St Augustine and Shipway, Kent; Watts; Cambridge Dictionary of English Place-names; Cameron; Dictionary of Lincolnshire Place-names; Wallenberg; The Place-Names of Kent; E. Ekwall; Dictionary of English Place-Names"
Horsmonden,"Perhaps 'woodland-pasture at *Horsburna (= horse stream)', or possibly 'woodland-pasture where *horsbune (""horse-reed"") grows'.",bune Old English - A reed.; burna Old English - A stream.; denn Old English; hors Old English - A horse.,A.D. Mills; Dictionary of English Place-Names; Wallenberg; The Place-Names of Kent; Watts; Cambridge Dictionary of English Place-names; Winifred D. Abbott; Thesis on Kent; E. Ekwall; Dictionary of English Place-Names; Journal of the English Place-name Society
Horton Kirby,"'Dirty farm/settlement'. The later affix reflects possession by the de Kirkeby family in the 13th century, and serves to distinguish this Horton from Monks Horton (an independent name).","horu Old English - Filth, dirt.; Personal name (Uncertain) Unknown - Personal name; tūn Old English - An enclosure; a farmstead; a village; an estate.",Watts; Cambridge Dictionary of English Place-names; Wallenberg; The Place-Names of Kent; Winifred D. Abbott; Thesis on Kent; A.D. Mills; Dictionary of English Place-Names; E. Ekwall; Dictionary of English Place-Names
Hothfield,'Heathy open land'.,"feld Old English - Open country, unencumbered ground (eg. land without trees as opposed to forest, level ground as opposed to hills, land without buildings); arable land (from late tenth century).; hǣð Old English - Heather; a tract of uncultivated land.","Cameron; Dictionary of Lincolnshire Place-names; Wallenberg; The Place-Names of Kent; A.D. Mills; Dictionary of English Place-Names; E. Ekwall; Dictionary of English Place-Names; Watts; Cambridge Dictionary of English Place-names; Cullen; The Place-names of the Lathes of St Augustine and Shipway, Kent"
Hougham,"Perhaps '*Huhha's homestead/village'. *Huhha is a monothematic masculine personal name. Alternatively a stem *hug- (found in OE *hugol 'a mound, a small hill') may possibly be involved; Hougham stands on high ground bordered by marked valleys, and the chu","hām Old English - A village, a village community, a manor, an estate, a homestead.; Personal name (Old English) Old English - Personal name","Watts; Cambridge Dictionary of English Place-names; Cullen; The Place-names of the Lathes of St Augustine and Shipway, Kent; E. Ekwall; Dictionary of English Place-Names; Wallenberg; Kentish Place-Names; Ekwall; Studies1; Wallenberg; The Place-Names of Kent"
Hucking,'People of *Hucca'. *Hucca is a monothematic masculine personal name.,-ingas Old English - The people of . . . ; the people called after . . .; Personal name (Old English) Old English - Personal name,Watts; Cambridge Dictionary of English Place-names; A.D. Mills; Dictionary of English Place-Names; Winifred D. Abbott; Thesis on Kent; Ekwall; English place-names in -ing (2nd ed.); Wallenberg; The Place-Names of Kent; E. Ekwall; Dictionary of English Place-Names
Hunton,'Hill of the huntsmen'.,"dūn Old English - A hill.; hunta Old English - A hunter, a huntsman.",A.D. Mills; Dictionary of English Place-Names; Watts; Cambridge Dictionary of English Place-names; E. Ekwall; Dictionary of English Place-Names; Wallenberg; The Place-Names of Kent
Hurst,'Wooded-hill'.,hyrst Old English - A wooded hill.,"Watts; Cambridge Dictionary of English Place-names; Cullen; The Place-names of the Lathes of St Augustine and Shipway, Kent; E. Ekwall; Dictionary of English Place-Names; Wallenberg; The Place-Names of Kent; Cameron; Dictionary of Lincolnshire Place-names"
Hythe,"'Landing-place on a river, inland port'. Although Hythe is by the sea, the name refers not to a coastal harbour but, presumably, to a landing-place on the former river 'Limen'.",hȳð Old English - A landing place on a river; an inland port.,"E. Ekwall; Dictionary of English Place-Names; Wallenberg; The Place-Names of Kent; Watts; Cambridge Dictionary of English Place-names; Cullen; The Place-names of the Lathes of St Augustine and Shipway, Kent; Cameron; Dictionary of Lincolnshire Place-names; A.D. Mills; Dictionary of English Place-Names; Anderson; English Hundred-Names"
Ickham,'Homestead/village comprising a yoke of land'. A yoke (OE geoc) equalled a quarter of a sulung (about fifty or sixty acres).,"geoc Old English - A yoke, a wooden device for coupling two oxen together for drawing a plough; a pair of oxen yoked together; a measure of land, a small estate or manor; something resembling a yoke.; hām Old English - A village, a village community, a manor, an estate, a homestead.","E. Ekwall; Dictionary of English Place-Names; Watts; Cambridge Dictionary of English Place-names; Ekwall; Studies1; Cullen; The Place-names of the Lathes of St Augustine and Shipway, Kent; A.D. Mills; Dictionary of English Place-Names; Wallenberg; The Place-Names of Kent"
Ifield,'Open land where yew-trees grow'.,"feld Old English - Open country, unencumbered ground (eg. land without trees as opposed to forest, level ground as opposed to hills, land without buildings); arable land (from late tenth century).; īw Old English - A yew-tree.",E. Ekwall; Dictionary of English Place-Names; Wallenberg; The Place-Names of Kent; Cameron; Dictionary of Lincolnshire Place-names; Watts; Cambridge Dictionary of English Place-names
Ightham,'*Ehta's homestead/village'. *Ehta is a monothematic masculine personal name.,"hām Old English - A village, a village community, a manor, an estate, a homestead.; Personal name (Old English) Old English - Personal name",Wallenberg; Kentish Place-Names; E. Ekwall; Dictionary of English Place-Names; Watts; Cambridge Dictionary of English Place-names; A.D. Mills; Dictionary of English Place-Names; Ekwall; Studies1; Wallenberg; The Place-Names of Kent
Ivychurch,'Ivy-covered church'.,cirice Old English - A church.; īfig Old English - Ivy.,"Watts; Cambridge Dictionary of English Place-names; Wallenberg; The Place-Names of Kent; Cullen; The Place-names of the Lathes of St Augustine and Shipway, Kent; A.D. Mills; Dictionary of English Place-Names; E. Ekwall; Dictionary of English Place-Names"
Iwade,"Very likely 'crossing-place to the island' (i.e. the Isle of Sheppey), though 'crossing-place where yew-trees grow' is formally possible.","ēg Old English - An island.  In ancient settlement-names, most frequently refers to dry ground surrounded by marsh.  Also used of islands in modern sense.  In late OE names: well-watered land.; īw Old English - A yew-tree.; wæd Old English - A ford.",Watts; Cambridge Dictionary of English Place-names; Cameron; Dictionary of Lincolnshire Place-names; E. Ekwall; Dictionary of English Place-Names; Wallenberg; The Place-Names of Kent; Wallenberg; Kentish Place-Names; A.D. Mills; Dictionary of English Place-Names
Kemsing,'*Cymesa's place'. *Cymesa is a monothematic masculine personal name.,-ing Old English - Place-name forming suffix.; Personal name (Old English) Old English - Personal name,E. Ekwall; Dictionary of English Place-Names; Watts; Cambridge Dictionary of English Place-names; Ekwall; English place-names in -ing (2nd ed.); Wallenberg; Kentish Place-Names; A.D. Mills; Dictionary of English Place-Names; Wallenberg; The Place-Names of Kent
Kenardington,'Farm/settlement connected with Cyneheard'. Cyneheard is a dithematic masculine personal name.,"-ing- Old English - Connective particle, linking a first element to a final element.; Personal name (Old English) Old English - Personal name; tūn Old English - An enclosure; a farmstead; a village; an estate.",Watts; Cambridge Dictionary of English Place-names; A.D. Mills; Dictionary of English Place-Names; Wallenberg; Kentish Place-Names; E. Ekwall; Dictionary of English Place-Names; Wallenberg; The Place-Names of Kent
Kennington,'Royal farm/settlement'.,"cyne- Old English - Kingly, royal.; tūn Old English - An enclosure; a farmstead; a village; an estate.","A.D. Mills; Dictionary of English Place-Names; Cullen; The Place-names of the Lathes of St Augustine and Shipway, Kent; Watts; Cambridge Dictionary of English Place-names; Wallenberg; The Place-Names of Kent; E. Ekwall; Dictionary of English Place-Names"
Keston,'*Cyssi's stone'. *Cyssi is a monothematic masculine personal name.,"Personal name (Old English) Old English - Personal name; stān Old English - A stone, stone, rock.",Watts; Cambridge Dictionary of English Place-names; Wallenberg; The Place-Names of Kent; A.D. Mills; Dictionary of English Place-Names; Mills; Dictionary of London Place-Names; Wallenberg; Kentish Place-Names; E. Ekwall; Dictionary of English Place-Names
Kingsdown,'The king's hill'. This is Kingsdown-near-Sittingbourne; the name recurs in West Kingsdown.,cyning Old English - A king.; dūn Old English - A hill.,Wallenberg; The Place-Names of Kent; Cameron; Dictionary of Lincolnshire Place-names; Wallenberg; Kentish Place-Names; E. Ekwall; Dictionary of English Place-Names; Watts; Cambridge Dictionary of English Place-names
Kingsdown,'The king's hill'. This is West Kingsdown; the name recurs in Kingsdown-near-Sittingbourne.,cyning Old English - A king.; dūn Old English - A hill.,Watts; Cambridge Dictionary of English Place-names; Wallenberg; The Place-Names of Kent; A.D. Mills; Dictionary of English Place-Names; Cameron; Dictionary of Lincolnshire Place-names; E. Ekwall; Dictionary of English Place-Names
Kingsnorth,'The king's detached piece of woodland'.,"cyning Old English - A king.; snād Old English - Something cut off, a detached piece of land or woodland.","Watts; Cambridge Dictionary of English Place-names; Cullen; The Place-names of the Lathes of St Augustine and Shipway, Kent; E. Ekwall; Dictionary of English Place-Names; Wallenberg; The Place-Names of Kent; A.D. Mills; Dictionary of English Place-Names"
Kingston,'The king's farm/settlement'.,cyning Old English - A king.; tūn Old English - An enclosure; a farmstead; a village; an estate.,"Wallenberg; Kentish Place-Names; E. Ekwall; Dictionary of English Place-Names; Watts; Cambridge Dictionary of English Place-names; Wallenberg; The Place-Names of Kent; Cullen; The Place-names of the Lathes of St Augustine and Shipway, Kent"
Knockholt,'Oak wood'. Initial N- results from misdivision of the OE definite article.,āc Old English - An oak-tree.; holt Old English - A wood. (Probably of a single species.),Winifred D. Abbott; Thesis on Kent; Cameron; Dictionary of Lincolnshire Place-names; E. Ekwall; Dictionary of English Place-Names; A.D. Mills; Dictionary of English Place-Names; Wallenberg; The Place-Names of Kent; The Vocabulary of English Place-Names; Watts; Cambridge Dictionary of English Place-names
Knowlton,"'Hillock farm/settlement'. Knowlton sits near the end of a long spur. The tip of this spur, which broadens around the tiny parish, appears to be the cnoll.","cnoll Old English - A knoll, a small rounded hill.; tūn Old English - An enclosure; a farmstead; a village; an estate.","Wallenberg; The Place-Names of Kent; A.D. Mills; Dictionary of English Place-Names; E. Ekwall; Dictionary of English Place-Names; Cullen; The Place-names of the Lathes of St Augustine and Shipway, Kent; Watts; Cambridge Dictionary of English Place-names"
Lamberhurst,'Wooded-hill where lambs graze'.,hyrst Old English - A wooded hill.; lamb Old English - A lamb.,E. Ekwall; Dictionary of English Place-Names; Watts; Cambridge Dictionary of English Place-names; Cameron; Dictionary of Lincolnshire Place-names; A.D. Mills; Dictionary of English Place-Names; Wallenberg; The Place-Names of Kent
Langley,'Long wood/clearing'.,"lang Old English - Long, tall.; lēah Old English - A forest, wood, glade, clearing; (later) a pasture, meadow.",E. Ekwall; Dictionary of English Place-Names; Ekwall; Studies1; A.D. Mills; Dictionary of English Place-Names; Watts; Cambridge Dictionary of English Place-names; Wallenberg; Kentish Place-Names; Wallenberg; The Place-Names of Kent
Leaveland,'Leofa's land'. Leofa is a monothematic masculine personal name. OE land probably has the sense 'cultivated land' here.,land Old English - Land (as part of earth's surface); an estate; possibly also new arable area.  In minor and field names: strip in a field-system.; Personal name (Old English) Old English - Personal name,A.D. Mills; Dictionary of English Place-Names; Cameron; Dictionary of Lincolnshire Place-names; E. Ekwall; Dictionary of English Place-Names; Watts; Cambridge Dictionary of English Place-names; Wallenberg; The Place-Names of Kent
Leeds,"Possibly from a stream-name, 'the loud one'.",hlȳde Old English - A noisy stream (literally a loud one.,Wallenberg; The Place-Names of Kent; A.D. Mills; Dictionary of English Place-Names; Forsberg 1950; Contribution (L); E. Ekwall; Dictionary of English Place-Names; Watts; Cambridge Dictionary of English Place-names
Leigh,'Wood/clearing'.,"lēah Old English - A forest, wood, glade, clearing; (later) a pasture, meadow.",Wallenberg; The Place-Names of Kent; A.D. Mills; Dictionary of English Place-Names; E. Ekwall; Dictionary of English Place-Names; Watts; Cambridge Dictionary of English Place-names
Lenham,'*Leana's homestead/village'. *Leana is a monothematic masculine personal name. The river-name Len is a 'back-formation' from the place-name.,"hām Old English - A village, a village community, a manor, an estate, a homestead.; Personal name (Old English) Old English - Personal name",Winifred D. Abbott; Thesis on Kent; E. Ekwall; Dictionary of English Place-Names; Ekwall; Studies1; Watts; Cambridge Dictionary of English Place-names; Ekwall; English River-Names; Wallenberg; The Place-Names of Kent; Wallenberg; Kentish Place-Names; A.D. Mills; Dictionary of English Place-Names; Forsberg 1950; Contribution (L)
Leybourne,'*Lylla's stream'. *Lylla is a monothematic masculine personal name.,burna Old English - A stream.; Personal name (Old English) Old English - Personal name,Wallenberg; Kentish Place-Names; Watts; Cambridge Dictionary of English Place-names; Forsberg 1950; Contribution (L); E. Ekwall; Dictionary of English Place-Names; Wallenberg; The Place-Names of Kent; A.D. Mills; Dictionary of English Place-Names; Cameron; Dictionary of Lincolnshire Place-names
Leysdown,Probably 'hill with a beacon-fire'.,dūn Old English - A hill.,Wallenberg; The Place-Names of Kent; Cameron; Dictionary of Lincolnshire Place-names; Watts; Cambridge Dictionary of English Place-names; E. Ekwall; Dictionary of English Place-Names; A.D. Mills; Dictionary of English Place-Names
Lidsing,Possibly 'people of *Lidesa'. *Lidesa is a monothematic masculine personal name.,-ingas Old English - The people of . . . ; the people called after . . .; Personal name (Old English) Old English - Personal name,Everitt; Continuity and Colonization; Winifred D. Abbott; Thesis on Kent; Wallenberg; The Place-Names of Kent; Watts; Cambridge Dictionary of English Place-names; Ekwall; English place-names in -ing (2nd ed.)
Linton,'Farm/settlement connected with Lill(a)'. Lill/Lilla is a monothematic masculine personal name.,"-ing- Old English - Connective particle, linking a first element to a final element.; Personal name (Old English) Old English - Personal name; tūn Old English - An enclosure; a farmstead; a village; an estate.",Wallenberg; The Place-Names of Kent; A.D. Mills; Dictionary of English Place-Names; E. Ekwall; Dictionary of English Place-Names; Watts; Cambridge Dictionary of English Place-names
Little Chart,'Rough ground'. Later distinguished as 'little' in relation to nearby Great Chart.,"cert Old English - Rough ground, stony ground.; lȳtel Old English - Little, small.","E. Ekwall; Dictionary of English Place-Names; Cullen; The Place-names of the Lathes of St Augustine and Shipway, Kent; A.D. Mills; Dictionary of English Place-Names; Wallenberg; The Place-Names of Kent; Scottish Variants (unspecified); Watts; Cambridge Dictionary of English Place-names"
Little Mongeham,Probably 'homestead/village of the people of *Mundel'. *Mundel is a monothematic masculine personal name. Later distinguished as 'little' in relation to adjacent Great Mongeham.,"-ingas Old English - The people of . . . ; the people called after . . .; hām Old English - A village, a village community, a manor, an estate, a homestead.; lȳtel Old English - Little, small.; Personal name (Old English) Old English - Personal name","Wallenberg; Kentish Place-Names; Ekwall; English place-names in -ing (2nd ed.); Cullen; The Place-names of the Lathes of St Augustine and Shipway, Kent; E. Ekwall; Dictionary of English Place-Names; A.D. Mills; Dictionary of English Place-Names; Wallenberg; The Place-Names of Kent; Watts; Cambridge Dictionary of English Place-names"
Littlebourne,"'Little part of the estate called *Burna' (i.e. 'stream', referring to the Little Stour). Interpretation of the name as 'small stream' is unsatisfactory in view of the size of the Little Stour. The originally simplex name *Burna is shared by several paris","burna Old English - A stream.; lȳtel Old English - Little, small.","Wallenberg; The Place-Names of Kent; Wallenberg; Kentish Place-Names; Cullen; The Place-names of the Lathes of St Augustine and Shipway, Kent; Watts; Cambridge Dictionary of English Place-names; E. Ekwall; Dictionary of English Place-Names; A.D. Mills; Dictionary of English Place-Names; Cameron; Dictionary of Lincolnshire Place-names"
Longfield,'Long stretch of open country'.,"feld Old English - Open country, unencumbered ground (eg. land without trees as opposed to forest, level ground as opposed to hills, land without buildings); arable land (from late tenth century).; lang Old English - Long, tall.",A.D. Mills; Dictionary of English Place-Names; Watts; Cambridge Dictionary of English Place-names; Wallenberg; The Place-Names of Kent; Wallenberg; Kentish Place-Names; E. Ekwall; Dictionary of English Place-Names
Loose,'Pig-sty'.,"hlōse Old English - A pig-sty; probably originally a shed, a shelter.",Watts; Cambridge Dictionary of English Place-names; Wallenberg; The Place-Names of Kent; A.D. Mills; Dictionary of English Place-Names; Ekwall; English River-Names; E. Ekwall; Dictionary of English Place-Names
Lower Halstow,'Holy place'. Later distinguished as 'lower' in relation to High Halstow (an independent name).,"hālig Old English - Holy, sacred, dedicated to sacred use (originally heathen, later Christian).; stōw Old English - A place; a place of assembly; a holy place.",Wallenberg; The Place-Names of Kent; Watts; Cambridge Dictionary of English Place-names; A.D. Mills; Dictionary of English Place-Names; E. Ekwall; Dictionary of English Place-Names
Lower Hardres,'Woods'. Later distinguished as 'lower' in relation to adjacent Upper Hardres.,harað Old English - A wood.,"Watts; Cambridge Dictionary of English Place-names; Cullen; The Place-names of the Lathes of St Augustine and Shipway, Kent; Wallenberg; The Place-Names of Kent; E. Ekwall; Dictionary of English Place-Names"
Luddenham,'Luda's homestead/village' or 'Luda's hemmed-in land'. Luda is a monothematic masculine personal name.,"hām Old English - A village, a village community, a manor, an estate, a homestead.; hamm Old English - Land hemmed in by water or marsh (perhaps also by high ground); a river-meadow; cultivated plot on the edge of woodland or moor.; Personal name (Old English) Old English - Personal name",Watts; Cambridge Dictionary of English Place-names; E. Ekwall; Dictionary of English Place-Names; Wallenberg; Kentish Place-Names; Ekwall; Studies1; Wallenberg; The Place-Names of Kent
Luddesdown,'*Hlud's hill'. *Hlud is a monothematic masculine personal name.,dūn Old English - A hill.; Personal name (Old English) Old English - Personal name,A.D. Mills; Dictionary of English Place-Names; Watts; Cambridge Dictionary of English Place-names; E. Ekwall; Dictionary of English Place-Names; Cameron; Dictionary of Lincolnshire Place-names; Wallenberg; The Place-Names of Kent; Wallenberg; Kentish Place-Names
Lullingstone,'Lulling's farm/settlement'. Lulling is a monothematic masculine personal name.,Personal name (Old English) Old English - Personal name; tūn Old English - An enclosure; a farmstead; a village; an estate.,Wallenberg; The Place-Names of Kent; A.D. Mills; Dictionary of English Place-Names; E. Ekwall; Dictionary of English Place-Names; Watts; Cambridge Dictionary of English Place-names
Lydd,Probably '(at) the gates'.,hlid Old English - A slope.,"Wallenberg; The Place-Names of Kent; Watts; Cambridge Dictionary of English Place-names; Cullen; The Place-names of the Lathes of St Augustine and Shipway, Kent; E. Ekwall; Dictionary of English Place-Names; A.D. Mills; Dictionary of English Place-Names; Wallenberg; Kentish Place-Names"
Lydden,'Sheltered valley'.,"denu Old English - A valley.; hlēo Old English - Protection, defence; a shelter.  (Only recorded in poetry.)","E. Ekwall; Dictionary of English Place-Names; Watts; Cambridge Dictionary of English Place-names; Cameron; Dictionary of Lincolnshire Place-names; A.D. Mills; Dictionary of English Place-Names; Wallenberg; The Place-Names of Kent; Cullen; The Place-names of the Lathes of St Augustine and Shipway, Kent"
Lyminge,'District around the River Limen'.,gē Old English; River-name Unknown - River-name,"Forsberg 1950; Contribution (L); Watts; Cambridge Dictionary of English Place-names; E. Ekwall; Dictionary of English Place-Names; Ekwall; English place-names in -ing (2nd ed.); A.D. Mills; Dictionary of English Place-Names; Wallenberg; The Place-Names of Kent; Gelling; Signposts to the Past; Cullen; The Place-names of the Lathes of St Augustine and Shipway, Kent"
Lympne,'Elm-wood place' or 'marshy place'.,lemo- C,"A.D. Mills; Dictionary of English Place-Names; Watts; Cambridge Dictionary of English Place-names; Cullen; The Place-names of the Lathes of St Augustine and Shipway, Kent; E. Ekwall; Dictionary of English Place-Names; Ekwall; English River-Names; Wallenberg; Kentish Place-Names; Wallenberg; The Place-Names of Kent; Gelling; Signposts to the Past; Forsberg 1950; Contribution (L)"
Lynsted,'Place where lime-trees grow'.,"lind Old English - A lime-tree.; stede Old English - A place, a site, a locality; a religious house or foundation; a place of communal activity; a farm, a dairy-farm, an estate.",Watts; Cambridge Dictionary of English Place-names; E. Ekwall; Dictionary of English Place-Names; Wallenberg; The Place-Names of Kent; A.D. Mills; Dictionary of English Place-Names
Maidstone,"Perhaps 'stone of the maidens', or possibily 'stone of the people' (compare Folkestone).","mægð Old English - A maiden.; mǣgð Old English - Folk, people.; mægden Old English - A maiden.; stān Old English - A stone, stone, rock.",Watts; Cambridge Dictionary of English Place-names; E. Ekwall; Dictionary of English Place-Names; Wallenberg; Kentish Place-Names; Wallenberg; The Place-Names of Kent; A.D. Mills; Dictionary of English Place-Names
Marden,Either 'woodland-pasture for mares' or 'woodland-pasture at a boundary'. It may well be noteworthy that Marden abuts the boundary between the dioceses of Canterbury and Rochester.,"denn Old English; mǣre Old English - A boundary, a border; (in field names) the balk of a ploughland.; mere Old English - A pond, a pool, a lake.",E. Ekwall; Dictionary of English Place-Names; Wallenberg; The Place-Names of Kent; A.D. Mills; Dictionary of English Place-Names; Watts; Cambridge Dictionary of English Place-names; Wallenberg; Kentish Place-Names
Meopham,'*Meapa's homestead/village'. *Meapa is a monothematic masculine personal name.,"hām Old English - A village, a village community, a manor, an estate, a homestead.; Personal name (Old English) Old English - Personal name",Wallenberg; The Place-Names of Kent; Wallenberg; Kentish Place-Names; Winifred D. Abbott; Thesis on Kent; A.D. Mills; Dictionary of English Place-Names; E. Ekwall; Dictionary of English Place-Names; Ekwall; Studies1; Cameron; Dictionary of Lincolnshire Place-names; Watts; Cambridge Dictionary of English Place-names
Mereworth,'M,Personal name (Old English) Old English - Personal name; worð Old English - An enclosure.,Wallenberg; Kentish Place-Names; E. Ekwall; Dictionary of English Place-Names; Watts; Cambridge Dictionary of English Place-names; Wallenberg; The Place-Names of Kent; Ekwall; Studies1; A.D. Mills; Dictionary of English Place-Names
Mersham,'*M,"hām Old English - A village, a village community, a manor, an estate, a homestead.; Personal name (Old English) Old English - Personal name","E. Ekwall; Dictionary of English Place-Names; Cullen; The Place-names of the Lathes of St Augustine and Shipway, Kent; A.D. Mills; Dictionary of English Place-Names; Wallenberg; The Place-Names of Kent; Ekwall; Studies1; Watts; Cambridge Dictionary of English Place-names"
Midley,'Middle island'.,"ēg Old English - An island.  In ancient settlement-names, most frequently refers to dry ground surrounded by marsh.  Also used of islands in modern sense.  In late OE names: well-watered land.; middel Old English - Middle.","Watts; Cambridge Dictionary of English Place-names; Wallenberg; The Place-Names of Kent; E. Ekwall; Dictionary of English Place-Names; Cullen; The Place-names of the Lathes of St Augustine and Shipway, Kent"
Milstead,A very tricky name. Possibly 'middle place' or 'mill place' or 'milk place'.,"meoluc Old English - Milk; probably used of rich pastures and the like yielding good milk; in stream-names it may denote a turbid nature or milky colour or streams which run through rich pastures.; middel Old English - Middle.; myln Old English - A mill.; stede Old English - A place, a site, a locality; a religious house or foundation; a place of communal activity; a farm, a dairy-farm, an estate.",Wallenberg; The Place-Names of Kent; Winifred D. Abbott; Thesis on Kent; Watts; Cambridge Dictionary of English Place-names; E. Ekwall; Dictionary of English Place-Names; A.D. Mills; Dictionary of English Place-Names
Milton,'Mill farm/settlement'. This is Milton-next-Thanington; the name recurs in Milton-next-Gravesend.,myln Old English - A mill.; tūn Old English - An enclosure; a farmstead; a village; an estate.,"Wallenberg; The Place-Names of Kent; Wallenberg; Kentish Place-Names; E. Ekwall; Dictionary of English Place-Names; Cullen; The Place-names of the Lathes of St Augustine and Shipway, Kent; Watts; Cambridge Dictionary of English Place-names"
Milton,'Mill farm/settlement'. This is Milton-next-Gravesend; the name recurs in Milton-next-Thanington.,myln Old English - A mill.; tūn Old English - An enclosure; a farmstead; a village; an estate.,Wallenberg; Kentish Place-Names; Watts; Cambridge Dictionary of English Place-names; E. Ekwall; Dictionary of English Place-Names; Wallenberg; The Place-Names of Kent
Milton Regis,'Middle farm/settlement'. Distinguished as 'regis' (earlier ',middel Old English - Middle.; rex Latin - A king.; tūn Old English - An enclosure; a farmstead; a village; an estate.,E. Ekwall; Dictionary of English Place-Names; Watts; Cambridge Dictionary of English Place-names; Wallenberg; The Place-Names of Kent
Minster,"'Minster' (i.e. 'monastery, monastery church'). This is Minster-in-Thanet; the name recurs in Minster-in-Sheppey.","mynster Old English - A monastery, the church of a monastery or religious body, a church served by secular clergy.","Wallenberg; Kentish Place-Names; E. Ekwall; Dictionary of English Place-Names; Watts; Cambridge Dictionary of English Place-names; A.D. Mills; Dictionary of English Place-Names; Cullen; The Place-names of the Lathes of St Augustine and Shipway, Kent; Wallenberg; The Place-Names of Kent"
Minster,"'Minster' (i.e. 'monastery, monastery church'). This is Minster-in-Sheppey; the name recurs in Minster-in-Thanet.","mynster Old English - A monastery, the church of a monastery or religious body, a church served by secular clergy.",Watts; Cambridge Dictionary of English Place-names; Wallenberg; The Place-Names of Kent; A.D. Mills; Dictionary of English Place-Names; Hough; Women in English Place-names; E. Ekwall; Dictionary of English Place-Names
Molash,"Probably 'speech ash-tree', with reference to the holding of assemblies. Alternatively the first element could be OE mal 'a mark, a stain' (?not otherwise noted in place-names).","æsc Old English; māl Old English - A law-suit, bargaining; tax, rent; perhaps also speech, council.","Watts; Cambridge Dictionary of English Place-names; Cullen; The Place-names of the Lathes of St Augustine and Shipway, Kent; E. Ekwall; Dictionary of English Place-Names; Wallenberg; The Place-Names of Kent"
Monks Horton,"'Dirty farm/settlement'. The later affix (ME monkes, alternating with Latin monachorum, 'of (the) monks') reflects possession by Horton Priory, and serves to distinguish this Horton from Horton Kirby (an independent name).","horh Old English - Phlegm, mucus; slutch.; monachus Latin - A monk.; monke Middle English - A monk.; tūn Old English - An enclosure; a farmstead; a village; an estate.","E. Ekwall; Dictionary of English Place-Names; Cullen; The Place-names of the Lathes of St Augustine and Shipway, Kent; Watts; Cambridge Dictionary of English Place-names; Wallenberg; The Place-Names of Kent"
Monkton,'Farm/settlement of the monks'.,munuc Old English - A monk.; tūn Old English - An enclosure; a farmstead; a village; an estate.,"Wallenberg; The Place-Names of Kent; A.D. Mills; Dictionary of English Place-Names; Wallenberg; Kentish Place-Names; E. Ekwall; Dictionary of English Place-Names; Cullen; The Place-names of the Lathes of St Augustine and Shipway, Kent; Watts; Cambridge Dictionary of English Place-names"
Mottingham,'Homestead/village of the people of *Moda' or 'hemmed-in land of the people of *Moda'. *Moda is a monothematic masculine personal name.,"-ingas Old English - The people of . . . ; the people called after . . .; hām Old English - A village, a village community, a manor, an estate, a homestead.; hamm Old English - Land hemmed in by water or marsh (perhaps also by high ground); a river-meadow; cultivated plot on the edge of woodland or moor.; Personal name (Old English) Old English - Personal name",Wallenberg; Kentish Place-Names; Ekwall; English place-names in -ing (2nd ed.); E. Ekwall; Dictionary of English Place-Names; A.D. Mills; Dictionary of English Place-Names; Watts; Cambridge Dictionary of English Place-names; Wallenberg; The Place-Names of Kent; Mills; Dictionary of London Place-Names
Murston,"Probably 'marsh (or wasteland) farm/settlement', though 'Maurice's farm/settlement', with a French masculine personal name, is possible.","mōr Old English - A marsh, barren upland.; Personal name (Uncertain) Unknown - Personal name; tūn Old English - An enclosure; a farmstead; a village; an estate.",Watts; Cambridge Dictionary of English Place-names; Wallenberg; The Place-Names of Kent; E. Ekwall; Dictionary of English Place-Names
Nackington,Perhaps 'hill at the wet place'. Alternatively 'hill connected with *N,"-ing Old English - Place-name forming suffix.; -ing- Old English - Connective particle, linking a first element to a final element.; dūn Old English - A hill.; næt Old English - Wet, moist.; Personal name (Old English) Old English - Personal name","Wallenberg; The Place-Names of Kent; Watts; Cambridge Dictionary of English Place-names; Cullen; The Place-names of the Lathes of St Augustine and Shipway, Kent; E. Ekwall; Dictionary of English Place-Names; Wallenberg; Kentish Place-Names; A.D. Mills; Dictionary of English Place-Names; Cameron; Dictionary of Lincolnshire Place-names"
Nettlestead,'Nettle homestead'.,"hām-stede Old English - A homestead, the site of a dwelling.; netel Old English - A nettle.",A.D. Mills; Dictionary of English Place-Names; Watts; Cambridge Dictionary of English Place-names; Wallenberg; The Place-Names of Kent; Wallenberg; Kentish Place-Names; E. Ekwall; Dictionary of English Place-Names
New Romney,"Originally a river-name, from OE ea 'river' and an uncertain first element, possibly *Rumen 'the broad one' (which may be an old name for Romney Marsh), or perhaps an OE masculine personal name *Rumen. Intriguingly a priest named Romanus appears to have o",ēa Old English - A river.; Personal name (Old English) Old English - Personal name; Place-name Unknown - Place-name,"Wallenberg; The Place-Names of Kent; A.D. Mills; Dictionary of English Place-Names; E. Ekwall; Dictionary of English Place-Names; Cullen; The Place-names of the Lathes of St Augustine and Shipway, Kent; Watts; Cambridge Dictionary of English Place-names"
Newchurch,'New church'.,cirice Old English - A church.; nīwe Old English - New.,"Cullen; The Place-names of the Lathes of St Augustine and Shipway, Kent; A.D. Mills; Dictionary of English Place-Names; E. Ekwall; Dictionary of English Place-Names; Watts; Cambridge Dictionary of English Place-names; Wallenberg; The Place-Names of Kent"
Newenden,'New woodland-pasture'.,denn Old English; nīwe Old English - New.,Watts; Cambridge Dictionary of English Place-names; E. Ekwall; Dictionary of English Place-Names; A.D. Mills; Dictionary of English Place-Names; Ekwall; Studies1; Wallenberg; The Place-Names of Kent
Newington,'The new farm/settlement'. This is Newington-next-Hythe; the name recurs in Newington-next-Sittingbourne.,nīwe Old English - New.; tūn Old English - An enclosure; a farmstead; a village; an estate.,"E. Ekwall; Dictionary of English Place-Names; A.D. Mills; Dictionary of English Place-Names; Watts; Cambridge Dictionary of English Place-names; Ekwall; Studies1; Wallenberg; The Place-Names of Kent; Cullen; The Place-names of the Lathes of St Augustine and Shipway, Kent"
Newington,'The new farm/settlement'. This is Newington-next-Sittingbourne; the name recurs in Newington-next-Hythe.,nīwe Old English - New.; tūn Old English - An enclosure; a farmstead; a village; an estate.,Wallenberg; The Place-Names of Kent; A.D. Mills; Dictionary of English Place-Names; Watts; Cambridge Dictionary of English Place-names; Ekwall; Studies1; E. Ekwall; Dictionary of English Place-Names
Newnham,"Probably 'new homestead/village', but possibly 'new hemmed-in land'.","hām Old English - A village, a village community, a manor, an estate, a homestead.; hamm Old English - Land hemmed in by water or marsh (perhaps also by high ground); a river-meadow; cultivated plot on the edge of woodland or moor.; nīwe Old English - New.",Watts; Cambridge Dictionary of English Place-names; Ekwall; Studies1; Wallenberg; The Place-Names of Kent; A.D. Mills; Dictionary of English Place-Names; E. Ekwall; Dictionary of English Place-Names
Nonington,'Farm/settlement connected with Nunna'. Nunna is a monothematic masculine personal name.,"-ing- Old English - Connective particle, linking a first element to a final element.; Personal name (Old English) Old English - Personal name; tūn Old English - An enclosure; a farmstead; a village; an estate.","Watts; Cambridge Dictionary of English Place-names; Cullen; The Place-names of the Lathes of St Augustine and Shipway, Kent; E. Ekwall; Dictionary of English Place-Names; Wallenberg; The Place-Names of Kent; A.D. Mills; Dictionary of English Place-Names"
North Cray,"Named from the River Cray (a British river-name meaning 'fresh, clean'). Later distinguished as 'north' in relation to adjacent St Mary Cray and St Paul's Cray.","norð Old English - Northern, north.; River-name Unknown - River-name",E. Ekwall; Dictionary of English Place-Names; Watts; Cambridge Dictionary of English Place-names; Mills; Dictionary of London Place-Names; Wallenberg; The Place-Names of Kent; A.D. Mills; Dictionary of English Place-Names
Northbourne,'North stream'.,"burna Old English - A stream.; norð Old English - Northern, north.","Cameron; Dictionary of Lincolnshire Place-names; Watts; Cambridge Dictionary of English Place-names; Wallenberg; Kentish Place-Names; A.D. Mills; Dictionary of English Place-Names; Wallenberg; The Place-Names of Kent; E. Ekwall; Dictionary of English Place-Names; Cullen; The Place-names of the Lathes of St Augustine and Shipway, Kent"
Northfleet,"'Creek', later distinguished as 'north' in relation to adjacent Southfleet.","flēot Old English - An estuary, an inlet of the sea, a small stream.; norð Old English - Northern, north.",Watts; Cambridge Dictionary of English Place-names; E. Ekwall; Dictionary of English Place-Names; Wallenberg; Kentish Place-Names; A.D. Mills; Dictionary of English Place-Names; Wallenberg; The Place-Names of Kent
Norton,'North farm/settlement'.,"norð Old English - Northern, north.; tūn Old English - An enclosure; a farmstead; a village; an estate.",Wallenberg; The Place-Names of Kent; E. Ekwall; Dictionary of English Place-Names; Watts; Cambridge Dictionary of English Place-names
Nurstead,'Nut place'.,"hnutu Old English - A nut; topographically also a nut-bearing tree.; stede Old English - A place, a site, a locality; a religious house or foundation; a place of communal activity; a farm, a dairy-farm, an estate.",Wallenberg; The Place-Names of Kent; E. Ekwall; Dictionary of English Place-Names; Watts; Cambridge Dictionary of English Place-names
Oare,'Flat-topped ridge'.,"ōra Old English - A shore, hill-slope; possibly also the foot of a slope.  (Used in place-names only in the parts of southern England where Jutish and West Saxon dialects were operative.)",A.D. Mills; Dictionary of English Place-Names; Cameron; Dictionary of Lincolnshire Place-names; E. Ekwall; Dictionary of English Place-Names; Watts; Cambridge Dictionary of English Place-names; Wallenberg; The Place-Names of Kent
Offham,'Offa's homestead/village'. Offa is a monothematic masculine personal name.,"hām Old English - A village, a village community, a manor, an estate, a homestead.; Personal name (Old English) Old English - Personal name",Ekwall; Studies1; A.D. Mills; Dictionary of English Place-Names; E. Ekwall; Dictionary of English Place-Names; Watts; Cambridge Dictionary of English Place-names; Wallenberg; The Place-Names of Kent; Wallenberg; Kentish Place-Names
Old Romney,"Originally a river-name, from OE ea 'river' and an uncertain first element, possibly *Rumen 'the broad one' (which may be an old name for Romney Marsh), or perhaps an OE masculine personal name *Rumen. Intriguingly a priest named Romanus appears to have o",ēa Old English - A river.; Personal name (Old English) Old English - Personal name; Place-name Unknown - Place-name,"Cullen; The Place-names of the Lathes of St Augustine and Shipway, Kent; Watts; Cambridge Dictionary of English Place-names; E. Ekwall; Dictionary of English Place-Names; A.D. Mills; Dictionary of English Place-Names; Wallenberg; The Place-Names of Kent; Wallenberg; Kentish Place-Names"
Orgarswick,'Ordgar's specialized farm'. Ordgar is a dithematic masculine personal name.,"Personal name (Old English) Old English - Personal name; wīc Old English - A dwelling; a building or collection of buildings for special purposes; a farm, a dairy farm; a trading or industrial settlement; or (in the plural) a hamlet, village.","Watts; Cambridge Dictionary of English Place-names; Wallenberg; The Place-Names of Kent; E. Ekwall; Dictionary of English Place-Names; Cullen; The Place-names of the Lathes of St Augustine and Shipway, Kent"
Orlestone,'Ordlaf's farm/settlement'. Ordlaf is a dithematic masculine personal name.,Personal name (Old English) Old English - Personal name; tūn Old English - An enclosure; a farmstead; a village; an estate.,"Wallenberg; The Place-Names of Kent; Cullen; The Place-names of the Lathes of St Augustine and Shipway, Kent; E. Ekwall; Dictionary of English Place-Names; Watts; Cambridge Dictionary of English Place-names"
Orpington,'Farm/settlement connected with *Orped'. *Orped is a monothematic masculine personal name.,"-ing- Old English - Connective particle, linking a first element to a final element.; Personal name (Old English) Old English - Personal name; tūn Old English - An enclosure; a farmstead; a village; an estate.",Wallenberg; Kentish Place-Names; Mills; Dictionary of London Place-Names; E. Ekwall; Dictionary of English Place-Names; Wallenberg; The Place-Names of Kent; Watts; Cambridge Dictionary of English Place-names; Scottish Variants (unspecified); A.D. Mills; Dictionary of English Place-Names
Ospringe,'Spring'.,"spring Old English - A spring, a well, the source of a stream.",Wallenberg; The Place-Names of Kent; A.D. Mills; Dictionary of English Place-Names; Wallenberg; Kentish Place-Names; Ekwall; English place-names in -ing (2nd ed.); E. Ekwall; Dictionary of English Place-Names; Watts; Cambridge Dictionary of English Place-names
Otford,'*Otta's ford'. *Otta is a monothematic masculine personal name.,ford Old English - A ford.; Personal name (Old English) Old English - Personal name,Cameron; Dictionary of Lincolnshire Place-names; Watts; Cambridge Dictionary of English Place-names; Wallenberg; Kentish Place-Names; A.D. Mills; Dictionary of English Place-Names; Wallenberg; The Place-Names of Kent; Ekwall; Studies1; E. Ekwall; Dictionary of English Place-Names
Otham,'*Otta's homestead/village'. *Otta is a monothematic masculine personal name.,"hām Old English - A village, a village community, a manor, an estate, a homestead.; Personal name (Old English) Old English - Personal name",Ekwall; Studies1; Wallenberg; Kentish Place-Names; E. Ekwall; Dictionary of English Place-Names; A.D. Mills; Dictionary of English Place-Names; Wallenberg; The Place-Names of Kent; Watts; Cambridge Dictionary of English Place-names
Otterden,'Woodland-pasture of the people of Oter'. Oter is a monothematic masculine personal name.,-ingas Old English - The people of . . . ; the people called after . . .; denn Old English; Personal name (Old English) Old English - Personal name,Wallenberg; The Place-Names of Kent; A.D. Mills; Dictionary of English Place-Names; E. Ekwall; Dictionary of English Place-Names; Watts; Cambridge Dictionary of English Place-names
Oxney,'Oxen enclosure'.,"hæg Old English - A fence, an enclosure.; oxa Old English - An ox.","Wallenberg; The Place-Names of Kent; Cullen; The Place-names of the Lathes of St Augustine and Shipway, Kent; E. Ekwall; Dictionary of English Place-Names; Watts; Cambridge Dictionary of English Place-names; Wallenberg; Kentish Place-Names"
Paddlesworth,'*P,Personal name (Old English) Old English - Personal name; worð Old English - An enclosure.,"Wallenberg; The Place-Names of Kent; E. Ekwall; Dictionary of English Place-Names; Watts; Cambridge Dictionary of English Place-names; Cullen; The Place-names of the Lathes of St Augustine and Shipway, Kent; A.D. Mills; Dictionary of English Place-Names"
Patrixbourne,"'(Estate called) Burna' [see Littlebourne], with later manorial affix from William Patricius who held the manor in the 12th century.",burna Old English - A stream.; Personal name (Uncertain) Unknown - Personal name,"Wallenberg; The Place-Names of Kent; Watts; Cambridge Dictionary of English Place-names; Cullen; The Place-names of the Lathes of St Augustine and Shipway, Kent; E. Ekwall; Dictionary of English Place-Names; A.D. Mills; Dictionary of English Place-Names; Cameron; Dictionary of Lincolnshire Place-names"
Pembury,Possibly 'fortification of the people of *Pepa or *Peppa'. *Pep(p)a is a monothematic masculine personal name.,-ingas Old English - The people of . . . ; the people called after . . .; burh Old English - A fortified place.; Personal name (Old English) Old English - Personal name,Winifred D. Abbott; Thesis on Kent; Wallenberg; The Place-Names of Kent; A.D. Mills; Dictionary of English Place-Names; Watts; Cambridge Dictionary of English Place-names; E. Ekwall; Dictionary of English Place-Names
Penge,'Wood head'. It was originally a wood or swine-pasture attached to Battersea manor.,cē¸d C; penn C,A.D. Mills; Dictionary of English Place-Names; E. Ekwall; Dictionary of English Place-Names; Watts; Cambridge Dictionary of English Place-names; Gover et al.; Place-names of Surrey
Penshurst,Possibly '*Pefen's wooded-hill'. *Pefen is a monothematic masculine personal name.,hyrst Old English - A wooded hill.; Personal name (Old English) Old English - Personal name,Wallenberg; The Place-Names of Kent; A.D. Mills; Dictionary of English Place-Names; Cameron; Dictionary of Lincolnshire Place-names; E. Ekwall; Dictionary of English Place-Names; Watts; Cambridge Dictionary of English Place-names; Winifred D. Abbott; Thesis on Kent
Petham,'Pit homestead/village' or 'hemmed-in land at a pit'. This is a difficult name as the referent of OE pytt is unclear and both OE ha:m or OE hamm seem plausible generics here (the early spellings are uniformly ambiguous bar one which favours hamm).,"hām Old English - A village, a village community, a manor, an estate, a homestead.; hamm Old English - Land hemmed in by water or marsh (perhaps also by high ground); a river-meadow; cultivated plot on the edge of woodland or moor.; pytt Old English - A pit, a natural hollow; an excavated hole, esp. one where minerals or other materials are got.","E. Ekwall; Dictionary of English Place-Names; Cullen; The Place-names of the Lathes of St Augustine and Shipway, Kent; Wallenberg; Kentish Place-Names; A.D. Mills; Dictionary of English Place-Names; Watts; Cambridge Dictionary of English Place-names; Wallenberg; The Place-Names of Kent; Ekwall; Studies1; Cameron; Dictionary of Lincolnshire Place-names"
Pluckley,'Plucca's wood/clearing'. Plucca is a monothematic masculine personal name.,"lēah Old English - A forest, wood, glade, clearing; (later) a pasture, meadow.; Personal name (Old English) Old English - Personal name","Cullen; The Place-names of the Lathes of St Augustine and Shipway, Kent; Watts; Cambridge Dictionary of English Place-names; E. Ekwall; Dictionary of English Place-Names; A.D. Mills; Dictionary of English Place-Names; Wallenberg; The Place-Names of Kent"
Postling,Possibly 'people of *Possel'. *Possel is a monothematic masculine personal name.,-ingas Old English - The people of . . . ; the people called after . . .; Personal name (Old English) Old English - Personal name,"E. Ekwall; Dictionary of English Place-Names; Ekwall; English place-names in -ing (2nd ed.); Watts; Cambridge Dictionary of English Place-names; Wallenberg; The Place-Names of Kent; Cullen; The Place-names of the Lathes of St Augustine and Shipway, Kent; A.D. Mills; Dictionary of English Place-Names"
Poulton,'Pool farm/settlement'.,pōl Old English - A pool.; tūn Old English - An enclosure; a farmstead; a village; an estate.,"Watts; Cambridge Dictionary of English Place-names; Wallenberg; The Place-Names of Kent; Cameron; Dictionary of Lincolnshire Place-names; E. Ekwall; Dictionary of English Place-Names; Cullen; The Place-names of the Lathes of St Augustine and Shipway, Kent"
Preston,"'Farm/settlement of the priests'. Preston was held in DB by the Abbot of St Augustine's, Canterbury. This is Preston-next-Wingham; the name recurs in Preston-next-Faversham.",prēost Old English - A priest.; tūn Old English - An enclosure; a farmstead; a village; an estate.,"Wallenberg; The Place-Names of Kent; E. Ekwall; Dictionary of English Place-Names; Cullen; The Place-names of the Lathes of St Augustine and Shipway, Kent; Watts; Cambridge Dictionary of English Place-names"
Preston,'Farm/settlement of the priests'. This is Preston-next-Faversham; the name recurs in Preston-next-Wingham.,prēost Old English - A priest.; tūn Old English - An enclosure; a farmstead; a village; an estate.,Wallenberg; Kentish Place-Names; E. Ekwall; Dictionary of English Place-Names; Watts; Cambridge Dictionary of English Place-names; Wallenberg; The Place-Names of Kent
Queenborough,"'The queen's borough', named after Queen Philippa, wife of Edward III.","burh Old English - A fortified place.; cwēn Old English - A queen, the wife or consort of a king.",Wallenberg; The Place-Names of Kent; A.D. Mills; Dictionary of English Place-Names; E. Ekwall; Dictionary of English Place-Names; Watts; Cambridge Dictionary of English Place-names; The Vocabulary of English Place-Names
Rainham,Probably 'homestead/village of the *Roegingas'. OE *Roegingas is a tribal name of uncertain meaning.,"-ingas Old English - The people of . . . ; the people called after . . .; hām Old English - A village, a village community, a manor, an estate, a homestead.",Wallenberg; The Place-Names of Kent; Wallenberg; Kentish Place-Names; E. Ekwall; Dictionary of English Place-Names; Watts; Cambridge Dictionary of English Place-names; A.D. Mills; Dictionary of English Place-Names; Ekwall; English place-names in -ing (2nd ed.)
Ridley,'Wood/clearing where reeds grow'.,"hrēod Old English - A reed, a rush; a reed-bed.; lēah Old English - A forest, wood, glade, clearing; (later) a pasture, meadow.",Watts; Cambridge Dictionary of English Place-names; Wallenberg; The Place-Names of Kent; Wallenberg; Kentish Place-Names; E. Ekwall; Dictionary of English Place-Names
Ringwould,Possibly 'forest of the people of Hre,-ingas Old English - The people of . . . ; the people called after . . .; Personal name (Old English) Old English - Personal name; wald Old English,"Cameron; Dictionary of Lincolnshire Place-names; Cullen; The Place-names of the Lathes of St Augustine and Shipway, Kent; Wallenberg; The Place-Names of Kent; E. Ekwall; Dictionary of English Place-Names; Wallenberg; Kentish Place-Names; A.D. Mills; Dictionary of English Place-Names; Watts; Cambridge Dictionary of English Place-names"
Ripple,'Strip of land'.,ripel Old English - A strip of land.,"Wallenberg; The Place-Names of Kent; E. Ekwall; Dictionary of English Place-Names; Watts; Cambridge Dictionary of English Place-names; Cullen; The Place-names of the Lathes of St Augustine and Shipway, Kent; A.D. Mills; Dictionary of English Place-Names"
River,"'River', referring to the River Dour.",rivere Middle English - A river.,"Watts; Cambridge Dictionary of English Place-names; Wallenberg; The Place-Names of Kent; E. Ekwall; Dictionary of English Place-Names; Cullen; The Place-names of the Lathes of St Augustine and Shipway, Kent"
Riverhead,'Landing-place for cattle'.,"hrīðer Old English - An ox, cattle.; hȳð Old English - A landing place on a river; an inland port.",Wallenberg; The Place-Names of Kent; E. Ekwall; Dictionary of English Place-Names; A.D. Mills; Dictionary of English Place-Names; Cameron; Dictionary of Lincolnshire Place-names; Watts; Cambridge Dictionary of English Place-names; Winifred D. Abbott; Thesis on Kent
Rochester,"Probably 'Roman town called *Hrofi'. *Hrofi seems to be a greatly reduced form of the British name Durobrivis, recorded in the 4th century, meaning 'walled town with bridges'.",ceaster Old English - A city; an old fortification; a Roman site.; duro- C; Place-name Unknown - Place-name,"Coates and Breeze, Celtic Voices English Places; Gelling; Signposts to the Past; Anderson; English Hundred-Names; E. Ekwall; Dictionary of English Place-Names; The Vocabulary of English Place-Names; Forsberg 1950; Contribution (L); Wallenberg; The Place-Names of Kent; Wallenberg; Kentish Place-Names; A.D. Mills; Dictionary of English Place-Names; Watts; Cambridge Dictionary of English Place-names"
Rodmersham,'*Hro,"hām Old English - A village, a village community, a manor, an estate, a homestead.; Personal name (Old English) Old English - Personal name",Wallenberg; The Place-Names of Kent; E. Ekwall; Dictionary of English Place-Names; Ekwall; Studies1; A.D. Mills; Dictionary of English Place-Names; Watts; Cambridge Dictionary of English Place-names
Rolvenden,'Woodland-pasture connected with Hro,"-ing- Old English - Connective particle, linking a first element to a final element.; denn Old English; Personal name (Old English) Old English - Personal name",Wallenberg; The Place-Names of Kent; A.D. Mills; Dictionary of English Place-Names; E. Ekwall; Dictionary of English Place-Names; Watts; Cambridge Dictionary of English Place-names
Royal Tunbridge Wells,Seemingly 'bridge of the town'. Wells refers to the medicinal springs discovered here in the 17th century. The affix Royal was bestowed on the town by Edward VII.,brycg Old English - A bridge; a causeway.; roial Old French - Royal; tūn Old English - An enclosure; a farmstead; a village; an estate.; wella Old English,Wallenberg; The Place-Names of Kent; A.D. Mills; Dictionary of English Place-Names; E. Ekwall; Dictionary of English Place-Names; Watts; Cambridge Dictionary of English Place-names
Ruckinge,"'Place frequented by rooks', or '*Hroc's place'. The former is probably more likely. Note that, as with Hawkinge, the place-name seems to recur in Kent. *Hroc is a monothematic masculine personal name.",-ing Old English - Place-name forming suffix.; hrōc Old English - A rook.; Personal name (Old English) Old English - Personal name,"Ekwall; English place-names in -ing (2nd ed.); Watts; Cambridge Dictionary of English Place-names; E. Ekwall; Dictionary of English Place-Names; Wallenberg; Kentish Place-Names; A.D. Mills; Dictionary of English Place-Names; Wallenberg; The Place-Names of Kent; Cullen; The Place-names of the Lathes of St Augustine and Shipway, Kent"
Ryarsh,'Arable land used for rye'.,"ersc Old English - A ploughed field, especially newly broken-in land.; ryge Old English - Rye.",Watts; Cambridge Dictionary of English Place-names; Wallenberg; The Place-Names of Kent; A.D. Mills; Dictionary of English Place-Names; Cameron; Dictionary of Lincolnshire Place-names; E. Ekwall; Dictionary of English Place-Names
Saltwood,'Wood where salt is processed'. Gelling (LPN:260) suggests that the wood provided timber for salt production (i.e. fuel for salt boiling).,"salt Old English; wudu Old English - A wood; or wood, timber.","A.D. Mills; Dictionary of English Place-Names; Cullen; The Place-names of the Lathes of St Augustine and Shipway, Kent; Watts; Cambridge Dictionary of English Place-names; E. Ekwall; Dictionary of English Place-Names; Cameron; Dictionary of Lincolnshire Place-names; Wallenberg; The Place-Names of Kent; Wallenberg; Kentish Place-Names"
Sandhurst,'Sandy wooded-hill'.,hyrst Old English - A wooded hill.; sand Old English - Sand.,Wallenberg; The Place-Names of Kent; A.D. Mills; Dictionary of English Place-Names; Cameron; Dictionary of Lincolnshire Place-names; Wallenberg; Kentish Place-Names; E. Ekwall; Dictionary of English Place-Names; Watts; Cambridge Dictionary of English Place-names
Sandwich,'Trading-centre on sand'. Sandwich is known to have been a trading settlement in the early Anglo-Saxon period.,"sand Old English - Sand.; wīc Old English - A dwelling; a building or collection of buildings for special purposes; a farm, a dairy farm; a trading or industrial settlement; or (in the plural) a hamlet, village.","Wallenberg; The Place-Names of Kent; Watts; Cambridge Dictionary of English Place-names; Cullen; The Place-names of the Lathes of St Augustine and Shipway, Kent; A.D. Mills; Dictionary of English Place-Names; E. Ekwall; Dictionary of English Place-Names; Wallenberg; Kentish Place-Names"
Sarre,"Obscure in origin and meaning, but possibly an old pre-English name for the River Wantsum. An attractive alternative proposal (CVEP:315) derives the name from Late British sarn- 'causeway' in the dual form sarnu, hence 'two causeways'.",sarn C,"Cullen; The Place-names of the Lathes of St Augustine and Shipway, Kent; A.D. Mills; Dictionary of English Place-Names; E. Ekwall; Dictionary of English Place-Names; Wallenberg; The Place-Names of Kent; Coates and Breeze, Celtic Voices English Places; Wallenberg; Kentish Place-Names; Watts; Cambridge Dictionary of English Place-names"
Seal,"Usually interpreted as either 'hall' (OE sele) or 'sallow-tree copse' (OE *sele), though a recent interpretation as 'miry place' (OE syle) is more attractive.","sele Old English - A dwelling, a house, a hall.; syle Old English",Watts; Cambridge Dictionary of English Place-names; Wallenberg; The Place-Names of Kent; A.D. Mills; Dictionary of English Place-Names; E. Ekwall; Dictionary of English Place-Names
Seasalter,'Salt-works on the sea'. The remains of medieval salt-workings are still visible in the marshes here.,"sǣ Old English - A lake; sea.  Usually means ""sea"" when used as a first element, and ""lake"" when used as a second element.; salt-ærn Old English - A building where salt was made or sold.","E. Ekwall; Dictionary of English Place-Names; Watts; Cambridge Dictionary of English Place-names; Cullen; The Place-names of the Lathes of St Augustine and Shipway, Kent; Wallenberg; Kentish Place-Names; Wallenberg; The Place-Names of Kent; A.D. Mills; Dictionary of English Place-Names"
Sellindge,This difficult name seems to be identical with that of Selling. Probably either '(settlement of) those sharing a house or building' or 'place characterized by a house or building'.,"-ing Old English - Place-name forming suffix.; -ingas Old English - The people of . . . ; the people called after . . .; setl Old English - A seat, an abode, a dwelling; sometimes probably used to indicate a lofty setting.","A.D. Mills; Dictionary of English Place-Names; Cullen; The Place-names of the Lathes of St Augustine and Shipway, Kent; Ekwall; English place-names in -ing (2nd ed.); E. Ekwall; Dictionary of English Place-Names; Wallenberg; The Place-Names of Kent; Watts; Cambridge Dictionary of English Place-names"
Selling,This difficult name seems to be identical with that of Sellindge. Probably either '(settlement of) those sharing a house or building' or 'place characterized by a house or building'.,"-ing Old English - Place-name forming suffix.; -ingas Old English - The people of . . . ; the people called after . . .; setl Old English - A seat, an abode, a dwelling; sometimes probably used to indicate a lofty setting.",Ekwall; English place-names in -ing (2nd ed.); Watts; Cambridge Dictionary of English Place-names; Wallenberg; Kentish Place-Names; A.D. Mills; Dictionary of English Place-Names; Wallenberg; The Place-Names of Kent; E. Ekwall; Dictionary of English Place-Names
Sevenoaks,'Seven oak-trees'.,āc Old English - An oak-tree.; seofon Old English - Seven.,Wallenberg; The Place-Names of Kent; A.D. Mills; Dictionary of English Place-Names; Wallenberg; Kentish Place-Names; E. Ekwall; Dictionary of English Place-Names; Watts; Cambridge Dictionary of English Place-names; Winifred D. Abbott; Thesis on Kent
Sevenoaks Weald,'Forest' (adjacent to Sevenoaks).,Place-name Unknown - Place-name; wald Old English,Wallenberg; The Place-Names of Kent; Watts; Cambridge Dictionary of English Place-names
Sevington,'S,Personal name (Old English) Old English - Personal name; tūn Old English - An enclosure; a farmstead; a village; an estate.,"Hough; Women in English Place-names; Watts; Cambridge Dictionary of English Place-names; E. Ekwall; Dictionary of English Place-Names; A.D. Mills; Dictionary of English Place-Names; Wallenberg; The Place-Names of Kent; Cullen; The Place-names of the Lathes of St Augustine and Shipway, Kent"
Shadoxhurst,"OE hyrst 'wooded-hill' with an uncertain first element, probably a personal name or surname.",hyrst Old English - A wooded hill.,Wallenberg; The Place-Names of Kent; A.D. Mills; Dictionary of English Place-Names; Cameron; Dictionary of Lincolnshire Place-names; E. Ekwall; Dictionary of English Place-Names; Watts; Cambridge Dictionary of English Place-names
Sheerness,Probably 'bright headland'. Alternatively the first element may be OE scear 'plough-share' alluding to the shape of the headland.,"næss Old English; scīr Old English - A shire, a jurisdiction, an administrative district, a county.",Watts; Cambridge Dictionary of English Place-names; Wallenberg; The Place-Names of Kent; A.D. Mills; Dictionary of English Place-Names; Cameron; Dictionary of Lincolnshire Place-names; E. Ekwall; Dictionary of English Place-Names
Sheldwich,"The elements are evidently OE sceld 'shield, shelter' and OE wic 'specialized farm, trading-centre', though the sense of the compound is uncertain.","sceld Old English; wīc Old English - A dwelling; a building or collection of buildings for special purposes; a farm, a dairy farm; a trading or industrial settlement; or (in the plural) a hamlet, village.",Watts; Cambridge Dictionary of English Place-names; E. Ekwall; Dictionary of English Place-Names; Wallenberg; The Place-Names of Kent; A.D. Mills; Dictionary of English Place-Names; Wallenberg; Kentish Place-Names
Shepherdswell als Sibertswold,'Swi,Personal name (Old English) Old English - Personal name; wald Old English,"Watts; Cambridge Dictionary of English Place-names; Wallenberg; The Place-Names of Kent; Cameron; Dictionary of Lincolnshire Place-names; Wallenberg; Kentish Place-Names; E. Ekwall; Dictionary of English Place-Names; Cullen; The Place-names of the Lathes of St Augustine and Shipway, Kent"
Shipbourne,'Sheep stream'.,burna Old English - A stream.; scēp Old English,Cameron; Dictionary of Lincolnshire Place-names; Winifred D. Abbott; Thesis on Kent; E. Ekwall; Dictionary of English Place-Names; The Vocabulary of English Place-Names; Watts; Cambridge Dictionary of English Place-names; A.D. Mills; Dictionary of English Place-Names; Wallenberg; The Place-Names of Kent
Sholden,"Possibly 'shovel-shaped hill'. The hill could indeed be seen to resemble a shovel, on the map at least, with Sholden village sitting upon the blade and a spur stretching into marshland to the north-west as the handle, though such a bird's-eye perspective","dūn Old English - A hill.; scofl Old English - A shovel; perhaps something resembling the hollow blade of a shovel, or something the width of a shovel, eg. a narrow strip.","Wallenberg; The Place-Names of Kent; A.D. Mills; Dictionary of English Place-Names; Wallenberg; Kentish Place-Names; Watts; Cambridge Dictionary of English Place-names; E. Ekwall; Dictionary of English Place-Names; Cullen; The Place-names of the Lathes of St Augustine and Shipway, Kent; Cameron; Dictionary of Lincolnshire Place-names"
Shoreham,'Homestead/village at a steep bank or slope'.,"hām Old English - A village, a village community, a manor, an estate, a homestead.; scora Old English - The shore of the sea or a lake, a river-bank, a precipitous slope.",Wallenberg; Kentish Place-Names; Winifred D. Abbott; Thesis on Kent; E. Ekwall; Dictionary of English Place-Names; Wallenberg; The Place-Names of Kent; Ekwall; Studies1; Watts; Cambridge Dictionary of English Place-names; A.D. Mills; Dictionary of English Place-Names
Shorne,'Steep place'.,"scoren Old English - A steep, precipitous place.",Wallenberg; The Place-Names of Kent; A.D. Mills; Dictionary of English Place-Names; E. Ekwall; Dictionary of English Place-Names; Watts; Cambridge Dictionary of English Place-names; Winifred D. Abbott; Thesis on Kent
Sittingbourne,Apparently 'stream of the dwellers on the slope'.,-ingas Old English - The people of . . . ; the people called after . . .; burna Old English - A stream.; sīde Old English - A side; a long hill-slope.,E. Ekwall; Dictionary of English Place-Names; Watts; Cambridge Dictionary of English Place-names; Cameron; Dictionary of Lincolnshire Place-names; Wallenberg; The Place-Names of Kent; The Vocabulary of English Place-Names; Winifred D. Abbott; Thesis on Kent; A.D. Mills; Dictionary of English Place-Names
Smarden,"Perhaps 'woodland-pasture where lard is produced'. Alternatively, OE smeoru ('lard, fat, grease, butter') might here be used in allusion to rich pasturge, hence 'woodland-pasture where there is good grazing', or possibly in reference to greasy soil.","denn Old English; smeoru Old English - Fat, grease, lard; alluding to rich pasture, productive of butter, etc.","E. Ekwall; Dictionary of English Place-Names; Wallenberg; The Place-Names of Kent; Cameron; Dictionary of Lincolnshire Place-names; Cullen; The Place-names of the Lathes of St Augustine and Shipway, Kent; A.D. Mills; Dictionary of English Place-Names; Watts; Cambridge Dictionary of English Place-names"
Smeeth,'Smithy'.,"smiððe Old English - A smithy, a metal worker's shop.","Wallenberg; The Place-Names of Kent; A.D. Mills; Dictionary of English Place-Names; E. Ekwall; Dictionary of English Place-Names; Cullen; The Place-names of the Lathes of St Augustine and Shipway, Kent; Watts; Cambridge Dictionary of English Place-names"
Snargate,"'Snare gate'. The reference may be to a gate where snares for animals are placed, or to some form of fish trap.","geat Old English - A hole, an opening, a gap, a pass, a passage; a gate(way).; sneare Old English - A snare, a trap.","E. Ekwall; Dictionary of English Place-Names; Cullen; The Place-names of the Lathes of St Augustine and Shipway, Kent; Wallenberg; The Place-Names of Kent; Watts; Cambridge Dictionary of English Place-names; A.D. Mills; Dictionary of English Place-Names"
Snave,'Spit of land'. Snave stands on a creek ridge in Romney Marsh.,snafa Old English - A spit or strip of land.,"A.D. Mills; Dictionary of English Place-Names; Watts; Cambridge Dictionary of English Place-names; Wallenberg; The Place-Names of Kent; E. Ekwall; Dictionary of English Place-Names; Cullen; The Place-names of the Lathes of St Augustine and Shipway, Kent"
Snodland,'Cultivated land connected with *Snodd'. *Snodd is a monothematic masculine personal name.,"-ing- Old English - Connective particle, linking a first element to a final element.; land Old English - Land (as part of earth's surface); an estate; possibly also new arable area.  In minor and field names: strip in a field-system.; Personal name (Old English) Old English - Personal name",E. Ekwall; Dictionary of English Place-Names; Watts; Cambridge Dictionary of English Place-names; Wallenberg; Kentish Place-Names; Wallenberg; The Place-Names of Kent; A.D. Mills; Dictionary of English Place-Names; Cameron; Dictionary of Lincolnshire Place-names
Southborough,"'Southern borough', this being the southernmost borough (= tithing) of Tonbridge.","borg Old English - A pledge, security.; sūð Old English - South, southern.",A.D. Mills; Dictionary of English Place-Names; E. Ekwall; Dictionary of English Place-Names; Watts; Cambridge Dictionary of English Place-names; Wallenberg; The Place-Names of Kent
Southfleet,"'Creek', later distinguished as 'south' in relation to adjacent Northfleet.","flēot Old English - An estuary, an inlet of the sea, a small stream.; sūð Old English - South, southern.",A.D. Mills; Dictionary of English Place-Names; Watts; Cambridge Dictionary of English Place-names; Wallenberg; The Place-Names of Kent; Wallenberg; Kentish Place-Names; E. Ekwall; Dictionary of English Place-Names; Cameron; Dictionary of Lincolnshire Place-names
Speldhurst,'Wooded-hill where wood-chips are found'.,"hyrst Old English - A wooded hill.; speld Old English - A chip, a splinter. (Only recorded in OE meaning an ember, a torch.",Wallenberg; Kentish Place-Names; Cameron; Dictionary of Lincolnshire Place-names; Watts; Cambridge Dictionary of English Place-names; Wallenberg; The Place-Names of Kent; A.D. Mills; Dictionary of English Place-Names; E. Ekwall; Dictionary of English Place-Names
St Dunstan Without,The church is dedicated to St Dunstan. The parish lies outside Canterbury County borough boundary (hence 'without' = 'outside').,wið-ūtan Old English - Outside (the city walls).,"Cullen; The Place-names of the Lathes of St Augustine and Shipway, Kent; Watts; Cambridge Dictionary of English Place-names; Wallenberg; The Place-Names of Kent"
St John the Baptist,The church is dedicated to St John the Baptist.,Saint's Name Unknown - Saint's name.,"Watts; Cambridge Dictionary of English Place-names; Wallenberg; The Place-Names of Kent; Cullen; The Place-names of the Lathes of St Augustine and Shipway, Kent"
St Lawrence,The church is dedicated to St Lawrence.,Saint's Name Unknown - Saint's name.,"Wallenberg; The Place-Names of Kent; A.D. Mills; Dictionary of English Place-Names; Cullen; The Place-names of the Lathes of St Augustine and Shipway, Kent; Watts; Cambridge Dictionary of English Place-names"
St Margaret's at Cliffe,'Cliff'. The church is dedicated to St Margaret.,"clif Old English - An escarpment, a hill-slope; a river-bank.; Saint's Name Unknown - Saint's name.","Watts; Cambridge Dictionary of English Place-names; Wallenberg; The Place-Names of Kent; A.D. Mills; Dictionary of English Place-Names; Cullen; The Place-names of the Lathes of St Augustine and Shipway, Kent"
St Mary Cray,"Named from the River Cray (a British river-name meaning 'fresh, clean'). The affix is from the dedication of the church to St Mary.",River-name Unknown - River-name; Saint's Name Unknown - Saint's name.,Wallenberg; The Place-Names of Kent; A.D. Mills; Dictionary of English Place-Names; Mills; Dictionary of London Place-Names; E. Ekwall; Dictionary of English Place-Names; Watts; Cambridge Dictionary of English Place-names
St Mary in the Marsh,"Earlier forms are regularly of the type 'Seyntemariecherche', hence 'church dedicated to St Mary', with much later replacement of 'church' by the affix 'in the Marsh'.",cirice Old English - A church.; Saint's Name Unknown - Saint's name.,"Watts; Cambridge Dictionary of English Place-names; Cullen; The Place-names of the Lathes of St Augustine and Shipway, Kent; Wallenberg; The Place-Names of Kent; A.D. Mills; Dictionary of English Place-Names"
St Mary's Hoo,"'Spur of land', with the affix St Mary from the dedication of the church.",hōh Old English - A heel; a sharply projecting piece of ground.; Saint's Name Unknown - Saint's name.,Wallenberg; The Place-Names of Kent; Watts; Cambridge Dictionary of English Place-names; E. Ekwall; Dictionary of English Place-Names; Cameron; Dictionary of Lincolnshire Place-names; A.D. Mills; Dictionary of English Place-Names
St Nicholas at Wade,The church is dedicated to St Nicholas. Wade is OE ge-w,Saint's Name Unknown - Saint's name.; wæd Old English - A ford.,"Watts; Cambridge Dictionary of English Place-names; Wallenberg; The Place-Names of Kent; A.D. Mills; Dictionary of English Place-Names; Cameron; Dictionary of Lincolnshire Place-names; E. Ekwall; Dictionary of English Place-Names; Cullen; The Place-names of the Lathes of St Augustine and Shipway, Kent"
St Paul's Cray,"Named from the River Cray (a British river-name meaning 'fresh, clean'). The affix is from the dedication of the church to St Paulinus.",River-name Unknown - River-name; Saint's Name Unknown - Saint's name.,Wallenberg; The Place-Names of Kent; Watts; Cambridge Dictionary of English Place-names; E. Ekwall; Dictionary of English Place-Names; A.D. Mills; Dictionary of English Place-Names; Mills; Dictionary of London Place-Names
St Peter's,The church is dedicated to St Peter.,Saint's Name Unknown - Saint's name.,"Wallenberg; The Place-Names of Kent; Cullen; The Place-names of the Lathes of St Augustine and Shipway, Kent; A.D. Mills; Dictionary of English Place-Names; Watts; Cambridge Dictionary of English Place-names"
Stalisfield,Probably 'open land of the stall'.,"feld Old English - Open country, unencumbered ground (eg. land without trees as opposed to forest, level ground as opposed to hills, land without buildings); arable land (from late tenth century).; stall Old English",Wallenberg; The Place-Names of Kent; A.D. Mills; Dictionary of English Place-Names; Wallenberg; Kentish Place-Names; Cameron; Dictionary of Lincolnshire Place-names; E. Ekwall; Dictionary of English Place-Names; Watts; Cambridge Dictionary of English Place-names
Stanford,'Stone ford'. The Canterbury-Lympne Roman road Stone Street (Margary no. 12) crosses the East Stour River here.,"ford Old English - A ford.; stān Old English - A stone, stone, rock.","E. Ekwall; Dictionary of English Place-Names; Cullen; The Place-names of the Lathes of St Augustine and Shipway, Kent; Watts; Cambridge Dictionary of English Place-names; A.D. Mills; Dictionary of English Place-Names; Wallenberg; The Place-Names of Kent; Cameron; Dictionary of Lincolnshire Place-names"
Stansted,'Stone place'.,"stān Old English - A stone, stone, rock.; stede Old English - A place, a site, a locality; a religious house or foundation; a place of communal activity; a farm, a dairy-farm, an estate.",E. Ekwall; Dictionary of English Place-Names; Wallenberg; The Place-Names of Kent; Wallenberg; Kentish Place-Names; Watts; Cambridge Dictionary of English Place-names; A.D. Mills; Dictionary of English Place-Names
Staple,"'Post'. It is noteworthy that Staple church abuts the (former) parish boundary, suggesting that OE stapol is used here, as often, of a boundary-marker.","stapol Old English - A post, a pillar.","A.D. Mills; Dictionary of English Place-Names; E. Ekwall; Dictionary of English Place-Names; Cullen; The Place-names of the Lathes of St Augustine and Shipway, Kent; Watts; Cambridge Dictionary of English Place-names; Wallenberg; The Place-Names of Kent"
Staplehurst,"'Wooded-hill at a post'. Formally the name could be taken to mean 'wooded-hill where posts are obtained', but the location of Staplehurst church upon the boundary of Cranbook Hundred and Marden Hundred suggests that OE stapol is used here, as often, in th","hyrst Old English - A wooded hill.; stapol Old English - A post, a pillar.",E. Ekwall; Dictionary of English Place-Names; Watts; Cambridge Dictionary of English Place-names; Wallenberg; The Place-Names of Kent; A.D. Mills; Dictionary of English Place-Names; Cameron; Dictionary of Lincolnshire Place-names
Stelling,"Possibly 'people of *Stealla'. *Stealla is a monothematic masculine personal name. Alternatively OE *stealling 'a stall, a cattle shelter' (surviving in dialect as stelling 'a cattle fold').",-ingas Old English - The people of . . . ; the people called after . . .; Personal name (Old English) Old English - Personal name; stelling Old English,"Ekwall; English place-names in -ing (2nd ed.); Watts; Cambridge Dictionary of English Place-names; E. Ekwall; Dictionary of English Place-Names; Cullen; The Place-names of the Lathes of St Augustine and Shipway, Kent; A.D. Mills; Dictionary of English Place-Names; Wallenberg; The Place-Names of Kent"
Stelling Minnis,OE m,"mǣnnes Old English - A community; common land, a common holding.","A.D. Mills; Dictionary of English Place-Names; Cullen; The Place-names of the Lathes of St Augustine and Shipway, Kent; Watts; Cambridge Dictionary of English Place-names"
Stockbury,'Woodland-pasture of the dwellers at the secondary settlement'.,"-ingas Old English - The people of . . . ; the people called after . . .; bǣr Old English - Pasture, especially pasture in woodland for swine.; stoc Old English - A place, a secondary settlement.",E. Ekwall; Dictionary of English Place-Names; Watts; Cambridge Dictionary of English Place-names; A.D. Mills; Dictionary of English Place-Names; Wallenberg; The Place-Names of Kent
Stodmarsh,'Marsh where a stud of horses is kept'.,"mersc Old English - A marsh.; stōd Old English - A stud, a herd of horses.","Cullen; The Place-names of the Lathes of St Augustine and Shipway, Kent; Wallenberg; The Place-Names of Kent; Watts; Cambridge Dictionary of English Place-names; E. Ekwall; Dictionary of English Place-Names; Cameron; Dictionary of Lincolnshire Place-names; Wallenberg; Kentish Place-Names; A.D. Mills; Dictionary of English Place-Names"
Stoke,'Secondary settlement'.,"stoc Old English - A place, a secondary settlement.",Wallenberg; The Place-Names of Kent; Wallenberg; Kentish Place-Names; E. Ekwall; Dictionary of English Place-Names; Watts; Cambridge Dictionary of English Place-names; Scottish Variants (unspecified)
Stonar,'Stone shore'.,"ōra Old English - A shore, hill-slope; possibly also the foot of a slope.  (Used in place-names only in the parts of southern England where Jutish and West Saxon dialects were operative.); stān Old English - A stone, stone, rock.","Cameron; Dictionary of Lincolnshire Place-names; Wallenberg; The Place-Names of Kent; Cullen; The Place-names of the Lathes of St Augustine and Shipway, Kent; Watts; Cambridge Dictionary of English Place-names; E. Ekwall; Dictionary of English Place-Names"
Stone,'Stone'. The name possibly refers to the Roman altar preserved in Stone church. This is Stone-in-Oxney; the name recurs in Stone-near-Dartford and Stone-next-Faversham.,"stān Old English - A stone, stone, rock.","Wallenberg; The Place-Names of Kent; E. Ekwall; Dictionary of English Place-Names; Cullen; The Place-names of the Lathes of St Augustine and Shipway, Kent; Watts; Cambridge Dictionary of English Place-names"
Stone,'Stone'. This is Stone-next-Faversham; the name recurs in Stone-near-Dartford and Stone-in-Oxney.,"stān Old English - A stone, stone, rock.",Wallenberg; The Place-Names of Kent; E. Ekwall; Dictionary of English Place-Names; Watts; Cambridge Dictionary of English Place-names
Stone,'Stone'. This is Stone-near-Dartford; the name recurs in Stone-next-Faversham and Stone-in-Oxney.,"stān Old English - A stone, stone, rock.",Watts; Cambridge Dictionary of English Place-names; A.D. Mills; Dictionary of English Place-Names; Wallenberg; Kentish Place-Names; E. Ekwall; Dictionary of English Place-Names; Wallenberg; The Place-Names of Kent
Stourmouth,'Mouth of the River Stour'. Stour is an Old European river-name of uncertain meaning.,"mūða Old English - The mouth of a large river, an estuary.; River-name Unknown - River-name","Watts; Cambridge Dictionary of English Place-names; Cullen; The Place-names of the Lathes of St Augustine and Shipway, Kent; E. Ekwall; Dictionary of English Place-Names; Wallenberg; The Place-Names of Kent; A.D. Mills; Dictionary of English Place-Names"
Stowting,"Probably 'place characterized by a hillock', perhaps with reference to the ancient mound reused in the motte & bailey Stowting Castle. Alternatively 'place connected with *Stut'. *Stut is a monothematic masculine personal name.",-ing Old English - Place-name forming suffix.; Personal name (Old English) Old English - Personal name; stūt Old English - A gnat.,"Wallenberg; The Place-Names of Kent; A.D. Mills; Dictionary of English Place-Names; Ekwall; English place-names in -ing (2nd ed.); E. Ekwall; Dictionary of English Place-Names; Cullen; The Place-names of the Lathes of St Augustine and Shipway, Kent; Watts; Cambridge Dictionary of English Place-names"
Strood,'Marshy land overgrown with brushwood'.,strōd Old English - Marshy land overgrown with brushwood. (Recorded only in charter-boundaries and Old English place-name spellings.),Cameron; Dictionary of Lincolnshire Place-names; E. Ekwall; Dictionary of English Place-Names; Watts; Cambridge Dictionary of English Place-names; Wallenberg; The Place-Names of Kent; A.D. Mills; Dictionary of English Place-Names; Wallenberg; Kentish Place-Names
Sturry,'District on the River Stour'. Stour is an Old European river-name of uncertain meaning.,gē Old English; River-name Unknown - River-name,"Scottish Variants (unspecified); Wallenberg; The Place-Names of Kent; A.D. Mills; Dictionary of English Place-Names; Wallenberg; Kentish Place-Names; E. Ekwall; Dictionary of English Place-Names; Cullen; The Place-names of the Lathes of St Augustine and Shipway, Kent; Watts; Cambridge Dictionary of English Place-names; Gelling; Signposts to the Past"
Sundridge,'Detached arable land'.,"ersc Old English - A ploughed field, especially newly broken-in land.; sundor Old English - Asunder, apart; alluding to land or property detached or separated from an estate, or to land or property of a special kind, e.g. private or privileged.",Cameron; Dictionary of Lincolnshire Place-names; E. Ekwall; Dictionary of English Place-Names; A.D. Mills; Dictionary of English Place-Names; Wallenberg; The Place-Names of Kent; Watts; Cambridge Dictionary of English Place-names
Sutton,"'South farm/settlement'. The relationship in question is uncertain, but Sutton is perhaps most likely the south farm (and southerly church) of Northbourne. This is Sutton near Deal; the name recurs in Sutton at Hone and Sutton Valence/East Sutton.","sūð Old English - South, southern.; tūn Old English - An enclosure; a farmstead; a village; an estate.","Wallenberg; The Place-Names of Kent; E. Ekwall; Dictionary of English Place-Names; Cullen; The Place-names of the Lathes of St Augustine and Shipway, Kent; Watts; Cambridge Dictionary of English Place-names"
Sutton at Hone,'South farm/settlement'. The affix is 'at the (boundary) stone' from OE han. The name recurs in Sutton (near Deal) and Sutton Valence/East Sutton.,"hān Old English - A hone, a stone, a boundary-stone, a rock.; sūð Old English - South, southern.; tūn Old English - An enclosure; a farmstead; a village; an estate.",Wallenberg; The Place-Names of Kent; A.D. Mills; Dictionary of English Place-Names; E. Ekwall; Dictionary of English Place-Names; Watts; Cambridge Dictionary of English Place-names
Sutton Valence,"'South farm/settlement'. The manorial affix, from the Valence family here in the 13th century, distinguishes this parish from the adjacent East Sutton. The name also recurs independently in Sutton (near Deal) and Sutton at Hone.","Personal name (Uncertain) Unknown - Personal name; sūð Old English - South, southern.; tūn Old English - An enclosure; a farmstead; a village; an estate.",Wallenberg; Kentish Place-Names; E. Ekwall; Dictionary of English Place-Names; Wallenberg; The Place-Names of Kent; Watts; Cambridge Dictionary of English Place-names
Swalecliffe,"Probably 'swallow cliff', OE clif used here of a low river-bank. The recurrence of this name in Swalcliffe (Oxfords.) and Swallowcliffe (Wilts.) argues against the alternative interpretation 'bank by (the estuary of) the River Swale' (now some 4 miles awa","clif Old English - An escarpment, a hill-slope; a river-bank.; River-name Unknown - River-name; swalwe Old English","Wallenberg; The Place-Names of Kent; A.D. Mills; Dictionary of English Place-Names; Cameron; Dictionary of Lincolnshire Place-names; Watts; Cambridge Dictionary of English Place-names; E. Ekwall; Dictionary of English Place-Names; Cullen; The Place-names of the Lathes of St Augustine and Shipway, Kent; Wallenberg; Kentish Place-Names"
Swanscombe,'Field/enclosure of the herdsman'.,"camp Old English - A field, an enclosed piece of land.; swan Old English - A swan.",E. Ekwall; Dictionary of English Place-Names; Watts; Cambridge Dictionary of English Place-names; Wallenberg; Kentish Place-Names; Wallenberg; The Place-Names of Kent; Gelling; Signposts to the Past; The Vocabulary of English Place-Names; A.D. Mills; Dictionary of English Place-Names
Swingfield,'Open land where pigs are kept'.,"feld Old English - Open country, unencumbered ground (eg. land without trees as opposed to forest, level ground as opposed to hills, land without buildings); arable land (from late tenth century).; swīn Old English - A swine, a pig.","Watts; Cambridge Dictionary of English Place-names; A.D. Mills; Dictionary of English Place-Names; E. Ekwall; Dictionary of English Place-Names; Cullen; The Place-names of the Lathes of St Augustine and Shipway, Kent; Wallenberg; The Place-Names of Kent"
Temple Ewell,'River-source'. There are springs here which feed the River Dour. The affix alludes to possession by the Knights Templar from the 12th cent.,ǣwell Old English; temple Middle English - A temple; usually in allusion to properties of the Knights Templar.,"Watts; Cambridge Dictionary of English Place-names; A.D. Mills; Dictionary of English Place-Names; E. Ekwall; Dictionary of English Place-Names; Cullen; The Place-names of the Lathes of St Augustine and Shipway, Kent; Wallenberg; The Place-Names of Kent"
Tenterden,"'Woodland-pasture of the people of Thanet'. The Isle of Thanet lies at the far north-eastern corner of Kent. Thanet is an ancient name, possibly Celtic, of uncertain meaning. If Celtic it may signify 'bright island' (with reference to a beacon?), or possi",-ware Old English - Dwellers.; denn Old English; Place-name Unknown - Place-name,Watts; Cambridge Dictionary of English Place-names; E. Ekwall; Dictionary of English Place-Names; Cameron; Dictionary of Lincolnshire Place-names; Wallenberg; Kentish Place-Names; Wallenberg; The Place-Names of Kent; A.D. Mills; Dictionary of English Place-Names
Teston,'Stone with a hole'.,"stān Old English - A stone, stone, rock.; tær Old English - Gaping, cleft, torn.",Wallenberg; Kentish Place-Names; Watts; Cambridge Dictionary of English Place-names; A.D. Mills; Dictionary of English Place-Names; Wallenberg; The Place-Names of Kent; E. Ekwall; Dictionary of English Place-Names; Winifred D. Abbott; Thesis on Kent
Teynham,Probably 'Tena's homestead/village'. *Tena is a monothematic masculine personal name.,"hām Old English - A village, a village community, a manor, an estate, a homestead.; Personal name (Old English) Old English - Personal name",E. Ekwall; Dictionary of English Place-Names; Watts; Cambridge Dictionary of English Place-names; Wallenberg; Kentish Place-Names; A.D. Mills; Dictionary of English Place-Names; Wallenberg; The Place-Names of Kent; Ekwall; Studies1
Thanington,Possibly 'farm/settlement connected with *Tan or *Tana'. *Tan(a) is a monothematic masculine personal name.,"-ing- Old English - Connective particle, linking a first element to a final element.; Personal name (Old English) Old English - Personal name; tūn Old English - An enclosure; a farmstead; a village; an estate.","Watts; Cambridge Dictionary of English Place-names; A.D. Mills; Dictionary of English Place-Names; E. Ekwall; Dictionary of English Place-Names; Cullen; The Place-names of the Lathes of St Augustine and Shipway, Kent; Wallenberg; The Place-Names of Kent"
Throwley,"'Wood/clearing at the trough', with reference to the pronounced trough-shaped valley which the church overlooks.","lēah Old English - A forest, wood, glade, clearing; (later) a pasture, meadow.; þrūh Old English - A water-pipe, a conduit; a coffin; figuratively a deep valley.",Watts; Cambridge Dictionary of English Place-names; E. Ekwall; Dictionary of English Place-Names; Wallenberg; The Place-Names of Kent; A.D. Mills; Dictionary of English Place-Names
Thurnham,'Thorn-tree homestead/village'.,"hām Old English - A village, a village community, a manor, an estate, a homestead.; þorn Old English - A hawthorn-tree.",Ekwall; Studies1; Wallenberg; The Place-Names of Kent; E. Ekwall; Dictionary of English Place-Names; Watts; Cambridge Dictionary of English Place-names
Tilmanstone,'Tilmann's farm/settlement'. Tilmann is a dithematic masculine personal name.,Personal name (Old English) Old English - Personal name; tūn Old English - An enclosure; a farmstead; a village; an estate.,"A.D. Mills; Dictionary of English Place-Names; Watts; Cambridge Dictionary of English Place-names; E. Ekwall; Dictionary of English Place-Names; Cullen; The Place-names of the Lathes of St Augustine and Shipway, Kent; Wallenberg; The Place-Names of Kent"
Tonbridge Rural,Seemingly 'bridge of the town'.,brycg Old English - A bridge; a causeway.; tūn Old English - An enclosure; a farmstead; a village; an estate.,A.D. Mills; Dictionary of English Place-Names; Watts; Cambridge Dictionary of English Place-names; Wallenberg; The Place-Names of Kent; E. Ekwall; Dictionary of English Place-Names; Cameron; Dictionary of Lincolnshire Place-names
Tonbridge Urban,Seemingly 'bridge of the town'.,brycg Old English - A bridge; a causeway.; tūn Old English - An enclosure; a farmstead; a village; an estate.,Wallenberg; The Place-Names of Kent; A.D. Mills; Dictionary of English Place-Names; Cameron; Dictionary of Lincolnshire Place-names; E. Ekwall; Dictionary of English Place-Names; Watts; Cambridge Dictionary of English Place-names
Tonge,"'Tong', perhaps referring to the long thin shape of the parish.","tang Old English - A tong, forceps.",Wallenberg; The Place-Names of Kent; E. Ekwall; Dictionary of English Place-Names; Watts; Cambridge Dictionary of English Place-names
Trottiscliffe,"Perhaps '*Trott's cliff'. *Trott is a monothematic masculine personal name. Alternatively the first element may be an OE *trott, cognate with German Trotz 'defiance', referring to the steep scarp of the North Downs.","clif Old English - An escarpment, a hill-slope; a river-bank.; Personal name (Old English) Old English - Personal name",Wallenberg; Kentish Place-Names; Watts; Cambridge Dictionary of English Place-names; Coates 2002; Cameron; Dictionary of Lincolnshire Place-names; A.D. Mills; Dictionary of English Place-Names; Wallenberg; The Place-Names of Kent; E. Ekwall; Dictionary of English Place-Names
Tudeley,"Possibly 'ivy-covered wood/clearing', with initial T- from misdivision of the preposition 'at'. Alternatively, '*Teofede's wood/clearing'. *Teofede is a monothematic masculine personal name.","īfede Old English - Overgrown with ivy.; lēah Old English - A forest, wood, glade, clearing; (later) a pasture, meadow.; Personal name (Old English) Old English - Personal name",Wallenberg; The Place-Names of Kent; Watts; Cambridge Dictionary of English Place-names; A.D. Mills; Dictionary of English Place-Names; E. Ekwall; Dictionary of English Place-Names
Tunstall,'The site of an enclosure'.,"tūn-stall Old English - The site of a farm, a farmstead.",Wallenberg; The Place-Names of Kent; A.D. Mills; Dictionary of English Place-Names; E. Ekwall; Dictionary of English Place-Names; Watts; Cambridge Dictionary of English Place-names
Ulcombe,'Owl's valley'.,"cumb Old English - A coomb, a valley.  Possibly derived from Welsh ""cumm""; but possibly derived from OE ""cumb"" a vessel, cup, a small measure.; ūle Old English - An owl.",Cameron; Dictionary of Lincolnshire Place-names; E. Ekwall; Dictionary of English Place-Names; Watts; Cambridge Dictionary of English Place-names; A.D. Mills; Dictionary of English Place-Names; Wallenberg; The Place-Names of Kent; Ekwall; Studies1; Wallenberg; Kentish Place-Names
Upchurch,'Church standing high up'.,"cirice Old English - A church.; upp Old English - Up, higher up, upon.",Watts; Cambridge Dictionary of English Place-names; Wallenberg; The Place-Names of Kent; A.D. Mills; Dictionary of English Place-Names; E. Ekwall; Dictionary of English Place-Names
Upper Hardres,'Woods'. Later distinguished as 'upper' in relation to adjacent Lower Hardres.,harað Old English - A wood.; upper Middle English - Higher.,"Wallenberg; The Place-Names of Kent; A.D. Mills; Dictionary of English Place-Names; Wallenberg; Kentish Place-Names; E. Ekwall; Dictionary of English Place-Names; Cullen; The Place-names of the Lathes of St Augustine and Shipway, Kent; Watts; Cambridge Dictionary of English Place-names"
Waldershare,'District of the forest-dwellers'.,"-ware Old English - Dwellers.; scearu Old English - A share, a division.; wald Old English","Cullen; The Place-names of the Lathes of St Augustine and Shipway, Kent; E. Ekwall; Dictionary of English Place-Names; Cameron; Dictionary of Lincolnshire Place-names; Wallenberg; The Place-Names of Kent; Watts; Cambridge Dictionary of English Place-names; Wallenberg; Kentish Place-Names"
Walmer,'Pool of the Britons'.,"mere Old English - A pond, a pool, a lake.; walh Old English","E. Ekwall; Dictionary of English Place-Names; Watts; Cambridge Dictionary of English Place-names; Cullen; The Place-names of the Lathes of St Augustine and Shipway, Kent; Cameron; Dictionary of Lincolnshire Place-names; Wallenberg; Kentish Place-Names; Wallenberg; The Place-Names of Kent; A.D. Mills; Dictionary of English Place-Names"
Waltham,'Forest homestead/village'.,"hām Old English - A village, a village community, a manor, an estate, a homestead.; wald Old English","Ekwall; Studies1; Wallenberg; The Place-Names of Kent; Cameron; Dictionary of Lincolnshire Place-names; E. Ekwall; Dictionary of English Place-Names; Cullen; The Place-names of the Lathes of St Augustine and Shipway, Kent; Watts; Cambridge Dictionary of English Place-names"
Warden,'Look-out hill'.,"dūn Old English - A hill.; weard Old English - Watch, ward, protection.",Watts; Cambridge Dictionary of English Place-names; E. Ekwall; Dictionary of English Place-Names; A.D. Mills; Dictionary of English Place-Names; Wallenberg; The Place-Names of Kent
Warehorne,"'Look-out promontory'. An alternative first element is OE wer 'weir' (in the genitive plural form wera), though the recurrence of the place-name in Kent argues against this.","horn Old English - A horn; something shaped like a horn; a hornlike projection on a building; a projecting piece of land, esp. formed in a river-bend; a projecting headland; a horn-shaped hill.; wer Old English - A weir, a river-dam; a fishing-enlosure in a river.","A.D. Mills; Dictionary of English Place-Names; Wallenberg; Kentish Place-Names; E. Ekwall; Dictionary of English Place-Names; Cullen; The Place-names of the Lathes of St Augustine and Shipway, Kent; Watts; Cambridge Dictionary of English Place-names; Wallenberg; The Place-Names of Kent"
Wateringbury,Possibly 'fortification of the people of Ohthere'. Ohthere is a dithematic masculine personal name.,-ingas Old English - The people of . . . ; the people called after . . .; burh Old English - A fortified place.; Personal name (Old English) Old English - Personal name,Wallenberg; The Place-Names of Kent; A.D. Mills; Dictionary of English Place-Names; Wallenberg; Kentish Place-Names; E. Ekwall; Dictionary of English Place-Names; Watts; Cambridge Dictionary of English Place-names
West Barming,Origin and meaning uncertain. Later distinguished as 'west' in relation to adjacent East Barming.,"west Old English - Western, west.",E. Ekwall; Dictionary of English Place-Names; Winifred D. Abbott; Thesis on Kent; Watts; Cambridge Dictionary of English Place-names; A.D. Mills; Dictionary of English Place-Names; Wallenberg; The Place-Names of Kent; Ekwall; English place-names in -ing (2nd ed.)
West Farleigh,'Wood/clearing where fern grows'. Later distinguished as 'west' in relation to adjacent East Farleigh.,"fearn Old English - A fern; ferns; a ferny place.; lēah Old English - A forest, wood, glade, clearing; (later) a pasture, meadow.; west Old English - Western, west.",Watts; Cambridge Dictionary of English Place-names; E. Ekwall; Dictionary of English Place-Names; Wallenberg; Kentish Place-Names; Wallenberg; The Place-Names of Kent; A.D. Mills; Dictionary of English Place-Names
West Hythe,"'Landing-place on a river, inland port'. Later distinguished as 'west' in relation to adjacent Hythe.","hȳð Old English - A landing place on a river; an inland port.; west Old English - Western, west.","Cullen; The Place-names of the Lathes of St Augustine and Shipway, Kent; Watts; Cambridge Dictionary of English Place-names; Wallenberg; The Place-Names of Kent"
West Langdon,'Long hill or down'. Later distinguished as 'west' in relation to adjacent East Langdon.,"dūn Old English - A hill.; lang Old English - Long, tall.; west Old English - Western, west.","E. Ekwall; Dictionary of English Place-Names; A.D. Mills; Dictionary of English Place-Names; Ekwall; Studies1; Cullen; The Place-names of the Lathes of St Augustine and Shipway, Kent; Wallenberg; Kentish Place-Names; Watts; Cambridge Dictionary of English Place-names; Wallenberg; The Place-Names of Kent; Cameron; Dictionary of Lincolnshire Place-names"
West Malling,'People of *Mealla'. *Mealla is a monothematic masculine personal name. Later distinguished as 'west' in relation to adjacent East Malling.,"-ingas Old English - The people of . . . ; the people called after . . .; Personal name (Old English) Old English - Personal name; west Old English - Western, west.",Winifred D. Abbott; Thesis on Kent; Wallenberg; The Place-Names of Kent; A.D. Mills; Dictionary of English Place-Names; Wallenberg; Kentish Place-Names; Ekwall; English place-names in -ing (2nd ed.); E. Ekwall; Dictionary of English Place-Names; Watts; Cambridge Dictionary of English Place-names
West Peckham,'Homestead/village at a peak'. Later distinguished as 'west' in relation to adjacent East Peckham.,"hām Old English - A village, a village community, a manor, an estate, a homestead.; pēac Old English - A knoll, a hill, a peak.; west Old English - Western, west.",Ekwall; Studies1; Wallenberg; The Place-Names of Kent; A.D. Mills; Dictionary of English Place-Names; Cameron; Dictionary of Lincolnshire Place-names; Wallenberg; Kentish Place-Names; E. Ekwall; Dictionary of English Place-Names; Watts; Cambridge Dictionary of English Place-names
Westbere,"Probably 'west byre (cow-shed)', as the early forms argue slightly against OE b","bǣr Old English - Pasture, especially pasture in woodland for swine.; bȳre Old English - A byre, a cow-shed.; west Old English - Western, west.","A.D. Mills; Dictionary of English Place-Names; E. Ekwall; Dictionary of English Place-Names; Cullen; The Place-names of the Lathes of St Augustine and Shipway, Kent; Watts; Cambridge Dictionary of English Place-names; Wallenberg; The Place-Names of Kent"
Westcliffe,"'Cliff', later distinguished as 'west' in relation to adjacent St Margaret's at Cliffe.","clif Old English - An escarpment, a hill-slope; a river-bank.; west Old English - Western, west.","A.D. Mills; Dictionary of English Place-Names; Wallenberg; Kentish Place-Names; Cullen; The Place-names of the Lathes of St Augustine and Shipway, Kent; E. Ekwall; Dictionary of English Place-Names; Cameron; Dictionary of Lincolnshire Place-names; Wallenberg; The Place-Names of Kent; Watts; Cambridge Dictionary of English Place-names"
Westerham,"'Westerly homestead/village'. Westerham lies at the far western edge of Kent, abutting the Surrey border. The name Westerham, first recorded in an original 9th century charter (S:1508), offers some evidence for the antiquity of the county boundary.","hām Old English - A village, a village community, a manor, an estate, a homestead.; wester Old English - West, western.",A.D. Mills; Dictionary of English Place-Names; Wallenberg; Kentish Place-Names; Watts; Cambridge Dictionary of English Place-names; Ekwall; Studies1; Wallenberg; The Place-Names of Kent; E. Ekwall; Dictionary of English Place-Names
Westwell,'Spring'. Later distinguished as 'west' in relation to Eastwell.,"wella Old English; west Old English - Western, west.","Wallenberg; The Place-Names of Kent; A.D. Mills; Dictionary of English Place-Names; Cameron; Dictionary of Lincolnshire Place-names; E. Ekwall; Dictionary of English Place-Names; Cullen; The Place-names of the Lathes of St Augustine and Shipway, Kent; Watts; Cambridge Dictionary of English Place-names"
Whitfield,'White open land'. The area of the parish around the church lies on chalk.,"feld Old English - Open country, unencumbered ground (eg. land without trees as opposed to forest, level ground as opposed to hills, land without buildings); arable land (from late tenth century).; hwīt Old English - White; in early Modern English sometimes ""infertile"" in contrast with black, ""fertile"".","Cullen; The Place-names of the Lathes of St Augustine and Shipway, Kent; Watts; Cambridge Dictionary of English Place-names; E. Ekwall; Dictionary of English Place-Names; Wallenberg; Kentish Place-Names; Wallenberg; The Place-Names of Kent; A.D. Mills; Dictionary of English Place-Names; Cameron; Dictionary of Lincolnshire Place-names"
Whitstable,"'White post', or 'post of the councillors'.","hwīt Old English - White; in early Modern English sometimes ""infertile"" in contrast with black, ""fertile"".; stapol Old English - A post, a pillar.; wita Old English - A councillor.","Wallenberg; The Place-Names of Kent; Watts; Cambridge Dictionary of English Place-names; E. Ekwall; Dictionary of English Place-Names; Cullen; The Place-names of the Lathes of St Augustine and Shipway, Kent; A.D. Mills; Dictionary of English Place-Names"
Wichling,"Perhaps 'people of *Wincel'. *Wincel is a monothematic masculine personal name. The alternative name Winchelesmere, used in the 11th and 12th centuries, may mean '*Wincel's pool' or '*Wincel's boundary'.","-ingas Old English - The people of . . . ; the people called after . . .; mǣre Old English - A boundary, a border; (in field names) the balk of a ploughland.; mere Old English - A pond, a pool, a lake.; Personal name (Old English) Old English - Personal name; wincel Old English - A nook, a corner.",Winifred D. Abbott; Thesis on Kent; Watts; Cambridge Dictionary of English Place-names; E. Ekwall; Dictionary of English Place-Names; Ekwall; English place-names in -ing (2nd ed.); Wallenberg; The Place-Names of Kent; A.D. Mills; Dictionary of English Place-Names
Wickhambreaux,"'Homestead/village associated with a Romano-British settlement'. The manorial affix is from the de Brayhuse family, here in the 13th century, and serves to distinguish this 'Wickham' from East Wickham and West Wickham (both independent names).",Personal name (Uncertain) Unknown - Personal name; wīc-hām Old English - A settlement associated with a Roman 'vicus'.,"A.D. Mills; Dictionary of English Place-Names; Watts; Cambridge Dictionary of English Place-names; E. Ekwall; Dictionary of English Place-Names; Wallenberg; The Place-Names of Kent; Gelling; Signposts to the Past; Ekwall; Studies1; Cullen; The Place-names of the Lathes of St Augustine and Shipway, Kent"
Willesborough,"'Weevil hill', with a collective sense of the genitive singular, i.e. 'hill where weevils abound'. Less likely is '*Wifel's hill'. *Wifel has been proposed as a monothematic masculine personal name, though there are strong arguments against it.","berg Old English; Personal name (Old English) Old English - Personal name; wifel Old English - A weevil, a beetle.","E. Ekwall; Dictionary of English Place-Names; Wallenberg; The Place-Names of Kent; Cameron; Dictionary of Lincolnshire Place-names; Cullen; The Place-names of the Lathes of St Augustine and Shipway, Kent; A.D. Mills; Dictionary of English Place-Names; Watts; Cambridge Dictionary of English Place-names"
Wilmington,'Farm/settlement connected with Wighelm'. Wighelm is a dithematic masculine personal name.,"-ing- Old English - Connective particle, linking a first element to a final element.; Personal name (Old English) Old English - Personal name; tūn Old English - An enclosure; a farmstead; a village; an estate.",Watts; Cambridge Dictionary of English Place-names; Wallenberg; The Place-Names of Kent; A.D. Mills; Dictionary of English Place-Names; E. Ekwall; Dictionary of English Place-Names
Wingham,"Perhaps 'homestead/village of the people of *Wiga'. OE *Wiga is a monothematic masculine personal name, found on record in the form Wyga. The first element may alternatively be OE wig 'heathen temple, shrine', hence 'homestead/village of the shrine people","-ingas Old English - The people of . . . ; the people called after . . .; hām Old English - A village, a village community, a manor, an estate, a homestead.; Personal name (Old English) Old English - Personal name; wīg Old English - An idol; a shrine.","E. Ekwall; Dictionary of English Place-Names; Cullen; The Place-names of the Lathes of St Augustine and Shipway, Kent; Watts; Cambridge Dictionary of English Place-names; Wallenberg; Kentish Place-Names; Wallenberg; The Place-Names of Kent; A.D. Mills; Dictionary of English Place-Names; Ekwall; English place-names in -ing (2nd ed.)"
Wittersham,'Wihtric's hemmed-in land'. Wihtric is a dithematic masculine personal name. OE hamm refers here to a promontory overlooking the Rother Levels.,hamm Old English - Land hemmed in by water or marsh (perhaps also by high ground); a river-meadow; cultivated plot on the edge of woodland or moor.; Personal name (Old English) Old English - Personal name,"Wallenberg; Kentish Place-Names; Watts; Cambridge Dictionary of English Place-names; Cullen; The Place-names of the Lathes of St Augustine and Shipway, Kent; Cameron; Dictionary of Lincolnshire Place-names; A.D. Mills; Dictionary of English Place-Names; Wallenberg; The Place-Names of Kent; Ekwall; Studies1; E. Ekwall; Dictionary of English Place-Names"
Womenswold,"Possibly 'forest of the people of *Wimel'. This hypothetical OE *Wimel, a monothematic masculine personal name, is difficult to substantiate, and must be regarded as doubtful.",-ingas Old English - The people of . . . ; the people called after . . .; Personal name (Old English) Old English - Personal name; wald Old English,"Wallenberg; The Place-Names of Kent; E. Ekwall; Dictionary of English Place-Names; Watts; Cambridge Dictionary of English Place-names; Cullen; The Place-names of the Lathes of St Augustine and Shipway, Kent; Cameron; Dictionary of Lincolnshire Place-names; A.D. Mills; Dictionary of English Place-Names; Wallenberg; Kentish Place-Names"
Woodchurch,Either 'wooden church' or 'church at the wood'.,"cirice Old English - A church.; wudu Old English - A wood; or wood, timber.",A.D. Mills; Dictionary of English Place-Names; Watts; Cambridge Dictionary of English Place-names; Cameron; Dictionary of Lincolnshire Place-names; E. Ekwall; Dictionary of English Place-Names; Wallenberg; The Place-Names of Kent
Woodnesborough,"'Hill of the god Woden'. OE berg is applied both to natural hills and to man-made tumuli, and either sense is possible here, but Woodnesborough church sits upon such a fine rounded hill that it seems unnecessary to appeal to a lost tumulus which once stoo","berg Old English; Wōden Old English - A heathen Germanic god, corresponding to Othinn and nicknamed Grim.","Cullen; The Place-names of the Lathes of St Augustine and Shipway, Kent; E. Ekwall; Dictionary of English Place-Names; Wallenberg; The Place-Names of Kent; A.D. Mills; Dictionary of English Place-Names; Watts; Cambridge Dictionary of English Place-names; Cameron; Dictionary of Lincolnshire Place-names"
Wootton,"'Wood farm/settlement', possibly better translated 'farm/settlement which performs some function in relation to a wood'.","tūn Old English - An enclosure; a farmstead; a village; an estate.; wudu Old English - A wood; or wood, timber.","E. Ekwall; Dictionary of English Place-Names; Cullen; The Place-names of the Lathes of St Augustine and Shipway, Kent; Wallenberg; Kentish Place-Names; Wallenberg; The Place-Names of Kent; Watts; Cambridge Dictionary of English Place-names; Cameron; Dictionary of Lincolnshire Place-names"
Wormshill,"A tricky name. Probably 'shelter for a herd of pigs', though 'hill of the god Woden' is a possible alternative.","hyll Old English - A hill, a natural eminence or elevated piece of ground.; sell Old English - A shed, a shelter for animals, a herdsman's hut.; Wōden Old English - A heathen Germanic god, corresponding to Othinn and nicknamed Grim.",Watts; Cambridge Dictionary of English Place-names; Wallenberg; The Place-Names of Kent; E. Ekwall; Dictionary of English Place-Names; Winifred D. Abbott; Thesis on Kent; A.D. Mills; Dictionary of English Place-Names
Worth,'Enclosure'.,worð Old English - An enclosure.,"A.D. Mills; Dictionary of English Place-Names; E. Ekwall; Dictionary of English Place-Names; Cullen; The Place-names of the Lathes of St Augustine and Shipway, Kent; Watts; Cambridge Dictionary of English Place-names; Wallenberg; The Place-Names of Kent"
Wouldham,'*Wulda's homestead/village'. *Wulda is a monothematic masculine personal name.,"hām Old English - A village, a village community, a manor, an estate, a homestead.; Personal name (Old English) Old English - Personal name",Wallenberg; Kentish Place-Names; Watts; Cambridge Dictionary of English Place-names; E. Ekwall; Dictionary of English Place-Names; Wallenberg; The Place-Names of Kent; Ekwall; Studies1; A.D. Mills; Dictionary of English Place-Names; Winifred D. Abbott; Thesis on Kent
Wrotham,'*Wrota's homestead/village'. *Wrota is a monothematic masculine personal name.,"hām Old English - A village, a village community, a manor, an estate, a homestead.; Personal name (Old English) Old English - Personal name",Ekwall; Studies1; Wallenberg; The Place-Names of Kent; A.D. Mills; Dictionary of English Place-Names; Wallenberg; Kentish Place-Names; E. Ekwall; Dictionary of English Place-Names; Watts; Cambridge Dictionary of English Place-names; Winifred D. Abbott; Thesis on Kent
Wye,'Heathen temple'.,wīg Old English - An idol; a shrine.,"Gelling; Signposts to the Past; Watts; Cambridge Dictionary of English Place-names; E. Ekwall; Dictionary of English Place-Names; Cullen; The Place-names of the Lathes of St Augustine and Shipway, Kent; Wallenberg; The Place-Names of Kent; A.D. Mills; Dictionary of English Place-Names"
Yalding,'People of a Ealda'. Eadla is a monothematic masculine personal name.,-ingas Old English - The people of . . . ; the people called after . . .; Personal name (Old English) Old English - Personal name,A.D. Mills; Dictionary of English Place-Names; Ekwall; English place-names in -ing (2nd ed.); E. Ekwall; Dictionary of English Place-Names; Watts; Cambridge Dictionary of English Place-names; Wallenberg; The Place-Names of Kent
