PlaceName,Etymology,Derivation,ReferenceTitle
Abram,'Eadburh's homestead/village' or 'Eadburh's hemmed-in land'.,"hām Old English - A village, a village community, a manor, an estate, a homestead.; hamm Old English - Land hemmed in by water or marsh (perhaps also by high ground); a river-meadow; cultivated plot on the edge of woodland or moor.; Personal name (Old English) Old English - Personal name",Watts; Cambridge Dictionary of English Place-names; E. Ekwall; Dictionary of English Place-Names; Ekwall; Place-names of Lancashire; A.D. Mills; Dictionary of English Place-Names
Accrington,'Acorn farm/settlement'.,"æcern Old English - An acorn, perhaps other fruit of similar form, mast.; tūn Old English - An enclosure; a farmstead; a village; an estate.",A.D. Mills; Dictionary of English Place-Names; E. Ekwall; Dictionary of English Place-Names; Watts; Cambridge Dictionary of English Place-names; Ekwall; Place-names of Lancashire
Adlington,'Farm/settlement connected with Eadwulf'.,"-ingtūn Old English - A settlement called after, or connected with . . .; Personal name (Old English) Old English - Personal name",Ekwall; Place-names of Lancashire; Watts; Cambridge Dictionary of English Place-names; A.D. Mills; Dictionary of English Place-Names; E. Ekwall; Dictionary of English Place-Names
Aighton Bailey and Chaigley,"'Oak farm/settlement'. Uncertain. 'Berry wood/clearing' or perhaps, '*Baega's/Baege's/*Baegel's wood/clearing'. 'Ceadd(a)'s/Ceagga's wood/clearing'.","āc Old English - An oak-tree.; beg Old English - A berry.; lēah Old English - A forest, wood, glade, clearing; (later) a pasture, meadow.; Personal name (Old English) Old English - Personal name; tūn Old English - An enclosure; a farmstead; a village; an estate.",E. Ekwall; Dictionary of English Place-Names; Watts; Cambridge Dictionary of English Place-names; A.D. Mills; Dictionary of English Place-Names; Ekwall; Place-names of Lancashire
Ainsworth,'Aegen's enclosure'.,Personal name (Old English) Old English - Personal name; worð Old English - An enclosure.,Watts; Cambridge Dictionary of English Place-names; Ekwall; Place-names of Lancashire; A.D. Mills; Dictionary of English Place-Names; E. Ekwall; Dictionary of English Place-Names
Aintree,'Lonely tree'.,"einn Old Norse - One.; tré Old Norse - A tree; a large piece of wood, a post, a beam.",A.D. Mills; Dictionary of English Place-Names; E. Ekwall; Dictionary of English Place-Names; Watts; Cambridge Dictionary of English Place-names; Ekwall; Place-names of Lancashire
Aldcliffe,'Alda's cliff'.,"clif Old English - An escarpment, a hill-slope; a river-bank.; Personal name (Old English) Old English - Personal name",E. Ekwall; Dictionary of English Place-Names; Ekwall; Place-names of Lancashire; Watts; Cambridge Dictionary of English Place-names; A.D. Mills; Dictionary of English Place-Names
Aldingham,"'Homestead/village connected with Alda' or perhaps, 'homestead/village of Alda's people'.","-ing- Old English - Connective particle, linking a first element to a final element.; -ingas Old English - The people of . . . ; the people called after . . .; hām Old English - A village, a village community, a manor, an estate, a homestead.; Personal name (Old English) Old English - Personal name",Ekwall; Place-names of Lancashire; A.D. Mills; Dictionary of English Place-Names; E. Ekwall; Dictionary of English Place-Names; Watts; Cambridge Dictionary of English Place-names
Alkrington,"'Farm/settlement of Alhere's people' or perhaps, more likely, 'farm/settlement connected with Alhere'.","-ing- Old English - Connective particle, linking a first element to a final element.; -ingas Old English - The people of . . . ; the people called after . . .; Personal name (Old English) Old English - Personal name; tūn Old English - An enclosure; a farmstead; a village; an estate.",E. Ekwall; Dictionary of English Place-Names; A.D. Mills; Dictionary of English Place-Names; Watts; Cambridge Dictionary of English Place-names; Ekwall; Place-names of Lancashire
Allerton,'Alder-tree farm/settlement'.,alor Old English - An alder-tree.; tūn Old English - An enclosure; a farmstead; a village; an estate.,A.D. Mills; Dictionary of English Place-Names; E. Ekwall; Dictionary of English Place-Names; Ekwall; Place-names of Lancashire; Watts; Cambridge Dictionary of English Place-names
Alston,'Aelf's/Aelfsige's farm/settlement'.,Personal name (Old English) Old English - Personal name; tūn Old English - An enclosure; a farmstead; a village; an estate.,A.D. Mills; Dictionary of English Place-Names; E. Ekwall; Dictionary of English Place-Names; Ekwall; Place-names of Lancashire; Watts; Cambridge Dictionary of English Place-names
Altcar,'River Alt marsh'.,kjarr Old Norse - Brushwood; a marsh overgrown with brushwood.; River-name Unknown - River-name,E. Ekwall; Dictionary of English Place-Names; Ekwall; Place-names of Lancashire; Watts; Cambridge Dictionary of English Place-names; A.D. Mills; Dictionary of English Place-Names
Altham,"Uncertain. Perhaps, 'swan's hemmed-in land' or 'Aelfgeat's hemmed-in land'.",elfitu Old English; hamm Old English - Land hemmed in by water or marsh (perhaps also by high ground); a river-meadow; cultivated plot on the edge of woodland or moor.,A.D. Mills; Dictionary of English Place-Names; E. Ekwall; Dictionary of English Place-Names; Watts; Cambridge Dictionary of English Place-names; Ekwall; Place-names of Lancashire
Amounderness Hundred,,"hundred Old English - One hundred; an administrative division of a county.; nes Old Norse - A ness, a headland, a promontory. (Used for larger areas than the Old English word naess.); Personal name (Old Norse) Old Norse - Personal name; vápnatak Old Norse - A wapentake, a sub-division of a county.",Ekwall; Place-names of Lancashire; Anderson (unspecified work)
Anderton,'Eanred's farm/settlement'.,Personal name (Old English) Old English - Personal name; tūn Old English - An enclosure; a farmstead; a village; an estate.,A.D. Mills; Dictionary of English Place-Names; Watts; Cambridge Dictionary of English Place-names; Ekwall; Place-names of Lancashire; E. Ekwall; Dictionary of English Place-Names
Angerton,"'Pasture farm/settlement' or perhaps, 'bay farm/settlement'.","anger Old English - Grassland, pasture land.; angr Old Norse - A bay.; tūn Old English - An enclosure; a farmstead; a village; an estate.",Ekwall; Place-names of Lancashire; A.D. Mills; Dictionary of English Place-Names; E. Ekwall; Dictionary of English Place-Names; Watts; Cambridge Dictionary of English Place-names
Anglezark,'Anlaf's shieling'.,"erg Old Norse - A shieling, a hill-pasture; a summer-pasture camp, a dairy or grazing out-station.; Personal name (Old Norse) Old Norse - Personal name",A.D. Mills; Dictionary of English Place-Names; Ekwall; Place-names of Lancashire; E. Ekwall; Dictionary of English Place-Names; Watts; Cambridge Dictionary of English Place-names
Ardwick,'Aethelred's specialised farm'.,"Personal name (Old English) Old English - Personal name; wīc Old English - A dwelling; a building or collection of buildings for special purposes; a farm, a dairy farm; a trading or industrial settlement; or (in the plural) a hamlet, village.",Watts; Cambridge Dictionary of English Place-names; A.D. Mills; Dictionary of English Place-Names; E. Ekwall; Dictionary of English Place-Names; Ekwall; Place-names of Lancashire
Arkholme with Cawood,'At the shielings'. 'Jackdaw wood'.,"cā Old English - A jackdaw.; erg Old Norse - A shieling, a hill-pasture; a summer-pasture camp, a dairy or grazing out-station.; wudu Old English - A wood; or wood, timber.",A.D. Mills; Dictionary of English Place-Names; E. Ekwall; Dictionary of English Place-Names; Watts; Cambridge Dictionary of English Place-names; Ekwall; Place-names of Lancashire
Ashton in Makerfield,"'Ash-tree farm/settlement'. Makerfield is an ancient district name formed from a pre-English name *Macer, 'wall', probably referring to ruins and a later OE feld, 'open land'. There are the remains of Roman road near Ashton and it has been supposed that a","æsc Old English; feld Old English - Open country, unencumbered ground (eg. land without trees as opposed to forest, level ground as opposed to hills, land without buildings); arable land (from late tenth century).; maguïr C; tūn Old English - An enclosure; a farmstead; a village; an estate.",A.D. Mills; Dictionary of English Place-Names; E. Ekwall; Dictionary of English Place-Names; Ekwall; Place-names of Lancashire; Watts; Cambridge Dictionary of English Place-names
Ashton under Lyne,'Ash-tree farm/settlement'.,æsc Old English; tūn Old English - An enclosure; a farmstead; a village; an estate.,A.D. Mills; Dictionary of English Place-Names; Watts; Cambridge Dictionary of English Place-names; Ekwall; Place-names of Lancashire; E. Ekwall; Dictionary of English Place-Names
Ashton with Stodday,'Ash farm/settlement'. 'Stud enclosure'.,"æsc Old English; haga Old English - A hedge; an enclosure; later a messuage, property.; stōd Old English - A stud, a herd of horses.; tūn Old English - An enclosure; a farmstead; a village; an estate.",Watts; Cambridge Dictionary of English Place-names; Ekwall; Place-names of Lancashire; E. Ekwall; Dictionary of English Place-Names; A.D. Mills; Dictionary of English Place-Names
Ashworth,'Ash-tree enclosure'.,æsc Old English; worð Old English - An enclosure.,A.D. Mills; Dictionary of English Place-Names; Ekwall; Place-names of Lancashire; Watts; Cambridge Dictionary of English Place-names; E. Ekwall; Dictionary of English Place-Names
Aspull,'Aspen-tree hill'.,"æspe Old English; hyll Old English - A hill, a natural eminence or elevated piece of ground.",A.D. Mills; Dictionary of English Place-Names; Ekwall; Place-names of Lancashire; Watts; Cambridge Dictionary of English Place-names; E. Ekwall; Dictionary of English Place-Names
Astley,'East wood/clearing'.,"ēast Old English - Eastern, east.; wudu Old English - A wood; or wood, timber.",Ekwall; Place-names of Lancashire; Watts; Cambridge Dictionary of English Place-names; A.D. Mills; Dictionary of English Place-Names; E. Ekwall; Dictionary of English Place-Names
Atherton,'Aethelhere's farm/settlement'.,Personal name (Old English) Old English - Personal name; tūn Old English - An enclosure; a farmstead; a village; an estate.,A.D. Mills; Dictionary of English Place-Names; Ekwall; Place-names of Lancashire; Watts; Cambridge Dictionary of English Place-names; E. Ekwall; Dictionary of English Place-Names
Aughton,'Oak-tree farm/settlement'.,āc Old English - An oak-tree.; tūn Old English - An enclosure; a farmstead; a village; an estate.,Ekwall; Place-names of Lancashire; Watts; Cambridge Dictionary of English Place-names; A.D. Mills; Dictionary of English Place-Names; E. Ekwall; Dictionary of English Place-Names
Baguley,'Badger wood/clearing'.,"bagga Old English - A bag; a badger.; lēah Old English - A forest, wood, glade, clearing; (later) a pasture, meadow.",E. Ekwall; Dictionary of English Place-Names; A.D. Mills; Dictionary of English Place-Names; Dodgson; Place-names of Cheshire; Watts; Cambridge Dictionary of English Place-names
Balderstone,'Baldhere's farm/settlement'.,Personal name (Old English) Old English - Personal name; tūn Old English - An enclosure; a farmstead; a village; an estate.,A.D. Mills; Dictionary of English Place-Names; Ekwall; Place-names of Lancashire; E. Ekwall; Dictionary of English Place-Names; Watts; Cambridge Dictionary of English Place-names
Barley with Wheatley Booth,Uncertain. 'Barley wood/clearing' or 'wild-boar wood/clearing'. 'Wheat wood/clearing'.,"bār Old English - A boar (wild or domestic).; bere Old English - Barley.; bōthe Middle English - A temporary shelter, a covered market-stall.; hwǣte Old English - Wheat.; lēah Old English - A forest, wood, glade, clearing; (later) a pasture, meadow.",A.D. Mills; Dictionary of English Place-Names; E. Ekwall; Dictionary of English Place-Names; Watts; Cambridge Dictionary of English Place-names; Ekwall; Place-names of Lancashire
Barnacre with Bonds,"'Barn acre'. Alternatively, perhaps, 'Bianari's acre'. A late name, it may be elliptical for 'Bond's place' or the like.","æcer Old English - A plot of cultivated land; a measure of land which a yoke of oxen could plough in a day. (Indistinguishable from akr.); bere-ærn Old English - A barn, a storehouse for barley and other grain.; Personal name (Old English) Old English - Personal name; Personal name (Old Norse) Old Norse - Personal name",Watts; Cambridge Dictionary of English Place-names; Ekwall; Place-names of Lancashire; A.D. Mills; Dictionary of English Place-Names; E. Ekwall; Dictionary of English Place-Names
Barrow in Furness,'Promontory island',barr C; ey Old Norse - An island (used of coastal islands in the west of Britain and round Scotland).; Place-name Unknown - Place-name,Watts; Cambridge Dictionary of English Place-names; Ekwall; Place-names of Lancashire; E. Ekwall; Dictionary of English Place-Names; A.D. Mills; Dictionary of English Place-Names
Barrowford Booth,'Grove ford'.,"bearu Old English - A grove.  (Usually refers to a wood of limited extent rather than to forest areas.); bōthe Middle English - A temporary shelter, a covered market-stall.; ford Old English - A ford.",Ekwall; Place-names of Lancashire; E. Ekwall; Dictionary of English Place-Names; A.D. Mills; Dictionary of English Place-Names; Watts; Cambridge Dictionary of English Place-names
Barton,'Barley farm/settlement'.,"bere-tūn Old English - A barley enclosure, a barley farm; later a demesne farm, an outlying grange.",A.D. Mills; Dictionary of English Place-Names; Ekwall; Place-names of Lancashire; E. Ekwall; Dictionary of English Place-Names; Watts; Cambridge Dictionary of English Place-names
Barton upon Irwell,'Barley farm/settlement'.,"bere-tūn Old English - A barley enclosure, a barley farm; later a demesne farm, an outlying grange.",Ekwall; Place-names of Lancashire; Watts; Cambridge Dictionary of English Place-names; E. Ekwall; Dictionary of English Place-Names; A.D. Mills; Dictionary of English Place-Names
Bedford,"Uncertain. 'Bieda's ford' or from OE byden, 'vessel, tub' meaning, 'deep ford' or perhaps, in an alternative sense, 'ford in a hollow/depression'.","byden Old English - A vessel, a tub, a butt; used topographically of a hollow.; ford Old English - A ford.; Personal name (Old English) Old English - Personal name",Ekwall; Place-names of Lancashire; A.D. Mills; Dictionary of English Place-Names; E. Ekwall; Dictionary of English Place-Names; Watts; Cambridge Dictionary of English Place-names
Beswick,'Beac's specialised farm'.,"Personal name (Old English) Old English - Personal name; wīc Old English - A dwelling; a building or collection of buildings for special purposes; a farm, a dairy farm; a trading or industrial settlement; or (in the plural) a hamlet, village.",Ekwall; Place-names of Lancashire; Watts; Cambridge Dictionary of English Place-names; E. Ekwall; Dictionary of English Place-Names; A.D. Mills; Dictionary of English Place-Names
Bickerstaffe,'Bee-keepers' place'.,"bīcere Old English - A bee-keeper.; staðr Old Norse - A place, a site.",Ekwall; Place-names of Lancashire; A.D. Mills; Dictionary of English Place-Names; Watts; Cambridge Dictionary of English Place-names; E. Ekwall; Dictionary of English Place-Names
Billinge Chapel End and Higher End,"Probably, 'hill'.","billing Old English - A hill, a prominence, a promontory, a ridge.",A.D. Mills; Dictionary of English Place-Names; Watts; Cambridge Dictionary of English Place-names; E. Ekwall; Dictionary of English Place-Names; Ekwall; Place-names of Lancashire
Billington,"Probably, 'hill called *Billing (= the hill)'.","billing Old English - A hill, a prominence, a promontory, a ridge.; dūn Old English - A hill.",Watts; Cambridge Dictionary of English Place-names; A.D. Mills; Dictionary of English Place-Names; E. Ekwall; Dictionary of English Place-Names; Ekwall; Place-names of Lancashire
Bilsborough,"Uncertain. 'Bill's fortification' or perhaps, 'fortification at the bill-shaped hill'.","bill Old English - A bill, a sword; topographically a sharp ridge, a headland, the edge of a hill, a promontory.; burh Old English - A fortified place.; Personal name (Old English) Old English - Personal name",E. Ekwall; Dictionary of English Place-Names; Watts; Cambridge Dictionary of English Place-names; Ekwall; Place-names of Lancashire; A.D. Mills; Dictionary of English Place-Names
Birkdale,'Birch-tree valley'.,birki Old Norse - A place overgrown with birch-trees; a birch copse; a birch.; dalr Old Norse - A valley.,Watts; Cambridge Dictionary of English Place-names; E. Ekwall; Dictionary of English Place-Names; A.D. Mills; Dictionary of English Place-Names; Ekwall; Place-names of Lancashire
Birtle cum Bamford,"'Birch-tree hill'. 'Beam ford', ie., marked by a tree or crossed by a beam.","bēam Old English - A tree; the cross on which Christ was crucified; a beam of timber.; berc Old English; ford Old English - A ford.; hyll Old English - A hill, a natural eminence or elevated piece of ground.",E. Ekwall; Dictionary of English Place-Names; A.D. Mills; Dictionary of English Place-Names; Ekwall; Place-names of Lancashire; Watts; Cambridge Dictionary of English Place-names
Bispham,'Bishop's homestead/village'.,"biscop Old English - A bishop.; hām Old English - A village, a village community, a manor, an estate, a homestead.",Watts; Cambridge Dictionary of English Place-names; A.D. Mills; Dictionary of English Place-Names; Ekwall; Place-names of Lancashire; E. Ekwall; Dictionary of English Place-Names
Bispham with Norbreck,'Bishop's homestead/village'. 'North slope'.,"biscop Old English - A bishop.; brekka Old Norse; hām Old English - A village, a village community, a manor, an estate, a homestead.; norð Old English - Northern, north.",Ekwall; Place-names of Lancashire; Watts; Cambridge Dictionary of English Place-names; A.D. Mills; Dictionary of English Place-Names; E. Ekwall; Dictionary of English Place-Names
Blackburn,'Dark-coloured/black stream'.,"blæc Old English - Black, dark-coloured, dark.; burna Old English - A stream.; hundred Old English - One hundred; an administrative division of a county.; vápnatak Old Norse - A wapentake, a sub-division of a county.",E. Ekwall; Dictionary of English Place-Names; Anderson (unspecified work); Watts; Cambridge Dictionary of English Place-names; Ekwall; Place-names of Lancashire; A.D. Mills; Dictionary of English Place-Names
Blackley,'Dark-coloured/black wood/clearing'.,"blæc Old English - Black, dark-coloured, dark.; lēah Old English - A forest, wood, glade, clearing; (later) a pasture, meadow.",E. Ekwall; Dictionary of English Place-Names; Ekwall; Place-names of Lancashire; Watts; Cambridge Dictionary of English Place-names; A.D. Mills; Dictionary of English Place-Names
Blackrod,'Dark-coloured/black clearing'.,"blæc Old English - Black, dark-coloured, dark.; rod Old English - A clearing.",E. Ekwall; Dictionary of English Place-Names; A.D. Mills; Dictionary of English Place-Names; Ekwall; Place-names of Lancashire; Watts; Cambridge Dictionary of English Place-names
Blatchinworth and Calderbrook,"'Blaecca's enclosure'. No early forms exist for this place, but it has been suggested that Calder was an old name for the River Roach.",Obscure element Unknown - Obscure element; Personal name (Old English) Old English - Personal name; River-name Unknown - River-name; worð Old English - An enclosure.,A.D. Mills; Dictionary of English Place-Names; Ekwall; Place-names of Lancashire; E. Ekwall; Dictionary of English Place-Names; Watts; Cambridge Dictionary of English Place-names
Blawith,'Dark wood'.,"blár Old Norse - Dark, blue, livid; cheerless, cold, exposed.; viðr Old Norse - A wood; or a tree, a tree-trunk.",A.D. Mills; Dictionary of English Place-Names; Ekwall; Place-names of Lancashire; Watts; Cambridge Dictionary of English Place-names; E. Ekwall; Dictionary of English Place-Names
Bleasdale,'Valley with a bare place'.,"blesi Old Norse - A white spot (on a horse's forehead), a blaze; a bare spot on a hillside.; dalr Old Norse - A valley.",E. Ekwall; Dictionary of English Place-Names; Ekwall; Place-names of Lancashire; Watts; Cambridge Dictionary of English Place-names; A.D. Mills; Dictionary of English Place-Names
Bold,'Dwelling'.,"bōðl Old English - A dwelling, a dwelling-place, a house.",A.D. Mills; Dictionary of English Place-Names; Ekwall; Place-names of Lancashire; Watts; Cambridge Dictionary of English Place-names; E. Ekwall; Dictionary of English Place-Names
Bolton le Sands,'Collection of buildings'.,"bōðl-tūn Old English - An enclosure with buildings, a collection of buildings.",E. Ekwall; Dictionary of English Place-Names; A.D. Mills; Dictionary of English Place-Names; Watts; Cambridge Dictionary of English Place-names; Ekwall; Place-names of Lancashire
Bootle cum Linacre,'Dwelling'. 'Flax field'.,"æcer Old English - A plot of cultivated land; a measure of land which a yoke of oxen could plough in a day. (Indistinguishable from akr.); bōðl Old English - A dwelling, a dwelling-place, a house.; līn Old English - Flax.",Watts; Cambridge Dictionary of English Place-names; E. Ekwall; Dictionary of English Place-Names; Ekwall; Place-names of Lancashire; A.D. Mills; Dictionary of English Place-Names
Borwick,'Barley farm'.,"bere-wīc Old English - A barley farm; a grange, an outlying or demesne farm.",Ekwall; Place-names of Lancashire; Watts; Cambridge Dictionary of English Place-names; E. Ekwall; Dictionary of English Place-Names; A.D. Mills; Dictionary of English Place-Names
Bradford,'The broad ford'.,"brād Old English - Broad, spacious, wide, large.; ford Old English - A ford.",Ekwall; Place-names of Lancashire; Watts; Cambridge Dictionary of English Place-names; E. Ekwall; Dictionary of English Place-Names; A.D. Mills; Dictionary of English Place-Names
Bradshaw,'The broad wood'.,"brād Old English - Broad, spacious, wide, large.; sceaga Old English - A small wood.",Watts; Cambridge Dictionary of English Place-names; A.D. Mills; Dictionary of English Place-Names; Ekwall; Place-names of Lancashire; E. Ekwall; Dictionary of English Place-Names
Bretherton,'Brothers' farm/settlement'.,"bróðir Old Norse - A brother; (later) a religious brother, monk.; brōðor Old English - A brother; (later) a religious brother, monk.; tūn Old English - An enclosure; a farmstead; a village; an estate.",Watts; Cambridge Dictionary of English Place-names; Ekwall; Place-names of Lancashire; A.D. Mills; Dictionary of English Place-Names; E. Ekwall; Dictionary of English Place-Names
Briercliffe,'Briar cliff'.,"brēr Old English; clif Old English - An escarpment, a hill-slope; a river-bank.",Watts; Cambridge Dictionary of English Place-names; A.D. Mills; Dictionary of English Place-Names; E. Ekwall; Dictionary of English Place-Names; Ekwall; Place-names of Lancashire
Brightmet,'Bright meadow'.,"beorht Old English - Bright, clear.; mǣd Old English - A meadow.",Ekwall; Place-names of Lancashire; E. Ekwall; Dictionary of English Place-Names; A.D. Mills; Dictionary of English Place-Names; Watts; Cambridge Dictionary of English Place-names
Brindle,'Stream hill'.,"burna Old English - A stream.; hyll Old English - A hill, a natural eminence or elevated piece of ground.",E. Ekwall; Dictionary of English Place-Names; Ekwall; Place-names of Lancashire; Watts; Cambridge Dictionary of English Place-names; A.D. Mills; Dictionary of English Place-Names
Broughton,'Brook farm/settlement'.,"brōc Old English - A brook, a stream.  (Used of a stream with a muddy bed and a visible sediment load.); tūn Old English - An enclosure; a farmstead; a village; an estate.",E. Ekwall; Dictionary of English Place-Names; A.D. Mills; Dictionary of English Place-Names; Ekwall; Place-names of Lancashire; Watts; Cambridge Dictionary of English Place-names
Broughton,'Fortification farm/settlement'.,"burh-tūn Old English - A fort enclosure; a farm with a palisade; a farm at, or belonging to, or which is, a fortification, fortified house, or manorhouse.",Watts; Cambridge Dictionary of English Place-names; Ekwall; Place-names of Lancashire; E. Ekwall; Dictionary of English Place-Names; A.D. Mills; Dictionary of English Place-Names
Broughton East,'Brook farm/settlement'.,"brōc Old English - A brook, a stream.  (Used of a stream with a muddy bed and a visible sediment load.); tūn Old English - An enclosure; a farmstead; a village; an estate.",Ekwall; Place-names of Lancashire; Watts; Cambridge Dictionary of English Place-names; A.D. Mills; Dictionary of English Place-Names; E. Ekwall; Dictionary of English Place-Names
Broughton in Furness,'Brook farm/settlement'.,"brōc Old English - A brook, a stream.  (Used of a stream with a muddy bed and a visible sediment load.); Place-name Unknown - Place-name; tūn Old English - An enclosure; a farmstead; a village; an estate.",
Bryning with Kellamergh,"'Bryni's people'. The original first element, ON byjar-stathr, 'farmstead', has been lost. 'Kelgrim's shieling'.","-ingas Old English - The people of . . . ; the people called after . . .; erg Old Norse - A shieling, a hill-pasture; a summer-pasture camp, a dairy or grazing out-station.; Personal name (Old English) Old English - Personal name; Personal name (Old Norse) Old Norse - Personal name",A.D. Mills; Dictionary of English Place-Names; E. Ekwall; Dictionary of English Place-Names; Watts; Cambridge Dictionary of English Place-names; Ekwall; Place-names of Lancashire
Bulk,Uncertain. 'Heap' or 'tree-trunk'.,"bola Old English - A tree-trunk, a log, a plank.; bulki Old Norse - A heap, a cargo; a lump; topographically perhaps a hill.",Ekwall; Place-names of Lancashire; E. Ekwall; Dictionary of English Place-Names; A.D. Mills; Dictionary of English Place-Names; Watts; Cambridge Dictionary of English Place-names
Burnage,"Uncertain. Possibly, 'brown hedge' or 'stream edge' from its location near the Cringle Brook, but these explanations are generally considered unsatisfactory.","brūn Old English - Brown, dark-coloured.; burna Old English - A stream.; ecg Old English - An edge; the edge of a hill, an escarpment.; hege Old English - A hedge, a fence.",A.D. Mills; Dictionary of English Place-Names; E. Ekwall; Dictionary of English Place-Names; Watts; Cambridge Dictionary of English Place-names; Ekwall; Place-names of Lancashire
Burnley,"'River Brun wood/clearing' or perhaps the river-name is a back-formation from the place-name, 'brown wood/clearing'.","brūn Old English - Brown, dark-coloured.; lēah Old English - A forest, wood, glade, clearing; (later) a pasture, meadow.; River-name Unknown - River-name",E. Ekwall; Dictionary of English Place-Names; A.D. Mills; Dictionary of English Place-Names; Ekwall; Place-names of Lancashire; Watts; Cambridge Dictionary of English Place-names
Burrow with Burrow,"'Fortification'. This was originally two places, Over and Nether Burrow.",burh Old English - A fortified place.,Ekwall; Place-names of Lancashire; A.D. Mills; Dictionary of English Place-Names; Watts; Cambridge Dictionary of English Place-names; E. Ekwall; Dictionary of English Place-Names
Burscough,'Fortification wood'.,burh Old English - A fortified place.; skógr Old Norse - A wood.,E. Ekwall; Dictionary of English Place-Names; Watts; Cambridge Dictionary of English Place-names; A.D. Mills; Dictionary of English Place-Names; Ekwall; Place-names of Lancashire
Burtonwood,'Burton's (= fortification farm/settlement) wood'. Burton is lost.,"burh-tūn Old English - A fort enclosure; a farm with a palisade; a farm at, or belonging to, or which is, a fortification, fortified house, or manorhouse.; wudu Old English - A wood; or wood, timber.",E. Ekwall; Dictionary of English Place-Names; Watts; Cambridge Dictionary of English Place-names; A.D. Mills; Dictionary of English Place-Names; Ekwall; Place-names of Lancashire
Bury,'Fortification'.,burh Old English - A fortified place.,Ekwall; Place-names of Lancashire; A.D. Mills; Dictionary of English Place-Names; Watts; Cambridge Dictionary of English Place-names; E. Ekwall; Dictionary of English Place-Names
Butterworth,'Butter enclosure'.,butere Old English - Butter.; worð Old English - An enclosure.,A.D. Mills; Dictionary of English Place-Names; Ekwall; Place-names of Lancashire; Watts; Cambridge Dictionary of English Place-names; E. Ekwall; Dictionary of English Place-Names
Cabus,"Partly uncertain. The meaning and significance of the first element are much disputed. It has been suggested that it is a compound of 'peg' and 'rounded hill'. However, there seems to be little support for the interpretation of 'peg' proposed by Ekwall. O",ball Old English; cǣg Old English - A key; perhaps used topographically of hills.; Personal name (Old English) Old English - Personal name,Ekwall; Place-names of Lancashire; A.D. Mills; Dictionary of English Place-Names; Watts; Cambridge Dictionary of English Place-names; E. Ekwall; Dictionary of English Place-Names
Cantsfield,'River Cant open land'.,"feld Old English - Open country, unencumbered ground (eg. land without trees as opposed to forest, level ground as opposed to hills, land without buildings); arable land (from late tenth century).; River-name Unknown - River-name",Ekwall; Place-names of Lancashire; E. Ekwall; Dictionary of English Place-Names; A.D. Mills; Dictionary of English Place-Names; Watts; Cambridge Dictionary of English Place-names
Carleton,'Free peasants' farm/settlement'.,"karl Old Norse - A freeman of the lower class, a peasant.; tún Old Norse - An enclosure, a farmstead.",E. Ekwall; Dictionary of English Place-Names; Watts; Cambridge Dictionary of English Place-names; Ekwall; Place-names of Lancashire; A.D. Mills; Dictionary of English Place-Names
Carnforth,'Cranes'/herons' ford'.,cran Old English - A crane; probably also a heron or similar bird.; ford Old English - A ford.,Watts; Cambridge Dictionary of English Place-names; Ekwall; Place-names of Lancashire; E. Ekwall; Dictionary of English Place-Names; A.D. Mills; Dictionary of English Place-Names
Cartmell Fell,'Stony ground sand-bank'.,"kartr Old Norse - Rough stony ground.; melr Old Norse - A sand-bank, a sand-hill.",E. Ekwall; Dictionary of English Place-Names; Watts; Cambridge Dictionary of English Place-names; A.D. Mills; Dictionary of English Place-Names; Ekwall; Place-names of Lancashire
Castleton,'Castle farm/settlement'.,castel Old English - A defensive building; a village.; tūn Old English - An enclosure; a farmstead; a village; an estate.,A.D. Mills; Dictionary of English Place-Names; Watts; Cambridge Dictionary of English Place-names; E. Ekwall; Dictionary of English Place-Names; Ekwall; Place-names of Lancashire
Caton,'Kati's farm/settlement'.,Personal name (Old Norse) Old Norse - Personal name; tūn Old English - An enclosure; a farmstead; a village; an estate.,Ekwall; Place-names of Lancashire; Watts; Cambridge Dictionary of English Place-names; A.D. Mills; Dictionary of English Place-Names; E. Ekwall; Dictionary of English Place-Names
Catterall,"Uncertain. 'Cat's tail' with reference to some feature. Alternatively, the second element is 'nook of land'.","halh Old English - A nook of land; a small valley; dry ground in marsh; a piece of land projecting from, or detached from, the main area of its administrative unit.; hali Old Norse - A tail; a long, narrow piece of land.; kattar Old Norse - Cat.; Obscure element Unknown - Obscure element",Ekwall; Place-names of Lancashire; Watts; Cambridge Dictionary of English Place-names; A.D. Mills; Dictionary of English Place-Names; E. Ekwall; Dictionary of English Place-Names
Chadderton,'Farm/settlement at the hill called *Cadeir (= the chair)''.,cadeir C; tūn Old English - An enclosure; a farmstead; a village; an estate.,E. Ekwall; Dictionary of English Place-Names; Ekwall; Place-names of Lancashire; A.D. Mills; Dictionary of English Place-Names; Watts; Cambridge Dictionary of English Place-names
Charnock Richard,"Perhaps a lost Celtic river-name, *Cern, with the place-name forming suffix -aco. It was held by Richard de Chernok in 1242.",-āco- C; Personal name (Uncertain) Unknown - Personal name; River-name Unknown - River-name,Ekwall; Place-names of Lancashire; E. Ekwall; Dictionary of English Place-Names; A.D. Mills; Dictionary of English Place-Names; Watts; Cambridge Dictionary of English Place-names
Chatburn,'*Ceatta's stream'.,burna Old English - A stream.; Personal name (Old English) Old English - Personal name,E. Ekwall; Dictionary of English Place-Names; Ekwall; Place-names of Lancashire; A.D. Mills; Dictionary of English Place-Names; Watts; Cambridge Dictionary of English Place-names
Cheetham,'Homestead/village at *Chet (= the wood)'.,"cē¸d C; hām Old English - A village, a village community, a manor, an estate, a homestead.",Watts; Cambridge Dictionary of English Place-names; Ekwall; Place-names of Lancashire; E. Ekwall; Dictionary of English Place-Names; A.D. Mills; Dictionary of English Place-Names
Childwall,'Children's spring/stream'.,"cild Old English - A child, a young person, a boy, a son.; wella Old English",A.D. Mills; Dictionary of English Place-Names; E. Ekwall; Dictionary of English Place-Names; Watts; Cambridge Dictionary of English Place-names; Ekwall; Place-names of Lancashire
Chipping,'Market'.,cēping Old English,E. Ekwall; Dictionary of English Place-Names; A.D. Mills; Dictionary of English Place-Names; Ekwall; Place-names of Lancashire; Watts; Cambridge Dictionary of English Place-names
Chorley,'Free peasants' wood/clearing'.,"ceorl Old English - A freeman of the lower class, a peasant.; lēah Old English - A forest, wood, glade, clearing; (later) a pasture, meadow.",A.D. Mills; Dictionary of English Place-Names; E. Ekwall; Dictionary of English Place-Names; Watts; Cambridge Dictionary of English Place-names; Ekwall; Place-names of Lancashire
Chorlton cum Hardy,This Chorlton has a different meaning from Chorlton upon Medlock: 'Ceolfrith's farm/settlement'. '*Hearda's island'.,"ēg Old English - An island.  In ancient settlement-names, most frequently refers to dry ground surrounded by marsh.  Also used of islands in modern sense.  In late OE names: well-watered land.; Personal name (Old English) Old English - Personal name; tūn Old English - An enclosure; a farmstead; a village; an estate.",E. Ekwall; Dictionary of English Place-Names; A.D. Mills; Dictionary of English Place-Names; Ekwall; Place-names of Lancashire; Watts; Cambridge Dictionary of English Place-names
Chorlton upon Medlock,'Free peasants' farm/settlement' on the River Medlock.,"ceorl Old English - A freeman of the lower class, a peasant.; River-name Unknown - River-name; tūn Old English - An enclosure; a farmstead; a village; an estate.",A.D. Mills; Dictionary of English Place-Names; Watts; Cambridge Dictionary of English Place-names; E. Ekwall; Dictionary of English Place-Names; Ekwall; Place-names of Lancashire
Church,'Church'.,cirice Old English - A church.,E. Ekwall; Dictionary of English Place-Names; Watts; Cambridge Dictionary of English Place-names; A.D. Mills; Dictionary of English Place-Names; Ekwall; Place-names of Lancashire
Church Coniston,'King's farm/settlement'.,kunung Old Norse; tūn Old English - An enclosure; a farmstead; a village; an estate.,Watts; Cambridge Dictionary of English Place-names; A.D. Mills; Dictionary of English Place-Names; Ekwall; Place-names of Lancashire; E. Ekwall; Dictionary of English Place-Names
Claife,'Cliff'.,"kleif Old Norse - A cliff, hill-side, pass, with a steep or difficult path.",Ekwall; Place-names of Lancashire; E. Ekwall; Dictionary of English Place-Names; Watts; Cambridge Dictionary of English Place-names; A.D. Mills; Dictionary of English Place-Names
Claughton,'Hillock farm/settlement'.,"clacc Old English - A hill, a peak.; klakkr Old Norse - A lump; probably also a hill.; tūn Old English - An enclosure; a farmstead; a village; an estate.",Watts; Cambridge Dictionary of English Place-names; Ekwall; Place-names of Lancashire; A.D. Mills; Dictionary of English Place-Names; E. Ekwall; Dictionary of English Place-Names
Claughton,'Hillock farm/settlement'.,"clacc Old English - A hill, a peak.; klakkr Old Norse - A lump; probably also a hill.; tún Old Norse - An enclosure, a farmstead.",Watts; Cambridge Dictionary of English Place-names; Ekwall; Place-names of Lancashire; E. Ekwall; Dictionary of English Place-Names; A.D. Mills; Dictionary of English Place-Names
Clayton le Dale,'Clayey farm/settlement'.,"clǣg Old English - Clay, clayey soil.; tūn Old English - An enclosure; a farmstead; a village; an estate.",Watts; Cambridge Dictionary of English Place-names; E. Ekwall; Dictionary of English Place-Names; Ekwall; Place-names of Lancashire; A.D. Mills; Dictionary of English Place-Names
Clayton le Moors,'Clayey farm/settlement' on moorland.,"clǣg Old English - Clay, clayey soil.; le Old French - The.; mōr Old English - A marsh, barren upland.; tūn Old English - An enclosure; a farmstead; a village; an estate.",A.D. Mills; Dictionary of English Place-Names; Watts; Cambridge Dictionary of English Place-names; Ekwall; Place-names of Lancashire; E. Ekwall; Dictionary of English Place-Names
Clayton le Woods,'Clayey farm/settlement' in the woods.,"clǣg Old English - Clay, clayey soil.; le Old French - The.; tūn Old English - An enclosure; a farmstead; a village; an estate.; wudu Old English - A wood; or wood, timber.",Ekwall; Place-names of Lancashire; Watts; Cambridge Dictionary of English Place-names; E. Ekwall; Dictionary of English Place-Names; A.D. Mills; Dictionary of English Place-Names
Cleveley,'Cliff wood/clearing'.,"clif Old English - An escarpment, a hill-slope; a river-bank.; lēah Old English - A forest, wood, glade, clearing; (later) a pasture, meadow.",E. Ekwall; Dictionary of English Place-Names; Ekwall; Place-names of Lancashire; Watts; Cambridge Dictionary of English Place-names; A.D. Mills; Dictionary of English Place-Names
Clifton,'Cliff farm/settlement'.,"clif Old English - An escarpment, a hill-slope; a river-bank.; tūn Old English - An enclosure; a farmstead; a village; an estate.",E. Ekwall; Dictionary of English Place-Names; Ekwall; Place-names of Lancashire; A.D. Mills; Dictionary of English Place-Names; Watts; Cambridge Dictionary of English Place-names
Clifton with Salwick,'Cliff farm/settlement'. 'Willow specialised-farm'.,"clif Old English - An escarpment, a hill-slope; a river-bank.; salh Old English; tūn Old English - An enclosure; a farmstead; a village; an estate.; wīc Old English - A dwelling; a building or collection of buildings for special purposes; a farm, a dairy farm; a trading or industrial settlement; or (in the plural) a hamlet, village.",Ekwall; Place-names of Lancashire; E. Ekwall; Dictionary of English Place-Names; A.D. Mills; Dictionary of English Place-Names; Watts; Cambridge Dictionary of English Place-names
Clitheroe,'Hill covered in loose stones'.,"clȳder Old English - Loose stones, debris.; haugr Old Norse - A natural height, a hill, a heap, an artificial mound, a burial mound.",Watts; Cambridge Dictionary of English Place-names; E. Ekwall; Dictionary of English Place-Names; A.D. Mills; Dictionary of English Place-Names; Ekwall; Place-names of Lancashire
Cliviger,'Cliff acre'.,"æcer Old English - A plot of cultivated land; a measure of land which a yoke of oxen could plough in a day. (Indistinguishable from akr.); clif Old English - An escarpment, a hill-slope; a river-bank.",E. Ekwall; Dictionary of English Place-Names; A.D. Mills; Dictionary of English Place-Names; Watts; Cambridge Dictionary of English Place-names; Ekwall; Place-names of Lancashire
Cockerham,'River Cocker homestead/village' or 'River Cocker hemmed-in land'.,"hām Old English - A village, a village community, a manor, an estate, a homestead.; hamm Old English - Land hemmed in by water or marsh (perhaps also by high ground); a river-meadow; cultivated plot on the edge of woodland or moor.; River-name Unknown - River-name",Watts; Cambridge Dictionary of English Place-names; E. Ekwall; Dictionary of English Place-Names; A.D. Mills; Dictionary of English Place-Names; Ekwall; Place-names of Lancashire
Cockersand Abbey,'River Cocker sand'. The ruined abbey is near the mouth of the river.,River-name Unknown - River-name; sand Old English - Sand.,Watts; Cambridge Dictionary of English Place-names; A.D. Mills; Dictionary of English Place-Names; E. Ekwall; Dictionary of English Place-Names; Ekwall; Place-names of Lancashire
Colne,Named after the River Colne.,River-name Unknown - River-name,E. Ekwall; Dictionary of English Place-Names; Watts; Cambridge Dictionary of English Place-names; Ekwall; Place-names of Lancashire; A.D. Mills; Dictionary of English Place-Names
Colton,'River Cole farm/settlement'.,River-name Unknown - River-name; tūn Old English - An enclosure; a farmstead; a village; an estate.,Ekwall; Place-names of Lancashire; E. Ekwall; Dictionary of English Place-Names; A.D. Mills; Dictionary of English Place-Names; Watts; Cambridge Dictionary of English Place-names
Coppull,'Peak hill'.,"copp Old English - A summit.; hyll Old English - A hill, a natural eminence or elevated piece of ground.",E. Ekwall; Dictionary of English Place-Names; Ekwall; Place-names of Lancashire; Watts; Cambridge Dictionary of English Place-names; A.D. Mills; Dictionary of English Place-Names
"Cowpe, Lench and Newhallhey",'Cow valley'. 'Ledge'. 'New hall'.,"cū Old English - A cow.; hall Old English - A slope, a hill; a boulder.; hlenc Old English - An extensive hill-slope.; hop Old English - A valley; a remote enclosed space; a piece of enclosed land in a fen; an enclosure in marsh or moor.; nīwe Old English - New.",Watts; Cambridge Dictionary of English Place-names; E. Ekwall; Dictionary of English Place-Names; Ekwall; Place-names of Lancashire; A.D. Mills; Dictionary of English Place-Names
Crompton,'River-bend farm/settlement'. The village is situated in a sharp bend of the river.,crumbe Old English - A bend (esp. in a river or stream).; tūn Old English - An enclosure; a farmstead; a village; an estate.,A.D. Mills; Dictionary of English Place-Names; Ekwall; Place-names of Lancashire; E. Ekwall; Dictionary of English Place-Names; Watts; Cambridge Dictionary of English Place-names
Cronton,"'Farm/settlement at the corner place' or perhaps, 'farm/settlement at the saffron place'.","-ing Old English - Place-name forming suffix.; crōh Old English - A nook, a corner.; croh Old English - Saffron.; tūn Old English - An enclosure; a farmstead; a village; an estate.",E. Ekwall; Dictionary of English Place-Names; A.D. Mills; Dictionary of English Place-Names; Ekwall; Place-names of Lancashire; Watts; Cambridge Dictionary of English Place-names
Croston,'Cross farm/settlement'.,"cros Middle English - A cross, the Cross. (Also late Old English); tūn Old English - An enclosure; a farmstead; a village; an estate.",Watts; Cambridge Dictionary of English Place-names; Ekwall; Place-names of Lancashire; A.D. Mills; Dictionary of English Place-Names; E. Ekwall; Dictionary of English Place-Names
Croxteth Park,"'Croc's landing place'or perhaps, 'river-bend landing place'. Alternatively, the second element may be 'place', an element perhaps introduced via the Isle of Man.","krókr Old Norse - A crook, a bend; usually denoting land in the bend of a river, but sometimes a nook, a secluded corner of land.; Personal name (Old Norse) Old Norse - Personal name; staðr Old Norse - A place, a site.; stǫð Old Norse - A landing-place, a jetty.",Ekwall; Place-names of Lancashire; E. Ekwall; Dictionary of English Place-Names; Watts; Cambridge Dictionary of English Place-names; A.D. Mills; Dictionary of English Place-Names
Crumpsall,'Crooked nook of land'.,"crumb Old English - Crooked, twisted, bent.; halh Old English - A nook of land; a small valley; dry ground in marsh; a piece of land projecting from, or detached from, the main area of its administrative unit.",Watts; Cambridge Dictionary of English Place-names; E. Ekwall; Dictionary of English Place-Names; A.D. Mills; Dictionary of English Place-Names; Ekwall; Place-names of Lancashire
Cuerdale,'Rounded hill'.,"haugr Old Norse - A natural height, a hill, a heap, an artificial mound, a burial mound.; kofri Old Norse - A hood, a cap; used of a hill.",E. Ekwall; Dictionary of English Place-Names; Ekwall; Place-names of Lancashire; A.D. Mills; Dictionary of English Place-Names; Watts; Cambridge Dictionary of English Place-names
Cuerden,'Ash-tree'.,kerden C,A.D. Mills; Dictionary of English Place-Names; Ekwall; Place-names of Lancashire; Watts; Cambridge Dictionary of English Place-names; E. Ekwall; Dictionary of English Place-Names
Cuerdley,"Probably, 'Cynferth's wood/clearing'.","lēah Old English - A forest, wood, glade, clearing; (later) a pasture, meadow.; Personal name (Old English) Old English - Personal name",E. Ekwall; Dictionary of English Place-Names; Ekwall; Place-names of Lancashire; A.D. Mills; Dictionary of English Place-Names; Watts; Cambridge Dictionary of English Place-names
Culcheth,'Narrow wood'.,cē¸d C; cṻl C,E. Ekwall; Dictionary of English Place-Names; Watts; Cambridge Dictionary of English Place-names; A.D. Mills; Dictionary of English Place-Names; Ekwall; Place-names of Lancashire
Dalton,'Valley farm/settlement'.,"dǣl Old English - A share of land, a district.; tūn Old English - An enclosure; a farmstead; a village; an estate.",Watts; Cambridge Dictionary of English Place-names; E. Ekwall; Dictionary of English Place-Names; A.D. Mills; Dictionary of English Place-Names; Ekwall; Place-names of Lancashire
Dalton in Furness,'Valley farm/settlement'. Affix is a district name meaning 'headland by the rump-shaped island'.,"dǣl Old English - A share of land, a district.; nes Old Norse - A ness, a headland, a promontory. (Used for larger areas than the Old English word naess.); tūn Old English - An enclosure; a farmstead; a village; an estate.",A.D. Mills; Dictionary of English Place-Names; Ekwall; Place-names of Lancashire; Watts; Cambridge Dictionary of English Place-names; E. Ekwall; Dictionary of English Place-Names
Darcy Lever,'Rushes/irises'. It was held by the D'Arcy family in the 16th century.,"Family name Unknown - Family name.; lēfer Old English - A rush, a reed, a yellow iris, levers.",E. Ekwall; Dictionary of English Place-Names; Ekwall; Place-names of Lancashire; A.D. Mills; Dictionary of English Place-Names; Watts; Cambridge Dictionary of English Place-names
Denton,'Valley farm/settlement'.,denu Old English - A valley.; tūn Old English - An enclosure; a farmstead; a village; an estate.,Watts; Cambridge Dictionary of English Place-names; Ekwall; Place-names of Lancashire; A.D. Mills; Dictionary of English Place-Names; E. Ekwall; Dictionary of English Place-Names
Didsbury,'Dyd(d)i's fortification'.,burh Old English - A fortified place.; Personal name (Old English) Old English - Personal name,Ekwall; Place-names of Lancashire; A.D. Mills; Dictionary of English Place-Names; Watts; Cambridge Dictionary of English Place-names; E. Ekwall; Dictionary of English Place-Names
Dilworth,'Dill enclosure'.,dile Old English - Dill.; worð Old English - An enclosure.,E. Ekwall; Dictionary of English Place-Names; Ekwall; Place-names of Lancashire; A.D. Mills; Dictionary of English Place-Names; Watts; Cambridge Dictionary of English Place-names
Dinckley,"Perhaps, 'wood fortification' with the later addition of 'wood/clearing'. Alternatively, perhaps 'Dincat's wood/clearing'.","cē¸d C; din C; lēah Old English - A forest, wood, glade, clearing; (later) a pasture, meadow.; Personal name (Uncertain) Unknown - Personal name",A.D. Mills; Dictionary of English Place-Names; Watts; Cambridge Dictionary of English Place-names; Ekwall; Place-names of Lancashire; E. Ekwall; Dictionary of English Place-Names
Ditton,'Ditch farm/settlement'.,"dīc Old English - A ditch, usually an excavated trench, either defensive or for drainage of water.; tūn Old English - An enclosure; a farmstead; a village; an estate.",Ekwall; Place-names of Lancashire; E. Ekwall; Dictionary of English Place-Names; Watts; Cambridge Dictionary of English Place-names; A.D. Mills; Dictionary of English Place-Names
Downham,'At the hills'.,dūn Old English - A hill.,Ekwall; Place-names of Lancashire; Watts; Cambridge Dictionary of English Place-names; A.D. Mills; Dictionary of English Place-Names; E. Ekwall; Dictionary of English Place-Names
Downholland,'Hill-spur land'. 'Lower' to distinguish from Upholland.,"doun Middle English - A hill, an expanse of open hill-country.; hōh Old English - A heel; a sharply projecting piece of ground.; land Old English - Land (as part of earth's surface); an estate; possibly also new arable area.  In minor and field names: strip in a field-system.",A.D. Mills; Dictionary of English Place-Names; Watts; Cambridge Dictionary of English Place-names; Ekwall; Place-names of Lancashire; E. Ekwall; Dictionary of English Place-Names
Droylsden,'Dry spring/stream valley'.,"denu Old English - A valley.; drȳge Old English - Dry, dried up.; wella Old English",E. Ekwall; Dictionary of English Place-Names; Ekwall; Place-names of Lancashire; A.D. Mills; Dictionary of English Place-Names; Watts; Cambridge Dictionary of English Place-names
Dunnerdale with Seathwaite,'River Duddon valley'. 'Lake clearing'.,"dalr Old Norse - A valley.; River-name Unknown - River-name; sǽr Old Norse - A lake, sea.; þveit Old Norse - A clearing, a meadow, a paddock.",Watts; Cambridge Dictionary of English Place-names; E. Ekwall; Dictionary of English Place-Names; A.D. Mills; Dictionary of English Place-Names; Ekwall; Place-names of Lancashire
Dunnockshaw,'Hedge-sparrow copse'.,dunnoc Old English - A hedge-sparrow.; sceaga Old English - A small wood.,Ekwall; Place-names of Lancashire; Watts; Cambridge Dictionary of English Place-names; E. Ekwall; Dictionary of English Place-Names; A.D. Mills; Dictionary of English Place-Names
Dutton,'Dudda's farm/settlement'.,Personal name (Old English) Old English - Personal name; tūn Old English - An enclosure; a farmstead; a village; an estate.,E. Ekwall; Dictionary of English Place-Names; Ekwall; Place-names of Lancashire; A.D. Mills; Dictionary of English Place-Names; Watts; Cambridge Dictionary of English Place-names
Duxbury,'Duc's fortification'.,burh Old English - A fortified place.; Personal name (Old English) Old English - Personal name,E. Ekwall; Dictionary of English Place-Names; Ekwall; Place-names of Lancashire; Watts; Cambridge Dictionary of English Place-names; A.D. Mills; Dictionary of English Place-Names
Eccleshill,'Church hill'.,"eglẹ̄s C; hyll Old English - A hill, a natural eminence or elevated piece of ground.",Watts; Cambridge Dictionary of English Place-names; Ekwall; Place-names of Lancashire; E. Ekwall; Dictionary of English Place-Names; A.D. Mills; Dictionary of English Place-Names
Eccleston,'Church farm/settlement'.,eglẹ̄s C; tūn Old English - An enclosure; a farmstead; a village; an estate.,A.D. Mills; Dictionary of English Place-Names; Ekwall; Place-names of Lancashire; E. Ekwall; Dictionary of English Place-Names; Watts; Cambridge Dictionary of English Place-names
Eccleston,'Church farm/settlement'.,eglẹ̄s C; tūn Old English - An enclosure; a farmstead; a village; an estate.,A.D. Mills; Dictionary of English Place-Names; Watts; Cambridge Dictionary of English Place-names; Ekwall; Place-names of Lancashire; E. Ekwall; Dictionary of English Place-Names
Edgworth,'Edge enclosure'.,"ecg Old English - An edge; the edge of a hill, an escarpment.; worð Old English - An enclosure.",Ekwall; Place-names of Lancashire; A.D. Mills; Dictionary of English Place-Names; Watts; Cambridge Dictionary of English Place-names; E. Ekwall; Dictionary of English Place-Names
Egton with Newland,'Ecga's farm/settlement'. 'New land'.,land Old English - Land (as part of earth's surface); an estate; possibly also new arable area.  In minor and field names: strip in a field-system.; nīwe Old English - New.; Personal name (Old English) Old English - Personal name; tūn Old English - An enclosure; a farmstead; a village; an estate.,A.D. Mills; Dictionary of English Place-Names; Watts; Cambridge Dictionary of English Place-names; Ekwall; Place-names of Lancashire; E. Ekwall; Dictionary of English Place-Names
Ellel,'Ella's nook of land'.,"halh Old English - A nook of land; a small valley; dry ground in marsh; a piece of land projecting from, or detached from, the main area of its administrative unit.; Personal name (Old English) Old English - Personal name",E. Ekwall; Dictionary of English Place-Names; Watts; Cambridge Dictionary of English Place-names; A.D. Mills; Dictionary of English Place-Names; Ekwall; Place-names of Lancashire
Elston,'Ethel's farm/settlement'.,Personal name (Old English) Old English - Personal name; tūn Old English - An enclosure; a farmstead; a village; an estate.,Watts; Cambridge Dictionary of English Place-names; E. Ekwall; Dictionary of English Place-Names; Ekwall; Place-names of Lancashire; A.D. Mills; Dictionary of English Place-Names
Elswick,'Aethelsige's/Ethel's specialised farm'.,"Personal name (Old English) Old English - Personal name; wīc Old English - A dwelling; a building or collection of buildings for special purposes; a farm, a dairy farm; a trading or industrial settlement; or (in the plural) a hamlet, village.",Watts; Cambridge Dictionary of English Place-names; A.D. Mills; Dictionary of English Place-Names; E. Ekwall; Dictionary of English Place-Names; Ekwall; Place-names of Lancashire
Elton,'Ella's farm/settlement'.,Personal name (Old English) Old English - Personal name; tūn Old English - An enclosure; a farmstead; a village; an estate.,Ekwall; Place-names of Lancashire; A.D. Mills; Dictionary of English Place-Names; E. Ekwall; Dictionary of English Place-Names; Watts; Cambridge Dictionary of English Place-names
Entwhistle,'Enna's river-fork'.,"Personal name (Old English) Old English - Personal name; twisla Old English - The fork of a river, the junction of two streams.",A.D. Mills; Dictionary of English Place-Names; Watts; Cambridge Dictionary of English Place-names; E. Ekwall; Dictionary of English Place-Names; Ekwall; Place-names of Lancashire
Euxton,"'Aefic's farm/settlement' but perhaps, more likely, is '*Eofoc's farm/settlement' .",Personal name (Old English) Old English - Personal name; tūn Old English - An enclosure; a farmstead; a village; an estate.,E. Ekwall; Dictionary of English Place-Names; Ekwall; Place-names of Lancashire; A.D. Mills; Dictionary of English Place-Names; Watts; Cambridge Dictionary of English Place-names
Everton,'Wild-boar farm/settlement'.,eofor Old English - A wild boar.; tūn Old English - An enclosure; a farmstead; a village; an estate.,Watts; Cambridge Dictionary of English Place-names; E. Ekwall; Dictionary of English Place-Names; Ekwall; Place-names of Lancashire; A.D. Mills; Dictionary of English Place-Names
Failsworth,"Uncertain. Perhaps, 'hurdle enclosure' or '*Faegel's/*Fegel's enclosure'.","fēgels Old English - Possibly a hurdle, a fence.; Personal name (Old English) Old English - Personal name; worð Old English - An enclosure.",A.D. Mills; Dictionary of English Place-Names; E. Ekwall; Dictionary of English Place-Names; Ekwall; Place-names of Lancashire; Watts; Cambridge Dictionary of English Place-names
Farington,'Ferny farm/settlement'.,fearn Old English - A fern; ferns; a ferny place.; tūn Old English - An enclosure; a farmstead; a village; an estate.,A.D. Mills; Dictionary of English Place-Names; E. Ekwall; Dictionary of English Place-Names; Ekwall; Place-names of Lancashire; Watts; Cambridge Dictionary of English Place-names
Farnworth,'Ferny enclosure'.,fearn Old English - A fern; ferns; a ferny place.; worð Old English - An enclosure.,Ekwall; Place-names of Lancashire; A.D. Mills; Dictionary of English Place-Names; E. Ekwall; Dictionary of English Place-Names; Watts; Cambridge Dictionary of English Place-names
Fazakerley,'Border acre wood/clearing.,"æcer Old English - A plot of cultivated land; a measure of land which a yoke of oxen could plough in a day. (Indistinguishable from akr.); fæs Old English - The fringe of a garment; perhaps used figuratively of the border or edge of something.; lēah Old English - A forest, wood, glade, clearing; (later) a pasture, meadow.",Ekwall; Place-names of Lancashire; A.D. Mills; Dictionary of English Place-Names; E. Ekwall; Dictionary of English Place-Names; Watts; Cambridge Dictionary of English Place-names
Fishwick,'Fish specialised farm'.,"fisc Old English - A fish.; wīc Old English - A dwelling; a building or collection of buildings for special purposes; a farm, a dairy farm; a trading or industrial settlement; or (in the plural) a hamlet, village.",E. Ekwall; Dictionary of English Place-Names; A.D. Mills; Dictionary of English Place-Names; Watts; Cambridge Dictionary of English Place-names; Ekwall; Place-names of Lancashire
Flixton,'Flik's farm/settlement'.,Personal name (Old Norse) Old Norse - Personal name; tūn Old English - An enclosure; a farmstead; a village; an estate.,Ekwall; Place-names of Lancashire; Watts; Cambridge Dictionary of English Place-names; E. Ekwall; Dictionary of English Place-Names; A.D. Mills; Dictionary of English Place-Names
Formby,"Uncertain. 'Old farm/settlement' or perhaps, 'Forni's farm/settlement'.","bȳ Old Norse - A farmstead, a village.; forn Old Norse - Old.; Personal name (Old Norse) Old Norse - Personal name",E. Ekwall; Dictionary of English Place-Names; Watts; Cambridge Dictionary of English Place-names; Ekwall; Place-names of Lancashire; A.D. Mills; Dictionary of English Place-Names
Forton,"'Ford farm/settlement'. There were two fords across the River Cocker here: ON lang-vath, 'long ford' and ON skamma-vath, 'short ford'.",ford Old English - A ford.; tūn Old English - An enclosure; a farmstead; a village; an estate.,E. Ekwall; Dictionary of English Place-Names; A.D. Mills; Dictionary of English Place-Names; Ekwall; Place-names of Lancashire; Watts; Cambridge Dictionary of English Place-names
Foulridge,'Foal ridge'.,fola Old English - A foal.; hrycg Old English - A ridge.,A.D. Mills; Dictionary of English Place-Names; Watts; Cambridge Dictionary of English Place-names; E. Ekwall; Dictionary of English Place-Names; Ekwall; Place-names of Lancashire
Freckleton,"Uncertain. Perhaps, '*Frecla's farm/settlement' or possibly, 'farm/settlement at *Fraecwel (= the dangerous pool)'.",Personal name (Old English) Old English - Personal name; tūn Old English - An enclosure; a farmstead; a village; an estate.; wæl Old English - A corpse.,Watts; Cambridge Dictionary of English Place-names; A.D. Mills; Dictionary of English Place-Names; Ekwall; Place-names of Lancashire; E. Ekwall; Dictionary of English Place-Names
Fulwood,"'Foul wood'. Alternatively, perhaps 'bird wood'.","fugol Old English - A bird (in a general sense); probably also a domestic bird.; fūl Old English - Foul, dirty.; wudu Old English - A wood; or wood, timber.",A.D. Mills; Dictionary of English Place-Names; Watts; Cambridge Dictionary of English Place-names; E. Ekwall; Dictionary of English Place-Names; Ekwall; Place-names of Lancashire
Garstang,"Probably, 'spear post', denoting a place of assembly.","geirr Old Norse - A spear.; stǫng Old Norse - A pole, a stave; also used as a standard of measure.",E. Ekwall; Dictionary of English Place-Names; Ekwall; Place-names of Lancashire; Watts; Cambridge Dictionary of English Place-names; A.D. Mills; Dictionary of English Place-Names
Garston,'Great stone'.,"grēat Old English - Thick, stout, bulky, massive. Later meaning 'big in size'.; stān Old English - A stone, stone, rock.",A.D. Mills; Dictionary of English Place-Names; E. Ekwall; Dictionary of English Place-Names; Watts; Cambridge Dictionary of English Place-names; Ekwall; Place-names of Lancashire
Golborne,'Marigold stream'.,"burna Old English - A stream.; golde Old English - A marigold, a marsh marigold.",E. Ekwall; Dictionary of English Place-Names; A.D. Mills; Dictionary of English Place-Names; Ekwall; Place-names of Lancashire; Watts; Cambridge Dictionary of English Place-names
Goldshaw Booth,"'Goldgeofu's booth', a feminine personal name.",bōth Old Norse; Personal name (Old English) Old English - Personal name,Ekwall; Place-names of Lancashire; A.D. Mills; Dictionary of English Place-Names; E. Ekwall; Dictionary of English Place-Names; Watts; Cambridge Dictionary of English Place-names
Goosnarch (or Goosnargh),'Gosan's/Gussan's shieling'.,"erg Old Norse - A shieling, a hill-pasture; a summer-pasture camp, a dairy or grazing out-station.; Personal name (Uncertain) Unknown - Personal name",A.D. Mills; Dictionary of English Place-Names; Ekwall; Place-names of Lancashire; E. Ekwall; Dictionary of English Place-Names; Watts; Cambridge Dictionary of English Place-names
Gorton,'Dirty farm/settlement'.,"gor Old English - Dirt, dung, filth.; tūn Old English - An enclosure; a farmstead; a village; an estate.",E. Ekwall; Dictionary of English Place-Names; A.D. Mills; Dictionary of English Place-Names; Ekwall; Place-names of Lancashire; Watts; Cambridge Dictionary of English Place-names
Great and Little Bolton,'Collection of buildings'.,"bōðl-tūn Old English - An enclosure with buildings, a collection of buildings.",A.D. Mills; Dictionary of English Place-Names; Ekwall; Place-names of Lancashire; Watts; Cambridge Dictionary of English Place-names; E. Ekwall; Dictionary of English Place-Names
Great and Little Crosby,'Cross farm/settlement'.,kross-bý Old Norse - A farmstead or village with a cross or crosses.,Ekwall; Place-names of Lancashire; E. Ekwall; Dictionary of English Place-Names; Watts; Cambridge Dictionary of English Place-names; A.D. Mills; Dictionary of English Place-Names
Great and Little Heaton,'High farm/settlement'.,"hēah Old English - A high place, a height.; tūn Old English - An enclosure; a farmstead; a village; an estate.",E. Ekwall; Dictionary of English Place-Names; Ekwall; Place-names of Lancashire; Watts; Cambridge Dictionary of English Place-names; A.D. Mills; Dictionary of English Place-Names
Great and Little Lever,'Rushes'.,"lēfer Old English - A rush, a reed, a yellow iris, levers.",E. Ekwall; Dictionary of English Place-Names; Watts; Cambridge Dictionary of English Place-names; A.D. Mills; Dictionary of English Place-Names; Ekwall; Place-names of Lancashire
Great and Little Marsden,'Boundary valley'.,denu Old English - A valley.; mercels Old English,E. Ekwall; Dictionary of English Place-Names; Ekwall; Place-names of Lancashire; Watts; Cambridge Dictionary of English Place-names; A.D. Mills; Dictionary of English Place-Names
Great Ecclestone,'Church farm/settlement'.,"eglẹ̄s C; halh Old English - A nook of land; a small valley; dry ground in marsh; a piece of land projecting from, or detached from, the main area of its administrative unit.",Ekwall; Place-names of Lancashire; E. Ekwall; Dictionary of English Place-Names; Watts; Cambridge Dictionary of English Place-names; A.D. Mills; Dictionary of English Place-Names
Great Harwood,"Uncertain. 'Grey wood', 'rock wood ' or 'hare wood'.","hær Old English - A rock, a heap of stones, a tumulus.; hār Old English - Grey, hoar, especially grey through being overgrown with lichen.; hara Old English - A hare.; wudu Old English - A wood; or wood, timber.",E. Ekwall; Dictionary of English Place-Names; A.D. Mills; Dictionary of English Place-Names; Ekwall; Place-names of Lancashire; Watts; Cambridge Dictionary of English Place-names
Great Sankey,Named after the River Sankey.,River-name Unknown - River-name,A.D. Mills; Dictionary of English Place-Names; Ekwall; Place-names of Lancashire; E. Ekwall; Dictionary of English Place-Names; Watts; Cambridge Dictionary of English Place-names
Greenhalgh with Thistleton,'Green hollow'. 'Thistly farm/settlement'.,"grēne Old English - Green, grass-grown.; hol Old English - A hole, a hollow.; tūn Old English - An enclosure; a farmstead; a village; an estate.; þistel Old English - A thistle.",E. Ekwall; Dictionary of English Place-Names; Watts; Cambridge Dictionary of English Place-names; Ekwall; Place-names of Lancashire; A.D. Mills; Dictionary of English Place-Names
Gressingham,"Probably, 'grazing homestead/village'","gærsing Old English - Grazing, pasture.; hām Old English - A village, a village community, a manor, an estate, a homestead.",Watts; Cambridge Dictionary of English Place-names; E. Ekwall; Dictionary of English Place-Names; A.D. Mills; Dictionary of English Place-Names; Ekwall; Place-names of Lancashire
Grimsargh with Brockholes,'Grimr's shieling'. 'Badger holes'.,"brocc Old English - A brock, a badger.; erg Old Norse - A shieling, a hill-pasture; a summer-pasture camp, a dairy or grazing out-station.; hol Old English - A hole, a hollow.; Personal name (Old Norse) Old Norse - Personal name",Ekwall; Place-names of Lancashire; A.D. Mills; Dictionary of English Place-Names; Watts; Cambridge Dictionary of English Place-names; E. Ekwall; Dictionary of English Place-Names
Habergham Eaves,"Perhaps, 'Homestead/village of the dwellers at *Heabeorg (= high mountain)' with the later addition of 'edge/border'.","berg Old English; efes Old English - Eaves; an edge or border (especially of a wood); the brow of a hill or bank, the edge of an escarpment or steep hillside.; hām Old English - A village, a village community, a manor, an estate, a homestead.; hēah Old English - A high place, a height.",Ekwall; Place-names of Lancashire; E. Ekwall; Dictionary of English Place-Names; A.D. Mills; Dictionary of English Place-Names; Watts; Cambridge Dictionary of English Place-names
Haigh,'Enclosure'.,"haga Old English - A hedge; an enclosure; later a messuage, property.",A.D. Mills; Dictionary of English Place-Names; Watts; Cambridge Dictionary of English Place-names; Ekwall; Place-names of Lancashire; E. Ekwall; Dictionary of English Place-Names
Haighton,'Nook of land farm/settlement'.,"halh Old English - A nook of land; a small valley; dry ground in marsh; a piece of land projecting from, or detached from, the main area of its administrative unit.; tūn Old English - An enclosure; a farmstead; a village; an estate.",A.D. Mills; Dictionary of English Place-Names; E. Ekwall; Dictionary of English Place-Names; Watts; Cambridge Dictionary of English Place-names; Ekwall; Place-names of Lancashire
Hale,'Nook of land'.,"halh Old English - A nook of land; a small valley; dry ground in marsh; a piece of land projecting from, or detached from, the main area of its administrative unit.",A.D. Mills; Dictionary of English Place-Names; E. Ekwall; Dictionary of English Place-Names; Watts; Cambridge Dictionary of English Place-names; Ekwall; Place-names of Lancashire
Halewood,'Hale's wood'.,"Place-name Unknown - Place-name; wudu Old English - A wood; or wood, timber.",A.D. Mills; Dictionary of English Place-Names; Ekwall; Place-names of Lancashire; Watts; Cambridge Dictionary of English Place-names; E. Ekwall; Dictionary of English Place-Names
Halliwell,'Holy spring/stream'.,"hālig Old English - Holy, sacred, dedicated to sacred use (originally heathen, later Christian).; wella Old English",A.D. Mills; Dictionary of English Place-Names; E. Ekwall; Dictionary of English Place-Names; Watts; Cambridge Dictionary of English Place-names; Ekwall; Place-names of Lancashire
Halsall,'At *Haele's nook of land'.,"halh Old English - A nook of land; a small valley; dry ground in marsh; a piece of land projecting from, or detached from, the main area of its administrative unit.; Personal name (Old English) Old English - Personal name",A.D. Mills; Dictionary of English Place-Names; E. Ekwall; Dictionary of English Place-Names; Ekwall; Place-names of Lancashire; Watts; Cambridge Dictionary of English Place-names
Halton,'Nook of land farm/settlement'.,"halh Old English - A nook of land; a small valley; dry ground in marsh; a piece of land projecting from, or detached from, the main area of its administrative unit.; tūn Old English - An enclosure; a farmstead; a village; an estate.",E. Ekwall; Dictionary of English Place-Names; A.D. Mills; Dictionary of English Place-Names; Ekwall; Place-names of Lancashire; Watts; Cambridge Dictionary of English Place-names
Hambleton,'Maimed hill farm/settlement'.,"hamol Old English - Maimed, mutilated; crooked, scarred, flat-topped, cut-off.; tūn Old English - An enclosure; a farmstead; a village; an estate.",Ekwall; Place-names of Lancashire; Watts; Cambridge Dictionary of English Place-names; A.D. Mills; Dictionary of English Place-Names; E. Ekwall; Dictionary of English Place-Names
Hapton,"'Heap farm/settlement', probably referring to a nearby hill. An earlier spelling also suggests OE upp, 'higher' as a possible first element.","hēap Old English - A heap; topographically a hill.; tūn Old English - An enclosure; a farmstead; a village; an estate.; upp Old English - Up, higher up, upon.",A.D. Mills; Dictionary of English Place-Names; Watts; Cambridge Dictionary of English Place-names; Ekwall; Place-names of Lancashire; E. Ekwall; Dictionary of English Place-Names
Hardhorn with Newton,'Store-house'. 'New farm/settlement'.,hord-ærn Old English - A store-house.; nīwe Old English - New.; tūn Old English - An enclosure; a farmstead; a village; an estate.,Ekwall; Place-names of Lancashire; A.D. Mills; Dictionary of English Place-Names; Watts; Cambridge Dictionary of English Place-names; E. Ekwall; Dictionary of English Place-Names
Harpurphey,'Harpour's enclosure'. The first element is derived from the surname of William Harpour to whom 80 acres of land was granted for life in 1322.,"Family name Unknown - Family name.; hæg Old English - A fence, an enclosure.",A.D. Mills; Dictionary of English Place-Names; E. Ekwall; Dictionary of English Place-Names; Ekwall; Place-names of Lancashire; Watts; Cambridge Dictionary of English Place-names
Harwood,"Uncertain. 'Grey wood', 'rock wood ' or 'hare wood'.","hær Old English - A rock, a heap of stones, a tumulus.; hār Old English - Grey, hoar, especially grey through being overgrown with lichen.; hara Old English - A hare.; wudu Old English - A wood; or wood, timber.",E. Ekwall; Dictionary of English Place-Names; Ekwall; Place-names of Lancashire; Watts; Cambridge Dictionary of English Place-names; A.D. Mills; Dictionary of English Place-Names
Haslingden,'Valley growing with hazel-trees'.,denu Old English - A valley.; hæslen Old English - Growing with hazel-trees.,Ekwall; Place-names of Lancashire; Watts; Cambridge Dictionary of English Place-names; E. Ekwall; Dictionary of English Place-Names; A.D. Mills; Dictionary of English Place-Names
Haughton,'Nook of land farm/settlement'.,"halh Old English - A nook of land; a small valley; dry ground in marsh; a piece of land projecting from, or detached from, the main area of its administrative unit.; tūn Old English - An enclosure; a farmstead; a village; an estate.",Ekwall; Place-names of Lancashire; E. Ekwall; Dictionary of English Place-Names; Watts; Cambridge Dictionary of English Place-names; A.D. Mills; Dictionary of English Place-Names
Hawkshead and Monk Coniston with Skelwith,'Haukr's mountain pasture'. 'King's farm/settlement'. It was held by the monks of Furness. 'Ford by Skelwith Force'.,"kunung Old Norse; Personal name (Old Norse) Old Norse - Personal name; Place-name Unknown - Place-name; sǽtr Old Norse - A mountain pasture, a shieling.; tūn Old English - An enclosure; a farmstead; a village; an estate.; við Old Norse - Against, near, beside.",Ekwall; Place-names of Lancashire; Watts; Cambridge Dictionary of English Place-names; E. Ekwall; Dictionary of English Place-Names; A.D. Mills; Dictionary of English Place-Names
Haydock,'Barley place'.,-ǭg C; haidd C,Ekwall; Place-names of Lancashire; A.D. Mills; Dictionary of English Place-Names; E. Ekwall; Dictionary of English Place-Names; Watts; Cambridge Dictionary of English Place-names
Heap,"'Heap', probably referring to a nearby hill.",hēap Old English - A heap; topographically a hill.,E. Ekwall; Dictionary of English Place-Names; Ekwall; Place-names of Lancashire; Watts; Cambridge Dictionary of English Place-names; A.D. Mills; Dictionary of English Place-Names
Heapey,'Rose-hip hedge'.,"hege Old English - A hedge, a fence.; hēope Old English - The fruit of the wild rose, a hip.",A.D. Mills; Dictionary of English Place-Names; Ekwall; Place-names of Lancashire; E. Ekwall; Dictionary of English Place-Names; Watts; Cambridge Dictionary of English Place-names
Heath Charnock,"Perhaps a lost Celtic river-name, *Cern, with the place-name forming suffix -aco.",-āco- C; hǣð Old English - Heather; a tract of uncultivated land.; River-name Unknown - River-name,Ekwall; Place-names of Lancashire; Watts; Cambridge Dictionary of English Place-names; E. Ekwall; Dictionary of English Place-Names; A.D. Mills; Dictionary of English Place-Names
Heaton,'High farm/settlement'.,"hēah Old English - A high place, a height.; tūn Old English - An enclosure; a farmstead; a village; an estate.",Ekwall; Place-names of Lancashire; Watts; Cambridge Dictionary of English Place-names; E. Ekwall; Dictionary of English Place-Names; A.D. Mills; Dictionary of English Place-Names
Heaton with Oxcliffe,'High farm/settlement'. 'Ox cliff'.,"clif Old English - An escarpment, a hill-slope; a river-bank.; hēah Old English - A high place, a height.; oxa Old English - An ox.; tūn Old English - An enclosure; a farmstead; a village; an estate.",A.D. Mills; Dictionary of English Place-Names; Ekwall; Place-names of Lancashire; Watts; Cambridge Dictionary of English Place-names; E. Ekwall; Dictionary of English Place-Names
Henheads,'Hen hills'.,hēafod Old English - A head; an end or source; headland in a field-system; a projecting piece of ground; a hill (often small).; henn Old English - A hen. (Usually taken to be a wild hen or water-hen in place-names; perhaps also a domestic hen.),A.D. Mills; Dictionary of English Place-Names; E. Ekwall; Dictionary of English Place-Names; Ekwall; Place-names of Lancashire; Watts; Cambridge Dictionary of English Place-names
Hesketh with Becconsall,"Probably, 'race course for horses'. 'Bekan's mound'.","haugr Old Norse - A natural height, a hill, a heap, an artificial mound, a burial mound.; hestr Old Norse - A horse, a stallion.; Personal name (Uncertain) Unknown - Personal name; skeið Old Norse - A course, a track, a race, especially a race-course; possibly also a boundary road, a boundary.",Watts; Cambridge Dictionary of English Place-names; A.D. Mills; Dictionary of English Place-Names; Ekwall; Place-names of Lancashire; E. Ekwall; Dictionary of English Place-Names
Heskin,"'Marshy, sedgy place'.",heschen C,E. Ekwall; Dictionary of English Place-Names; A.D. Mills; Dictionary of English Place-Names; Ekwall; Place-names of Lancashire; Watts; Cambridge Dictionary of English Place-names
Heyhouses,'Hay houses'.,hēg Old English; hūs Old English - A house; also sometimes used of a building for special purposes.,Ekwall; Place-names of Lancashire; E. Ekwall; Dictionary of English Place-Names; Watts; Cambridge Dictionary of English Place-names; A.D. Mills; Dictionary of English Place-Names
Heysham,'Brushwood homestead/village'.,"hǣs Old English - Brushwood.; hām Old English - A village, a village community, a manor, an estate, a homestead.",E. Ekwall; Dictionary of English Place-Names; A.D. Mills; Dictionary of English Place-Names; Watts; Cambridge Dictionary of English Place-names; Ekwall; Place-names of Lancashire
Higham with West Close Booth,'High homestead/village' with 'west-enclosure booths'.,"bōthe Middle English - A temporary shelter, a covered market-stall.; close Middle English - A close, an enclosure.; hām Old English - A village, a village community, a manor, an estate, a homestead.; hēah Old English - A high place, a height.; west Old English - Western, west.",Watts; Cambridge Dictionary of English Place-names; E. Ekwall; Dictionary of English Place-Names; A.D. Mills; Dictionary of English Place-Names; Ekwall; Place-names of Lancashire
Higher and Lower Booths,"Both former townships, consisting originally of 'booths', in Whalley ancient parish and made separate civil parishes in 1866.",bū Old English - A dwelling.,A.D. Mills; Dictionary of English Place-Names; E. Ekwall; Dictionary of English Place-Names; Watts; Cambridge Dictionary of English Place-names; Ekwall; Place-names of Lancashire
Hindley,'Hind wood/clearing'.,"hind Old English - A hind, the female of the deer.; lēah Old English - A forest, wood, glade, clearing; (later) a pasture, meadow.",Ekwall; Place-names of Lancashire; E. Ekwall; Dictionary of English Place-Names; A.D. Mills; Dictionary of English Place-Names; Watts; Cambridge Dictionary of English Place-names
Hoghton,'Hill-spur farm/settlement'.,hōh Old English - A heel; a sharply projecting piece of ground.; tūn Old English - An enclosure; a farmstead; a village; an estate.,A.D. Mills; Dictionary of English Place-Names; Ekwall; Place-names of Lancashire; E. Ekwall; Dictionary of English Place-Names; Watts; Cambridge Dictionary of English Place-names
Holleth,'Hollow promontory'.,"hǫfuð Old Norse - A head; a headland, promontory.; hol Old English - A hole, a hollow.",Watts; Cambridge Dictionary of English Place-names; Ekwall; Place-names of Lancashire; E. Ekwall; Dictionary of English Place-Names; A.D. Mills; Dictionary of English Place-Names
Hopwood,'Valley wood'.,"hop Old English - A valley; a remote enclosed space; a piece of enclosed land in a fen; an enclosure in marsh or moor.; wudu Old English - A wood; or wood, timber.",Ekwall; Place-names of Lancashire; E. Ekwall; Dictionary of English Place-Names; A.D. Mills; Dictionary of English Place-Names; Watts; Cambridge Dictionary of English Place-names
Hornby with Farleton,Uncertain. 'Farm/settlement on a horn-shaped piece of land' or '*Horni's farm/settlement'. '*Faerela's/*Faraldr's farmstead'.,"bȳ Old Norse - A farmstead, a village.; horn Old English - A horn; something shaped like a horn; a hornlike projection on a building; a projecting piece of land, esp. formed in a river-bend; a projecting headland; a horn-shaped hill.; Personal name (Old English) Old English - Personal name; Personal name (Old Norse) Old Norse - Personal name; tūn Old English - An enclosure; a farmstead; a village; an estate.",A.D. Mills; Dictionary of English Place-Names; E. Ekwall; Dictionary of English Place-Names; Watts; Cambridge Dictionary of English Place-names; Ekwall; Place-names of Lancashire
Horwich,'Grey wych-elms'.,"hār Old English - Grey, hoar, especially grey through being overgrown with lichen.; wice Old English - A wych-elm-tree.",Watts; Cambridge Dictionary of English Place-names; Ekwall; Place-names of Lancashire; A.D. Mills; Dictionary of English Place-Names; E. Ekwall; Dictionary of English Place-Names
Hothersall,'Huthere's nook of land'.,"halh Old English - A nook of land; a small valley; dry ground in marsh; a piece of land projecting from, or detached from, the main area of its administrative unit.; Personal name (Old English) Old English - Personal name",Watts; Cambridge Dictionary of English Place-names; A.D. Mills; Dictionary of English Place-Names; Ekwall; Place-names of Lancashire; E. Ekwall; Dictionary of English Place-Names
Houghton Middleton and Arbury,'Hill-spur farm/settlement'. 'Middle farm/settlement'. 'Earthen fortification'.,"eorð-burg Old English - An earth-work, a fortification built of earth.; hōh Old English - A heel; a sharply projecting piece of ground.; middel Old English - Middle.; tūn Old English - An enclosure; a farmstead; a village; an estate.",Ekwall; Place-names of Lancashire; Watts; Cambridge Dictionary of English Place-names; E. Ekwall; Dictionary of English Place-Names; A.D. Mills; Dictionary of English Place-Names
Howick,"Uncertain. 'Hoc's specialised farm' or perhaps, 'hill-spur specialised farm'.","hōh Old English - A heel; a sharply projecting piece of ground.; Personal name (Old English) Old English - Personal name; wīc Old English - A dwelling; a building or collection of buildings for special purposes; a farm, a dairy farm; a trading or industrial settlement; or (in the plural) a hamlet, village.",Ekwall; Place-names of Lancashire; E. Ekwall; Dictionary of English Place-Names; Watts; Cambridge Dictionary of English Place-names; A.D. Mills; Dictionary of English Place-Names
Hulme,'Island'.,"holmr Old Norse - An island, an inland promontory, raised ground in marsh, a river-meadow.",Watts; Cambridge Dictionary of English Place-names; Ekwall; Place-names of Lancashire; A.D. Mills; Dictionary of English Place-Names; E. Ekwall; Dictionary of English Place-Names
Huncoat,"Uncertain. 'Huna's cottage(s)' or perhaps, 'honey cottage(s)'.","cot Old English - A cottage, a hut, a shelter, a den.; hunig Old English - Honey.; Personal name (Old English) Old English - Personal name",Ekwall; Place-names of Lancashire; A.D. Mills; Dictionary of English Place-Names; Watts; Cambridge Dictionary of English Place-names; E. Ekwall; Dictionary of English Place-Names
Hutton,'Hill-spur farm/settlement'.,hōh Old English - A heel; a sharply projecting piece of ground.; tūn Old English - An enclosure; a farmstead; a village; an estate.,Watts; Cambridge Dictionary of English Place-names; A.D. Mills; Dictionary of English Place-Names; E. Ekwall; Dictionary of English Place-Names; Ekwall; Place-names of Lancashire
Huyton with Roby,'Landing-place farm/settlement'. 'Boundary farm/settlement'.,"bȳ Old Norse - A farmstead, a village.; hȳð Old English - A landing place on a river; an inland port.; rá Old Norse - A roe, a roe-buck.; tūn Old English - An enclosure; a farmstead; a village; an estate.",Watts; Cambridge Dictionary of English Place-names; Ekwall; Place-names of Lancashire; A.D. Mills; Dictionary of English Place-Names; E. Ekwall; Dictionary of English Place-Names
Hyde,'Hide of land'.,hīd Old English - A hide of land; an amount of land for the support of one free family and its dependants; a unit of valuation.,Dodgson; Place-names of Cheshire; Watts; Cambridge Dictionary of English Place-names; E. Ekwall; Dictionary of English Place-Names; A.D. Mills; Dictionary of English Place-Names
Ightenhill Park,"Perhaps, 'gorse hill'.","eithin C; hyll Old English - A hill, a natural eminence or elevated piece of ground.",A.D. Mills; Dictionary of English Place-Names; Ekwall; Place-names of Lancashire; E. Ekwall; Dictionary of English Place-Names; Watts; Cambridge Dictionary of English Place-names
Ince Blundell,'Island'. It was held by the Blundell family from ca. 1200.,Family name Unknown - Family name.; ïnïs C,A.D. Mills; Dictionary of English Place-Names; Ekwall; Place-names of Lancashire; E. Ekwall; Dictionary of English Place-Names; Watts; Cambridge Dictionary of English Place-names
Ince in Makerfield,"'Island'. Makerfield is an ancient district name formed from a pre-English name *Macer, 'wall', probably referring to ruins and a later OE feld, 'open land'. There are the remains of Roman road near Ashton and it has been supposed that a Roman fort or cam","feld Old English - Open country, unencumbered ground (eg. land without trees as opposed to forest, level ground as opposed to hills, land without buildings); arable land (from late tenth century).; ïnïs C; maguïr C",E. Ekwall; Dictionary of English Place-Names; Watts; Cambridge Dictionary of English Place-names; A.D. Mills; Dictionary of English Place-Names; Ekwall; Place-names of Lancashire
Inskip with Sowerby,"'Bowl island'. Alternatively, the second element may be Celtic *cib with the same meaning. 'Sour-ground farm/settlement'.","bȳ Old Norse - A farmstead, a village.; cȳpe Old English - An osier-basket (especially for catching fish).; ïnïs C; saurr Old Norse - Mud, dirt, sour ground.",A.D. Mills; Dictionary of English Place-Names; Ekwall; Place-names of Lancashire; Watts; Cambridge Dictionary of English Place-names; E. Ekwall; Dictionary of English Place-Names
Ireby,'Irish farm/settlement'.,"bȳ Old Norse - A farmstead, a village.; Íri Old Norse - An Irishman; probably also a Norseman who had lived in Ireland.",E. Ekwall; Dictionary of English Place-Names; Watts; Cambridge Dictionary of English Place-names; A.D. Mills; Dictionary of English Place-Names; Ekwall; Place-names of Lancashire
Kearsley,'Cress wood/clearing'.,"cærse Old English - Cress, water-cress.; lēah Old English - A forest, wood, glade, clearing; (later) a pasture, meadow.",A.D. Mills; Dictionary of English Place-Names; Ekwall; Place-names of Lancashire; E. Ekwall; Dictionary of English Place-Names; Watts; Cambridge Dictionary of English Place-names
Kenyon,'Einion's mound'.,crṻg C; Personal name (Uncertain) Unknown - Personal name,Ekwall; Place-names of Lancashire; A.D. Mills; Dictionary of English Place-Names; E. Ekwall; Dictionary of English Place-Names; Watts; Cambridge Dictionary of English Place-names
Kirkby,'Church farm/settlement'.,kirkju-býr Old Norse - A village with a church.,E. Ekwall; Dictionary of English Place-Names; A.D. Mills; Dictionary of English Place-Names; Ekwall; Place-names of Lancashire; Watts; Cambridge Dictionary of English Place-names
Kirkby Ireleth,'Church farm/settlement' and 'hill-slope of the Irish'. Ireleth was the name of the adjoining part of Dalton parish.,"bȳ Old Norse - A farmstead, a village.; Íri Old Norse - An Irishman; probably also a Norseman who had lived in Ireland.; kirkja Old Norse - A church.; tūn Old English - An enclosure; a farmstead; a village; an estate.",A.D. Mills; Dictionary of English Place-Names; Watts; Cambridge Dictionary of English Place-names; E. Ekwall; Dictionary of English Place-Names; Ekwall; Place-names of Lancashire
Kirkdale,'Church valley'.,dalr Old Norse - A valley.; kirkja Old Norse - A church.,A.D. Mills; Dictionary of English Place-Names; Ekwall; Place-names of Lancashire; Watts; Cambridge Dictionary of English Place-names; E. Ekwall; Dictionary of English Place-Names
Kirkham,'Church homestead/village'.,"cirice Old English - A church.; hām Old English - A village, a village community, a manor, an estate, a homestead.",Watts; Cambridge Dictionary of English Place-names; E. Ekwall; Dictionary of English Place-Names; Ekwall; Place-names of Lancashire; A.D. Mills; Dictionary of English Place-Names
Kirkland,'Church grove'.,kirkja Old Norse - A church.; lundr Old Norse - A small wood.,Watts; Cambridge Dictionary of English Place-names; Ekwall; Place-names of Lancashire; A.D. Mills; Dictionary of English Place-Names; E. Ekwall; Dictionary of English Place-Names
Knowsley,'Cenwulf's/Cynewulf's wood/clearing'.,"lēah Old English - A forest, wood, glade, clearing; (later) a pasture, meadow.; Personal name (Old English) Old English - Personal name",A.D. Mills; Dictionary of English Place-Names; Watts; Cambridge Dictionary of English Place-names; E. Ekwall; Dictionary of English Place-Names; Ekwall; Place-names of Lancashire
Lancaster,'River Lune Roman site'.,ceaster Old English - A city; an old fortification; a Roman site.; River-name Unknown - River-name,Ekwall; Place-names of Lancashire; A.D. Mills; Dictionary of English Place-Names; E. Ekwall; Dictionary of English Place-Names; Watts; Cambridge Dictionary of English Place-names
Latchford,'Boggy stream ford'.,"ford Old English - A ford.; læcc Old English - A stream, a bog.",A.D. Mills; Dictionary of English Place-Names; Watts; Cambridge Dictionary of English Place-names; Dodgson; Place-names of Cheshire; E. Ekwall; Dictionary of English Place-Names
Lathom,'At the barns'.,"hlaða Old Norse - A store-house, a barn.",E. Ekwall; Dictionary of English Place-Names; Ekwall; Place-names of Lancashire; A.D. Mills; Dictionary of English Place-Names; Watts; Cambridge Dictionary of English Place-names
Layton with Warbreck,'Stream farm/settlement'. 'Beacon hill'.,"bekkr Old Norse - A stream, a beck.; lād Old English - A small watercourse, drainage ditch; a path.; tūn Old English - An enclosure; a farmstead; a village; an estate.; varða Old Norse - A cairn, a heap of stones.",Ekwall; Place-names of Lancashire; E. Ekwall; Dictionary of English Place-Names; Watts; Cambridge Dictionary of English Place-names; A.D. Mills; Dictionary of English Place-Names
Lea Ashton Ingol and Cottam,'Wood/clearing'. 'Ash farm/settlement'. 'Inga's hollow'. 'Cottages'.,"æsc Old English; cot Old English - A cottage, a hut, a shelter, a den.; hol Old English - A hole, a hollow.; lēah Old English - A forest, wood, glade, clearing; (later) a pasture, meadow.; Personal name (Old English) Old English - Personal name; tūn Old English - An enclosure; a farmstead; a village; an estate.",Watts; Cambridge Dictionary of English Place-names; Ekwall; Place-names of Lancashire; A.D. Mills; Dictionary of English Place-Names; E. Ekwall; Dictionary of English Place-Names
Leagram,'A trail blaze'.,leið-gríma Old Norse - A mark on a tree to indicate a track.,Ekwall; Place-names of Lancashire; Watts; Cambridge Dictionary of English Place-names; E. Ekwall; Dictionary of English Place-Names; A.D. Mills; Dictionary of English Place-Names
Leek,'Brook'.,lœ́kr Old Norse - A brook.,A.D. Mills; Dictionary of English Place-Names; Watts; Cambridge Dictionary of English Place-names; Ekwall; Place-names of Lancashire; E. Ekwall; Dictionary of English Place-Names
Levenshulme,'Leofwine's island'.,hulm Old Norse; Personal name (Old English) Old English - Personal name,Ekwall; Place-names of Lancashire; Watts; Cambridge Dictionary of English Place-names; A.D. Mills; Dictionary of English Place-Names; E. Ekwall; Dictionary of English Place-Names
Leyland,'Fallow land'.,"hundred Old English - One hundred; an administrative division of a county.; lǣge Old English - Fallow, unploughed, lying untilled.; land Old English - Land (as part of earth's surface); an estate; possibly also new arable area.  In minor and field names: strip in a field-system.; vápnatak Old Norse - A wapentake, a sub-division of a county.",E. Ekwall; Dictionary of English Place-Names; Watts; Cambridge Dictionary of English Place-names; Ekwall; Place-names of Lancashire; A.D. Mills; Dictionary of English Place-Names; Anderson (unspecified work)
Litherland,'Slope land'.,"hlíð Old Norse - A slope, a hill-side.; land Old Norse - Land (as part of earth's surface); an estate; new arable area.  In minor and field names: strip in a field-system.  In Scandinavian names: land by water or by a river, a shore.",Ekwall; Place-names of Lancashire; Watts; Cambridge Dictionary of English Place-names; A.D. Mills; Dictionary of English Place-Names; E. Ekwall; Dictionary of English Place-Names
Little and Much Hoole,'Shed'.,"hulu Old English - A shed, a hovel.; magna Latin - Big, great.; parva Latin - Small.",E. Ekwall; Dictionary of English Place-Names; Ekwall; Place-names of Lancashire; A.D. Mills; Dictionary of English Place-Names; Watts; Cambridge Dictionary of English Place-names
Little and Much Woolton,'*Wulfa's farm/settlement'.,Personal name (Old English) Old English - Personal name; tūn Old English - An enclosure; a farmstead; a village; an estate.,Ekwall; Place-names of Lancashire; A.D. Mills; Dictionary of English Place-Names; Watts; Cambridge Dictionary of English Place-names; E. Ekwall; Dictionary of English Place-Names
Little Eccleston with Larbreck,'Church farm/settlement'. 'Clay slope'.,brekka Old Norse; eglẹ̄s C; leira Old Norse - A clayey place.; tūn Old English - An enclosure; a farmstead; a village; an estate.,Ekwall; Place-names of Lancashire; E. Ekwall; Dictionary of English Place-Names; A.D. Mills; Dictionary of English Place-Names; Watts; Cambridge Dictionary of English Place-names
Little Harwood,"Uncertain. 'Grey wood', 'rock wood ' or 'hare wood'.","hær Old English - A rock, a heap of stones, a tumulus.; hār Old English - Grey, hoar, especially grey through being overgrown with lichen.; hara Old English - A hare.; wudu Old English - A wood; or wood, timber.",Watts; Cambridge Dictionary of English Place-names; Ekwall; Place-names of Lancashire; E. Ekwall; Dictionary of English Place-Names; A.D. Mills; Dictionary of English Place-Names
Little Middle and Over Hulton,'Hill farm/settlement'.,"hyll Old English - A hill, a natural eminence or elevated piece of ground.; tūn Old English - An enclosure; a farmstead; a village; an estate.",Ekwall; Place-names of Lancashire; A.D. Mills; Dictionary of English Place-Names; E. Ekwall; Dictionary of English Place-Names; Watts; Cambridge Dictionary of English Place-names
Liverpool,"'Thick, muddy pool'.","lifer Old English - A liver; probably used of thick, clotted water.; pōl Old English - A pool.",Watts; Cambridge Dictionary of English Place-names; E. Ekwall; Dictionary of English Place-Names; Ekwall; Place-names of Lancashire; A.D. Mills; Dictionary of English Place-Names
Livesey,"Uncertain. Perhaps, 'Leof's island' or 'shelter island'.","ēg Old English - An island.  In ancient settlement-names, most frequently refers to dry ground surrounded by marsh.  Also used of islands in modern sense.  In late OE names: well-watered land.; hlīf Old English - Protection, shelter.; Personal name (Old English) Old English - Personal name",Ekwall; Place-names of Lancashire; Watts; Cambridge Dictionary of English Place-names; E. Ekwall; Dictionary of English Place-Names; A.D. Mills; Dictionary of English Place-Names
Longton,'Long farm/settlement'.,"lang Old English - Long, tall.; tūn Old English - An enclosure; a farmstead; a village; an estate.",A.D. Mills; Dictionary of English Place-Names; Watts; Cambridge Dictionary of English Place-names; E. Ekwall; Dictionary of English Place-Names; Ekwall; Place-names of Lancashire
Longworth,'Long enclosure'.,"lang Old English - Long, tall.; worð Old English - An enclosure.",Ekwall; Place-names of Lancashire; E. Ekwall; Dictionary of English Place-Names; A.D. Mills; Dictionary of English Place-Names; Watts; Cambridge Dictionary of English Place-names
Lostock,'Pig-sty outlying farm/settlement'.,"hlōse Old English - A pig-sty; probably originally a shed, a shelter.; stoc Old English - A place, a secondary settlement.",A.D. Mills; Dictionary of English Place-Names; Ekwall; Place-names of Lancashire; E. Ekwall; Dictionary of English Place-Names; Watts; Cambridge Dictionary of English Place-names
Lower Allithwiate,'Eilifr's clearing' perhaps confused with 'Aleifr'.,"Personal name (Old Norse) Old Norse - Personal name; þveit Old Norse - A clearing, a meadow, a paddock.",Watts; Cambridge Dictionary of English Place-names; E. Ekwall; Dictionary of English Place-Names; Ekwall; Place-names of Lancashire; A.D. Mills; Dictionary of English Place-Names
Lower and Upper Holker,'Hollow marsh'.,"hol Old English - A hole, a hollow.; holr Old Norse - Hollow; lying in a hollow, deep, running in a deep hollow.; kjarr Old Norse - Brushwood; a marsh overgrown with brushwood.",A.D. Mills; Dictionary of English Place-Names; Ekwall; Place-names of Lancashire; E. Ekwall; Dictionary of English Place-Names; Watts; Cambridge Dictionary of English Place-names
Lower Darwen,Named after the River Darwen.,River-name Unknown - River-name,E. Ekwall; Dictionary of English Place-Names; Watts; Cambridge Dictionary of English Place-names; A.D. Mills; Dictionary of English Place-Names; Ekwall; Place-names of Lancashire
Lowick,'Leafy creek'.,"lauf Old Norse - A leaf, foliage.; vík Old Norse - A small creek, an inlet, a bay.",A.D. Mills; Dictionary of English Place-Names; Ekwall; Place-names of Lancashire; Watts; Cambridge Dictionary of English Place-names; E. Ekwall; Dictionary of English Place-Names
Lowton,'Mound farm/settlement'.,hlāw Old English - A tumulus; a hill.; tūn Old English - An enclosure; a farmstead; a village; an estate.,E. Ekwall; Dictionary of English Place-Names; Watts; Cambridge Dictionary of English Place-names; A.D. Mills; Dictionary of English Place-Names; Ekwall; Place-names of Lancashire
Lunt,'Grove'.,lundr Old Norse - A small wood.,Watts; Cambridge Dictionary of English Place-names; E. Ekwall; Dictionary of English Place-Names; A.D. Mills; Dictionary of English Place-Names; Ekwall; Place-names of Lancashire
Lydiate,'Swing-gate'.,"hlid-geat Old English - A swing-gate, esp. one to prevent cattle strying from pasture across a road or on to arable land.",Ekwall; Place-names of Lancashire; E. Ekwall; Dictionary of English Place-Names; Watts; Cambridge Dictionary of English Place-names; A.D. Mills; Dictionary of English Place-Names
Lytham,'At the slopes'.,"hlið Old English - A slope, a hill-side.",Ekwall; Place-names of Lancashire; A.D. Mills; Dictionary of English Place-Names; E. Ekwall; Dictionary of English Place-Names; Watts; Cambridge Dictionary of English Place-names
Maghull,"Uncertain. 'May-weed nook of land' or perhaps, '*Maga's nook of land'. Alternatively, the first element may be 'open land'.","halh Old English - A nook of land; a small valley; dry ground in marsh; a piece of land projecting from, or detached from, the main area of its administrative unit.; mægðe Old English - May-weed.; mages C; Personal name (Old English) Old English - Personal name",Watts; Cambridge Dictionary of English Place-names; E. Ekwall; Dictionary of English Place-Names; A.D. Mills; Dictionary of English Place-Names; Ekwall; Place-names of Lancashire
Manchester,'Roman site' added to a reduced form of the original name possibly meaning 'breast-like hill'.,ceaster Old English - A city; an old fortification; a Roman site.; mamm C,Watts; Cambridge Dictionary of English Place-names; Ekwall; Place-names of Lancashire; E. Ekwall; Dictionary of English Place-Names; A.D. Mills; Dictionary of English Place-Names
Mansriggs,"Perhap, 'manslaughter ridge'.",hryggr Old Norse - A ridge.; manslaga Old English - Homicide.; manslagari Old Norse - Homicide.,E. Ekwall; Dictionary of English Place-Names; A.D. Mills; Dictionary of English Place-Names; Watts; Cambridge Dictionary of English Place-names; Ekwall; Place-names of Lancashire
Marton,'Pool farm/settlement'.,"mere Old English - A pond, a pool, a lake.; tūn Old English - An enclosure; a farmstead; a village; an estate.",Watts; Cambridge Dictionary of English Place-names; A.D. Mills; Dictionary of English Place-Names; Ekwall; Place-names of Lancashire; E. Ekwall; Dictionary of English Place-Names
Mawdesley,'Maud's wood/clearing'.,"lēah Old English - A forest, wood, glade, clearing; (later) a pasture, meadow.; Personal name (Uncertain) Unknown - Personal name",E. Ekwall; Dictionary of English Place-Names; Watts; Cambridge Dictionary of English Place-names; Ekwall; Place-names of Lancashire; A.D. Mills; Dictionary of English Place-Names
Mearley,'Boundary wood/clearing'.,"lēah Old English - A forest, wood, glade, clearing; (later) a pasture, meadow.; mǣre Old English - A boundary, a border; (in field names) the balk of a ploughland.",E. Ekwall; Dictionary of English Place-Names; Watts; Cambridge Dictionary of English Place-names; Ekwall; Place-names of Lancashire; A.D. Mills; Dictionary of English Place-Names
Medlar with Wesham,'Middle shieling'. 'At the west houses'.,"erg Old Norse - A shieling, a hill-pasture; a summer-pasture camp, a dairy or grazing out-station.; hūs Old English - A house; also sometimes used of a building for special purposes.; middel Old English - Middle.; west Old English - Western, west.",Watts; Cambridge Dictionary of English Place-names; Ekwall; Place-names of Lancashire; E. Ekwall; Dictionary of English Place-Names; A.D. Mills; Dictionary of English Place-Names
Melling,'*Mealla's people' or '*Mealla's place'.,-ing Old English - Place-name forming suffix.; -ingas Old English - The people of . . . ; the people called after . . .; Personal name (Old English) Old English - Personal name,Watts; Cambridge Dictionary of English Place-names; A.D. Mills; Dictionary of English Place-Names; E. Ekwall; Dictionary of English Place-Names; Ekwall; Place-names of Lancashire
Melling with Wrayton,'*Mealla's people' or '*Mealla's place'. 'Corner farm/settlement'.,"-ing Old English - Place-name forming suffix.; -ingas Old English - The people of . . . ; the people called after . . .; Personal name (Old English) Old English - Personal name; tūn Old English - An enclosure; a farmstead; a village; an estate.; vrá Old Norse - A nook, a corner of land.",Watts; Cambridge Dictionary of English Place-names; Ekwall; Place-names of Lancashire; E. Ekwall; Dictionary of English Place-Names; A.D. Mills; Dictionary of English Place-Names
Mellor,'Bald hill'.,breg C; mę̄l C,Ekwall; Place-names of Lancashire; A.D. Mills; Dictionary of English Place-Names; E. Ekwall; Dictionary of English Place-Names; Watts; Cambridge Dictionary of English Place-names
Middleton,'Middle farm/settlement'.,middel Old English - Middle.; tūn Old English - An enclosure; a farmstead; a village; an estate.,E. Ekwall; Dictionary of English Place-Names; A.D. Mills; Dictionary of English Place-Names; Ekwall; Place-names of Lancashire; Watts; Cambridge Dictionary of English Place-names
Middleton,'Middle farm/settlement'.,middel Old English - Middle.; tūn Old English - An enclosure; a farmstead; a village; an estate.,Ekwall; Place-names of Lancashire; E. Ekwall; Dictionary of English Place-Names; Watts; Cambridge Dictionary of English Place-names; A.D. Mills; Dictionary of English Place-Names
Moss Side,'Bog side'.,"mos Old English - A bog, a swamp; presumably also moss.  Only recorded once, in charter boundaries dating from 975.; sīde Old English - A side; a long hill-slope.",A.D. Mills; Dictionary of English Place-Names; Ekwall; Place-names of Lancashire; E. Ekwall; Dictionary of English Place-Names; Watts; Cambridge Dictionary of English Place-names
Moston,'Bog farm/settlement'.,"mos Old English - A bog, a swamp; presumably also moss.  Only recorded once, in charter boundaries dating from 975.; tūn Old English - An enclosure; a farmstead; a village; an estate.",E. Ekwall; Dictionary of English Place-Names; Watts; Cambridge Dictionary of English Place-names; Ekwall; Place-names of Lancashire; A.D. Mills; Dictionary of English Place-Names
Musbury,"'Mouse fortification', probably in the sense of being 'infested' with mice, but perhaps in the sense of a 'burrow'.","burh Old English - A fortified place.; mūs Old English - A mouse, a field-mouse.",Ekwall; Place-names of Lancashire; A.D. Mills; Dictionary of English Place-Names; Watts; Cambridge Dictionary of English Place-names; E. Ekwall; Dictionary of English Place-Names
Myerscough,'Bog wood'.,mýrr Old Norse - A swamp.; skógr Old Norse - A wood.,Ekwall; Place-names of Lancashire; E. Ekwall; Dictionary of English Place-Names; A.D. Mills; Dictionary of English Place-Names; Watts; Cambridge Dictionary of English Place-names
Nateby,"Uncertain. 'Nettly farm/settlement' or perhaps, '*Nati's farm/settlement'.","bȳ Old Norse - A farmstead, a village.; netel Old English - A nettle.; Personal name (Old Norse) Old Norse - Personal name",Ekwall; Place-names of Lancashire; E. Ekwall; Dictionary of English Place-Names; Watts; Cambridge Dictionary of English Place-names; A.D. Mills; Dictionary of English Place-Names
Nether and Over Kellet,'Spring slope'.,"hlíð Old Norse - A slope, a hill-side.; kelda Old Norse - A spring.",Ekwall; Place-names of Lancashire; Watts; Cambridge Dictionary of English Place-names; E. Ekwall; Dictionary of English Place-Names; A.D. Mills; Dictionary of English Place-Names
Nether Wyresdale,"'River Wyre valley'. 'Nether' to distinguish from Over Wyresdale, Lonsdale Hundred.",dalr Old Norse - A valley.; River-name Unknown - River-name,A.D. Mills; Dictionary of English Place-Names; Watts; Cambridge Dictionary of English Place-names; E. Ekwall; Dictionary of English Place-Names; Ekwall; Place-names of Lancashire
Netherton,'Lower farm/settlement'.,neoðera Old English - Lower. (No positive form.); tūn Old English - An enclosure; a farmstead; a village; an estate.,E. Ekwall; Dictionary of English Place-Names; Ekwall; Place-names of Lancashire; A.D. Mills; Dictionary of English Place-Names; Watts; Cambridge Dictionary of English Place-names
Newchurch,'New church'.,cirice Old English - A church.; nīwe Old English - New.,E. Ekwall; Dictionary of English Place-Names; Ekwall; Place-names of Lancashire; A.D. Mills; Dictionary of English Place-Names; Watts; Cambridge Dictionary of English Place-names
Newton,'New farm/settlement.,nīwe Old English - New.; tūn Old English - An enclosure; a farmstead; a village; an estate.,Watts; Cambridge Dictionary of English Place-names; E. Ekwall; Dictionary of English Place-Names; Ekwall; Place-names of Lancashire; A.D. Mills; Dictionary of English Place-Names
Newton in Makerfield,"'New farm/settlement'. Makerfield is an ancient district name formed from a pre-English name *Macer, 'wall', probably referring to ruins and a later OE feld, 'open land'. There are the remains of Roman road near Ashton and it has been supposed that a Roma","hundred Old English - One hundred; an administrative division of a county.; nīwe Old English - New.; tūn Old English - An enclosure; a farmstead; a village; an estate.; vápnatak Old Norse - A wapentake, a sub-division of a county.",Anderson (unspecified work); E. Ekwall; Dictionary of English Place-Names; Ekwall; Place-names of Lancashire; Watts; Cambridge Dictionary of English Place-names; A.D. Mills; Dictionary of English Place-Names
Newton with Scales,'New farm/settlement'. 'Shielings'.,nīwe Old English - New.; skáli Old Norse; tūn Old English - An enclosure; a farmstead; a village; an estate.,Watts; Cambridge Dictionary of English Place-names; Ekwall; Place-names of Lancashire; E. Ekwall; Dictionary of English Place-Names; A.D. Mills; Dictionary of English Place-Names
North Meols,'Sand-banks'.,"melr Old Norse - A sand-bank, a sand-hill.",A.D. Mills; Dictionary of English Place-Names; Ekwall; Place-names of Lancashire; Watts; Cambridge Dictionary of English Place-names; E. Ekwall; Dictionary of English Place-Names
Northenden,'North enclosure'.,"norð Old English - Northern, north.; worðig Old English - An enclosure.",Watts; Cambridge Dictionary of English Place-names; A.D. Mills; Dictionary of English Place-Names; Dodgson; Place-names of Cheshire; E. Ekwall; Dictionary of English Place-Names
Northenden Etchells,'Land added to an estate'. Originally a township in Northenden parish.,ēcels Old English; Place-name Unknown - Place-name,A.D. Mills; Dictionary of English Place-Names; E. Ekwall; Dictionary of English Place-Names; Dodgson; Place-names of Cheshire; Watts; Cambridge Dictionary of English Place-names
Old Laund Booth,'Old glade' with a 'booth'.,"ald Old English; búð Old Norse; launde Middle English - An open space in woodland, a forest glade, woodland pasture.",A.D. Mills; Dictionary of English Place-Names; Ekwall; Place-names of Lancashire; Watts; Cambridge Dictionary of English Place-names; E. Ekwall; Dictionary of English Place-Names
Oldham,'Old island'. An alternative suggestion is 'island at *Alt (= cliff/shore)'.,"ald Old English; alt C; holmr Old Norse - An island, an inland promontory, raised ground in marsh, a river-meadow.",Ekwall; Place-names of Lancashire; Watts; Cambridge Dictionary of English Place-names; A.D. Mills; Dictionary of English Place-Names; E. Ekwall; Dictionary of English Place-Names
Openshaw,'Open wood'.,"open Old English - Open, unenclosed.; sceaga Old English - A small wood.",Watts; Cambridge Dictionary of English Place-names; E. Ekwall; Dictionary of English Place-Names; Ekwall; Place-names of Lancashire; A.D. Mills; Dictionary of English Place-Names
Ormskirk,'Ormr's church'.,kirkja Old Norse - A church.; Personal name (Old Norse) Old Norse - Personal name,E. Ekwall; Dictionary of English Place-Names; Watts; Cambridge Dictionary of English Place-names; A.D. Mills; Dictionary of English Place-Names; Ekwall; Place-names of Lancashire
Orrell,'Ore hill'.,"hyll Old English - A hill, a natural eminence or elevated piece of ground.; ōra Old English - A shore, hill-slope; possibly also the foot of a slope.  (Used in place-names only in the parts of southern England where Jutish and West Saxon dialects were operative.)",Watts; Cambridge Dictionary of English Place-names; A.D. Mills; Dictionary of English Place-Names; Ekwall; Place-names of Lancashire; E. Ekwall; Dictionary of English Place-Names
Orrell and Ford,'Ore hill'. 'Ford'.,"ford Old English - A ford.; hyll Old English - A hill, a natural eminence or elevated piece of ground.; ōra Old English - A shore, hill-slope; possibly also the foot of a slope.  (Used in place-names only in the parts of southern England where Jutish and West Saxon dialects were operative.)",A.D. Mills; Dictionary of English Place-Names; Ekwall; Place-names of Lancashire; Watts; Cambridge Dictionary of English Place-names; E. Ekwall; Dictionary of English Place-Names
Osbaldeston,'Osbald's farm/settlement'.,Personal name (Old English) Old English - Personal name; tūn Old English - An enclosure; a farmstead; a village; an estate.,Ekwall; Place-names of Lancashire; Watts; Cambridge Dictionary of English Place-names; A.D. Mills; Dictionary of English Place-Names; E. Ekwall; Dictionary of English Place-Names
Osmotherly,'Asmund's mound'.,hlāw Old English - A tumulus; a hill.; Personal name (Old Norse) Old Norse - Personal name,Watts; Cambridge Dictionary of English Place-names; Ekwall; Place-names of Lancashire; A.D. Mills; Dictionary of English Place-Names; E. Ekwall; Dictionary of English Place-Names
Oswaldtwistle,'Oswald's river-fork'.,"Personal name (Old English) Old English - Personal name; twisla Old English - The fork of a river, the junction of two streams.",E. Ekwall; Dictionary of English Place-Names; A.D. Mills; Dictionary of English Place-Names; Watts; Cambridge Dictionary of English Place-names; Ekwall; Place-names of Lancashire
Out Rawcliffe,'Red cliff'.,"klif Old Norse - A cliff, a steep hill.; rauðr Old Norse - Red.; ūt Old English - Outside, on the outskirts.",Watts; Cambridge Dictionary of English Place-names; A.D. Mills; Dictionary of English Place-Names; Ekwall; Place-names of Lancashire; E. Ekwall; Dictionary of English Place-Names
Over Darwen,'River Darwen farm/settlement'.,River-name Unknown - River-name,Ekwall; Place-names of Lancashire; E. Ekwall; Dictionary of English Place-Names; A.D. Mills; Dictionary of English Place-Names; Watts; Cambridge Dictionary of English Place-names
Over Wyresdale,"'River Wyre valley'. 'Over' to distinguish from Nether Wyresdale, Amounderness Hundred.",dalr Old Norse - A valley.; River-name Unknown - River-name,Ekwall; Place-names of Lancashire; E. Ekwall; Dictionary of English Place-Names; A.D. Mills; Dictionary of English Place-Names; Watts; Cambridge Dictionary of English Place-names
Overton,'Ridge farm/settlement' or 'bank farm/settlement'.,"ōfer Old English - A margin; a river-bank, sea-shore.; tūn Old English - An enclosure; a farmstead; a village; an estate.",Watts; Cambridge Dictionary of English Place-names; E. Ekwall; Dictionary of English Place-Names; Ekwall; Place-names of Lancashire; A.D. Mills; Dictionary of English Place-Names
Padiham,"'Homestead/village connected with Padda' or perhaps, 'homestead/village of Padda's people'.","-ing- Old English - Connective particle, linking a first element to a final element.; -ingas Old English - The people of . . . ; the people called after . . .; hām Old English - A village, a village community, a manor, an estate, a homestead.; hamm Old English - Land hemmed in by water or marsh (perhaps also by high ground); a river-meadow; cultivated plot on the edge of woodland or moor.; Personal name (Old English) Old English - Personal name",E. Ekwall; Dictionary of English Place-Names; A.D. Mills; Dictionary of English Place-Names; Watts; Cambridge Dictionary of English Place-names; Ekwall; Place-names of Lancashire
Parbold,'Pear-tree dwelling'.,"bōðl Old English - A dwelling, a dwelling-place, a house.; peru Old English - A pear, the fruit of the pear-tree.",Watts; Cambridge Dictionary of English Place-names; A.D. Mills; Dictionary of English Place-Names; Ekwall; Place-names of Lancashire; E. Ekwall; Dictionary of English Place-Names
Parr,'Enclosure'.,pearr Old English - An enclosure.,A.D. Mills; Dictionary of English Place-Names; E. Ekwall; Dictionary of English Place-Names; Watts; Cambridge Dictionary of English Place-names; Ekwall; Place-names of Lancashire
Pemberton,'Barley farm by *Penn'. The Celtic 'penn' may have been adopted as a proper name to which 'hyll' was added by way of explanation.,"bere-tūn Old English - A barley enclosure, a barley farm; later a demesne farm, an outlying grange.; penn C",E. Ekwall; Dictionary of English Place-Names; A.D. Mills; Dictionary of English Place-Names; Ekwall; Place-names of Lancashire; Watts; Cambridge Dictionary of English Place-names
Pendlebury,'Fortification at *Penn hill'.' The Celtic 'penn' may have been adopted as a proper name to which 'hyll' was added by way of explanation.,"burh Old English - A fortified place.; hyll Old English - A hill, a natural eminence or elevated piece of ground.; penn C",A.D. Mills; Dictionary of English Place-Names; Watts; Cambridge Dictionary of English Place-names; E. Ekwall; Dictionary of English Place-Names; Ekwall; Place-names of Lancashire
Pendleton,'Farm/settlement at Penn hill'. The Celtic 'penn' may have been adopted as a proper name to which 'hyll' was added by way of explanation.,"hyll Old English - A hill, a natural eminence or elevated piece of ground.; penn C; tūn Old English - An enclosure; a farmstead; a village; an estate.",A.D. Mills; Dictionary of English Place-Names; Ekwall; Place-names of Lancashire; E. Ekwall; Dictionary of English Place-Names; Watts; Cambridge Dictionary of English Place-names
Penketh,'Wood's edge'.,cē¸d C; penn C,E. Ekwall; Dictionary of English Place-Names; A.D. Mills; Dictionary of English Place-Names; Watts; Cambridge Dictionary of English Place-names; Ekwall; Place-names of Lancashire
Pennington,'Penny rent farm/settlement'.,pening Old English - A penny; a penny rent.; tūn Old English - An enclosure; a farmstead; a village; an estate.,Watts; Cambridge Dictionary of English Place-names; E. Ekwall; Dictionary of English Place-Names; A.D. Mills; Dictionary of English Place-Names; Ekwall; Place-names of Lancashire
Pennington,'Penny rent farm/settlement'.,pening Old English - A penny; a penny rent.; tūn Old English - An enclosure; a farmstead; a village; an estate.,Ekwall; Place-names of Lancashire; A.D. Mills; Dictionary of English Place-Names; Watts; Cambridge Dictionary of English Place-names; E. Ekwall; Dictionary of English Place-Names
Penwortham,'Homestead/village at Penn (= the hill)'.,"hām Old English - A village, a village community, a manor, an estate, a homestead.; penn C; worð Old English - An enclosure.",E. Ekwall; Dictionary of English Place-Names; Ekwall; Place-names of Lancashire; A.D. Mills; Dictionary of English Place-Names; Watts; Cambridge Dictionary of English Place-names
Pilkington,"'Farm/settlement of *Pileca's people' or perhaps, more likely, is 'farm/settlement connected with *Pileca'.","-ing- Old English - Connective particle, linking a first element to a final element.; -ingas Old English - The people of . . . ; the people called after . . .; Personal name (Old English) Old English - Personal name; tūn Old English - An enclosure; a farmstead; a village; an estate.",Ekwall; Place-names of Lancashire; Watts; Cambridge Dictionary of English Place-names; A.D. Mills; Dictionary of English Place-Names; E. Ekwall; Dictionary of English Place-Names
Pilling,Named after the River Pilling.,River-name Unknown - River-name,E. Ekwall; Dictionary of English Place-Names; Watts; Cambridge Dictionary of English Place-names; Ekwall; Place-names of Lancashire; A.D. Mills; Dictionary of English Place-Names
Pilsworth,'Pil's enclosure'.,Personal name (Old English) Old English - Personal name; worð Old English - An enclosure.,Watts; Cambridge Dictionary of English Place-names; E. Ekwall; Dictionary of English Place-Names; Ekwall; Place-names of Lancashire; A.D. Mills; Dictionary of English Place-Names
Pleasington,'Farm/settlement connected with Plesa'.,"-ingtūn Old English - A settlement called after, or connected with . . .; Personal name (Old English) Old English - Personal name",A.D. Mills; Dictionary of English Place-Names; Ekwall; Place-names of Lancashire; Watts; Cambridge Dictionary of English Place-names; E. Ekwall; Dictionary of English Place-Names
Poulton Bare and Torrisholme,'Pool farm/settlement'. 'Grove'. 'Thoraldr's island'.,"bearu Old English - A grove.  (Usually refers to a wood of limited extent rather than to forest areas.); holmr Old Norse - An island, an inland promontory, raised ground in marsh, a river-meadow.; Personal name (Old Norse) Old Norse - Personal name; pōl Old English - A pool.; pull Old English - A pool.; tūn Old English - An enclosure; a farmstead; a village; an estate.",A.D. Mills; Dictionary of English Place-Names; Watts; Cambridge Dictionary of English Place-names; Ekwall; Place-names of Lancashire; E. Ekwall; Dictionary of English Place-Names
Poulton le Fylde,'Pool farm/settlement'.,pōl Old English - A pool.; pull Old English - A pool.; tūn Old English - An enclosure; a farmstead; a village; an estate.,Watts; Cambridge Dictionary of English Place-names; Ekwall; Place-names of Lancashire; A.D. Mills; Dictionary of English Place-Names; E. Ekwall; Dictionary of English Place-Names
Poulton with Fearnhead,'Pool farm/settlement'. 'Ferny hill'.,fearn Old English - A fern; ferns; a ferny place.; hēafod Old English - A head; an end or source; headland in a field-system; a projecting piece of ground; a hill (often small).; pull Old English - A pool.; tūn Old English - An enclosure; a farmstead; a village; an estate.,A.D. Mills; Dictionary of English Place-Names; Ekwall; Place-names of Lancashire; E. Ekwall; Dictionary of English Place-Names; Watts; Cambridge Dictionary of English Place-names
Preesall with Hackinsall,'Brushwood headland'. 'Hakon's mound'.,"haugr Old Norse - A natural height, a hill, a heap, an artificial mound, a burial mound.; hēafod Old English - A head; an end or source; headland in a field-system; a projecting piece of ground; a hill (often small).; hǫfuð Old Norse - A head; a headland, promontory.; Personal name (Old Norse) Old Norse - Personal name; pres C",A.D. Mills; Dictionary of English Place-Names; Ekwall; Place-names of Lancashire; Watts; Cambridge Dictionary of English Place-names; E. Ekwall; Dictionary of English Place-Names
Prescot,'Priests' cottage(s)'.,"cot Old English - A cottage, a hut, a shelter, a den.; prēost Old English - A priest.",Ekwall; Place-names of Lancashire; E. Ekwall; Dictionary of English Place-Names; A.D. Mills; Dictionary of English Place-Names; Watts; Cambridge Dictionary of English Place-names
Preston,'Priests' farm/settlement'.,prēost Old English - A priest.; tūn Old English - An enclosure; a farmstead; a village; an estate.,A.D. Mills; Dictionary of English Place-Names; E. Ekwall; Dictionary of English Place-Names; Ekwall; Place-names of Lancashire; Watts; Cambridge Dictionary of English Place-names
Prestwich,'Priest(s)' specialised farm'.,"prēost Old English - A priest.; wīc Old English - A dwelling; a building or collection of buildings for special purposes; a farm, a dairy farm; a trading or industrial settlement; or (in the plural) a hamlet, village.",E. Ekwall; Dictionary of English Place-Names; A.D. Mills; Dictionary of English Place-Names; Ekwall; Place-names of Lancashire; Watts; Cambridge Dictionary of English Place-names
Priest Hutton,'Hill-spur farm/settlement'. It was held by the rector of Warton.,hōh Old English - A heel; a sharply projecting piece of ground.; prēost Old English - A priest.; tūn Old English - An enclosure; a farmstead; a village; an estate.,A.D. Mills; Dictionary of English Place-Names; Ekwall; Place-names of Lancashire; E. Ekwall; Dictionary of English Place-Names; Watts; Cambridge Dictionary of English Place-names
Quarlton,'Mill hill'.,"cweorn Old English - A quern, a hand-mill; possibly also used of any mill.; dūn Old English - A hill.",A.D. Mills; Dictionary of English Place-Names; Watts; Cambridge Dictionary of English Place-names; Ekwall; Place-names of Lancashire; E. Ekwall; Dictionary of English Place-Names
Quernmore,'Quern moor'.,"cweorn Old English - A quern, a hand-mill; possibly also used of any mill.; mōr Old English - A marsh, barren upland.",E. Ekwall; Dictionary of English Place-Names; A.D. Mills; Dictionary of English Place-Names; Ekwall; Place-names of Lancashire; Watts; Cambridge Dictionary of English Place-names
Radcliffe,'Red cliff'.,"clif Old English - An escarpment, a hill-slope; a river-bank.; rēad Old English - Red.",E. Ekwall; Dictionary of English Place-Names; Watts; Cambridge Dictionary of English Place-names; Ekwall; Place-names of Lancashire; A.D. Mills; Dictionary of English Place-Names
Rainford,"Uncertain. Possibly, 'Regna's ford', 'rowan ford' or 'boundary ford'.","ford Old English - A ford.; Personal name (Old English) Old English - Personal name; raun Old Norse - A rowan-tree, a mountain ash.; rein Old Norse - A boundary strip; later a ploughland strip.",Watts; Cambridge Dictionary of English Place-names; E. Ekwall; Dictionary of English Place-Names; A.D. Mills; Dictionary of English Place-Names; Ekwall; Place-names of Lancashire
Rainhill,"Uncertain. Possibly, 'Regna's hill', 'rowan hill' or 'boundary hill'.","hyll Old English - A hill, a natural eminence or elevated piece of ground.; Personal name (Old English) Old English - Personal name; raun Old Norse - A rowan-tree, a mountain ash.; rein Old Norse - A boundary strip; later a ploughland strip.",A.D. Mills; Dictionary of English Place-Names; Ekwall; Place-names of Lancashire; Watts; Cambridge Dictionary of English Place-names; E. Ekwall; Dictionary of English Place-Names
Ramsgreave,'Ram grove'.,"grǣfe Old English - A grove, a copse, a thicket.; ramm Old English - A ram.",Ekwall; Place-names of Lancashire; E. Ekwall; Dictionary of English Place-Names; A.D. Mills; Dictionary of English Place-Names; Watts; Cambridge Dictionary of English Place-names
Read,'Roe-deer hill'.,"hēafod Old English - A head; an end or source; headland in a field-system; a projecting piece of ground; a hill (often small).; rǣge Old English - A roe, a female roe-deer.",E. Ekwall; Dictionary of English Place-Names; Ekwall; Place-names of Lancashire; A.D. Mills; Dictionary of English Place-Names; Watts; Cambridge Dictionary of English Place-names
Reedley Hallows Filly Close and New Laund Booth,'Reedley's (= reedy wood/clearing)' nook of land'. 'Filly'. 'New pasture'.,"fylja Old Norse - Filly.; halh Old English - A nook of land; a small valley; dry ground in marsh; a piece of land projecting from, or detached from, the main area of its administrative unit.; launde Middle English - An open space in woodland, a forest glade, woodland pasture.; nīwe Old English - New.; Place-name Unknown - Place-name",Watts; Cambridge Dictionary of English Place-names; E. Ekwall; Dictionary of English Place-Names; Ekwall; Place-names of Lancashire; A.D. Mills; Dictionary of English Place-Names
Ribbleton,'River Ribble farm/settlement'.,River-name Unknown - River-name; tūn Old English - An enclosure; a farmstead; a village; an estate.,Ekwall; Place-names of Lancashire; E. Ekwall; Dictionary of English Place-Names; A.D. Mills; Dictionary of English Place-Names; Watts; Cambridge Dictionary of English Place-names
Ribby with Wrea,'Ridge farm/settlement'. 'Nook of land'.,"bȳ Old Norse - A farmstead, a village.; hryggr Old Norse - A ridge.; vrá Old Norse - A nook, a corner of land.",A.D. Mills; Dictionary of English Place-Names; Ekwall; Place-names of Lancashire; Watts; Cambridge Dictionary of English Place-names; E. Ekwall; Dictionary of English Place-Names
Ribchester,'River Ribble Roman site'.,ceaster Old English - A city; an old fortification; a Roman site.; River-name Unknown - River-name,A.D. Mills; Dictionary of English Place-Names; E. Ekwall; Dictionary of English Place-Names; Ekwall; Place-names of Lancashire; Watts; Cambridge Dictionary of English Place-names
Rishton,'Rushy farm/settlement'.,"rysc Old English - A rush; in the simplex plural, a place where rushes grow, a rush bed.; tūn Old English - An enclosure; a farmstead; a village; an estate.",Ekwall; Place-names of Lancashire; A.D. Mills; Dictionary of English Place-Names; E. Ekwall; Dictionary of English Place-Names; Watts; Cambridge Dictionary of English Place-names
Rivington,'Farm/settlement at the rough/rugged place'.,"-ing Old English - Place-name forming suffix.; hrēof Old English - Rough, rugged.; tūn Old English - An enclosure; a farmstead; a village; an estate.",Watts; Cambridge Dictionary of English Place-names; A.D. Mills; Dictionary of English Place-Names; Ekwall; Place-names of Lancashire; E. Ekwall; Dictionary of English Place-Names
Rixton with Glazebrook,'*Ric's farm/settlement'. Named after the Glaze Brook.,"brōc Old English - A brook, a stream.  (Used of a stream with a muddy bed and a visible sediment load.); Personal name (Old English) Old English - Personal name; River-name Unknown - River-name; tūn Old English - An enclosure; a farmstead; a village; an estate.",Watts; Cambridge Dictionary of English Place-names; A.D. Mills; Dictionary of English Place-Names; Ekwall; Place-names of Lancashire; E. Ekwall; Dictionary of English Place-Names
Roeburndale,'Roe-deer Burn valley'.,"burna Old English - A stream.; dalr Old Norse - A valley.; rǣge Old English - A roe, a female roe-deer.",E. Ekwall; Dictionary of English Place-Names; Ekwall; Place-names of Lancashire; A.D. Mills; Dictionary of English Place-Names; Watts; Cambridge Dictionary of English Place-names
Roughlee Booth,'Rough wood/clearing' with a 'booth'.,"bōthe Middle English - A temporary shelter, a covered market-stall.; lēah Old English - A forest, wood, glade, clearing; (later) a pasture, meadow.; rūh Old English - Rough.",A.D. Mills; Dictionary of English Place-Names; E. Ekwall; Dictionary of English Place-Names; Watts; Cambridge Dictionary of English Place-names; Ekwall; Place-names of Lancashire
Royton,'Rye farm/settlement'.,ryge Old English - Rye.; tūn Old English - An enclosure; a farmstead; a village; an estate.,Watts; Cambridge Dictionary of English Place-names; Ekwall; Place-names of Lancashire; A.D. Mills; Dictionary of English Place-Names; E. Ekwall; Dictionary of English Place-Names
Rufford,'Rough ford'.,ford Old English - A ford.; rūh Old English - Rough.,E. Ekwall; Dictionary of English Place-Names; Watts; Cambridge Dictionary of English Place-names; Ekwall; Place-names of Lancashire; A.D. Mills; Dictionary of English Place-Names
Rumworth,'Spacious enclosure'.,"rūm Old English - Room, space, an open space, a clearing; an alloted space of common land or turbary.; worð Old English - An enclosure.",Watts; Cambridge Dictionary of English Place-names; Ekwall; Place-names of Lancashire; A.D. Mills; Dictionary of English Place-Names; E. Ekwall; Dictionary of English Place-Names
Rusholme,'At the rushes'.,"rysc Old English - A rush; in the simplex plural, a place where rushes grow, a rush bed.",E. Ekwall; Dictionary of English Place-Names; A.D. Mills; Dictionary of English Place-Names; Watts; Cambridge Dictionary of English Place-names; Ekwall; Place-names of Lancashire
Salesbury,'Willow-tree fortification'.,burh Old English - A fortified place.; salh Old English,Ekwall; Place-names of Lancashire; Watts; Cambridge Dictionary of English Place-names; E. Ekwall; Dictionary of English Place-Names; A.D. Mills; Dictionary of English Place-Names
Salford,'Willow-tree ford'.,"ford Old English - A ford.; hundred Old English - One hundred; an administrative division of a county.; salh Old English; vápnatak Old Norse - A wapentake, a sub-division of a county.",Anderson (unspecified work); A.D. Mills; Dictionary of English Place-Names; Ekwall; Place-names of Lancashire; Watts; Cambridge Dictionary of English Place-names; E. Ekwall; Dictionary of English Place-Names
Samlesbury,'Ledge fortifcation'.,"burh Old English - A fortified place.; sceamol Old English - A shamble, a bench, a (market) stall.",E. Ekwall; Dictionary of English Place-Names; Watts; Cambridge Dictionary of English Place-names; A.D. Mills; Dictionary of English Place-Names; Ekwall; Place-names of Lancashire
Satterthwaite,'Shieling clearing'.,"sǽtr Old Norse - A mountain pasture, a shieling.; þveit Old Norse - A clearing, a meadow, a paddock.",E. Ekwall; Dictionary of English Place-Names; Watts; Cambridge Dictionary of English Place-names; A.D. Mills; Dictionary of English Place-Names; Ekwall; Place-names of Lancashire
Scarisbrick,'Hollow hill-side'.,"brekka Old Norse; skarð Old Norse - An opening, an open place in the edge of something, a gap, a mountain pass.",E. Ekwall; Dictionary of English Place-Names; Watts; Cambridge Dictionary of English Place-names; A.D. Mills; Dictionary of English Place-Names; Ekwall; Place-names of Lancashire
Scotforth,'Scot(s') ford'.,"ford Old English - A ford.; scot Middle English - A tax, a payment.",E. Ekwall; Dictionary of English Place-Names; A.D. Mills; Dictionary of English Place-Names; Watts; Cambridge Dictionary of English Place-names; Ekwall; Place-names of Lancashire
Sefton,'Sedgy farm/settlement'.,"sef Old Norse - Sedge, a rush.; tūn Old English - An enclosure; a farmstead; a village; an estate.",A.D. Mills; Dictionary of English Place-Names; E. Ekwall; Dictionary of English Place-Names; Watts; Cambridge Dictionary of English Place-names; Ekwall; Place-names of Lancashire
Sharples,'Steep meadow'.,"lǣs Old English - Pasture, meadow-land.; scearp Old English - Sharp, pointed; perhaps also steep.",A.D. Mills; Dictionary of English Place-Names; Ekwall; Place-names of Lancashire; E. Ekwall; Dictionary of English Place-Names; Watts; Cambridge Dictionary of English Place-names
Shevington,'Farm/settlement at *Chevin (= the ridge)'.,cev˜n C; tūn Old English - An enclosure; a farmstead; a village; an estate.,Watts; Cambridge Dictionary of English Place-names; Ekwall; Place-names of Lancashire; E. Ekwall; Dictionary of English Place-Names; A.D. Mills; Dictionary of English Place-Names
Silverdale,'Silver-coloured valley'.,"dǣl Old English - A share of land, a district.; seolfor Old English - Silver; in place-names, most likely to refer to colour.",A.D. Mills; Dictionary of English Place-Names; Watts; Cambridge Dictionary of English Place-names; E. Ekwall; Dictionary of English Place-Names; Ekwall; Place-names of Lancashire
Simonstone,'Sigemund's/Simund's stone'.,"Personal name (Old English) Old English - Personal name; stān Old English - A stone, stone, rock.",E. Ekwall; Dictionary of English Place-Names; Ekwall; Place-names of Lancashire; Watts; Cambridge Dictionary of English Place-names; A.D. Mills; Dictionary of English Place-Names
Simonswood,'Sigemund's wood'.,"Personal name (Old English) Old English - Personal name; wudu Old English - A wood; or wood, timber.",A.D. Mills; Dictionary of English Place-Names; Watts; Cambridge Dictionary of English Place-names; E. Ekwall; Dictionary of English Place-Names; Ekwall; Place-names of Lancashire
Singleton,"'Shingle farm/settlement', ie., place with shingled roofs or where they were made.",scingol Old English - A shingle.; tūn Old English - An enclosure; a farmstead; a village; an estate.,Ekwall; Place-names of Lancashire; Watts; Cambridge Dictionary of English Place-names; E. Ekwall; Dictionary of English Place-Names; A.D. Mills; Dictionary of English Place-Names
Skelmersdale,'*Skjaldmarr's valley'.,dalr Old Norse - A valley.; Personal name (Old Norse) Old Norse - Personal name,Watts; Cambridge Dictionary of English Place-names; Ekwall; Place-names of Lancashire; E. Ekwall; Dictionary of English Place-Names; A.D. Mills; Dictionary of English Place-Names
Skerton,'Skerry farm/settlement'.,"sker Old Norse - A rock, a scar, a reef, a skerry.; tūn Old English - An enclosure; a farmstead; a village; an estate.",Ekwall; Place-names of Lancashire; E. Ekwall; Dictionary of English Place-Names; Watts; Cambridge Dictionary of English Place-names; A.D. Mills; Dictionary of English Place-Names
Slyne with Hest,'Slope' 'Undergrowth'.,"hǣst Old English - Undergrowth, brushwood.; slinu Old English - A slope.",Watts; Cambridge Dictionary of English Place-names; Ekwall; Place-names of Lancashire; A.D. Mills; Dictionary of English Place-Names; E. Ekwall; Dictionary of English Place-Names
Southworth with Croft,'South enclosure'. 'Small enclosed field'.,"croft Old English - A small enclosed field.; sūð Old English - South, southern.; worð Old English - An enclosure.",E. Ekwall; Dictionary of English Place-Names; Ekwall; Place-names of Lancashire; A.D. Mills; Dictionary of English Place-Names; Watts; Cambridge Dictionary of English Place-names
Speke,"Perhaps, 'brushwood' or a similar sense.",spēc Old English,Ekwall; Place-names of Lancashire; A.D. Mills; Dictionary of English Place-Names; Watts; Cambridge Dictionary of English Place-names; E. Ekwall; Dictionary of English Place-Names
Spotland,"Uncertain. Perhaps called after the Splodden Brook or, 'plot of land'.","land Old English - Land (as part of earth's surface); an estate; possibly also new arable area.  In minor and field names: strip in a field-system.; River-name Unknown - River-name; splott Old English - A plot of land, a small patch of ground.",Watts; Cambridge Dictionary of English Place-names; E. Ekwall; Dictionary of English Place-Names; A.D. Mills; Dictionary of English Place-Names; Ekwall; Place-names of Lancashire
Stalmine with Staynall,'Stream-mouth pool. 'Stone hollow'.,"hol Old English - A hole, a hollow.; mynni Old Norse - The mouth of a river where it joins another or runs into a lake or the sea.; stæg Old English - A pond.; stān Old English - A stone, stone, rock.",Watts; Cambridge Dictionary of English Place-names; A.D. Mills; Dictionary of English Place-Names; Ekwall; Place-names of Lancashire; E. Ekwall; Dictionary of English Place-Names
Standish with Langtree,'Stone enclosure'. 'Tall tree'.,"edisc Old English - An enclosure, an enclosed park.; lang Old English - Long, tall.; stān Old English - A stone, stone, rock.; trēow Old English - A tree; a large piece of wood, a post, a beam.",Ekwall; Place-names of Lancashire; E. Ekwall; Dictionary of English Place-Names; A.D. Mills; Dictionary of English Place-Names; Watts; Cambridge Dictionary of English Place-names
Staveley in Cartmel,"'Stave wood/clearing', ie., a place where they were made or obtained.","stæf Old English - A staff, a stave, a rod.; tūn Old English - An enclosure; a farmstead; a village; an estate.",E. Ekwall; Dictionary of English Place-Names; A.D. Mills; Dictionary of English Place-Names; Watts; Cambridge Dictionary of English Place-names; Ekwall; Place-names of Lancashire
Stretford,'Roman road ford'.,ford Old English - A ford.; strēt Old English,Ekwall; Place-names of Lancashire; Watts; Cambridge Dictionary of English Place-names; E. Ekwall; Dictionary of English Place-Names; A.D. Mills; Dictionary of English Place-Names
Subberthwaite,'Sulby's [lost] clearing'.,"Place-name Unknown - Place-name; þveit Old Norse - A clearing, a meadow, a paddock.",A.D. Mills; Dictionary of English Place-Names; Ekwall; Place-names of Lancashire; Watts; Cambridge Dictionary of English Place-names; E. Ekwall; Dictionary of English Place-Names
Sutton,'South farm/settlement.,"sūð Old English - South, southern.; tūn Old English - An enclosure; a farmstead; a village; an estate.",Ekwall; Place-names of Lancashire; E. Ekwall; Dictionary of English Place-Names; A.D. Mills; Dictionary of English Place-Names; Watts; Cambridge Dictionary of English Place-names
Tarbock,'Thorn-tree brook'.,"brōc Old English - A brook, a stream.  (Used of a stream with a muddy bed and a visible sediment load.); þorn Old English - A hawthorn-tree.",E. Ekwall; Dictionary of English Place-Names; Watts; Cambridge Dictionary of English Place-names; Ekwall; Place-names of Lancashire; A.D. Mills; Dictionary of English Place-Names
Tarleton,"Uncertain. Perhaps, 'Tharald's farm/settlement'. Alternatively, perhaps, 'River *Taerla farm/settlement', where *Taerla might be on old name of the River Douglas.",Personal name (Old Norse) Old Norse - Personal name; tūn Old English - An enclosure; a farmstead; a village; an estate.,A.D. Mills; Dictionary of English Place-Names; Watts; Cambridge Dictionary of English Place-names; E. Ekwall; Dictionary of English Place-Names; Ekwall; Place-names of Lancashire
Tatham,'Tata's homestead/village'.,"hām Old English - A village, a village community, a manor, an estate, a homestead.; Personal name (Old English) Old English - Personal name",Ekwall; Place-names of Lancashire; E. Ekwall; Dictionary of English Place-Names; Watts; Cambridge Dictionary of English Place-names; A.D. Mills; Dictionary of English Place-Names
Thornhand,'Thorn-tree homestead/village'.,"hām Old English - A village, a village community, a manor, an estate, a homestead.; þorn Old English - A hawthorn-tree.",Watts; Cambridge Dictionary of English Place-names; Ekwall; Place-names of Lancashire; E. Ekwall; Dictionary of English Place-Names; A.D. Mills; Dictionary of English Place-Names
Thornley with Wheatley,'Thorn-tree wood/clearing'. 'Wheat wood/clearing'.,"hwǣte Old English - Wheat.; lēah Old English - A forest, wood, glade, clearing; (later) a pasture, meadow.; þorn Old English - A hawthorn-tree.",A.D. Mills; Dictionary of English Place-Names; E. Ekwall; Dictionary of English Place-Names; Ekwall; Place-names of Lancashire; Watts; Cambridge Dictionary of English Place-names
Thornton,'Thorn-tree farm/settlement'.,tūn Old English - An enclosure; a farmstead; a village; an estate.; þorn Old English - A hawthorn-tree.,E. Ekwall; Dictionary of English Place-Names; Watts; Cambridge Dictionary of English Place-names; A.D. Mills; Dictionary of English Place-Names; Ekwall; Place-names of Lancashire
Thornton,'Thorn-tree farm/settlement'.,tūn Old English - An enclosure; a farmstead; a village; an estate.; þorn Old English - A hawthorn-tree.,A.D. Mills; Dictionary of English Place-Names; E. Ekwall; Dictionary of English Place-Names; Watts; Cambridge Dictionary of English Place-names; Ekwall; Place-names of Lancashire
Thurnham,'At the thorn-trees'.,þyrne Old English - A thorn-bush.,E. Ekwall; Dictionary of English Place-Names; Ekwall; Place-names of Lancashire; A.D. Mills; Dictionary of English Place-Names; Watts; Cambridge Dictionary of English Place-names
Tockholes,Uncertain. '*Toc(c)a's hollows' or 'Toki's hollows'.,"hol Old English - A hole, a hollow.; Personal name (Old English) Old English - Personal name; Personal name (Old Norse) Old Norse - Personal name",E. Ekwall; Dictionary of English Place-Names; Ekwall; Place-names of Lancashire; Watts; Cambridge Dictionary of English Place-names; A.D. Mills; Dictionary of English Place-Names
Tonge,"Literally, 'tong', probably used of a 'spit of land' or prominent 'tong-shaped' feature. In this case, a piece of land between the River Irk and Wince Brook.","tang Old English - A tong, forceps.",Ekwall; Place-names of Lancashire; E. Ekwall; Dictionary of English Place-Names; Watts; Cambridge Dictionary of English Place-names; A.D. Mills; Dictionary of English Place-Names
Tonge with Haulgh,"Literally, 'tong', probably used of a 'spit of land' or a prominent 'tong-shaped' feature. In this case, a piece of land between the Bradshaw and Tonge Brooks. 'Nook of land'.","halh Old English - A nook of land; a small valley; dry ground in marsh; a piece of land projecting from, or detached from, the main area of its administrative unit.; tang Old English - A tong, forceps.",Ekwall; Place-names of Lancashire; Watts; Cambridge Dictionary of English Place-names; E. Ekwall; Dictionary of English Place-Names; A.D. Mills; Dictionary of English Place-Names
Torver,"Uncertain. 'Turf-roofed shieling', or '*Thorif's shieling'.","erg Old Norse - A shieling, a hill-pasture; a summer-pasture camp, a dairy or grazing out-station.; Personal name (Old Norse) Old Norse - Personal name; torf Old Norse - Turf (in allusion to a turf-roofed building).",E. Ekwall; Dictionary of English Place-Names; A.D. Mills; Dictionary of English Place-Names; Watts; Cambridge Dictionary of English Place-names; Ekwall; Place-names of Lancashire
Tottington Higher and Lower End,"'Farm/settlement connected with Tota' or perhaps, 'farm/settlement at/called *Toting (= look-out place)'.","-ing Old English - Place-name forming suffix.; -ing- Old English - Connective particle, linking a first element to a final element.; Personal name (Old English) Old English - Personal name; tōt Old English - A look-out.; tún Old Norse - An enclosure, a farmstead.",Ekwall; Place-names of Lancashire; A.D. Mills; Dictionary of English Place-Names; Watts; Cambridge Dictionary of English Place-names; E. Ekwall; Dictionary of English Place-Names
Toxteth Park,'Toki's/Tok's landing place'.,"Personal name (Old Norse) Old Norse - Personal name; staðr Old Norse - A place, a site.; stǫð Old Norse - A landing-place, a jetty.",Watts; Cambridge Dictionary of English Place-names; Ekwall; Place-names of Lancashire; E. Ekwall; Dictionary of English Place-Names; A.D. Mills; Dictionary of English Place-Names
Trawden,'Trough-shaped valley'.,"denu Old English - A valley.; trog Old English - A trough, a long narrow vessel; used topographically of a hollow.",Watts; Cambridge Dictionary of English Place-names; A.D. Mills; Dictionary of English Place-Names; Ekwall; Place-names of Lancashire; E. Ekwall; Dictionary of English Place-Names
Treales Roseacre and Wharles,'Court farm/settlement'. 'Cairn field'. 'Stone-circle mounds'.,"akr Old Norse - A plot of arable land. (Indistinguishable from OE æcer.); hlāw Old English - A tumulus; a hill.; hreysi Old Norse - A cairn, a heap of stones.; hwerfel Old English; lïs C; treβ C",E. Ekwall; Dictionary of English Place-Names; A.D. Mills; Dictionary of English Place-Names; Ekwall; Place-names of Lancashire; Watts; Cambridge Dictionary of English Place-names
Tunstall,'Farmstead'.,"tūn-stall Old English - The site of a farm, a farmstead.",A.D. Mills; Dictionary of English Place-Names; Ekwall; Place-names of Lancashire; Watts; Cambridge Dictionary of English Place-names; E. Ekwall; Dictionary of English Place-Names
Turton,'Thori's/Thor's farm/settlement'.,Personal name (Old Norse) Old Norse - Personal name; tūn Old English - An enclosure; a farmstead; a village; an estate.,Ekwall; Place-names of Lancashire; A.D. Mills; Dictionary of English Place-Names; Watts; Cambridge Dictionary of English Place-names; E. Ekwall; Dictionary of English Place-Names
Twiston,'River-fork farm/settlement''.,"tūn Old English - An enclosure; a farmstead; a village; an estate.; twisla Old English - The fork of a river, the junction of two streams.",A.D. Mills; Dictionary of English Place-Names; Ekwall; Place-names of Lancashire; E. Ekwall; Dictionary of English Place-Names; Watts; Cambridge Dictionary of English Place-names
Tyldesley with Shakerly,'Tilwald's wood/clearing'. 'Robber's wood/clearing'.,"lēah Old English - A forest, wood, glade, clearing; (later) a pasture, meadow.; Personal name (Old English) Old English - Personal name; scēacere Old English - A robber.",A.D. Mills; Dictionary of English Place-Names; Watts; Cambridge Dictionary of English Place-names; Ekwall; Place-names of Lancashire; E. Ekwall; Dictionary of English Place-Names
Ulnes Walton,Ulf's 'wall farm/settlement'.,Personal name (Old Norse) Old Norse - Personal name; tūn Old English - An enclosure; a farmstead; a village; an estate.; wall Old English,A.D. Mills; Dictionary of English Place-Names; Ekwall; Place-names of Lancashire; Watts; Cambridge Dictionary of English Place-names; E. Ekwall; Dictionary of English Place-Names
Ulverston,'Wulfhere's farm/settlement' or 'Ulfarr's farm/settlement'.,Personal name (Old English) Old English - Personal name; Personal name (Old Norse) Old Norse - Personal name; tūn Old English - An enclosure; a farmstead; a village; an estate.,A.D. Mills; Dictionary of English Place-Names; E. Ekwall; Dictionary of English Place-Names; Ekwall; Place-names of Lancashire; Watts; Cambridge Dictionary of English Place-names
Upholland,'Hill-spur land'. 'Higher' to distinguish from Downholland.,"hōh Old English - A heel; a sharply projecting piece of ground.; land Old English - Land (as part of earth's surface); an estate; possibly also new arable area.  In minor and field names: strip in a field-system.; upp Old English - Up, higher up, upon.",Ekwall; Place-names of Lancashire; A.D. Mills; Dictionary of English Place-Names; Watts; Cambridge Dictionary of English Place-names; E. Ekwall; Dictionary of English Place-Names
Upper Allithwaite,'Eilifr's clearing' perhaps confused with 'Aleifr'.,"Personal name (Old Norse) Old Norse - Personal name; þveit Old Norse - A clearing, a meadow, a paddock.",E. Ekwall; Dictionary of English Place-Names; Watts; Cambridge Dictionary of English Place-names; A.D. Mills; Dictionary of English Place-Names; Ekwall; Place-names of Lancashire
Upper Rawcliffe with Tarnacre,'Red cliff '. 'Cranes' field'.,"akr Old Norse - A plot of arable land. (Indistinguishable from OE æcer.); klif Old Norse - A cliff, a steep hill.; rauðr Old Norse - Red.; trani Old Norse - A crane (the bird).",A.D. Mills; Dictionary of English Place-Names; Watts; Cambridge Dictionary of English Place-names; Ekwall; Place-names of Lancashire; E. Ekwall; Dictionary of English Place-Names
Urmston,'*Wyrm's farm/settlement' or 'Urm's farm/settlement'.,Personal name (Old English) Old English - Personal name; Personal name (Old Norse) Old Norse - Personal name; tūn Old English - An enclosure; a farmstead; a village; an estate.,E. Ekwall; Dictionary of English Place-Names; A.D. Mills; Dictionary of English Place-Names; Ekwall; Place-names of Lancashire; Watts; Cambridge Dictionary of English Place-names
Urswick,"'Specialised farm at *Ursae (= bison lake)', perhaps an old name for the nearby tarn.","sǣ Old English - A lake; sea.  Usually means ""sea"" when used as a first element, and ""lake"" when used as a second element.; ūr Old English - A bison.; wīc Old English - A dwelling; a building or collection of buildings for special purposes; a farm, a dairy farm; a trading or industrial settlement; or (in the plural) a hamlet, village.",E. Ekwall; Dictionary of English Place-Names; Watts; Cambridge Dictionary of English Place-names; Ekwall; Place-names of Lancashire; A.D. Mills; Dictionary of English Place-Names
Walmersley cum Shuttleworth,'Waldmer's wood/clearing'. 'Barred/bolted enclosure'.,"lēah Old English - A forest, wood, glade, clearing; (later) a pasture, meadow.; Personal name (Old English) Old English - Personal name; scyttels Old English - A bolt, a bar; a gate which bolts shut.; worð Old English - An enclosure.",Ekwall; Place-names of Lancashire; E. Ekwall; Dictionary of English Place-Names; A.D. Mills; Dictionary of English Place-Names; Watts; Cambridge Dictionary of English Place-names
Walton le Dale,'Britons' farm/settlement' in the valley.,dalr Old Norse - A valley.; le Old French - The.; tūn Old English - An enclosure; a farmstead; a village; an estate.; walh Old English,Ekwall; Place-names of Lancashire; E. Ekwall; Dictionary of English Place-Names; A.D. Mills; Dictionary of English Place-Names; Watts; Cambridge Dictionary of English Place-names
Walton on the Hill,'Britons' farm/settlement' on the hill.,tūn Old English - An enclosure; a farmstead; a village; an estate.; walh Old English,Watts; Cambridge Dictionary of English Place-names; E. Ekwall; Dictionary of English Place-Names; Ekwall; Place-names of Lancashire; A.D. Mills; Dictionary of English Place-Names
Wardleworth,'Wuerdle's enclosure'.,Place-name Unknown - Place-name; worð Old English - An enclosure.,Ekwall; Place-names of Lancashire; E. Ekwall; Dictionary of English Place-Names; A.D. Mills; Dictionary of English Place-Names; Watts; Cambridge Dictionary of English Place-names
Warrington,'River-dam farm/settlement'. The Domesday hundred of Warrington was later combined with Newton in Makerfield and Derby hundreds to form the West Derby hundred (see entries).,"hundred Old English - One hundred; an administrative division of a county.; tūn Old English - An enclosure; a farmstead; a village; an estate.; vápnatak Old Norse - A wapentake, a sub-division of a county.; wering Old English - A river-dam.",A.D. Mills; Dictionary of English Place-Names; Anderson (unspecified work); Ekwall; Place-names of Lancashire; Watts; Cambridge Dictionary of English Place-names; E. Ekwall; Dictionary of English Place-Names
Warton,'Watch farm/settlement'.,"tūn Old English - An enclosure; a farmstead; a village; an estate.; weard Old English - Watch, ward, protection.",A.D. Mills; Dictionary of English Place-Names; E. Ekwall; Dictionary of English Place-Names; Watts; Cambridge Dictionary of English Place-names; Ekwall; Place-names of Lancashire
Warton with Lindeth,'Look-out farm/settlement'. 'Lime-tree hill'.,"hēafod Old English - A head; an end or source; headland in a field-system; a projecting piece of ground; a hill (often small).; lind Old English - A lime-tree.; tūn Old English - An enclosure; a farmstead; a village; an estate.; weard Old English - Watch, ward, protection.",Watts; Cambridge Dictionary of English Place-names; Ekwall; Place-names of Lancashire; E. Ekwall; Dictionary of English Place-Names; A.D. Mills; Dictionary of English Place-Names
Wavertree,"Perhaps, 'waving tree'.","Obscure element Unknown - Obscure element; trēow Old English - A tree; a large piece of wood, a post, a beam.",E. Ekwall; Dictionary of English Place-Names; A.D. Mills; Dictionary of English Place-Names; Ekwall; Place-names of Lancashire; Watts; Cambridge Dictionary of English Place-names
Weeton with Preese,'Willow-tree farm/settlement'. 'Brushwood'.,pres C; tūn Old English - An enclosure; a farmstead; a village; an estate.; wīðig Old English - A willow-tree; a withy.,Ekwall; Place-names of Lancashire; E. Ekwall; Dictionary of English Place-Names; A.D. Mills; Dictionary of English Place-Names; Watts; Cambridge Dictionary of English Place-names
Welch Whettle,'White hill'. It was held by the Waleys family.,"Family name Unknown - Family name.; hwīt Old English - White; in early Modern English sometimes ""infertile"" in contrast with black, ""fertile"".; hyll Old English - A hill, a natural eminence or elevated piece of ground.",Watts; Cambridge Dictionary of English Place-names; Ekwall; Place-names of Lancashire; A.D. Mills; Dictionary of English Place-Names; E. Ekwall; Dictionary of English Place-Names
Wennington,'River Wenning farm/settlement'.,River-name Unknown - River-name; tūn Old English - An enclosure; a farmstead; a village; an estate.,E. Ekwall; Dictionary of English Place-Names; A.D. Mills; Dictionary of English Place-Names; Ekwall; Place-names of Lancashire; Watts; Cambridge Dictionary of English Place-names
West Derby,"'Deer farm/settlement'. Formerly known as Derby hundred (DB), West Derby hundred was created by the later amalgamation of Derby, Warrington and Newton in Makerfield hundreds.","bȳ Old Norse - A farmstead, a village.; djúr Old Norse - An animal, a beast.; hundred Old English - One hundred; an administrative division of a county.; vápnatak Old Norse - A wapentake, a sub-division of a county.",Ekwall; Place-names of Lancashire; Anderson (unspecified work); Watts; Cambridge Dictionary of English Place-names; A.D. Mills; Dictionary of English Place-Names; E. Ekwall; Dictionary of English Place-Names
West Leigh,'Wood/clearing'.,"lēah Old English - A forest, wood, glade, clearing; (later) a pasture, meadow.",Ekwall; Place-names of Lancashire; A.D. Mills; Dictionary of English Place-Names; Watts; Cambridge Dictionary of English Place-names; E. Ekwall; Dictionary of English Place-Names
Westby with Plumptons,'West farm/settlement'. 'Plum-tree farm/settlement'. Formerly known as 'Great' and 'Little'.,"bȳ Old Norse - A farmstead, a village.; plūme Old English - A plum; a plum-tree.; tūn Old English - An enclosure; a farmstead; a village; an estate.; vestr Old Norse - West, westerly.",Watts; Cambridge Dictionary of English Place-names; A.D. Mills; Dictionary of English Place-Names; E. Ekwall; Dictionary of English Place-Names; Ekwall; Place-names of Lancashire
Westhoughton,'Nook of land farm/settlement'. 'West' for distinction from Little Houghton.,"halh Old English - A nook of land; a small valley; dry ground in marsh; a piece of land projecting from, or detached from, the main area of its administrative unit.; tūn Old English - An enclosure; a farmstead; a village; an estate.; west Old English - Western, west.",Watts; Cambridge Dictionary of English Place-names; A.D. Mills; Dictionary of English Place-Names; E. Ekwall; Dictionary of English Place-Names; Ekwall; Place-names of Lancashire
Whalley,'Hill wood/clearing'.,"hwæl Old English - A hill.; lēah Old English - A forest, wood, glade, clearing; (later) a pasture, meadow.",A.D. Mills; Dictionary of English Place-Names; Ekwall; Place-names of Lancashire; Watts; Cambridge Dictionary of English Place-names; E. Ekwall; Dictionary of English Place-Names
Wheatley Carr Booth,'Wheat wood/clearing'.,"bōthe Middle English - A temporary shelter, a covered market-stall.; hwǣte Old English - Wheat.; lēah Old English - A forest, wood, glade, clearing; (later) a pasture, meadow.",A.D. Mills; Dictionary of English Place-Names; Ekwall; Place-names of Lancashire; E. Ekwall; Dictionary of English Place-Names; Watts; Cambridge Dictionary of English Place-names
Wheelton,'Wheel farm/settlement'.,hwēol Old English - A wheel; a water-wheel; topographically something circular such as a stone circle or a curving valley or hill.; tūn Old English - An enclosure; a farmstead; a village; an estate.,Ekwall; Place-names of Lancashire; E. Ekwall; Dictionary of English Place-Names; A.D. Mills; Dictionary of English Place-Names; Watts; Cambridge Dictionary of English Place-names
Whiston,'White '.,"hwīt Old English - White; in early Modern English sometimes ""infertile"" in contrast with black, ""fertile"".; stān Old English - A stone, stone, rock.",Ekwall; Place-names of Lancashire; E. Ekwall; Dictionary of English Place-Names; Watts; Cambridge Dictionary of English Place-names; A.D. Mills; Dictionary of English Place-Names
Whittingham,'Homestead/village of Hwita's people',-ingahām Old English - The village of the people of . . . ; the village of the people called after . . .; Personal name (Old English) Old English - Personal name,A.D. Mills; Dictionary of English Place-Names; Ekwall; Place-names of Lancashire; E. Ekwall; Dictionary of English Place-Names; Watts; Cambridge Dictionary of English Place-names
Whittington,'Farm/settlement connected with Hwita'.,"-ingtūn Old English - A settlement called after, or connected with . . .; Personal name (Old English) Old English - Personal name",Watts; Cambridge Dictionary of English Place-names; A.D. Mills; Dictionary of English Place-Names; Ekwall; Place-names of Lancashire; E. Ekwall; Dictionary of English Place-Names
Whittle le Woods,'White hill' in the wood.,"hwīt Old English - White; in early Modern English sometimes ""infertile"" in contrast with black, ""fertile"".; hyll Old English - A hill, a natural eminence or elevated piece of ground.; le Old French - The.; wudu Old English - A wood; or wood, timber.",A.D. Mills; Dictionary of English Place-Names; Watts; Cambridge Dictionary of English Place-names; E. Ekwall; Dictionary of English Place-Names; Ekwall; Place-names of Lancashire
Widnes,'Wide promontory'.,"næss Old English; wīd Old English - Wide, spacious.",E. Ekwall; Dictionary of English Place-Names; Ekwall; Place-names of Lancashire; A.D. Mills; Dictionary of English Place-Names; Watts; Cambridge Dictionary of English Place-names
Wigan,"Uncertain. 'Wigan's farm/settlement' or perhaps, 'little farm/settlement'.",Personal name (Uncertain) Unknown - Personal name; treβ C,E. Ekwall; Dictionary of English Place-Names; Watts; Cambridge Dictionary of English Place-names; A.D. Mills; Dictionary of English Place-Names; Ekwall; Place-names of Lancashire
Wilpshire,"Uncertain. Perhaps, 'Wlip's district' or possibly, 'wet district'.","Personal name (Old English) Old English - Personal name; scīr Old English - A shire, a jurisdiction, an administrative district, a county.; wlïb C",Watts; Cambridge Dictionary of English Place-names; A.D. Mills; Dictionary of English Place-Names; Ekwall; Place-names of Lancashire; E. Ekwall; Dictionary of English Place-Names
Windle,'Windy hill'.,"hyll Old English - A hill, a natural eminence or elevated piece of ground.; wind Old English - Wind.",Ekwall; Place-names of Lancashire; A.D. Mills; Dictionary of English Place-Names; Watts; Cambridge Dictionary of English Place-names; E. Ekwall; Dictionary of English Place-Names
Winmarleigh,'Winemaer's wood/clearing'.,"lēah Old English - A forest, wood, glade, clearing; (later) a pasture, meadow.; Personal name (Old English) Old English - Personal name",A.D. Mills; Dictionary of English Place-Names; E. Ekwall; Dictionary of English Place-Names; Ekwall; Place-names of Lancashire; Watts; Cambridge Dictionary of English Place-names
Winstanley,'Wynstan's wood/clearing'.,"lēah Old English - A forest, wood, glade, clearing; (later) a pasture, meadow.; Personal name (Old English) Old English - Personal name",A.D. Mills; Dictionary of English Place-Names; E. Ekwall; Dictionary of English Place-Names; Watts; Cambridge Dictionary of English Place-names; Ekwall; Place-names of Lancashire
Winwick with Hulme,'Wineca's specialised farm'. 'Island'.,"holmr Old Norse - An island, an inland promontory, raised ground in marsh, a river-meadow.; Personal name (Old English) Old English - Personal name; wīc Old English - A dwelling; a building or collection of buildings for special purposes; a farm, a dairy farm; a trading or industrial settlement; or (in the plural) a hamlet, village.",E. Ekwall; Dictionary of English Place-Names; Ekwall; Place-names of Lancashire; Watts; Cambridge Dictionary of English Place-names; A.D. Mills; Dictionary of English Place-Names
Wiswell,'Marshy meadow spring/stream'.,wella Old English; wisc Old English - A marshy meadow.; wisce Old English - A marshy meadow,Watts; Cambridge Dictionary of English Place-names; E. Ekwall; Dictionary of English Place-Names; A.D. Mills; Dictionary of English Place-Names; Ekwall; Place-names of Lancashire
Withington,'Willow-tree farm/settlement'.,tūn Old English - An enclosure; a farmstead; a village; an estate.; wilig Old English,Watts; Cambridge Dictionary of English Place-names; Ekwall; Place-names of Lancashire; E. Ekwall; Dictionary of English Place-Names; A.D. Mills; Dictionary of English Place-Names
Withnell,'Hill growing with willows' or 'willow-tree hill'.,"hyll Old English - A hill, a natural eminence or elevated piece of ground.; wīðig Old English - A willow-tree; a withy.; wīðigen Old English - Growing with willows; made of withies.",A.D. Mills; Dictionary of English Place-Names; E. Ekwall; Dictionary of English Place-Names; Ekwall; Place-names of Lancashire; Watts; Cambridge Dictionary of English Place-names
Witton,'Witta's farm/settlement'.,Personal name (Old English) Old English - Personal name; tūn Old English - An enclosure; a farmstead; a village; an estate.,Ekwall; Place-names of Lancashire; A.D. Mills; Dictionary of English Place-Names; Watts; Cambridge Dictionary of English Place-names; E. Ekwall; Dictionary of English Place-Names
Woodplumpton,'Plum-tree farm/settlement' in a wood.,"plūme Old English - A plum; a plum-tree.; tūn Old English - An enclosure; a farmstead; a village; an estate.; wudu Old English - A wood; or wood, timber.",E. Ekwall; Dictionary of English Place-Names; Watts; Cambridge Dictionary of English Place-names; Ekwall; Place-names of Lancashire; A.D. Mills; Dictionary of English Place-Names
Woolston with Martinscroft,'Wulfsige's farm/settlement'. 'Martin's enclosure piece of land'.,croft Old English - A small enclosed field.; Personal name (Old English) Old English - Personal name; Personal name (Uncertain) Unknown - Personal name; tūn Old English - An enclosure; a farmstead; a village; an estate.,Watts; Cambridge Dictionary of English Place-names; Ekwall; Place-names of Lancashire; A.D. Mills; Dictionary of English Place-Names; Smith; Place-names of Westmorland; E. Ekwall; Dictionary of English Place-Names
Worsley,"Uncertain. Three forms of the name exist. Form seems to be '*Weorcyth's wood/clearing'. Two and three either indicate an obscure, possibly pre-English element or perhaps an unrecorded OE feminine personal name, '*Weorcgythe'.","lēah Old English - A forest, wood, glade, clearing; (later) a pasture, meadow.; Obscure element Unknown - Obscure element; Personal name (Old English) Old English - Personal name",A.D. Mills; Dictionary of English Place-Names; Ekwall; Place-names of Lancashire; E. Ekwall; Dictionary of English Place-Names; Watts; Cambridge Dictionary of English Place-names
Worsthorne with Hurstwood,"'*Wurth's farm/settlement'. 'Wooded-hill', probably used as a place-name with the later addition of 'wood'.","hyrst Old English - A wooded hill.; Personal name (Old English) Old English - Personal name; tūn Old English - An enclosure; a farmstead; a village; an estate.; wudu Old English - A wood; or wood, timber.",Ekwall; Place-names of Lancashire; A.D. Mills; Dictionary of English Place-Names; E. Ekwall; Dictionary of English Place-Names; Watts; Cambridge Dictionary of English Place-names
Worston,'*Weorth's farm/settlement'.,Personal name (Old English) Old English - Personal name; tūn Old English - An enclosure; a farmstead; a village; an estate.,Watts; Cambridge Dictionary of English Place-names; E. Ekwall; Dictionary of English Place-Names; Ekwall; Place-names of Lancashire; A.D. Mills; Dictionary of English Place-Names
Worthington,"Uncertain. 'Enclosure farm/settlement' or perhaps, 'farm/settlement of *Worth's people'.",-ingas Old English - The people of . . . ; the people called after . . .; Personal name (Old English) Old English - Personal name; tūn Old English - An enclosure; a farmstead; a village; an estate.; worðign Old English - An enclosure.,Watts; Cambridge Dictionary of English Place-names; A.D. Mills; Dictionary of English Place-Names; E. Ekwall; Dictionary of English Place-Names; Ekwall; Place-names of Lancashire
Wray with Botton,"'Nook of land'. 'Bottom', ie., a valley floor.","botn Old Norse - A bottom, a broad river-valley.; vrá Old Norse - A nook, a corner of land.",E. Ekwall; Dictionary of English Place-Names; A.D. Mills; Dictionary of English Place-Names; Ekwall; Place-names of Lancashire; Watts; Cambridge Dictionary of English Place-names
Wrightington,'Wrights' farm/settlement'.,tūn Old English - An enclosure; a farmstead; a village; an estate.; wyrhta Old English - A wright.,Ekwall; Place-names of Lancashire; E. Ekwall; Dictionary of English Place-Names; A.D. Mills; Dictionary of English Place-Names; Watts; Cambridge Dictionary of English Place-names
Wuerdle and Wardle,"'Host hill', a place where . 'Watch hill'.","hyll Old English - A hill, a natural eminence or elevated piece of ground.; weard Old English - Watch, ward, protection.; weorod Old English - A host, an army, a throng.",E. Ekwall; Dictionary of English Place-Names; A.D. Mills; Dictionary of English Place-Names; Watts; Cambridge Dictionary of English Place-names; Ekwall; Place-names of Lancashire
Yate and Pick Up Bank,'Gate'. 'Pointed summit'.,"copp Old English - A summit.; geat Old English - A hole, an opening, a gap, a pass, a passage; a gate(way).; pīc Old English - A point; a pointed tool; a pike (the fish); a pointed hill.",Ekwall; Place-names of Lancashire; E. Ekwall; Dictionary of English Place-Names; A.D. Mills; Dictionary of English Place-Names; Watts; Cambridge Dictionary of English Place-names
Yealand Conyers,'High land'. It was held by the de Conyers family post-Conquest.,"Family name Unknown - Family name.; hēah Old English - A high place, a height.; land Old English - Land (as part of earth's surface); an estate; possibly also new arable area.  In minor and field names: strip in a field-system.",Watts; Cambridge Dictionary of English Place-names; A.D. Mills; Dictionary of English Place-Names; Ekwall; Place-names of Lancashire
Yealand Redmayne,'High land'. It was held by the Redeman family post-Conquest.,"Family name Unknown - Family name.; hēah Old English - A high place, a height.; land Old English - Land (as part of earth's surface); an estate; possibly also new arable area.  In minor and field names: strip in a field-system.",E. Ekwall; Dictionary of English Place-Names; A.D. Mills; Dictionary of English Place-Names; Ekwall; Place-names of Lancashire; Watts; Cambridge Dictionary of English Place-names
