PlaceName,Etymology,Derivation,ReferenceTitle
" Barsham East West and North",'Bar's homestead/village' or 'Bar's hemmed-in land'.,"hām Old English - A village, a village community, a manor, an estate, a homestead.; hamm Old English - Land hemmed in by water or marsh (perhaps also by high ground); a river-meadow; cultivated plot on the edge of woodland or moor.; Personal name (Old English) Old English - Personal name",E. Ekwall; Dictionary of English Place-Names; A.D. Mills; Dictionary of English Place-Names; Sandred & Lingstrom; Place-names of Norfolk; Watts; Cambridge Dictionary of English Place-names
Acle,'Oak wood/clearing'.,"āc Old English - An oak-tree.; lēah Old English - A forest, wood, glade, clearing; (later) a pasture, meadow.",A.D. Mills; Dictionary of English Place-Names; E. Ekwall; Dictionary of English Place-Names; Sandred & Lingstrom; Place-names of Norfolk; Watts; Cambridge Dictionary of English Place-names
Alburgh,"Either, 'old burial-mound/hill' or 'Alda's burial-mound/hill'.",ald Old English; berg Old English; Personal name (Old English) Old English - Personal name,A.D. Mills; Dictionary of English Place-Names; E. Ekwall; Dictionary of English Place-Names; Sandred & Lingstrom; Place-names of Norfolk; Watts; Cambridge Dictionary of English Place-names
Alby,'Ali's farm/settlement'.,"bȳ Old Norse - A farmstead, a village.; Personal name (Old Norse) Old Norse - Personal name",A.D. Mills; Dictionary of English Place-Names; E. Ekwall; Dictionary of English Place-Names; Watts; Cambridge Dictionary of English Place-names; Sandred & Lingstrom; Place-names of Norfolk
Aldborough,'Old fortification'.,ald Old English; burh Old English - A fortified place.,E. Ekwall; Dictionary of English Place-Names; Sandred & Lingstrom; Place-names of Norfolk; A.D. Mills; Dictionary of English Place-Names; Watts; Cambridge Dictionary of English Place-names
Aldeby,"Originally, 'old fortification'. OE 'burh' was replaced by ON 'by'.","ald Old English; bȳ Old Norse - A farmstead, a village.",A.D. Mills; Dictionary of English Place-Names; E. Ekwall; Dictionary of English Place-Names; Sandred & Lingstrom; Place-names of Norfolk; Watts; Cambridge Dictionary of English Place-names
Alderford,'Alder-tree ford'.,alor Old English - An alder-tree.; ford Old English - A ford.,Sandred & Lingstrom; Place-names of Norfolk; E. Ekwall; Dictionary of English Place-Names; Watts; Cambridge Dictionary of English Place-names; A.D. Mills; Dictionary of English Place-Names
Alethorpe,'Ali's outlying farm/settlement'.,"Personal name (Old Norse) Old Norse - Personal name; þorp Old Norse - A secondary settlement, a dependent outlying farmstead or hamlet.",Watts; Cambridge Dictionary of English Place-names; A.D. Mills; Dictionary of English Place-Names; E. Ekwall; Dictionary of English Place-Names; Sandred & Lingstrom; Place-names of Norfolk
Alpington,'Alhmund's farm/settlement'.,Personal name (Old English) Old English - Personal name; tūn Old English - An enclosure; a farmstead; a village; an estate.,E. Ekwall; Dictionary of English Place-Names; Watts; Cambridge Dictionary of English Place-names; A.D. Mills; Dictionary of English Place-Names; Sandred & Lingstrom; Place-names of Norfolk
Anmer,'Duck pool'.,"ened Old English - A duck.; mere Old English - A pond, a pool, a lake.",Sandred & Lingstrom; Place-names of Norfolk; E. Ekwall; Dictionary of English Place-Names; A.D. Mills; Dictionary of English Place-Names; Watts; Cambridge Dictionary of English Place-names
Antingham,'Homestead/village of *Anta's people'.,-ingahām Old English - The village of the people of . . . ; the village of the people called after . . .; Personal name (Old English) Old English - Personal name,E. Ekwall; Dictionary of English Place-Names; Watts; Cambridge Dictionary of English Place-names; A.D. Mills; Dictionary of English Place-Names; Sandred & Lingstrom; Place-names of Norfolk
Arminghall,'Nook of land of *Ambre's/Eanmaer's people'. The exact form of the personal name is uncertain.,"-ingas Old English - The people of . . . ; the people called after . . .; halh Old English - A nook of land; a small valley; dry ground in marsh; a piece of land projecting from, or detached from, the main area of its administrative unit.; Personal name (Old English) Old English - Personal name",E. Ekwall; Dictionary of English Place-Names; Sandred & Lingstrom; Place-names of Norfolk; Watts; Cambridge Dictionary of English Place-names; A.D. Mills; Dictionary of English Place-Names
Ashby St. Mary,'Ash-tree farm/settlement'. The church is dedicated to St. Mary.,"æsc Old English; askr Old Norse - An ash-tree.; bȳ Old Norse - A farmstead, a village.; Saint's Name Unknown - Saint's name.",A.D. Mills; Dictionary of English Place-Names; Watts; Cambridge Dictionary of English Place-names; Sandred & Lingstrom; Place-names of Norfolk; E. Ekwall; Dictionary of English Place-Names
Ashby with Oby,'*Aski's farm/settlement' or 'ash-tree farm/settlement'. 'Othi's farm/settlement'.,"askr Old Norse - An ash-tree.; bȳ Old Norse - A farmstead, a village.; Personal name (Old Norse) Old Norse - Personal name",Sandred & Lingstrom; Place-names of Norfolk; E. Ekwall; Dictionary of English Place-Names; Watts; Cambridge Dictionary of English Place-names; A.D. Mills; Dictionary of English Place-Names
Ashill,'Ash-tree hill'.,"æsc Old English; hyll Old English - A hill, a natural eminence or elevated piece of ground.",E. Ekwall; Dictionary of English Place-Names; Watts; Cambridge Dictionary of English Place-names; Sandred & Lingstrom; Place-names of Norfolk; A.D. Mills; Dictionary of English Place-Names
Ashmanhaugh,"'Sailor's/pirate's enclosure' or perhaps, 'Aescmann's enclosure'.","æsc-mann Old English - A sailor, a pirate.; haga Old English - A hedge; an enclosure; later a messuage, property.; Personal name (Old English) Old English - Personal name",Sandred & Lingstrom; Place-names of Norfolk; A.D. Mills; Dictionary of English Place-Names; Watts; Cambridge Dictionary of English Place-names; E. Ekwall; Dictionary of English Place-Names
Ashwellthorpe,'Ashwell's (ash-tree spring/stream) outlying farm/settlement'.,"æsc Old English; wella Old English; þorp Old Norse - A secondary settlement, a dependent outlying farmstead or hamlet.",A.D. Mills; Dictionary of English Place-Names; E. Ekwall; Dictionary of English Place-Names; Sandred & Lingstrom; Place-names of Norfolk; Watts; Cambridge Dictionary of English Place-names
Ashwicken,"'At the specialised-farm', with the later addition of 'ash-tree' or a personal name.","æsc Old English; Personal name (Uncertain) Unknown - Personal name; wīc Old English - A dwelling; a building or collection of buildings for special purposes; a farm, a dairy farm; a trading or industrial settlement; or (in the plural) a hamlet, village.",E. Ekwall; Dictionary of English Place-Names; Sandred & Lingstrom; Place-names of Norfolk; Watts; Cambridge Dictionary of English Place-names; A.D. Mills; Dictionary of English Place-Names
Aslacton,'Aslakr's farm/settlement'.,Personal name (Old Norse) Old Norse - Personal name; tūn Old English - An enclosure; a farmstead; a village; an estate.,Watts; Cambridge Dictionary of English Place-names; A.D. Mills; Dictionary of English Place-Names; E. Ekwall; Dictionary of English Place-Names; Sandred & Lingstrom; Place-names of Norfolk
Attleborough,'Aetla's fortification'.,burh Old English - A fortified place.; Personal name (Old English) Old English - Personal name,E. Ekwall; Dictionary of English Place-Names; Watts; Cambridge Dictionary of English Place-names; Sandred & Lingstrom; Place-names of Norfolk; A.D. Mills; Dictionary of English Place-Names
Attlebridge,'Aetla's bridge'.,brycg Old English - A bridge; a causeway.; Personal name (Old English) Old English - Personal name,A.D. Mills; Dictionary of English Place-Names; E. Ekwall; Dictionary of English Place-Names; Watts; Cambridge Dictionary of English Place-names; Sandred & Lingstrom; Place-names of Norfolk
Aylmerton,'Aethelmaer's farm/settlement'.,Personal name (Old English) Old English - Personal name; tūn Old English - An enclosure; a farmstead; a village; an estate.,Watts; Cambridge Dictionary of English Place-names; A.D. Mills; Dictionary of English Place-Names; E. Ekwall; Dictionary of English Place-Names; Sandred & Lingstrom; Place-names of Norfolk
Aylsham,'*Aegel's farm/settlement' or 'Aegel's hemmed-in land'.,"hām Old English - A village, a village community, a manor, an estate, a homestead.; hamm Old English - Land hemmed in by water or marsh (perhaps also by high ground); a river-meadow; cultivated plot on the edge of woodland or moor.; Personal name (Old English) Old English - Personal name",Sandred & Lingstrom; Place-names of Norfolk; A.D. Mills; Dictionary of English Place-Names; E. Ekwall; Dictionary of English Place-Names; Watts; Cambridge Dictionary of English Place-names
Babingley,'Wood/clearing of Babba's people'.,"-ingas Old English - The people of . . . ; the people called after . . .; lēah Old English - A forest, wood, glade, clearing; (later) a pasture, meadow.; Personal name (Old English) Old English - Personal name",E. Ekwall; Dictionary of English Place-Names; Watts; Cambridge Dictionary of English Place-names; A.D. Mills; Dictionary of English Place-Names; Sandred & Lingstrom; Place-names of Norfolk
Baconsthorpe,"'Bacon's outlying farm/settlement', Bacon being the surname of a Norman land-owner.","Family name Unknown - Family name.; þorp Old Norse - A secondary settlement, a dependent outlying farmstead or hamlet.",Watts; Cambridge Dictionary of English Place-names; Sandred & Lingstrom; Place-names of Norfolk; E. Ekwall; Dictionary of English Place-Names; A.D. Mills; Dictionary of English Place-Names
Bacton,'Bacca's farm/settlement'.,Personal name (Old English) Old English - Personal name; tūn Old English - An enclosure; a farmstead; a village; an estate.,Watts; Cambridge Dictionary of English Place-names; Sandred & Lingstrom; Place-names of Norfolk; E. Ekwall; Dictionary of English Place-Names; A.D. Mills; Dictionary of English Place-Names
Bagthorpe,Uncertain. 'Bakki's/Bak's outlying farm/settlement' or 'Bacca's outlying farm/settlement'.,"Personal name (Old English) Old English - Personal name; Personal name (Old Norse) Old Norse - Personal name; þorp Old Norse - A secondary settlement, a dependent outlying farmstead or hamlet.",Watts; Cambridge Dictionary of English Place-names; A.D. Mills; Dictionary of English Place-Names; Sandred & Lingstrom; Place-names of Norfolk; E. Ekwall; Dictionary of English Place-Names
Bale,'Bathing wood/clearing'.,"bæð Old English - A bath, a bathing-place.; lēah Old English - A forest, wood, glade, clearing; (later) a pasture, meadow.",Watts; Cambridge Dictionary of English Place-names; A.D. Mills; Dictionary of English Place-Names; Sandred & Lingstrom; Place-names of Norfolk; E. Ekwall; Dictionary of English Place-Names
Banham,'Bean homestead/village' or 'hemmed-in land where beans grow'.,"bēan Old English - A bean.; hām Old English - A village, a village community, a manor, an estate, a homestead.; hamm Old English - Land hemmed in by water or marsh (perhaps also by high ground); a river-meadow; cultivated plot on the edge of woodland or moor.",E. Ekwall; Dictionary of English Place-Names; Watts; Cambridge Dictionary of English Place-names; A.D. Mills; Dictionary of English Place-Names; Sandred & Lingstrom; Place-names of Norfolk
Banningham,'Homestead/village of *Ban(n)a's people'.,-ingahām Old English - The village of the people of . . . ; the village of the people called after . . .; Personal name (Old English) Old English - Personal name,Sandred & Lingstrom; Place-names of Norfolk; A.D. Mills; Dictionary of English Place-Names; E. Ekwall; Dictionary of English Place-Names; Watts; Cambridge Dictionary of English Place-names
Barford,'Barley ford'.,bere Old English - Barley.; ford Old English - A ford.,Sandred & Lingstrom; Place-names of Norfolk; A.D. Mills; Dictionary of English Place-Names; E. Ekwall; Dictionary of English Place-Names; Watts; Cambridge Dictionary of English Place-names
Barmer,"Possibly, 'bear pool' or perhaps, '*Bera's pool'.","bera Old English - A bear.; mere Old English - A pond, a pool, a lake.; Personal name (Old English) Old English - Personal name",E. Ekwall; Dictionary of English Place-Names; A.D. Mills; Dictionary of English Place-Names; Sandred & Lingstrom; Place-names of Norfolk; Watts; Cambridge Dictionary of English Place-names
Barney,"Uncertain. '*Bera's island', 'barn island' or perhaps, 'barley island'.","bere-ærn Old English - A barn, a storehouse for barley and other grain.; beren Old English - Of or growing with barley.; ēg Old English - An island.  In ancient settlement-names, most frequently refers to dry ground surrounded by marsh.  Also used of islands in modern sense.  In late OE names: well-watered land.; Personal name (Old English) Old English - Personal name",Sandred & Lingstrom; Place-names of Norfolk; E. Ekwall; Dictionary of English Place-Names; A.D. Mills; Dictionary of English Place-Names; Watts; Cambridge Dictionary of English Place-names
Barnham Broom,"Uncertain. 'Beorn's homestead/village' or perhaps, 'warrior's homestead/village'. 'Broom' was added in 1838.","beorn Old English - A hero, a warrior.; brōm Old English - Broom; a thorny bush or shrub.; hām Old English - A village, a village community, a manor, an estate, a homestead.; hamm Old English - Land hemmed in by water or marsh (perhaps also by high ground); a river-meadow; cultivated plot on the edge of woodland or moor.; Personal name (Old English) Old English - Personal name",A.D. Mills; Dictionary of English Place-Names; Sandred & Lingstrom; Place-names of Norfolk; E. Ekwall; Dictionary of English Place-Names; Watts; Cambridge Dictionary of English Place-names
Barningham North or Norwood,"'Homestead/village Beorn's people', north of the wood.","-ingahām Old English - The village of the people of . . . ; the village of the people called after . . .; norðan Old English - North, north of.; Personal name (Old English) Old English - Personal name; wudu Old English - A wood; or wood, timber.",E. Ekwall; Dictionary of English Place-Names; Watts; Cambridge Dictionary of English Place-names; A.D. Mills; Dictionary of English Place-Names; Sandred & Lingstrom; Place-names of Norfolk
"Barningham, Town or Winter",'Homestead/village Beorn's people'. It was held by the Wynter family from 1375.,-ingahām Old English - The village of the people of . . . ; the village of the people called after . . .; Family name Unknown - Family name.; Personal name (Old English) Old English - Personal name,Sandred & Lingstrom; Place-names of Norfolk; E. Ekwall; Dictionary of English Place-Names; A.D. Mills; Dictionary of English Place-Names; Watts; Cambridge Dictionary of English Place-names
Barton Bendish,'Barley farm within the ditch'. The ditch is the Devil's Dyke.,"bere-tūn Old English - A barley enclosure, a barley farm; later a demesne farm, an outlying grange.; binnan Old English - Within.; dīc Old English - A ditch, usually an excavated trench, either defensive or for drainage of water.",Watts; Cambridge Dictionary of English Place-names; Sandred & Lingstrom; Place-names of Norfolk; E. Ekwall; Dictionary of English Place-Names; A.D. Mills; Dictionary of English Place-Names
Barton Turf,"'Barley farm/settlement'. 'Turf' is a late 14th century addition, probably indicating that turf cutting was an important local industry.","bere-tūn Old English - A barley enclosure, a barley farm; later a demesne farm, an outlying grange.; turf Old English - Turf, greensward.",Watts; Cambridge Dictionary of English Place-names; E. Ekwall; Dictionary of English Place-Names; A.D. Mills; Dictionary of English Place-Names; Sandred & Lingstrom; Place-names of Norfolk
Barwick,'Barley farm'.,"bere-wīc Old English - A barley farm; a grange, an outlying or demesne farm.",E. Ekwall; Dictionary of English Place-Names; Watts; Cambridge Dictionary of English Place-names; Sandred & Lingstrom; Place-names of Norfolk; A.D. Mills; Dictionary of English Place-Names
Bawburgh,'*Beawa's fortification'.,burh Old English - A fortified place.; Personal name (Old English) Old English - Personal name,E. Ekwall; Dictionary of English Place-Names; Watts; Cambridge Dictionary of English Place-names; A.D. Mills; Dictionary of English Place-Names; Sandred & Lingstrom; Place-names of Norfolk
Bawdeswell,'Baldhere's spring/stream'.,Personal name (Old English) Old English - Personal name; wella Old English,Sandred & Lingstrom; Place-names of Norfolk; A.D. Mills; Dictionary of English Place-Names; E. Ekwall; Dictionary of English Place-Names; Watts; Cambridge Dictionary of English Place-names
Bawsey,'Beaw's island'.,ey Old Norse - An island (used of coastal islands in the west of Britain and round Scotland).; Personal name (Old English) Old English - Personal name,E. Ekwall; Dictionary of English Place-Names; A.D. Mills; Dictionary of English Place-Names; Watts; Cambridge Dictionary of English Place-names; Sandred & Lingstrom; Place-names of Norfolk
Bedingham,'Homestead/village of Beda's people'.,-ingahām Old English - The village of the people of . . . ; the village of the people called after . . .; Personal name (Old English) Old English - Personal name,Sandred & Lingstrom; Place-names of Norfolk; E. Ekwall; Dictionary of English Place-Names; Watts; Cambridge Dictionary of English Place-names; A.D. Mills; Dictionary of English Place-Names
Beechamwell,'Bicca's homestead/village' or 'Bicca's hemmed-in land'. 'Spring/stream' was an early addition.,"hām Old English - A village, a village community, a manor, an estate, a homestead.; hamm Old English - Land hemmed in by water or marsh (perhaps also by high ground); a river-meadow; cultivated plot on the edge of woodland or moor.; Personal name (Old English) Old English - Personal name; wella Old English",Sandred & Lingstrom; Place-names of Norfolk; E. Ekwall; Dictionary of English Place-Names; Watts; Cambridge Dictionary of English Place-names; A.D. Mills; Dictionary of English Place-Names
Beeston Regis,'Bent-grass farm/settlement'. It was held by the Crown from c. 1476.,"bēos Old English - Bent grass, rough grass.; tūn Old English - An enclosure; a farmstead; a village; an estate.",Sandred & Lingstrom; Place-names of Norfolk; A.D. Mills; Dictionary of English Place-Names; E. Ekwall; Dictionary of English Place-Names; Watts; Cambridge Dictionary of English Place-names
Beeston St Lawrence,'Bent-grass farm/settlement'. The church is dedicated to St Lawrence.,"bēos Old English - Bent grass, rough grass.; Saint's Name Unknown - Saint's name.; tūn Old English - An enclosure; a farmstead; a village; an estate.",Sandred & Lingstrom; Place-names of Norfolk; A.D. Mills; Dictionary of English Place-Names; E. Ekwall; Dictionary of English Place-Names; Watts; Cambridge Dictionary of English Place-names
Beeston St. Andrew,'Bent-grass farm/settlement'. The church is dedicated to St. Andrew.,"bēos Old English - Bent grass, rough grass.; Saint's Name Unknown - Saint's name.; tūn Old English - An enclosure; a farmstead; a village; an estate.",Sandred & Lingstrom; Place-names of Norfolk; Watts; Cambridge Dictionary of English Place-names; A.D. Mills; Dictionary of English Place-Names; E. Ekwall; Dictionary of English Place-Names
Beeston with Bitttering,'Bent-grass farm/settlement'. 'Beorthere's people'.,"-ingas Old English - The people of . . . ; the people called after . . .; bēos Old English - Bent grass, rough grass.; Personal name (Old English) Old English - Personal name; tūn Old English - An enclosure; a farmstead; a village; an estate.",E. Ekwall; Dictionary of English Place-Names; Watts; Cambridge Dictionary of English Place-names; Sandred & Lingstrom; Place-names of Norfolk; A.D. Mills; Dictionary of English Place-Names
Beetley,"Uncertain. 'Mallet wood/clearing, in the sense of a place where these were made ior obtained, or perhaps, 'beet wood/clearing'.","bēte Old English - Beet, beetroot.; bȳtel Old English - Beetle, insect, grub.; lēah Old English - A forest, wood, glade, clearing; (later) a pasture, meadow.",Watts; Cambridge Dictionary of English Place-names; A.D. Mills; Dictionary of English Place-Names; E. Ekwall; Dictionary of English Place-Names; Sandred & Lingstrom; Place-names of Norfolk
Beighton,"'*Beage's farm/settlement' or perhaps, less likely, is 'Baega's farm/settlement', a feminine personal name.",Personal name (Old English) Old English - Personal name; tūn Old English - An enclosure; a farmstead; a village; an estate.,Sandred & Lingstrom; Place-names of Norfolk; E. Ekwall; Dictionary of English Place-Names; A.D. Mills; Dictionary of English Place-Names; Watts; Cambridge Dictionary of English Place-names
Belaugh,"Uncertain. Possibly, 'beacon/funeral-pyre enclosure. Alternatively, *Bel may also represent an element meaning 'island' or 'glade'.","bēl Old English; haga Old English - A hedge; an enclosure; later a messuage, property.",A.D. Mills; Dictionary of English Place-Names; E. Ekwall; Dictionary of English Place-Names; Sandred & Lingstrom; Place-names of Norfolk; Watts; Cambridge Dictionary of English Place-names
Bergh Apton,Obscure.,Obscure element Unknown - Obscure element,A.D. Mills; Dictionary of English Place-Names; E. Ekwall; Dictionary of English Place-Names; Sandred & Lingstrom; Place-names of Norfolk; Watts; Cambridge Dictionary of English Place-names
Bessingham,'Homestead/village of *Basa's people'.,-ingahām Old English - The village of the people of . . . ; the village of the people called after . . .; Personal name (Old English) Old English - Personal name,Watts; Cambridge Dictionary of English Place-names; Sandred & Lingstrom; Place-names of Norfolk; A.D. Mills; Dictionary of English Place-Names; E. Ekwall; Dictionary of English Place-Names
Besthorpe,"Uncertain. 'Bosi's outlying farms/settlement' or perhaps, 'bent-grass outlying farm/settlement'.","bēos Old English - Bent grass, rough grass.; Personal name (Old Norse) Old Norse - Personal name; þorp Old Norse - A secondary settlement, a dependent outlying farmstead or hamlet.",Sandred & Lingstrom; Place-names of Norfolk; A.D. Mills; Dictionary of English Place-Names; E. Ekwall; Dictionary of English Place-Names; Watts; Cambridge Dictionary of English Place-names
Bexwell,'*Beac's spring/stream'.,Personal name (Old English) Old English - Personal name; wella Old English,A.D. Mills; Dictionary of English Place-Names; Sandred & Lingstrom; Place-names of Norfolk; E. Ekwall; Dictionary of English Place-Names; Watts; Cambridge Dictionary of English Place-names
Billingford,"Possibly, 'ford at the place called Billing (= hill)' or perhaps 'ford of the Billingas (= dwellers at the hill)'.","-ingas Old English - The people of . . . ; the people called after . . .; billing Old English - A hill, a prominence, a promontory, a ridge.; ford Old English - A ford.",Watts; Cambridge Dictionary of English Place-names; E. Ekwall; Dictionary of English Place-Names; A.D. Mills; Dictionary of English Place-Names; Sandred & Lingstrom; Place-names of Norfolk
Billingford,Uncertain. 'Ford at the place called Billing (= hill)'or 'ford of the Billingas (=dwellers at the hill)'.,"-ingas Old English - The people of . . . ; the people called after . . .; bill Old English - A bill, a sword; topographically a sharp ridge, a headland, the edge of a hill, a promontory.; billing Old English - A hill, a prominence, a promontory, a ridge.; ford Old English - A ford.",Watts; Cambridge Dictionary of English Place-names; E. Ekwall; Dictionary of English Place-Names; Sandred & Lingstrom; Place-names of Norfolk; A.D. Mills; Dictionary of English Place-Names
Billockby,"'*Bithil-Aki's farm/settlement'. If this is a personal name, the exact form remains uncertain.","bȳ Old Norse - A farmstead, a village.; Personal name (Old Norse) Old Norse - Personal name",E. Ekwall; Dictionary of English Place-Names; Watts; Cambridge Dictionary of English Place-names; Sandred & Lingstrom; Place-names of Norfolk; A.D. Mills; Dictionary of English Place-Names
Binham,'Bynna's homestead/village' or 'Bynna's hemmed-in land'.,"hām Old English - A village, a village community, a manor, an estate, a homestead.; hamm Old English - Land hemmed in by water or marsh (perhaps also by high ground); a river-meadow; cultivated plot on the edge of woodland or moor.; Personal name (Old English) Old English - Personal name",Watts; Cambridge Dictionary of English Place-names; Sandred & Lingstrom; Place-names of Norfolk; A.D. Mills; Dictionary of English Place-Names; E. Ekwall; Dictionary of English Place-Names
Bintree,'Bynna's tree'.,"Personal name (Old English) Old English - Personal name; trēow Old English - A tree; a large piece of wood, a post, a beam.",Watts; Cambridge Dictionary of English Place-names; Sandred & Lingstrom; Place-names of Norfolk; A.D. Mills; Dictionary of English Place-Names; E. Ekwall; Dictionary of English Place-Names
Bircham Newton,'Bircham's new farm/settlement'.,nīwe Old English - New.; Place-name Unknown - Place-name; tūn Old English - An enclosure; a farmstead; a village; an estate.,Sandred & Lingstrom; Place-names of Norfolk; E. Ekwall; Dictionary of English Place-Names; Watts; Cambridge Dictionary of English Place-names; A.D. Mills; Dictionary of English Place-Names
Bircham Tofts,'Bircham's curtilage'.,"Place-name Unknown - Place-name; toft Old English - A curtilage, the plot of ground in which a dwelling stands.",Watts; Cambridge Dictionary of English Place-names; Sandred & Lingstrom; Place-names of Norfolk; E. Ekwall; Dictionary of English Place-Names; A.D. Mills; Dictionary of English Place-Names
Bixley,'Box wood/clearing'.,"byxe Old English - A box-tree; a box-thicket.; lēah Old English - A forest, wood, glade, clearing; (later) a pasture, meadow.",E. Ekwall; Dictionary of English Place-Names; Watts; Cambridge Dictionary of English Place-names; A.D. Mills; Dictionary of English Place-Names; Sandred & Lingstrom; Place-names of Norfolk
Blakeney,'Black island'.,"blæc Old English - Black, dark-coloured, dark.; ēg Old English - An island.  In ancient settlement-names, most frequently refers to dry ground surrounded by marsh.  Also used of islands in modern sense.  In late OE names: well-watered land.",A.D. Mills; Dictionary of English Place-Names; E. Ekwall; Dictionary of English Place-Names; Watts; Cambridge Dictionary of English Place-names; Sandred & Lingstrom; Place-names of Norfolk
Blickling,'*Blicla's people'.,-ingas Old English - The people of . . . ; the people called after . . .; Personal name (Old English) Old English - Personal name,E. Ekwall; Dictionary of English Place-Names; Sandred & Lingstrom; Place-names of Norfolk; Watts; Cambridge Dictionary of English Place-names; A.D. Mills; Dictionary of English Place-Names
Blo Norton,'Bleak/exposed Norton (= north farm/settlement)'.,"blā Old English - Blue, cold, cheerless.; blāw Old English - (Blue) pigment.; norð Old English - Northern, north.; tūn Old English - An enclosure; a farmstead; a village; an estate.",A.D. Mills; Dictionary of English Place-Names; E. Ekwall; Dictionary of English Place-Names; Watts; Cambridge Dictionary of English Place-names; Sandred & Lingstrom; Place-names of Norfolk
Blofield,"Literally, 'blue open land'. The exact significance of the specific is unclear, possibly used in the sense of 'bleak, exposed' or refer to a carpet of devil's bit scabious growing on the land. The hundred may be called after Blofield; alternatively, both","blár Old Norse - Dark, blue, livid; cheerless, cold, exposed.; blāw Old English - (Blue) pigment.; feld Old English - Open country, unencumbered ground (eg. land without trees as opposed to forest, level ground as opposed to hills, land without buildings); arable land (from late tenth century).; hundred Old English - One hundred; an administrative division of a county.",Watts; Cambridge Dictionary of English Place-names; Anderson (unspecified work); E. Ekwall; Dictionary of English Place-Names; Sandred & Lingstrom; Place-names of Norfolk; A.D. Mills; Dictionary of English Place-Names
Bodham,'Boda's homestead/village' or 'Boda's hemmed-in land'.,"hām Old English - A village, a village community, a manor, an estate, a homestead.; hamm Old English - Land hemmed in by water or marsh (perhaps also by high ground); a river-meadow; cultivated plot on the edge of woodland or moor.; Personal name (Old English) Old English - Personal name",Sandred & Lingstrom; Place-names of Norfolk; A.D. Mills; Dictionary of English Place-Names; Watts; Cambridge Dictionary of English Place-names; E. Ekwall; Dictionary of English Place-Names
Bodney,'*Beoda's island'.,"ēg Old English - An island.  In ancient settlement-names, most frequently refers to dry ground surrounded by marsh.  Also used of islands in modern sense.  In late OE names: well-watered land.; Personal name (Old English) Old English - Personal name",Sandred & Lingstrom; Place-names of Norfolk; E. Ekwall; Dictionary of English Place-Names; Watts; Cambridge Dictionary of English Place-names; A.D. Mills; Dictionary of English Place-Names
Booton,"'Bota's farm/settlement' or perhaps, 'Bo's farm/settlement'.",Personal name (Old English) Old English - Personal name; Personal name (Old Norse) Old Norse - Personal name; tūn Old English - An enclosure; a farmstead; a village; an estate.,E. Ekwall; Dictionary of English Place-Names; Sandred & Lingstrom; Place-names of Norfolk; A.D. Mills; Dictionary of English Place-Names; Watts; Cambridge Dictionary of English Place-names
Boughton,'Bucca's farm/settlement' or 'bucks' farm/settlement'.,"bucc Old English - A buck, a male deer.; Personal name (Old English) Old English - Personal name; tūn Old English - An enclosure; a farmstead; a village; an estate.",Watts; Cambridge Dictionary of English Place-names; Sandred & Lingstrom; Place-names of Norfolk; A.D. Mills; Dictionary of English Place-Names; E. Ekwall; Dictionary of English Place-Names
Bowthorpe,'Bui's outlying farm/settlement' or 'bow farm/settlement'.,"boga Old English - A bow, an arch; an arched bridge; a bow (for shooting); something curved or bent, such as a river bend or curved valley.; bogi Old Norse - A bow, an arch; an arched bridge; a bow (for shooting); something curved or bent, such as a river bend or curved valley.; Personal name (Old Norse) Old Norse - Personal name; þorp Old Norse - A secondary settlement, a dependent outlying farmstead or hamlet.",Sandred & Lingstrom; Place-names of Norfolk; E. Ekwall; Dictionary of English Place-Names; A.D. Mills; Dictionary of English Place-Names; Watts; Cambridge Dictionary of English Place-names
Bracon Ash,'Bracken' with the latter addition of 'ash-tree'.,"æsc Old English; bræcen Old English - Bracken, fern.; brakni Old Norse - Bracken, fern.",A.D. Mills; Dictionary of English Place-Names; Sandred & Lingstrom; Place-names of Norfolk; E. Ekwall; Dictionary of English Place-Names; Watts; Cambridge Dictionary of English Place-names
Bradestone,'Braegd's farm/settlement'.,Personal name (Old English) Old English - Personal name; tūn Old English - An enclosure; a farmstead; a village; an estate.,Watts; Cambridge Dictionary of English Place-names; E. Ekwall; Dictionary of English Place-Names; Sandred & Lingstrom; Place-names of Norfolk; A.D. Mills; Dictionary of English Place-Names
Bradfield,'Broad open land'.,"brād Old English - Broad, spacious, wide, large.; feld Old English - Open country, unencumbered ground (eg. land without trees as opposed to forest, level ground as opposed to hills, land without buildings); arable land (from late tenth century).",A.D. Mills; Dictionary of English Place-Names; E. Ekwall; Dictionary of English Place-Names; Sandred & Lingstrom; Place-names of Norfolk; Watts; Cambridge Dictionary of English Place-names
Bramerton,'Bramble farm/settlement'.,brēmer Old English - A bramble thicket.; tūn Old English - An enclosure; a farmstead; a village; an estate.,A.D. Mills; Dictionary of English Place-Names; E. Ekwall; Dictionary of English Place-Names; Watts; Cambridge Dictionary of English Place-names; Sandred & Lingstrom; Place-names of Norfolk
Brampton,'Broom farm/settlement'.,brōm Old English - Broom; a thorny bush or shrub.; tūn Old English - An enclosure; a farmstead; a village; an estate.,E. Ekwall; Dictionary of English Place-Names; A.D. Mills; Dictionary of English Place-Names; Watts; Cambridge Dictionary of English Place-names; Sandred & Lingstrom; Place-names of Norfolk
Brancaster,"'Roman site of Branodunum', where the original Romano-British name may be preserved in the first element. The name is from British bran(n)o, 'crow/raven' possibly used as a personal name, and duno-, 'fortification'. Alternatively, perhaps, 'broomy Roman s",brōm Old English - Broom; a thorny bush or shrub.; ceaster Old English - A city; an old fortification; a Roman site.; dūno- Celtic; Place-name Unknown - Place-name,Sandred & Lingstrom; Place-names of Norfolk; E. Ekwall; Dictionary of English Place-Names; Rivet & Smith; Place-names of Roman Britain; A.D. Mills; Dictionary of English Place-Names; Watts; Cambridge Dictionary of English Place-names
Brandiston,'*Brant's farm/settlement'.,Personal name (Old English) Old English - Personal name; tūn Old English - An enclosure; a farmstead; a village; an estate.,Sandred & Lingstrom; Place-names of Norfolk; E. Ekwall; Dictionary of English Place-Names; A.D. Mills; Dictionary of English Place-Names; Watts; Cambridge Dictionary of English Place-names
Brandon Parva,'Broom hill'.,brōm Old English - Broom; a thorny bush or shrub.; dūn Old English - A hill.; parva Latin - Small.,E. Ekwall; Dictionary of English Place-Names; A.D. Mills; Dictionary of English Place-Names; Sandred & Lingstrom; Place-names of Norfolk; Watts; Cambridge Dictionary of English Place-names
Breckles,'Pasture by the freshly broken land'.,"brēc Old English; lǣs Old English - Pasture, meadow-land.",Sandred & Lingstrom; Place-names of Norfolk; Watts; Cambridge Dictionary of English Place-names; E. Ekwall; Dictionary of English Place-Names; A.D. Mills; Dictionary of English Place-Names
Bressingham,'Homestead/village of *Briosa's people'.,-ingahām Old English - The village of the people of . . . ; the village of the people called after . . .; Personal name (Old English) Old English - Personal name,Watts; Cambridge Dictionary of English Place-names; A.D. Mills; Dictionary of English Place-Names; E. Ekwall; Dictionary of English Place-Names; Sandred & Lingstrom; Place-names of Norfolk
Brettenham,'*Bretta's/*Boerhta's homestead/village' or '*Bretta's/*Boerhta's hemmed-in land'.,"hām Old English - A village, a village community, a manor, an estate, a homestead.; hamm Old English - Land hemmed in by water or marsh (perhaps also by high ground); a river-meadow; cultivated plot on the edge of woodland or moor.; Personal name (Old English) Old English - Personal name",A.D. Mills; Dictionary of English Place-Names; E. Ekwall; Dictionary of English Place-Names; Sandred & Lingstrom; Place-names of Norfolk; Watts; Cambridge Dictionary of English Place-names
Bridgham,'Bridge homesteadf/village' or 'hemmed-in land by a bridge'.,"brycg Old English - A bridge; a causeway.; hām Old English - A village, a village community, a manor, an estate, a homestead.; hamm Old English - Land hemmed in by water or marsh (perhaps also by high ground); a river-meadow; cultivated plot on the edge of woodland or moor.",E. Ekwall; Dictionary of English Place-Names; Watts; Cambridge Dictionary of English Place-names; A.D. Mills; Dictionary of English Place-Names; Sandred & Lingstrom; Place-names of Norfolk
Briningham,'Homestead/village of Bryni's people'.,-ingahām Old English - The village of the people of . . . ; the village of the people called after . . .; Personal name (Old English) Old English - Personal name,Sandred & Lingstrom; Place-names of Norfolk; Watts; Cambridge Dictionary of English Place-names; E. Ekwall; Dictionary of English Place-Names; A.D. Mills; Dictionary of English Place-Names
Brinton,'Farm/settlement connected with Bryni'.,"-ingtūn Old English - A settlement called after, or connected with . . .; Personal name (Old English) Old English - Personal name",A.D. Mills; Dictionary of English Place-Names; Watts; Cambridge Dictionary of English Place-names; Sandred & Lingstrom; Place-names of Norfolk; E. Ekwall; Dictionary of English Place-Names
Brisley,'Gadfly wood/clearing'.,"brēosa Old English - A gadfly.; lēah Old English - A forest, wood, glade, clearing; (later) a pasture, meadow.",A.D. Mills; Dictionary of English Place-Names; E. Ekwall; Dictionary of English Place-Names; Sandred & Lingstrom; Place-names of Norfolk; Watts; Cambridge Dictionary of English Place-names
Briston,'Land-slip farm/settlement'.,"byrst Old English - A burst, a crack in the earth or soil, a landslip.; tūn Old English - An enclosure; a farmstead; a village; an estate.",Watts; Cambridge Dictionary of English Place-names; Sandred & Lingstrom; Place-names of Norfolk; E. Ekwall; Dictionary of English Place-Names; A.D. Mills; Dictionary of English Place-Names
Brockdish,'Brook enclosure'.,"brōc Old English - A brook, a stream.  (Used of a stream with a muddy bed and a visible sediment load.); edisc Old English - An enclosure, an enclosed park.",Sandred & Lingstrom; Place-names of Norfolk; A.D. Mills; Dictionary of English Place-Names; E. Ekwall; Dictionary of English Place-Names; Watts; Cambridge Dictionary of English Place-names
Brooke,'Brook'.,"brōc Old English - A brook, a stream.  (Used of a stream with a muddy bed and a visible sediment load.)",Watts; Cambridge Dictionary of English Place-names; E. Ekwall; Dictionary of English Place-Names; Sandred & Lingstrom; Place-names of Norfolk; A.D. Mills; Dictionary of English Place-Names
Broome,'Broom'.,brōm Old English - Broom; a thorny bush or shrub.,A.D. Mills; Dictionary of English Place-Names; E. Ekwall; Dictionary of English Place-Names; Sandred & Lingstrom; Place-names of Norfolk; Watts; Cambridge Dictionary of English Place-names
Broomsthorpe,'Brun's outlying farm/settlement'.,"Personal name (Old Norse) Old Norse - Personal name; þorp Old Norse - A secondary settlement, a dependent outlying farmstead or hamlet.",Sandred & Lingstrom; Place-names of Norfolk; Watts; Cambridge Dictionary of English Place-names; A.D. Mills; Dictionary of English Place-Names; E. Ekwall; Dictionary of English Place-Names
Brumstead,'Broom place'.,"brōm Old English - Broom; a thorny bush or shrub.; stede Old English - A place, a site, a locality; a religious house or foundation; a place of communal activity; a farm, a dairy-farm, an estate.",Sandred & Lingstrom; Place-names of Norfolk; E. Ekwall; Dictionary of English Place-Names; A.D. Mills; Dictionary of English Place-Names; Watts; Cambridge Dictionary of English Place-names
Brundall,"Uncertain. Perhaps, ' at the broomy nook of land'.","brōmig Old English - Broomy, overgrown with broom.; halh Old English - A nook of land; a small valley; dry ground in marsh; a piece of land projecting from, or detached from, the main area of its administrative unit.",Sandred & Lingstrom; Place-names of Norfolk; E. Ekwall; Dictionary of English Place-Names; Watts; Cambridge Dictionary of English Place-names; A.D. Mills; Dictionary of English Place-Names
Buckenham,Uncertain. 'Bucca's homestead/village' or 'bucks' homestead/village'.,"bucca Old English - A he-goat.; hām Old English - A village, a village community, a manor, an estate, a homestead.; hamm Old English - Land hemmed in by water or marsh (perhaps also by high ground); a river-meadow; cultivated plot on the edge of woodland or moor.; Personal name (Old English) Old English - Personal name",Watts; Cambridge Dictionary of English Place-names; Sandred & Lingstrom; Place-names of Norfolk; A.D. Mills; Dictionary of English Place-Names; E. Ekwall; Dictionary of English Place-Names
Buckenham Tofts,"Probably, 'bucks' homestead/village' or perhaps, 'Bucca's homestead/village'.","bucca Old English - A he-goat.; hām Old English - A village, a village community, a manor, an estate, a homestead.; Personal name (Old English) Old English - Personal name; toft Old English - A curtilage, the plot of ground in which a dwelling stands.",A.D. Mills; Dictionary of English Place-Names; E. Ekwall; Dictionary of English Place-Names; Watts; Cambridge Dictionary of English Place-names; Sandred & Lingstrom; Place-names of Norfolk
Bunwell,'Reed spring/stream'.,bune Old English - A reed.; wella Old English,Watts; Cambridge Dictionary of English Place-names; Sandred & Lingstrom; Place-names of Norfolk; A.D. Mills; Dictionary of English Place-Names; E. Ekwall; Dictionary of English Place-Names
Burgh,'Fortification'.,burh Old English - A fortified place.,A.D. Mills; Dictionary of English Place-Names; Sandred & Lingstrom; Place-names of Norfolk; E. Ekwall; Dictionary of English Place-Names; Watts; Cambridge Dictionary of English Place-names
Burgh St. Margaret,'Fortification'. 'St. Margaret ' from the dedication of the church and to distinguish from other Burghs.,burh Old English - A fortified place.; Saint's Name Unknown - Saint's name.,A.D. Mills; Dictionary of English Place-Names; Sandred & Lingstrom; Place-names of Norfolk; Watts; Cambridge Dictionary of English Place-names; E. Ekwall; Dictionary of English Place-Names
Burgh St. Peter,"'Fortification'. Also known as St. Peter's Wheatacre (1254) and Wheatacre Burgh (1515), however, the church of St. Peter no longer exists..",burh Old English - A fortified place.; Saint's Name Unknown - Saint's name.,E. Ekwall; Dictionary of English Place-Names; A.D. Mills; Dictionary of English Place-Names; Sandred & Lingstrom; Place-names of Norfolk; Watts; Cambridge Dictionary of English Place-names
Burlingham,'Homestead/village of *Baerla's/*Byrla's people'. The exact form of the personal name here is uncertain.,-ingahām Old English - The village of the people of . . . ; the village of the people called after . . .; Personal name (Old English) Old English - Personal name; Saint's Name Unknown - Saint's name.,E. Ekwall; Dictionary of English Place-Names; Sandred & Lingstrom; Place-names of Norfolk; A.D. Mills; Dictionary of English Place-Names; Watts; Cambridge Dictionary of English Place-names
Burnham Deepdale,"'Homestead/village on the River Burn' or perhaps, 'hemmed-in land on the River Burn'. 'Deep valley' to distinguish from other Burnhams.","dæl Old English; dēop Old English - Deep.; hām Old English - A village, a village community, a manor, an estate, a homestead.; hamm Old English - Land hemmed in by water or marsh (perhaps also by high ground); a river-meadow; cultivated plot on the edge of woodland or moor.; River-name Unknown - River-name",E. Ekwall; Dictionary of English Place-Names; Watts; Cambridge Dictionary of English Place-names; A.D. Mills; Dictionary of English Place-Names; Sandred & Lingstrom; Place-names of Norfolk
Burnham Norton,"'Homestead/village on the River Burn' or perhaps, 'hemmed-in land on the River Burn'. 'North farm/settlement' to distinguish from other Burnhams.","hām Old English - A village, a village community, a manor, an estate, a homestead.; hamm Old English - Land hemmed in by water or marsh (perhaps also by high ground); a river-meadow; cultivated plot on the edge of woodland or moor.; norð Old English - Northern, north.; River-name Unknown - River-name; tūn Old English - An enclosure; a farmstead; a village; an estate.",A.D. Mills; Dictionary of English Place-Names; Watts; Cambridge Dictionary of English Place-names; Sandred & Lingstrom; Place-names of Norfolk; E. Ekwall; Dictionary of English Place-Names
Burnham Overy,"'Homestead/village on the River Burn' or perhaps, 'hemmed-in land on the River Burn'. 'Over the river' to distinguish from other Burnhams.","ēa Old English - A river.; hām Old English - A village, a village community, a manor, an estate, a homestead.; hamm Old English - Land hemmed in by water or marsh (perhaps also by high ground); a river-meadow; cultivated plot on the edge of woodland or moor.; ōfer Old English - A margin; a river-bank, sea-shore.; River-name Unknown - River-name",E. Ekwall; Dictionary of English Place-Names; Sandred & Lingstrom; Place-names of Norfolk; Watts; Cambridge Dictionary of English Place-names; A.D. Mills; Dictionary of English Place-Names
Burnham Sutton,"'Homestead/village on the River Burn' or perhaps, 'hemmed-in land on the River Burn'. 'South farm/settlement' to distinguish from other Burnhams.","hām Old English - A village, a village community, a manor, an estate, a homestead.; hamm Old English - Land hemmed in by water or marsh (perhaps also by high ground); a river-meadow; cultivated plot on the edge of woodland or moor.; River-name Unknown - River-name; sūð Old English - South, southern.; tūn Old English - An enclosure; a farmstead; a village; an estate.",A.D. Mills; Dictionary of English Place-Names; Watts; Cambridge Dictionary of English Place-names; Sandred & Lingstrom; Place-names of Norfolk; E. Ekwall; Dictionary of English Place-Names
Burnham Thorpe,"'Homestead/village on the River Burn' or perhaps, 'hemmed-in land on the River Burn'. 'Outlying farm/settlement' to distinguish from other Burnhams.","hām Old English - A village, a village community, a manor, an estate, a homestead.; hamm Old English - Land hemmed in by water or marsh (perhaps also by high ground); a river-meadow; cultivated plot on the edge of woodland or moor.; River-name Unknown - River-name; þorp Old Norse - A secondary settlement, a dependent outlying farmstead or hamlet.",Sandred & Lingstrom; Place-names of Norfolk; A.D. Mills; Dictionary of English Place-Names; Watts; Cambridge Dictionary of English Place-names; E. Ekwall; Dictionary of English Place-Names
Burnham Westgate,"'Homestead/village on the River' or perhaps, 'hemmed-in land on the River Burn'. 'Western gate' to distinguish from other Burnhams.","gata Old Norse - A road, a street; a right of way; a right of access to pasture-land; a right of pasturage; an allotment of pasture.; hām Old English - A village, a village community, a manor, an estate, a homestead.; hamm Old English - Land hemmed in by water or marsh (perhaps also by high ground); a river-meadow; cultivated plot on the edge of woodland or moor.; River-name Unknown - River-name; west Old English - Western, west.",Watts; Cambridge Dictionary of English Place-names; E. Ekwall; Dictionary of English Place-Names; A.D. Mills; Dictionary of English Place-Names; Sandred & Lingstrom; Place-names of Norfolk
Burston,'Land-slip farm/settlement'.,"byrst Old English - A burst, a crack in the earth or soil, a landslip.; tūn Old English - An enclosure; a farmstead; a village; an estate.",A.D. Mills; Dictionary of English Place-Names; Watts; Cambridge Dictionary of English Place-names; Sandred & Lingstrom; Place-names of Norfolk; E. Ekwall; Dictionary of English Place-Names
Buxton,"Uncertain. Either, '*Bucc's farm/settlement' or 'bucks' farm/settlement'.","bucc Old English - A buck, a male deer.; Personal name (Old English) Old English - Personal name; tún Old Norse - An enclosure, a farmstead.",Sandred & Lingstrom; Place-names of Norfolk; Watts; Cambridge Dictionary of English Place-names; E. Ekwall; Dictionary of English Place-Names; A.D. Mills; Dictionary of English Place-Names
Bylaugh,"Uncertain. Possibly, 'funeral-pyre enclosure', or with a first element *bel, perhaps meaning 'wood/clearing/island' and not otherwise evidenced in OE.","bēl Old English; bel Old English - Interval, clearing; haga Old English - A hedge; an enclosure; later a messuage, property.",A.D. Mills; Dictionary of English Place-Names; E. Ekwall; Dictionary of English Place-Names; Sandred & Lingstrom; Place-names of Norfolk; Watts; Cambridge Dictionary of English Place-names
Caister next Yarmouth,'Roman site' next to Yarmouth. Also known as Caister on the Sea.,ceaster Old English - A city; an old fortification; a Roman site.; Place-name Unknown - Place-name,Sandred & Lingstrom; Place-names of Norfolk; E. Ekwall; Dictionary of English Place-Names; A.D. Mills; Dictionary of English Place-Names; Watts; Cambridge Dictionary of English Place-names
Caister St. Edmund,'Roman site'. The church is dedicated to St. Edmund.,ceaster Old English - A city; an old fortification; a Roman site.; Saint's Name Unknown - Saint's name.,E. Ekwall; Dictionary of English Place-Names; Sandred & Lingstrom; Place-names of Norfolk; Watts; Cambridge Dictionary of English Place-names; A.D. Mills; Dictionary of English Place-Names
Caldecote,'Cold cottage(s)'.,"cald Old English; cot Old English - A cottage, a hut, a shelter, a den.",A.D. Mills; Dictionary of English Place-Names; Watts; Cambridge Dictionary of English Place-names; Sandred & Lingstrom; Place-names of Norfolk; E. Ekwall; Dictionary of English Place-Names
Calthorpe,'Kali's outlying farm/settlement'.,"Personal name (Old Norse) Old Norse - Personal name; þorp Old Norse - A secondary settlement, a dependent outlying farmstead or hamlet.",E. Ekwall; Dictionary of English Place-Names; A.D. Mills; Dictionary of English Place-Names; Watts; Cambridge Dictionary of English Place-names; Sandred & Lingstrom; Place-names of Norfolk
Cantley,'*Canta's wood/clearing'.,"lēah Old English - A forest, wood, glade, clearing; (later) a pasture, meadow.; Personal name (Old English) Old English - Personal name",Watts; Cambridge Dictionary of English Place-names; Sandred & Lingstrom; Place-names of Norfolk; A.D. Mills; Dictionary of English Place-Names; E. Ekwall; Dictionary of English Place-Names
Carbrooke,"'Brushwood brook'. Alternatively, the specific might be a pre-English name for the brook.","brōc Old English - A brook, a stream.  (Used of a stream with a muddy bed and a visible sediment load.); kjarr Old Norse - Brushwood; a marsh overgrown with brushwood.; River-name Unknown - River-name",Sandred & Lingstrom; Place-names of Norfolk; A.D. Mills; Dictionary of English Place-Names; E. Ekwall; Dictionary of English Place-Names; Watts; Cambridge Dictionary of English Place-names
Carleton Forehoe,"'Free peasants' farm/settlement'. The affix, 'four mounds', is identical to the hundred name (see entry).","fēower Old English - Four.; haugr Old Norse - A natural height, a hill, a heap, an artificial mound, a burial mound.; hugr Old Norse - A mound, a hillock.; karl Old Norse - A freeman of the lower class, a peasant.; tūn Old English - An enclosure; a farmstead; a village; an estate.",A.D. Mills; Dictionary of English Place-Names; Sandred & Lingstrom; Place-names of Norfolk; Watts; Cambridge Dictionary of English Place-names; E. Ekwall; Dictionary of English Place-Names
Carleton Rode,'Free peasants' farm/settlement'. It was held by the de Rode family.,"Family name Unknown - Family name.; karl Old Norse - A freeman of the lower class, a peasant.; tūn Old English - An enclosure; a farmstead; a village; an estate.",Sandred & Lingstrom; Place-names of Norfolk; E. Ekwall; Dictionary of English Place-Names; Watts; Cambridge Dictionary of English Place-names; A.D. Mills; Dictionary of English Place-Names
Carleton St. Peter,'Free peasants' farm/settlement'.,"karl Old Norse - A freeman of the lower class, a peasant.; tūn Old English - An enclosure; a farmstead; a village; an estate.",E. Ekwall; Dictionary of English Place-Names; Sandred & Lingstrom; Place-names of Norfolk; A.D. Mills; Dictionary of English Place-Names; Watts; Cambridge Dictionary of English Place-names
Castle Acre,'Cultivated land'. 'Castle' after the great motte-and-bailey built here and to distinguish from South and West Acre.,æcer Old English - A plot of cultivated land; a measure of land which a yoke of oxen could plough in a day. (Indistinguishable from akr.); castel Old English - A defensive building; a village.,E. Ekwall; Dictionary of English Place-Names; Watts; Cambridge Dictionary of English Place-names; A.D. Mills; Dictionary of English Place-Names; Sandred & Lingstrom; Place-names of Norfolk
Castle Rising,"'*Risa's people' or perhaps, 'Hrsing (= dwellers at the brushwood place)'. 'Castle' is after the Norman castle here.","-ingas Old English - The people of . . . ; the people called after . . .; castel Old English - A defensive building; a village.; hrīs Old English - Shrubs, brushwood.; Personal name (Old English) Old English - Personal name",Watts; Cambridge Dictionary of English Place-names; Sandred & Lingstrom; Place-names of Norfolk; E. Ekwall; Dictionary of English Place-Names; A.D. Mills; Dictionary of English Place-Names
Caston,'*Catt's farm/settlement' or 'Kati's farm/settlement'.,"lēah Old English - A forest, wood, glade, clearing; (later) a pasture, meadow.; Personal name (Old English) Old English - Personal name; Personal name (Old Norse) Old Norse - Personal name",Sandred & Lingstrom; Place-names of Norfolk; A.D. Mills; Dictionary of English Place-Names; Watts; Cambridge Dictionary of English Place-names; E. Ekwall; Dictionary of English Place-Names
Catfield,"Uncertain. 'Kati's open land' or perhaps, less likely, 'wild cat open land'.","catt Old English - A cat, probably both wild and domestic.; feld Old English - Open country, unencumbered ground (eg. land without trees as opposed to forest, level ground as opposed to hills, land without buildings); arable land (from late tenth century).; Personal name (Old Norse) Old Norse - Personal name",Watts; Cambridge Dictionary of English Place-names; E. Ekwall; Dictionary of English Place-Names; A.D. Mills; Dictionary of English Place-Names; Sandred & Lingstrom; Place-names of Norfolk
Catton,'Catta's farm/settlement' or 'Kati's farm/settlement'.,Personal name (Old English) Old English - Personal name; Personal name (Old Norse) Old Norse - Personal name; tūn Old English - An enclosure; a farmstead; a village; an estate.,A.D. Mills; Dictionary of English Place-Names; E. Ekwall; Dictionary of English Place-Names; Sandred & Lingstrom; Place-names of Norfolk; Watts; Cambridge Dictionary of English Place-names
Cawston,'Kalfr's farm/settlement'.,Personal name (Old Norse) Old Norse - Personal name; tūn Old English - An enclosure; a farmstead; a village; an estate.,E. Ekwall; Dictionary of English Place-Names; Watts; Cambridge Dictionary of English Place-names; Sandred & Lingstrom; Place-names of Norfolk; A.D. Mills; Dictionary of English Place-Names
Chedgrave,Uncertain. '*Ceatta's pit' or '*Ceatta's grove'.,"græf Old English - A digging, a grave, a pit, a trench.; grāf Old English - A grove, a copse.; Personal name (Old English) Old English - Personal name",Sandred & Lingstrom; Place-names of Norfolk; Watts; Cambridge Dictionary of English Place-names; A.D. Mills; Dictionary of English Place-Names; E. Ekwall; Dictionary of English Place-Names
Choseley,'Gravelly wood/clearing'.,"cisel Old English - Gravel, shingle.; lēah Old English - A forest, wood, glade, clearing; (later) a pasture, meadow.",Sandred & Lingstrom; Place-names of Norfolk; A.D. Mills; Dictionary of English Place-Names; E. Ekwall; Dictionary of English Place-Names; Watts; Cambridge Dictionary of English Place-names
Clackclose Hundred,'Klakke's/Klakki's pig-sty'. The hundred-meeting place was on the common on Stradsett.,"hlōse Old English - A pig-sty; probably originally a shed, a shelter.; hundred Old English - One hundred; an administrative division of a county.; Personal name (Old Norse) Old Norse - Personal name",Anderson (unspecified work)
Claxton,"Uncertain. 'Clacc's farm/settlement', 'Klakkr's farm/settlmeent' or perhaps, 'hill farm/settlement'.","clacc Old English - A hill, a peak.; Personal name (Old English) Old English - Personal name; Personal name (Old Norse) Old Norse - Personal name; tūn Old English - An enclosure; a farmstead; a village; an estate.",Watts; Cambridge Dictionary of English Place-names; Sandred & Lingstrom; Place-names of Norfolk; E. Ekwall; Dictionary of English Place-Names; A.D. Mills; Dictionary of English Place-Names
Clenchwarton,"Possily, 'hill-dweller's farm/settlement'.",-ware Old English - Dwellers.; clenc Old English - Possibly a hill.; tūn Old English - An enclosure; a farmstead; a village; an estate.,Watts; Cambridge Dictionary of English Place-names; A.D. Mills; Dictionary of English Place-Names; E. Ekwall; Dictionary of English Place-Names; Sandred & Lingstrom; Place-names of Norfolk
Cley next to the Sea,'Clay' by the sea.,"clǣg Old English - Clay, clayey soil.",E. Ekwall; Dictionary of English Place-Names; Watts; Cambridge Dictionary of English Place-names; A.D. Mills; Dictionary of English Place-Names; Sandred & Lingstrom; Place-names of Norfolk
Clippesby,'Klyppr's/*Klippr's farm/settlement'.,"bȳ Old Norse - A farmstead, a village.; Personal name (Old Norse) Old Norse - Personal name",Watts; Cambridge Dictionary of English Place-names; A.D. Mills; Dictionary of English Place-Names; Sandred & Lingstrom; Place-names of Norfolk; E. Ekwall; Dictionary of English Place-Names
Cockley Clay,"'Clay'. 'Cockley' is uncertain. It may be a place-name, 'cock wood-clearing' or a local family name.","clǣg Old English - Clay, clayey soil.; cocc Old English - A heap; a hillock.; Family name Unknown - Family name.; lēah Old English - A forest, wood, glade, clearing; (later) a pasture, meadow.",E. Ekwall; Dictionary of English Place-Names; A.D. Mills; Dictionary of English Place-Names; Sandred & Lingstrom; Place-names of Norfolk; Watts; Cambridge Dictionary of English Place-names
Cockthorpe,"Originally, simply 'outlying farm/settlement' with the later addition of 'cock' or perhaps, 'Coc(c)a'.","cocc Old English - A heap; a hillock.; Personal name (Old English) Old English - Personal name; þorp Old Norse - A secondary settlement, a dependent outlying farmstead or hamlet.",A.D. Mills; Dictionary of English Place-Names; Watts; Cambridge Dictionary of English Place-names; E. Ekwall; Dictionary of English Place-Names; Sandred & Lingstrom; Place-names of Norfolk
Colby,'Kolli's farm/settlement' or 'hill farm/settlement'.,"bȳ Old Norse - A farmstead, a village.; kollr Old Norse - A hill, a top, a summit.; Personal name (Old Norse) Old Norse - Personal name",A.D. Mills; Dictionary of English Place-Names; E. Ekwall; Dictionary of English Place-Names; Sandred & Lingstrom; Place-names of Norfolk; Watts; Cambridge Dictionary of English Place-names
Colkirk,'Cola's church' or 'Koli's church'.,kirkja Old Norse - A church.; Personal name (Old English) Old English - Personal name; Personal name (Old Norse) Old Norse - Personal name,Sandred & Lingstrom; Place-names of Norfolk; A.D. Mills; Dictionary of English Place-Names; E. Ekwall; Dictionary of English Place-Names; Watts; Cambridge Dictionary of English Place-names
Colney,'Cola's island'.,"ēg Old English - An island.  In ancient settlement-names, most frequently refers to dry ground surrounded by marsh.  Also used of islands in modern sense.  In late OE names: well-watered land.; Personal name (Old English) Old English - Personal name",Sandred & Lingstrom; Place-names of Norfolk; Watts; Cambridge Dictionary of English Place-names; E. Ekwall; Dictionary of English Place-Names; A.D. Mills; Dictionary of English Place-Names
Coltishall,"Uncertain. The first element is possibly a personal name, '*Cohhede 's/ *Coccede's nook of land'.","halh Old English - A nook of land; a small valley; dry ground in marsh; a piece of land projecting from, or detached from, the main area of its administrative unit.; Personal name (Old English) Old English - Personal name",E. Ekwall; Dictionary of English Place-Names; Watts; Cambridge Dictionary of English Place-names; A.D. Mills; Dictionary of English Place-Names; Sandred & Lingstrom; Place-names of Norfolk
Colton,'Cola's farm/settlement' or 'Koli's farm/settlement'.,Personal name (Old English) Old English - Personal name; Personal name (Old Norse) Old Norse - Personal name; tūn Old English - An enclosure; a farmstead; a village; an estate.,A.D. Mills; Dictionary of English Place-Names; Watts; Cambridge Dictionary of English Place-names; Sandred & Lingstrom; Place-names of Norfolk; E. Ekwall; Dictionary of English Place-Names
Colveston,'Kolfr's farm/settlement'.,Personal name (Old Norse) Old Norse - Personal name; tūn Old English - An enclosure; a farmstead; a village; an estate.,Watts; Cambridge Dictionary of English Place-names; A.D. Mills; Dictionary of English Place-Names; Sandred & Lingstrom; Place-names of Norfolk; E. Ekwall; Dictionary of English Place-Names
Congham,"Uncertain. Perhaps, 'mound homestead/village' or 'mound hemmed-in land'.","cung Old English - A mound.; hām Old English - A village, a village community, a manor, an estate, a homestead.; hamm Old English - Land hemmed in by water or marsh (perhaps also by high ground); a river-meadow; cultivated plot on the edge of woodland or moor.",Watts; Cambridge Dictionary of English Place-names; Sandred & Lingstrom; Place-names of Norfolk; E. Ekwall; Dictionary of English Place-Names; A.D. Mills; Dictionary of English Place-Names
Corpusty,'Ravens' path' or 'Korpr's path'.,"korpr Old Norse - Raven.; Personal name (Old Norse) Old Norse - Personal name; stīg Old English - A path, a narrow road.  (Especially an ascending path.); stígr Old Norse - A path, a narrow road. (Especially an ascending path.)",Watts; Cambridge Dictionary of English Place-names; Sandred & Lingstrom; Place-names of Norfolk; A.D. Mills; Dictionary of English Place-Names; E. Ekwall; Dictionary of English Place-Names
Costessey,'*Cost's island'.,"ēg Old English - An island.  In ancient settlement-names, most frequently refers to dry ground surrounded by marsh.  Also used of islands in modern sense.  In late OE names: well-watered land.; Personal name (Old English) Old English - Personal name; Personal name (Old Norse) Old Norse - Personal name",A.D. Mills; Dictionary of English Place-Names; Sandred & Lingstrom; Place-names of Norfolk; E. Ekwall; Dictionary of English Place-Names; Watts; Cambridge Dictionary of English Place-names
Coston,'Karr's farm/settlement'.,Personal name (Old Norse) Old Norse - Personal name; tūn Old English - An enclosure; a farmstead; a village; an estate.,A.D. Mills; Dictionary of English Place-Names; Sandred & Lingstrom; Place-names of Norfolk; Watts; Cambridge Dictionary of English Place-names; E. Ekwall; Dictionary of English Place-Names
Cranwich,'Crane/heron marshy meadow'.,cran Old English - A crane; probably also a heron or similar bird.; wisc Old English - A marshy meadow.,A.D. Mills; Dictionary of English Place-Names; Watts; Cambridge Dictionary of English Place-names; Sandred & Lingstrom; Place-names of Norfolk; E. Ekwall; Dictionary of English Place-Names
Cranworth,'Crane/heron enclosure'.,cran Old English - A crane; probably also a heron or similar bird.; worð Old English - An enclosure.,A.D. Mills; Dictionary of English Place-Names; Watts; Cambridge Dictionary of English Place-names; E. Ekwall; Dictionary of English Place-Names; Sandred & Lingstrom; Place-names of Norfolk
Crimplesham,'*Crymple's homestead/village' or '*Crymple's hemmed-in land'.,"hām Old English - A village, a village community, a manor, an estate, a homestead.; hamm Old English - Land hemmed in by water or marsh (perhaps also by high ground); a river-meadow; cultivated plot on the edge of woodland or moor.; Personal name (Old English) Old English - Personal name",A.D. Mills; Dictionary of English Place-Names; Sandred & Lingstrom; Place-names of Norfolk; E. Ekwall; Dictionary of English Place-Names; Watts; Cambridge Dictionary of English Place-names
Cringleford,"Possibly, 'round-hill ford' or another circular or 'twisted' topographical feature.",ford Old English - A ford.; kringla Old Norse - A circle.,E. Ekwall; Dictionary of English Place-Names; A.D. Mills; Dictionary of English Place-Names; Sandred & Lingstrom; Place-names of Norfolk; Watts; Cambridge Dictionary of English Place-names
Cromer,'Crow pond'.,"crāwe Old English - A crow.; mere Old English - A pond, a pool, a lake.",Watts; Cambridge Dictionary of English Place-names; E. Ekwall; Dictionary of English Place-Names; Sandred & Lingstrom; Place-names of Norfolk; A.D. Mills; Dictionary of English Place-Names
Crostwick,'Cross clearing'.,"kross Old Norse - A cross, the Cross.; þveit Old Norse - A clearing, a meadow, a paddock.",E. Ekwall; Dictionary of English Place-Names; Watts; Cambridge Dictionary of English Place-names; A.D. Mills; Dictionary of English Place-Names; Sandred & Lingstrom; Place-names of Norfolk
Crostwight,'Cross clearing'.,"kross Old Norse - A cross, the Cross.; þveit Old Norse - A clearing, a meadow, a paddock.",Watts; Cambridge Dictionary of English Place-names; A.D. Mills; Dictionary of English Place-Names; Sandred & Lingstrom; Place-names of Norfolk; E. Ekwall; Dictionary of English Place-Names
Crownthorpe,'Outlying farm/settlement'. The specific is obscure.,"Obscure element Unknown - Obscure element; þorp Old Norse - A secondary settlement, a dependent outlying farmstead or hamlet.",E. Ekwall; Dictionary of English Place-Names; A.D. Mills; Dictionary of English Place-Names; Watts; Cambridge Dictionary of English Place-names; Sandred & Lingstrom; Place-names of Norfolk
Croxton,"Uncertain. 'Crook farm/settlement' or perhaps, 'Krokr's farm/settlement'.",crōc Old English - A crook.; Personal name (Old Norse) Old Norse - Personal name; tūn Old English - An enclosure; a farmstead; a village; an estate.,Watts; Cambridge Dictionary of English Place-names; E. Ekwall; Dictionary of English Place-Names; A.D. Mills; Dictionary of English Place-Names; Sandred & Lingstrom; Place-names of Norfolk
Denton,'Valley farm/settlement'.,denu Old English - A valley.; tūn Old English - An enclosure; a farmstead; a village; an estate.,E. Ekwall; Dictionary of English Place-Names; Watts; Cambridge Dictionary of English Place-names; Sandred & Lingstrom; Place-names of Norfolk; A.D. Mills; Dictionary of English Place-Names
Denver,"'Dane's passage', probably referring to the Fen Causeway, the portion of the Roman road from Peterborough to Denver which crosses the Nene and Great Ouse fens.",Dene Old English - A Dane.; fær Old English - A (difficult) passage.,Sandred & Lingstrom; Place-names of Norfolk; A.D. Mills; Dictionary of English Place-Names; Watts; Cambridge Dictionary of English Place-names; E. Ekwall; Dictionary of English Place-Names
Deopham,"'Deep homestead/village'. The name may be referring to a deep place in a nearby lake, Sea Mere.","dēope Old English; hām Old English - A village, a village community, a manor, an estate, a homestead.; hamm Old English - Land hemmed in by water or marsh (perhaps also by high ground); a river-meadow; cultivated plot on the edge of woodland or moor.",A.D. Mills; Dictionary of English Place-Names; Watts; Cambridge Dictionary of English Place-names; E. Ekwall; Dictionary of English Place-Names; Sandred & Lingstrom; Place-names of Norfolk
Dersingham,'Homestead/village of Deorsige's people'.,-ingahām Old English - The village of the people of . . . ; the village of the people called after . . .; Personal name (Old English) Old English - Personal name,A.D. Mills; Dictionary of English Place-Names; E. Ekwall; Dictionary of English Place-Names; Watts; Cambridge Dictionary of English Place-names; Sandred & Lingstrom; Place-names of Norfolk
Dickleburgh,"Possibly, '*Dicel's/*Dicla's fortification'. The specific might also be a place-name: *Dic-leah, 'wood/clearing of Diss' or 'ditch wood/clearing'.","burh Old English - A fortified place.; dīc Old English - A ditch, usually an excavated trench, either defensive or for drainage of water.; lēah Old English - A forest, wood, glade, clearing; (later) a pasture, meadow.; Personal name (Old English) Old English - Personal name; Place-name Unknown - Place-name",Watts; Cambridge Dictionary of English Place-names; A.D. Mills; Dictionary of English Place-Names; E. Ekwall; Dictionary of English Place-Names; Sandred & Lingstrom; Place-names of Norfolk
Didlington,"Possibly, 'farm/settlement of Duddel's people' or perhaps, 'farm/settlement connected with Duddel'.","-ing- Old English - Connective particle, linking a first element to a final element.; -ingas Old English - The people of . . . ; the people called after . . .; Personal name (Old English) Old English - Personal name; tūn Old English - An enclosure; a farmstead; a village; an estate.",Sandred & Lingstrom; Place-names of Norfolk; E. Ekwall; Dictionary of English Place-Names; A.D. Mills; Dictionary of English Place-Names; Watts; Cambridge Dictionary of English Place-names
Dilham,'Dill homestead/village' or 'hemmed-in land where dill grows'.,"dile Old English - Dill.; hām Old English - A village, a village community, a manor, an estate, a homestead.; hamm Old English - Land hemmed in by water or marsh (perhaps also by high ground); a river-meadow; cultivated plot on the edge of woodland or moor.",E. Ekwall; Dictionary of English Place-Names; A.D. Mills; Dictionary of English Place-Names; Watts; Cambridge Dictionary of English Place-names; Sandred & Lingstrom; Place-names of Norfolk
Diss,'Ditch'. The meeting-place of the half-hundred is unknown.,"dīc Old English - A ditch, usually an excavated trench, either defensive or for drainage of water.; hundred Old English - One hundred; an administrative division of a county.",A.D. Mills; Dictionary of English Place-Names; Anderson (unspecified work); E. Ekwall; Dictionary of English Place-Names; Sandred & Lingstrom; Place-names of Norfolk; Watts; Cambridge Dictionary of English Place-names
Ditchingham,"Uncertain. 'Homestead/village of the Dicingas (= the dwellers at the ditch)' or perhaps, 'homestead/village of *Dic(c)a's people'.","-ingas Old English - The people of . . . ; the people called after . . .; dīc Old English - A ditch, usually an excavated trench, either defensive or for drainage of water.; hām Old English - A village, a village community, a manor, an estate, a homestead.; Personal name (Old English) Old English - Personal name",A.D. Mills; Dictionary of English Place-Names; Watts; Cambridge Dictionary of English Place-names; Sandred & Lingstrom; Place-names of Norfolk; E. Ekwall; Dictionary of English Place-Names
Docking,"'Dock/water-lily place'. In Domesday, the eastern portion of Smithdon hundred was a separate hundred called after Docking.","-ing Old English - Place-name forming suffix.; docce Old English - A dock, possibly also a water-lily.; hundred Old English - One hundred; an administrative division of a county.",E. Ekwall; Dictionary of English Place-Names; Anderson (unspecified work); Watts; Cambridge Dictionary of English Place-names; Sandred & Lingstrom; Place-names of Norfolk; A.D. Mills; Dictionary of English Place-Names
Downham Market,'Hill homestead/village' with a market. It is situated on a terrace overlooking the Great Ouse.,"dūn Old English - A hill.; hām Old English - A village, a village community, a manor, an estate, a homestead.; market Old English - A market, a market-place.",Sandred & Lingstrom; Place-names of Norfolk; E. Ekwall; Dictionary of English Place-Names; Watts; Cambridge Dictionary of English Place-names; A.D. Mills; Dictionary of English Place-Names
Drayton,'Portage farm/settlement' or 'dragging-place farm/settlement'.,"dræg Old English - A drag, a portage, a slip-way; a dray, a sled.; tūn Old English - An enclosure; a farmstead; a village; an estate.",E. Ekwall; Dictionary of English Place-Names; A.D. Mills; Dictionary of English Place-Names; Watts; Cambridge Dictionary of English Place-names; Sandred & Lingstrom; Place-names of Norfolk
Dunston,'Dun(n)(i)'s farm/settlement'.,Personal name (Old English) Old English - Personal name; tūn Old English - An enclosure; a farmstead; a village; an estate.,Sandred & Lingstrom; Place-names of Norfolk; Watts; Cambridge Dictionary of English Place-names; E. Ekwall; Dictionary of English Place-Names; A.D. Mills; Dictionary of English Place-Names
Dunton cum Doughton,'Hill farm/settlement'. 'Duck farm/settlement'.,dūce Old English - A duck.; dūn Old English - A hill.; tūn Old English - An enclosure; a farmstead; a village; an estate.,Watts; Cambridge Dictionary of English Place-names; E. Ekwall; Dictionary of English Place-Names; Sandred & Lingstrom; Place-names of Norfolk; A.D. Mills; Dictionary of English Place-Names
Earsham,"Uncertain. 'Eanhere's homestead/village' or possibly, 'earl's homestead/village' or 'rounded-hill homestead/village'. The half-hundred takes its name from Earsham, but the exact location of the meeting-place is unknown.","ears Old English - A buttock; a rounded hill.; eorl Old English - A hero, a nobleman; (later) a high-ranking officer of state.; hām Old English - A village, a village community, a manor, an estate, a homestead.; hamm Old English - Land hemmed in by water or marsh (perhaps also by high ground); a river-meadow; cultivated plot on the edge of woodland or moor.; hundred Old English - One hundred; an administrative division of a county.; Personal name (Old English) Old English - Personal name",Watts; Cambridge Dictionary of English Place-names; Sandred & Lingstrom; Place-names of Norfolk; A.D. Mills; Dictionary of English Place-Names; Anderson (unspecified work); E. Ekwall; Dictionary of English Place-Names
East and West Somerton,'Summer farm/settlement'.,sumor Old English - Summer.; tūn Old English - An enclosure; a farmstead; a village; an estate.,E. Ekwall; Dictionary of English Place-Names; A.D. Mills; Dictionary of English Place-Names; Watts; Cambridge Dictionary of English Place-names; Sandred & Lingstrom; Place-names of Norfolk
East and West Wretham,'Crosswort/hellebore homestead/village' or 'hemmed-in land where crosswort/hellebore grows'.,"hām Old English - A village, a village community, a manor, an estate, a homestead.; hamm Old English - Land hemmed in by water or marsh (perhaps also by high ground); a river-meadow; cultivated plot on the edge of woodland or moor.; wrætt Old English - Probably crosswort, hellebore.",E. Ekwall; Dictionary of English Place-Names; Watts; Cambridge Dictionary of English Place-names; Sandred & Lingstrom; Place-names of Norfolk; A.D. Mills; Dictionary of English Place-Names
East Beckham,"'Becca's homestead/village' or perhaps, 'Becca's hemmed-in land'. 'East' to distinguish from West Beckham.","hām Old English - A village, a village community, a manor, an estate, a homestead.; hamm Old English - Land hemmed in by water or marsh (perhaps also by high ground); a river-meadow; cultivated plot on the edge of woodland or moor.; Personal name (Old English) Old English - Personal name",E. Ekwall; Dictionary of English Place-Names; A.D. Mills; Dictionary of English Place-Names; Watts; Cambridge Dictionary of English Place-names; Sandred & Lingstrom; Place-names of Norfolk
East Bilney,'Bil(l)a's island'.,"ēg Old English - An island.  In ancient settlement-names, most frequently refers to dry ground surrounded by marsh.  Also used of islands in modern sense.  In late OE names: well-watered land.; Personal name (Old English) Old English - Personal name",A.D. Mills; Dictionary of English Place-Names; E. Ekwall; Dictionary of English Place-Names; Sandred & Lingstrom; Place-names of Norfolk; Watts; Cambridge Dictionary of English Place-names
East Bradenham,'Broad homestead/village' or broad hemmed-in land'.,"brād Old English - Broad, spacious, wide, large.; hām Old English - A village, a village community, a manor, an estate, a homestead.; hamm Old English - Land hemmed in by water or marsh (perhaps also by high ground); a river-meadow; cultivated plot on the edge of woodland or moor.",E. Ekwall; Dictionary of English Place-Names; Watts; Cambridge Dictionary of English Place-names; Sandred & Lingstrom; Place-names of Norfolk; A.D. Mills; Dictionary of English Place-Names
East Carleton,'Free peasants' farm/settlement'.,"karl Old Norse - A freeman of the lower class, a peasant.; tūn Old English - An enclosure; a farmstead; a village; an estate.",Sandred & Lingstrom; Place-names of Norfolk; A.D. Mills; Dictionary of English Place-Names; Watts; Cambridge Dictionary of English Place-names; E. Ekwall; Dictionary of English Place-Names
East Dereham,'Wild animal homestead/village' or 'hemmed-in land where there are wild animals'.,"dēor Old English - An animal, a beast.; hām Old English - A village, a village community, a manor, an estate, a homestead.; hamm Old English - Land hemmed in by water or marsh (perhaps also by high ground); a river-meadow; cultivated plot on the edge of woodland or moor.",E. Ekwall; Dictionary of English Place-Names; Sandred & Lingstrom; Place-names of Norfolk; A.D. Mills; Dictionary of English Place-Names; Watts; Cambridge Dictionary of English Place-names
East Harling,"'*Herela's people' or perhaps, '*Herela's place'.",-ing Old English - Place-name forming suffix.; -ingas Old English - The people of . . . ; the people called after . . .; Personal name (Old English) Old English - Personal name,Watts; Cambridge Dictionary of English Place-names; A.D. Mills; Dictionary of English Place-Names; Sandred & Lingstrom; Place-names of Norfolk; E. Ekwall; Dictionary of English Place-Names
East Lexham,"Literally, 'leech homestead/village', but probably in the sense of 'physician'.","hām Old English - A village, a village community, a manor, an estate, a homestead.; lǣce Old English - A physician.",A.D. Mills; Dictionary of English Place-Names; E. Ekwall; Dictionary of English Place-Names; Watts; Cambridge Dictionary of English Place-names; Sandred & Lingstrom; Place-names of Norfolk
East Ruston,'Brushwood farm/settlement'.,"hrīs Old English - Shrubs, brushwood.; tūn Old English - An enclosure; a farmstead; a village; an estate.",E. Ekwall; Dictionary of English Place-Names; Watts; Cambridge Dictionary of English Place-names; A.D. Mills; Dictionary of English Place-Names; Sandred & Lingstrom; Place-names of Norfolk
East Tuddenham,'Tuda's homestead/village'.,"hām Old English - A village, a village community, a manor, an estate, a homestead.; Personal name (Old English) Old English - Personal name",Watts; Cambridge Dictionary of English Place-names; E. Ekwall; Dictionary of English Place-Names; A.D. Mills; Dictionary of English Place-Names; Sandred & Lingstrom; Place-names of Norfolk
East Walton,'Wall farm/settlement'. There is a Roman sea-wall here. 'East' to distinguish from West Walton.,tūn Old English - An enclosure; a farmstead; a village; an estate.; wall Old English,Watts; Cambridge Dictionary of English Place-names; A.D. Mills; Dictionary of English Place-Names; E. Ekwall; Dictionary of English Place-Names; Sandred & Lingstrom; Place-names of Norfolk
East Winch,'Pasture (specialised) farm'. 'East' to distinguish from West Winch.,"wīc Old English - A dwelling; a building or collection of buildings for special purposes; a farm, a dairy farm; a trading or industrial settlement; or (in the plural) a hamlet, village.; winn Old English - A pasture.",Watts; Cambridge Dictionary of English Place-names; A.D. Mills; Dictionary of English Place-Names; Sandred & Lingstrom; Place-names of Norfolk; E. Ekwall; Dictionary of English Place-Names
Easton,'East farm/settlement'.,"ēast Old English - Eastern, east.; tūn Old English - An enclosure; a farmstead; a village; an estate.",E. Ekwall; Dictionary of English Place-Names; Watts; Cambridge Dictionary of English Place-names; A.D. Mills; Dictionary of English Place-Names; Sandred & Lingstrom; Place-names of Norfolk
Eccles,'Church'.,eclẹ̄si̥ā Celtic,Sandred & Lingstrom; Place-names of Norfolk; E. Ekwall; Dictionary of English Place-Names; Watts; Cambridge Dictionary of English Place-names; A.D. Mills; Dictionary of English Place-Names
Edgefield,'Park open land'.,"edisc Old English - An enclosure, an enclosed park.; feld Old English - Open country, unencumbered ground (eg. land without trees as opposed to forest, level ground as opposed to hills, land without buildings); arable land (from late tenth century).",A.D. Mills; Dictionary of English Place-Names; Sandred & Lingstrom; Place-names of Norfolk; E. Ekwall; Dictionary of English Place-Names; Watts; Cambridge Dictionary of English Place-names
Edingthorpe,"'Eadgyth's outlying farm/settlement', a feminine personal name. Spellings show confusion with another feminine personal name, Eadgifu.","Personal name (Old English) Old English - Personal name; þorp Old Norse - A secondary settlement, a dependent outlying farmstead or hamlet.",A.D. Mills; Dictionary of English Place-Names; Sandred & Lingstrom; Place-names of Norfolk; E. Ekwall; Dictionary of English Place-Names; Watts; Cambridge Dictionary of English Place-names
Egmere,"Uncertain. 'Ecga's pool' or perhaps, 'Ecga's boundary'.","mǣre Old English - A boundary, a border; (in field names) the balk of a ploughland.; mere Old English - A pond, a pool, a lake.; Personal name (Old English) Old English - Personal name",A.D. Mills; Dictionary of English Place-Names; Watts; Cambridge Dictionary of English Place-names; Sandred & Lingstrom; Place-names of Norfolk; E. Ekwall; Dictionary of English Place-Names
Ellingham,"Uncertain. Possibly, 'homestead/village at Elling (= eel place or Ella's place)' or perhaps, less likely, 'homestead/village of Ella's people'.","-ing Old English - Place-name forming suffix.; -ingas Old English - The people of . . . ; the people called after . . .; ēl Old English; hām Old English - A village, a village community, a manor, an estate, a homestead.; hamm Old English - Land hemmed in by water or marsh (perhaps also by high ground); a river-meadow; cultivated plot on the edge of woodland or moor.; Personal name (Old English) Old English - Personal name",Sandred & Lingstrom; Place-names of Norfolk; Watts; Cambridge Dictionary of English Place-names; A.D. Mills; Dictionary of English Place-Names; E. Ekwall; Dictionary of English Place-Names
Elsing,'Elesa's people'.,-ingas Old English - The people of . . . ; the people called after . . .; Personal name (Old English) Old English - Personal name,A.D. Mills; Dictionary of English Place-Names; Watts; Cambridge Dictionary of English Place-names; E. Ekwall; Dictionary of English Place-Names; Sandred & Lingstrom; Place-names of Norfolk
Emneth,"Uncertain. 'Eana's confluence' or perhaps, 'Eana's meadow'. Alternatively, 'Aemene's landing-place', a lost river-name.","hȳð Old English - A landing place on a river; an inland port.; mǣð Old English - Mowing, the cutting of grass or corn.; mȳðe Old English - The mouth of a river where it runs into another; a confluence of rivers.; Personal name (Old English) Old English - Personal name; River-name Unknown - River-name",Sandred & Lingstrom; Place-names of Norfolk; Watts; Cambridge Dictionary of English Place-names; E. Ekwall; Dictionary of English Place-Names; A.D. Mills; Dictionary of English Place-Names
Erpingham,'Homestead/village of *Eorp's people'.,-ingahām Old English - The village of the people of . . . ; the village of the people called after . . .; Personal name (Old English) Old English - Personal name,A.D. Mills; Dictionary of English Place-Names; Sandred & Lingstrom; Place-names of Norfolk; E. Ekwall; Dictionary of English Place-Names; Watts; Cambridge Dictionary of English Place-names
Fakenham,'*Fac(c)a's homestead' or '*Fac(c)a's hemmed-in land'.,"hām Old English - A village, a village community, a manor, an estate, a homestead.; hamm Old English - Land hemmed in by water or marsh (perhaps also by high ground); a river-meadow; cultivated plot on the edge of woodland or moor.; Personal name (Old English) Old English - Personal name",Watts; Cambridge Dictionary of English Place-names; A.D. Mills; Dictionary of English Place-Names; Sandred & Lingstrom; Place-names of Norfolk; E. Ekwall; Dictionary of English Place-Names
Felbrigg,'Plank bridge'.,"brycg Old English - A bridge; a causeway.; fjǫl Old Norse - A board, a plank.",Sandred & Lingstrom; Place-names of Norfolk; Watts; Cambridge Dictionary of English Place-names; A.D. Mills; Dictionary of English Place-Names; E. Ekwall; Dictionary of English Place-Names
Felmingham,"Probably, 'homestead/village connected with *Fe(o)lma', but perhaps, 'homestead/village of *Fe(o)lma's people'.","-ing- Old English - Connective particle, linking a first element to a final element.; -ingas Old English - The people of . . . ; the people called after . . .; hām Old English - A village, a village community, a manor, an estate, a homestead.; Personal name (Old English) Old English - Personal name",E. Ekwall; Dictionary of English Place-Names; Watts; Cambridge Dictionary of English Place-names; Sandred & Lingstrom; Place-names of Norfolk; A.D. Mills; Dictionary of English Place-Names
Felthorpe,'*Faela's outlying farm/settlement'.,"Personal name (Old English) Old English - Personal name; þorp Old Norse - A secondary settlement, a dependent outlying farmstead or hamlet.",Watts; Cambridge Dictionary of English Place-names; Sandred & Lingstrom; Place-names of Norfolk; E. Ekwall; Dictionary of English Place-Names; A.D. Mills; Dictionary of English Place-Names
Feltwell,The generic is 'spring/stream'. The specific is a plant-name only found in compounds perhaps meaning 'wild marjoram' or 'mullein'.,"felte Old English - A plant-name, recorded only in compounds.; wella Old English",E. Ekwall; Dictionary of English Place-Names; Watts; Cambridge Dictionary of English Place-names; A.D. Mills; Dictionary of English Place-Names; Sandred & Lingstrom; Place-names of Norfolk
Feltwell Anchor,The name of the inn here.,Place-name Unknown - Place-name,Watts; Cambridge Dictionary of English Place-names; A.D. Mills; Dictionary of English Place-Names; Sandred & Lingstrom; Place-names of Norfolk; E. Ekwall; Dictionary of English Place-Names
Fersfield,"Either, 'open land where heifers are kept' or 'furze open land'.","feld Old English - Open country, unencumbered ground (eg. land without trees as opposed to forest, level ground as opposed to hills, land without buildings); arable land (from late tenth century).; fers Old English - Furze.; fyrs Old English - Furze.",A.D. Mills; Dictionary of English Place-Names; Sandred & Lingstrom; Place-names of Norfolk; Watts; Cambridge Dictionary of English Place-names; E. Ekwall; Dictionary of English Place-Names
Field Dalling,'Dalla's people'. 'Field' to distinguish from Wood Dalling.,"-ingas Old English - The people of . . . ; the people called after . . .; feld Old English - Open country, unencumbered ground (eg. land without trees as opposed to forest, level ground as opposed to hills, land without buildings); arable land (from late tenth century).; Personal name (Old English) Old English - Personal name",Sandred & Lingstrom; Place-names of Norfolk; A.D. Mills; Dictionary of English Place-Names; E. Ekwall; Dictionary of English Place-Names; Watts; Cambridge Dictionary of English Place-names
Filby,'*Fili's farm/settlement' or 'Fila's farm/settlement'.,"bȳ Old Norse - A farmstead, a village.; Personal name (Old English) Old English - Personal name; Personal name (Old Norse) Old Norse - Personal name",Watts; Cambridge Dictionary of English Place-names; E. Ekwall; Dictionary of English Place-Names; Sandred & Lingstrom; Place-names of Norfolk; A.D. Mills; Dictionary of English Place-Names
Fincham,'Finch homestead/settlement' or 'hemmed-in land with finches'.,"finc Old English - A finch.; hām Old English - A village, a village community, a manor, an estate, a homestead.; hamm Old English - Land hemmed in by water or marsh (perhaps also by high ground); a river-meadow; cultivated plot on the edge of woodland or moor.",Sandred & Lingstrom; Place-names of Norfolk; Watts; Cambridge Dictionary of English Place-names; E. Ekwall; Dictionary of English Place-Names; A.D. Mills; Dictionary of English Place-Names
Flitcham with Appleton,'Flitch homestead/village'. 'Apple-tree farm/settlement'.,"æppel Old English; flicce Old English - A flitch, a side of bacon.; hām Old English - A village, a village community, a manor, an estate, a homestead.; hamm Old English - Land hemmed in by water or marsh (perhaps also by high ground); a river-meadow; cultivated plot on the edge of woodland or moor.; tūn Old English - An enclosure; a farmstead; a village; an estate.",Sandred & Lingstrom; Place-names of Norfolk; A.D. Mills; Dictionary of English Place-Names; E. Ekwall; Dictionary of English Place-Names; Watts; Cambridge Dictionary of English Place-names
Flordon,'Floor/pavement hill'. The significance of the specific is uncertain. There are suggestions that it may have referred to a Roman mosaic floor or pavement.,dūn Old English - A hill.; flōre Old English - A floor.,A.D. Mills; Dictionary of English Place-Names; Watts; Cambridge Dictionary of English Place-names; Sandred & Lingstrom; Place-names of Norfolk; E. Ekwall; Dictionary of English Place-Names
Fordham,'Ford homestead/village' or 'hemmed-in land near a ford'.,"ford Old English - A ford.; hām Old English - A village, a village community, a manor, an estate, a homestead.; hamm Old English - Land hemmed in by water or marsh (perhaps also by high ground); a river-meadow; cultivated plot on the edge of woodland or moor.",Sandred & Lingstrom; Place-names of Norfolk; E. Ekwall; Dictionary of English Place-Names; Watts; Cambridge Dictionary of English Place-names; A.D. Mills; Dictionary of English Place-Names
Forehoe Hundred,'Four mounds/hills'. The hundred takes its name from 4 mounds or tumuli south of the Hingham-Norwich road where the hundred met. The name of the hundred is found as an affix in Carleton Forehoe.,"fēower Old English - Four.; haugr Old Norse - A natural height, a hill, a heap, an artificial mound, a burial mound.; hugr Old Norse - A mound, a hillock.; hundred Old English - One hundred; an administrative division of a county.",Anderson (unspecified work)
Forncett,'Forni's dwelling/fold'.,"Personal name (Old Norse) Old Norse - Personal name; set Old English - A dwelling, a camp, a place for animals, a stable, a fold.",E. Ekwall; Dictionary of English Place-Names; A.D. Mills; Dictionary of English Place-Names; Watts; Cambridge Dictionary of English Place-names; Sandred & Lingstrom; Place-names of Norfolk
Foulden,'Bird hill'.,dūn Old English - A hill.; fugol Old English - A bird (in a general sense); probably also a domestic bird.,A.D. Mills; Dictionary of English Place-Names; Sandred & Lingstrom; Place-names of Norfolk; Watts; Cambridge Dictionary of English Place-names; E. Ekwall; Dictionary of English Place-Names
Foulsham,"'Fugol's homestead/village' or perhaps, 'Fugol's hemmed-in land'.","hām Old English - A village, a village community, a manor, an estate, a homestead.; hamm Old English - Land hemmed in by water or marsh (perhaps also by high ground); a river-meadow; cultivated plot on the edge of woodland or moor.; Personal name (Old English) Old English - Personal name",Watts; Cambridge Dictionary of English Place-names; Sandred & Lingstrom; Place-names of Norfolk; A.D. Mills; Dictionary of English Place-Names; E. Ekwall; Dictionary of English Place-Names
Foxley,'Fox wood/clearing'.,"fox Old English - A fox.; lēah Old English - A forest, wood, glade, clearing; (later) a pasture, meadow.",Watts; Cambridge Dictionary of English Place-names; E. Ekwall; Dictionary of English Place-Names; A.D. Mills; Dictionary of English Place-Names; Sandred & Lingstrom; Place-names of Norfolk
Framingham Earl,'Homestead/village of Fram's people'. It was held by the Earl of Norfolk.,"-ingahām Old English - The village of the people of . . . ; the village of the people called after . . .; comes Latin - A fellow-traveler, a companion or attendant.  Used of an earl.; Personal name (Old English) Old English - Personal name",Watts; Cambridge Dictionary of English Place-names; E. Ekwall; Dictionary of English Place-Names; Sandred & Lingstrom; Place-names of Norfolk; A.D. Mills; Dictionary of English Place-Names
Framingham Pigot,'Homestead/village of Fram's people'. It was held by the Picot family in the 13th century.,-ingahām Old English - The village of the people of . . . ; the village of the people called after . . .; Family name Unknown - Family name.; Personal name (Old English) Old English - Personal name,A.D. Mills; Dictionary of English Place-Names; E. Ekwall; Dictionary of English Place-Names; Watts; Cambridge Dictionary of English Place-names; Sandred & Lingstrom; Place-names of Norfolk
Freethorpe,"'Fraethi's outlying farm/settlement' or perhaps, 'refuge outlying farm/settlement', ie., a place offering protection or refuge.","frið Old English - Refuge, protection.; Personal name (Old Norse) Old Norse - Personal name; þorp Old Norse - A secondary settlement, a dependent outlying farmstead or hamlet.",Sandred & Lingstrom; Place-names of Norfolk; A.D. Mills; Dictionary of English Place-Names; Watts; Cambridge Dictionary of English Place-names; E. Ekwall; Dictionary of English Place-Names
Frettenham,'*Fraeta's homestead/village'.,"hām Old English - A village, a village community, a manor, an estate, a homestead.; Personal name (Old English) Old English - Personal name",Sandred & Lingstrom; Place-names of Norfolk; Watts; Cambridge Dictionary of English Place-names; E. Ekwall; Dictionary of English Place-Names; A.D. Mills; Dictionary of English Place-Names
Fring,'*Frea's place'.,-ingas Old English - The people of . . . ; the people called after . . .; Personal name (Old English) Old English - Personal name,A.D. Mills; Dictionary of English Place-Names; Sandred & Lingstrom; Place-names of Norfolk; Watts; Cambridge Dictionary of English Place-names; E. Ekwall; Dictionary of English Place-Names
Fritton,"'Frithi's settlement', or perhaps, 'refuge farm/settlement', ie., providing proctection or refuge.","frið Old English - Refuge, protection.; Personal name (Old Norse) Old Norse - Personal name; tūn Old English - An enclosure; a farmstead; a village; an estate.",E. Ekwall; Dictionary of English Place-Names; Sandred & Lingstrom; Place-names of Norfolk; Watts; Cambridge Dictionary of English Place-names; A.D. Mills; Dictionary of English Place-Names
Fulmodeston cum Croxton,"'Fulcmod's farm/settlement'. 'Crook farm/settlement' or perhaps, 'Krok's farm/settlement'.",crōc Old English - A crook.; Personal name (Old Norse) Old Norse - Personal name; Personal name (Uncertain) Unknown - Personal name; tūn Old English - An enclosure; a farmstead; a village; an estate.,Sandred & Lingstrom; Place-names of Norfolk; A.D. Mills; Dictionary of English Place-Names; E. Ekwall; Dictionary of English Place-Names; Watts; Cambridge Dictionary of English Place-names
Fundenhall,'*Funda's nook of land'.,"halh Old English - A nook of land; a small valley; dry ground in marsh; a piece of land projecting from, or detached from, the main area of its administrative unit.; Personal name (Old English) Old English - Personal name",E. Ekwall; Dictionary of English Place-Names; A.D. Mills; Dictionary of English Place-Names; Sandred & Lingstrom; Place-names of Norfolk; Watts; Cambridge Dictionary of English Place-names
Garboldisham,'*Gaerbald's homestead/village'.,"hām Old English - A village, a village community, a manor, an estate, a homestead.; Personal name (Old English) Old English - Personal name",E. Ekwall; Dictionary of English Place-Names; Watts; Cambridge Dictionary of English Place-names; A.D. Mills; Dictionary of English Place-Names; Sandred & Lingstrom; Place-names of Norfolk
Garveston,"Either, 'Geirulfr's farm/settlement' or 'Gairulf's farm/settlement', an OG personal name.",Personal name (Old Norse) Old Norse - Personal name; Personal name (Uncertain) Unknown - Personal name; tūn Old English - An enclosure; a farmstead; a village; an estate.,Sandred & Lingstrom; Place-names of Norfolk; E. Ekwall; Dictionary of English Place-Names; Watts; Cambridge Dictionary of English Place-names; A.D. Mills; Dictionary of English Place-Names
Gateley,'Goat wood/clearing'.,"gāt Old English - A goat.; lēah Old English - A forest, wood, glade, clearing; (later) a pasture, meadow.",Watts; Cambridge Dictionary of English Place-names; E. Ekwall; Dictionary of English Place-Names; A.D. Mills; Dictionary of English Place-Names; Sandred & Lingstrom; Place-names of Norfolk
Gayton,"'Goat farm/settlement' or perhaps, 'Gaega's farm/settlement'.","geit Old Norse - A goat.; Personal name (Old English) Old English - Personal name; tún Old Norse - An enclosure, a farmstead.",A.D. Mills; Dictionary of English Place-Names; Sandred & Lingstrom; Place-names of Norfolk; E. Ekwall; Dictionary of English Place-Names; Watts; Cambridge Dictionary of English Place-names
Gayton Thorpe,'Gayton's outlying farm/settlement'.,"Place-name Unknown - Place-name; þorp Old Norse - A secondary settlement, a dependent outlying farmstead or hamlet.",Sandred & Lingstrom; Place-names of Norfolk; A.D. Mills; Dictionary of English Place-Names; E. Ekwall; Dictionary of English Place-Names; Watts; Cambridge Dictionary of English Place-names
Gaywood,'*Gaega's wood'.,"Personal name (Old English) Old English - Personal name; wudu Old English - A wood; or wood, timber.",E. Ekwall; Dictionary of English Place-Names; Watts; Cambridge Dictionary of English Place-names; Sandred & Lingstrom; Place-names of Norfolk; A.D. Mills; Dictionary of English Place-Names
Geldeston,'*Gyldi's farm/settlement'.,Personal name (Old English) Old English - Personal name; tūn Old English - An enclosure; a farmstead; a village; an estate.,Sandred & Lingstrom; Place-names of Norfolk; A.D. Mills; Dictionary of English Place-Names; E. Ekwall; Dictionary of English Place-Names; Watts; Cambridge Dictionary of English Place-names
Gillingham,'Homestead/village *Gylla's/*Gythla's people'.,-ingahām Old English - The village of the people of . . . ; the village of the people called after . . .; Personal name (Old English) Old English - Personal name,E. Ekwall; Dictionary of English Place-Names; Watts; Cambridge Dictionary of English Place-names; A.D. Mills; Dictionary of English Place-Names; Sandred & Lingstrom; Place-names of Norfolk
Gimingham,'Homestead/village of *Gymi's/*Gymma's people'.,-ingahām Old English - The village of the people of . . . ; the village of the people called after . . .; Personal name (Old English) Old English - Personal name,E. Ekwall; Dictionary of English Place-Names; Watts; Cambridge Dictionary of English Place-names; Sandred & Lingstrom; Place-names of Norfolk; A.D. Mills; Dictionary of English Place-Names
Gissing,'*Gyssa's/*Gyssi's people'.,-ingas Old English - The people of . . . ; the people called after . . .; Personal name (Old English) Old English - Personal name,E. Ekwall; Dictionary of English Place-Names; A.D. Mills; Dictionary of English Place-Names; Watts; Cambridge Dictionary of English Place-names; Sandred & Lingstrom; Place-names of Norfolk
Glandford with Bayfield,"'Revelry ford', suggesting that games or sports were held here. 'Baega's open land'.","feld Old English - Open country, unencumbered ground (eg. land without trees as opposed to forest, level ground as opposed to hills, land without buildings); arable land (from late tenth century).; ford Old English - A ford.; glēam Old English - Revelry, joy.; Personal name (Old English) Old English - Personal name",E. Ekwall; Dictionary of English Place-Names; Watts; Cambridge Dictionary of English Place-names; A.D. Mills; Dictionary of English Place-Names; Sandred & Lingstrom; Place-names of Norfolk
Gooderstone,'Guthere's farm/settlement'.,Personal name (Old English) Old English - Personal name; tūn Old English - An enclosure; a farmstead; a village; an estate.,A.D. Mills; Dictionary of English Place-Names; E. Ekwall; Dictionary of English Place-Names; Sandred & Lingstrom; Place-names of Norfolk; Watts; Cambridge Dictionary of English Place-names
Gorleston,Perhaps '*Gurl's farm/settlement'.,Personal name (Old English) Old English - Personal name; tūn Old English - An enclosure; a farmstead; a village; an estate.,A.D. Mills; Dictionary of English Place-Names; Watts; Cambridge Dictionary of English Place-names; E. Ekwall; Dictionary of English Place-Names
Great and Little Cressingham,"Uncertain. 'Homestead/village of *Cressa's people', or perhaps, 'cress homestead/village'.","-ingas Old English - The people of . . . ; the people called after . . .; cærsing Old English - A place where cress grows, a cress-bed.; hām Old English - A village, a village community, a manor, an estate, a homestead.; hamm Old English - Land hemmed in by water or marsh (perhaps also by high ground); a river-meadow; cultivated plot on the edge of woodland or moor.; Personal name (Old English) Old English - Personal name",Watts; Cambridge Dictionary of English Place-names; A.D. Mills; Dictionary of English Place-Names; Sandred & Lingstrom; Place-names of Norfolk; E. Ekwall; Dictionary of English Place-Names
Great and Little Dunham,'Hill homestead/village'.,"dūn Old English - A hill.; hām Old English - A village, a village community, a manor, an estate, a homestead.; magna Latin - Big, great.; parva Latin - Small.",Watts; Cambridge Dictionary of English Place-names; Sandred & Lingstrom; Place-names of Norfolk; A.D. Mills; Dictionary of English Place-Names; E. Ekwall; Dictionary of English Place-Names
Great and Little Plumstead,"'Plum-tree place', probably in the sense of a copse . 'Great' to distinguish from Little Plumstead.","magna Latin - Big, great.; parva Latin - Small.; plūme Old English - A plum; a plum-tree.; stede Old English - A place, a site, a locality; a religious house or foundation; a place of communal activity; a farm, a dairy-farm, an estate.",E. Ekwall; Dictionary of English Place-Names; A.D. Mills; Dictionary of English Place-Names; Watts; Cambridge Dictionary of English Place-names; Sandred & Lingstrom; Place-names of Norfolk
Great and Little Ryburgh,'Rye fortification'.,"burh Old English - A fortified place.; magna Latin - Big, great.; parva Latin - Small.; ryge Old English - Rye.",A.D. Mills; Dictionary of English Place-Names; Watts; Cambridge Dictionary of English Place-names; E. Ekwall; Dictionary of English Place-Names; Sandred & Lingstrom; Place-names of Norfolk
Great and Little Snarehill,'*Snear's hill'.,"hyll Old English - A hill, a natural eminence or elevated piece of ground.; Personal name (Old English) Old English - Personal name",A.D. Mills; Dictionary of English Place-Names; Sandred & Lingstrom; Place-names of Norfolk; E. Ekwall; Dictionary of English Place-Names; Watts; Cambridge Dictionary of English Place-names
Great and Little Walsingham,'Homestead/village of Waels' people'.,-ingahām Old English - The village of the people of . . . ; the village of the people called after . . .; Personal name (Old English) Old English - Personal name,Watts; Cambridge Dictionary of English Place-names; A.D. Mills; Dictionary of English Place-Names; E. Ekwall; Dictionary of English Place-Names; Sandred & Lingstrom; Place-names of Norfolk
Great Bircham,'Homestead/village with newly broken ground'.,"brēc Old English; hām Old English - A village, a village community, a manor, an estate, a homestead.",A.D. Mills; Dictionary of English Place-Names; Watts; Cambridge Dictionary of English Place-names; Sandred & Lingstrom; Place-names of Norfolk; E. Ekwall; Dictionary of English Place-Names
Great Ellingham,"'Homestead/village of Ella's/Eli's people' or perhaps, 'homestead/village at Ella's/Eli's place'.","-ing Old English - Place-name forming suffix.; -ingas Old English - The people of . . . ; the people called after . . .; hām Old English - A village, a village community, a manor, an estate, a homestead.; Personal name (Old English) Old English - Personal name",A.D. Mills; Dictionary of English Place-Names; E. Ekwall; Dictionary of English Place-Names; Sandred & Lingstrom; Place-names of Norfolk; Watts; Cambridge Dictionary of English Place-names
Great Fransham,"Uncertain. Either, 'homestead/village' or 'hemmed-in land' with an obscure personal name.","hām Old English - A village, a village community, a manor, an estate, a homestead.; hamm Old English - Land hemmed in by water or marsh (perhaps also by high ground); a river-meadow; cultivated plot on the edge of woodland or moor.; magna Latin - Big, great.; Personal name (Old English) Old English - Personal name",E. Ekwall; Dictionary of English Place-Names; A.D. Mills; Dictionary of English Place-Names; Sandred & Lingstrom; Place-names of Norfolk; Watts; Cambridge Dictionary of English Place-names
Great Hautbois,"Probably, 'hummocky, marshy meadow'. Later spellings associated the name with Fr. haut bois, 'high wood'.","hobbe Old English - A tussock, a hummock.; wisc Old English - A marshy meadow.; wisce Old English - A marshy meadow",E. Ekwall; Dictionary of English Place-Names; Sandred & Lingstrom; Place-names of Norfolk; A.D. Mills; Dictionary of English Place-Names; Watts; Cambridge Dictionary of English Place-names
Great Massingham,'Homestead/village of *Maessa's people'.,"-ingahām Old English - The village of the people of . . . ; the village of the people called after . . .; magna Latin - Big, great.; parva Latin - Small.; Personal name (Old English) Old English - Personal name",Watts; Cambridge Dictionary of English Place-names; Sandred & Lingstrom; Place-names of Norfolk; E. Ekwall; Dictionary of English Place-Names; A.D. Mills; Dictionary of English Place-Names
Great Melton,'Middle farm/settlement'.,"magna Latin - Big, great.; middel Old English - Middle.; tūn Old English - An enclosure; a farmstead; a village; an estate.",Sandred & Lingstrom; Place-names of Norfolk; E. Ekwall; Dictionary of English Place-Names; A.D. Mills; Dictionary of English Place-Names; Watts; Cambridge Dictionary of English Place-names
Great Snoring,'*Snear's people'.,-ingas Old English - The people of . . . ; the people called after . . .; Personal name (Old English) Old English - Personal name,Watts; Cambridge Dictionary of English Place-names; A.D. Mills; Dictionary of English Place-Names; Sandred & Lingstrom; Place-names of Norfolk; E. Ekwall; Dictionary of English Place-Names
Great Witchingham,"Uncertain. 'Homestead/village of *Wic's people', homestead/ village of the Wicingas (= people of Wic), or perhaps, 'pirates' homestead/village'.","-ingas Old English - The people of . . . ; the people called after . . .; hām Old English - A village, a village community, a manor, an estate, a homestead.; Personal name (Old English) Old English - Personal name; wīc Old English - A dwelling; a building or collection of buildings for special purposes; a farm, a dairy farm; a trading or industrial settlement; or (in the plural) a hamlet, village.; wīcing Old English - A pirate.",A.D. Mills; Dictionary of English Place-Names; Sandred & Lingstrom; Place-names of Norfolk; E. Ekwall; Dictionary of English Place-Names; Watts; Cambridge Dictionary of English Place-names
Great Yarmouth,'Mouth of the River Yare'.,"mūða Old English - The mouth of a large river, an estuary.; River-name Unknown - River-name",A.D. Mills; Dictionary of English Place-Names; Sandred & Lingstrom; Place-names of Norfolk; Watts; Cambridge Dictionary of English Place-names; E. Ekwall; Dictionary of English Place-Names
Gresham,'Grass homestead/village' or 'grassy hemmed-in land'.,"gærs Old English - Grass.; hām Old English - A village, a village community, a manor, an estate, a homestead.; hamm Old English - Land hemmed in by water or marsh (perhaps also by high ground); a river-meadow; cultivated plot on the edge of woodland or moor.",E. Ekwall; Dictionary of English Place-Names; Sandred & Lingstrom; Place-names of Norfolk; A.D. Mills; Dictionary of English Place-Names; Watts; Cambridge Dictionary of English Place-names
Gressenhall,Uncertain. 'Grassy nook of land' or 'gravelly nook of land'.,"gærsen Old English - Growing with grass.; grēosn Old English - Gravel, a pebble.; halh Old English - A nook of land; a small valley; dry ground in marsh; a piece of land projecting from, or detached from, the main area of its administrative unit.",E. Ekwall; Dictionary of English Place-Names; Sandred & Lingstrom; Place-names of Norfolk; Watts; Cambridge Dictionary of English Place-names; A.D. Mills; Dictionary of English Place-Names
Grimston,'Grimr's farm/settlement'.,Personal name (Old Norse) Old Norse - Personal name; tūn Old English - An enclosure; a farmstead; a village; an estate.,E. Ekwall; Dictionary of English Place-Names; Sandred & Lingstrom; Place-names of Norfolk; Watts; Cambridge Dictionary of English Place-names; A.D. Mills; Dictionary of English Place-Names
Griston,Uncertain. 'Griss's farm/settlement' or perhaps 'young pig farm/settlement'.,"gríss Old Norse - A young pig.; Personal name (Old Norse) Old Norse - Personal name; þorp Old Norse - A secondary settlement, a dependent outlying farmstead or hamlet.",Sandred & Lingstrom; Place-names of Norfolk; A.D. Mills; Dictionary of English Place-Names; E. Ekwall; Dictionary of English Place-Names; Watts; Cambridge Dictionary of English Place-names
Guestwick,'Guist's clearing'.,"Place-name Unknown - Place-name; þveit Old Norse - A clearing, a meadow, a paddock.",E. Ekwall; Dictionary of English Place-Names; Watts; Cambridge Dictionary of English Place-names; Sandred & Lingstrom; Place-names of Norfolk; A.D. Mills; Dictionary of English Place-Names
Guist,'*Gaega's/ *Gaegi's dwelling'.,"Personal name (Old English) Old English - Personal name; sǣte Old English - Settlers, dwellers.",A.D. Mills; Dictionary of English Place-Names; E. Ekwall; Dictionary of English Place-Names; Sandred & Lingstrom; Place-names of Norfolk; Watts; Cambridge Dictionary of English Place-names
Gunthorpe,'Gunni's outlying farm/settlement'.,"Personal name (Old Norse) Old Norse - Personal name; þorp Old Norse - A secondary settlement, a dependent outlying farmstead or hamlet.",E. Ekwall; Dictionary of English Place-Names; Watts; Cambridge Dictionary of English Place-names; A.D. Mills; Dictionary of English Place-Names; Sandred & Lingstrom; Place-names of Norfolk
Gunton,'Gunne's farm/settlement'.,Personal name (Old Norse) Old Norse - Personal name; tūn Old English - An enclosure; a farmstead; a village; an estate.,E. Ekwall; Dictionary of English Place-Names; A.D. Mills; Dictionary of English Place-Names; Sandred & Lingstrom; Place-names of Norfolk; Watts; Cambridge Dictionary of English Place-names
Hackford,"'Hatch ford', probably referring to a sluice-gate in a river. Alternatively, 'hook ford'.","ford Old English - A ford.; haca Old English - A hook.; hæcc Old English - A hatch, a grating, a half-gate, a gate; a sluice-gate.",A.D. Mills; Dictionary of English Place-Names; Sandred & Lingstrom; Place-names of Norfolk; Watts; Cambridge Dictionary of English Place-names; E. Ekwall; Dictionary of English Place-Names
Hackford,"'Hatch ford', probably referring to a sluice-gate in a river. Alternatively, 'hook ford'.","ford Old English - A ford.; haca Old English - A hook.; hæcc Old English - A hatch, a grating, a half-gate, a gate; a sluice-gate.",E. Ekwall; Dictionary of English Place-Names; Watts; Cambridge Dictionary of English Place-names; Sandred & Lingstrom; Place-names of Norfolk; A.D. Mills; Dictionary of English Place-Names
Haddiscoe,'Haddr's wood'.,Personal name (Old Norse) Old Norse - Personal name; skógr Old Norse - A wood.,E. Ekwall; Dictionary of English Place-Names; Sandred & Lingstrom; Place-names of Norfolk; Watts; Cambridge Dictionary of English Place-names; A.D. Mills; Dictionary of English Place-Names
Hainford,'Enclosure ford'.,ford Old English - A ford.; hægen Old English - An enclosure; a park.,Watts; Cambridge Dictionary of English Place-names; E. Ekwall; Dictionary of English Place-Names; Sandred & Lingstrom; Place-names of Norfolk; A.D. Mills; Dictionary of English Place-Names
Hales,'Nooks of land'.,"halh Old English - A nook of land; a small valley; dry ground in marsh; a piece of land projecting from, or detached from, the main area of its administrative unit.",Sandred & Lingstrom; Place-names of Norfolk; Watts; Cambridge Dictionary of English Place-names; A.D. Mills; Dictionary of English Place-Names; E. Ekwall; Dictionary of English Place-Names
Halvergate,"Possibly, 'land costing half a heriot'.","half Old English; here-geatu Old English - A legal term for items of war-geat given back (or a commutation fee paid in lieu) to a dead man's lord by his heirs, in token of the surrender of the deceased's holding.",E. Ekwall; Dictionary of English Place-Names; A.D. Mills; Dictionary of English Place-Names; Sandred & Lingstrom; Place-names of Norfolk; Watts; Cambridge Dictionary of English Place-names
Hanworth,'Hagena's enclosure'.,Personal name (Old English) Old English - Personal name; worð Old English - An enclosure.,Watts; Cambridge Dictionary of English Place-names; E. Ekwall; Dictionary of English Place-Names; A.D. Mills; Dictionary of English Place-Names; Sandred & Lingstrom; Place-names of Norfolk
Hapton,'*H(e)abba's farm/settlement'.,Personal name (Old English) Old English - Personal name; tūn Old English - An enclosure; a farmstead; a village; an estate.,Sandred & Lingstrom; Place-names of Norfolk; Watts; Cambridge Dictionary of English Place-names; E. Ekwall; Dictionary of English Place-Names; A.D. Mills; Dictionary of English Place-Names
Hardingham,'Homestead/village of *Hearda's people'.,-ingahām Old English - The village of the people of . . . ; the village of the people called after . . .; Personal name (Old English) Old English - Personal name,A.D. Mills; Dictionary of English Place-Names; Watts; Cambridge Dictionary of English Place-names; E. Ekwall; Dictionary of English Place-Names; Sandred & Lingstrom; Place-names of Norfolk
Hardley,'Hard wood/clearing'.,"heard Old English - Hard; hard to till; uncomfortable, cheerless.; lēah Old English - A forest, wood, glade, clearing; (later) a pasture, meadow.",Sandred & Lingstrom; Place-names of Norfolk; E. Ekwall; Dictionary of English Place-Names; A.D. Mills; Dictionary of English Place-Names; Watts; Cambridge Dictionary of English Place-names
Hardwick,'Herd-farm'.,heorde-wīc Old English - A herd farm.,E. Ekwall; Dictionary of English Place-Names; A.D. Mills; Dictionary of English Place-Names; Sandred & Lingstrom; Place-names of Norfolk; Watts; Cambridge Dictionary of English Place-names
Hargham,'Hereca's homestead/village'.,"hām Old English - A village, a village community, a manor, an estate, a homestead.; Personal name (Old English) Old English - Personal name",A.D. Mills; Dictionary of English Place-Names; Watts; Cambridge Dictionary of English Place-names; Sandred & Lingstrom; Place-names of Norfolk; E. Ekwall; Dictionary of English Place-Names
Harpley,"'Harp wood/clearing', perhaps in the sense of a sieve used in salt working.","hearpe Old English - A harp; perhaps also a sieve, a riddle (as used in salt-workings).; lēah Old English - A forest, wood, glade, clearing; (later) a pasture, meadow.",A.D. Mills; Dictionary of English Place-Names; Sandred & Lingstrom; Place-names of Norfolk; Watts; Cambridge Dictionary of English Place-names; E. Ekwall; Dictionary of English Place-Names
Hassingham,'Homestead/village of *Hasu's people'.,-ingahām Old English - The village of the people of . . . ; the village of the people called after . . .; Personal name (Old English) Old English - Personal name,Watts; Cambridge Dictionary of English Place-names; Sandred & Lingstrom; Place-names of Norfolk; E. Ekwall; Dictionary of English Place-Names; A.D. Mills; Dictionary of English Place-Names
Haveringland,'Land of *Haefer's people'.,-ingas Old English - The people of . . . ; the people called after . . .; land Old English - Land (as part of earth's surface); an estate; possibly also new arable area.  In minor and field names: strip in a field-system.; Personal name (Old English) Old English - Personal name,E. Ekwall; Dictionary of English Place-Names; Sandred & Lingstrom; Place-names of Norfolk; A.D. Mills; Dictionary of English Place-Names; Watts; Cambridge Dictionary of English Place-names
Heacham,Uncertain. 'Hedge homestead/village' or 'hatch homestead/village'.,"hæcc Old English - A hatch, a grating, a half-gate, a gate; a sluice-gate.; hām Old English - A village, a village community, a manor, an estate, a homestead.; hecg Old English - A hedge.",Sandred & Lingstrom; Place-names of Norfolk; E. Ekwall; Dictionary of English Place-Names; Watts; Cambridge Dictionary of English Place-names; A.D. Mills; Dictionary of English Place-Names
Heckingham,"'Homestead/village of Heca's people' or perhaps, 'homestead/village connected with Heca'.","-ing- Old English - Connective particle, linking a first element to a final element.; -ingas Old English - The people of . . . ; the people called after . . .; hām Old English - A village, a village community, a manor, an estate, a homestead.; Personal name (Old English) Old English - Personal name",Watts; Cambridge Dictionary of English Place-names; E. Ekwall; Dictionary of English Place-Names; A.D. Mills; Dictionary of English Place-Names; Sandred & Lingstrom; Place-names of Norfolk
Hedenham,'*Hedena's homestead/village' or '*Hedena's hemmed-in land'.,"hām Old English - A village, a village community, a manor, an estate, a homestead.; hamm Old English - Land hemmed in by water or marsh (perhaps also by high ground); a river-meadow; cultivated plot on the edge of woodland or moor.; Personal name (Old English) Old English - Personal name",E. Ekwall; Dictionary of English Place-Names; Watts; Cambridge Dictionary of English Place-names; A.D. Mills; Dictionary of English Place-Names; Sandred & Lingstrom; Place-names of Norfolk
Helhoughton,'Helgi's farm/settlement'.,Personal name (Old Norse) Old Norse - Personal name; tūn Old English - An enclosure; a farmstead; a village; an estate.,E. Ekwall; Dictionary of English Place-Names; Sandred & Lingstrom; Place-names of Norfolk; Watts; Cambridge Dictionary of English Place-names; A.D. Mills; Dictionary of English Place-Names
Hellesdon,'*Haegel's hill'.,dūn Old English - A hill.; Personal name (Old English) Old English - Personal name,E. Ekwall; Dictionary of English Place-Names; A.D. Mills; Dictionary of English Place-Names; Watts; Cambridge Dictionary of English Place-names; Sandred & Lingstrom; Place-names of Norfolk
Hellington,'Helgi's farm/settlement.,Personal name (Old Norse) Old Norse - Personal name; tūn Old English - An enclosure; a farmstead; a village; an estate.,Sandred & Lingstrom; Place-names of Norfolk; E. Ekwall; Dictionary of English Place-Names; A.D. Mills; Dictionary of English Place-Names; Watts; Cambridge Dictionary of English Place-names
Hemblington,'Farm/settlement connected with Hemele'.,"-ingtūn Old English - A settlement called after, or connected with . . .; Personal name (Old English) Old English - Personal name",Watts; Cambridge Dictionary of English Place-names; Sandred & Lingstrom; Place-names of Norfolk; E. Ekwall; Dictionary of English Place-Names; A.D. Mills; Dictionary of English Place-Names
Hempnall,'Hemma's nook of land'.,"halh Old English - A nook of land; a small valley; dry ground in marsh; a piece of land projecting from, or detached from, the main area of its administrative unit.; Personal name (Old English) Old English - Personal name",E. Ekwall; Dictionary of English Place-Names; A.D. Mills; Dictionary of English Place-Names; Watts; Cambridge Dictionary of English Place-names; Sandred & Lingstrom; Place-names of Norfolk
Hempstead,"Probably, 'hemp place', referring to a farm or settlement where it was cultivated.","hænep Old English - Hemp.; stede Old English - A place, a site, a locality; a religious house or foundation; a place of communal activity; a farm, a dairy-farm, an estate.",E. Ekwall; Dictionary of English Place-Names; Sandred & Lingstrom; Place-names of Norfolk; A.D. Mills; Dictionary of English Place-Names; Watts; Cambridge Dictionary of English Place-names
Hempstead with Eccles,"'Homestead' or perhaps, 'place at the hemmed-in land'. 'Church'.","eclẹ̄si̥ā Celtic; hām-stede Old English - A homestead, the site of a dwelling.; hamm Old English - Land hemmed in by water or marsh (perhaps also by high ground); a river-meadow; cultivated plot on the edge of woodland or moor.; stede Old English - A place, a site, a locality; a religious house or foundation; a place of communal activity; a farm, a dairy-farm, an estate.",Sandred & Lingstrom; Place-names of Norfolk; Watts; Cambridge Dictionary of English Place-names; E. Ekwall; Dictionary of English Place-Names; A.D. Mills; Dictionary of English Place-Names
Hempton,'Hemma's farm/settlement'.,Personal name (Old English) Old English - Personal name; tūn Old English - An enclosure; a farmstead; a village; an estate.,Sandred & Lingstrom; Place-names of Norfolk; E. Ekwall; Dictionary of English Place-Names; Watts; Cambridge Dictionary of English Place-names; A.D. Mills; Dictionary of English Place-Names
Hemsby,'*Hemer's farm/settlement'.,"bȳ Old Norse - A farmstead, a village.; Personal name (Old Norse) Old Norse - Personal name",Watts; Cambridge Dictionary of English Place-names; A.D. Mills; Dictionary of English Place-Names; Sandred & Lingstrom; Place-names of Norfolk; E. Ekwall; Dictionary of English Place-Names
Hethel,'Heather hill'.,"hǣð Old English - Heather; a tract of uncultivated land.; hyll Old English - A hill, a natural eminence or elevated piece of ground.",E. Ekwall; Dictionary of English Place-Names; A.D. Mills; Dictionary of English Place-Names; Sandred & Lingstrom; Place-names of Norfolk; Watts; Cambridge Dictionary of English Place-names
Hethersett,'Heather dwellers'.,"hǣddre Old English - Heather.; sǣte Old English - Settlers, dwellers.",A.D. Mills; Dictionary of English Place-Names; Watts; Cambridge Dictionary of English Place-names; Sandred & Lingstrom; Place-names of Norfolk; E. Ekwall; Dictionary of English Place-Names
Hevingham,"Uncertain. 'Homestead/village of Hefa's people' or perhaps, 'homestead/village connected with Hefa'.","-ing- Old English - Connective particle, linking a first element to a final element.; -ingahām Old English - The village of the people of . . . ; the village of the people called after . . .; hām Old English - A village, a village community, a manor, an estate, a homestead.; hamm Old English - Land hemmed in by water or marsh (perhaps also by high ground); a river-meadow; cultivated plot on the edge of woodland or moor.; Personal name (Old English) Old English - Personal name",Watts; Cambridge Dictionary of English Place-names; Sandred & Lingstrom; Place-names of Norfolk; E. Ekwall; Dictionary of English Place-Names; A.D. Mills; Dictionary of English Place-Names
Heydon,'Hay hill'.,dūn Old English - A hill.; hēg Old English,A.D. Mills; Dictionary of English Place-Names; E. Ekwall; Dictionary of English Place-Names; Sandred & Lingstrom; Place-names of Norfolk; Watts; Cambridge Dictionary of English Place-names
Hickling,"'*Hicel's people' or perhaps, 'Hicel's place'.",-ing Old English - Place-name forming suffix.; -ingas Old English - The people of . . . ; the people called after . . .; Personal name (Old English) Old English - Personal name,E. Ekwall; Dictionary of English Place-Names; Sandred & Lingstrom; Place-names of Norfolk; A.D. Mills; Dictionary of English Place-Names; Watts; Cambridge Dictionary of English Place-names
Hilborough,"'Hildeburh's enclosure', a feminine personal name. The original second element was OE wella, 'spring/stream'.",Personal name (Old English) Old English - Personal name; worð Old English - An enclosure.,Sandred & Lingstrom; Place-names of Norfolk; A.D. Mills; Dictionary of English Place-Names; E. Ekwall; Dictionary of English Place-Names; Watts; Cambridge Dictionary of English Place-names
Hilgay,'Island of *Hydla's/Hythla's people'.,"-ingas Old English - The people of . . . ; the people called after . . .; ēg Old English - An island.  In ancient settlement-names, most frequently refers to dry ground surrounded by marsh.  Also used of islands in modern sense.  In late OE names: well-watered land.; Personal name (Old English) Old English - Personal name",Sandred & Lingstrom; Place-names of Norfolk; Watts; Cambridge Dictionary of English Place-names; E. Ekwall; Dictionary of English Place-Names; A.D. Mills; Dictionary of English Place-Names
Hillington,'Farm/settlement of *Hythla's/*Hylda's people'.,-ingas Old English - The people of . . . ; the people called after . . .; Personal name (Old English) Old English - Personal name; tūn Old English - An enclosure; a farmstead; a village; an estate.,E. Ekwall; Dictionary of English Place-Names; A.D. Mills; Dictionary of English Place-Names; Sandred & Lingstrom; Place-names of Norfolk; Watts; Cambridge Dictionary of English Place-names
Hindolveston,'Hindwulf's farm/settlement'.,Personal name (Old English) Old English - Personal name; tūn Old English - An enclosure; a farmstead; a village; an estate.,Watts; Cambridge Dictionary of English Place-names; E. Ekwall; Dictionary of English Place-Names; Sandred & Lingstrom; Place-names of Norfolk; A.D. Mills; Dictionary of English Place-Names
Hindringham,"Perhaps, 'homestead/village of the Hindringas (= the people dwelling behind)'. The specific is somewhat unclear, as is its significance, unless it is referring to the hills nearby.","-ingas Old English - The people of . . . ; the people called after . . .; hām Old English - A village, a village community, a manor, an estate, a homestead.; hinder Middle English - Lying behind, the hindmost.",Sandred & Lingstrom; Place-names of Norfolk; E. Ekwall; Dictionary of English Place-Names; Watts; Cambridge Dictionary of English Place-names; A.D. Mills; Dictionary of English Place-Names
Hingham,'Homestead/village of Hega's people'.,-ingahām Old English - The village of the people of . . . ; the village of the people called after . . .; Personal name (Old English) Old English - Personal name,A.D. Mills; Dictionary of English Place-Names; E. Ekwall; Dictionary of English Place-Names; Watts; Cambridge Dictionary of English Place-names; Sandred & Lingstrom; Place-names of Norfolk
Hockering,"'Dwellers at the rounded hill' or perhaps, 'rounded hill place'.","-ingas Old English - The people of . . . ; the people called after . . .; hocer Old English - A hump, a rounded hill.",A.D. Mills; Dictionary of English Place-Names; Sandred & Lingstrom; Place-names of Norfolk; Watts; Cambridge Dictionary of English Place-names; E. Ekwall; Dictionary of English Place-Names
Hockham,"Uncertain. 'Hocca's homestead/village' or perhaps, 'hock/mallow homestead/village'.","hām Old English - A village, a village community, a manor, an estate, a homestead.; hocc Old English - A hock, a mallow.; Personal name (Old English) Old English - Personal name",Watts; Cambridge Dictionary of English Place-names; Sandred & Lingstrom; Place-names of Norfolk; E. Ekwall; Dictionary of English Place-Names; A.D. Mills; Dictionary of English Place-Names
Hockwold cum Wilton,'Hock/mallow forest'. 'Willow-tree farm/settlement'.,"hocc Old English - A hock, a mallow.; tūn Old English - An enclosure; a farmstead; a village; an estate.; wald Old English; wilig Old English",Sandred & Lingstrom; Place-names of Norfolk; E. Ekwall; Dictionary of English Place-Names; A.D. Mills; Dictionary of English Place-Names; Watts; Cambridge Dictionary of English Place-names
Hoe,'Hill-spur'.,hōh Old English - A heel; a sharply projecting piece of ground.,E. Ekwall; Dictionary of English Place-Names; Watts; Cambridge Dictionary of English Place-names; A.D. Mills; Dictionary of English Place-Names; Sandred & Lingstrom; Place-names of Norfolk
Holkham,'Hollow homestead/village'.,"hām Old English - A village, a village community, a manor, an estate, a homestead.; hamm Old English - Land hemmed in by water or marsh (perhaps also by high ground); a river-meadow; cultivated plot on the edge of woodland or moor.; holc Old English - A cavity, a hollow.",Watts; Cambridge Dictionary of English Place-names; E. Ekwall; Dictionary of English Place-Names; Sandred & Lingstrom; Place-names of Norfolk; A.D. Mills; Dictionary of English Place-Names
Holme Hale,Probably originally two separate places: 'Island' and 'nook of land'.,"halh Old English - A nook of land; a small valley; dry ground in marsh; a piece of land projecting from, or detached from, the main area of its administrative unit.; holmr Old Norse - An island, an inland promontory, raised ground in marsh, a river-meadow.",Sandred & Lingstrom; Place-names of Norfolk; E. Ekwall; Dictionary of English Place-Names; A.D. Mills; Dictionary of English Place-Names; Watts; Cambridge Dictionary of English Place-names
Holme next the Sea,'Island' next to the sea.,"holm Old English - Water, the sea, ocean (in late OE poetic usage); island (in late OE prose); mound, hill (possibly).",Sandred & Lingstrom; Place-names of Norfolk; Watts; Cambridge Dictionary of English Place-names; E. Ekwall; Dictionary of English Place-Names; A.D. Mills; Dictionary of English Place-Names
Holt,'Wood'. The town of Holt is near the centre of the hundred and the meeting-place was probably somewhere nearby. In 1203 there is a reference to a 'Thingou' in Holt.,holt Old English - A wood. (Probably of a single species.); hundred Old English - One hundred; an administrative division of a county.,A.D. Mills; Dictionary of English Place-Names; Sandred & Lingstrom; Place-names of Norfolk; Watts; Cambridge Dictionary of English Place-names; Anderson (unspecified work); E. Ekwall; Dictionary of English Place-Names
Holverston,'Holmfast's farm/settlement'.,Personal name (Old English) Old English - Personal name; tūn Old English - An enclosure; a farmstead; a village; an estate.,A.D. Mills; Dictionary of English Place-Names; Sandred & Lingstrom; Place-names of Norfolk; E. Ekwall; Dictionary of English Place-Names; Watts; Cambridge Dictionary of English Place-names
Honing,"Probably, 'the dwellers at the stone', referring to a boundary stone, but alternatively, 'Haning (= the the called Han)', because it is situated near a prominent area of higher ground.","-ing Old English - Place-name forming suffix.; -ingas Old English - The people of . . . ; the people called after . . .; hān Old English - A hone, a stone, a boundary-stone, a rock.",Sandred & Lingstrom; Place-names of Norfolk; A.D. Mills; Dictionary of English Place-Names; Watts; Cambridge Dictionary of English Place-names; E. Ekwall; Dictionary of English Place-Names
Honingham,'Homestead/village of Huna's people'.,-ingahām Old English - The village of the people of . . . ; the village of the people called after . . .; Personal name (Old English) Old English - Personal name,A.D. Mills; Dictionary of English Place-Names; Sandred & Lingstrom; Place-names of Norfolk; E. Ekwall; Dictionary of English Place-Names; Watts; Cambridge Dictionary of English Place-names
Horning,'Dwellers at the horn-shaped piece of land'.,"-ingas Old English - The people of . . . ; the people called after . . .; horn Old English - A horn; something shaped like a horn; a hornlike projection on a building; a projecting piece of land, esp. formed in a river-bend; a projecting headland; a horn-shaped hill.; horning Old English - A bend, a corner, a spit of land; a headland.",Watts; Cambridge Dictionary of English Place-names; A.D. Mills; Dictionary of English Place-Names; Sandred & Lingstrom; Place-names of Norfolk; E. Ekwall; Dictionary of English Place-Names
Horningtoft,'Curtilage of the Horningas (= dwellers at the horn-shaped piece of land)'.,"-ingas Old English - The people of . . . ; the people called after . . .; horn Old English - A horn; something shaped like a horn; a hornlike projection on a building; a projecting piece of land, esp. formed in a river-bend; a projecting headland; a horn-shaped hill.; toft Old English - A curtilage, the plot of ground in which a dwelling stands.",Sandred & Lingstrom; Place-names of Norfolk; E. Ekwall; Dictionary of English Place-Names; A.D. Mills; Dictionary of English Place-Names; Watts; Cambridge Dictionary of English Place-names
Horsey,'Horse island'.,"ēg Old English - An island.  In ancient settlement-names, most frequently refers to dry ground surrounded by marsh.  Also used of islands in modern sense.  In late OE names: well-watered land.; hors Old English - A horse.",Sandred & Lingstrom; Place-names of Norfolk; E. Ekwall; Dictionary of English Place-Names; A.D. Mills; Dictionary of English Place-Names; Watts; Cambridge Dictionary of English Place-names
Horsford,'Horse ford'.,"ēg Old English - An island.  In ancient settlement-names, most frequently refers to dry ground surrounded by marsh.  Also used of islands in modern sense.  In late OE names: well-watered land.; hors Old English - A horse.",E. Ekwall; Dictionary of English Place-Names; Sandred & Lingstrom; Place-names of Norfolk; A.D. Mills; Dictionary of English Place-Names; Watts; Cambridge Dictionary of English Place-names
Horsham St. Faith with Newton St. Faith,'Horse homestead/village'. 'New farm/settlement'. Both places have churches dedicated to St. Faith.,"hām Old English - A village, a village community, a manor, an estate, a homestead.; hors Old English - A horse.; nīwe Old English - New.; Saint's Name Unknown - Saint's name.; tūn Old English - An enclosure; a farmstead; a village; an estate.",Watts; Cambridge Dictionary of English Place-names; A.D. Mills; Dictionary of English Place-Names; Sandred & Lingstrom; Place-names of Norfolk; E. Ekwall; Dictionary of English Place-Names
Horstead with Stanninghall,"'Horse place'. Uncertain. 'Nook of land of *Stan's people' or perhaps, 'dwellers at the stony nook of land'.","halh Old English - A nook of land; a small valley; dry ground in marsh; a piece of land projecting from, or detached from, the main area of its administrative unit.; hors Old English - A horse.; Personal name (Old English) Old English - Personal name; stān Old English - A stone, stone, rock.; stede Old English - A place, a site, a locality; a religious house or foundation; a place of communal activity; a farm, a dairy-farm, an estate.",E. Ekwall; Dictionary of English Place-Names; Sandred & Lingstrom; Place-names of Norfolk; Watts; Cambridge Dictionary of English Place-names; A.D. Mills; Dictionary of English Place-Names
Houghton,Hill-spur farm/settlement'.,hōh Old English - A heel; a sharply projecting piece of ground.; tūn Old English - An enclosure; a farmstead; a village; an estate.,E. Ekwall; Dictionary of English Place-Names; A.D. Mills; Dictionary of English Place-Names; Watts; Cambridge Dictionary of English Place-names; Sandred & Lingstrom; Place-names of Norfolk
Houghton on the Hill,'Hill-spur farm/settlement'.,hōh Old English - A heel; a sharply projecting piece of ground.; tūn Old English - An enclosure; a farmstead; a village; an estate.,Sandred & Lingstrom; Place-names of Norfolk; E. Ekwall; Dictionary of English Place-Names; Watts; Cambridge Dictionary of English Place-names; A.D. Mills; Dictionary of English Place-Names
Houghton St Giles,'Hill-spur farm/settlement'. The church is dedicated to St. Giles.,hōh Old English - A heel; a sharply projecting piece of ground.; Saint's Name Unknown - Saint's name.; tūn Old English - An enclosure; a farmstead; a village; an estate.,A.D. Mills; Dictionary of English Place-Names; Watts; Cambridge Dictionary of English Place-names; E. Ekwall; Dictionary of English Place-Names; Sandred & Lingstrom; Place-names of Norfolk
Hoveton St. John and St. Peter,"Uncertain. 'Hofa's farm/settlement' or perhaps, 'ale-hoof farm/settlement'. Ale-hoof is probably ground-ivy (Glechoma hederacea L.). The churches are dedicated to St. John and St. Peter.",hōfe Old English - Ale-hoof (a herb).; Personal name (Old English) Old English - Personal name; Saint's Name Unknown - Saint's name.; tūn Old English - An enclosure; a farmstead; a village; an estate.,E. Ekwall; Dictionary of English Place-Names; Watts; Cambridge Dictionary of English Place-names; A.D. Mills; Dictionary of English Place-Names; Sandred & Lingstrom; Place-names of Norfolk
Howe,'Mound/hill'.,"haugr Old Norse - A natural height, a hill, a heap, an artificial mound, a burial mound.",E. Ekwall; Dictionary of English Place-Names; Watts; Cambridge Dictionary of English Place-names; A.D. Mills; Dictionary of English Place-Names; Sandred & Lingstrom; Place-names of Norfolk
Humbleyard Hundred,"'Hop garden'. The hundred is called after Humbleyard Wood. There is a Humble Yard marked on the 6"" map, just south of Swardeston Hall on the Swardeston parish boundary, where the hundred met.",geard Old English - A fence; an enclosure; a yard; a court-yard.; humele Old English - The hop-plant.; hundred Old English - One hundred; an administrative division of a county.,Anderson (unspecified work)
Hunstanton,'Hunstan's farm/settlement'.,Personal name (Old English) Old English - Personal name; tūn Old English - An enclosure; a farmstead; a village; an estate.,Sandred & Lingstrom; Place-names of Norfolk; E. Ekwall; Dictionary of English Place-Names; Watts; Cambridge Dictionary of English Place-names; A.D. Mills; Dictionary of English Place-Names
Hunworth,'Huna's enclosure'.,Personal name (Old English) Old English - Personal name; worð Old English - An enclosure.,E. Ekwall; Dictionary of English Place-Names; Sandred & Lingstrom; Place-names of Norfolk; Watts; Cambridge Dictionary of English Place-names; A.D. Mills; Dictionary of English Place-Names
Ickburgh,'*Ic(c)a's fortification'.,burh Old English - A fortified place.; Personal name (Old English) Old English - Personal name,A.D. Mills; Dictionary of English Place-Names; E. Ekwall; Dictionary of English Place-Names; Sandred & Lingstrom; Place-names of Norfolk; Watts; Cambridge Dictionary of English Place-names
Illington,"Possibly, 'farm/settlement of Illa's people' or perhaps, 'farm/settlement connected with Illa'.","-ing- Old English - Connective particle, linking a first element to a final element.; -ingas Old English - The people of . . . ; the people called after . . .; Personal name (Old English) Old English - Personal name; tūn Old English - An enclosure; a farmstead; a village; an estate.",Sandred & Lingstrom; Place-names of Norfolk; E. Ekwall; Dictionary of English Place-Names; A.D. Mills; Dictionary of English Place-Names; Watts; Cambridge Dictionary of English Place-names
Ingham,"Uncertain. 'Inga's homestead/village'. Alternatively, 'Inguiones' homestead/village'. The Inguiones were an ancient Germanic tribe.","hām Old English - A village, a village community, a manor, an estate, a homestead.; Personal name (Old English) Old English - Personal name; Tribal-Name Unknown - Tribal-name.",A.D. Mills; Dictionary of English Place-Names; E. Ekwall; Dictionary of English Place-Names; Watts; Cambridge Dictionary of English Place-names; Sandred & Lingstrom; Place-names of Norfolk
Ingoldsthorpe,'Ingjaldr's outlying farmstead'.,"Personal name (Old Norse) Old Norse - Personal name; þorp Old Norse - A secondary settlement, a dependent outlying farmstead or hamlet.",A.D. Mills; Dictionary of English Place-Names; Sandred & Lingstrom; Place-names of Norfolk; Watts; Cambridge Dictionary of English Place-names; E. Ekwall; Dictionary of English Place-Names
Ingworth,'Inga's enclosure'. It has also been suggested that the specific indicates an association with the Germanic Ingwionic dynasty referred to by both Pliny and Tacitus.,Personal name (Old English) Old English - Personal name; worð Old English - An enclosure.,E. Ekwall; Dictionary of English Place-Names; Sandred & Lingstrom; Place-names of Norfolk; Watts; Cambridge Dictionary of English Place-names; A.D. Mills; Dictionary of English Place-Names
Intwood,'Inta's wood'.,"Personal name (Old English) Old English - Personal name; wudu Old English - A wood; or wood, timber.",A.D. Mills; Dictionary of English Place-Names; Watts; Cambridge Dictionary of English Place-names; Sandred & Lingstrom; Place-names of Norfolk; E. Ekwall; Dictionary of English Place-Names
Irmingland,"Uncertain. 'Land of *Eorma's people' or perhaps, 'land connected with *Eorma'.","-ing- Old English - Connective particle, linking a first element to a final element.; -ingas Old English - The people of . . . ; the people called after . . .; land Old English - Land (as part of earth's surface); an estate; possibly also new arable area.  In minor and field names: strip in a field-system.; Personal name (Old English) Old English - Personal name",Watts; Cambridge Dictionary of English Place-names; A.D. Mills; Dictionary of English Place-Names; E. Ekwall; Dictionary of English Place-Names; Sandred & Lingstrom; Place-names of Norfolk
Irstead,'Mud place'.,"gyr Old English - Mud, filth; a marsh.; stede Old English - A place, a site, a locality; a religious house or foundation; a place of communal activity; a farm, a dairy-farm, an estate.",A.D. Mills; Dictionary of English Place-Names; Watts; Cambridge Dictionary of English Place-names; Sandred & Lingstrom; Place-names of Norfolk; E. Ekwall; Dictionary of English Place-Names
Itteringham,"Uncertain. Perhaps, 'homestead/village of Ytra's/*Ytri's people' or 'homestead/village of the Ytteringas (= those dwelling outside)'.",-ingahām Old English - The village of the people of . . . ; the village of the people called after . . .; Personal name (Old English) Old English - Personal name; ūterra Old English - Outer.,E. Ekwall; Dictionary of English Place-Names; Sandred & Lingstrom; Place-names of Norfolk; Watts; Cambridge Dictionary of English Place-names; A.D. Mills; Dictionary of English Place-Names
Kelling,'*Cylla's/Ceolla's people'.,-ingas Old English - The people of . . . ; the people called after . . .; Personal name (Old English) Old English - Personal name,Watts; Cambridge Dictionary of English Place-names; A.D. Mills; Dictionary of English Place-Names; E. Ekwall; Dictionary of English Place-Names; Sandred & Lingstrom; Place-names of Norfolk
Kempstone,'Cymi's farm/settlement'.,Personal name (Old English) Old English - Personal name; tūn Old English - An enclosure; a farmstead; a village; an estate.,A.D. Mills; Dictionary of English Place-Names; Watts; Cambridge Dictionary of English Place-names; Sandred & Lingstrom; Place-names of Norfolk; E. Ekwall; Dictionary of English Place-Names
Kenninghall,"Probably, 'nook of land at Cena's place', but perhaps, 'nook of land of Cena's people'.","-ing Old English - Place-name forming suffix.; -ingas Old English - The people of . . . ; the people called after . . .; halh Old English - A nook of land; a small valley; dry ground in marsh; a piece of land projecting from, or detached from, the main area of its administrative unit.; Personal name (Old English) Old English - Personal name",A.D. Mills; Dictionary of English Place-Names; Sandred & Lingstrom; Place-names of Norfolk; E. Ekwall; Dictionary of English Place-Names; Watts; Cambridge Dictionary of English Place-names
Keswick,'Cheese specialised farm'.,"cēse Old English; wīc Old English - A dwelling; a building or collection of buildings for special purposes; a farm, a dairy farm; a trading or industrial settlement; or (in the plural) a hamlet, village.",A.D. Mills; Dictionary of English Place-Names; Watts; Cambridge Dictionary of English Place-names; E. Ekwall; Dictionary of English Place-Names; Sandred & Lingstrom; Place-names of Norfolk
Ketteringham,"Possibly, 'homestead/village of *Cytra's people', but the origins of the specific are not certain.",-ingahām Old English - The village of the people of . . . ; the village of the people called after . . .; Personal name (Old English) Old English - Personal name,Watts; Cambridge Dictionary of English Place-names; A.D. Mills; Dictionary of English Place-Names; E. Ekwall; Dictionary of English Place-Names; Sandred & Lingstrom; Place-names of Norfolk
Kettlestone,'Ketil's farm/settlement'.,Personal name (Old English) Old English - Personal name; tūn Old English - An enclosure; a farmstead; a village; an estate.,Watts; Cambridge Dictionary of English Place-names; A.D. Mills; Dictionary of English Place-Names; Sandred & Lingstrom; Place-names of Norfolk; E. Ekwall; Dictionary of English Place-Names
Kilverstone,"'*Kilvert's farm/settlement'. The name may be a by-name from ON kylfu-vorthr, 'defender of the ship's prow'.","bȳ Old Norse - A farmstead, a village.; Personal name (Old Norse) Old Norse - Personal name",Sandred & Lingstrom; Place-names of Norfolk; A.D. Mills; Dictionary of English Place-Names; Watts; Cambridge Dictionary of English Place-names; E. Ekwall; Dictionary of English Place-Names
Kimberley,"'Cyneburg's wood/clearing', a feminine personal name.","lēah Old English - A forest, wood, glade, clearing; (later) a pasture, meadow.; Personal name (Old English) Old English - Personal name",Watts; Cambridge Dictionary of English Place-names; A.D. Mills; Dictionary of English Place-Names; Sandred & Lingstrom; Place-names of Norfolk; E. Ekwall; Dictionary of English Place-Names
King's Lynn,'Pool'. 'King's' was added in the 16th century.,king Middle English - A king.; lïnn Celtic,Watts; Cambridge Dictionary of English Place-names; E. Ekwall; Dictionary of English Place-Names; A.D. Mills; Dictionary of English Place-Names; Sandred & Lingstrom; Place-names of Norfolk
Kirby Bedon,'Church farm/village'. It was held by the Bidun family in the 12th century.,Family name Unknown - Family name.; kirkju-býr Old Norse - A village with a church.,A.D. Mills; Dictionary of English Place-Names; E. Ekwall; Dictionary of English Place-Names; Sandred & Lingstrom; Place-names of Norfolk; Watts; Cambridge Dictionary of English Place-names
Kirby Cane,'Church farm/settlement'. It was held by the Cane family.,Family name Unknown - Family name.; kirkju-býr Old Norse - A village with a church.,Sandred & Lingstrom; Place-names of Norfolk; E. Ekwall; Dictionary of English Place-Names; A.D. Mills; Dictionary of English Place-Names; Watts; Cambridge Dictionary of English Place-names
Kirstead,'Church site'. ON kirkja replaced the original OE circe.,"kirkja Old Norse - A church.; stede Old English - A place, a site, a locality; a religious house or foundation; a place of communal activity; a farm, a dairy-farm, an estate.",A.D. Mills; Dictionary of English Place-Names; Watts; Cambridge Dictionary of English Place-names; E. Ekwall; Dictionary of English Place-Names; Sandred & Lingstrom; Place-names of Norfolk
Knapton,"Uncertain. Possibly, 'boy's/servant's farm/settlement' or 'Cnapa's farm/settlement'.","cnafa Old English - A boy, a young man, a servant, a menial.; Personal name (Old English) Old English - Personal name; tūn Old English - An enclosure; a farmstead; a village; an estate.",Watts; Cambridge Dictionary of English Place-names; Sandred & Lingstrom; Place-names of Norfolk; E. Ekwall; Dictionary of English Place-Names; A.D. Mills; Dictionary of English Place-Names
Lamas with Little Hautbois,"'Loam marsh'. Probably, 'hummocky, marshy meadow'. Later spellings associate the name with Fr. haut bois, 'high wood'.","hobbe Old English - A tussock, a hummock.; lām Old English - Loam, clay.; mersc Old English - A marsh.; wisc Old English - A marshy meadow.; wisce Old English - A marshy meadow",Watts; Cambridge Dictionary of English Place-names; A.D. Mills; Dictionary of English Place-Names; Sandred & Lingstrom; Place-names of Norfolk; E. Ekwall; Dictionary of English Place-Names
Langford,'Long ford'.,"ford Old English - A ford.; lang Old English - Long, tall.",E. Ekwall; Dictionary of English Place-Names; Sandred & Lingstrom; Place-names of Norfolk; Watts; Cambridge Dictionary of English Place-names; A.D. Mills; Dictionary of English Place-Names
Langham,'Long homestead/village' or 'long hemmed-in land'.,"hām Old English - A village, a village community, a manor, an estate, a homestead.; hamm Old English - Land hemmed in by water or marsh (perhaps also by high ground); a river-meadow; cultivated plot on the edge of woodland or moor.; lang Old English - Long, tall.",Sandred & Lingstrom; Place-names of Norfolk; E. Ekwall; Dictionary of English Place-Names; A.D. Mills; Dictionary of English Place-Names; Watts; Cambridge Dictionary of English Place-names
Langley,'Long wood/clearing'.,"lang Old English - Long, tall.; lēah Old English - A forest, wood, glade, clearing; (later) a pasture, meadow.",Sandred & Lingstrom; Place-names of Norfolk; A.D. Mills; Dictionary of English Place-Names; E. Ekwall; Dictionary of English Place-Names; Watts; Cambridge Dictionary of English Place-names
Larling,'*Lyrel's people'.,-ingas Old English - The people of . . . ; the people called after . . .; Personal name (Old English) Old English - Personal name,Sandred & Lingstrom; Place-names of Norfolk; E. Ekwall; Dictionary of English Place-Names; Watts; Cambridge Dictionary of English Place-names; A.D. Mills; Dictionary of English Place-Names
Launditch Hundred,"'*Lawa's ditch'. The hundred name is an old name for the Devil's Dyke. The meeting-place is where the road to Norwich crosses the dyke. The same personal name appears to be in 'Longham', the parish where the meeting-place was held.","dīc Old English - A ditch, usually an excavated trench, either defensive or for drainage of water.; hundred Old English - One hundred; an administrative division of a county.; Personal name (Old English) Old English - Personal name",Anderson (unspecified work)
Lessingham,'Homestead/village of Leofsige s people'.,-ingahām Old English - The village of the people of . . . ; the village of the people called after . . .; Personal name (Old English) Old English - Personal name,Sandred & Lingstrom; Place-names of Norfolk; Watts; Cambridge Dictionary of English Place-names; A.D. Mills; Dictionary of English Place-Names; E. Ekwall; Dictionary of English Place-Names
Letheringsett,"Uncertain. Perhaps, 'dwelling-place of Leodhere's people' or 'dwelling-place of the *Hleothringas (= the dwellers on the noisy stream)'. Alternative, 'dwellers on the *Hleothre'.","-ingas Old English - The people of . . . ; the people called after . . .; Personal name (Old English) Old English - Personal name; River-name Unknown - River-name; sǣte Old English - Settlers, dwellers.; set Old English - A dwelling, a camp, a place for animals, a stable, a fold.",Watts; Cambridge Dictionary of English Place-names; E. Ekwall; Dictionary of English Place-Names; Sandred & Lingstrom; Place-names of Norfolk; A.D. Mills; Dictionary of English Place-Names
Letton,'Stream farm/settlement'.,"lacu Old English - A small stream, a watercourse.; tūn Old English - An enclosure; a farmstead; a village; an estate.",Watts; Cambridge Dictionary of English Place-names; E. Ekwall; Dictionary of English Place-Names; A.D. Mills; Dictionary of English Place-Names; Sandred & Lingstrom; Place-names of Norfolk
Leziate,'Pasture gate'.,"geat Old English - A hole, an opening, a gap, a pass, a passage; a gate(way).; lǣs Old English - Pasture, meadow-land.",E. Ekwall; Dictionary of English Place-Names; Watts; Cambridge Dictionary of English Place-names; Sandred & Lingstrom; Place-names of Norfolk; A.D. Mills; Dictionary of English Place-Names
Limpenhoe,'*Limpa's hill-spur'.,hōh Old English - A heel; a sharply projecting piece of ground.; Personal name (Old English) Old English - Personal name,Watts; Cambridge Dictionary of English Place-names; Sandred & Lingstrom; Place-names of Norfolk; E. Ekwall; Dictionary of English Place-Names; A.D. Mills; Dictionary of English Place-Names
Lingwood,"'Bank wood' or perhaps, 'heather wood'","hlinc Old English - A bank, a ledge; a terrace; a ledge of ploughland on a hillside; an unploughed strip between fields.; lyng Old Norse - Ling, heather.; wudu Old English - A wood; or wood, timber.",E. Ekwall; Dictionary of English Place-Names; Sandred & Lingstrom; Place-names of Norfolk; A.D. Mills; Dictionary of English Place-Names; Watts; Cambridge Dictionary of English Place-names
Litcham,'Enclosure homestead/village' or 'hemmed-in land with an enclosure'.,"hām Old English - A village, a village community, a manor, an estate, a homestead.; hamm Old English - Land hemmed in by water or marsh (perhaps also by high ground); a river-meadow; cultivated plot on the edge of woodland or moor.; lycce Old English - An enclosure.",E. Ekwall; Dictionary of English Place-Names; Watts; Cambridge Dictionary of English Place-names; Sandred & Lingstrom; Place-names of Norfolk; A.D. Mills; Dictionary of English Place-Names
Little Barningham,'Homestead/village of Beorn's people'.,-ingahām Old English - The village of the people of . . . ; the village of the people called after . . .; Personal name (Old English) Old English - Personal name,Watts; Cambridge Dictionary of English Place-names; E. Ekwall; Dictionary of English Place-Names; A.D. Mills; Dictionary of English Place-Names; Sandred & Lingstrom; Place-names of Norfolk
Little Dunham,DELETE,"dūn Old English - A hill.; hām Old English - A village, a village community, a manor, an estate, a homestead.; parva Latin - Small.",A.D. Mills; Dictionary of English Place-Names; Sandred & Lingstrom; Place-names of Norfolk; Watts; Cambridge Dictionary of English Place-names; E. Ekwall; Dictionary of English Place-Names
Little Ellingham,"'Homestead/village of Ella's people' or possibly, 'homestead/village at Ella's place'.","-ing Old English - Place-name forming suffix.; -ingas Old English - The people of . . . ; the people called after . . .; hām Old English - A village, a village community, a manor, an estate, a homestead.; Personal name (Old English) Old English - Personal name",E. Ekwall; Dictionary of English Place-Names; Sandred & Lingstrom; Place-names of Norfolk; A.D. Mills; Dictionary of English Place-Names; Watts; Cambridge Dictionary of English Place-names
Little Fransham,"Uncertain. Either, 'homestead/village' or 'hemmed-in land' with an obscure personal name.","hām Old English - A village, a village community, a manor, an estate, a homestead.; hamm Old English - Land hemmed in by water or marsh (perhaps also by high ground); a river-meadow; cultivated plot on the edge of woodland or moor.; parva Latin - Small.; Personal name (Uncertain) Unknown - Personal name",Sandred & Lingstrom; Place-names of Norfolk; Watts; Cambridge Dictionary of English Place-names; E. Ekwall; Dictionary of English Place-Names; A.D. Mills; Dictionary of English Place-Names
Little Massingham,'Homestead/village of Maessa's people'.,-ingahām Old English - The village of the people of . . . ; the village of the people called after . . .; parva Latin - Small.; Personal name (Old English) Old English - Personal name,E. Ekwall; Dictionary of English Place-Names; Sandred & Lingstrom; Place-names of Norfolk; A.D. Mills; Dictionary of English Place-Names; Watts; Cambridge Dictionary of English Place-names
Little Melton,'Middle farm/settlement'.,middel Old English - Middle.; parva Latin - Small.; tūn Old English - An enclosure; a farmstead; a village; an estate.,Watts; Cambridge Dictionary of English Place-names; E. Ekwall; Dictionary of English Place-Names; Sandred & Lingstrom; Place-names of Norfolk; A.D. Mills; Dictionary of English Place-Names
Little Witchingham,"Uncertain. 'Homestead/village of *Wic's people', homestead/ village of the Wicingas (= people of Wic), or perhaps, 'pirates' homestead/village'.","-ingas Old English - The people of . . . ; the people called after . . .; hām Old English - A village, a village community, a manor, an estate, a homestead.; Personal name (Old English) Old English - Personal name; wīc Old English - A dwelling; a building or collection of buildings for special purposes; a farm, a dairy farm; a trading or industrial settlement; or (in the plural) a hamlet, village.; wīcing Old English - A pirate.",Sandred & Lingstrom; Place-names of Norfolk; Watts; Cambridge Dictionary of English Place-names; E. Ekwall; Dictionary of English Place-Names; A.D. Mills; Dictionary of English Place-Names
Loddon,"'River Loddon', probably an old name of the River Chet. The old hundred name, 'River Loddon people', from the river-name + -ingas, was later ousted by the name of the village of Loddon. the site of the meeting-place is apparently unknown.",hundred Old English - One hundred; an administrative division of a county.; River-name Unknown - River-name,Watts; Cambridge Dictionary of English Place-names; A.D. Mills; Dictionary of English Place-Names; Sandred & Lingstrom; Place-names of Norfolk; E. Ekwall; Dictionary of English Place-Names; Anderson (unspecified work)
Long Stratton or Stratton St. Mary,'Farm/settlement on a Roman road'. Also known as Stratton St. Mary from the dedication of the church. It is on the Roman road from Baylham to Caistor St. Edmund.,"lang Old English - Long, tall.; Saint's Name Unknown - Saint's name.; strēt Old English; tūn Old English - An enclosure; a farmstead; a village; an estate.; wald Old English",A.D. Mills; Dictionary of English Place-Names; E. Ekwall; Dictionary of English Place-Names; Watts; Cambridge Dictionary of English Place-names; Sandred & Lingstrom; Place-names of Norfolk
Longham,'Homestead/village of *Lawa's people'. The same personal appears to be in the name of Launditch hundred (see entry).,-ingahām Old English - The village of the people of . . . ; the village of the people called after . . .; Personal name (Old English) Old English - Personal name,E. Ekwall; Dictionary of English Place-Names; Watts; Cambridge Dictionary of English Place-names; Sandred & Lingstrom; Place-names of Norfolk; A.D. Mills; Dictionary of English Place-Names
Ludham,"Possibly, 'Luda's homestead/village' but perhaps, 'homestead/village on the *Hlude (= noisy one)', an old name for Womack Water.","hām Old English - A village, a village community, a manor, an estate, a homestead.; Personal name (Old English) Old English - Personal name; River-name Unknown - River-name",E. Ekwall; Dictionary of English Place-Names; Sandred & Lingstrom; Place-names of Norfolk; Watts; Cambridge Dictionary of English Place-names; A.D. Mills; Dictionary of English Place-Names
Lynford,"'Flax ford' or perhaps, 'ford on the road to Lynn'.",flax Middle English - Flax.; ford Old English - A ford.; Place-name Unknown - Place-name,Sandred & Lingstrom; Place-names of Norfolk; A.D. Mills; Dictionary of English Place-Names; E. Ekwall; Dictionary of English Place-Names; Watts; Cambridge Dictionary of English Place-names
Lyng,'Bank'.,"hlinc Old English - A bank, a ledge; a terrace; a ledge of ploughland on a hillside; an unploughed strip between fields.",Watts; Cambridge Dictionary of English Place-names; A.D. Mills; Dictionary of English Place-Names; Sandred & Lingstrom; Place-names of Norfolk; E. Ekwall; Dictionary of English Place-Names
Mannington,"Either, 'farm/settlement of Mann(a)'s people' or 'Mann(a)'s farm/settlement'.","-ingas Old English - The people of . . . ; the people called after . . .; -ingtūn Old English - A settlement called after, or connected with . . .; Personal name (Old English) Old English - Personal name; tūn Old English - An enclosure; a farmstead; a village; an estate.",E. Ekwall; Dictionary of English Place-Names; Watts; Cambridge Dictionary of English Place-names; A.D. Mills; Dictionary of English Place-Names; Sandred & Lingstrom; Place-names of Norfolk
Marham,'Pool homestead/village' or 'hemmed-in land with a pool'.,"hām Old English - A village, a village community, a manor, an estate, a homestead.; hamm Old English - Land hemmed in by water or marsh (perhaps also by high ground); a river-meadow; cultivated plot on the edge of woodland or moor.; mere Old English - A pond, a pool, a lake.",Watts; Cambridge Dictionary of English Place-names; E. Ekwall; Dictionary of English Place-Names; Sandred & Lingstrom; Place-names of Norfolk; A.D. Mills; Dictionary of English Place-Names
Markshall,"'Maerec's nook of land', or perhaps, 'Maerec's hall'.","halh Old English - A nook of land; a small valley; dry ground in marsh; a piece of land projecting from, or detached from, the main area of its administrative unit.; hall Old English - A slope, a hill; a boulder.; Personal name (Old English) Old English - Personal name",E. Ekwall; Dictionary of English Place-Names; A.D. Mills; Dictionary of English Place-Names; Sandred & Lingstrom; Place-names of Norfolk; Watts; Cambridge Dictionary of English Place-names
Marlingford,"Uncertain. Possibly, 'ford of *Mearthel's people' or perhaps 'ford at Marthing (= the weasel/marten place)'.","-ing Old English - Place-name forming suffix.; -ingas Old English - The people of . . . ; the people called after . . .; ford Old English - A ford.; mearð Old English - A marten, a weasel.; Personal name (Old English) Old English - Personal name",A.D. Mills; Dictionary of English Place-Names; Sandred & Lingstrom; Place-names of Norfolk; E. Ekwall; Dictionary of English Place-Names; Watts; Cambridge Dictionary of English Place-names
Marsham,'Marsh farm/settlement'.,mersc Old English - A marsh.; tūn Old English - An enclosure; a farmstead; a village; an estate.,E. Ekwall; Dictionary of English Place-Names; Sandred & Lingstrom; Place-names of Norfolk; Watts; Cambridge Dictionary of English Place-names; A.D. Mills; Dictionary of English Place-Names
Martham,'Marten homestead/village' or 'weasel/marten hemmed-in land'.,"hām Old English - A village, a village community, a manor, an estate, a homestead.; hamm Old English - Land hemmed in by water or marsh (perhaps also by high ground); a river-meadow; cultivated plot on the edge of woodland or moor.; mearð Old English - A marten, a weasel.",E. Ekwall; Dictionary of English Place-Names; A.D. Mills; Dictionary of English Place-Names; Watts; Cambridge Dictionary of English Place-names; Sandred & Lingstrom; Place-names of Norfolk
Matlask,'Speech ash-tree'. This may have been the meeting place for the hundred.,"æsc Old English; mæðel Old English - Speech, assembly, council.",A.D. Mills; Dictionary of English Place-Names; E. Ekwall; Dictionary of English Place-Names; Watts; Cambridge Dictionary of English Place-names; Sandred & Lingstrom; Place-names of Norfolk
Mattishall,"Probably, '*Ma(e)tt's nook of land'.","halh Old English - A nook of land; a small valley; dry ground in marsh; a piece of land projecting from, or detached from, the main area of its administrative unit.; Personal name (Old English) Old English - Personal name",A.D. Mills; Dictionary of English Place-Names; Sandred & Lingstrom; Place-names of Norfolk; Watts; Cambridge Dictionary of English Place-names; E. Ekwall; Dictionary of English Place-Names
Mattishall Burgh,'Mattishall hill'. 'Mattishall' to distinguish from Southburgh.,berg Old English; Place-name Unknown - Place-name,Sandred & Lingstrom; Place-names of Norfolk; Watts; Cambridge Dictionary of English Place-names; E. Ekwall; Dictionary of English Place-Names; A.D. Mills; Dictionary of English Place-Names
Mautby,'Malti's farm/settlement'.,"bȳ Old Norse - A farmstead, a village.; Personal name (Old Norse) Old Norse - Personal name",Watts; Cambridge Dictionary of English Place-names; E. Ekwall; Dictionary of English Place-Names; Sandred & Lingstrom; Place-names of Norfolk; A.D. Mills; Dictionary of English Place-Names
Melton Constable,'Crucifix farm/settlement'. It was held by the Bishop of Norwich's constable in the 12th century.,"conestable Middle English - A constable, the chief officer of a royal household or court, the warden of a royal castle.; mǣl Old English - Speech.; tūn Old English - An enclosure; a farmstead; a village; an estate.",Sandred & Lingstrom; Place-names of Norfolk; A.D. Mills; Dictionary of English Place-Names; Watts; Cambridge Dictionary of English Place-names; E. Ekwall; Dictionary of English Place-Names
Mendham,'*Mynda's homestead/village'.,"hām Old English - A village, a village community, a manor, an estate, a homestead.; Personal name (Old English) Old English - Personal name",Watts; Cambridge Dictionary of English Place-names; A.D. Mills; Dictionary of English Place-Names; E. Ekwall; Dictionary of English Place-Names
Merton,'Pool farm/settlement'.,"mere Old English - A pond, a pool, a lake.; tūn Old English - An enclosure; a farmstead; a village; an estate.",A.D. Mills; Dictionary of English Place-Names; E. Ekwall; Dictionary of English Place-Names; Watts; Cambridge Dictionary of English Place-names; Sandred & Lingstrom; Place-names of Norfolk
Methwold,'Middle forest'.,"meðal Old Norse - Among, between; middle.; wald Old English",E. Ekwall; Dictionary of English Place-Names; Watts; Cambridge Dictionary of English Place-names; A.D. Mills; Dictionary of English Place-Names; Sandred & Lingstrom; Place-names of Norfolk
Metton,"Uncertain. 'Meadow farm/settlement' or 'mowing farm/settlement', perhaps indicating a place where grass or another crop was mown.","mǣd Old English - A meadow.; mǣð Old English - Mowing, the cutting of grass or corn.; tūn Old English - An enclosure; a farmstead; a village; an estate.",Sandred & Lingstrom; Place-names of Norfolk; E. Ekwall; Dictionary of English Place-Names; A.D. Mills; Dictionary of English Place-Names; Watts; Cambridge Dictionary of English Place-names
Middleton,'Middle farm/settlement'.,middel Old English - Middle.; tūn Old English - An enclosure; a farmstead; a village; an estate.,E. Ekwall; Dictionary of English Place-Names; Watts; Cambridge Dictionary of English Place-names; Sandred & Lingstrom; Place-names of Norfolk; A.D. Mills; Dictionary of English Place-Names
Mileham,'Mill homestead/village'.,"hām Old English - A village, a village community, a manor, an estate, a homestead.; myln Old English - A mill.",A.D. Mills; Dictionary of English Place-Names; E. Ekwall; Dictionary of English Place-Names; Sandred & Lingstrom; Place-names of Norfolk; Watts; Cambridge Dictionary of English Place-names
Mintlyn,'Myntel's people'.,-ingas Old English - The people of . . . ; the people called after . . .; Personal name (Old English) Old English - Personal name,Sandred & Lingstrom; Place-names of Norfolk; Watts; Cambridge Dictionary of English Place-names; E. Ekwall; Dictionary of English Place-Names; A.D. Mills; Dictionary of English Place-Names
Morley St. Botolph,'Moor wood/clearing'. 'St. Botolph' after the dedication of the church.,"lēah Old English - A forest, wood, glade, clearing; (later) a pasture, meadow.; mōr Old English - A marsh, barren upland.; Saint's Name Unknown - Saint's name.",Sandred & Lingstrom; Place-names of Norfolk; E. Ekwall; Dictionary of English Place-Names; A.D. Mills; Dictionary of English Place-Names; Watts; Cambridge Dictionary of English Place-names
Morley St. Peter,'Moor wood/clearing'. 'St. Peter' after the dedication of the church.,"lēah Old English - A forest, wood, glade, clearing; (later) a pasture, meadow.; mōr Old English - A marsh, barren upland.; Saint's Name Unknown - Saint's name.",E. Ekwall; Dictionary of English Place-Names; Watts; Cambridge Dictionary of English Place-names; Sandred & Lingstrom; Place-names of Norfolk; A.D. Mills; Dictionary of English Place-Names
Morning Thorpe,"Uncertain. Perhaps, 'outlying farm/settlement of the pool dwellers', 'outlying farm/settlement of the boundary dwellers' or 'outlying farm/settlement of Maera's people'.","-ingas Old English - The people of . . . ; the people called after . . .; mǣre Old English - A boundary, a border; (in field names) the balk of a ploughland.; mere Old English - A pond, a pool, a lake.; Personal name (Old English) Old English - Personal name; þorp Old Norse - A secondary settlement, a dependent outlying farmstead or hamlet.",Sandred & Lingstrom; Place-names of Norfolk; A.D. Mills; Dictionary of English Place-Names; E. Ekwall; Dictionary of English Place-Names; Watts; Cambridge Dictionary of English Place-names
Morston,'Marsh farm/settlement'.,mersc Old English - A marsh.; tūn Old English - An enclosure; a farmstead; a village; an estate.,Watts; Cambridge Dictionary of English Place-names; A.D. Mills; Dictionary of English Place-Names; E. Ekwall; Dictionary of English Place-Names; Sandred & Lingstrom; Place-names of Norfolk
Morton on the Hill,'Moor farm/settlement'.,mór Old Norse - A marsh; barren upland.; tūn Old English - An enclosure; a farmstead; a village; an estate.,Watts; Cambridge Dictionary of English Place-names; E. Ekwall; Dictionary of English Place-Names; A.D. Mills; Dictionary of English Place-Names; Sandred & Lingstrom; Place-names of Norfolk
Moulton St. Mary,Uncertain. 'Mula's farm/settlement' or 'mule farm/settlement'.,mūl Old English - A mule.; Personal name (Old English) Old English - Personal name; tūn Old English - An enclosure; a farmstead; a village; an estate.,Sandred & Lingstrom; Place-names of Norfolk; A.D. Mills; Dictionary of English Place-Names; E. Ekwall; Dictionary of English Place-Names; Watts; Cambridge Dictionary of English Place-names
Moulton St. Michael,"Uncertain. Perhaps, 'Mula's farm/settlement' or 'mules' farm/settlement'. 'St. Michael' from the church dedication and to distinguish from Little Moulton.",mūl Old English - A mule.; Personal name (Old English) Old English - Personal name; Saint's Name Unknown - Saint's name.; tūn Old English - An enclosure; a farmstead; a village; an estate.,Watts; Cambridge Dictionary of English Place-names; Sandred & Lingstrom; Place-names of Norfolk; E. Ekwall; Dictionary of English Place-Names; A.D. Mills; Dictionary of English Place-Names
Mulbarton,'Milk farm'. OE bere-tun may be used here in a later sense of an 'outlying grange' or 'demesne farm'.,"bere-tūn Old English - A barley enclosure, a barley farm; later a demesne farm, an outlying grange.; meoluc Old English - Milk; probably used of rich pastures and the like yielding good milk; in stream-names it may denote a turbid nature or milky colour or streams which run through rich pastures.",A.D. Mills; Dictionary of English Place-Names; Watts; Cambridge Dictionary of English Place-names; E. Ekwall; Dictionary of English Place-Names; Sandred & Lingstrom; Place-names of Norfolk
Mundesley,'Mul's/*Mundel's wood/clearing'.,"lēah Old English - A forest, wood, glade, clearing; (later) a pasture, meadow.; Personal name (Old English) Old English - Personal name",Sandred & Lingstrom; Place-names of Norfolk; E. Ekwall; Dictionary of English Place-Names; A.D. Mills; Dictionary of English Place-Names; Watts; Cambridge Dictionary of English Place-names
Mundford,'*Munda's ford'.,ford Old English - A ford.; Personal name (Old English) Old English - Personal name,A.D. Mills; Dictionary of English Place-Names; E. Ekwall; Dictionary of English Place-Names; Watts; Cambridge Dictionary of English Place-names; Sandred & Lingstrom; Place-names of Norfolk
Mundham,'*Munda's homestead/enclosure' or '*Munda's hemmed-in land'.,"hām Old English - A village, a village community, a manor, an estate, a homestead.; hamm Old English - Land hemmed in by water or marsh (perhaps also by high ground); a river-meadow; cultivated plot on the edge of woodland or moor.; Personal name (Old English) Old English - Personal name",Watts; Cambridge Dictionary of English Place-names; A.D. Mills; Dictionary of English Place-Names; E. Ekwall; Dictionary of English Place-Names; Sandred & Lingstrom; Place-names of Norfolk
Narborough,"Perhaps, 'fortification at the narrow place'. The River Nar is a back-formation from the place-name.",burh Old English - A fortified place.; nearu Old English - Narrow.,Watts; Cambridge Dictionary of English Place-names; Sandred & Lingstrom; Place-names of Norfolk; A.D. Mills; Dictionary of English Place-Names; E. Ekwall; Dictionary of English Place-Names
Narford,"Perhaps, 'narrow ford' or 'ford at the narrow place'.",ford Old English - A ford.; nearu Old English - Narrow.,A.D. Mills; Dictionary of English Place-Names; Watts; Cambridge Dictionary of English Place-names; Sandred & Lingstrom; Place-names of Norfolk; E. Ekwall; Dictionary of English Place-Names
Neatishead,"Uncertain. 'Vassal's household' or perhaps, '*Snaet's household'.","genēat Old English - Companion, vassal.; hīred Old English - A household.; Personal name (Old English) Old English - Personal name",E. Ekwall; Dictionary of English Place-Names; Sandred & Lingstrom; Place-names of Norfolk; Watts; Cambridge Dictionary of English Place-names; A.D. Mills; Dictionary of English Place-Names
Necton,'Neck of land farm/settlement'.,hnecca Old English - A neck; topographically a neck of land.; tūn Old English - An enclosure; a farmstead; a village; an estate.,Watts; Cambridge Dictionary of English Place-names; Sandred & Lingstrom; Place-names of Norfolk; E. Ekwall; Dictionary of English Place-Names; A.D. Mills; Dictionary of English Place-Names
Needham,"'Poor homestead/village' or perhaps, 'poor hemmed-in land'.","hām Old English - A village, a village community, a manor, an estate, a homestead.; hamm Old English - Land hemmed in by water or marsh (perhaps also by high ground); a river-meadow; cultivated plot on the edge of woodland or moor.; nēd Old English",A.D. Mills; Dictionary of English Place-Names; Sandred & Lingstrom; Place-names of Norfolk; Watts; Cambridge Dictionary of English Place-names; E. Ekwall; Dictionary of English Place-Names
New and Old Buckenham,Uncertain. 'Bucca's homestead/village' or 'bucks' homestead/village'.,"bucca Old English - A he-goat.; hām Old English - A village, a village community, a manor, an estate, a homestead.; nova Latin - New.; Personal name (Old English) Old English - Personal name; vetus Latin - Old, ancient, of long standing.",E. Ekwall; Dictionary of English Place-Names; Sandred & Lingstrom; Place-names of Norfolk; Watts; Cambridge Dictionary of English Place-names; A.D. Mills; Dictionary of English Place-Names
Newton by Castle Acre,'New farm/settlement' by 'cultivated land'. 'Castle' in reference to the famous Norman castle here.,"æcer Old English - A plot of cultivated land; a measure of land which a yoke of oxen could plough in a day. (Indistinguishable from akr.); castel Middle English - A large defensive building, a stronghold, a castle; a large mansion, built in the style of a medieval caste.; nīwe Old English - New.; tún Old Norse - An enclosure, a farmstead.",E. Ekwall; Dictionary of English Place-Names; Watts; Cambridge Dictionary of English Place-names; A.D. Mills; Dictionary of English Place-Names; Sandred & Lingstrom; Place-names of Norfolk
Newton Flotman,'New farm/settlement'. The de Ferers family held land here in the 13th century.,Family name Unknown - Family name.; nīwe Old English - New.; tūn Old English - An enclosure; a farmstead; a village; an estate.,Sandred & Lingstrom; Place-names of Norfolk; A.D. Mills; Dictionary of English Place-Names; Watts; Cambridge Dictionary of English Place-names; E. Ekwall; Dictionary of English Place-Names
North and South Creake,'Cliff/rock'.,creig Celtic,E. Ekwall; Dictionary of English Place-Names; A.D. Mills; Dictionary of English Place-Names; Sandred & Lingstrom; Place-names of Norfolk; Watts; Cambridge Dictionary of English Place-names
North and South Pickenham,'*Pica's homestead/village'.,"hām Old English - A village, a village community, a manor, an estate, a homestead.; Personal name (Old English) Old English - Personal name",Sandred & Lingstrom; Place-names of Norfolk; E. Ekwall; Dictionary of English Place-Names; Watts; Cambridge Dictionary of English Place-names; A.D. Mills; Dictionary of English Place-Names
North and South Repps,"Uncertain. 'Strips of land' or perhaps, 'district/community'. 'North' to distinguish from South Repps.","hreppr Old Norse - A district, community.; ripel Old English - A strip of land.",A.D. Mills; Dictionary of English Place-Names; Sandred & Lingstrom; Place-names of Norfolk; E. Ekwall; Dictionary of English Place-Names; Watts; Cambridge Dictionary of English Place-names
North and South Wootton,'Wood farm/settlement'. 'North' to distinguish from South Wootton.,"tūn Old English - An enclosure; a farmstead; a village; an estate.; wudu Old English - A wood; or wood, timber.",Watts; Cambridge Dictionary of English Place-names; A.D. Mills; Dictionary of English Place-Names; Sandred & Lingstrom; Place-names of Norfolk; E. Ekwall; Dictionary of English Place-Names
North Elmham,'Elm homestead/village' or 'hemmed-in land where elms grow'. 'North' to distinguish from other Elmhams.,"elm Old English - An elm-tree.; hām Old English - A village, a village community, a manor, an estate, a homestead.; hamm Old English - Land hemmed in by water or marsh (perhaps also by high ground); a river-meadow; cultivated plot on the edge of woodland or moor.",Sandred & Lingstrom; Place-names of Norfolk; E. Ekwall; Dictionary of English Place-Names; A.D. Mills; Dictionary of English Place-Names; Watts; Cambridge Dictionary of English Place-names
North Greenhoe Hundred,,"grœnn Old Norse - Green, grass-grown.; haugr Old Norse - A natural height, a hill, a heap, an artificial mound, a burial mound.; hundred Old English - One hundred; an administrative division of a county.",Anderson (unspecified work)
North Lopham,"'*Loppa's homestead/village'. Alternatively, it has been suggested that the first element could be a hitherto unrecognised OE element *lop, 'hill', cognate with modern English lump; both Lophams are situated on small hillocks.","hām Old English - A village, a village community, a manor, an estate, a homestead.; Personal name (Old English) Old English - Personal name",Watts; Cambridge Dictionary of English Place-names; E. Ekwall; Dictionary of English Place-Names; A.D. Mills; Dictionary of English Place-Names; Sandred & Lingstrom; Place-names of Norfolk
North Runcton,"'Pole farm/settlement', either the sense of a trackway or to denote an enclosed settlement. 'North' to distinguish from South Runcton and Runcton Holme.","hrung Old English - A rung, a staff, a pole.; tūn Old English - An enclosure; a farmstead; a village; an estate.",E. Ekwall; Dictionary of English Place-Names; Watts; Cambridge Dictionary of English Place-names; Sandred & Lingstrom; Place-names of Norfolk; A.D. Mills; Dictionary of English Place-Names
North Tuddenham,'Tuda's homestead/village'.,"hām Old English - A village, a village community, a manor, an estate, a homestead.; Personal name (Old English) Old English - Personal name",Sandred & Lingstrom; Place-names of Norfolk; A.D. Mills; Dictionary of English Place-Names; E. Ekwall; Dictionary of English Place-Names; Watts; Cambridge Dictionary of English Place-names
North Walsham,'W(e)alh's homestead/village'.,"hām Old English - A village, a village community, a manor, an estate, a homestead.; Personal name (Old English) Old English - Personal name",Sandred & Lingstrom; Place-names of Norfolk; A.D. Mills; Dictionary of English Place-Names; E. Ekwall; Dictionary of English Place-Names; Watts; Cambridge Dictionary of English Place-names
Northwold,'North forest'.,"norð Old English - Northern, north.; wald Old English",Watts; Cambridge Dictionary of English Place-names; Sandred & Lingstrom; Place-names of Norfolk; E. Ekwall; Dictionary of English Place-Names; A.D. Mills; Dictionary of English Place-Names
Norton Subcourse,"'North farm/settlement'. It was held by the Subcourse family, possibly a corruption of 'Surlecors'.","Family name Unknown - Family name.; norð Old English - Northern, north.; tūn Old English - An enclosure; a farmstead; a village; an estate.",Sandred & Lingstrom; Place-names of Norfolk; E. Ekwall; Dictionary of English Place-Names; Watts; Cambridge Dictionary of English Place-names; A.D. Mills; Dictionary of English Place-Names
Norwich,'North specialised farm'.,"norð Old English - Northern, north.; wīc Old English - A dwelling; a building or collection of buildings for special purposes; a farm, a dairy farm; a trading or industrial settlement; or (in the plural) a hamlet, village.",Sandred & Lingstrom; Place-names of Norfolk; A.D. Mills; Dictionary of English Place-Names; E. Ekwall; Dictionary of English Place-Names; Watts; Cambridge Dictionary of English Place-names
Ormesby St Margaret & St Michael,'Omr's farm/settlement'.,"bȳ Old Norse - A farmstead, a village.; Personal name (Old Norse) Old Norse - Personal name; Saint's Name Unknown - Saint's name.",Sandred & Lingstrom; Place-names of Norfolk; A.D. Mills; Dictionary of English Place-Names; E. Ekwall; Dictionary of English Place-Names; Watts; Cambridge Dictionary of English Place-names
Oulton,"'Othulf's farm/settlement', an Anglo-Scandinavian personal name from ON Authulfr.",Personal name (Uncertain) Unknown - Personal name; tūn Old English - An enclosure; a farmstead; a village; an estate.,E. Ekwall; Dictionary of English Place-Names; Sandred & Lingstrom; Place-names of Norfolk; Watts; Cambridge Dictionary of English Place-names; A.D. Mills; Dictionary of English Place-Names
Outwell,"'Outer Well (= spring/stream)'. Originally,a single place called Well; 'Ut' was appended to distinguish from Upwell.","ūt Old English - Outside, on the outskirts.; wella Old English",Watts; Cambridge Dictionary of English Place-names; A.D. Mills; Dictionary of English Place-Names; Reaney; Place-names of Cambridgeshire and the Isle of Ely; E. Ekwall; Dictionary of English Place-Names
Overstrand,"Possibly, 'ridge shore', or perhaps 'narrow shore' to contrast with nearby Sidestrand.","ōfer Old English - A margin; a river-bank, sea-shore.; ofer Old English - The tip of a promontory, a flat-topped ridge.; strand Old English - Land at the edge of a piece of water, esp. the sea; a shore, a bank.",E. Ekwall; Dictionary of English Place-Names; A.D. Mills; Dictionary of English Place-Names; Sandred & Lingstrom; Place-names of Norfolk; Watts; Cambridge Dictionary of English Place-names
Ovington,'Farm/settlement connected with Ufa'.,"-ingtūn Old English - A settlement called after, or connected with . . .; Personal name (Old English) Old English - Personal name",Watts; Cambridge Dictionary of English Place-names; E. Ekwall; Dictionary of English Place-Names; A.D. Mills; Dictionary of English Place-Names; Sandred & Lingstrom; Place-names of Norfolk
Oxborough,'Ox fortification'.,burh Old English - A fortified place.; oxa Old English - An ox.,Sandred & Lingstrom; Place-names of Norfolk; Watts; Cambridge Dictionary of English Place-names; E. Ekwall; Dictionary of English Place-Names; A.D. Mills; Dictionary of English Place-Names
Oxnead,'Oxen enclosure'.,"edisc Old English - An enclosure, an enclosed park.; oxa Old English - An ox.",E. Ekwall; Dictionary of English Place-Names; Sandred & Lingstrom; Place-names of Norfolk; Watts; Cambridge Dictionary of English Place-names; A.D. Mills; Dictionary of English Place-Names
Oxwick and Pattesley,'Ox specialised farm'. 'Paettel's wood/clearing'.,"lēah Old English - A forest, wood, glade, clearing; (later) a pasture, meadow.; oxa Old English - An ox.; Personal name (Old English) Old English - Personal name; wīc Old English - A dwelling; a building or collection of buildings for special purposes; a farm, a dairy farm; a trading or industrial settlement; or (in the plural) a hamlet, village.",Watts; Cambridge Dictionary of English Place-names; Sandred & Lingstrom; Place-names of Norfolk; E. Ekwall; Dictionary of English Place-Names; A.D. Mills; Dictionary of English Place-Names
Palling,'Paelli's people'.,-ingas Old English - The people of . . . ; the people called after . . .; Personal name (Old English) Old English - Personal name,A.D. Mills; Dictionary of English Place-Names; E. Ekwall; Dictionary of English Place-Names; Watts; Cambridge Dictionary of English Place-names; Sandred & Lingstrom; Place-names of Norfolk
Paston,"Uncertain. Possibly, '*Paecci's farm/settlement' or perhaps, 'puddle farm/settlement'.",pæsc(e) Old English - Puddle.; Personal name (Old English) Old English - Personal name; tūn Old English - An enclosure; a farmstead; a village; an estate.,Sandred & Lingstrom; Place-names of Norfolk; A.D. Mills; Dictionary of English Place-Names; Watts; Cambridge Dictionary of English Place-names; E. Ekwall; Dictionary of English Place-Names
Pensthorpe,"'*Pening's outlying farm/settlement' or perhaps, 'Peningr's outlying farm/settlement'. Alternatively, 'outlying farm/settlement at *Penning (= the hill)'.","-ing Old English - Place-name forming suffix.; penn Celtic; Personal name (Old English) Old English - Personal name; Personal name (Old Norse) Old Norse - Personal name; þorp Old Norse - A secondary settlement, a dependent outlying farmstead or hamlet.",E. Ekwall; Dictionary of English Place-Names; A.D. Mills; Dictionary of English Place-Names; Watts; Cambridge Dictionary of English Place-names; Sandred & Lingstrom; Place-names of Norfolk
Pentney,"Possibly, '*Penta's island'. The specific might also be a lost Celtic river-name. '*Paente/Pente'.","ēg Old English - An island.  In ancient settlement-names, most frequently refers to dry ground surrounded by marsh.  Also used of islands in modern sense.  In late OE names: well-watered land.; Personal name (Old English) Old English - Personal name; River-name Unknown - River-name",E. Ekwall; Dictionary of English Place-Names; Watts; Cambridge Dictionary of English Place-names; Sandred & Lingstrom; Place-names of Norfolk; A.D. Mills; Dictionary of English Place-Names
Plumstead,'Plum-tree place'.,"plūme Old English - A plum; a plum-tree.; stede Old English - A place, a site, a locality; a religious house or foundation; a place of communal activity; a farm, a dairy-farm, an estate.",A.D. Mills; Dictionary of English Place-Names; E. Ekwall; Dictionary of English Place-Names; Sandred & Lingstrom; Place-names of Norfolk; Watts; Cambridge Dictionary of English Place-names
Poringland,"Uncertain. 'Poringas' land'. Although it has been suggested that the specific is an OE personal name, its origins remain uncertain.",-ingas Old English - The people of . . . ; the people called after . . .; land Old English - Land (as part of earth's surface); an estate; possibly also new arable area.  In minor and field names: strip in a field-system.; Personal name (Old English) Old English - Personal name,Sandred & Lingstrom; Place-names of Norfolk; E. Ekwall; Dictionary of English Place-Names; A.D. Mills; Dictionary of English Place-Names; Watts; Cambridge Dictionary of English Place-names
Postwick,'*Poss(a)'s specialised farm'.,"Personal name (Old English) Old English - Personal name; wīc Old English - A dwelling; a building or collection of buildings for special purposes; a farm, a dairy farm; a trading or industrial settlement; or (in the plural) a hamlet, village.",A.D. Mills; Dictionary of English Place-Names; Watts; Cambridge Dictionary of English Place-names; Sandred & Lingstrom; Place-names of Norfolk; E. Ekwall; Dictionary of English Place-Names
Potter Heigham,"'Hatch homestead/village' or perhaps, 'hedge homestead/village'. There is evidence for Romano-British pottery industry here.","hæcc Old English - A hatch, a grating, a half-gate, a gate; a sluice-gate.; hām Old English - A village, a village community, a manor, an estate, a homestead.; hamm Old English - Land hemmed in by water or marsh (perhaps also by high ground); a river-meadow; cultivated plot on the edge of woodland or moor.; hecg Old English - A hedge.; pottere Old English - A pot-maker.",A.D. Mills; Dictionary of English Place-Names; Sandred & Lingstrom; Place-names of Norfolk; E. Ekwall; Dictionary of English Place-Names; Watts; Cambridge Dictionary of English Place-names
Pudding Norton,'North farm/settlement'. The origins of the affix 'Pudding' are obscure.,"norð Old English - Northern, north.; Obscure element Unknown - Obscure element; tūn Old English - An enclosure; a farmstead; a village; an estate.",A.D. Mills; Dictionary of English Place-Names; Sandred & Lingstrom; Place-names of Norfolk; Watts; Cambridge Dictionary of English Place-names; E. Ekwall; Dictionary of English Place-Names
Pulham St. Mary Magdalen,'Pool homestead/village' or 'pool hemmed-in land'. 'St. Mary Magdalen' from the church dedication.,"hām Old English - A village, a village community, a manor, an estate, a homestead.; hamm Old English - Land hemmed in by water or marsh (perhaps also by high ground); a river-meadow; cultivated plot on the edge of woodland or moor.; pōl Old English - A pool.; pull Old English - A pool.; Saint's Name Unknown - Saint's name.",E. Ekwall; Dictionary of English Place-Names; A.D. Mills; Dictionary of English Place-Names; Sandred & Lingstrom; Place-names of Norfolk; Watts; Cambridge Dictionary of English Place-names
Pulham St. Mary the Virgin,'Pool homestead/village' or 'pool hemmed-in land'. 'St. Mary the Virgin from the church dedication.,"hām Old English - A village, a village community, a manor, an estate, a homestead.; hamm Old English - Land hemmed in by water or marsh (perhaps also by high ground); a river-meadow; cultivated plot on the edge of woodland or moor.; pōl Old English - A pool.; pull Old English - A pool.; Saint's Name Unknown - Saint's name.",Sandred & Lingstrom; Place-names of Norfolk; A.D. Mills; Dictionary of English Place-Names; E. Ekwall; Dictionary of English Place-Names; Watts; Cambridge Dictionary of English Place-names
Quarles,"Literally, 'circles'. The reference may have been to nearby stone circles.",hwerfel Old English,Sandred & Lingstrom; Place-names of Norfolk; E. Ekwall; Dictionary of English Place-Names; Watts; Cambridge Dictionary of English Place-names; A.D. Mills; Dictionary of English Place-Names
Quidenham,'*Cwida's homestead/village'.,"hām Old English - A village, a village community, a manor, an estate, a homestead.; Personal name (Old English) Old English - Personal name",Sandred & Lingstrom; Place-names of Norfolk; E. Ekwall; Dictionary of English Place-Names; A.D. Mills; Dictionary of English Place-Names; Watts; Cambridge Dictionary of English Place-names
Rackheath,"Uncertain. 'Narrow landing place' or perhaps, 'hollow landing place' or 'narrow path landing place'.","hraca Old English - A throat; topographically a pass, a narrow passage.; hȳð Old English - A landing place on a river; an inland port.; racu Old English - A hollow, a stream, the bed of a stream.; rake Middle English - A narrow path (often up a hill, or leading upland and inland from a village to its pastures).",E. Ekwall; Dictionary of English Place-Names; Sandred & Lingstrom; Place-names of Norfolk; A.D. Mills; Dictionary of English Place-Names; Watts; Cambridge Dictionary of English Place-names
Ranworth with Panxworth,"Uncertain. 'Edge enclosure' or perhaps, 'Randi's enclosure. Uncertain. The generic is 'ford' with an obscure first element, perhaps a personal name, 'Panc' .","ford Old English - A ford.; Personal name (Old Norse) Old Norse - Personal name; Personal name (Uncertain) Unknown - Personal name; rand Old English - An edge, a border, a brink, a shore.; worð Old English - An enclosure.",E. Ekwall; Dictionary of English Place-Names; A.D. Mills; Dictionary of English Place-Names; Sandred & Lingstrom; Place-names of Norfolk; Watts; Cambridge Dictionary of English Place-names
Raveningham,'Homestead/village of *Hraefn's people'.,-ingahām Old English - The village of the people of . . . ; the village of the people called after . . .; Personal name (Old English) Old English - Personal name,Sandred & Lingstrom; Place-names of Norfolk; A.D. Mills; Dictionary of English Place-Names; E. Ekwall; Dictionary of English Place-Names; Watts; Cambridge Dictionary of English Place-names
Raynham East South and West,'*Regna's homestead/village' or '*Regna's hemmed-in land'.,"hām Old English - A village, a village community, a manor, an estate, a homestead.; hamm Old English - Land hemmed in by water or marsh (perhaps also by high ground); a river-meadow; cultivated plot on the edge of woodland or moor.; Personal name (Old English) Old English - Personal name",E. Ekwall; Dictionary of English Place-Names; Watts; Cambridge Dictionary of English Place-names; A.D. Mills; Dictionary of English Place-Names; Sandred & Lingstrom; Place-names of Norfolk
Redenhall with Harleston,'Reedy nook of land'. 'Herewulf's farm/settlement'.,"halh Old English - A nook of land; a small valley; dry ground in marsh; a piece of land projecting from, or detached from, the main area of its administrative unit.; hrēoden Old English - Growing with reeds.; Personal name (Old English) Old English - Personal name; tūn Old English - An enclosure; a farmstead; a village; an estate.",E. Ekwall; Dictionary of English Place-Names; Watts; Cambridge Dictionary of English Place-names; A.D. Mills; Dictionary of English Place-Names; Sandred & Lingstrom; Place-names of Norfolk
Reedham,'Reedy homestead/village' or 'reedy hemmed-in land'.,"hām Old English - A village, a village community, a manor, an estate, a homestead.; hamm Old English - Land hemmed in by water or marsh (perhaps also by high ground); a river-meadow; cultivated plot on the edge of woodland or moor.; hrēod Old English - A reed, a rush; a reed-bed.",Watts; Cambridge Dictionary of English Place-names; Sandred & Lingstrom; Place-names of Norfolk; A.D. Mills; Dictionary of English Place-Names; E. Ekwall; Dictionary of English Place-Names
Reepham with Kerdiston,'Reeve's homestead/village' or 'reeve's hemmed-in land'. 'Cenred's farm/settlement'.,"hām Old English - A village, a village community, a manor, an estate, a homestead.; hamm Old English - Land hemmed in by water or marsh (perhaps also by high ground); a river-meadow; cultivated plot on the edge of woodland or moor.; Personal name (Old English) Old English - Personal name; rēfa Old English - A reeve, a bailiff.; tūn Old English - An enclosure; a farmstead; a village; an estate.",E. Ekwall; Dictionary of English Place-Names; A.D. Mills; Dictionary of English Place-Names; Watts; Cambridge Dictionary of English Place-names; Sandred & Lingstrom; Place-names of Norfolk
Repps with Bastwick,"Uncertain. 'Strips of land' or perhaps, 'district/community'. 'South' to distinguish from North Repps. 'Bast specialised farm'.","bæst Old English - Bast, the bark of the lime-tree used for rope-making; the lime-tree.; hreppr Old Norse - A district, community.; ripel Old English - A strip of land.; wīc Old English - A dwelling; a building or collection of buildings for special purposes; a farm, a dairy farm; a trading or industrial settlement; or (in the plural) a hamlet, village.",A.D. Mills; Dictionary of English Place-Names; Watts; Cambridge Dictionary of English Place-names; Sandred & Lingstrom; Place-names of Norfolk; E. Ekwall; Dictionary of English Place-Names
Reymerston,"'Raimar's farm/settlement', from the OG personal name.",Personal name (Uncertain) Unknown - Personal name; tūn Old English - An enclosure; a farmstead; a village; an estate.,A.D. Mills; Dictionary of English Place-Names; Watts; Cambridge Dictionary of English Place-names; Sandred & Lingstrom; Place-names of Norfolk; E. Ekwall; Dictionary of English Place-Names
Riddlesworth,'Hrethel's enclosure'.,Personal name (Old English) Old English - Personal name; worð Old English - An enclosure.,A.D. Mills; Dictionary of English Place-Names; Sandred & Lingstrom; Place-names of Norfolk; Watts; Cambridge Dictionary of English Place-names; E. Ekwall; Dictionary of English Place-Names
Ridlington,"Perhaps, 'farm/settlement connected with *Redel/Hrethel'. The exact form of the personal name is uncertain.","-ingtūn Old English - A settlement called after, or connected with . . .; Personal name (Old English) Old English - Personal name",A.D. Mills; Dictionary of English Place-Names; Watts; Cambridge Dictionary of English Place-names; Sandred & Lingstrom; Place-names of Norfolk; E. Ekwall; Dictionary of English Place-Names
Ringland,'Land of *Rymi's people'.,-ingas Old English - The people of . . . ; the people called after . . .; land Old English - Land (as part of earth's surface); an estate; possibly also new arable area.  In minor and field names: strip in a field-system.; Personal name (Old English) Old English - Personal name,E. Ekwall; Dictionary of English Place-Names; A.D. Mills; Dictionary of English Place-Names; Sandred & Lingstrom; Place-names of Norfolk; Watts; Cambridge Dictionary of English Place-names
Ringstead,'Ring place'. perhaps referring to a stone circle or circular/round topographical feature.,"hring Old English - A ring, a circle; something circular.; stede Old English - A place, a site, a locality; a religious house or foundation; a place of communal activity; a farm, a dairy-farm, an estate.",Sandred & Lingstrom; Place-names of Norfolk; Watts; Cambridge Dictionary of English Place-names; E. Ekwall; Dictionary of English Place-Names; A.D. Mills; Dictionary of English Place-Names
Rockland All Saints,'Rook grove'.,hrókr Old Norse - A rook.; lundr Old Norse - A small wood.,E. Ekwall; Dictionary of English Place-Names; A.D. Mills; Dictionary of English Place-Names; Watts; Cambridge Dictionary of English Place-names; Sandred & Lingstrom; Place-names of Norfolk
Rockland St. Mary,'Rook grove'. The church is dedicated to St. Mary.,hrókr Old Norse - A rook.; lundr Old Norse - A small wood.; Saint's Name Unknown - Saint's name.,Watts; Cambridge Dictionary of English Place-names; Sandred & Lingstrom; Place-names of Norfolk; E. Ekwall; Dictionary of English Place-Names; A.D. Mills; Dictionary of English Place-Names
Rockland St. Peter,'Rook grove'. The church is dedicated to St. Peter.,hrókr Old Norse - A rook.; lundr Old Norse - A small wood.,E. Ekwall; Dictionary of English Place-Names; Sandred & Lingstrom; Place-names of Norfolk; A.D. Mills; Dictionary of English Place-Names; Watts; Cambridge Dictionary of English Place-names
Rollesby,'Hrolfr's farm/settlement'.,"bȳ Old Norse - A farmstead, a village.; Personal name (Old Norse) Old Norse - Personal name",E. Ekwall; Dictionary of English Place-Names; Watts; Cambridge Dictionary of English Place-names; Sandred & Lingstrom; Place-names of Norfolk; A.D. Mills; Dictionary of English Place-Names
Roudham,'Rue homestead/village'.,"hām Old English - A village, a village community, a manor, an estate, a homestead.; rūde Old English - Rue (the shrub).",Sandred & Lingstrom; Place-names of Norfolk; Watts; Cambridge Dictionary of English Place-names; E. Ekwall; Dictionary of English Place-Names; A.D. Mills; Dictionary of English Place-Names
Rougham,'Rough homestead/village'.,"hām Old English - A village, a village community, a manor, an estate, a homestead.; rūh Old English - Rough.",Watts; Cambridge Dictionary of English Place-names; A.D. Mills; Dictionary of English Place-Names; Sandred & Lingstrom; Place-names of Norfolk; E. Ekwall; Dictionary of English Place-Names
Roughton,"'Rough farm/settlement', referring to the character of the ground.",rūh Old English - Rough.; tūn Old English - An enclosure; a farmstead; a village; an estate.,A.D. Mills; Dictionary of English Place-Names; Watts; Cambridge Dictionary of English Place-names; Sandred & Lingstrom; Place-names of Norfolk; E. Ekwall; Dictionary of English Place-Names
Roxham,Obscure.,Obscure element Unknown - Obscure element,Watts; Cambridge Dictionary of English Place-names; A.D. Mills; Dictionary of English Place-Names; Sandred & Lingstrom; Place-names of Norfolk; E. Ekwall; Dictionary of English Place-Names
Roydon,'Rye hill'.,dūn Old English - A hill.; ryge Old English - Rye.,Watts; Cambridge Dictionary of English Place-names; Sandred & Lingstrom; Place-names of Norfolk; A.D. Mills; Dictionary of English Place-Names; E. Ekwall; Dictionary of English Place-Names
Roydon,'Rye hill'.,dūn Old English - A hill.; ryge Old English - Rye.,A.D. Mills; Dictionary of English Place-Names; Sandred & Lingstrom; Place-names of Norfolk; E. Ekwall; Dictionary of English Place-Names; Watts; Cambridge Dictionary of English Place-names
Rudham East and West,'Rudda's homestead/village' or 'Rudda's hemmed-in land'.,"hām Old English - A village, a village community, a manor, an estate, a homestead.; hamm Old English - Land hemmed in by water or marsh (perhaps also by high ground); a river-meadow; cultivated plot on the edge of woodland or moor.; Personal name (Old English) Old English - Personal name",E. Ekwall; Dictionary of English Place-Names; A.D. Mills; Dictionary of English Place-Names; Watts; Cambridge Dictionary of English Place-names; Sandred & Lingstrom; Place-names of Norfolk
Runcton Holme,"'Pole farm/settlment on an island', perhaps denoting a trackway or an enclosed settlement.","holmr Old Norse - An island, an inland promontory, raised ground in marsh, a river-meadow.; hrung Old English - A rung, a staff, a pole.; tūn Old English - An enclosure; a farmstead; a village; an estate.",E. Ekwall; Dictionary of English Place-Names; Sandred & Lingstrom; Place-names of Norfolk; A.D. Mills; Dictionary of English Place-Names; Watts; Cambridge Dictionary of English Place-names
Runhall,"Uncertain. Possibly, 'tree-trunk nook of land', '*Runa's nook of land', or perhaps, 'council's nook of land'.","halh Old English - A nook of land; a small valley; dry ground in marsh; a piece of land projecting from, or detached from, the main area of its administrative unit.; hruna Old English - A tree-trunk, a fallen tree, a log.  As a simplex element, probably a foot-bridge.; Personal name (Old English) Old English - Personal name; rūn Old English - A secret, a mystery, a council.",Watts; Cambridge Dictionary of English Place-names; E. Ekwall; Dictionary of English Place-Names; Sandred & Lingstrom; Place-names of Norfolk; A.D. Mills; Dictionary of English Place-Names
Runham,"'*Runa's homestead/village', '*Runa's hemmed-in land' or the specific may be 'tree-trunk' in the sense of a bridge.","hām Old English - A village, a village community, a manor, an estate, a homestead.; hamm Old English - Land hemmed in by water or marsh (perhaps also by high ground); a river-meadow; cultivated plot on the edge of woodland or moor.; hruna Old English - A tree-trunk, a fallen tree, a log.  As a simplex element, probably a foot-bridge.; Personal name (Old English) Old English - Personal name",Watts; Cambridge Dictionary of English Place-names; Sandred & Lingstrom; Place-names of Norfolk; E. Ekwall; Dictionary of English Place-Names; A.D. Mills; Dictionary of English Place-Names
Runton,"Either, '*Runa's farm/settlement' or '*Runi's farm/settlement'.",Personal name (Old English) Old English - Personal name; Personal name (Old Norse) Old Norse - Personal name; tūn Old English - An enclosure; a farmstead; a village; an estate.,E. Ekwall; Dictionary of English Place-Names; A.D. Mills; Dictionary of English Place-Names; Sandred & Lingstrom; Place-names of Norfolk; Watts; Cambridge Dictionary of English Place-names
Rushall,"Perhaps, '*Rif's nook of land' or the first element may be OE hrif, 'belly/womb', used in some topographical sense.","halh Old English - A nook of land; a small valley; dry ground in marsh; a piece of land projecting from, or detached from, the main area of its administrative unit.; hrif Old English - Belly, womb.; Personal name (Old English) Old English - Personal name",A.D. Mills; Dictionary of English Place-Names; Watts; Cambridge Dictionary of English Place-names; Sandred & Lingstrom; Place-names of Norfolk; E. Ekwall; Dictionary of English Place-Names
Ryston,'Brushwood farm/settlement'.,"hrīs Old English - Shrubs, brushwood.; tūn Old English - An enclosure; a farmstead; a village; an estate.",Sandred & Lingstrom; Place-names of Norfolk; Watts; Cambridge Dictionary of English Place-names; E. Ekwall; Dictionary of English Place-Names; A.D. Mills; Dictionary of English Place-Names
Saham Toney,'Pool homestead/village'. It was held by Roger de Toni in the 12th century.,"Family name Unknown - Family name.; hām Old English - A village, a village community, a manor, an estate, a homestead.; sǣ Old English - A lake; sea.  Usually means ""sea"" when used as a first element, and ""lake"" when used as a second element.",A.D. Mills; Dictionary of English Place-Names; Sandred & Lingstrom; Place-names of Norfolk; Watts; Cambridge Dictionary of English Place-names; E. Ekwall; Dictionary of English Place-Names
Salhouse,'Willow-trees'.,salh Old English,Watts; Cambridge Dictionary of English Place-names; Sandred & Lingstrom; Place-names of Norfolk; A.D. Mills; Dictionary of English Place-Names; E. Ekwall; Dictionary of English Place-Names
Salle,'Willow-tree wood/clearing'.,"lēah Old English - A forest, wood, glade, clearing; (later) a pasture, meadow.; salh Old English",Watts; Cambridge Dictionary of English Place-names; A.D. Mills; Dictionary of English Place-Names; Sandred & Lingstrom; Place-names of Norfolk; E. Ekwall; Dictionary of English Place-Names
Salthouse,'Salt house'.,hūs Old English - A house; also sometimes used of a building for special purposes.; salt Old English,E. Ekwall; Dictionary of English Place-Names; Sandred & Lingstrom; Place-names of Norfolk; Watts; Cambridge Dictionary of English Place-names; A.D. Mills; Dictionary of English Place-Names
Sandringham,'Sandy Dersingham'.,Place-name Unknown - Place-name; sand Old English - Sand.,A.D. Mills; Dictionary of English Place-Names; Sandred & Lingstrom; Place-names of Norfolk; E. Ekwall; Dictionary of English Place-Names; Watts; Cambridge Dictionary of English Place-names
Santon,'Sandy farm/settlement'.,sand Old English - Sand.; tūn Old English - An enclosure; a farmstead; a village; an estate.,Watts; Cambridge Dictionary of English Place-names; A.D. Mills; Dictionary of English Place-Names; E. Ekwall; Dictionary of English Place-Names; Sandred & Lingstrom; Place-names of Norfolk
Saxlingham,'Homestead/village of *Seaxel's/Seaxhelm's people'.,-ingahām Old English - The village of the people of . . . ; the village of the people called after . . .; Personal name (Old English) Old English - Personal name,Sandred & Lingstrom; Place-names of Norfolk; Watts; Cambridge Dictionary of English Place-names; E. Ekwall; Dictionary of English Place-Names; A.D. Mills; Dictionary of English Place-Names
Saxlingham Thorpe,'Saxlingham's outlying farm/settlement'.,"Place-name Unknown - Place-name; þorp Old Norse - A secondary settlement, a dependent outlying farmstead or hamlet.",A.D. Mills; Dictionary of English Place-Names; Sandred & Lingstrom; Place-names of Norfolk; Watts; Cambridge Dictionary of English Place-names; E. Ekwall; Dictionary of English Place-Names
Saxthorpe,'Saxi's outlying settlement'.,"Personal name (Old Norse) Old Norse - Personal name; þorp Old Norse - A secondary settlement, a dependent outlying farmstead or hamlet.",E. Ekwall; Dictionary of English Place-Names; Watts; Cambridge Dictionary of English Place-names; Sandred & Lingstrom; Place-names of Norfolk; A.D. Mills; Dictionary of English Place-Names
Scarning,"'Dung place', perhaps originally the name of the near stream here.","-ing Old English - Place-name forming suffix.; scearn Old English - Dung, muck.",E. Ekwall; Dictionary of English Place-Names; Watts; Cambridge Dictionary of English Place-names; Sandred & Lingstrom; Place-names of Norfolk; A.D. Mills; Dictionary of English Place-Names
Sco Ruston,'Brushwood farm/settlement'. 'Wood' to distinguish from East Ruston.,"hrīs Old English - Shrubs, brushwood.; skógr Old Norse - A wood.; tūn Old English - An enclosure; a farmstead; a village; an estate.",A.D. Mills; Dictionary of English Place-Names; Sandred & Lingstrom; Place-names of Norfolk; Watts; Cambridge Dictionary of English Place-names; E. Ekwall; Dictionary of English Place-Names
Scole,'Shielings'.,skáli Old Norse,Sandred & Lingstrom; Place-names of Norfolk; E. Ekwall; Dictionary of English Place-Names; Watts; Cambridge Dictionary of English Place-names; A.D. Mills; Dictionary of English Place-Names
Scottow,'Scots' hill-spur'.,hōh Old English - A heel; a sharply projecting piece of ground.; Scott Old English - A Scot.,Sandred & Lingstrom; Place-names of Norfolk; A.D. Mills; Dictionary of English Place-Names; E. Ekwall; Dictionary of English Place-Names; Watts; Cambridge Dictionary of English Place-names
Scoulton,'Skuli's farm/settlement'.,Personal name (Old English) Old English - Personal name; tūn Old English - An enclosure; a farmstead; a village; an estate.,A.D. Mills; Dictionary of English Place-Names; E. Ekwall; Dictionary of English Place-Names; Watts; Cambridge Dictionary of English Place-names; Sandred & Lingstrom; Place-names of Norfolk
Sculthorpe,'Skuli's outlying farm/settlement'.,"Personal name (Old Norse) Old Norse - Personal name; þorp Old Norse - A secondary settlement, a dependent outlying farmstead or hamlet.",Sandred & Lingstrom; Place-names of Norfolk; A.D. Mills; Dictionary of English Place-Names; Watts; Cambridge Dictionary of English Place-names; E. Ekwall; Dictionary of English Place-Names
Sedgeford,"Probably, '*Secci's ford'.",ford Old English - A ford.; Personal name (Old English) Old English - Personal name,E. Ekwall; Dictionary of English Place-Names; Watts; Cambridge Dictionary of English Place-names; Sandred & Lingstrom; Place-names of Norfolk; A.D. Mills; Dictionary of English Place-Names
Seething,'*Sith(a)'s people'.,-ingas Old English - The people of . . . ; the people called after . . .; Personal name (Old English) Old English - Personal name,E. Ekwall; Dictionary of English Place-Names; Watts; Cambridge Dictionary of English Place-names; Sandred & Lingstrom; Place-names of Norfolk; A.D. Mills; Dictionary of English Place-Names
Setchey,"Uncertain. Possibly, '*Secci's landing-place' but 'drainage-stream landing place' (from OE *saece and referring to the River Nar) and 'lake specialised- farm' have also been suggested.","hȳð Old English - A landing place on a river; an inland port.; Personal name (Old English) Old English - Personal name; sǣ Old English - A lake; sea.  Usually means ""sea"" when used as a first element, and ""lake"" when used as a second element.; wīc Old English - A dwelling; a building or collection of buildings for special purposes; a farm, a dairy farm; a trading or industrial settlement; or (in the plural) a hamlet, village.",A.D. Mills; Dictionary of English Place-Names; E. Ekwall; Dictionary of English Place-Names; Watts; Cambridge Dictionary of English Place-names; Sandred & Lingstrom; Place-names of Norfolk
Sharrington,'Dung farm/settlement'.,"scearn Old English - Dung, muck.; tūn Old English - An enclosure; a farmstead; a village; an estate.",Watts; Cambridge Dictionary of English Place-names; E. Ekwall; Dictionary of English Place-Names; Sandred & Lingstrom; Place-names of Norfolk; A.D. Mills; Dictionary of English Place-Names
Shelfanger,'Shelf wood'.,"hangra Old English - A sloping wood.  (Used in settlement-names of a gentle rather than steep slope.); scelf Old English - A shelf, a shelving terrain; a pinnacle, battlement.",Sandred & Lingstrom; Place-names of Norfolk; Watts; Cambridge Dictionary of English Place-names; E. Ekwall; Dictionary of English Place-Names; A.D. Mills; Dictionary of English Place-Names
Shelton,'Shelf farm/settlement'.,"scelf Old English - A shelf, a shelving terrain; a pinnacle, battlement.; tūn Old English - An enclosure; a farmstead; a village; an estate.",Sandred & Lingstrom; Place-names of Norfolk; Watts; Cambridge Dictionary of English Place-names; A.D. Mills; Dictionary of English Place-Names; E. Ekwall; Dictionary of English Place-Names
Shereford,'Bright/clear ford'.,"ford Old English - A ford.; scīr Old English - A shire, a jurisdiction, an administrative district, a county.",Watts; Cambridge Dictionary of English Place-names; A.D. Mills; Dictionary of English Place-Names; E. Ekwall; Dictionary of English Place-Names; Sandred & Lingstrom; Place-names of Norfolk
Sheringham,'Homestead/village of Scira's people'.,-ingahām Old English - The village of the people of . . . ; the village of the people called after . . .; Personal name (Old English) Old English - Personal name,E. Ekwall; Dictionary of English Place-Names; Watts; Cambridge Dictionary of English Place-names; Sandred & Lingstrom; Place-names of Norfolk; A.D. Mills; Dictionary of English Place-Names
Shernborne,'Dung stream'.,"burna Old English - A stream.; scearn Old English - Dung, muck.",Sandred & Lingstrom; Place-names of Norfolk; A.D. Mills; Dictionary of English Place-Names; Watts; Cambridge Dictionary of English Place-names; E. Ekwall; Dictionary of English Place-Names
Shimpling,'*Scimpel's people'.,-ingas Old English - The people of . . . ; the people called after . . .; Personal name (Old English) Old English - Personal name,Watts; Cambridge Dictionary of English Place-names; E. Ekwall; Dictionary of English Place-Names; Sandred & Lingstrom; Place-names of Norfolk; A.D. Mills; Dictionary of English Place-Names
Shingham,"Possibly, 'homestead/village of Scene's people' or perhaps, 'homestead/ village connected with Scene'.","-ing- Old English - Connective particle, linking a first element to a final element.; -ingahām Old English - The village of the people of . . . ; the village of the people called after . . .; hām Old English - A village, a village community, a manor, an estate, a homestead.; hamm Old English - Land hemmed in by water or marsh (perhaps also by high ground); a river-meadow; cultivated plot on the edge of woodland or moor.; Personal name (Old English) Old English - Personal name",E. Ekwall; Dictionary of English Place-Names; Sandred & Lingstrom; Place-names of Norfolk; A.D. Mills; Dictionary of English Place-Names; Watts; Cambridge Dictionary of English Place-names
Shipdham,'Flock of sheep homestead/village'.,"hām Old English - A village, a village community, a manor, an estate, a homestead.; scēpde Old English",A.D. Mills; Dictionary of English Place-Names; Sandred & Lingstrom; Place-names of Norfolk; E. Ekwall; Dictionary of English Place-Names; Watts; Cambridge Dictionary of English Place-names
Shotesham,'Scott's homestead/village'.,"hām Old English - A village, a village community, a manor, an estate, a homestead.; Personal name (Old English) Old English - Personal name",E. Ekwall; Dictionary of English Place-Names; Watts; Cambridge Dictionary of English Place-names; A.D. Mills; Dictionary of English Place-Names; Sandred & Lingstrom; Place-names of Norfolk
Shouldham,'Homestead/village with an obligation'.,"hām Old English - A village, a village community, a manor, an estate, a homestead.; sculd Old English - An obligation, a debt, a liability.",Watts; Cambridge Dictionary of English Place-names; E. Ekwall; Dictionary of English Place-Names; Sandred & Lingstrom; Place-names of Norfolk; A.D. Mills; Dictionary of English Place-Names
Shouldham Thorpe,'Shouldham's outlying farm/settlement'.,"Place-name Unknown - Place-name; þorp Old Norse - A secondary settlement, a dependent outlying farmstead or hamlet.",Sandred & Lingstrom; Place-names of Norfolk; E. Ekwall; Dictionary of English Place-Names; A.D. Mills; Dictionary of English Place-Names; Watts; Cambridge Dictionary of English Place-names
Shropham,"Uncertain. The generic is 'homestead/village'. The specific may be an unrecorded personal name, but is otherwise obscure. It might be related to OE sceorp 'ornament, clothing, etc', OE screopu, 'curry comb', OE screopan, 'to scrape' or ON skrep, 'rubbish,","hām Old English - A village, a village community, a manor, an estate, a homestead.; hundred Old English - One hundred; an administrative division of a county.; Personal name (Uncertain) Unknown - Personal name",E. Ekwall; Dictionary of English Place-Names; Anderson (unspecified work); Watts; Cambridge Dictionary of English Place-names; A.D. Mills; Dictionary of English Place-Names; Sandred & Lingstrom; Place-names of Norfolk
Sidestrand,'Broad shore'.,"sīd Old English - Large, spacious, extensive, long.; strand Old English - Land at the edge of a piece of water, esp. the sea; a shore, a bank.",A.D. Mills; Dictionary of English Place-Names; E. Ekwall; Dictionary of English Place-Names; Sandred & Lingstrom; Place-names of Norfolk; Watts; Cambridge Dictionary of English Place-names
Sisland,'Sigeheah's/Sige's land'.,land Old English - Land (as part of earth's surface); an estate; possibly also new arable area.  In minor and field names: strip in a field-system.; Personal name (Old English) Old English - Personal name,E. Ekwall; Dictionary of English Place-Names; A.D. Mills; Dictionary of English Place-Names; Watts; Cambridge Dictionary of English Place-names; Sandred & Lingstrom; Place-names of Norfolk
Skeyton,'Skeggi's farm/settlement'.,"Personal name (Old Norse) Old Norse - Personal name; tún Old Norse - An enclosure, a farmstead.",E. Ekwall; Dictionary of English Place-Names; A.D. Mills; Dictionary of English Place-Names; Sandred & Lingstrom; Place-names of Norfolk; Watts; Cambridge Dictionary of English Place-names
Sloley,'Sloe wood/clearing'.,"lēah Old English - A forest, wood, glade, clearing; (later) a pasture, meadow.; slāh Old English - A sloe, the fruit of the blackthorn.",A.D. Mills; Dictionary of English Place-Names; Watts; Cambridge Dictionary of English Place-names; Sandred & Lingstrom; Place-names of Norfolk; E. Ekwall; Dictionary of English Place-Names
Smallburgh,'Hill on the River Smale'. 'Smale' is an old name of the River Ant.,berg Old English; River-name Unknown - River-name,Sandred & Lingstrom; Place-names of Norfolk; E. Ekwall; Dictionary of English Place-Names; A.D. Mills; Dictionary of English Place-Names; Watts; Cambridge Dictionary of English Place-names
Snetterton,"Possibly, '*Snytra's farm/settlement'.",Personal name (Old English) Old English - Personal name; tūn Old English - An enclosure; a farmstead; a village; an estate.,A.D. Mills; Dictionary of English Place-Names; E. Ekwall; Dictionary of English Place-Names; Watts; Cambridge Dictionary of English Place-names; Sandred & Lingstrom; Place-names of Norfolk
Snettisham,'*Snaet's/Sneti's homestead/village'.,"hām Old English - A village, a village community, a manor, an estate, a homestead.; Personal name (Old English) Old English - Personal name",Watts; Cambridge Dictionary of English Place-names; E. Ekwall; Dictionary of English Place-Names; Sandred & Lingstrom; Place-names of Norfolk; A.D. Mills; Dictionary of English Place-Names
South Acre,'Cultivated land'. 'South' to distinguish from Castle Acre.,"æcer Old English - A plot of cultivated land; a measure of land which a yoke of oxen could plough in a day. (Indistinguishable from akr.); sūð Old English - South, southern.",A.D. Mills; Dictionary of English Place-Names; Watts; Cambridge Dictionary of English Place-names; Sandred & Lingstrom; Place-names of Norfolk; E. Ekwall; Dictionary of English Place-Names
South Lopham,"'*Loppa's homestead/village'. Alternatively, it has been suggested that the first element could be a hitherto unrecognised OE element *lop, 'hill', cognate with modern English lump; both Lophams are situated on small hillocks.","hām Old English - A village, a village community, a manor, an estate, a homestead.; Personal name (Old English) Old English - Personal name",A.D. Mills; Dictionary of English Place-Names; Sandred & Lingstrom; Place-names of Norfolk; Watts; Cambridge Dictionary of English Place-names; E. Ekwall; Dictionary of English Place-Names
South Runcton,"'Pole farm/settlement', in either the sense of a trackway or to denote an enclosed settlement. 'South' to distinguish from North Runcton and Runcton Holme.","hrung Old English - A rung, a staff, a pole.; sūð Old English - South, southern.; tūn Old English - An enclosure; a farmstead; a village; an estate.",A.D. Mills; Dictionary of English Place-Names; Sandred & Lingstrom; Place-names of Norfolk; E. Ekwall; Dictionary of English Place-Names; Watts; Cambridge Dictionary of English Place-names
South Walsham St. Lawrence,"'W(e)alh's homestead/village' or 'Britons' homestead/village. Although the hundred is called after the South Walshams, the location of the meeting-place is unknown.","hām Old English - A village, a village community, a manor, an estate, a homestead.; hundred Old English - One hundred; an administrative division of a county.; Personal name (Old English) Old English - Personal name; Saint's Name Unknown - Saint's name.; walh Old English",Anderson (unspecified work); E. Ekwall; Dictionary of English Place-Names; Sandred & Lingstrom; Place-names of Norfolk; Watts; Cambridge Dictionary of English Place-names; A.D. Mills; Dictionary of English Place-Names
South Walsham St. Mary,"'W(e)alh's homestead/village' or 'Britons' homestead/village'. For the name of the hundred, see South Walsham St. Lawrence.","hām Old English - A village, a village community, a manor, an estate, a homestead.; Personal name (Old English) Old English - Personal name; Saint's Name Unknown - Saint's name.; walh Old English",Sandred & Lingstrom; Place-names of Norfolk; Watts; Cambridge Dictionary of English Place-names; E. Ekwall; Dictionary of English Place-Names; A.D. Mills; Dictionary of English Place-Names
Southburgh,'South hill'. 'South' to distinguish from Mattishall Burgh.,"berg Old English; sūð Old English - South, southern.",Watts; Cambridge Dictionary of English Place-names; Sandred & Lingstrom; Place-names of Norfolk; A.D. Mills; Dictionary of English Place-Names; E. Ekwall; Dictionary of English Place-Names
Southery,'Southern island'.,"ēg Old English - An island.  In ancient settlement-names, most frequently refers to dry ground surrounded by marsh.  Also used of islands in modern sense.  In late OE names: well-watered land.; sūðerne Old English - Southern, southerly.",Watts; Cambridge Dictionary of English Place-names; A.D. Mills; Dictionary of English Place-Names; Sandred & Lingstrom; Place-names of Norfolk; E. Ekwall; Dictionary of English Place-Names
Southwood,'South wood'.,"sūð Old English - South, southern.; wudu Old English - A wood; or wood, timber.",E. Ekwall; Dictionary of English Place-Names; A.D. Mills; Dictionary of English Place-Names; Sandred & Lingstrom; Place-names of Norfolk; Watts; Cambridge Dictionary of English Place-names
Sparham,'Spar homestead/village' or 'spar hemmed-in land'.,"hām Old English - A village, a village community, a manor, an estate, a homestead.; hamm Old English - Land hemmed in by water or marsh (perhaps also by high ground); a river-meadow; cultivated plot on the edge of woodland or moor.; spearr Old English - A spar, a shaft, a rafter.",E. Ekwall; Dictionary of English Place-Names; Sandred & Lingstrom; Place-names of Norfolk; Watts; Cambridge Dictionary of English Place-names; A.D. Mills; Dictionary of English Place-Names
Spixworth,"Perhaps, '*Spic's enclosure' or possibly, 'bacon enclosure', ie., a farm which produces bacon, or 'brushwood enclosure.",Personal name (Old English) Old English - Personal name; spic Old English - Fat bacon.; worð Old English - An enclosure.,Watts; Cambridge Dictionary of English Place-names; Sandred & Lingstrom; Place-names of Norfolk; A.D. Mills; Dictionary of English Place-Names; E. Ekwall; Dictionary of English Place-Names
Sporle with Palgrave,'Spar wood/clearing'. 'Paga's grove'.,"grāf Old English - A grove, a copse.; lēah Old English - A forest, wood, glade, clearing; (later) a pasture, meadow.; Personal name (Old English) Old English - Personal name; spearr Old English - A spar, a shaft, a rafter.",A.D. Mills; Dictionary of English Place-Names; Sandred & Lingstrom; Place-names of Norfolk; E. Ekwall; Dictionary of English Place-Names; Watts; Cambridge Dictionary of English Place-names
Sprowston,'Sprow's farm/settlement'.,Personal name (Old English) Old English - Personal name; tūn Old English - An enclosure; a farmstead; a village; an estate.,E. Ekwall; Dictionary of English Place-Names; Watts; Cambridge Dictionary of English Place-names; Sandred & Lingstrom; Place-names of Norfolk; A.D. Mills; Dictionary of English Place-Names
Stalham,"Probably, 'fish pool homestead/village' but perhaps, 'hemmed-in land with a fish pool'.","hām Old English - A village, a village community, a manor, an estate, a homestead.; hamm Old English - Land hemmed in by water or marsh (perhaps also by high ground); a river-meadow; cultivated plot on the edge of woodland or moor.; stall Old English",Sandred & Lingstrom; Place-names of Norfolk; A.D. Mills; Dictionary of English Place-Names; E. Ekwall; Dictionary of English Place-Names; Watts; Cambridge Dictionary of English Place-names
Stanfield,'Stony open land'.,"feld Old English - Open country, unencumbered ground (eg. land without trees as opposed to forest, level ground as opposed to hills, land without buildings); arable land (from late tenth century).; stān Old English - A stone, stone, rock.",Sandred & Lingstrom; Place-names of Norfolk; E. Ekwall; Dictionary of English Place-Names; A.D. Mills; Dictionary of English Place-Names; Watts; Cambridge Dictionary of English Place-names
Stanford,'Stony ford'.,"ford Old English - A ford.; stān Old English - A stone, stone, rock.",E. Ekwall; Dictionary of English Place-Names; Sandred & Lingstrom; Place-names of Norfolk; A.D. Mills; Dictionary of English Place-Names; Watts; Cambridge Dictionary of English Place-names
Stanhoe,'Stony hill-spur'.,"hōh Old English - A heel; a sharply projecting piece of ground.; stān Old English - A stone, stone, rock.",Watts; Cambridge Dictionary of English Place-names; A.D. Mills; Dictionary of English Place-Names; Sandred & Lingstrom; Place-names of Norfolk; E. Ekwall; Dictionary of English Place-Names
Starston,'Styrr's farm/settlement'.,Personal name (Old Norse) Old Norse - Personal name; tūn Old English - An enclosure; a farmstead; a village; an estate.,Sandred & Lingstrom; Place-names of Norfolk; Watts; Cambridge Dictionary of English Place-names; E. Ekwall; Dictionary of English Place-Names; A.D. Mills; Dictionary of English Place-Names
Stibbard,"Uncertain. The name exists in a variety of spellings suggesting 'border path', 'stone border' and 'stone bridge'.","brycg Old English - A bridge; a causeway.; byrde Old English - A border, an edge, a bank.; stān Old English - A stone, stone, rock.; stīg Old English - A path, a narrow road.  (Especially an ascending path.)",Watts; Cambridge Dictionary of English Place-names; Sandred & Lingstrom; Place-names of Norfolk; A.D. Mills; Dictionary of English Place-Names; E. Ekwall; Dictionary of English Place-Names
Stiffkey,'Stump island'.,"ēg Old English - An island.  In ancient settlement-names, most frequently refers to dry ground surrounded by marsh.  Also used of islands in modern sense.  In late OE names: well-watered land.; styfic Old English - A stump.",E. Ekwall; Dictionary of English Place-Names; A.D. Mills; Dictionary of English Place-Names; Sandred & Lingstrom; Place-names of Norfolk; Watts; Cambridge Dictionary of English Place-names
Stockton,"Probably, 'farm/settlement associated with an outlying farm/settlement' but perhaps, 'stock farm/settlement', i.e. enclosed, palisaded or log-built.","stoc Old English - A place, a secondary settlement.; stocc Old English - A tree-trunk, a stump, a log of wood, a stock (esp. in boundary marks or place-names that denote structures made of logs); a set of stocks as an engine of punishment.; tūn Old English - An enclosure; a farmstead; a village; an estate.",A.D. Mills; Dictionary of English Place-Names; Watts; Cambridge Dictionary of English Place-names; E. Ekwall; Dictionary of English Place-Names; Sandred & Lingstrom; Place-names of Norfolk
Stody,'Stud enclosure'.,"hæg Old English - A fence, an enclosure.; stōd Old English - A stud, a herd of horses.",Watts; Cambridge Dictionary of English Place-names; E. Ekwall; Dictionary of English Place-Names; A.D. Mills; Dictionary of English Place-Names; Sandred & Lingstrom; Place-names of Norfolk
Stoke Ferry,'Outlying farm/settlement' with a 'ferry'. Named for a ferry over the River Wissey.,"ferja Old Norse - A ferry.; stoc Old English - A place, a secondary settlement.",Watts; Cambridge Dictionary of English Place-names; A.D. Mills; Dictionary of English Place-Names; Sandred & Lingstrom; Place-names of Norfolk; E. Ekwall; Dictionary of English Place-Names
Stoke Holy Cross,'Outlying farm/settlement'. 'Holy Cross' from the dedication of the church.,"stoc Old English - A place, a secondary settlement.",Watts; Cambridge Dictionary of English Place-names; Sandred & Lingstrom; Place-names of Norfolk; A.D. Mills; Dictionary of English Place-Names; E. Ekwall; Dictionary of English Place-Names
Stokesby with Herringby,'Stoke's farm/settlement'.,"bȳ Old Norse - A farmstead, a village.; Personal name (Old Norse) Old Norse - Personal name; stoc Old English - A place, a secondary settlement.",E. Ekwall; Dictionary of English Place-Names; Sandred & Lingstrom; Place-names of Norfolk; A.D. Mills; Dictionary of English Place-Names; Watts; Cambridge Dictionary of English Place-names
Stow Bardolph,'Place'. Held by William Bardulf in 1244.,Family name Unknown - Family name.; stōw Old English - A place; a place of assembly; a holy place.,E. Ekwall; Dictionary of English Place-Names; A.D. Mills; Dictionary of English Place-Names; Watts; Cambridge Dictionary of English Place-names; Sandred & Lingstrom; Place-names of Norfolk
Stow Bedon,'Place'. It was held by John di Bidun in the 13th century.,Family name Unknown - Family name.; stōw Old English - A place; a place of assembly; a holy place.,E. Ekwall; Dictionary of English Place-Names; A.D. Mills; Dictionary of English Place-Names; Sandred & Lingstrom; Place-names of Norfolk; Watts; Cambridge Dictionary of English Place-names
Stradsett,'Dwelling/fold on a Roman road'. It is on the road between Smallburgh and Denver.,"set Old English - A dwelling, a camp, a place for animals, a stable, a fold.; strēt Old English",Watts; Cambridge Dictionary of English Place-names; E. Ekwall; Dictionary of English Place-Names; Sandred & Lingstrom; Place-names of Norfolk; A.D. Mills; Dictionary of English Place-Names
Stratton St. Michael,'Farm/settlement on a Roman road'. It is on the Roman road from Baylham to Caistor St. Edmund.,Saint's Name Unknown - Saint's name.; strēt Old English; tūn Old English - An enclosure; a farmstead; a village; an estate.,Watts; Cambridge Dictionary of English Place-names; A.D. Mills; Dictionary of English Place-Names; E. Ekwall; Dictionary of English Place-Names; Sandred & Lingstrom; Place-names of Norfolk
Stratton Strawless,"'Roman road farm/settlement with no straw'. The lack of straw was apparently due to the heavy, clayey character of the soils which made cultivation difficult. It is c. 2 miles south of the Roman road from Smallburgh to Denver.","-lēas Old English - -less, without.; strēaw Old English - Straw; also used in late place-names as a term of contempt.; strēt Old English; tūn Old English - An enclosure; a farmstead; a village; an estate.",Watts; Cambridge Dictionary of English Place-names; E. Ekwall; Dictionary of English Place-Names; A.D. Mills; Dictionary of English Place-Names; Sandred & Lingstrom; Place-names of Norfolk
Strumpshaw,'Stump wood'.,sceaga Old English - A small wood.; strump Old English - A stump.,E. Ekwall; Dictionary of English Place-Names; Watts; Cambridge Dictionary of English Place-names; Sandred & Lingstrom; Place-names of Norfolk; A.D. Mills; Dictionary of English Place-Names
Sturston,'Styr's farm/settlement'.,Personal name (Old Norse) Old Norse - Personal name; tūn Old English - An enclosure; a farmstead; a village; an estate.,Sandred & Lingstrom; Place-names of Norfolk; Watts; Cambridge Dictionary of English Place-names; A.D. Mills; Dictionary of English Place-Names; E. Ekwall; Dictionary of English Place-Names
Suffield,'South open land'.,"feld Old English - Open country, unencumbered ground (eg. land without trees as opposed to forest, level ground as opposed to hills, land without buildings); arable land (from late tenth century).; sūð Old English - South, southern.",A.D. Mills; Dictionary of English Place-Names; E. Ekwall; Dictionary of English Place-Names; Sandred & Lingstrom; Place-names of Norfolk; Watts; Cambridge Dictionary of English Place-names
Surlingham,"Uncertain. 'Homestead/village of the south Herlingas (= *Herela's people)' or possibly, 'of the Sutherlingas'. In both cases, the point of reference is probably the River Yare.","-ingahām Old English - The village of the people of . . . ; the village of the people called after . . .; Personal name (Old English) Old English - Personal name; sūð Old English - South, southern.; sūðer Old English - South, southern.",Sandred & Lingstrom; Place-names of Norfolk; Watts; Cambridge Dictionary of English Place-names; E. Ekwall; Dictionary of English Place-Names; A.D. Mills; Dictionary of English Place-Names
Sustead,'South place'.,"stede Old English - A place, a site, a locality; a religious house or foundation; a place of communal activity; a farm, a dairy-farm, an estate.; sūð Old English - South, southern.",A.D. Mills; Dictionary of English Place-Names; E. Ekwall; Dictionary of English Place-Names; Watts; Cambridge Dictionary of English Place-names; Sandred & Lingstrom; Place-names of Norfolk
Sutton,'South farm/settlement' in relation to Stalham.,"sūð Old English - South, southern.; tūn Old English - An enclosure; a farmstead; a village; an estate.",Sandred & Lingstrom; Place-names of Norfolk; E. Ekwall; Dictionary of English Place-Names; A.D. Mills; Dictionary of English Place-Names; Watts; Cambridge Dictionary of English Place-names
Swaffham,'Swabians' homestead/village'.,"hām Old English - A village, a village community, a manor, an estate, a homestead.; Swǣfe Old English - The Swabians.",Watts; Cambridge Dictionary of English Place-names; A.D. Mills; Dictionary of English Place-Names; Sandred & Lingstrom; Place-names of Norfolk; E. Ekwall; Dictionary of English Place-Names
Swafield,"Perhaps, 'open land with a track'.","feld Old English - Open country, unencumbered ground (eg. land without trees as opposed to forest, level ground as opposed to hills, land without buildings); arable land (from late tenth century).; swæð Old English - A track, a pathway.",E. Ekwall; Dictionary of English Place-Names; A.D. Mills; Dictionary of English Place-Names; Watts; Cambridge Dictionary of English Place-names; Sandred & Lingstrom; Place-names of Norfolk
Swainsthorpe,'Sveinn's outlying farm/settlement'.,"Personal name (Old English) Old English - Personal name; þorp Old Norse - A secondary settlement, a dependent outlying farmstead or hamlet.",Sandred & Lingstrom; Place-names of Norfolk; A.D. Mills; Dictionary of English Place-Names; Watts; Cambridge Dictionary of English Place-names; E. Ekwall; Dictionary of English Place-Names
Swannington,'Farm/settlement connected with *Swan'.,"-ingtūn Old English - A settlement called after, or connected with . . .; Personal name (Old English) Old English - Personal name",E. Ekwall; Dictionary of English Place-Names; Watts; Cambridge Dictionary of English Place-names; A.D. Mills; Dictionary of English Place-Names; Sandred & Lingstrom; Place-names of Norfolk
Swanton Abbot,'Herdsmen's farm/settlement'. It was granted to the Abbot of St. Benet Holme by King Cnut.,"swān Old English - A herdsman, a swine-herd, a peasant.; tūn Old English - An enclosure; a farmstead; a village; an estate.",Sandred & Lingstrom; Place-names of Norfolk; E. Ekwall; Dictionary of English Place-Names; Watts; Cambridge Dictionary of English Place-names; A.D. Mills; Dictionary of English Place-Names
Swanton Morley,'Herdsmen's farm/settlement'. Robert de Morle held land here in 1346.,Family name Unknown - Family name.; swan Old English - A swan.; tūn Old English - An enclosure; a farmstead; a village; an estate.,E. Ekwall; Dictionary of English Place-Names; Watts; Cambridge Dictionary of English Place-names; Sandred & Lingstrom; Place-names of Norfolk; A.D. Mills; Dictionary of English Place-Names
Swanton Novers,'Herders' farm/settlement'. The de Nuiers family held land here in the 13th century.,Family name Unknown - Family name.; swan Old English - A swan.; tūn Old English - An enclosure; a farmstead; a village; an estate.,Sandred & Lingstrom; Place-names of Norfolk; E. Ekwall; Dictionary of English Place-Names; Watts; Cambridge Dictionary of English Place-names; A.D. Mills; Dictionary of English Place-Names
Swardeston,'*Sweord's farm/settlement'.,Personal name (Old English) Old English - Personal name; tūn Old English - An enclosure; a farmstead; a village; an estate.,Watts; Cambridge Dictionary of English Place-names; Sandred & Lingstrom; Place-names of Norfolk; A.D. Mills; Dictionary of English Place-Names; E. Ekwall; Dictionary of English Place-Names
Syderstone,"Uncertain. Possibly, '*Sid's tarn' or perhaps, less likely, is 'broad property'.","Personal name (Old English) Old English - Personal name; sīd Old English - Large, spacious, extensive, long.; strēon Old English - Property, treasure.; tjǫrn Old Norse - A tarn, a small lake.",E. Ekwall; Dictionary of English Place-Names; Watts; Cambridge Dictionary of English Place-names; A.D. Mills; Dictionary of English Place-Names; Sandred & Lingstrom; Place-names of Norfolk
Tacolneston,'Tatwulf's farm/settlement'.,Personal name (Old English) Old English - Personal name; tūn Old English - An enclosure; a farmstead; a village; an estate.,Watts; Cambridge Dictionary of English Place-names; E. Ekwall; Dictionary of English Place-Names; Sandred & Lingstrom; Place-names of Norfolk; A.D. Mills; Dictionary of English Place-Names
Tasburgh,"'*Taesa's fortification' or perhaps, 'pleasant/convenient fortification'. The Iron Age fort of Tasburgh Camps is nearby.","burh Old English - A fortified place.; Personal name (Old English) Old English - Personal name; tǣse Old English - Convenient, advantageous, useful.",A.D. Mills; Dictionary of English Place-Names; Watts; Cambridge Dictionary of English Place-names; Sandred & Lingstrom; Place-names of Norfolk; E. Ekwall; Dictionary of English Place-Names
Tatterford,'Tathere's ford'.,ford Old English - A ford.; Personal name (Old English) Old English - Personal name,A.D. Mills; Dictionary of English Place-Names; Watts; Cambridge Dictionary of English Place-names; E. Ekwall; Dictionary of English Place-Names; Sandred & Lingstrom; Place-names of Norfolk
Tattersett,'Tathere's fold/dwelling'.,"Personal name (Old English) Old English - Personal name; set Old English - A dwelling, a camp, a place for animals, a stable, a fold.",Sandred & Lingstrom; Place-names of Norfolk; Watts; Cambridge Dictionary of English Place-names; A.D. Mills; Dictionary of English Place-Names; E. Ekwall; Dictionary of English Place-Names
Taverham,"'Red homestead/village', perhaps referring to some decoration or a place where pigment was made. The exact location of the meeting-place of the Taverham hundred is unknown.","hām Old English - A village, a village community, a manor, an estate, a homestead.; hamm Old English - Land hemmed in by water or marsh (perhaps also by high ground); a river-meadow; cultivated plot on the edge of woodland or moor.; hundred Old English - One hundred; an administrative division of a county.; tēafor Old English - Red lead, vermilion.",Watts; Cambridge Dictionary of English Place-names; E. Ekwall; Dictionary of English Place-Names; Anderson (unspecified work); A.D. Mills; Dictionary of English Place-Names; Sandred & Lingstrom; Place-names of Norfolk
Terrington St. Clements,"'Farm/settlement of *Tir(a)'s people', or perhaps, 'farm/settlement connected with *Tir(a)'. 'St. Clements' from the church dedication.","-ingas Old English - The people of . . . ; the people called after . . .; -ingtūn Old English - A settlement called after, or connected with . . .; Personal name (Old English) Old English - Personal name; Saint's Name Unknown - Saint's name.; tūn Old English - An enclosure; a farmstead; a village; an estate.",E. Ekwall; Dictionary of English Place-Names; Sandred & Lingstrom; Place-names of Norfolk; Watts; Cambridge Dictionary of English Place-names; A.D. Mills; Dictionary of English Place-Names
Terrington St. John,"'Farm/settlement of *Tir(a)'s people' or perhaps, 'farm/settlement connected with *Tir(a)'. 'St. John' from the church dedication.","-ingas Old English - The people of . . . ; the people called after . . .; -ingtūn Old English - A settlement called after, or connected with . . .; Personal name (Old English) Old English - Personal name; Saint's Name Unknown - Saint's name.; tūn Old English - An enclosure; a farmstead; a village; an estate.",E. Ekwall; Dictionary of English Place-Names; Sandred & Lingstrom; Place-names of Norfolk; A.D. Mills; Dictionary of English Place-Names; Watts; Cambridge Dictionary of English Place-names
Testerton,'East farm/settlement'. The initial T- is probably a remnant of OE aet.,"ēast Old English - Eastern, east.; tūn Old English - An enclosure; a farmstead; a village; an estate.",Sandred & Lingstrom; Place-names of Norfolk; E. Ekwall; Dictionary of English Place-Names; A.D. Mills; Dictionary of English Place-Names; Watts; Cambridge Dictionary of English Place-names
Tharston,'*Therir's/*Thyr's farm/settlement'. The exact form of the personal name is uncertain.,Personal name (Old Norse) Old Norse - Personal name; tūn Old English - An enclosure; a farmstead; a village; an estate.,A.D. Mills; Dictionary of English Place-Names; E. Ekwall; Dictionary of English Place-Names; Watts; Cambridge Dictionary of English Place-names; Sandred & Lingstrom; Place-names of Norfolk
Thelveton,'Thialfi's farm/settlement'.,Personal name (Old Norse) Old Norse - Personal name; tūn Old English - An enclosure; a farmstead; a village; an estate.,E. Ekwall; Dictionary of English Place-Names; A.D. Mills; Dictionary of English Place-Names; Sandred & Lingstrom; Place-names of Norfolk; Watts; Cambridge Dictionary of English Place-names
Themelthorpe,"'*Thymel's outlying farm/settlement', '*Thymill's outlying farm/settlement' or perhaps, 'thimble outlying farm/settlement', referring to its size.","Personal name (Old English) Old English - Personal name; Personal name (Old Norse) Old Norse - Personal name; thymel Old English - A thimble.; þorp Old Norse - A secondary settlement, a dependent outlying farmstead or hamlet.",E. Ekwall; Dictionary of English Place-Names; Watts; Cambridge Dictionary of English Place-names; A.D. Mills; Dictionary of English Place-Names; Sandred & Lingstrom; Place-names of Norfolk
Thetford,'People's ford'.,"ford Old English - A ford.; þēod Old English - People, a tribe, a region.",Watts; Cambridge Dictionary of English Place-names; A.D. Mills; Dictionary of English Place-Names; Sandred & Lingstrom; Place-names of Norfolk; E. Ekwall; Dictionary of English Place-Names
Thompson,'Tumi's farm/settlement'.,"Personal name (Old Norse) Old Norse - Personal name; tún Old Norse - An enclosure, a farmstead.",Sandred & Lingstrom; Place-names of Norfolk; E. Ekwall; Dictionary of English Place-Names; A.D. Mills; Dictionary of English Place-Names; Watts; Cambridge Dictionary of English Place-names
Thornage,'Thorn-tree park'.,"edisc Old English - An enclosure, an enclosed park.; þorn Old English - A hawthorn-tree.",A.D. Mills; Dictionary of English Place-Names; Sandred & Lingstrom; Place-names of Norfolk; Watts; Cambridge Dictionary of English Place-names; E. Ekwall; Dictionary of English Place-Names
Thornham,'Thorn-tree homestead/village'.,"hām Old English - A village, a village community, a manor, an estate, a homestead.; þorn Old English - A hawthorn-tree.",E. Ekwall; Dictionary of English Place-Names; Sandred & Lingstrom; Place-names of Norfolk; A.D. Mills; Dictionary of English Place-Names; Watts; Cambridge Dictionary of English Place-names
Thorpe Abbotts,'Abbot's outlying farm/settlement'.,"abbas Latin - An abbot.; þorp Old Norse - A secondary settlement, a dependent outlying farmstead or hamlet.",E. Ekwall; Dictionary of English Place-Names; Sandred & Lingstrom; Place-names of Norfolk; Watts; Cambridge Dictionary of English Place-names; A.D. Mills; Dictionary of English Place-Names
Thorpe Market,'Outlying farm/settlement with a market'.,"market Old English - A market, a market-place.; þorp Old Norse - A secondary settlement, a dependent outlying farmstead or hamlet.",Sandred & Lingstrom; Place-names of Norfolk; A.D. Mills; Dictionary of English Place-Names; E. Ekwall; Dictionary of English Place-Names; Watts; Cambridge Dictionary of English Place-names
Thorpe next Haddiscoe,'Outlying farm/settlement' next to Haddiscoe.,"Place-name Unknown - Place-name; þorp Old Norse - A secondary settlement, a dependent outlying farmstead or hamlet.",A.D. Mills; Dictionary of English Place-Names; E. Ekwall; Dictionary of English Place-Names; Sandred & Lingstrom; Place-names of Norfolk; Watts; Cambridge Dictionary of English Place-names
Thorpe next Norwich,'Outlying farm/settlement' by Norwich.,"Place-name Unknown - Place-name; þorp Old Norse - A secondary settlement, a dependent outlying farmstead or hamlet.",Watts; Cambridge Dictionary of English Place-names; Sandred & Lingstrom; Place-names of Norfolk; E. Ekwall; Dictionary of English Place-Names; A.D. Mills; Dictionary of English Place-Names
Threxton,'*Threc's farm/settlement'.,Personal name (Old English) Old English - Personal name; tūn Old English - An enclosure; a farmstead; a village; an estate.,Sandred & Lingstrom; Place-names of Norfolk; A.D. Mills; Dictionary of English Place-Names; E. Ekwall; Dictionary of English Place-Names; Watts; Cambridge Dictionary of English Place-names
Thrigby,'*Thrykki's farm/settlement'.,"bȳ Old Norse - A farmstead, a village.; Personal name (Old Norse) Old Norse - Personal name",E. Ekwall; Dictionary of English Place-Names; Watts; Cambridge Dictionary of English Place-names; Sandred & Lingstrom; Place-names of Norfolk; A.D. Mills; Dictionary of English Place-Names
Thruxton,'Thorsteinn's farm/settlement'.,Personal name (Old Norse) Old Norse - Personal name; tūn Old English - An enclosure; a farmstead; a village; an estate.,Watts; Cambridge Dictionary of English Place-names; A.D. Mills; Dictionary of English Place-Names; Sandred & Lingstrom; Place-names of Norfolk; E. Ekwall; Dictionary of English Place-Names
Thurgarton,'Thurgar's farm/settlement'.,Personal name (Old Norse) Old Norse - Personal name; tūn Old English - An enclosure; a farmstead; a village; an estate.,E. Ekwall; Dictionary of English Place-Names; Watts; Cambridge Dictionary of English Place-names; A.D. Mills; Dictionary of English Place-Names; Sandred & Lingstrom; Place-names of Norfolk
Thurlton,'Thorferth's farm/settlement'.,Personal name (Old Norse) Old Norse - Personal name; tūn Old English - An enclosure; a farmstead; a village; an estate.,Sandred & Lingstrom; Place-names of Norfolk; Watts; Cambridge Dictionary of English Place-names; A.D. Mills; Dictionary of English Place-Names; E. Ekwall; Dictionary of English Place-Names
Thurne,'Thorn-bush'.,þyrne Old English - A thorn-bush.; þyrnir Old Norse - A thorn-bush.,E. Ekwall; Dictionary of English Place-Names; Sandred & Lingstrom; Place-names of Norfolk; Watts; Cambridge Dictionary of English Place-names; A.D. Mills; Dictionary of English Place-Names
Thurning,'Thorn-tree place'.,-ing Old English - Place-name forming suffix.; þyrne Old English - A thorn-bush.,E. Ekwall; Dictionary of English Place-Names; Watts; Cambridge Dictionary of English Place-names; A.D. Mills; Dictionary of English Place-Names; Sandred & Lingstrom; Place-names of Norfolk
Thursford,'Giant ford' or 'demon ford'.,"ford Old English - A ford.; þyrs Old English - A giant, a demon.",E. Ekwall; Dictionary of English Place-Names; A.D. Mills; Dictionary of English Place-Names; Watts; Cambridge Dictionary of English Place-names; Sandred & Lingstrom; Place-names of Norfolk
Thurton,'Thorn-tree farm/settlement'.,tūn Old English - An enclosure; a farmstead; a village; an estate.; þyrne Old English - A thorn-bush.,E. Ekwall; Dictionary of English Place-Names; A.D. Mills; Dictionary of English Place-Names; Watts; Cambridge Dictionary of English Place-names; Sandred & Lingstrom; Place-names of Norfolk
Thwaite,'Clearing'.,"þveit Old Norse - A clearing, a meadow, a paddock.",Watts; Cambridge Dictionary of English Place-names; Sandred & Lingstrom; Place-names of Norfolk; E. Ekwall; Dictionary of English Place-Names; A.D. Mills; Dictionary of English Place-Names
Thwaite,'Clearing'.,"þveit Old Norse - A clearing, a meadow, a paddock.",A.D. Mills; Dictionary of English Place-Names; E. Ekwall; Dictionary of English Place-Names; Sandred & Lingstrom; Place-names of Norfolk; Watts; Cambridge Dictionary of English Place-names
Tibenham,'Tibba's homestead/village' or 'Tibba's hemmed-in land'.,"hām Old English - A village, a village community, a manor, an estate, a homestead.; hamm Old English - Land hemmed in by water or marsh (perhaps also by high ground); a river-meadow; cultivated plot on the edge of woodland or moor.; Personal name (Old English) Old English - Personal name",Sandred & Lingstrom; Place-names of Norfolk; Watts; Cambridge Dictionary of English Place-names; A.D. Mills; Dictionary of English Place-Names; E. Ekwall; Dictionary of English Place-Names
Tilney All Saints,Uncertain. 'Useful island' or 'Tila's island'.,"ēg Old English - An island.  In ancient settlement-names, most frequently refers to dry ground surrounded by marsh.  Also used of islands in modern sense.  In late OE names: well-watered land.; Personal name (Old English) Old English - Personal name; til Old English - Useful, good.",E. Ekwall; Dictionary of English Place-Names; Watts; Cambridge Dictionary of English Place-names; Sandred & Lingstrom; Place-names of Norfolk; A.D. Mills; Dictionary of English Place-Names
Tilney St. Lawrence,Uncertain. 'Useful island' or 'Tila's island'. The church is dedicated to St. Lawrence.,"ēg Old English - An island.  In ancient settlement-names, most frequently refers to dry ground surrounded by marsh.  Also used of islands in modern sense.  In late OE names: well-watered land.; Personal name (Old English) Old English - Personal name; til Old English - Useful, good.",A.D. Mills; Dictionary of English Place-Names; Sandred & Lingstrom; Place-names of Norfolk; E. Ekwall; Dictionary of English Place-Names; Watts; Cambridge Dictionary of English Place-names
Tilney with Islington,"Uncertain. 'Useful island' or 'Tila's island'. 'Farm/settlement of Elesa's people' or perhaps, 'farm/settlement connected with Elesa'.","-ing- Old English - Connective particle, linking a first element to a final element.; -ingas Old English - The people of . . . ; the people called after . . .; ēg Old English - An island.  In ancient settlement-names, most frequently refers to dry ground surrounded by marsh.  Also used of islands in modern sense.  In late OE names: well-watered land.; Personal name (Old English) Old English - Personal name; til Old English - Useful, good.; tūn Old English - An enclosure; a farmstead; a village; an estate.",A.D. Mills; Dictionary of English Place-Names; E. Ekwall; Dictionary of English Place-Names; Watts; Cambridge Dictionary of English Place-names; Sandred & Lingstrom; Place-names of Norfolk
Titchwell,'Young goat spring/stream'.,"ticcen Old English - A kid, a young goat.; wella Old English",A.D. Mills; Dictionary of English Place-Names; E. Ekwall; Dictionary of English Place-Names; Sandred & Lingstrom; Place-names of Norfolk; Watts; Cambridge Dictionary of English Place-names
Tittleshall,'*Tyttel's nook of land'.,"halh Old English - A nook of land; a small valley; dry ground in marsh; a piece of land projecting from, or detached from, the main area of its administrative unit.; Personal name (Old English) Old English - Personal name",A.D. Mills; Dictionary of English Place-Names; E. Ekwall; Dictionary of English Place-Names; Sandred & Lingstrom; Place-names of Norfolk; Watts; Cambridge Dictionary of English Place-names
Tivetshall St. Margaret,"'Nook of land'. It has been suggested that the first element may be related to a late northern English dialectical, tewhit, 'lapwing'. 'St. Margaret' from the church dedication.","halh Old English - A nook of land; a small valley; dry ground in marsh; a piece of land projecting from, or detached from, the main area of its administrative unit.; Obscure element Unknown - Obscure element; Saint's Name Unknown - Saint's name.",Watts; Cambridge Dictionary of English Place-names; E. Ekwall; Dictionary of English Place-Names; A.D. Mills; Dictionary of English Place-Names; Sandred & Lingstrom; Place-names of Norfolk
Tivetshall St. Mary,"'Nook of land'. It has been suggested that the first element may be related to a late northern English dialectical, tewhit, 'lapwing'. 'St. Mary' from the church dedication.","halh Old English - A nook of land; a small valley; dry ground in marsh; a piece of land projecting from, or detached from, the main area of its administrative unit.; Obscure element Unknown - Obscure element; Saint's Name Unknown - Saint's name.",Watts; Cambridge Dictionary of English Place-names; Sandred & Lingstrom; Place-names of Norfolk; E. Ekwall; Dictionary of English Place-Names; A.D. Mills; Dictionary of English Place-Names
Toftrees,'Curtilage'. 'Trees' is a recent addition.,"toft Old English - A curtilage, the plot of ground in which a dwelling stands.",Sandred & Lingstrom; Place-names of Norfolk; E. Ekwall; Dictionary of English Place-Names; Watts; Cambridge Dictionary of English Place-names; A.D. Mills; Dictionary of English Place-Names
Tofts Monks,"'Monks' curtilage', referring to the monks of Preaux Abbey in Normandy.","monachus Latin - A monk.; toft Old English - A curtilage, the plot of ground in which a dwelling stands.",E. Ekwall; Dictionary of English Place-Names; A.D. Mills; Dictionary of English Place-Names; Watts; Cambridge Dictionary of English Place-names; Sandred & Lingstrom; Place-names of Norfolk
Topcroft,'Topi's small enclosed field'.,croft Old English - A small enclosed field.; Personal name (Old English) Old English - Personal name,E. Ekwall; Dictionary of English Place-Names; Sandred & Lingstrom; Place-names of Norfolk; Watts; Cambridge Dictionary of English Place-names; A.D. Mills; Dictionary of English Place-Names
Tottenhill,'Totta's hill'.,"hyll Old English - A hill, a natural eminence or elevated piece of ground.; Personal name (Old English) Old English - Personal name",A.D. Mills; Dictionary of English Place-Names; Sandred & Lingstrom; Place-names of Norfolk; Watts; Cambridge Dictionary of English Place-names; E. Ekwall; Dictionary of English Place-Names
Tottington,"'Farm/settlement of Tota's people' or perhaps, 'farm/settlement connected with Tota'.","-ing- Old English - Connective particle, linking a first element to a final element.; -ingas Old English - The people of . . . ; the people called after . . .; Personal name (Old English) Old English - Personal name; tūn Old English - An enclosure; a farmstead; a village; an estate.",A.D. Mills; Dictionary of English Place-Names; Watts; Cambridge Dictionary of English Place-names; Sandred & Lingstrom; Place-names of Norfolk; E. Ekwall; Dictionary of English Place-Names
Trimingham,'Homestead/village of *Trymma's people'.,"lēah Old English - A forest, wood, glade, clearing; (later) a pasture, meadow.; Personal name (Old English) Old English - Personal name",A.D. Mills; Dictionary of English Place-Names; E. Ekwall; Dictionary of English Place-Names; Sandred & Lingstrom; Place-names of Norfolk; Watts; Cambridge Dictionary of English Place-names
Trowse with Newton,"'Beam house' with 'new farm/settlement'. Originally, two separate places, they were joined from an early date.","hūs Old English - A house; also sometimes used of a building for special purposes.; nīwe Old English - New.; trēow Old English - A tree; a large piece of wood, a post, a beam.; tūn Old English - An enclosure; a farmstead; a village; an estate.",Sandred & Lingstrom; Place-names of Norfolk; A.D. Mills; Dictionary of English Place-Names; E. Ekwall; Dictionary of English Place-Names; Watts; Cambridge Dictionary of English Place-names
Trunch,"Uncertain. Perhaps, 'upland wood'.",cē¸d Celtic; tronchet Old French - Wood (from L. truncetum).; trūm Celtic - Upland or plateau.,"Sandred & Lingstrom; Place-names of Norfolk; A.D. Mills; Dictionary of English Place-Names; Coates and Breeze, Celtic Voices English Places; Watts; Cambridge Dictionary of English Place-names; E. Ekwall; Dictionary of English Place-Names"
Tunstall,'Farmstead'.,"tūn-stall Old English - The site of a farm, a farmstead.",Watts; Cambridge Dictionary of English Place-names; Sandred & Lingstrom; Place-names of Norfolk; A.D. Mills; Dictionary of English Place-Names; E. Ekwall; Dictionary of English Place-Names
Tunstead,'Farmstead'. 'Hundred Hill' on Bradfield Common may mark the boundary with North Erpingham hundred rather than the meeting-place of the Tunstead hundred.,hundred Old English - One hundred; an administrative division of a county.; tūn-stede Old English - A farmstead.,Sandred & Lingstrom; Place-names of Norfolk; E. Ekwall; Dictionary of English Place-Names; A.D. Mills; Dictionary of English Place-Names; Watts; Cambridge Dictionary of English Place-names; Anderson (unspecified work)
Tuttington,"Probably, 'farm/settlement connected with Tutta' or perhaps, 'farm/settlement of Tutta's people'.","-ing- Old English - Connective particle, linking a first element to a final element.; -ingas Old English - The people of . . . ; the people called after . . .; Personal name (Old English) Old English - Personal name; tūn Old English - An enclosure; a farmstead; a village; an estate.",Sandred & Lingstrom; Place-names of Norfolk; A.D. Mills; Dictionary of English Place-Names; E. Ekwall; Dictionary of English Place-Names; Watts; Cambridge Dictionary of English Place-names
Twyford,'Double ford'.,"ford Old English - A ford.; twī- Old English - Double, two.",Watts; Cambridge Dictionary of English Place-names; Sandred & Lingstrom; Place-names of Norfolk; A.D. Mills; Dictionary of English Place-Names; E. Ekwall; Dictionary of English Place-Names
Upton with Fishley,'Higher farm/settlement'. 'Fish wood/clearing'.,"fisc Old English - A fish.; lēah Old English - A forest, wood, glade, clearing; (later) a pasture, meadow.; tūn Old English - An enclosure; a farmstead; a village; an estate.; upp Old English - Up, higher up, upon.",Sandred & Lingstrom; Place-names of Norfolk; E. Ekwall; Dictionary of English Place-Names; Watts; Cambridge Dictionary of English Place-names; A.D. Mills; Dictionary of English Place-Names
Upwell,"'Higher Well (= spring/stream)'. Originally, a single place called Well; 'Upp' was appended to distinguish from Outwell.","upp Old English - Up, higher up, upon.; wella Old English",Watts; Cambridge Dictionary of English Place-names; E. Ekwall; Dictionary of English Place-Names; A.D. Mills; Dictionary of English Place-Names; Reaney; Place-names of Cambridgeshire and the Isle of Ely
Wacton,'*Waca's farm/settlement'.,Personal name (Old English) Old English - Personal name; tūn Old English - An enclosure; a farmstead; a village; an estate.,Sandred & Lingstrom; Place-names of Norfolk; Watts; Cambridge Dictionary of English Place-names; A.D. Mills; Dictionary of English Place-Names; E. Ekwall; Dictionary of English Place-Names
Walcott,'Britons' cottage'.,"cot Old English - A cottage, a hut, a shelter, a den.; walh Old English",A.D. Mills; Dictionary of English Place-Names; E. Ekwall; Dictionary of English Place-Names; Watts; Cambridge Dictionary of English Place-names; Sandred & Lingstrom; Place-names of Norfolk
Wallington with Thorpland,"'Farm/settlement of the people of the wall', perhaps referring to an embankment along the River Ouse. 'Thorpe's land'.","-ingas Old English - The people of . . . ; the people called after . . .; land Old Norse - Land (as part of earth's surface); an estate; new arable area.  In minor and field names: strip in a field-system.  In Scandinavian names: land by water or by a river, a shore.; Place-name Unknown - Place-name; tūn Old English - An enclosure; a farmstead; a village; an estate.; wall Old English",A.D. Mills; Dictionary of English Place-Names; E. Ekwall; Dictionary of English Place-Names; Sandred & Lingstrom; Place-names of Norfolk; Watts; Cambridge Dictionary of English Place-names
Walpole St. Andrews,Uncertain. 'Wall pool' or 'Briton's pool'. 'St. Andrew' from the dedication of the church.,pōl Old English - A pool.; Saint's Name Unknown - Saint's name.; walh Old English; wall Old English,Sandred & Lingstrom; Place-names of Norfolk; A.D. Mills; Dictionary of English Place-Names; Watts; Cambridge Dictionary of English Place-names; E. Ekwall; Dictionary of English Place-Names
Walpole St. Peter,Uncertain. 'Wall pool' or 'Briton's pool'. 'St. Peter' from the dedication of the church.,pōl Old English - A pool.; Saint's Name Unknown - Saint's name.; walh Old English; wall Old English,E. Ekwall; Dictionary of English Place-Names; Watts; Cambridge Dictionary of English Place-names; A.D. Mills; Dictionary of English Place-Names; Sandred & Lingstrom; Place-names of Norfolk
Warham,'Weir homestead/village'.,"hām Old English - A village, a village community, a manor, an estate, a homestead.; hamm Old English - Land hemmed in by water or marsh (perhaps also by high ground); a river-meadow; cultivated plot on the edge of woodland or moor.; wǣr Old English",A.D. Mills; Dictionary of English Place-Names; Watts; Cambridge Dictionary of English Place-names; Sandred & Lingstrom; Place-names of Norfolk; E. Ekwall; Dictionary of English Place-Names
Waterden,'Water valley'. There are two small lakes in the valley.,"denu Old English - A valley.; wæter Old English - Water, a river, a lake.",Watts; Cambridge Dictionary of English Place-names; A.D. Mills; Dictionary of English Place-Names; Sandred & Lingstrom; Place-names of Norfolk; E. Ekwall; Dictionary of English Place-Names
Watlington,"'Farm/settlement of *Hwaetel's/*Wacol's people' or perhaps, 'farm/settlement at Wateling (= wattle/thatching place)'.",-ing Old English - Place-name forming suffix.; -ingas Old English - The people of . . . ; the people called after . . .; Personal name (Old English) Old English - Personal name; tūn Old English - An enclosure; a farmstead; a village; an estate.; watel Old English - Wattle; thatching.,E. Ekwall; Dictionary of English Place-Names; A.D. Mills; Dictionary of English Place-Names; Sandred & Lingstrom; Place-names of Norfolk; Watts; Cambridge Dictionary of English Place-names
Watton,'Wada's farm/settlement'.,Personal name (Old English) Old English - Personal name; tūn Old English - An enclosure; a farmstead; a village; an estate.,Sandred & Lingstrom; Place-names of Norfolk; E. Ekwall; Dictionary of English Place-Names; Watts; Cambridge Dictionary of English Place-names; A.D. Mills; Dictionary of English Place-Names
Waxham,"Uncertain. '*Waegstan's homestead/village', or 'watch-stone homestead/village'.","hām Old English - A village, a village community, a manor, an estate, a homestead.; Personal name (Old English) Old English - Personal name; stān Old English - A stone, stone, rock.; wacu Old English - A watch, a wake.",E. Ekwall; Dictionary of English Place-Names; Sandred & Lingstrom; Place-names of Norfolk; Watts; Cambridge Dictionary of English Place-names; A.D. Mills; Dictionary of English Place-Names
Wayland Hundred,"'Grove', with an obscure first element. The hundred is called after Wayland Wood just SE of Watton parish.",hundred Old English - One hundred; an administrative division of a county.; lundr Old Norse - A small wood.; Obscure element Unknown - Obscure element,Anderson (unspecified work)
Weasenham All Saints,'*Weosa's homestead/village'.,"hām Old English - A village, a village community, a manor, an estate, a homestead.; Personal name (Old English) Old English - Personal name",Sandred & Lingstrom; Place-names of Norfolk; Watts; Cambridge Dictionary of English Place-names; E. Ekwall; Dictionary of English Place-Names; A.D. Mills; Dictionary of English Place-Names
Weasenham St. Peter,'*Weosa's homestead or village'.,"hām Old English - A village, a village community, a manor, an estate, a homestead.; Personal name (Old English) Old English - Personal name",Sandred & Lingstrom; Place-names of Norfolk; A.D. Mills; Dictionary of English Place-Names; Watts; Cambridge Dictionary of English Place-names; E. Ekwall; Dictionary of English Place-Names
Weeting with Bromehill,'Wet place'. Obscure.,"-ing Old English - Place-name forming suffix.; Obscure element Unknown - Obscure element; wēt Old English - Wet, damp.",Sandred & Lingstrom; Place-names of Norfolk; E. Ekwall; Dictionary of English Place-Names; Watts; Cambridge Dictionary of English Place-names; A.D. Mills; Dictionary of English Place-Names
Welbourne,'Spring stream'.,burna Old English - A stream.; wella Old English,A.D. Mills; Dictionary of English Place-Names; Watts; Cambridge Dictionary of English Place-names; Sandred & Lingstrom; Place-names of Norfolk; E. Ekwall; Dictionary of English Place-Names
Wellingham,"Uncertain. 'Homestead/village at Welling (= spring/stream place)' or perhaps, 'homestead/village of the Wellingas (= dwellers at the spring/stream)'.","-ing Old English - Place-name forming suffix.; -ingas Old English - The people of . . . ; the people called after . . .; hām Old English - A village, a village community, a manor, an estate, a homestead.; wella Old English",E. Ekwall; Dictionary of English Place-Names; Watts; Cambridge Dictionary of English Place-names; A.D. Mills; Dictionary of English Place-Names; Sandred & Lingstrom; Place-names of Norfolk
Wells next the Sea,'At the springs/streams'.,wella Old English,A.D. Mills; Dictionary of English Place-Names; Sandred & Lingstrom; Place-names of Norfolk; E. Ekwall; Dictionary of English Place-Names; Watts; Cambridge Dictionary of English Place-names
Welney,'River Welle'.,River-name Unknown - River-name,Watts; Cambridge Dictionary of English Place-names; Sandred & Lingstrom; Place-names of Norfolk; A.D. Mills; Dictionary of English Place-Names; E. Ekwall; Dictionary of English Place-Names
Wendling,"Possibly, '*W(a)endel's people' or perhaps, 'Wennel's place'. The exact form of the personal name is not clear.",-ing Old English - Place-name forming suffix.; -ingas Old English - The people of . . . ; the people called after . . .; Personal name (Old English) Old English - Personal name,A.D. Mills; Dictionary of English Place-Names; Sandred & Lingstrom; Place-names of Norfolk; Watts; Cambridge Dictionary of English Place-names; E. Ekwall; Dictionary of English Place-Names
Wereham,'Homestead/village on the River Wigor' or 'hemmed-in land by the River Wigor'. Wigor may be an older name for the River Wissey.,"hām Old English - A village, a village community, a manor, an estate, a homestead.; hamm Old English - Land hemmed in by water or marsh (perhaps also by high ground); a river-meadow; cultivated plot on the edge of woodland or moor.; River-name Unknown - River-name",Watts; Cambridge Dictionary of English Place-names; A.D. Mills; Dictionary of English Place-Names; E. Ekwall; Dictionary of English Place-Names; Sandred & Lingstrom; Place-names of Norfolk
West Beckham,'Becca's homestead/village' or 'Becca's hemmed-in land'. 'West' to distinguish from East Beckham.,"hām Old English - A village, a village community, a manor, an estate, a homestead.; hamm Old English - Land hemmed in by water or marsh (perhaps also by high ground); a river-meadow; cultivated plot on the edge of woodland or moor.; Personal name (Old English) Old English - Personal name",Sandred & Lingstrom; Place-names of Norfolk; E. Ekwall; Dictionary of English Place-Names; Watts; Cambridge Dictionary of English Place-names; A.D. Mills; Dictionary of English Place-Names
West Bilney,"Probably, 'Bil(l)a's island'. 'East' to distinguish from West Bilney.","ēg Old English - An island.  In ancient settlement-names, most frequently refers to dry ground surrounded by marsh.  Also used of islands in modern sense.  In late OE names: well-watered land.; Personal name (Old English) Old English - Personal name",A.D. Mills; Dictionary of English Place-Names; Sandred & Lingstrom; Place-names of Norfolk; Watts; Cambridge Dictionary of English Place-names; E. Ekwall; Dictionary of English Place-Names
West Bradenham,'Broad homestead/village' or 'broad hemmed-in land'.,"brād Old English - Broad, spacious, wide, large.; hām Old English - A village, a village community, a manor, an estate, a homestead.; hamm Old English - Land hemmed in by water or marsh (perhaps also by high ground); a river-meadow; cultivated plot on the edge of woodland or moor.",E. Ekwall; Dictionary of English Place-Names; Watts; Cambridge Dictionary of English Place-names; A.D. Mills; Dictionary of English Place-Names; Sandred & Lingstrom; Place-names of Norfolk
West Dereham,'Homestead/village where animals are kept' or 'hemmed-in land where animals are kept'.,"dēor Old English - An animal, a beast.; hām Old English - A village, a village community, a manor, an estate, a homestead.; hamm Old English - Land hemmed in by water or marsh (perhaps also by high ground); a river-meadow; cultivated plot on the edge of woodland or moor.",A.D. Mills; Dictionary of English Place-Names; Sandred & Lingstrom; Place-names of Norfolk; E. Ekwall; Dictionary of English Place-Names; Watts; Cambridge Dictionary of English Place-names
West Harling,"'*Herela's people' or perhaps, '*Herela's place'.",-ing Old English - Place-name forming suffix.; -ingas Old English - The people of . . . ; the people called after . . .; Personal name (Old English) Old English - Personal name,E. Ekwall; Dictionary of English Place-Names; A.D. Mills; Dictionary of English Place-Names; Watts; Cambridge Dictionary of English Place-names; Sandred & Lingstrom; Place-names of Norfolk
West Lexham,"Literally, 'leech homestead/village', but probably in the sense of 'physician'.","hām Old English - A village, a village community, a manor, an estate, a homestead.; lǣce Old English - A physician.",E. Ekwall; Dictionary of English Place-Names; Sandred & Lingstrom; Place-names of Norfolk; A.D. Mills; Dictionary of English Place-Names; Watts; Cambridge Dictionary of English Place-names
West Newton,'New farm/settlement'. 'West' to distinguish from other Newtons.,nīwe Old English - New.; tūn Old English - An enclosure; a farmstead; a village; an estate.,Watts; Cambridge Dictionary of English Place-names; Sandred & Lingstrom; Place-names of Norfolk; A.D. Mills; Dictionary of English Place-Names; E. Ekwall; Dictionary of English Place-Names
West Tofts,'Curtilage'. 'West' to distinguish from other Tofts.,"toft Old English - A curtilage, the plot of ground in which a dwelling stands.",Sandred & Lingstrom; Place-names of Norfolk; A.D. Mills; Dictionary of English Place-Names; Watts; Cambridge Dictionary of English Place-names; E. Ekwall; Dictionary of English Place-Names
West Walton,'Wall farm/settlement'. There is a Roman sea-wall here. 'West' to distinguish from East Walton.,tūn Old English - An enclosure; a farmstead; a village; an estate.; wall Old English,E. Ekwall; Dictionary of English Place-Names; Sandred & Lingstrom; Place-names of Norfolk; Watts; Cambridge Dictionary of English Place-names; A.D. Mills; Dictionary of English Place-Names
West Winch,'Pasture (specialised) farm'. 'West' to distinguish from East Winch.,"wīc Old English - A dwelling; a building or collection of buildings for special purposes; a farm, a dairy farm; a trading or industrial settlement; or (in the plural) a hamlet, village.; winn Old English - A pasture.",A.D. Mills; Dictionary of English Place-Names; E. Ekwall; Dictionary of English Place-Names; Watts; Cambridge Dictionary of English Place-names; Sandred & Lingstrom; Place-names of Norfolk
Westacre,'West cultivated land'.,"æcer Old English - A plot of cultivated land; a measure of land which a yoke of oxen could plough in a day. (Indistinguishable from akr.); west Old English - Western, west.",Watts; Cambridge Dictionary of English Place-names; E. Ekwall; Dictionary of English Place-Names; Sandred & Lingstrom; Place-names of Norfolk; A.D. Mills; Dictionary of English Place-Names
Westfield,'West open land'.,"feld Old English - Open country, unencumbered ground (eg. land without trees as opposed to forest, level ground as opposed to hills, land without buildings); arable land (from late tenth century).; west Old English - Western, west.",Sandred & Lingstrom; Place-names of Norfolk; Watts; Cambridge Dictionary of English Place-names; E. Ekwall; Dictionary of English Place-Names; A.D. Mills; Dictionary of English Place-Names
Weston Longville,"'West farm/settlement'. 'Longville' after Longueville-sur-Scie, Normandy.","Place-name Unknown - Place-name; tūn Old English - An enclosure; a farmstead; a village; an estate.; west Old English - Western, west.",Sandred & Lingstrom; Place-names of Norfolk; E. Ekwall; Dictionary of English Place-Names; A.D. Mills; Dictionary of English Place-Names; Watts; Cambridge Dictionary of English Place-names
Westwick,'West specialised farm'.,"west Old English - Western, west.; wīc Old English - A dwelling; a building or collection of buildings for special purposes; a farm, a dairy farm; a trading or industrial settlement; or (in the plural) a hamlet, village.",A.D. Mills; Dictionary of English Place-Names; Sandred & Lingstrom; Place-names of Norfolk; E. Ekwall; Dictionary of English Place-Names; Watts; Cambridge Dictionary of English Place-names
Weybourne,"Uncertain. The second element is 'stream'. The specific may be a pre-English river-name, or perhaps, 'weir/mill-dam stream', although there is no evidence for the age of the mill-pond here. Other suggestions such as OE wearg, 'felon' and *wagu, 'quagmire'","burna Old English - A stream.; River-name Unknown - River-name; wer Old English - A weir, a river-dam; a fishing-enlosure in a river.",Watts; Cambridge Dictionary of English Place-names; A.D. Mills; Dictionary of English Place-Names; E. Ekwall; Dictionary of English Place-Names; Sandred & Lingstrom; Place-names of Norfolk
Wheatacre,'Wheat land'.,æcer Old English - A plot of cultivated land; a measure of land which a yoke of oxen could plough in a day. (Indistinguishable from akr.); hwǣte Old English - Wheat.,Watts; Cambridge Dictionary of English Place-names; Sandred & Lingstrom; Place-names of Norfolk; A.D. Mills; Dictionary of English Place-Names; E. Ekwall; Dictionary of English Place-Names
Whinburgh,'Gorse hill'.,"berg Old English; hvin Old Norse - Whin, gorse.",Sandred & Lingstrom; Place-names of Norfolk; A.D. Mills; Dictionary of English Place-Names; Watts; Cambridge Dictionary of English Place-names; E. Ekwall; Dictionary of English Place-Names
Whissonsett,"'The Wicingas' fold'. The Wicingas are mentioned on lines 47 and 59 of the poem 'Widsith', and may have originally come from a place called Wic. 'Pirates' fold' has also been suggested.","set Old English - A dwelling, a camp, a place for animals, a stable, a fold.; Tribal-Name Unknown - Tribal-name.; wīcing Old English - A pirate.",A.D. Mills; Dictionary of English Place-Names; Watts; Cambridge Dictionary of English Place-names; E. Ekwall; Dictionary of English Place-Names; Sandred & Lingstrom; Place-names of Norfolk
Whitlingham,'Homestead/village of Wihthelm's people'.,-ingahām Old English - The village of the people of . . . ; the village of the people called after . . .; Personal name (Old English) Old English - Personal name,E. Ekwall; Dictionary of English Place-Names; A.D. Mills; Dictionary of English Place-Names; Sandred & Lingstrom; Place-names of Norfolk; Watts; Cambridge Dictionary of English Place-names
Whitwell,Obscure.,Obscure element Unknown - Obscure element,A.D. Mills; Dictionary of English Place-Names; Watts; Cambridge Dictionary of English Place-names; E. Ekwall; Dictionary of English Place-Names; Sandred & Lingstrom; Place-names of Norfolk
Wickhampton,"'Home farm near a specialised farm' or 'home farm associated with a Romano-British vicus (L. vicus, probably in the sense 'trading station')'.","hām-tūn Old English - A home farm.; tūn Old English - An enclosure; a farmstead; a village; an estate.; wīc Old English - A dwelling; a building or collection of buildings for special purposes; a farm, a dairy farm; a trading or industrial settlement; or (in the plural) a hamlet, village.; wīc-hām Old English - A settlement associated with a Roman 'vicus'.",A.D. Mills; Dictionary of English Place-Names; Sandred & Lingstrom; Place-names of Norfolk; E. Ekwall; Dictionary of English Place-Names; Watts; Cambridge Dictionary of English Place-names
Wicklewood,"Probably, 'wych-elm wood/clearing'. 'Wood' is redundant.","lēah Old English - A forest, wood, glade, clearing; (later) a pasture, meadow.; wice Old English - A wych-elm-tree.; wudu Old English - A wood; or wood, timber.",Watts; Cambridge Dictionary of English Place-names; E. Ekwall; Dictionary of English Place-Names; A.D. Mills; Dictionary of English Place-Names; Sandred & Lingstrom; Place-names of Norfolk
Wickmere,'Pool specialised-farm'.,"mere Old English - A pond, a pool, a lake.; wīc Old English - A dwelling; a building or collection of buildings for special purposes; a farm, a dairy farm; a trading or industrial settlement; or (in the plural) a hamlet, village.",A.D. Mills; Dictionary of English Place-Names; Sandred & Lingstrom; Place-names of Norfolk; Watts; Cambridge Dictionary of English Place-names; E. Ekwall; Dictionary of English Place-Names
Wiggenhall,'Wicga's nook of land'.,"halh Old English - A nook of land; a small valley; dry ground in marsh; a piece of land projecting from, or detached from, the main area of its administrative unit.; Personal name (Old English) Old English - Personal name",E. Ekwall; Dictionary of English Place-Names; Watts; Cambridge Dictionary of English Place-names; Sandred & Lingstrom; Place-names of Norfolk; A.D. Mills; Dictionary of English Place-Names
Wighton,'Farm/settlement with a dwelling'.,wīc-tūn Old English - An enclosure with a dwelling; a settlment with or at a factory.,Watts; Cambridge Dictionary of English Place-names; A.D. Mills; Dictionary of English Place-Names; E. Ekwall; Dictionary of English Place-Names; Sandred & Lingstrom; Place-names of Norfolk
Wilby,"'Willow-tree farm/settlement' or perhaps, 'willow-tree circle'.","bēag Old English - A ring, a circle; topographically probably the circular bend of a river or in allusion to other things of ring-like form.; bȳ Old Norse - A farmstead, a village.; wilig Old English",A.D. Mills; Dictionary of English Place-Names; Sandred & Lingstrom; Place-names of Norfolk; E. Ekwall; Dictionary of English Place-Names; Watts; Cambridge Dictionary of English Place-names
Wimbotsham,'Winebaud's homestead/village' or 'Winebaud's hemmed-in land'.,"hām Old English - A village, a village community, a manor, an estate, a homestead.; hamm Old English - Land hemmed in by water or marsh (perhaps also by high ground); a river-meadow; cultivated plot on the edge of woodland or moor.; Personal name (Old English) Old English - Personal name",A.D. Mills; Dictionary of English Place-Names; Sandred & Lingstrom; Place-names of Norfolk; Watts; Cambridge Dictionary of English Place-names; E. Ekwall; Dictionary of English Place-Names
Winfarthing,'Wina's quarter'.,"fēorðung Old English - A fourth part, a quarter (of an estate or the like).; Personal name (Old English) Old English - Personal name",Sandred & Lingstrom; Place-names of Norfolk; E. Ekwall; Dictionary of English Place-Names; Watts; Cambridge Dictionary of English Place-names; A.D. Mills; Dictionary of English Place-Names
Winterton,'Winter farm/settlement'.,tūn Old English - An enclosure; a farmstead; a village; an estate.; winter Old English - Winter.,A.D. Mills; Dictionary of English Place-Names; Sandred & Lingstrom; Place-names of Norfolk; E. Ekwall; Dictionary of English Place-Names; Watts; Cambridge Dictionary of English Place-names
Witton,'Wood farm/settlement'.,"tūn Old English - An enclosure; a farmstead; a village; an estate.; wudu Old English - A wood; or wood, timber.",Watts; Cambridge Dictionary of English Place-names; E. Ekwall; Dictionary of English Place-Names; A.D. Mills; Dictionary of English Place-Names; Sandred & Lingstrom; Place-names of Norfolk
Witton,'Wood farm/settlement'.,"tūn Old English - An enclosure; a farmstead; a village; an estate.; wudu Old English - A wood; or wood, timber.",E. Ekwall; Dictionary of English Place-Names; Watts; Cambridge Dictionary of English Place-names; A.D. Mills; Dictionary of English Place-Names; Sandred & Lingstrom; Place-names of Norfolk
Wiveton,Uncertain. '*Wife's farm/settlement' or 'women's farm/settlement'.,Personal name (Old English) Old English - Personal name; tūn Old English - An enclosure; a farmstead; a village; an estate.; wīf Old English - A woman.,Watts; Cambridge Dictionary of English Place-names; Sandred & Lingstrom; Place-names of Norfolk; A.D. Mills; Dictionary of English Place-Names; E. Ekwall; Dictionary of English Place-Names
Wolferton,'Wulfhere's farm/settlement'.,Personal name (Old English) Old English - Personal name; tūn Old English - An enclosure; a farmstead; a village; an estate.,A.D. Mills; Dictionary of English Place-Names; Sandred & Lingstrom; Place-names of Norfolk; Watts; Cambridge Dictionary of English Place-names; E. Ekwall; Dictionary of English Place-Names
Wolterton,"Possibly, 'Wulfthryth's farm/settlement', feminine personal name, but its exact form remains uncertain.",Personal name (Old English) Old English - Personal name; tūn Old English - An enclosure; a farmstead; a village; an estate.,Sandred & Lingstrom; Place-names of Norfolk; E. Ekwall; Dictionary of English Place-Names; Watts; Cambridge Dictionary of English Place-names; A.D. Mills; Dictionary of English Place-Names
Wood Dalling,'Dalla's people'. 'Wood' distinguish from Field Dalling.,"-ingas Old English - The people of . . . ; the people called after . . .; Personal name (Old English) Old English - Personal name; wudu Old English - A wood; or wood, timber.",A.D. Mills; Dictionary of English Place-Names; Sandred & Lingstrom; Place-names of Norfolk; E. Ekwall; Dictionary of English Place-Names; Watts; Cambridge Dictionary of English Place-names
Wood Norton,'North farm/settlement'. 'Wood' to distinguish from Pudding Norton.,"norð Old English - Northern, north.; tūn Old English - An enclosure; a farmstead; a village; an estate.; wudu Old English - A wood; or wood, timber.",Sandred & Lingstrom; Place-names of Norfolk; A.D. Mills; Dictionary of English Place-Names; Watts; Cambridge Dictionary of English Place-names; E. Ekwall; Dictionary of English Place-Names
Woodbastwick,'Bast specialised farm'. 'Wood' to distinguish from Bastwick.,"bæst Old English - Bast, the bark of the lime-tree used for rope-making; the lime-tree.; wīc Old English - A dwelling; a building or collection of buildings for special purposes; a farm, a dairy farm; a trading or industrial settlement; or (in the plural) a hamlet, village.; wudu Old English - A wood; or wood, timber.",Sandred & Lingstrom; Place-names of Norfolk; E. Ekwall; Dictionary of English Place-Names; A.D. Mills; Dictionary of English Place-Names; Watts; Cambridge Dictionary of English Place-names
Woodrising,"'*Risa's people' or perhaps, 'brushwood place' or 'people of the brushwood'. 'Wood' is 13th century addition.","-ing Old English - Place-name forming suffix.; -ingas Old English - The people of . . . ; the people called after . . .; hrīs Old English - Shrubs, brushwood.; Personal name (Old English) Old English - Personal name; wudu Old English - A wood; or wood, timber.",Watts; Cambridge Dictionary of English Place-names; A.D. Mills; Dictionary of English Place-Names; E. Ekwall; Dictionary of English Place-Names; Sandred & Lingstrom; Place-names of Norfolk
Woodton,'Wood farm/settlement'.,"tūn Old English - An enclosure; a farmstead; a village; an estate.; wudu Old English - A wood; or wood, timber.",Watts; Cambridge Dictionary of English Place-names; E. Ekwall; Dictionary of English Place-Names; Sandred & Lingstrom; Place-names of Norfolk; A.D. Mills; Dictionary of English Place-Names
Wormegay,"Probably, 'Wyrma's island' or 'island connected with Wyrma'. Perhaps less likely is, 'island of Wyrma's people'.","-ing Old English - Place-name forming suffix.; -ingas Old English - The people of . . . ; the people called after . . .; ēg Old English - An island.  In ancient settlement-names, most frequently refers to dry ground surrounded by marsh.  Also used of islands in modern sense.  In late OE names: well-watered land.; Personal name (Old English) Old English - Personal name",E. Ekwall; Dictionary of English Place-Names; Watts; Cambridge Dictionary of English Place-names; A.D. Mills; Dictionary of English Place-Names; Sandred & Lingstrom; Place-names of Norfolk
Worstead,'Enclosure place'.,"stede Old English - A place, a site, a locality; a religious house or foundation; a place of communal activity; a farm, a dairy-farm, an estate.; worð Old English - An enclosure.",E. Ekwall; Dictionary of English Place-Names; Watts; Cambridge Dictionary of English Place-names; A.D. Mills; Dictionary of English Place-Names; Sandred & Lingstrom; Place-names of Norfolk
Worthing,'Enclosure'.,worðign Old English - An enclosure.,Sandred & Lingstrom; Place-names of Norfolk; E. Ekwall; Dictionary of English Place-Names; Watts; Cambridge Dictionary of English Place-names; A.D. Mills; Dictionary of English Place-Names
Wortwell,'Herb spring/stream'.,"wella Old English; wyrt Old English - A plant, a vegetable.",Sandred & Lingstrom; Place-names of Norfolk; A.D. Mills; Dictionary of English Place-Names; E. Ekwall; Dictionary of English Place-Names; Watts; Cambridge Dictionary of English Place-names
Wramplingham,'Homestead/village' or 'hemmed-in land' with an obscure first element which is possibly a folk-name or place-name.,"hām Old English - A village, a village community, a manor, an estate, a homestead.; hamm Old English - Land hemmed in by water or marsh (perhaps also by high ground); a river-meadow; cultivated plot on the edge of woodland or moor.; Obscure element Unknown - Obscure element",A.D. Mills; Dictionary of English Place-Names; E. Ekwall; Dictionary of English Place-Names; Watts; Cambridge Dictionary of English Place-names; Sandred & Lingstrom; Place-names of Norfolk
Wreningham,'Homestead/village of *Wrenna's people'.,-ingahām Old English - The village of the people of . . . ; the village of the people called after . . .; Personal name (Old English) Old English - Personal name,A.D. Mills; Dictionary of English Place-Names; Watts; Cambridge Dictionary of English Place-names; Sandred & Lingstrom; Place-names of Norfolk; E. Ekwall; Dictionary of English Place-Names
Wretton,'Crosswort/hellebore farm/settlement'.,"tūn Old English - An enclosure; a farmstead; a village; an estate.; wrætt Old English - Probably crosswort, hellebore.",Watts; Cambridge Dictionary of English Place-names; E. Ekwall; Dictionary of English Place-Names; Sandred & Lingstrom; Place-names of Norfolk; A.D. Mills; Dictionary of English Place-Names
Wroxham,Uncertain. 'Wrocc's homestead/village' or 'buzzard homestead/village'.,"hām Old English - A village, a village community, a manor, an estate, a homestead.; hamm Old English - Land hemmed in by water or marsh (perhaps also by high ground); a river-meadow; cultivated plot on the edge of woodland or moor.; Personal name (Old English) Old English - Personal name; wrocc Old English - A bird of prey, probably a buzzard.",E. Ekwall; Dictionary of English Place-Names; Watts; Cambridge Dictionary of English Place-names; Sandred & Lingstrom; Place-names of Norfolk; A.D. Mills; Dictionary of English Place-Names
Wymondham,'Wigmund's homestead/village' or 'Wigmund's hemmed-in land'.,"hām Old English - A village, a village community, a manor, an estate, a homestead.; hamm Old English - Land hemmed in by water or marsh (perhaps also by high ground); a river-meadow; cultivated plot on the edge of woodland or moor.; Personal name (Old English) Old English - Personal name",Watts; Cambridge Dictionary of English Place-names; A.D. Mills; Dictionary of English Place-Names; Sandred & Lingstrom; Place-names of Norfolk; E. Ekwall; Dictionary of English Place-Names
Yaxham,Uncertain. 'Cuckoo homestead/village' or 'Geac's homestead/village'.,"gēac Old English - A cuckoo.; hām Old English - A village, a village community, a manor, an estate, a homestead.; hamm Old English - Land hemmed in by water or marsh (perhaps also by high ground); a river-meadow; cultivated plot on the edge of woodland or moor.; Personal name (Old English) Old English - Personal name",A.D. Mills; Dictionary of English Place-Names; Sandred & Lingstrom; Place-names of Norfolk; E. Ekwall; Dictionary of English Place-Names; Watts; Cambridge Dictionary of English Place-names
Yelverton,"Probably, '*Geldfrith's farm/settlement'.",Personal name (Old English) Old English - Personal name; tūn Old English - An enclosure; a farmstead; a village; an estate.,A.D. Mills; Dictionary of English Place-Names; Sandred & Lingstrom; Place-names of Norfolk; E. Ekwall; Dictionary of English Place-Names; Watts; Cambridge Dictionary of English Place-names
