PlaceName,Etymology,Derivation,ReferenceTitle
Abberwick,"'Eadbeorht's specialised-farm' or perhaps, 'Alu(h)burg's specialised-farm', a feminine personal name.","Personal name (Old English) Old English - Personal name; wīc Old English - A dwelling; a building or collection of buildings for special purposes; a farm, a dairy farm; a trading or industrial settlement; or (in the plural) a hamlet, village.",A.D. Mills; Dictionary of English Place-Names; Mawer; Place-names of Northumberland and Durham.; Watts; Cambridge Dictionary of English Place-names; E. Ekwall; Dictionary of English Place-Names
Acklington,'Farm/settlment connected with Eadlac/Aeccla'.,"-ingtūn Old English - A settlement called after, or connected with . . .; Personal name (Old English) Old English - Personal name",Watts; Cambridge Dictionary of English Place-names; A.D. Mills; Dictionary of English Place-Names; E. Ekwall; Dictionary of English Place-Names; Mawer; Place-names of Northumberland and Durham.
Acomb,'At the oak-trees'.,āc Old English - An oak-tree.,A.D. Mills; Dictionary of English Place-Names; Watts; Cambridge Dictionary of English Place-names; E. Ekwall; Dictionary of English Place-Names; Mawer; Place-names of Northumberland and Durham.
Acomb East,'At the oak-trees'.,āc Old English - An oak-tree.,Mawer; Place-names of Northumberland and Durham.; Watts; Cambridge Dictionary of English Place-names; E. Ekwall; Dictionary of English Place-Names; A.D. Mills; Dictionary of English Place-Names
Acton and Old Felton,Uncertain. 'Aca's farm/settlement' or 'oak-tree farm/settlement'. 'Open land farm/settlement'. 'Little' and 'Old' to distinguish from Felton.,"āc Old English - An oak-tree.; feld Old English - Open country, unencumbered ground (eg. land without trees as opposed to forest, level ground as opposed to hills, land without buildings); arable land (from late tenth century).; parva Latin - Small.; Personal name (Old English) Old English - Personal name; tūn Old English - An enclosure; a farmstead; a village; an estate.",Watts; Cambridge Dictionary of English Place-names; E. Ekwall; Dictionary of English Place-Names; A.D. Mills; Dictionary of English Place-Names; Mawer; Place-names of Northumberland and Durham.
Adderstone,'Eadred's farm/settlement'.,Personal name (Old English) Old English - Personal name; tūn Old English - An enclosure; a farmstead; a village; an estate.,A.D. Mills; Dictionary of English Place-Names; Mawer; Place-names of Northumberland and Durham.; E. Ekwall; Dictionary of English Place-Names; Watts; Cambridge Dictionary of English Place-names
Akeld,"Probably, 'oak-tree slope'.",āc Old English - An oak-tree.; helde Old English - Tansy.,E. Ekwall; Dictionary of English Place-Names; Watts; Cambridge Dictionary of English Place-names; The Vocabulary of English Place-Names; A.D. Mills; Dictionary of English Place-Names; Mawer; Place-names of Northumberland and Durham.
Allendale,'River Allen's valley'.,dalr Old Norse - A valley.; River-name Unknown - River-name,E. Ekwall; Dictionary of English Place-Names; Watts; Cambridge Dictionary of English Place-names; A.D. Mills; Dictionary of English Place-Names; Mawer; Place-names of Northumberland and Durham.
Alnham,'River Aln homestead/village'.,"hām Old English - A village, a village community, a manor, an estate, a homestead.; River-name Unknown - River-name",Mawer; Place-names of Northumberland and Durham.; Watts; Cambridge Dictionary of English Place-names; A.D. Mills; Dictionary of English Place-Names; E. Ekwall; Dictionary of English Place-Names
Alnmouth,'River Aln's mouth'.,"mūða Old English - The mouth of a large river, an estuary.; River-name Unknown - River-name",Mawer; Place-names of Northumberland and Durham.; A.D. Mills; Dictionary of English Place-Names; Watts; Cambridge Dictionary of English Place-names; E. Ekwall; Dictionary of English Place-Names
Alnwick,'River Aln specialised-farm'.,"River-name Unknown - River-name; wīc Old English - A dwelling; a building or collection of buildings for special purposes; a farm, a dairy farm; a trading or industrial settlement; or (in the plural) a hamlet, village.",A.D. Mills; Dictionary of English Place-Names; E. Ekwall; Dictionary of English Place-Names; Watts; Cambridge Dictionary of English Place-names; Mawer; Place-names of Northumberland and Durham.
Alwinton,'River Alwin farm/settlement'.,River-name Unknown - River-name; tūn Old English - An enclosure; a farmstead; a village; an estate.,A.D. Mills; Dictionary of English Place-Names; Mawer; Place-names of Northumberland and Durham.; Watts; Cambridge Dictionary of English Place-names; E. Ekwall; Dictionary of English Place-Names
Amble,'*Amma's/Anna's headland'.,"bile Old English - A bill, beak; used topographically of a headland, a narrow promontory.; Personal name (Old English) Old English - Personal name",E. Ekwall; Dictionary of English Place-Names; A.D. Mills; Dictionary of English Place-Names; Watts; Cambridge Dictionary of English Place-names; Mawer; Place-names of Northumberland and Durham.
Ancroft,"'Lonely enclosed piece of land' or perhaps, 'single enclosed piece of land'.","āna Old English - Lonely.  (Difficult to distinguish from ān, ""one, single"".; croft Old English - A small enclosed field.",A.D. Mills; Dictionary of English Place-Names; Watts; Cambridge Dictionary of English Place-names; Mawer; Place-names of Northumberland and Durham.; E. Ekwall; Dictionary of English Place-Names
Anick,"Uncertain. 'Aethelwine's specialised-farm' or perhaps, 'Egelwin's specialised-farm', belonging to the 11th century Bishop of Durham.","Personal name (Old English) Old English - Personal name; wīc Old English - A dwelling; a building or collection of buildings for special purposes; a farm, a dairy farm; a trading or industrial settlement; or (in the plural) a hamlet, village.",Watts; Cambridge Dictionary of English Place-names; A.D. Mills; Dictionary of English Place-Names; E. Ekwall; Dictionary of English Place-Names; Mawer; Place-names of Northumberland and Durham.
Anick Grange,Anick's 'outlying grain farm'.,"grange Middle English - A grange; originally a granary, a barn; later a farm; also an outlying farm belonging to a religious house or a feudal lord, where crops were stored.; Place-name Unknown - Place-name",Watts; Cambridge Dictionary of English Place-names; A.D. Mills; Dictionary of English Place-Names; Mawer; Place-names of Northumberland and Durham.; E. Ekwall; Dictionary of English Place-Names
Apperley,'Apple-tree wood/clearing'.,"æppel-trēow Old English - An apple-tree, a fruit-tree.; lēah Old English - A forest, wood, glade, clearing; (later) a pasture, meadow.",E. Ekwall; Dictionary of English Place-Names; Watts; Cambridge Dictionary of English Place-names; A.D. Mills; Dictionary of English Place-Names; Mawer; Place-names of Northumberland and Durham.
Ashington and Sheepwash,"'Valley growing with ash-trees'. Perhaps, 'sheep-washing place'.",æscen Old English - Growing with ash-trees; ashen; made of ash.; denu Old English - A valley.; scip Old English - A ship.; wæsce Old English - A place for washing.,E. Ekwall; Dictionary of English Place-Names; Mawer; Place-names of Northumberland and Durham.; Watts; Cambridge Dictionary of English Place-names; A.D. Mills; Dictionary of English Place-Names
Aydon,'Island woodland-pasture' or perhaps 'hay woodland-pasture'.,"denn Old English; ēg Old English - An island.  In ancient settlement-names, most frequently refers to dry ground surrounded by marsh.  Also used of islands in modern sense.  In late OE names: well-watered land.; hēg Old English",Mawer; Place-names of Northumberland and Durham.; Watts; Cambridge Dictionary of English Place-names; A.D. Mills; Dictionary of English Place-Names; E. Ekwall; Dictionary of English Place-Names
Backworth,'Bacc's enclosure'.,Personal name (Old English) Old English - Personal name; worð Old English - An enclosure.,Mawer; Place-names of Northumberland and Durham.; E. Ekwall; Dictionary of English Place-Names; Watts; Cambridge Dictionary of English Place-names; A.D. Mills; Dictionary of English Place-Names
Bamburgh,"'Bebbe's fortification'. It was called after Aethfrith of Bernicia's queen. It was originally called Dinguayrdi or Dinguaoaroy, from Celtic *din-, 'fort' and an obscure second element.",burh Old English - A fortified place.; Personal name (Old English) Old English - Personal name,Mawer; Place-names of Northumberland and Durham.; E. Ekwall; Dictionary of English Place-Names; Watts; Cambridge Dictionary of English Place-names; A.D. Mills; Dictionary of English Place-Names
Barrow Law,'Briar mound'.,brēr Old English; hlāw Old English - A tumulus; a hill.,E. Ekwall; Dictionary of English Place-Names; Mawer; Place-names of Northumberland and Durham.; A.D. Mills; Dictionary of English Place-Names; Watts; Cambridge Dictionary of English Place-names
Bassington,"Originally a township in Eglingham ancient parish, it was made a separate civil parish in 1866.",Obscure element Unknown - Obscure element,Watts; Cambridge Dictionary of English Place-names; A.D. Mills; Dictionary of English Place-Names; Mawer; Place-names of Northumberland and Durham.; E. Ekwall; Dictionary of English Place-Names
Beadnell,'Beda's nook of land'.,"halh Old English - A nook of land; a small valley; dry ground in marsh; a piece of land projecting from, or detached from, the main area of its administrative unit.; Personal name (Old English) Old English - Personal name",A.D. Mills; Dictionary of English Place-Names; Watts; Cambridge Dictionary of English Place-names; E. Ekwall; Dictionary of English Place-Names; Mawer; Place-names of Northumberland and Durham.
Beanley,'Bean wood/clearing'.,"bēan Old English - A bean.; lēah Old English - A forest, wood, glade, clearing; (later) a pasture, meadow.",A.D. Mills; Dictionary of English Place-Names; E. Ekwall; Dictionary of English Place-Names; Mawer; Place-names of Northumberland and Durham.; Watts; Cambridge Dictionary of English Place-names
Bearl,'Barley hill'.,"bere Old English - Barley.; hyll Old English - A hill, a natural eminence or elevated piece of ground.",E. Ekwall; Dictionary of English Place-Names; A.D. Mills; Dictionary of English Place-Names; Watts; Cambridge Dictionary of English Place-names; Mawer; Place-names of Northumberland and Durham.
Bebside,'*Bibba's corner of land'.,"Personal name (Old English) Old English - Personal name; scēat Old English - A corner of land, an angle, a projecting piece of land.",Mawer; Place-names of Northumberland and Durham.; A.D. Mills; Dictionary of English Place-Names; E. Ekwall; Dictionary of English Place-Names; Watts; Cambridge Dictionary of English Place-names
Bedlington,'Farm/settlement connected with *Bedla/Betla' or 'farm/settlement at *Bedla's/Betla's place'.,"-ing Old English - Place-name forming suffix.; -ing- Old English - Connective particle, linking a first element to a final element.; Personal name (Old English) Old English - Personal name; tūn Old English - An enclosure; a farmstead; a village; an estate.",A.D. Mills; Dictionary of English Place-Names; Mawer; Place-names of Northumberland and Durham.; E. Ekwall; Dictionary of English Place-Names; Watts; Cambridge Dictionary of English Place-names
Belford,"Uncertain. Possibly, 'ford at the bell-shaped hill' or perhaps, 'farm/settlement near a beacon or funeral pyre'. Alternatively, *Bel may also represent an element meaning 'island' or 'glade'.",bēl Old English; belle Old English - A bell; probably also a bell-shaped hill.; ford Old English - A ford.,Mawer; Place-names of Northumberland and Durham.; Watts; Cambridge Dictionary of English Place-names; E. Ekwall; Dictionary of English Place-Names; A.D. Mills; Dictionary of English Place-Names
Bellingham,"Uncertain. Either, 'homestead/village of the bell-shaped hill dwellers' or simply, 'bell-shaped hill homestead/village'.","-ing Old English - Place-name forming suffix.; -ingas Old English - The people of . . . ; the people called after . . .; belle Old English - A bell; probably also a bell-shaped hill.; hām Old English - A village, a village community, a manor, an estate, a homestead.",E. Ekwall; Dictionary of English Place-Names; Mawer; Place-names of Northumberland and Durham.; Watts; Cambridge Dictionary of English Place-names; A.D. Mills; Dictionary of English Place-Names
Bellister,"Probably, 'beautiful site'.","bel Old French - Fair, beautiful.; estre Old French - To stop, to stay, to stand (a site or sojourn).",A.D. Mills; Dictionary of English Place-Names; Mawer; Place-names of Northumberland and Durham.; E. Ekwall; Dictionary of English Place-Names; Watts; Cambridge Dictionary of English Place-names
Belsay,"Uncertain. Perhaps, ' beacon/funeral pyre hill-spur'. *Bel may also represent be an element meaning 'island' or 'glade'. Other suggestions include 'spur of the bill-shaped hill' and 'Bill's hill-spur'.","bēl Old English; bill Old English - A bill, a sword; topographically a sharp ridge, a headland, the edge of a hill, a promontory.; hōh Old English - A heel; a sharply projecting piece of ground.; Personal name (Old English) Old English - Personal name",E. Ekwall; Dictionary of English Place-Names; A.D. Mills; Dictionary of English Place-Names; Watts; Cambridge Dictionary of English Place-names; Mawer; Place-names of Northumberland and Durham.
Benridge,'Bean ridge'.,bēan Old English - A bean.; hrycg Old English - A ridge.,E. Ekwall; Dictionary of English Place-Names; Watts; Cambridge Dictionary of English Place-names; A.D. Mills; Dictionary of English Place-Names; Mawer; Place-names of Northumberland and Durham.
Benwell,"'By the Roman wall', Hadrian's wall.","bī Old English - By, near; (place) near or in.; wall Old English",Mawer; Place-names of Northumberland and Durham.; Watts; Cambridge Dictionary of English Place-names; E. Ekwall; Dictionary of English Place-Names; A.D. Mills; Dictionary of English Place-Names
Berwick Hill,'Barley farm/settlement'.,"bere Old English - Barley.; wīc Old English - A dwelling; a building or collection of buildings for special purposes; a farm, a dairy farm; a trading or industrial settlement; or (in the plural) a hamlet, village.",A.D. Mills; Dictionary of English Place-Names; E. Ekwall; Dictionary of English Place-Names; Mawer; Place-names of Northumberland and Durham.; Watts; Cambridge Dictionary of English Place-names
Berwick upon Tweed,'Barley farm/settlement' on the River Tweed.,"bere-tūn Old English - A barley enclosure, a barley farm; later a demesne farm, an outlying grange.; River-name Unknown - River-name",E. Ekwall; Dictionary of English Place-Names; Watts; Cambridge Dictionary of English Place-names; A.D. Mills; Dictionary of English Place-Names; Mawer; Place-names of Northumberland and Durham.
Bickerton,"Probably, 'bee-keepers' farm/settlement' but perhaps, 'disputed farm/settlement' or 'farm/settlment by the marsh'.","bī Old English - By, near; (place) near or in.; bīcere Old English - A bee-keeper.; biker Middle English - A fight, quarrel, dispute.; kjarr Old Norse - Brushwood; a marsh overgrown with brushwood.; tūn Old English - An enclosure; a farmstead; a village; an estate.",E. Ekwall; Dictionary of English Place-Names; A.D. Mills; Dictionary of English Place-Names; Watts; Cambridge Dictionary of English Place-names; The Vocabulary of English Place-Names; Mawer; Place-names of Northumberland and Durham.
Biddlestone,"'Building valley' or perhaps, '*Byttel's valley'.","bytle Old English - A building, a house.; denu Old English - A valley.; Personal name (Old English) Old English - Personal name",Mawer; Place-names of Northumberland and Durham.; A.D. Mills; Dictionary of English Place-Names; E. Ekwall; Dictionary of English Place-Names; Watts; Cambridge Dictionary of English Place-names
Bigges Quarter,"Sometimes known as Carlisle's Quarter. Originally a township in Long Horsley ancient parish, it was made a separate civil parish in 1866.",Obscure element Unknown - Obscure element,Mawer; Place-names of Northumberland and Durham.; A.D. Mills; Dictionary of English Place-Names; E. Ekwall; Dictionary of English Place-Names; Watts; Cambridge Dictionary of English Place-names
Bingfield,"'Open land connected with Bynna' or perhaps, 'hollow open land'.","-ing Old English - Place-name forming suffix.; bing Old English - A hollow.; feld Old English - Open country, unencumbered ground (eg. land without trees as opposed to forest, level ground as opposed to hills, land without buildings); arable land (from late tenth century).; Personal name (Old English) Old English - Personal name",Mawer; Place-names of Northumberland and Durham.; E. Ekwall; Dictionary of English Place-Names; A.D. Mills; Dictionary of English Place-Names; Watts; Cambridge Dictionary of English Place-names
Birling,'*Baerla's people'.,-ingas Old English - The people of . . . ; the people called after . . .; Personal name (Old English) Old English - Personal name,Mawer; Place-names of Northumberland and Durham.; Watts; Cambridge Dictionary of English Place-names; A.D. Mills; Dictionary of English Place-Names; E. Ekwall; Dictionary of English Place-Names
Birtley,'Bright clearing'.,"beorht Old English - Bright, clear.; lēah Old English - A forest, wood, glade, clearing; (later) a pasture, meadow.",Mawer; Place-names of Northumberland and Durham.; E. Ekwall; Dictionary of English Place-Names; Watts; Cambridge Dictionary of English Place-names; A.D. Mills; Dictionary of English Place-Names
Bitchfield,'Beech-tree open land'.,"bēce Old English - A beech-tree.; feld Old English - Open country, unencumbered ground (eg. land without trees as opposed to forest, level ground as opposed to hills, land without buildings); arable land (from late tenth century).",Watts; Cambridge Dictionary of English Place-names; E. Ekwall; Dictionary of English Place-Names; Mawer; Place-names of Northumberland and Durham.; A.D. Mills; Dictionary of English Place-Names
Black Callerton,'Calves' hill'. 'Black' to distinguish from High and Little Callerton.,"blæc Old English - Black, dark-coloured, dark.; calf Old English; dūn Old English - A hill.",A.D. Mills; Dictionary of English Place-Names; E. Ekwall; Dictionary of English Place-Names; Mawer; Place-names of Northumberland and Durham.; Watts; Cambridge Dictionary of English Place-names
Black Carts and Ryehill,"Originally a township in Simonburn ancient parish, it was made a separate civil parish in 1866.",Obscure element Unknown - Obscure element,Watts; Cambridge Dictionary of English Place-names; E. Ekwall; Dictionary of English Place-Names; A.D. Mills; Dictionary of English Place-Names; Mawer; Place-names of Northumberland and Durham.
Black Heddon,'Heath hill'. 'Black' to distinguish from other Heddons.,dūn Old English - A hill.; hǣð Old English - Heather; a tract of uncultivated land.,Mawer; Place-names of Northumberland and Durham.; E. Ekwall; Dictionary of English Place-Names; A.D. Mills; Dictionary of English Place-Names; Watts; Cambridge Dictionary of English Place-names
Blekinsopp,"'Valley', with an obscure first element, perhaps a personal name.",hop Old English - A valley; a remote enclosed space; a piece of enclosed land in a fen; an enclosure in marsh or moor.; Obscure element Unknown - Obscure element; Personal name (Uncertain) Unknown - Personal name,Mawer; Place-names of Northumberland and Durham.; E. Ekwall; Dictionary of English Place-Names; Watts; Cambridge Dictionary of English Place-names; A.D. Mills; Dictionary of English Place-Names
Bockenfield,'Field growing with beech-trees'.,"bōcen Old English - Beechen; growing with beech-trees.; feld Old English - Open country, unencumbered ground (eg. land without trees as opposed to forest, level ground as opposed to hills, land without buildings); arable land (from late tenth century).",Mawer; Place-names of Northumberland and Durham.; E. Ekwall; Dictionary of English Place-Names; Watts; Cambridge Dictionary of English Place-names; A.D. Mills; Dictionary of English Place-Names
Bolam,"'Uncertain. At the tree-trunks', 'at the dwellings' or 'at the smooth, rounded hill'.","bol Old English - A smooth, rounded hill.; bola Old English - A tree-trunk, a log, a plank.; bolr Old Norse - A tree-trunk; perhaps also a log, a plank.",Watts; Cambridge Dictionary of English Place-names; A.D. Mills; Dictionary of English Place-Names; E. Ekwall; Dictionary of English Place-Names; Mawer; Place-names of Northumberland and Durham.
Bolton,'Collection of buildings'.,"bōðl-tūn Old English - An enclosure with buildings, a collection of buildings.",Watts; Cambridge Dictionary of English Place-names; E. Ekwall; Dictionary of English Place-Names; Mawer; Place-names of Northumberland and Durham.; A.D. Mills; Dictionary of English Place-Names
Bothal Demense,'Bota's nook of land'.,"demeyn Middle English - A demesne.; halh Old English - A nook of land; a small valley; dry ground in marsh; a piece of land projecting from, or detached from, the main area of its administrative unit.; Personal name (Old English) Old English - Personal name",Watts; Cambridge Dictionary of English Place-names; A.D. Mills; Dictionary of English Place-Names; E. Ekwall; Dictionary of English Place-Names; Mawer; Place-names of Northumberland and Durham.
Bradford,'Broad ford'.,"brād Old English - Broad, spacious, wide, large.; ford Old English - A ford.",Watts; Cambridge Dictionary of English Place-names; Mawer; Place-names of Northumberland and Durham.; A.D. Mills; Dictionary of English Place-Names; E. Ekwall; Dictionary of English Place-Names
Bradford,'Broad ford'.,"brād Old English - Broad, spacious, wide, large.; ford Old English - A ford.",E. Ekwall; Dictionary of English Place-Names; Mawer; Place-names of Northumberland and Durham.; Watts; Cambridge Dictionary of English Place-names; A.D. Mills; Dictionary of English Place-Names
Brandon,'Broom hill'.,brōm Old English - Broom; a thorny bush or shrub.; dūn Old English - A hill.,Watts; Cambridge Dictionary of English Place-names; A.D. Mills; Dictionary of English Place-Names; E. Ekwall; Dictionary of English Place-Names; Mawer; Place-names of Northumberland and Durham.
Branton,'Farm/settlement overgrown with broom'.,brēmen Old English - Overgrown with broom.; tūn Old English - An enclosure; a farmstead; a village; an estate.,Watts; Cambridge Dictionary of English Place-names; E. Ekwall; Dictionary of English Place-Names; A.D. Mills; Dictionary of English Place-Names; Mawer; Place-names of Northumberland and Durham.
Branxton,'Branoc's farm/settlement'.,Personal name (Old English) Old English - Personal name; tūn Old English - An enclosure; a farmstead; a village; an estate.,Watts; Cambridge Dictionary of English Place-names; A.D. Mills; Dictionary of English Place-Names; E. Ekwall; Dictionary of English Place-Names; Mawer; Place-names of Northumberland and Durham.
Brenkley,'Brynca's mound' or 'edge mound'.,brink Old Norse; hlāw Old English - A tumulus; a hill.; Personal name (Old English) Old English - Personal name,A.D. Mills; Dictionary of English Place-Names; E. Ekwall; Dictionary of English Place-Names; Watts; Cambridge Dictionary of English Place-names; Mawer; Place-names of Northumberland and Durham.
Brinkburn High and Low Ward,'Brynca's stream'.,burna Old English - A stream.; Personal name (Old English) Old English - Personal name,A.D. Mills; Dictionary of English Place-Names; Mawer; Place-names of Northumberland and Durham.; Watts; Cambridge Dictionary of English Place-names; E. Ekwall; Dictionary of English Place-Names
Broome Park,'Broom park'.,broom Modern English - Broom.; park Modern English - Park,E. Ekwall; Dictionary of English Place-Names; A.D. Mills; Dictionary of English Place-Names; Watts; Cambridge Dictionary of English Place-names; Mawer; Place-names of Northumberland and Durham.
Broomhaugh,'Broomy nook of land'.,"brōm Old English - Broom; a thorny bush or shrub.; halh Old English - A nook of land; a small valley; dry ground in marsh; a piece of land projecting from, or detached from, the main area of its administrative unit.",Watts; Cambridge Dictionary of English Place-names; A.D. Mills; Dictionary of English Place-Names; E. Ekwall; Dictionary of English Place-Names; Mawer; Place-names of Northumberland and Durham.
Broomley,'Broomy wood/clearing'.,"brōm Old English - Broom; a thorny bush or shrub.; lēah Old English - A forest, wood, glade, clearing; (later) a pasture, meadow.",Watts; Cambridge Dictionary of English Place-names; E. Ekwall; Dictionary of English Place-Names; A.D. Mills; Dictionary of English Place-Names; Mawer; Place-names of Northumberland and Durham.
Brotherwick,'Brodor's specialised-farm'.,"Personal name (Old English) Old English - Personal name; wīc Old English - A dwelling; a building or collection of buildings for special purposes; a farm, a dairy farm; a trading or industrial settlement; or (in the plural) a hamlet, village.",Mawer; Place-names of Northumberland and Durham.; A.D. Mills; Dictionary of English Place-Names; Watts; Cambridge Dictionary of English Place-names; E. Ekwall; Dictionary of English Place-Names
Broxfield,Either 'brook field' or 'badger's field'.,"brōc Old English - A brook, a stream.  (Used of a stream with a muddy bed and a visible sediment load.); brocc Old English - A brock, a badger.; feld Old English - Open country, unencumbered ground (eg. land without trees as opposed to forest, level ground as opposed to hills, land without buildings); arable land (from late tenth century).",Mawer; Place-names of Northumberland and Durham.; Watts; Cambridge Dictionary of English Place-names; A.D. Mills; Dictionary of English Place-Names; E. Ekwall; Dictionary of English Place-Names
Brunton,'Stream farm/settlement'.,burna Old English - A stream.; tūn Old English - An enclosure; a farmstead; a village; an estate.,Mawer; Place-names of Northumberland and Durham.; A.D. Mills; Dictionary of English Place-Names; E. Ekwall; Dictionary of English Place-Names; Watts; Cambridge Dictionary of English Place-names
Budle,'Building'.,"bōðl Old English - A dwelling, a dwelling-place, a house.",E. Ekwall; Dictionary of English Place-Names; A.D. Mills; Dictionary of English Place-Names; Mawer; Place-names of Northumberland and Durham.; Watts; Cambridge Dictionary of English Place-names
Bullocks Hall,"Originally a township in Warkworth ancient parish, it was made a separate civil parish in 1866.",Obscure element Unknown - Obscure element,Watts; Cambridge Dictionary of English Place-names; A.D. Mills; Dictionary of English Place-Names; E. Ekwall; Dictionary of English Place-Names; Mawer; Place-names of Northumberland and Durham.
Burradon,'Fortification hill'.,burh Old English - A fortified place.; dūn Old English - A hill.,A.D. Mills; Dictionary of English Place-Names; Watts; Cambridge Dictionary of English Place-names; E. Ekwall; Dictionary of English Place-Names; Mawer; Place-names of Northumberland and Durham.
Burradon,'Fortification hill'.,burh Old English - A fortified place.; dūn Old English - A hill.,E. Ekwall; Dictionary of English Place-Names; Watts; Cambridge Dictionary of English Place-names; Mawer; Place-names of Northumberland and Durham.; A.D. Mills; Dictionary of English Place-Names
Burton,'Fortification farm/settlement'.,"burh-tūn Old English - A fort enclosure; a farm with a palisade; a farm at, or belonging to, or which is, a fortification, fortified house, or manorhouse.",A.D. Mills; Dictionary of English Place-Names; Mawer; Place-names of Northumberland and Durham.; Watts; Cambridge Dictionary of English Place-names; E. Ekwall; Dictionary of English Place-Names
Butterlaw,"'Butter hill', ie., rich dairy land.",butere Old English - Butter.; hlāw Old English - A tumulus; a hill.,E. Ekwall; Dictionary of English Place-Names; Mawer; Place-names of Northumberland and Durham.; A.D. Mills; Dictionary of English Place-Names; Watts; Cambridge Dictionary of English Place-names
Byker,'Farm/settlement marsh' or 'by the marsh'.,"bī Old English - By, near; (place) near or in.; bȳ Old Norse - A farmstead, a village.; kjarr Old Norse - Brushwood; a marsh overgrown with brushwood.",A.D. Mills; Dictionary of English Place-Names; Mawer; Place-names of Northumberland and Durham.; E. Ekwall; Dictionary of English Place-Names; Watts; Cambridge Dictionary of English Place-names
Bywell,"Probably, 'bend spring/stream' rather than 'by the spring/stream'.","bī Old English - By, near; (place) near or in.; byge Old English - A corner, an angle; the bend of a river.; wella Old English",A.D. Mills; Dictionary of English Place-Names; E. Ekwall; Dictionary of English Place-Names; Mawer; Place-names of Northumberland and Durham.; Watts; Cambridge Dictionary of English Place-names
Caistron,'Fen thorn-tree'.,kers Middle English - A fen.; þyrnir Old Norse - A thorn-bush.,A.D. Mills; Dictionary of English Place-Names; E. Ekwall; Dictionary of English Place-Names; Watts; Cambridge Dictionary of English Place-names; Mawer; Place-names of Northumberland and Durham.
Callaly and Yetlington,'The calves' wood/clearing'. 'Farm/settlement connected with *Geatela'.,"-ingtūn Old English - A settlement called after, or connected with . . .; calf Old English; lēah Old English - A forest, wood, glade, clearing; (later) a pasture, meadow.; Personal name (Old English) Old English - Personal name",A.D. Mills; Dictionary of English Place-Names; Mawer; Place-names of Northumberland and Durham.; Watts; Cambridge Dictionary of English Place-names; E. Ekwall; Dictionary of English Place-Names
Cambo,'Crested hill-spur'.,"camb Old English - A comb, a crest; the crest of a hill, a ridge.; hōh Old English - A heel; a sharply projecting piece of ground.",A.D. Mills; Dictionary of English Place-Names; Mawer; Place-names of Northumberland and Durham.; E. Ekwall; Dictionary of English Place-Names; Watts; Cambridge Dictionary of English Place-names
Capheaton,'High farm/settlement'. 'Head' to distinguish this as the Lord's settlement from the church's settlement at Kirkheaton.,"caput Latin - Head.; hēah Old English - A high place, a height.; tūn Old English - An enclosure; a farmstead; a village; an estate.",A.D. Mills; Dictionary of English Place-Names; E. Ekwall; Dictionary of English Place-Names; Watts; Cambridge Dictionary of English Place-names; Mawer; Place-names of Northumberland and Durham.
Carrycoats,'Carry Burn cottages'.,"cot Old English - A cottage, a hut, a shelter, a den.; River-name Unknown - River-name",Mawer; Place-names of Northumberland and Durham.; E. Ekwall; Dictionary of English Place-Names; Watts; Cambridge Dictionary of English Place-names; A.D. Mills; Dictionary of English Place-Names
Cartington,"Uncertain. 'Cretta's valley' or perhaps, 'valley connected with *Certa'. The second element was early replaced by OE dun, 'hill'.","-ing- Old English - Connective particle, linking a first element to a final element.; denu Old English - A valley.; Personal name (Old English) Old English - Personal name",A.D. Mills; Dictionary of English Place-Names; Mawer; Place-names of Northumberland and Durham.; E. Ekwall; Dictionary of English Place-Names; Watts; Cambridge Dictionary of English Place-names
Catcherside,'Cold cheer hill-side'.,"cald Middle English - Cold.; chere Middle English - Cheer.; sīde Middle English - A side; the land extending alongside a river or lake, the edge of a wood or village.",E. Ekwall; Dictionary of English Place-Names; Mawer; Place-names of Northumberland and Durham.; Watts; Cambridge Dictionary of English Place-names; A.D. Mills; Dictionary of English Place-Names
Causey Park,'Embankment' or 'raised way' across marshy ground.,"cauce Middle English - An embankment or dam, a raised way across marshy ground or along a dyke; a raised paved way or pavement.; park Middle English - An enclosed tract of land for beasts of the chase.",Watts; Cambridge Dictionary of English Place-names; Mawer; Place-names of Northumberland and Durham.; E. Ekwall; Dictionary of English Place-Names; A.D. Mills; Dictionary of English Place-Names
Chathill,"A small, isolated hill rising to 40 m (OS 1866). Originally a township in Ellingham ancient parish, it was made a separate civil parish in 1866.",Obscure element Unknown - Obscure element,Mawer; Place-names of Northumberland and Durham.; Watts; Cambridge Dictionary of English Place-names; A.D. Mills; Dictionary of English Place-Names; E. Ekwall; Dictionary of English Place-Names
Chatton,'*Ceatta's farm/settlement'.,Personal name (Old English) Old English - Personal name; tūn Old English - An enclosure; a farmstead; a village; an estate.,E. Ekwall; Dictionary of English Place-Names; Watts; Cambridge Dictionary of English Place-names; A.D. Mills; Dictionary of English Place-Names; Mawer; Place-names of Northumberland and Durham.
Cheeseburn Grange,'Cheese fortification'.,"burh Old English - A fortified place.; cisel Old English - Gravel, shingle.; grange Middle English - A grange; originally a granary, a barn; later a farm; also an outlying farm belonging to a religious house or a feudal lord, where crops were stored.",Watts; Cambridge Dictionary of English Place-names; Mawer; Place-names of Northumberland and Durham.; E. Ekwall; Dictionary of English Place-Names; A.D. Mills; Dictionary of English Place-Names
Chillingham,'Homestead/village of *Ceofel's people' or 'homestead/village at/called *Ceofel's place'.,"-ing Old English - Place-name forming suffix.; -ingas Old English - The people of . . . ; the people called after . . .; hām Old English - A village, a village community, a manor, an estate, a homestead.; Personal name (Old English) Old English - Personal name",A.D. Mills; Dictionary of English Place-Names; Watts; Cambridge Dictionary of English Place-names; E. Ekwall; Dictionary of English Place-Names; Mawer; Place-names of Northumberland and Durham.
Chirdon,"Spellings for this name are late, so existing interpretations of 'church valley', 'Ceorra's valley' or 'bend valley' cannot be established with any certainty.",cerr Old English; cirice Old English - A church.; denu Old English - A valley.; Personal name (Old English) Old English - Personal name,Watts; Cambridge Dictionary of English Place-names; E. Ekwall; Dictionary of English Place-Names; A.D. Mills; Dictionary of English Place-Names; Mawer; Place-names of Northumberland and Durham.
Chirton,"Uncertain. 'Church farm/settlement', 'farm/settlement at a turning' or 'Ceorra's farm/settlement'.",cerr Old English; cirice Old English - A church.; Personal name (Old English) Old English - Personal name; tūn Old English - An enclosure; a farmstead; a village; an estate.,A.D. Mills; Dictionary of English Place-Names; Mawer; Place-names of Northumberland and Durham.; Watts; Cambridge Dictionary of English Place-names; E. Ekwall; Dictionary of English Place-Names
Chollerton,"Uncertain. Perhaps, 'Ceolferth's farm/settlement'. Alternatively, 'farm/settlement at *Ceolanford (= the throat-like ford)'.","ceole Old English - A throat; topographically a channel, a gorge, a ravine.; ford Old English - A ford.; Personal name (Old English) Old English - Personal name; tūn Old English - An enclosure; a farmstead; a village; an estate.",Mawer; Place-names of Northumberland and Durham.; Watts; Cambridge Dictionary of English Place-names; A.D. Mills; Dictionary of English Place-Names; E. Ekwall; Dictionary of English Place-Names
Clarewood,'Clover enclosure'.,clǣfre Old English - Clover.; worð Old English - An enclosure.,E. Ekwall; Dictionary of English Place-Names; Watts; Cambridge Dictionary of English Place-names; A.D. Mills; Dictionary of English Place-Names; Mawer; Place-names of Northumberland and Durham.
Clennell,'Clean hill'.,"clǣne Old English - Clean, clear of weeds, etc.; hyll Old English - A hill, a natural eminence or elevated piece of ground.",Watts; Cambridge Dictionary of English Place-names; A.D. Mills; Dictionary of English Place-Names; E. Ekwall; Dictionary of English Place-Names; Mawer; Place-names of Northumberland and Durham.
Coanwood,"'Collan's wood', perhaps belonging to a provost of Hexhamshire of the same name.","Personal name (Uncertain) Unknown - Personal name; wudu Old English - A wood; or wood, timber.",Watts; Cambridge Dictionary of English Place-names; A.D. Mills; Dictionary of English Place-Names; Mawer; Place-names of Northumberland and Durham.; E. Ekwall; Dictionary of English Place-Names
Coatyards,"Originally a township in Netherwitton chapelry, it was made a separate civil parish in 1866.",Obscure element Unknown - Obscure element,A.D. Mills; Dictionary of English Place-Names; Watts; Cambridge Dictionary of English Place-names; Mawer; Place-names of Northumberland and Durham.; E. Ekwall; Dictionary of English Place-Names
Cocklaw,'Wild bird mound/hill' or 'cock mound/hill'.,cocc Old English - A heap; a hillock.; hlāw Old English - A tumulus; a hill.,Watts; Cambridge Dictionary of English Place-names; E. Ekwall; Dictionary of English Place-Names; A.D. Mills; Dictionary of English Place-Names; Mawer; Place-names of Northumberland and Durham.
Cockle Park,'Wild bird mound/hill' or 'cock mound/hill'.,cocc Old English - A heap; a hillock.; hlāw Old English - A tumulus; a hill.; park Middle English - An enclosed tract of land for beasts of the chase.,Watts; Cambridge Dictionary of English Place-names; A.D. Mills; Dictionary of English Place-Names; E. Ekwall; Dictionary of English Place-Names; Mawer; Place-names of Northumberland and Durham.
Coldcoats,'Cold cottages'.,"cald Old English; cot Old English - A cottage, a hut, a shelter, a den.",Mawer; Place-names of Northumberland and Durham.; Watts; Cambridge Dictionary of English Place-names; A.D. Mills; Dictionary of English Place-Names; E. Ekwall; Dictionary of English Place-Names
Coldsmouth and Thompson's Walls,"Coldsmouth Hill (OS, 1865). Originally a township in Kirknewton ancient parish, it was made a separate civil parish in 1866.",Obscure element Unknown - Obscure element,Mawer; Place-names of Northumberland and Durham.; A.D. Mills; Dictionary of English Place-Names; E. Ekwall; Dictionary of English Place-Names; Watts; Cambridge Dictionary of English Place-names
Coldwell,'Cold spring/stream'.,cald Old English; wella Old English,Mawer; Place-names of Northumberland and Durham.; Watts; Cambridge Dictionary of English Place-names; A.D. Mills; Dictionary of English Place-Names; E. Ekwall; Dictionary of English Place-Names
Corbridge,"'Coriosopitum bridge', the Roman fortified town at Colchester.",brycg Old English - A bridge; a causeway.; Place-name Unknown - Place-name,A.D. Mills; Dictionary of English Place-Names; Mawer; Place-names of Northumberland and Durham.; Rivet & Smith; Place-names of Roman Britain; Watts; Cambridge Dictionary of English Place-names; E. Ekwall; Dictionary of English Place-Names
Cornhill,'Crane/heron nook of land'.,"corn Old English - Corn, grain.; halh Old English - A nook of land; a small valley; dry ground in marsh; a piece of land projecting from, or detached from, the main area of its administrative unit.",A.D. Mills; Dictionary of English Place-Names; Mawer; Place-names of Northumberland and Durham.; E. Ekwall; Dictionary of English Place-Names; Watts; Cambridge Dictionary of English Place-names
Corridge,"Originally a township in Hartburn ancient parish, it was made a separate civil parish in 1866.",Obscure element Unknown - Obscure element,A.D. Mills; Dictionary of English Place-Names; E. Ekwall; Dictionary of English Place-Names; Watts; Cambridge Dictionary of English Place-names; Mawer; Place-names of Northumberland and Durham.
Corsenside,'Crossan's house,"Personal name (Uncertain) Unknown - Personal name; sǣte Old English - Settlers, dwellers.",E. Ekwall; Dictionary of English Place-Names; Watts; Cambridge Dictionary of English Place-names; Mawer; Place-names of Northumberland and Durham.; A.D. Mills; Dictionary of English Place-Names
Coupland,'Purchased land'.,kaupa-land Old Norse - Purchased land.,E. Ekwall; Dictionary of English Place-Names; Mawer; Place-names of Northumberland and Durham.; A.D. Mills; Dictionary of English Place-Names; Watts; Cambridge Dictionary of English Place-names
Cowpen,"Literally, 'at the coops', but probably referring to fish-traps along the waterway here.","cūpe Old English - A coop, a basket (for catching fish).; penn Old English - A small enclosure, a fold; later an enclosure for animals.",E. Ekwall; Dictionary of English Place-Names; Watts; Cambridge Dictionary of English Place-names; A.D. Mills; Dictionary of English Place-Names; Mawer; Place-names of Northumberland and Durham.
Coxlodge,"Originally a township in Gosforth chapelry, it was made a separate civil parish in 1866.",Obscure element Unknown - Obscure element,A.D. Mills; Dictionary of English Place-Names; E. Ekwall; Dictionary of English Place-Names; Watts; Cambridge Dictionary of English Place-names; Mawer; Place-names of Northumberland and Durham.
Cramlington,"Uncertain. Possibly, 'Farm/settlement connected with *Cramel'. Alternatively, '*Cranwell (= crane spring/stream) farm/settlement' with a variant form of 'farm/settlement called/at *Cranwell'.","-ing Old English - Place-name forming suffix.; -ing- Old English - Connective particle, linking a first element to a final element.; cran Old English - A crane; probably also a heron or similar bird.; Personal name (Old English) Old English - Personal name; tūn Old English - An enclosure; a farmstead; a village; an estate.; wella Old English",Mawer; Place-names of Northumberland and Durham.; Watts; Cambridge Dictionary of English Place-names; E. Ekwall; Dictionary of English Place-Names; A.D. Mills; Dictionary of English Place-Names
Craster,"'Crows' fortification', referring to the ancient fortification south of the village called Craster Heugh Camp.",ceaster Old English - A city; an old fortification; a Roman site.; crāwe Old English - A crow.,Watts; Cambridge Dictionary of English Place-names; Mawer; Place-names of Northumberland and Durham.; A.D. Mills; Dictionary of English Place-Names; E. Ekwall; Dictionary of English Place-Names
Crawley,'Crows' hill'.,"crāwe Old English - A crow.; hyll Old English - A hill, a natural eminence or elevated piece of ground.",E. Ekwall; Dictionary of English Place-Names; Watts; Cambridge Dictionary of English Place-names; A.D. Mills; Dictionary of English Place-Names; Mawer; Place-names of Northumberland and Durham.
Cresswell,'Cress spring/stream'.,"cærse Old English - Cress, water-cress.; wella Old English",E. Ekwall; Dictionary of English Place-Names; Mawer; Place-names of Northumberland and Durham.; Watts; Cambridge Dictionary of English Place-names; A.D. Mills; Dictionary of English Place-Names
Crookdean,'Crooked valley'.,crōc Old English - A crook.; denu Old English - A valley.,Mawer; Place-names of Northumberland and Durham.; A.D. Mills; Dictionary of English Place-Names; E. Ekwall; Dictionary of English Place-Names; Watts; Cambridge Dictionary of English Place-names
Crookhouse,'Crooks'.,crōc Old English - A crook.,E. Ekwall; Dictionary of English Place-Names; Mawer; Place-names of Northumberland and Durham.; A.D. Mills; Dictionary of English Place-Names; Watts; Cambridge Dictionary of English Place-names
Cullercotes,'Dove cots'.,"cot Old English - A cottage, a hut, a shelter, a den.; culfre Old English - A dove, a pigeon.",Mawer; Place-names of Northumberland and Durham.; Watts; Cambridge Dictionary of English Place-names; E. Ekwall; Dictionary of English Place-Names; A.D. Mills; Dictionary of English Place-Names
Dalton,'Valley farm/settlement'.,"dǣl Old English - A share of land, a district.; dūn Old English - A hill.",Watts; Cambridge Dictionary of English Place-names; Mawer; Place-names of Northumberland and Durham.; E. Ekwall; Dictionary of English Place-Names; A.D. Mills; Dictionary of English Place-Names
Darras Hall,"A part of Callerton which belonged to the Darrayn family. The place-name was eventually lost, and the place came to be known entirely by the manorial affix.",Family name Unknown - Family name.,Watts; Cambridge Dictionary of English Place-names; E. Ekwall; Dictionary of English Place-Names; A.D. Mills; Dictionary of English Place-Names; Mawer; Place-names of Northumberland and Durham.
Deanham,'At the valleys'.,denu Old English - A valley.,Watts; Cambridge Dictionary of English Place-names; E. Ekwall; Dictionary of English Place-Names; A.D. Mills; Dictionary of English Place-Names; Mawer; Place-names of Northumberland and Durham.
Debdon,"Originally a township in Rothbury ancient parish, it was made a separate civil parish in 1866.",Obscure element Unknown - Obscure element,Watts; Cambridge Dictionary of English Place-names; A.D. Mills; Dictionary of English Place-Names; E. Ekwall; Dictionary of English Place-Names; Mawer; Place-names of Northumberland and Durham.
Detchant,'Ditch end'.,"dīc Old English - A ditch, usually an excavated trench, either defensive or for drainage of water.; ende Old English - An end; the end of something, the end of an estate, a district or quarter of a village or town.",A.D. Mills; Dictionary of English Place-Names; Watts; Cambridge Dictionary of English Place-names; Mawer; Place-names of Northumberland and Durham.; E. Ekwall; Dictionary of English Place-Names
Dilston,'Devil's Water farm/settlement'.,River-name Unknown - River-name; tūn Old English - An enclosure; a farmstead; a village; an estate.,E. Ekwall; Dictionary of English Place-Names; Watts; Cambridge Dictionary of English Place-names; A.D. Mills; Dictionary of English Place-Names; Mawer; Place-names of Northumberland and Durham.
Dinnington,'Farm/settlement connected with Dunn(a)'.,"-ingtūn Old English - A settlement called after, or connected with . . .; Personal name (Old English) Old English - Personal name",Watts; Cambridge Dictionary of English Place-names; A.D. Mills; Dictionary of English Place-Names; E. Ekwall; Dictionary of English Place-Names; Mawer; Place-names of Northumberland and Durham.
Ditchburn,'Ditch stream'.,"burna Old English - A stream.; dīc Old English - A ditch, usually an excavated trench, either defensive or for drainage of water.",Watts; Cambridge Dictionary of English Place-names; A.D. Mills; Dictionary of English Place-Names; Mawer; Place-names of Northumberland and Durham.; E. Ekwall; Dictionary of English Place-Names
Doddington,"Perhaps, 'farm/settlement connected with Dod(d)a/Dud(d)a' or possibly, 'farm/settlement at/called *Dodding (= the hill)', after nearby Dod Law.","-ing Old English - Place-name forming suffix.; -ing- Old English - Connective particle, linking a first element to a final element.; dod Old English - A hill.; Personal name (Old English) Old English - Personal name; tūn Old English - An enclosure; a farmstead; a village; an estate.",E. Ekwall; Dictionary of English Place-Names; Mawer; Place-names of Northumberland and Durham.; A.D. Mills; Dictionary of English Place-Names; Watts; Cambridge Dictionary of English Place-names
Doxford,'Docc's ford'.,ford Old English - A ford.; Personal name (Old English) Old English - Personal name,E. Ekwall; Dictionary of English Place-Names; A.D. Mills; Dictionary of English Place-Names; Watts; Cambridge Dictionary of English Place-names; Mawer; Place-names of Northumberland and Durham.
Duddo,'Dud(d)a's hill-spur'.,hōh Old English - A heel; a sharply projecting piece of ground.; Personal name (Old English) Old English - Personal name,E. Ekwall; Dictionary of English Place-Names; A.D. Mills; Dictionary of English Place-Names; Watts; Cambridge Dictionary of English Place-names; Mawer; Place-names of Northumberland and Durham.
Duke's Hagg,"Oriiginally a township in Ovingham ancient parish, it was made a separate civil parish in 1866.",Obscure element Unknown - Obscure element,A.D. Mills; Dictionary of English Place-Names; Watts; Cambridge Dictionary of English Place-names; E. Ekwall; Dictionary of English Place-Names; Mawer; Place-names of Northumberland and Durham.
Dunstan,'Hill stone'.,"dūn Old English - A hill.; stān Old English - A stone, stone, rock.",A.D. Mills; Dictionary of English Place-Names; Mawer; Place-names of Northumberland and Durham.; Watts; Cambridge Dictionary of English Place-names; E. Ekwall; Dictionary of English Place-Names
Eachwick,Uncertain. 'Oak-tree specialised-farm' or perhaps '*Aeca's specialised-farm'.,"āc Old English - An oak-tree.; Personal name (Old English) Old English - Personal name; wīc Old English - A dwelling; a building or collection of buildings for special purposes; a farm, a dairy farm; a trading or industrial settlement; or (in the plural) a hamlet, village.",Mawer; Place-names of Northumberland and Durham.; A.D. Mills; Dictionary of English Place-Names; E. Ekwall; Dictionary of English Place-Names; Watts; Cambridge Dictionary of English Place-names
Earle,"'Enclosure hill' or perhaps, 'rod hill'.","geard Old English - A fence; an enclosure; a yard; a court-yard.; gerd Old English; hyll Old English - A hill, a natural eminence or elevated piece of ground.",Watts; Cambridge Dictionary of English Place-names; E. Ekwall; Dictionary of English Place-Names; A.D. Mills; Dictionary of English Place-Names; Mawer; Place-names of Northumberland and Durham.
Earsdon,'Eanraed's/Eoraed's hill'.,dūn Old English - A hill.; Personal name (Old English) Old English - Personal name,Mawer; Place-names of Northumberland and Durham.; A.D. Mills; Dictionary of English Place-Names; Watts; Cambridge Dictionary of English Place-names; E. Ekwall; Dictionary of English Place-Names
Earsdon,'Eanraed's/Eoraed's hill'.,dūn Old English - A hill.; Personal name (Old English) Old English - Personal name,Watts; Cambridge Dictionary of English Place-names; A.D. Mills; Dictionary of English Place-Names; Mawer; Place-names of Northumberland and Durham.; E. Ekwall; Dictionary of English Place-Names
Earsdon Forest,Eardon's 'forest'.,"forest Middle English - A large tract of woodland, a forest.; Place-name Unknown - Place-name",Mawer; Place-names of Northumberland and Durham.; E. Ekwall; Dictionary of English Place-Names; A.D. Mills; Dictionary of English Place-Names; Watts; Cambridge Dictionary of English Place-names
Easington,"'Farm/settlement at/called *Yesing (= the gushing one'), a stream-name.",-ing Old English - Place-name forming suffix.; River-name Unknown - River-name,Watts; Cambridge Dictionary of English Place-names; A.D. Mills; Dictionary of English Place-Names; E. Ekwall; Dictionary of English Place-Names; Mawer; Place-names of Northumberland and Durham.
Easington Grange,Easington's 'outlying grain farm'.,"grange Middle English - A grange; originally a granary, a barn; later a farm; also an outlying farm belonging to a religious house or a feudal lord, where crops were stored.; Place-name Unknown - Place-name",E. Ekwall; Dictionary of English Place-Names; A.D. Mills; Dictionary of English Place-Names; Watts; Cambridge Dictionary of English Place-names; Mawer; Place-names of Northumberland and Durham.
East and West Brunton,'Stream farm/settlement'.,burna Old English - A stream.; tūn Old English - An enclosure; a farmstead; a village; an estate.,Watts; Cambridge Dictionary of English Place-names; E. Ekwall; Dictionary of English Place-Names; Mawer; Place-names of Northumberland and Durham.; A.D. Mills; Dictionary of English Place-Names
East and West Chevington,'Farm/settlement connected with *Cifa'.,"-ingtūn Old English - A settlement called after, or connected with . . .; Personal name (Old English) Old English - Personal name",Watts; Cambridge Dictionary of English Place-names; E. Ekwall; Dictionary of English Place-Names; Mawer; Place-names of Northumberland and Durham.; A.D. Mills; Dictionary of English Place-Names
East and West Denton,'Valley farm/settlement'.,denu Old English - A valley.; tūn Old English - An enclosure; a farmstead; a village; an estate.,A.D. Mills; Dictionary of English Place-Names; E. Ekwall; Dictionary of English Place-Names; Mawer; Place-names of Northumberland and Durham.; Watts; Cambridge Dictionary of English Place-names
East and West Hartford,'Stag ford'.,"ford Old English - A ford.; heorot Old English - A hart, a stag, a grown male deer.",E. Ekwall; Dictionary of English Place-Names; Mawer; Place-names of Northumberland and Durham.; Watts; Cambridge Dictionary of English Place-names; A.D. Mills; Dictionary of English Place-Names
East and West Heddon,'Heath hill'.,dūn Old English - A hill.; hǣð Old English - Heather; a tract of uncultivated land.,Watts; Cambridge Dictionary of English Place-names; E. Ekwall; Dictionary of English Place-Names; A.D. Mills; Dictionary of English Place-Names; Mawer; Place-names of Northumberland and Durham.
East and West Lilburn,"'Lilla's stream'. Alternatively, the first element may be a stream-name, *Lille.",burna Old English - A stream.; Personal name (Old English) Old English - Personal name; River-name Unknown - River-name,E. Ekwall; Dictionary of English Place-Names; Mawer; Place-names of Northumberland and Durham.; A.D. Mills; Dictionary of English Place-Names; Watts; Cambridge Dictionary of English Place-names
East and West Matfen,'*Matta's fen'.,"fenn Old English - A fen, a marsh, marshland.; Personal name (Old English) Old English - Personal name",Watts; Cambridge Dictionary of English Place-names; Mawer; Place-names of Northumberland and Durham.; E. Ekwall; Dictionary of English Place-Names; A.D. Mills; Dictionary of English Place-Names
East and West Shaftoe,'Shaft hill-spur'.,"hōh Old English - A heel; a sharply projecting piece of ground.; sceaft Old English - A shaft, a pole, probably used of a pole acting as a landmark or boundary post.",E. Ekwall; Dictionary of English Place-Names; Mawer; Place-names of Northumberland and Durham.; Watts; Cambridge Dictionary of English Place-names; A.D. Mills; Dictionary of English Place-Names
East and West Thirston with Shothaugh,'*Thraesfrith's farm/settlement'. Obscure.,Obscure element Unknown - Obscure element; Personal name (Old English) Old English - Personal name; tūn Old English - An enclosure; a farmstead; a village; an estate.,Watts; Cambridge Dictionary of English Place-names; A.D. Mills; Dictionary of English Place-Names; Mawer; Place-names of Northumberland and Durham.; E. Ekwall; Dictionary of English Place-Names
East and West Thornton,'Hawthorn-tree farm/settlement'.,tūn Old English - An enclosure; a farmstead; a village; an estate.; þorn Old English - A hawthorn-tree.,Watts; Cambridge Dictionary of English Place-names; E. Ekwall; Dictionary of English Place-Names; Mawer; Place-names of Northumberland and Durham.; A.D. Mills; Dictionary of English Place-Names
Edington,"Perhaps, 'farm/settlement of Eda's/Ida's people'.",Personal name (Old English) Old English - Personal name; tūn Old English - An enclosure; a farmstead; a village; an estate.,E. Ekwall; Dictionary of English Place-Names; Watts; Cambridge Dictionary of English Place-names; A.D. Mills; Dictionary of English Place-Names; Mawer; Place-names of Northumberland and Durham.
Edlingham,'Homestead/village of Eadwulf's people' or 'homestead/village at/called Eadwulf's place'.,"-ing Old English - Place-name forming suffix.; -ingas Old English - The people of . . . ; the people called after . . .; hām Old English - A village, a village community, a manor, an estate, a homestead.; Personal name (Old English) Old English - Personal name",Mawer; Place-names of Northumberland and Durham.; A.D. Mills; Dictionary of English Place-Names; E. Ekwall; Dictionary of English Place-Names; Watts; Cambridge Dictionary of English Place-names
Eglingham,'Homestead/village of Ecgwulf's people or 'homestead/village at/called Ecgwulf's place'.,"-ing Old English - Place-name forming suffix.; -ingas Old English - The people of . . . ; the people called after . . .; hām Old English - A village, a village community, a manor, an estate, a homestead.; Personal name (Old English) Old English - Personal name",Mawer; Place-names of Northumberland and Durham.; A.D. Mills; Dictionary of English Place-Names; Watts; Cambridge Dictionary of English Place-names; E. Ekwall; Dictionary of English Place-Names
Elford,"Uncertain. 'Elder-tree ford', 'Ella's ford' or 'eel ford'. Alternatively, 'island ford'.",ēl Old English; ellern Old English - An elder-tree.; ford Old English - A ford.; Personal name (Old English) Old English - Personal name,E. Ekwall; Dictionary of English Place-Names; Mawer; Place-names of Northumberland and Durham.; A.D. Mills; Dictionary of English Place-Names; Watts; Cambridge Dictionary of English Place-names
Ellingham,'Homestead/village of Ella's people' or 'homestead/village at Ella's place'.,"-ing- Old English - Connective particle, linking a first element to a final element.; -ingas Old English - The people of . . . ; the people called after . . .; hām Old English - A village, a village community, a manor, an estate, a homestead.; Personal name (Old English) Old English - Personal name",E. Ekwall; Dictionary of English Place-Names; A.D. Mills; Dictionary of English Place-Names; Mawer; Place-names of Northumberland and Durham.; Watts; Cambridge Dictionary of English Place-names
Ellington,"Uncertain. 'Farm/settlement on Eling (= eel place)', perhaps a stream name or 'farm/settlement connected with Aella/Ella'.","-ing Old English - Place-name forming suffix.; -ing- Old English - Connective particle, linking a first element to a final element.; ēl Old English; Personal name (Old English) Old English - Personal name; tūn Old English - An enclosure; a farmstead; a village; an estate.",E. Ekwall; Dictionary of English Place-Names; A.D. Mills; Dictionary of English Place-Names; Mawer; Place-names of Northumberland and Durham.; Watts; Cambridge Dictionary of English Place-names
Elsdon,"'El(l)Ii's valley'. Later spellings indicate another personal name, 'Aelf'.",dūn Old English - A hill.; Personal name (Old English) Old English - Personal name,E. Ekwall; Dictionary of English Place-Names; Watts; Cambridge Dictionary of English Place-names; A.D. Mills; Dictionary of English Place-Names; Mawer; Place-names of Northumberland and Durham.
Elswick,'Aelfsige's specialised-farm'.,"Personal name (Old English) Old English - Personal name; wīc Old English - A dwelling; a building or collection of buildings for special purposes; a farm, a dairy farm; a trading or industrial settlement; or (in the plural) a hamlet, village.",Watts; Cambridge Dictionary of English Place-names; A.D. Mills; Dictionary of English Place-Names; Mawer; Place-names of Northumberland and Durham.; E. Ekwall; Dictionary of English Place-Names
Eltringham,"Perhaps, 'homestead/village at Aelfhere's place' or 'homestead/village of Aelfhere's people'. Alternatively the personal name may be 'Hellthorr'.","-ing Old English - Place-name forming suffix.; -ingas Old English - The people of . . . ; the people called after . . .; hām Old English - A village, a village community, a manor, an estate, a homestead.; Personal name (Old English) Old English - Personal name; Personal name (Old Norse) Old Norse - Personal name",A.D. Mills; Dictionary of English Place-Names; Mawer; Place-names of Northumberland and Durham.; Watts; Cambridge Dictionary of English Place-names; E. Ekwall; Dictionary of English Place-Names
Elwick,'Ella's specialised-farm'.,"Personal name (Old English) Old English - Personal name; wīc Old English - A dwelling; a building or collection of buildings for special purposes; a farm, a dairy farm; a trading or industrial settlement; or (in the plural) a hamlet, village.",A.D. Mills; Dictionary of English Place-Names; Mawer; Place-names of Northumberland and Durham.; E. Ekwall; Dictionary of English Place-Names; Watts; Cambridge Dictionary of English Place-names
Elyhaugh,"Originally a township in Felton ancient parish, it was made a separate civil parish in 1866.",Obscure element Unknown - Obscure element,A.D. Mills; Dictionary of English Place-Names; Mawer; Place-names of Northumberland and Durham.; Watts; Cambridge Dictionary of English Place-names; E. Ekwall; Dictionary of English Place-Names
Embleton,"Uncertain. 'Caterpillar hill' or 'Aemele's hill'. Less likely, perhaps, is 'elm-tree hill'.",dūn Old English - A hill.; elm Old English - An elm-tree.; emel Old English - A caterpillar.; Personal name (Old English) Old English - Personal name,A.D. Mills; Dictionary of English Place-Names; Mawer; Place-names of Northumberland and Durham.; E. Ekwall; Dictionary of English Place-Names; Watts; Cambridge Dictionary of English Place-names
Eshott,'Ash-tree corner' or 'clump of ash-trees'.,"æsc Old English; æscet Old English - A clump of ash-trees.; scēat Old English - A corner of land, an angle, a projecting piece of land.",E. Ekwall; Dictionary of English Place-Names; Watts; Cambridge Dictionary of English Place-names; A.D. Mills; Dictionary of English Place-Names; Mawer; Place-names of Northumberland and Durham.
Espershields,"Uncertain. Perhaps, 'east Burntshiel (= burnt shieling)' or '*Aespheards shieling'.","berned Old English - Burnt.; ēast Old English - Eastern, east.; Personal name (Old English) Old English - Personal name; scheling Middle English - A shieling.",Mawer; Place-names of Northumberland and Durham.; Watts; Cambridge Dictionary of English Place-names; E. Ekwall; Dictionary of English Place-Names; A.D. Mills; Dictionary of English Place-Names
Ewart,'River enclosure'.,ēa Old English - A river.; worð Old English - An enclosure.,E. Ekwall; Dictionary of English Place-Names; A.D. Mills; Dictionary of English Place-Names; Watts; Cambridge Dictionary of English Place-names; Mawer; Place-names of Northumberland and Durham.
Ewesley,'Blackbird wood/clearing'.,"lēah Old English - A forest, wood, glade, clearing; (later) a pasture, meadow.; ōsle Old English - An ouzel, a blackbird.",A.D. Mills; Dictionary of English Place-Names; Mawer; Place-names of Northumberland and Durham.; Watts; Cambridge Dictionary of English Place-names; E. Ekwall; Dictionary of English Place-Names
Fairhaugh,'Fair nook of land'.,"fæger Old English - Fair, beautiful, pleasant.; halh Old English - A nook of land; a small valley; dry ground in marsh; a piece of land projecting from, or detached from, the main area of its administrative unit.",Mawer; Place-names of Northumberland and Durham.; Watts; Cambridge Dictionary of English Place-names; E. Ekwall; Dictionary of English Place-Names; A.D. Mills; Dictionary of English Place-Names
Fairnley,'Ferny wood/clearing'.,"fearn Old English - A fern; ferns; a ferny place.; lēah Old English - A forest, wood, glade, clearing; (later) a pasture, meadow.",E. Ekwall; Dictionary of English Place-Names; Watts; Cambridge Dictionary of English Place-names; Mawer; Place-names of Northumberland and Durham.; A.D. Mills; Dictionary of English Place-Names
Fallodon,'Fallow-coloured hill'.,"dūn Old English - A hill.; fealu Old English - Fallow, pale brown or reddish yellow.",Watts; Cambridge Dictionary of English Place-names; A.D. Mills; Dictionary of English Place-Names; E. Ekwall; Dictionary of English Place-Names; Mawer; Place-names of Northumberland and Durham.
Fallowfield,"'Fallow-coloured open land' or perhaps, 'newly ploughed open land'.","fealu Old English - Fallow, pale brown or reddish yellow.; feld Old English - Open country, unencumbered ground (eg. land without trees as opposed to forest, level ground as opposed to hills, land without buildings); arable land (from late tenth century).; felging Old English",Mawer; Place-names of Northumberland and Durham.; E. Ekwall; Dictionary of English Place-Names; A.D. Mills; Dictionary of English Place-Names; Watts; Cambridge Dictionary of English Place-names
Fallowlees,'Fallow-coloured wood/clearing'.,"fealu Old English - Fallow, pale brown or reddish yellow.; lēah Old English - A forest, wood, glade, clearing; (later) a pasture, meadow.",A.D. Mills; Dictionary of English Place-Names; E. Ekwall; Dictionary of English Place-Names; Watts; Cambridge Dictionary of English Place-names; Mawer; Place-names of Northumberland and Durham.
Farnham,'Thorn-tree homestead/village'.,"hām Old English - A village, a village community, a manor, an estate, a homestead.; þyrne Old English - A thorn-bush.",Mawer; Place-names of Northumberland and Durham.; Watts; Cambridge Dictionary of English Place-names; A.D. Mills; Dictionary of English Place-Names; E. Ekwall; Dictionary of English Place-Names
Fawdon,'Multi-coloured hill'.,"dūn Old English - A hill.; fāg Old English - Variegated, multi-coloured, coloured.",Mawer; Place-names of Northumberland and Durham.; E. Ekwall; Dictionary of English Place-Names; A.D. Mills; Dictionary of English Place-Names; Watts; Cambridge Dictionary of English Place-names
Fawdon and Clinch,'Multi-coloured hill'. Obscure.,"dūn Old English - A hill.; fāg Old English - Variegated, multi-coloured, coloured.; Obscure element Unknown - Obscure element",A.D. Mills; Dictionary of English Place-Names; Watts; Cambridge Dictionary of English Place-names; E. Ekwall; Dictionary of English Place-Names; Mawer; Place-names of Northumberland and Durham.
Fawns,'Multi-coloured promontory'.,"fāg Old English - Variegated, multi-coloured, coloured.; næss Old English",A.D. Mills; Dictionary of English Place-Names; Watts; Cambridge Dictionary of English Place-names; Mawer; Place-names of Northumberland and Durham.; E. Ekwall; Dictionary of English Place-Names
Featherstone,'Four stones'.,"feoðer- Old English - Four. (Only found in compounds.); stān Old English - A stone, stone, rock.",Watts; Cambridge Dictionary of English Place-names; A.D. Mills; Dictionary of English Place-Names; Mawer; Place-names of Northumberland and Durham.; E. Ekwall; Dictionary of English Place-Names
Felkington,"Probably, '*Feoluca's hill'.",dūn Old English - A hill.; Personal name (Old English) Old English - Personal name,Mawer; Place-names of Northumberland and Durham.; E. Ekwall; Dictionary of English Place-Names; A.D. Mills; Dictionary of English Place-Names; Watts; Cambridge Dictionary of English Place-names
Felton,'Open land farm/settlement'.,"feld Old English - Open country, unencumbered ground (eg. land without trees as opposed to forest, level ground as opposed to hills, land without buildings); arable land (from late tenth century).; tūn Old English - An enclosure; a farmstead; a village; an estate.",Watts; Cambridge Dictionary of English Place-names; A.D. Mills; Dictionary of English Place-Names; E. Ekwall; Dictionary of English Place-Names; Mawer; Place-names of Northumberland and Durham.
Fenham,"Probably, 'at the fens'.","fenn Old English - A fen, a marsh, marshland.",A.D. Mills; Dictionary of English Place-Names; Watts; Cambridge Dictionary of English Place-names; E. Ekwall; Dictionary of English Place-Names; Mawer; Place-names of Northumberland and Durham.
Fenrother,'Heap clearing'.,"fīn Old English - A heap, espcially of wood, a heap or pile of other material. (May sometimes refer to a hill or mound.); roðer Old English - A clearing.",E. Ekwall; Dictionary of English Place-Names; A.D. Mills; Dictionary of English Place-Names; Mawer; Place-names of Northumberland and Durham.; Watts; Cambridge Dictionary of English Place-names
Fenwick,'Fen specialised-farm'.,"fenn Old English - A fen, a marsh, marshland.; wīc Old English - A dwelling; a building or collection of buildings for special purposes; a farm, a dairy farm; a trading or industrial settlement; or (in the plural) a hamlet, village.",A.D. Mills; Dictionary of English Place-Names; E. Ekwall; Dictionary of English Place-Names; Mawer; Place-names of Northumberland and Durham.; Watts; Cambridge Dictionary of English Place-names
Fleetham,'Stream homestead/village'.,"flēot Old English - An estuary, an inlet of the sea, a small stream.; hām Old English - A village, a village community, a manor, an estate, a homestead.",Mawer; Place-names of Northumberland and Durham.; E. Ekwall; Dictionary of English Place-Names; A.D. Mills; Dictionary of English Place-Names; Watts; Cambridge Dictionary of English Place-names
Flotterton,"Perhaps, 'flood-road farm/settlement'.","flot Old English - Deep water, the sea; flooded land.; tūn Old English - An enclosure; a farmstead; a village; an estate.; weg Old English - A road.",A.D. Mills; Dictionary of English Place-Names; Watts; Cambridge Dictionary of English Place-names; E. Ekwall; Dictionary of English Place-Names; Mawer; Place-names of Northumberland and Durham.
Ford,'Ford'.,ford Old English - A ford.,E. Ekwall; Dictionary of English Place-Names; Watts; Cambridge Dictionary of English Place-names; A.D. Mills; Dictionary of English Place-Names; Mawer; Place-names of Northumberland and Durham.
Freeholders Quarter,"Originally a township in Long Horsley ancient parish, it was made a separate civil parish in 1866.",Obscure element Unknown - Obscure element,Watts; Cambridge Dictionary of English Place-names; A.D. Mills; Dictionary of English Place-Names; E. Ekwall; Dictionary of English Place-Names; Mawer; Place-names of Northumberland and Durham.
Gallowhill,'Gallow hill'.,galga Old English - A gallows.; sīde Old English - A side; a long hill-slope.,Watts; Cambridge Dictionary of English Place-names; A.D. Mills; Dictionary of English Place-Names; E. Ekwall; Dictionary of English Place-Names; Mawer; Place-names of Northumberland and Durham.
Glanton,"'Hawk hill'. Perhaps, less likely, is the sense 'look-out hill'.",dūn Old English - A hill.; glente Old English - Probably a bird of prey; possibly a look-out place.,Mawer; Place-names of Northumberland and Durham.; E. Ekwall; Dictionary of English Place-Names; Watts; Cambridge Dictionary of English Place-names; A.D. Mills; Dictionary of English Place-Names
Glororum,"Originally a township in Bamburgh ancient parish, it was made a separate civil parish in 1866.",Obscure element Unknown - Obscure element,Mawer; Place-names of Northumberland and Durham.; A.D. Mills; Dictionary of English Place-Names; E. Ekwall; Dictionary of English Place-Names; Watts; Cambridge Dictionary of English Place-names
Gloster Hill,"Perhaps, 'Roman site where sport is played'. Alternatively, it may be identical with Gloucester.","ceaster Old English - A city; an old fortification; a Roman site.; glēow Old English - Play, sport.",Mawer; Place-names of Northumberland and Durham.; A.D. Mills; Dictionary of English Place-Names; E. Ekwall; Dictionary of English Place-Names; Watts; Cambridge Dictionary of English Place-names
Great and Little Bavington,'Farm/settlement connected with Babba'.,"-ingtūn Old English - A settlement called after, or connected with . . .; Personal name (Old English) Old English - Personal name",Watts; Cambridge Dictionary of English Place-names; E. Ekwall; Dictionary of English Place-Names; A.D. Mills; Dictionary of English Place-Names; Mawer; Place-names of Northumberland and Durham.
Great and Little Ryle,'Rye hill'.,"hyll Old English - A hill, a natural eminence or elevated piece of ground.; ryge Old English - Rye.",E. Ekwall; Dictionary of English Place-Names; A.D. Mills; Dictionary of English Place-Names; Watts; Cambridge Dictionary of English Place-names; Mawer; Place-names of Northumberland and Durham.
Great and Little Whittington,'Farm/settlement connected with Hwita'.,"-ingtūn Old English - A settlement called after, or connected with . . .; Personal name (Old English) Old English - Personal name",Mawer; Place-names of Northumberland and Durham.; E. Ekwall; Dictionary of English Place-Names; Watts; Cambridge Dictionary of English Place-names; A.D. Mills; Dictionary of English Place-Names
Greenleighton,'Light hill'.,"dūn Old English - A hill.; lēoht Old English - Light, bright, light-coloured. (Used substantively of a light place.)",Watts; Cambridge Dictionary of English Place-names; A.D. Mills; Dictionary of English Place-Names; Mawer; Place-names of Northumberland and Durham.; E. Ekwall; Dictionary of English Place-Names
Greens and Glantlees,"'Hawk wood/clearing'. Perhaps, less likely is the sense 'look-out wood/clearing'.","glente Old English - Probably a bird of prey; possibly a look-out place.; lēah Old English - A forest, wood, glade, clearing; (later) a pasture, meadow.",Mawer; Place-names of Northumberland and Durham.; E. Ekwall; Dictionary of English Place-Names; Watts; Cambridge Dictionary of English Place-names; A.D. Mills; Dictionary of English Place-Names
Grey's Forest,"Originally a township in Kirknewton ancient parish, it was made a separate civil parish in 1866.",Obscure element Unknown - Obscure element,E. Ekwall; Dictionary of English Place-Names; Watts; Cambridge Dictionary of English Place-names; Mawer; Place-names of Northumberland and Durham.; A.D. Mills; Dictionary of English Place-Names
Grindon,'Green hill'.,"dūn Old English - A hill.; grēne Old English - Green, grass-grown.",Mawer; Place-names of Northumberland and Durham.; A.D. Mills; Dictionary of English Place-Names; Watts; Cambridge Dictionary of English Place-names; E. Ekwall; Dictionary of English Place-Names
Guyzance,'The Guines family'.,Family name Unknown - Family name.,Watts; Cambridge Dictionary of English Place-names; A.D. Mills; Dictionary of English Place-Names; E. Ekwall; Dictionary of English Place-Names; Mawer; Place-names of Northumberland and Durham.
Hallington,'Holy valley'.,"denu Old English - A valley.; hālig Old English - Holy, sacred, dedicated to sacred use (originally heathen, later Christian).",A.D. Mills; Dictionary of English Place-Names; Mawer; Place-names of Northumberland and Durham.; Watts; Cambridge Dictionary of English Place-names; E. Ekwall; Dictionary of English Place-Names
Halton,Uncertain. Perhaps a reduced form of 'look-out hill'.,"hāw Old English - Look-out from OE hawian 'to gaze on, survey'.; hyll Old English - A hill, a natural eminence or elevated piece of ground.; tūn Old English - An enclosure; a farmstead; a village; an estate.",E. Ekwall; Dictionary of English Place-Names; Watts; Cambridge Dictionary of English Place-names; A.D. Mills; Dictionary of English Place-Names; Mawer; Place-names of Northumberland and Durham.
Halton Shields,Halton's 'shielings'.,Place-name Unknown - Place-name; scēling Old English - A shieling. (Derivative of 'scela'.),Mawer; Place-names of Northumberland and Durham.; E. Ekwall; Dictionary of English Place-Names; Watts; Cambridge Dictionary of English Place-names; A.D. Mills; Dictionary of English Place-Names
Haltwhistle,High 'river fork'.,"haut Old French - High.; twisla Old English - The fork of a river, the junction of two streams.",A.D. Mills; Dictionary of English Place-Names; E. Ekwall; Dictionary of English Place-Names; Mawer; Place-names of Northumberland and Durham.; Watts; Cambridge Dictionary of English Place-names
Harbottle,"Uncertain. 'Hireling's dwelling' or perhaps, 'magpie dwelling'.","bōðl Old English - A dwelling, a dwelling-place, a house.; higera Old English - A jay, a magpie, a woodpecker.; hȳr Old English - Hire, wages.; hȳra Old English - A hireling.",E. Ekwall; Dictionary of English Place-Names; Watts; Cambridge Dictionary of English Place-names; A.D. Mills; Dictionary of English Place-Names; Mawer; Place-names of Northumberland and Durham.
Harehope,"'Hare valley' or perhaps, in a later, transferred sense of OE har, 'boundary valley'.","hār Old English - Grey, hoar, especially grey through being overgrown with lichen.; hara Old English - A hare.; hop Old English - A valley; a remote enclosed space; a piece of enclosed land in a fen; an enclosure in marsh or moor.",Watts; Cambridge Dictionary of English Place-names; Mawer; Place-names of Northumberland and Durham.; E. Ekwall; Dictionary of English Place-Names; A.D. Mills; Dictionary of English Place-Names
Harlow Hill,'Army mound/hill'.,here Old English - An army.; hlāw Old English - A tumulus; a hill.,Watts; Cambridge Dictionary of English Place-names; E. Ekwall; Dictionary of English Place-Names; Mawer; Place-names of Northumberland and Durham.; A.D. Mills; Dictionary of English Place-Names
Harnham,"Uncertain. Perhaps, 'rocky homestead/village'.",hæren Old English - Rocky.; hamm Old English - Land hemmed in by water or marsh (perhaps also by high ground); a river-meadow; cultivated plot on the edge of woodland or moor.,A.D. Mills; Dictionary of English Place-Names; Mawer; Place-names of Northumberland and Durham.; Watts; Cambridge Dictionary of English Place-names; E. Ekwall; Dictionary of English Place-Names
Hartburn,'Stag stream'.,"burna Old English - A stream.; heorot Old English - A hart, a stag, a grown male deer.",Mawer; Place-names of Northumberland and Durham.; E. Ekwall; Dictionary of English Place-Names; Watts; Cambridge Dictionary of English Place-names; A.D. Mills; Dictionary of English Place-Names
Hartburn Grange,Hartburn's 'outlying grain farm'.,"grange Middle English - A grange; originally a granary, a barn; later a farm; also an outlying farm belonging to a religious house or a feudal lord, where crops were stored.; Place-name Unknown - Place-name",A.D. Mills; Dictionary of English Place-Names; Watts; Cambridge Dictionary of English Place-names; Mawer; Place-names of Northumberland and Durham.; E. Ekwall; Dictionary of English Place-Names
Hartington,'Stag road farm/settlement'.,"heorot Old English - A hart, a stag, a grown male deer.; tūn Old English - An enclosure; a farmstead; a village; an estate.; weg Old English - A road.",E. Ekwall; Dictionary of English Place-Names; A.D. Mills; Dictionary of English Place-Names; Mawer; Place-names of Northumberland and Durham.; Watts; Cambridge Dictionary of English Place-names
Hartley,'Hart hill'.,"heorot Old English - A hart, a stag, a grown male deer.; hlāw Old English - A tumulus; a hill.",Mawer; Place-names of Northumberland and Durham.; Watts; Cambridge Dictionary of English Place-names; E. Ekwall; Dictionary of English Place-Names; A.D. Mills; Dictionary of English Place-Names
Hartleyburn,"Hartley 'stream'. Hartley is perhaps, 'hart wood/clearing' or 'hart place'.","-ing Old English - Place-name forming suffix.; burna Old English - A stream.; heorot Old English - A hart, a stag, a grown male deer.; lēah Old English - A forest, wood, glade, clearing; (later) a pasture, meadow.",E. Ekwall; Dictionary of English Place-Names; Mawer; Place-names of Northumberland and Durham.; A.D. Mills; Dictionary of English Place-Names; Watts; Cambridge Dictionary of English Place-names
Harwood,'The grey wood'.,"hār Old English - Grey, hoar, especially grey through being overgrown with lichen.; wudu Old English - A wood; or wood, timber.",A.D. Mills; Dictionary of English Place-Names; E. Ekwall; Dictionary of English Place-Names; Watts; Cambridge Dictionary of English Place-names; Mawer; Place-names of Northumberland and Durham.
Haughton,'Nook of land farm/settlement'.,"halh Old English - A nook of land; a small valley; dry ground in marsh; a piece of land projecting from, or detached from, the main area of its administrative unit.; tūn Old English - An enclosure; a farmstead; a village; an estate.",Mawer; Place-names of Northumberland and Durham.; E. Ekwall; Dictionary of English Place-Names; A.D. Mills; Dictionary of English Place-Names; Watts; Cambridge Dictionary of English Place-names
Hauxley,'Hawk's mound' or *Hafoc's mound'.,hafoc Old English; hlāw Old English - A tumulus; a hill.; Personal name (Old English) Old English - Personal name,E. Ekwall; Dictionary of English Place-Names; A.D. Mills; Dictionary of English Place-Names; Watts; Cambridge Dictionary of English Place-names; Mawer; Place-names of Northumberland and Durham.
Hawick,'Enclosed specialised-farm'.,"haga Old English - A hedge; an enclosure; later a messuage, property.; wīc Old English - A dwelling; a building or collection of buildings for special purposes; a farm, a dairy farm; a trading or industrial settlement; or (in the plural) a hamlet, village.",Watts; Cambridge Dictionary of English Place-names; A.D. Mills; Dictionary of English Place-Names; Mawer; Place-names of Northumberland and Durham.; E. Ekwall; Dictionary of English Place-Names
Hawkwell,'Hafoc's spring/stream' or 'hawk spring/stream'.,hafoc Old English; Personal name (Old English) Old English - Personal name; wella Old English,Mawer; Place-names of Northumberland and Durham.; E. Ekwall; Dictionary of English Place-Names; A.D. Mills; Dictionary of English Place-Names; Watts; Cambridge Dictionary of English Place-names
Haydon,'Hay valley'.,denu Old English - A valley.; hēg Old English,A.D. Mills; Dictionary of English Place-Names; Mawer; Place-names of Northumberland and Durham.; E. Ekwall; Dictionary of English Place-Names; Watts; Cambridge Dictionary of English Place-names
Hazon and Hartlaw,'Hedge end'. Obscure.,"ende Old English - An end; the end of something, the end of an estate, a district or quarter of a village or town.; hege Old English - A hedge, a fence.; Obscure element Unknown - Obscure element",Watts; Cambridge Dictionary of English Place-names; A.D. Mills; Dictionary of English Place-Names; E. Ekwall; Dictionary of English Place-Names; Mawer; Place-names of Northumberland and Durham.
Healey,'High wood/clearing'.,"hēah Old English - A high place, a height.; tūn Old English - An enclosure; a farmstead; a village; an estate.",A.D. Mills; Dictionary of English Place-Names; Watts; Cambridge Dictionary of English Place-names; Mawer; Place-names of Northumberland and Durham.; E. Ekwall; Dictionary of English Place-Names
Healey and Combhill,'At the high wood/clearing'. Obscure.,"hēah Old English - A high place, a height.; lēah Old English - A forest, wood, glade, clearing; (later) a pasture, meadow.; Obscure element Unknown - Obscure element",Mawer; Place-names of Northumberland and Durham.; E. Ekwall; Dictionary of English Place-Names; A.D. Mills; Dictionary of English Place-Names; Watts; Cambridge Dictionary of English Place-names
Heathpool,"'Pool at Hetha', from the name of Great Heath, a nearby hill rising to 343 m OD. Alternatively, 'heath pool'.",hǣð Old English - Heather; a tract of uncultivated land.; Place-name Unknown - Place-name; pōl Old English - A pool.,A.D. Mills; Dictionary of English Place-Names; Watts; Cambridge Dictionary of English Place-names; E. Ekwall; Dictionary of English Place-Names; Mawer; Place-names of Northumberland and Durham.
Heaton,'High farm/settlement'.,"hēah Old English - A high place, a height.; tūn Old English - An enclosure; a farmstead; a village; an estate.",E. Ekwall; Dictionary of English Place-Names; Watts; Cambridge Dictionary of English Place-names; A.D. Mills; Dictionary of English Place-Names; Mawer; Place-names of Northumberland and Durham.
Hebron,'The high burial-mound'.,"byrgen Old English - A burial place, a grave, a tumulus.; hēah Old English - A high place, a height.",A.D. Mills; Dictionary of English Place-Names; Watts; Cambridge Dictionary of English Place-names; E. Ekwall; Dictionary of English Place-Names; Mawer; Place-names of Northumberland and Durham.
Heddon on the Wall,'Heathy hill' on Hadrian's Wall.,dūn Old English - A hill.; hǣð Old English - Heather; a tract of uncultivated land.,Watts; Cambridge Dictionary of English Place-names; Mawer; Place-names of Northumberland and Durham.; A.D. Mills; Dictionary of English Place-Names; E. Ekwall; Dictionary of English Place-Names
Hedgeley,'Hiddi's wood/clearing'.,"lēah Old English - A forest, wood, glade, clearing; (later) a pasture, meadow.; Personal name (Old English) Old English - Personal name",Mawer; Place-names of Northumberland and Durham.; A.D. Mills; Dictionary of English Place-Names; E. Ekwall; Dictionary of English Place-Names; Watts; Cambridge Dictionary of English Place-names
Hedley,"'Heathy wood/clearing'. Also known as Karlhedley, 'free peasants' Hedeley'.","hǣð Old English - Heather; a tract of uncultivated land.; lēah Old English - A forest, wood, glade, clearing; (later) a pasture, meadow.",A.D. Mills; Dictionary of English Place-Names; Watts; Cambridge Dictionary of English Place-names; Mawer; Place-names of Northumberland and Durham.; E. Ekwall; Dictionary of English Place-Names
Henshaw,'*Hethin's nook of land' or 'Hethinn's nook of land'.,"halh Old English - A nook of land; a small valley; dry ground in marsh; a piece of land projecting from, or detached from, the main area of its administrative unit.; Personal name (Old English) Old English - Personal name; Personal name (Old Norse) Old Norse - Personal name",Watts; Cambridge Dictionary of English Place-names; A.D. Mills; Dictionary of English Place-Names; E. Ekwall; Dictionary of English Place-Names; Mawer; Place-names of Northumberland and Durham.
Hepburn,'High burial-mounds'.,"byrgen Old English - A burial place, a grave, a tumulus.; hēah Old English - A high place, a height.",A.D. Mills; Dictionary of English Place-Names; Mawer; Place-names of Northumberland and Durham.; E. Ekwall; Dictionary of English Place-Names; Watts; Cambridge Dictionary of English Place-names
Hepple,'Rose-hip nook of land' or 'brambly nook of land'.,"halh Old English - A nook of land; a small valley; dry ground in marsh; a piece of land projecting from, or detached from, the main area of its administrative unit.; hēopa Old English - The dog rose, a bramble.; hēope Old English - The fruit of the wild rose, a hip.",E. Ekwall; Dictionary of English Place-Names; Mawer; Place-names of Northumberland and Durham.; A.D. Mills; Dictionary of English Place-Names; Watts; Cambridge Dictionary of English Place-names
Hepscott,'*Hebbi's cottages'.,"cot Old English - A cottage, a hut, a shelter, a den.; Personal name (Old English) Old English - Personal name",A.D. Mills; Dictionary of English Place-Names; Mawer; Place-names of Northumberland and Durham.; Watts; Cambridge Dictionary of English Place-names; E. Ekwall; Dictionary of English Place-Names
Hesleyhurst,'Wooded hill growing with hazel-trees'.,hæsling Old English - A place growing with hazel-trees.; hyrst Old English - A wooded hill.,Watts; Cambridge Dictionary of English Place-names; E. Ekwall; Dictionary of English Place-Names; Mawer; Place-names of Northumberland and Durham.; A.D. Mills; Dictionary of English Place-Names
Heugh,'Hill-spur'.,hōh Old English - A heel; a sharply projecting piece of ground.,E. Ekwall; Dictionary of English Place-Names; Mawer; Place-names of Northumberland and Durham.; Watts; Cambridge Dictionary of English Place-names; A.D. Mills; Dictionary of English Place-Names
Hexham,"'Young warrior's homestead/village' or perhaps the OE element used as a personal name, 'Hagustald's homestead/village'. The modern name is derived from the Northumbrian dialectical by-form hehstald and also shows influence of the feminine personal name, H","hægstald Old English - A warrior; a bachelor; a younger son without inherited property who secured his own holdings outside the patrimony or village.; hām Old English - A village, a village community, a manor, an estate, a homestead.",A.D. Mills; Dictionary of English Place-Names; Mawer; Place-names of Northumberland and Durham.; E. Ekwall; Dictionary of English Place-Names; Watts; Cambridge Dictionary of English Place-names
High and Low Angerton,'Pasture farm/settlement'.,"anger Old English - Grassland, pasture land.; tūn Old English - An enclosure; a farmstead; a village; an estate.",E. Ekwall; Dictionary of English Place-Names; Watts; Cambridge Dictionary of English Place-names; A.D. Mills; Dictionary of English Place-Names; Mawer; Place-names of Northumberland and Durham.
High and Low Buston,Uncertain. '*Buttel's hill' or 'tree-stump hill'. Variant spellings show some influence of OE bothl.,"butt Old English - A tree-stump, a log.; hyll Old English - A hill, a natural eminence or elevated piece of ground.; Personal name (Old English) Old English - Personal name",E. Ekwall; Dictionary of English Place-Names; Watts; Cambridge Dictionary of English Place-names; Mawer; Place-names of Northumberland and Durham.; A.D. Mills; Dictionary of English Place-Names
High and Low Highlaws,'High mound/hill'.,"hēah Old English - A high place, a height.; hlāw Old English - A tumulus; a hill.",A.D. Mills; Dictionary of English Place-Names; Mawer; Place-names of Northumberland and Durham.; Watts; Cambridge Dictionary of English Place-names; E. Ekwall; Dictionary of English Place-Names
High and Low Trewhitt,"Perhaps, 'resinous-wood bend', a place where wood for fire-making was obtained.",tyri Old Norse - A resinous wood for fire-making; perhaps a building material.; wiht Old English - A bend.,A.D. Mills; Dictionary of English Place-Names; E. Ekwall; Dictionary of English Place-Names; Mawer; Place-names of Northumberland and Durham.; Watts; Cambridge Dictionary of English Place-names
High Callerton,'Calves' hill'. 'High' to distinguish from Black and Little Callerton.,calf Old English; dūn Old English - A hill.,A.D. Mills; Dictionary of English Place-Names; Watts; Cambridge Dictionary of English Place-names; Mawer; Place-names of Northumberland and Durham.; E. Ekwall; Dictionary of English Place-Names
High Fotherley,'Sheep-folder's wood/clearing'.,"faldere Old English - A folder, one who folds animals.; lēah Old English - A forest, wood, glade, clearing; (later) a pasture, meadow.",A.D. Mills; Dictionary of English Place-Names; Mawer; Place-names of Northumberland and Durham.; Watts; Cambridge Dictionary of English Place-names; E. Ekwall; Dictionary of English Place-Names
Higham Dykes,'High homestead/village'.,"hēah Old English - A high place, a height.; tūn Old English - An enclosure; a farmstead; a village; an estate.",A.D. Mills; Dictionary of English Place-Names; Mawer; Place-names of Northumberland and Durham.; Watts; Cambridge Dictionary of English Place-names; E. Ekwall; Dictionary of English Place-Names
Highlaws,'High mound/hill'.,"hēah Old English - A high place, a height.; hlāw Old English - A tumulus; a hill.",E. Ekwall; Dictionary of English Place-Names; Watts; Cambridge Dictionary of English Place-names; A.D. Mills; Dictionary of English Place-Names; Mawer; Place-names of Northumberland and Durham.
Hirst,'Wooded hill'.,hyrst Old English - A wooded hill.,A.D. Mills; Dictionary of English Place-Names; Mawer; Place-names of Northumberland and Durham.; E. Ekwall; Dictionary of English Place-Names; Watts; Cambridge Dictionary of English Place-names
Holling Hill,"Originally a township in Rothbury ancient parish, it made a separate civil parish in 1866.",Obscure element Unknown - Obscure element,Watts; Cambridge Dictionary of English Place-names; E. Ekwall; Dictionary of English Place-Names; A.D. Mills; Dictionary of English Place-Names; Mawer; Place-names of Northumberland and Durham.
Holytone,'Holy stone'.,"hālig Old English - Holy, sacred, dedicated to sacred use (originally heathen, later Christian).; stān Old English - A stone, stone, rock.",Mawer; Place-names of Northumberland and Durham.; E. Ekwall; Dictionary of English Place-Names; Watts; Cambridge Dictionary of English Place-names; A.D. Mills; Dictionary of English Place-Names
Holywell,'Holy spring/stream'.,"hālig Old English - Holy, sacred, dedicated to sacred use (originally heathen, later Christian).; wella Old English",E. Ekwall; Dictionary of English Place-Names; A.D. Mills; Dictionary of English Place-Names; Mawer; Place-names of Northumberland and Durham.; Watts; Cambridge Dictionary of English Place-names
Hoppen,"Probably, 'at the valleys'.",hop Old English - A valley; a remote enclosed space; a piece of enclosed land in a fen; an enclosure in marsh or moor.,A.D. Mills; Dictionary of English Place-Names; E. Ekwall; Dictionary of English Place-Names; Mawer; Place-names of Northumberland and Durham.; Watts; Cambridge Dictionary of English Place-names
Horsley,'Horse wood/clearing'.,"hors Old English - A horse.; lēah Old English - A forest, wood, glade, clearing; (later) a pasture, meadow.",E. Ekwall; Dictionary of English Place-Names; Watts; Cambridge Dictionary of English Place-names; Mawer; Place-names of Northumberland and Durham.; A.D. Mills; Dictionary of English Place-Names
Horton,'Filthy farm/settlement'.,"horu Old English - Filth, dirt.; tūn Old English - An enclosure; a farmstead; a village; an estate.",Watts; Cambridge Dictionary of English Place-names; A.D. Mills; Dictionary of English Place-Names; Mawer; Place-names of Northumberland and Durham.; E. Ekwall; Dictionary of English Place-Names
Horton Grange,Horton's 'outlying grain farm'.,"grange Middle English - A grange; originally a granary, a barn; later a farm; also an outlying farm belonging to a religious house or a feudal lord, where crops were stored.; Place-name Unknown - Place-name",A.D. Mills; Dictionary of English Place-Names; E. Ekwall; Dictionary of English Place-Names; Mawer; Place-names of Northumberland and Durham.; Watts; Cambridge Dictionary of English Place-names
Houghton and Close House,'Hill-spur farm/settlement'. 'Enclosure'.,"close Middle English - A close, an enclosure.; hōh Old English - A heel; a sharply projecting piece of ground.; hous Middle English - House.; tūn Old English - An enclosure; a farmstead; a village; an estate.",Watts; Cambridge Dictionary of English Place-names; Mawer; Place-names of Northumberland and Durham.; E. Ekwall; Dictionary of English Place-Names; A.D. Mills; Dictionary of English Place-Names
Howick,"Probably, 'high specialised-farm'.","hēah Old English - A high place, a height.; wīc Old English - A dwelling; a building or collection of buildings for special purposes; a farm, a dairy farm; a trading or industrial settlement; or (in the plural) a hamlet, village.",Mawer; Place-names of Northumberland and Durham.; Watts; Cambridge Dictionary of English Place-names; E. Ekwall; Dictionary of English Place-Names; A.D. Mills; Dictionary of English Place-Names
Howtel,'Wooded nook of land'.,"halh Old English - A nook of land; a small valley; dry ground in marsh; a piece of land projecting from, or detached from, the main area of its administrative unit.; holt Old English - A wood. (Probably of a single species.)",A.D. Mills; Dictionary of English Place-Names; Mawer; Place-names of Northumberland and Durham.; E. Ekwall; Dictionary of English Place-Names; Watts; Cambridge Dictionary of English Place-names
Humbleton,'Maimed hill'.,"dūn Old English - A hill.; hamol Old English - Maimed, mutilated; crooked, scarred, flat-topped, cut-off.",Watts; Cambridge Dictionary of English Place-names; A.D. Mills; Dictionary of English Place-Names; Mawer; Place-names of Northumberland and Durham.; E. Ekwall; Dictionary of English Place-Names
Humshaugh,'Hun's nook of land'.,"halh Old English - A nook of land; a small valley; dry ground in marsh; a piece of land projecting from, or detached from, the main area of its administrative unit.; Personal name (Old English) Old English - Personal name",A.D. Mills; Dictionary of English Place-Names; Watts; Cambridge Dictionary of English Place-names; E. Ekwall; Dictionary of English Place-Names; Mawer; Place-names of Northumberland and Durham.
Hunstanworth,'Hunstan's enclosure'.,Personal name (Old English) Old English - Personal name; worð Old English - An enclosure.,Mawer; Place-names of Northumberland and Durham.; E. Ekwall; Dictionary of English Place-Names; A.D. Mills; Dictionary of English Place-Names; Watts; Dictionary of County Durham Place-names.; Watts; Cambridge Dictionary of English Place-names
Ilderton,'Elder-tree farm/settlement'.,hyldre Old English - An elder-tree.; tūn Old English - An enclosure; a farmstead; a village; an estate.,A.D. Mills; Dictionary of English Place-Names; Mawer; Place-names of Northumberland and Durham.; E. Ekwall; Dictionary of English Place-Names; Watts; Cambridge Dictionary of English Place-names
Ingoe,"Uncertain, perhaps 'hill-spur called Ing (= the hill)'.","hōh Old English - A heel; a sharply projecting piece of ground.; ing Old English - A hill, a peak.",Watts; Cambridge Dictionary of English Place-names; A.D. Mills; Dictionary of English Place-Names; E. Ekwall; Dictionary of English Place-Names; Mawer; Place-names of Northumberland and Durham.
Ingram Linehope Greensaw Hill and Hartside,'Pasture homestead/village'. Hartside is 'stag's head'. The other place-names are obscure.,"anger Old English - Grassland, pasture land.; hām Old English - A village, a village community, a manor, an estate, a homestead.; hēafod Old English - A head; an end or source; headland in a field-system; a projecting piece of ground; a hill (often small).; heorot Old English - A hart, a stag, a grown male deer.; Obscure element Unknown - Obscure element",A.D. Mills; Dictionary of English Place-Names; E. Ekwall; Dictionary of English Place-Names; Watts; Cambridge Dictionary of English Place-names; Mawer; Place-names of Northumberland and Durham.
Jesmond,'Ouseburn's mouth'.,"mūða Old English - The mouth of a large river, an estuary.; River-name Unknown - River-name",A.D. Mills; Dictionary of English Place-Names; Mawer; Place-names of Northumberland and Durham.; Watts; Cambridge Dictionary of English Place-names; E. Ekwall; Dictionary of English Place-Names
Kearsley,'Cynhere's/Cenhere's mound'.,hlāw Old English - A tumulus; a hill.; Personal name (Old English) Old English - Personal name,A.D. Mills; Dictionary of English Place-Names; E. Ekwall; Dictionary of English Place-Names; Mawer; Place-names of Northumberland and Durham.; Watts; Cambridge Dictionary of English Place-names
Kenton,'Royal farm/settlement'.,"cyne- Old English - Kingly, royal.; tūn Old English - An enclosure; a farmstead; a village; an estate.",Watts; Cambridge Dictionary of English Place-names; E. Ekwall; Dictionary of English Place-Names; A.D. Mills; Dictionary of English Place-Names; Mawer; Place-names of Northumberland and Durham.
Kidland,'Cydda's land'.,land Old English - Land (as part of earth's surface); an estate; possibly also new arable area.  In minor and field names: strip in a field-system.; Personal name (Old English) Old English - Personal name,Mawer; Place-names of Northumberland and Durham.; A.D. Mills; Dictionary of English Place-Names; Watts; Cambridge Dictionary of English Place-names; E. Ekwall; Dictionary of English Place-Names
Kilham,'At the kilns'.,"cyln Old English - A kiln, a furnace for baking or burning.",Watts; Cambridge Dictionary of English Place-names; A.D. Mills; Dictionary of English Place-Names; E. Ekwall; Dictionary of English Place-Names; Mawer; Place-names of Northumberland and Durham.
Kirkhaugh,'Church nook of land'.,"cirice Old English - A church.; halh Old English - A nook of land; a small valley; dry ground in marsh; a piece of land projecting from, or detached from, the main area of its administrative unit.",Watts; Cambridge Dictionary of English Place-names; E. Ekwall; Dictionary of English Place-Names; A.D. Mills; Dictionary of English Place-Names; Mawer; Place-names of Northumberland and Durham.
Kirkheaton,"'High farm/settlement', with the later addition of 'church'.","hēah Old English - A high place, a height.; kirkja Old Norse - A church.; tūn Old English - An enclosure; a farmstead; a village; an estate.",A.D. Mills; Dictionary of English Place-Names; E. Ekwall; Dictionary of English Place-Names; Mawer; Place-names of Northumberland and Durham.; Watts; Cambridge Dictionary of English Place-names
Kirkley,'Cruc mound/hill'. The Celtic cruc was probably adopted as a proper name to which an explanatory OE hyll was added before it was replaced by OE hlaw.,"crūc Old English - A hill, a barrow, a mound.; hlāw Old English - A tumulus; a hill.",Mawer; Place-names of Northumberland and Durham.; A.D. Mills; Dictionary of English Place-Names; E. Ekwall; Dictionary of English Place-Names; Watts; Cambridge Dictionary of English Place-names
Kirknewton,'New farm/settlement' with the later addition of church.,kirkja Old Norse - A church.; nīwe Old English - New.; tūn Old English - An enclosure; a farmstead; a village; an estate.,A.D. Mills; Dictionary of English Place-Names; E. Ekwall; Dictionary of English Place-Names; Mawer; Place-names of Northumberland and Durham.; Watts; Cambridge Dictionary of English Place-names
Kirkwhelpington,'Farm/settlement connected with *Hwelp' with the later addition of 'church'.,"-ingtūn Old English - A settlement called after, or connected with . . .; kirkja Old Norse - A church.; Personal name (Old English) Old English - Personal name",E. Ekwall; Dictionary of English Place-Names; Mawer; Place-names of Northumberland and Durham.; Watts; Cambridge Dictionary of English Place-names; A.D. Mills; Dictionary of English Place-Names
Knarsdale,'Rugged rock valley'. OE dael was later replaced by ON dalr.,cnearr Old English - A rugged rock.; dæl Old English,A.D. Mills; Dictionary of English Place-Names; Watts; Cambridge Dictionary of English Place-names; E. Ekwall; Dictionary of English Place-Names; Mawer; Place-names of Northumberland and Durham.
Kyloe,'Cow wood/clearing'.,"cū Old English - A cow.; lēah Old English - A forest, wood, glade, clearing; (later) a pasture, meadow.",A.D. Mills; Dictionary of English Place-Names; E. Ekwall; Dictionary of English Place-Names; Watts; Cambridge Dictionary of English Place-names; Mawer; Place-names of Northumberland and Durham.
Lambley,'Lamb wood/clearing'.,"lamb Old English - A lamb.; lēah Old English - A forest, wood, glade, clearing; (later) a pasture, meadow.",E. Ekwall; Dictionary of English Place-Names; Mawer; Place-names of Northumberland and Durham.; A.D. Mills; Dictionary of English Place-Names; Watts; Cambridge Dictionary of English Place-names
Lanton,'Long farm/settlement'.,"lang Old English - Long, tall.; tūn Old English - An enclosure; a farmstead; a village; an estate.",Mawer; Place-names of Northumberland and Durham.; A.D. Mills; Dictionary of English Place-Names; E. Ekwall; Dictionary of English Place-Names; Watts; Cambridge Dictionary of English Place-names
Learchild,'Leofric's slope'. 'Leofric's spring' is probably less likely.,celde Old English; helde Old English - Tansy.; Personal name (Old English) Old English - Personal name,Mawer; Place-names of Northumberland and Durham.; E. Ekwall; Dictionary of English Place-Names; A.D. Mills; Dictionary of English Place-Names; The Vocabulary of English Place-Names; Watts; Cambridge Dictionary of English Place-names
Lemmington,'Brook-lime farmstead'.,"hleomoc Old English - Brook-lime, speedwell.; tūn Old English - An enclosure; a farmstead; a village; an estate.",A.D. Mills; Dictionary of English Place-Names; E. Ekwall; Dictionary of English Place-Names; Mawer; Place-names of Northumberland and Durham.; Watts; Cambridge Dictionary of English Place-names
Lesbury,'Phycisian's fortified manor'.,burh Old English - A fortified place.; lǣce Old English - A physician.,Mawer; Place-names of Northumberland and Durham.; A.D. Mills; Dictionary of English Place-Names; Watts; Cambridge Dictionary of English Place-names; E. Ekwall; Dictionary of English Place-Names
Linbridge,"Originally a township in Alwinton ancient parish, it was made a separate civil parish in 1866.",Obscure element Unknown - Obscure element,E. Ekwall; Dictionary of English Place-Names; Mawer; Place-names of Northumberland and Durham.; Watts; Cambridge Dictionary of English Place-names; A.D. Mills; Dictionary of English Place-Names
Linsheeles,'Lime-tree shielings'.,"lind Old English - A lime-tree.; sele Old English - A dwelling, a house, a hall.",E. Ekwall; Dictionary of English Place-Names; Watts; Cambridge Dictionary of English Place-names; A.D. Mills; Dictionary of English Place-Names; Mawer; Place-names of Northumberland and Durham.
Little Callerton,'Calves' hill'. 'Little' to distinguish from Black and High Callerton.,calf Old English; dūn Old English - A hill.,A.D. Mills; Dictionary of English Place-Names; E. Ekwall; Dictionary of English Place-Names; Watts; Cambridge Dictionary of English Place-names; Mawer; Place-names of Northumberland and Durham.
Little West and Kirkharle,"Possibly, 'Herela's wood/clearing' or perhaps, 'heathen temple wood/clearing'.","hærg Old English; kirkja Old Norse - A church.; lēah Old English - A forest, wood, glade, clearing; (later) a pasture, meadow.; Personal name (Old English) Old English - Personal name",Watts; Cambridge Dictionary of English Place-names; E. Ekwall; Dictionary of English Place-Names; Mawer; Place-names of Northumberland and Durham.; A.D. Mills; Dictionary of English Place-Names
Littlehoughton,'Hill-spur farm/settlement'. 'Little' to distinguish from Longhoughton.,hōh Old English - A heel; a sharply projecting piece of ground.; parva Latin - Small.; tūn Old English - An enclosure; a farmstead; a village; an estate.,A.D. Mills; Dictionary of English Place-Names; Mawer; Place-names of Northumberland and Durham.; E. Ekwall; Dictionary of English Place-Names; Watts; Cambridge Dictionary of English Place-names
Loan End,'Lane end'.,lane-ende Middle English - A lane-end; (at) the end of a lane.,E. Ekwall; Dictionary of English Place-Names; Mawer; Place-names of Northumberland and Durham.; A.D. Mills; Dictionary of English Place-Names; Watts; Cambridge Dictionary of English Place-names
Longbenton,"Either, 'bent-grass farm/settlement' or 'bean farm/settlement'. 'Long' to distinguish from Littlebenton.",bēan Old English - A bean.; beonet Old English - Bent grass.; tūn Old English - An enclosure; a farmstead; a village; an estate.,Watts; Cambridge Dictionary of English Place-names; A.D. Mills; Dictionary of English Place-Names; E. Ekwall; Dictionary of English Place-Names; Mawer; Place-names of Northumberland and Durham.
Longframlington,"Probably, 'farm/settlement connected with *Framela'.","-ingtūn Old English - A settlement called after, or connected with . . .; Personal name (Old English) Old English - Personal name",Mawer; Place-names of Northumberland and Durham.; Watts; Cambridge Dictionary of English Place-names; E. Ekwall; Dictionary of English Place-Names; A.D. Mills; Dictionary of English Place-Names
Longhirst,'Long wooded hill'.,"hyrst Old English - A wooded hill.; lang Old English - Long, tall.",Watts; Cambridge Dictionary of English Place-names; E. Ekwall; Dictionary of English Place-Names; A.D. Mills; Dictionary of English Place-Names; Mawer; Place-names of Northumberland and Durham.
Longhoughton,'Hill-spur farm/settlement'. 'Magna' and ModE 'long' to distinguish from Littlehoughton.,"hōh Old English - A heel; a sharply projecting piece of ground.; magna Latin - Big, great.; tūn Old English - An enclosure; a farmstead; a village; an estate.",Watts; Cambridge Dictionary of English Place-names; Mawer; Place-names of Northumberland and Durham.; E. Ekwall; Dictionary of English Place-Names; A.D. Mills; Dictionary of English Place-Names
Longridge,'Long ridge'.,"hrycg Old English - A ridge.; lang Old English - Long, tall.",Mawer; Place-names of Northumberland and Durham.; E. Ekwall; Dictionary of English Place-Names; Watts; Cambridge Dictionary of English Place-names; A.D. Mills; Dictionary of English Place-Names
Longshaws,'Long grove'.,"lang Old English - Long, tall.; sceaga Old English - A small wood.",A.D. Mills; Dictionary of English Place-Names; E. Ekwall; Dictionary of English Place-Names; Watts; Cambridge Dictionary of English Place-names; Mawer; Place-names of Northumberland and Durham.
Longwitton,Long 'wood farm/settlement'.,"lang Middle English - A long strip of land.; tūn Old English - An enclosure; a farmstead; a village; an estate.; wudu Old English - A wood; or wood, timber.",A.D. Mills; Dictionary of English Place-Names; Watts; Cambridge Dictionary of English Place-names; Mawer; Place-names of Northumberland and Durham.; E. Ekwall; Dictionary of English Place-Names
Lorbottle,'Leofhere's building'.,"bōðl Old English - A dwelling, a dwelling-place, a house.; Personal name (Old English) Old English - Personal name",A.D. Mills; Dictionary of English Place-Names; Watts; Cambridge Dictionary of English Place-names; E. Ekwall; Dictionary of English Place-Names; Mawer; Place-names of Northumberland and Durham.
Lowick,'River Low specialised-farm'.,"River-name Unknown - River-name; wīc Old English - A dwelling; a building or collection of buildings for special purposes; a farm, a dairy farm; a trading or industrial settlement; or (in the plural) a hamlet, village.",Mawer; Place-names of Northumberland and Durham.; A.D. Mills; Dictionary of English Place-Names; E. Ekwall; Dictionary of English Place-Names; Watts; Cambridge Dictionary of English Place-names
Lucker,"Uncertain. Perhaps, 'the hollows' or 'lake marsh'.","kjarr Old Norse - Brushwood; a marsh overgrown with brushwood.; luh Old English - A lough, a lake, a pool.; lúka Old Norse - The hollow of the hand; topographically a hollow.",Mawer; Place-names of Northumberland and Durham.; Watts; Cambridge Dictionary of English Place-names; E. Ekwall; Dictionary of English Place-Names; A.D. Mills; Dictionary of English Place-Names
Lynemouth,'River Lyne's mouth'.,"mūða Old English - The mouth of a large river, an estuary.; River-name Unknown - River-name",Watts; Cambridge Dictionary of English Place-names; E. Ekwall; Dictionary of English Place-Names; Mawer; Place-names of Northumberland and Durham.; A.D. Mills; Dictionary of English Place-Names
Mason,"'Maerheard's farm/settlement' or perhaps, 'weasel farm/settlement'.","mearð Old English - A marten, a weasel.; Personal name (Old English) Old English - Personal name; tūn Old English - An enclosure; a farmstead; a village; an estate.",Watts; Cambridge Dictionary of English Place-names; Mawer; Place-names of Northumberland and Durham.; E. Ekwall; Dictionary of English Place-Names; A.D. Mills; Dictionary of English Place-Names
Masters Close,"Formerly an extra-parochial place, it was made a separate civil parish in 1858.",Obscure element Unknown - Obscure element,Mawer; Place-names of Northumberland and Durham.; A.D. Mills; Dictionary of English Place-Names; Watts; Cambridge Dictionary of English Place-names; E. Ekwall; Dictionary of English Place-Names
Meldon,'Crucifix hill'.,dūn Old English - A hill.; mǣl Old English - Speech.,E. Ekwall; Dictionary of English Place-Names; Mawer; Place-names of Northumberland and Durham.; Watts; Cambridge Dictionary of English Place-names; A.D. Mills; Dictionary of English Place-Names
Melkridge,'Milk ridge'.,hrycg Old English - A ridge.; meoluc Old English - Milk; probably used of rich pastures and the like yielding good milk; in stream-names it may denote a turbid nature or milky colour or streams which run through rich pastures.,E. Ekwall; Dictionary of English Place-Names; Mawer; Place-names of Northumberland and Durham.; Watts; Cambridge Dictionary of English Place-names; A.D. Mills; Dictionary of English Place-Names
Mickley,'Large wood/clearing'.,"micel Old English - Big, great.; tūn Old English - An enclosure; a farmstead; a village; an estate.",E. Ekwall; Dictionary of English Place-Names; A.D. Mills; Dictionary of English Place-Names; Watts; Cambridge Dictionary of English Place-names; Mawer; Place-names of Northumberland and Durham.
Middleton,'Middle farm/settlement'.,middel Old English - Middle.; tūn Old English - An enclosure; a farmstead; a village; an estate.,A.D. Mills; Dictionary of English Place-Names; E. Ekwall; Dictionary of English Place-Names; Mawer; Place-names of Northumberland and Durham.; Watts; Cambridge Dictionary of English Place-names
Middleton Hall,'Middle farm/settlement'.,"hall Old English - A slope, a hill; a boulder.; middel Old English - Middle.; tūn Old English - An enclosure; a farmstead; a village; an estate.",A.D. Mills; Dictionary of English Place-Names; E. Ekwall; Dictionary of English Place-Names; Mawer; Place-names of Northumberland and Durham.; Watts; Cambridge Dictionary of English Place-names
Milbourne,'Mill stream'.,burna Old English - A stream.; myln Old English - A mill.,Mawer; Place-names of Northumberland and Durham.; E. Ekwall; Dictionary of English Place-Names; A.D. Mills; Dictionary of English Place-Names; Watts; Cambridge Dictionary of English Place-names
Milbourne Grange,Milbourne's 'outlying grain farm'.,"grange Middle English - A grange; originally a granary, a barn; later a farm; also an outlying farm belonging to a religious house or a feudal lord, where crops were stored.; Place-name Unknown - Place-name",Mawer; Place-names of Northumberland and Durham.; A.D. Mills; Dictionary of English Place-Names; E. Ekwall; Dictionary of English Place-Names; Watts; Cambridge Dictionary of English Place-names
Milfield,'Bald hill'.,mę̄l C; mönið C,E. Ekwall; Dictionary of English Place-Names; Watts; Cambridge Dictionary of English Place-names; A.D. Mills; Dictionary of English Place-Names; Mawer; Place-names of Northumberland and Durham.
Mitford,"Either, 'confluence ford' or 'middle ford'.","ford Old English - A ford.; mid Old English - Among, amidst.; mȳðe Old English - The mouth of a river where it runs into another; a confluence of rivers.",A.D. Mills; Dictionary of English Place-Names; Mawer; Place-names of Northumberland and Durham.; Watts; Cambridge Dictionary of English Place-names; E. Ekwall; Dictionary of English Place-Names
Molesdon,'Mol's/Mul's farmstead'.,Personal name (Old English) Old English - Personal name; tūn Old English - An enclosure; a farmstead; a village; an estate.,E. Ekwall; Dictionary of English Place-Names; A.D. Mills; Dictionary of English Place-Names; Mawer; Place-names of Northumberland and Durham.; Watts; Cambridge Dictionary of English Place-names
Monkridge,'Monk's ridge'.,hryggr Old Norse - A ridge.; munuc Old English - A monk.,E. Ekwall; Dictionary of English Place-Names; Watts; Cambridge Dictionary of English Place-names; Mawer; Place-names of Northumberland and Durham.; A.D. Mills; Dictionary of English Place-Names
Monks House,"Originally called 'Brocc's (=the brook) mouth', it was later used as a store-house by the monks of Farne.",hous Middle English - House.; monke Middle English - A monk.,Mawer; Place-names of Northumberland and Durham.; A.D. Mills; Dictionary of English Place-Names; E. Ekwall; Dictionary of English Place-Names; Watts; Cambridge Dictionary of English Place-names
Monkseaton,'Sea farm/settlement'. It was held by the monks of Tynemouth.,"monachus Latin - A monk.; sǣ Old English - A lake; sea.  Usually means ""sea"" when used as a first element, and ""lake"" when used as a second element.; tūn Old English - An enclosure; a farmstead; a village; an estate.",Mawer; Place-names of Northumberland and Durham.; Watts; Cambridge Dictionary of English Place-names; A.D. Mills; Dictionary of English Place-Names; E. Ekwall; Dictionary of English Place-Names
Morpeth,'Murder path'.,morð Old English - Murder.; pæð Old English,Watts; Cambridge Dictionary of English Place-names; A.D. Mills; Dictionary of English Place-Names; E. Ekwall; Dictionary of English Place-Names; Mawer; Place-names of Northumberland and Durham.
Morwick,'Fen specialised-farm'.,"mōr Old English - A marsh, barren upland.; wīc Old English - A dwelling; a building or collection of buildings for special purposes; a farm, a dairy farm; a trading or industrial settlement; or (in the plural) a hamlet, village.",E. Ekwall; Dictionary of English Place-Names; Mawer; Place-names of Northumberland and Durham.; Watts; Cambridge Dictionary of English Place-names; A.D. Mills; Dictionary of English Place-Names
Mount Healey,"Originally a township in Rothbury ancient parish, it was made a separate civil parish in 1866.",Obscure element Unknown - Obscure element,A.D. Mills; Dictionary of English Place-Names; Watts; Cambridge Dictionary of English Place-names; Mawer; Place-names of Northumberland and Durham.; E. Ekwall; Dictionary of English Place-Names
Mousen,'Mul's fen'.,"fenn Old English - A fen, a marsh, marshland.; Personal name (Old English) Old English - Personal name",Mawer; Place-names of Northumberland and Durham.; Watts; Cambridge Dictionary of English Place-names; E. Ekwall; Dictionary of English Place-Names; A.D. Mills; Dictionary of English Place-Names
Murton,'Moor farm/settlement'.,"mōr Old English - A marsh, barren upland.; tūn Old English - An enclosure; a farmstead; a village; an estate.",Watts; Cambridge Dictionary of English Place-names; E. Ekwall; Dictionary of English Place-Names; Mawer; Place-names of Northumberland and Durham.; A.D. Mills; Dictionary of English Place-Names
Nafferton,'Nattfari's farm/settlement'.,Personal name (Old Norse) Old Norse - Personal name; tūn Old English - An enclosure; a farmstead; a village; an estate.,A.D. Mills; Dictionary of English Place-Names; Mawer; Place-names of Northumberland and Durham.; E. Ekwall; Dictionary of English Place-Names; Watts; Cambridge Dictionary of English Place-names
Nesbit,"'Promontory bend' or perhaps, 'nose-shaped bend'.","byht Old English - A bend, a curve (in a river or street); a bight.; nese Middle English - A nose; a headland, a promontory, a projecting piece of land in the bend of a river.",Watts; Cambridge Dictionary of English Place-names; A.D. Mills; Dictionary of English Place-Names; Mawer; Place-names of Northumberland and Durham.; E. Ekwall; Dictionary of English Place-Names
Nesbitt,"'Promontory bend' or perhaps, 'nose-shaped bend'.","byht Old English - A bend, a curve (in a river or street); a bight.; nese Middle English - A nose; a headland, a promontory, a projecting piece of land in the bend of a river.",A.D. Mills; Dictionary of English Place-Names; Watts; Cambridge Dictionary of English Place-names; E. Ekwall; Dictionary of English Place-Names; Mawer; Place-names of Northumberland and Durham.
Netherton North and South Side,'Lower farm/settlement'.,neoðera Old English - Lower. (No positive form.); tūn Old English - An enclosure; a farmstead; a village; an estate.,A.D. Mills; Dictionary of English Place-Names; Mawer; Place-names of Northumberland and Durham.; Watts; Cambridge Dictionary of English Place-names; E. Ekwall; Dictionary of English Place-Names
Netherwitton,Lower 'wood farm/settlement'.,"neoðera Old English - Lower. (No positive form.); tūn Old English - An enclosure; a farmstead; a village; an estate.; wudu Old English - A wood; or wood, timber.",E. Ekwall; Dictionary of English Place-Names; A.D. Mills; Dictionary of English Place-Names; Watts; Cambridge Dictionary of English Place-names; Mawer; Place-names of Northumberland and Durham.
New and Old Bewick,'Bee specialised-farm'.,"bēo Old English - A bee.; wīc Old English - A dwelling; a building or collection of buildings for special purposes; a farm, a dairy farm; a trading or industrial settlement; or (in the plural) a hamlet, village.",Watts; Cambridge Dictionary of English Place-names; A.D. Mills; Dictionary of English Place-Names; Mawer; Place-names of Northumberland and Durham.; E. Ekwall; Dictionary of English Place-Names
Newbiggin,'New building'.,"bigging Middle English - A building; later an outbuilding, an outhouse.; nīwe Old English - New.",Mawer; Place-names of Northumberland and Durham.; E. Ekwall; Dictionary of English Place-Names; Watts; Cambridge Dictionary of English Place-names; A.D. Mills; Dictionary of English Place-Names
Newbiggin by the Sea,'New building'.,"bigging Middle English - A building; later an outbuilding, an outhouse.; nīwe Old English - New.",E. Ekwall; Dictionary of English Place-Names; Mawer; Place-names of Northumberland and Durham.; Watts; Cambridge Dictionary of English Place-names; A.D. Mills; Dictionary of English Place-Names
Newbrough,'New fortification'.,burh Old English - A fortified place.; nīwe Old English - New.,A.D. Mills; Dictionary of English Place-Names; E. Ekwall; Dictionary of English Place-Names; Watts; Cambridge Dictionary of English Place-names; Mawer; Place-names of Northumberland and Durham.
Newburn,"'New fortification'. One spelling shows 'new farm/settlement'. For burh>burn, cf. Sockburn, County Durham.",burh Old English - A fortified place.; nīwe Old English - New.,Mawer; Place-names of Northumberland and Durham.; E. Ekwall; Dictionary of English Place-Names; A.D. Mills; Dictionary of English Place-Names; Watts; Cambridge Dictionary of English Place-names
Newcastle upon Tyne,'New castle' on the River Tyne.,castel Old English - A defensive building; a village.; nīwe Old English - New.; River-name Unknown - River-name,Watts; Cambridge Dictionary of English Place-names; A.D. Mills; Dictionary of English Place-Names; Mawer; Place-names of Northumberland and Durham.; E. Ekwall; Dictionary of English Place-Names
Newham,'New homestead/village'.,"hām Old English - A village, a village community, a manor, an estate, a homestead.; nīwe Old English - New.",Mawer; Place-names of Northumberland and Durham.; E. Ekwall; Dictionary of English Place-Names; Watts; Cambridge Dictionary of English Place-names; A.D. Mills; Dictionary of English Place-Names
Newham,'New homestead/village'.,"hām Old English - A village, a village community, a manor, an estate, a homestead.; nīwe Old English - New.",A.D. Mills; Dictionary of English Place-Names; Watts; Cambridge Dictionary of English Place-names; Mawer; Place-names of Northumberland and Durham.; E. Ekwall; Dictionary of English Place-Names
Newlands,'New land'.,land Old English - Land (as part of earth's surface); an estate; possibly also new arable area.  In minor and field names: strip in a field-system.; nīwe Old English - New.,A.D. Mills; Dictionary of English Place-Names; E. Ekwall; Dictionary of English Place-Names; Watts; Cambridge Dictionary of English Place-names; Mawer; Place-names of Northumberland and Durham.
Newminster Abbey,'New monastery'.,"mynster Old English - A monastery, the church of a monastery or religious body, a church served by secular clergy.; nīwe Old English - New.",E. Ekwall; Dictionary of English Place-Names; A.D. Mills; Dictionary of English Place-Names; Watts; Cambridge Dictionary of English Place-names; Mawer; Place-names of Northumberland and Durham.
Newsham and South Blyth,'At the new houses'. Named after the River Blyth.,hūs Old English - A house; also sometimes used of a building for special purposes.; nīwe Old English - New.; River-name Unknown - River-name,Watts; Cambridge Dictionary of English Place-names; A.D. Mills; Dictionary of English Place-Names; Mawer; Place-names of Northumberland and Durham.; E. Ekwall; Dictionary of English Place-Names
Newstead,'New place'.,"nīwe Old English - New.; stede Old English - A place, a site, a locality; a religious house or foundation; a place of communal activity; a farm, a dairy-farm, an estate.",E. Ekwall; Dictionary of English Place-Names; Mawer; Place-names of Northumberland and Durham.; Watts; Cambridge Dictionary of English Place-names; A.D. Mills; Dictionary of English Place-Names
Newton,'New farm/settlement'.,nīwe Old English - New.; tūn Old English - An enclosure; a farmstead; a village; an estate.,A.D. Mills; Dictionary of English Place-Names; Watts; Cambridge Dictionary of English Place-names; Mawer; Place-names of Northumberland and Durham.; E. Ekwall; Dictionary of English Place-Names
Newton by the Sea,'New farm/settlement' by the sea.,nīwe Old English - New.; tūn Old English - An enclosure; a farmstead; a village; an estate.,Mawer; Place-names of Northumberland and Durham.; A.D. Mills; Dictionary of English Place-Names; E. Ekwall; Dictionary of English Place-Names; Watts; Cambridge Dictionary of English Place-names
Newton on the Moor,'New farm/settlement'.,nīwe Old English - New.; tūn Old English - An enclosure; a farmstead; a village; an estate.,Mawer; Place-names of Northumberland and Durham.; E. Ekwall; Dictionary of English Place-Names; Watts; Cambridge Dictionary of English Place-names; A.D. Mills; Dictionary of English Place-Names
Newton Underwood,'New farm/settlement' under the wood.,"nīwe Old English - New.; tūn Old English - An enclosure; a farmstead; a village; an estate.; under Old English - Under, beneath, below.; wudu Old English - A wood; or wood, timber.",Mawer; Place-names of Northumberland and Durham.; E. Ekwall; Dictionary of English Place-Names; Watts; Cambridge Dictionary of English Place-names; A.D. Mills; Dictionary of English Place-Names
Newtown,'New village'.,nīwe Old English - New.; tūn Old English - An enclosure; a farmstead; a village; an estate.,Watts; Cambridge Dictionary of English Place-names; Mawer; Place-names of Northumberland and Durham.; A.D. Mills; Dictionary of English Place-Names; E. Ekwall; Dictionary of English Place-Names
Newtown,'New farm/settlement'.,nīwe Old English - New.; tūn Old English - An enclosure; a farmstead; a village; an estate.,Watts; Cambridge Dictionary of English Place-names; A.D. Mills; Dictionary of English Place-Names; Mawer; Place-names of Northumberland and Durham.; E. Ekwall; Dictionary of English Place-Names
Norham,'North homestead/village'.,"hām Old English - A village, a village community, a manor, an estate, a homestead.; norð Old English - Northern, north.",Watts; Cambridge Dictionary of English Place-names; A.D. Mills; Dictionary of English Place-Names; Mawer; Place-names of Northumberland and Durham.; E. Ekwall; Dictionary of English Place-Names
North and South Charlton,'Free peasants' farm/settlement'.,"ceorl Old English - A freeman of the lower class, a peasant.; tūn Old English - An enclosure; a farmstead; a village; an estate.",E. Ekwall; Dictionary of English Place-Names; Watts; Cambridge Dictionary of English Place-names; A.D. Mills; Dictionary of English Place-Names; Mawer; Place-names of Northumberland and Durham.
North and South Dissington,"Uncertain. 'Farm/settlement of the inhabitants of *Dic (=the ditch)' and ' farm/settlement of *Dica's people' have been suggested. cf. Diss, Lincolnshire.","-ingas Old English - The people of . . . ; the people called after . . .; dīc Old English - A ditch, usually an excavated trench, either defensive or for drainage of water.; hǣme Old English - The inhabitants of a place.; Personal name (Old English) Old English - Personal name; tūn Old English - An enclosure; a farmstead; a village; an estate.",E. Ekwall; Dictionary of English Place-Names; A.D. Mills; Dictionary of English Place-Names; Watts; Cambridge Dictionary of English Place-names; Mawer; Place-names of Northumberland and Durham.
North and South Gosforth,'Goose ford'.,ford Old English - A ford.; gōs Old English - A goose.,Mawer; Place-names of Northumberland and Durham.; E. Ekwall; Dictionary of English Place-Names; Watts; Cambridge Dictionary of English Place-names; A.D. Mills; Dictionary of English Place-Names
North and South Middleton,'Middle farm/settlement'.,middel Old English - Middle.; tūn Old English - An enclosure; a farmstead; a village; an estate.,Watts; Cambridge Dictionary of English Place-names; E. Ekwall; Dictionary of English Place-Names; A.D. Mills; Dictionary of English Place-Names; Mawer; Place-names of Northumberland and Durham.
North and South Middleton,'Middle farm/settlement'.,middel Old English - Middle.; tūn Old English - An enclosure; a farmstead; a village; an estate.,E. Ekwall; Dictionary of English Place-Names; Watts; Cambridge Dictionary of English Place-names; A.D. Mills; Dictionary of English Place-Names; Mawer; Place-names of Northumberland and Durham.
North Seaton,'Sea farm/settlement'.,"sǣ Old English - A lake; sea.  Usually means ""sea"" when used as a first element, and ""lake"" when used as a second element.; tūn Old English - An enclosure; a farmstead; a village; an estate.",E. Ekwall; Dictionary of English Place-Names; Mawer; Place-names of Northumberland and Durham.; A.D. Mills; Dictionary of English Place-Names; Watts; Cambridge Dictionary of English Place-names
North Shields,'Shielings'.,scheling Middle English - A shieling.,Watts; Cambridge Dictionary of English Place-names; Mawer; Place-names of Northumberland and Durham.; E. Ekwall; Dictionary of English Place-Names; A.D. Mills; Dictionary of English Place-Names
North Sunderland,'Southern land'.,"land Old English - Land (as part of earth's surface); an estate; possibly also new arable area.  In minor and field names: strip in a field-system.; sūðer Old English - South, southern.",A.D. Mills; Dictionary of English Place-Names; Mawer; Place-names of Northumberland and Durham.; E. Ekwall; Dictionary of English Place-Names; Watts; Cambridge Dictionary of English Place-names
Nunnykirk,"Perhaps, 'Nunna's church'.",cirice Old English - A church.; kirkja Old Norse - A church.; Personal name (Old English) Old English - Personal name,Watts; Cambridge Dictionary of English Place-names; E. Ekwall; Dictionary of English Place-Names; Mawer; Place-names of Northumberland and Durham.; A.D. Mills; Dictionary of English Place-Names
Nunriding,"The place was assarted, or cleared of woodland, by the nun's of Holystone to whom it was given by Roger Bertram the First. Originally called Baldwineswood, 'Baldwin's wood'.",nunne Old English - A nun.; ridded Modern English - Cleared (of woodland).,A.D. Mills; Dictionary of English Place-Names; Watts; Cambridge Dictionary of English Place-names; E. Ekwall; Dictionary of English Place-Names; Mawer; Place-names of Northumberland and Durham.
Ogle,'Ocga's hill'. Ocga was the name of one of the sons of Ida of Bernicia.,"hyll Old English - A hill, a natural eminence or elevated piece of ground.; Personal name (Old English) Old English - Personal name",A.D. Mills; Dictionary of English Place-Names; Watts; Cambridge Dictionary of English Place-names; Mawer; Place-names of Northumberland and Durham.; E. Ekwall; Dictionary of English Place-Names
Old Moor,"'Old moor', replacing an earlier name, possibly 'Penda's moor', from an OE personal name.","mōr Old English - A marsh, barren upland.; vetus Latin - Old, ancient, of long standing.",E. Ekwall; Dictionary of English Place-Names; Watts; Cambridge Dictionary of English Place-names; A.D. Mills; Dictionary of English Place-Names; Mawer; Place-names of Northumberland and Durham.
Otterburn,'Otter stream'.,burna Old English - A stream.; oter Old English - An otter.,Watts; Cambridge Dictionary of English Place-names; Mawer; Place-names of Northumberland and Durham.; E. Ekwall; Dictionary of English Place-Names; A.D. Mills; Dictionary of English Place-Names
Ouston,'Ulfkell's stone'.,Personal name (Old Norse) Old Norse - Personal name; tūn Old English - An enclosure; a farmstead; a village; an estate.,Mawer; Place-names of Northumberland and Durham.; Watts; Cambridge Dictionary of English Place-names; E. Ekwall; Dictionary of English Place-Names; A.D. Mills; Dictionary of English Place-Names
Outchester,'Owl's Roman site'.,ceaster Old English - A city; an old fortification; a Roman site.; ūle Old English - An owl.,Mawer; Place-names of Northumberland and Durham.; E. Ekwall; Dictionary of English Place-Names; A.D. Mills; Dictionary of English Place-Names; Watts; Cambridge Dictionary of English Place-names
Ovingham,"Probably, 'homestead/village at Ofa's place'.","-ing Old English - Place-name forming suffix.; hām Old English - A village, a village community, a manor, an estate, a homestead.; Personal name (Old English) Old English - Personal name",A.D. Mills; Dictionary of English Place-Names; Mawer; Place-names of Northumberland and Durham.; Watts; Cambridge Dictionary of English Place-names; E. Ekwall; Dictionary of English Place-Names
Ovington,"Either, 'farm/settlement connected with Ofa' or 'Ofa's farm/settlement'.",-ing Old English - Place-name forming suffix.; dūn Old English - A hill.; Personal name (Old English) Old English - Personal name,Watts; Cambridge Dictionary of English Place-names; E. Ekwall; Dictionary of English Place-Names; A.D. Mills; Dictionary of English Place-Names; Mawer; Place-names of Northumberland and Durham.
Pawston,'Palloc's farm/settlement'.,Personal name (Old English) Old English - Personal name; tūn Old English - An enclosure; a farmstead; a village; an estate.,A.D. Mills; Dictionary of English Place-Names; Watts; Cambridge Dictionary of English Place-names; E. Ekwall; Dictionary of English Place-Names; Mawer; Place-names of Northumberland and Durham.
Peels,"Originally a township in Alwinton ancient parish, it was made a separate civil parish in 1866.",Obscure element Unknown - Obscure element,A.D. Mills; Dictionary of English Place-Names; Mawer; Place-names of Northumberland and Durham.; E. Ekwall; Dictionary of English Place-Names; Watts; Cambridge Dictionary of English Place-names
Pegswood,'*Pecg's enclosure'.,Personal name (Old English) Old English - Personal name; worð Old English - An enclosure.,Watts; Cambridge Dictionary of English Place-names; A.D. Mills; Dictionary of English Place-Names; Mawer; Place-names of Northumberland and Durham.; E. Ekwall; Dictionary of English Place-Names
Pigdon,"Uncertain. '*Pica's valley', or perhaps, 'pointed hill valley'.",denu Old English - A valley.; Personal name (Old English) Old English - Personal name; pīc Old English - A point; a pointed tool; a pike (the fish); a pointed hill.,E. Ekwall; Dictionary of English Place-Names; A.D. Mills; Dictionary of English Place-Names; Watts; Cambridge Dictionary of English Place-names; Mawer; Place-names of Northumberland and Durham.
Plashetts and Tynehead,"Originally a township in Falstone chapelry, it was made a separate civil parish in 1866.",Obscure element Unknown - Obscure element,Mawer; Place-names of Northumberland and Durham.; Watts; Cambridge Dictionary of English Place-names; E. Ekwall; Dictionary of English Place-Names; A.D. Mills; Dictionary of English Place-Names
Plenmeller,'Bare hill top'.,blain C; breg C; mēl Old English,Watts; Cambridge Dictionary of English Place-names; E. Ekwall; Dictionary of English Place-Names; A.D. Mills; Dictionary of English Place-Names; Mawer; Place-names of Northumberland and Durham.
Ponteland,"'River Pont island' or perhaps, 'River Pont land'.","ēa-land Old English - Land by water or by a river, an island.; land Old English - Land (as part of earth's surface); an estate; possibly also new arable area.  In minor and field names: strip in a field-system.; River-name Unknown - River-name",Mawer; Place-names of Northumberland and Durham.; Watts; Cambridge Dictionary of English Place-names; E. Ekwall; Dictionary of English Place-Names; A.D. Mills; Dictionary of English Place-Names
Portgate,'Town gate' .,"geat Old English - A hole, an opening, a gap, a pass, a passage; a gate(way).; port Old English - A haven, a harbour.",E. Ekwall; Dictionary of English Place-Names; Mawer; Place-names of Northumberland and Durham.; Watts; Cambridge Dictionary of English Place-names; A.D. Mills; Dictionary of English Place-Names
Prendwick,'Prend's specialised farm'.,"Personal name (Old English) Old English - Personal name; wīc Old English - A dwelling; a building or collection of buildings for special purposes; a farm, a dairy farm; a trading or industrial settlement; or (in the plural) a hamlet, village.",A.D. Mills; Dictionary of English Place-Names; E. Ekwall; Dictionary of English Place-Names; Mawer; Place-names of Northumberland and Durham.; Watts; Cambridge Dictionary of English Place-names
Preston,'Priests' farm/settlement'.,prēost Old English - A priest.; tūn Old English - An enclosure; a farmstead; a village; an estate.,A.D. Mills; Dictionary of English Place-Names; Watts; Cambridge Dictionary of English Place-names; Mawer; Place-names of Northumberland and Durham.; E. Ekwall; Dictionary of English Place-Names
Preston,'Priests' farm/settlement'.,prēost Old English - A priest.; tūn Old English - An enclosure; a farmstead; a village; an estate.,Mawer; Place-names of Northumberland and Durham.; E. Ekwall; Dictionary of English Place-Names; Watts; Cambridge Dictionary of English Place-names; A.D. Mills; Dictionary of English Place-Names
Prestwick,'Priests' specialised-farm'.,"prēost Old English - A priest.; wīc Old English - A dwelling; a building or collection of buildings for special purposes; a farm, a dairy farm; a trading or industrial settlement; or (in the plural) a hamlet, village.",Watts; Cambridge Dictionary of English Place-names; A.D. Mills; Dictionary of English Place-Names; Mawer; Place-names of Northumberland and Durham.; E. Ekwall; Dictionary of English Place-Names
Prudhoe,'*Pruda's hill-spur'.,hōh Old English - A heel; a sharply projecting piece of ground.; Personal name (Old English) Old English - Personal name,Watts; Cambridge Dictionary of English Place-names; A.D. Mills; Dictionary of English Place-Names; Mawer; Place-names of Northumberland and Durham.; E. Ekwall; Dictionary of English Place-Names
Ramshope,"'Wild-garlic valley' or perhaps, 'ram valley'.",hop Old English - A valley; a remote enclosed space; a piece of enclosed land in a fen; an enclosure in marsh or moor.; hramsa Old English - Wild garlic.; ramm Old English - A ram.,Watts; Cambridge Dictionary of English Place-names; A.D. Mills; Dictionary of English Place-Names; E. Ekwall; Dictionary of English Place-Names; Mawer; Place-names of Northumberland and Durham.
Ratchwood,'Outlaws' wood'.,"wrecca Old English - A wretch,  fugitive, an outlaw.; wudu Old English - A wood; or wood, timber.",A.D. Mills; Dictionary of English Place-Names; Watts; Cambridge Dictionary of English Place-names; Mawer; Place-names of Northumberland and Durham.; E. Ekwall; Dictionary of English Place-Names
Reaveley,"'Reeve's wood/clearing' but perhaps, 'rough wood/clearing'.","hrēof Old English - Rough, rugged.; lēah Old English - A forest, wood, glade, clearing; (later) a pasture, meadow.; rēfa Old English - A reeve, a bailiff.",Watts; Cambridge Dictionary of English Place-names; A.D. Mills; Dictionary of English Place-Names; Mawer; Place-names of Northumberland and Durham.; E. Ekwall; Dictionary of English Place-Names
Rennington,'Farm/settlement connected with *Regna'.,"-ingtūn Old English - A settlement called after, or connected with . . .; Personal name (Old English) Old English - Personal name",Watts; Cambridge Dictionary of English Place-names; Mawer; Place-names of Northumberland and Durham.; A.D. Mills; Dictionary of English Place-Names; E. Ekwall; Dictionary of English Place-Names
Riddels Quarter,"Originally a township in Long Horlsey ancient parish, it was made a separate civil parish in 1866.",Obscure element Unknown - Obscure element,Watts; Cambridge Dictionary of English Place-names; A.D. Mills; Dictionary of English Place-Names; Mawer; Place-names of Northumberland and Durham.; E. Ekwall; Dictionary of English Place-Names
Riding,'Clearing'.,"ryding Old English - A clearing. (Recorded once with the spelling ""hryding"": the spelling ""hr-"" is probably a mistake for ""r-"".)",Watts; Cambridge Dictionary of English Place-names; A.D. Mills; Dictionary of English Place-Names; E. Ekwall; Dictionary of English Place-Names; Mawer; Place-names of Northumberland and Durham.
Ridley,'Cleared wood'.,"lēah Old English - A forest, wood, glade, clearing; (later) a pasture, meadow.; rydd Old English - Cleared (of trees).",E. Ekwall; Dictionary of English Place-Names; A.D. Mills; Dictionary of English Place-Names; Mawer; Place-names of Northumberland and Durham.; Watts; Cambridge Dictionary of English Place-names
Riplington,"Uncertain. Perhaps, 'farm/settlement at/called *Ripling (= the strip of land)' or 'farm/settlement of Rippel's people'.",-ing Old English - Place-name forming suffix.; -ingas Old English - The people of . . . ; the people called after . . .; Personal name (Old English) Old English - Personal name; ripel Old English - A strip of land.; tūn Old English - An enclosure; a farmstead; a village; an estate.,E. Ekwall; Dictionary of English Place-Names; A.D. Mills; Dictionary of English Place-Names; Watts; Cambridge Dictionary of English Place-names; Mawer; Place-names of Northumberland and Durham.
Ritton,"Probably, 'small stream farm/settlement'.",rīð Old English - A small stream.; tūn Old English - An enclosure; a farmstead; a village; an estate.,Watts; Cambridge Dictionary of English Place-names; E. Ekwall; Dictionary of English Place-Names; Mawer; Place-names of Northumberland and Durham.; A.D. Mills; Dictionary of English Place-Names
Rivergreen,'Reeve's hill-spur'. The modern form of the name is corrupt.,"hōh Old English - A heel; a sharply projecting piece of ground.; reve Middle English - A reeve, a bailiff.",E. Ekwall; Dictionary of English Place-Names; A.D. Mills; Dictionary of English Place-Names; Mawer; Place-names of Northumberland and Durham.; Watts; Cambridge Dictionary of English Place-names
Rochester,"Uncertain. The first element could be identical to that of Rochester, Kent. Alternatively, perhaps, 'rook Roman site'.",ceaster Old English - A city; an old fortification; a Roman site.; hrōc Old English - A rook.; Place-name Unknown - Place-name,A.D. Mills; Dictionary of English Place-Names; Mawer; Place-names of Northumberland and Durham.; E. Ekwall; Dictionary of English Place-Names; Watts; Cambridge Dictionary of English Place-names
Rock,'Rock'.,"rokke Middle English - A rock, a peak.",Watts; Cambridge Dictionary of English Place-names; A.D. Mills; Dictionary of English Place-Names; E. Ekwall; Dictionary of English Place-Names; Mawer; Place-names of Northumberland and Durham.
Roddam,'At the clearings'.,rod Old English - A clearing.,Watts; Cambridge Dictionary of English Place-names; Mawer; Place-names of Northumberland and Durham.; A.D. Mills; Dictionary of English Place-Names; E. Ekwall; Dictionary of English Place-Names
Roseden,'Rush valley'.,"denu Old English - A valley.; rysc Old English - A rush; in the simplex plural, a place where rushes grow, a rush bed.",E. Ekwall; Dictionary of English Place-Names; Watts; Cambridge Dictionary of English Place-names; A.D. Mills; Dictionary of English Place-Names; Mawer; Place-names of Northumberland and Durham.
Ross,'Moor' or 'promontory'.,ros C,E. Ekwall; Dictionary of English Place-Names; A.D. Mills; Dictionary of English Place-Names; Watts; Cambridge Dictionary of English Place-names
Rothbury,"Uncertain. '*Hrotha's fortification' or perhaps, less likely, 'red fortification'.",burh Old English - A fortified place.; Personal name (Old English) Old English - Personal name; rauðr Old Norse - Red.,A.D. Mills; Dictionary of English Place-Names; Mawer; Place-names of Northumberland and Durham.; E. Ekwall; Dictionary of English Place-Names; Watts; Cambridge Dictionary of English Place-names
Rothley,'Clearing wood'.,"lēah Old English - A forest, wood, glade, clearing; (later) a pasture, meadow.; roth Old Norse",Mawer; Place-names of Northumberland and Durham.; E. Ekwall; Dictionary of English Place-Names; Watts; Cambridge Dictionary of English Place-names; A.D. Mills; Dictionary of English Place-Names
Rudchester,'Rudda's Roman site'.,ceaster Old English - A city; an old fortification; a Roman site.; Personal name (Old English) Old English - Personal name,A.D. Mills; Dictionary of English Place-Names; E. Ekwall; Dictionary of English Place-Names; Mawer; Place-names of Northumberland and Durham.; Watts; Cambridge Dictionary of English Place-names
Ryal,'Rye hill'.,"hyll Old English - A hill, a natural eminence or elevated piece of ground.; ryge Old English - Rye.",Mawer; Place-names of Northumberland and Durham.; A.D. Mills; Dictionary of English Place-Names; E. Ekwall; Dictionary of English Place-Names; Watts; Cambridge Dictionary of English Place-names
Sandhoe,'Sandy hill-spur'.,hōh Old English - A heel; a sharply projecting piece of ground.; sand Old English - Sand.,Mawer; Place-names of Northumberland and Durham.; E. Ekwall; Dictionary of English Place-Names; Watts; Cambridge Dictionary of English Place-names; A.D. Mills; Dictionary of English Place-Names
Scrainwood,"Uncertain. Possibly, 'shrew-mouse wood'or 'villain wood'. Alternatively, 'hollow-place wood'.","scræfen Old English - A hollow place, a place with caves or pits.; scrēawa Old English - A shrew-mouse; possibly also used of a malevolent creature.; wudu Old English - A wood; or wood, timber.",Watts; Cambridge Dictionary of English Place-names; Mawer; Place-names of Northumberland and Durham.; A.D. Mills; Dictionary of English Place-Names; E. Ekwall; Dictionary of English Place-Names
Seaton Delaval,'Sea farm/settlement'. It was held by the de la Val family.,"Family name Unknown - Family name.; sǣ Old English - A lake; sea.  Usually means ""sea"" when used as a first element, and ""lake"" when used as a second element.; tūn Old English - An enclosure; a farmstead; a village; an estate.",E. Ekwall; Dictionary of English Place-Names; A.D. Mills; Dictionary of English Place-Names; Mawer; Place-names of Northumberland and Durham.; Watts; Cambridge Dictionary of English Place-names
Seghill,"Uncertain. Perhaps, 'Sig(g)a's nook of land'. Alternatively, it has been suggested that the first element is a lost stream name.","halh Old English - A nook of land; a small valley; dry ground in marsh; a piece of land projecting from, or detached from, the main area of its administrative unit.; Personal name (Old English) Old English - Personal name; River-name Unknown - River-name",E. Ekwall; Dictionary of English Place-Names; A.D. Mills; Dictionary of English Place-Names; Watts; Cambridge Dictionary of English Place-names; Mawer; Place-names of Northumberland and Durham.
Selby's Forest,"Originally a township in Kirknewton ancient parish, it was made a separate civil parish in 1866.",Obscure element Unknown - Obscure element,A.D. Mills; Dictionary of English Place-Names; E. Ekwall; Dictionary of English Place-Names; Watts; Cambridge Dictionary of English Place-names; Mawer; Place-names of Northumberland and Durham.
Sharperton,'Sharp-hill farm/settlement' or 'notched-hill farm/settlement'.,"berg Old English; sceard Old English - A cleft, a gap (as in a fence).; scearp Old English - Sharp, pointed; perhaps also steep.; tūn Old English - An enclosure; a farmstead; a village; an estate.",E. Ekwall; Dictionary of English Place-Names; Mawer; Place-names of Northumberland and Durham.; Watts; Cambridge Dictionary of English Place-names; A.D. Mills; Dictionary of English Place-Names
Shawdon,'Small-wood valley'.,denu Old English - A valley.; sceaga Old English - A small wood.,E. Ekwall; Dictionary of English Place-Names; Watts; Cambridge Dictionary of English Place-names; A.D. Mills; Dictionary of English Place-Names; Mawer; Place-names of Northumberland and Durham.
Shilbottle,'Building connected with Shipley'.,"-ing- Old English - Connective particle, linking a first element to a final element.; bōðl Old English - A dwelling, a dwelling-place, a house.; Place-name Unknown - Place-name",E. Ekwall; Dictionary of English Place-Names; Mawer; Place-names of Northumberland and Durham.; Watts; Cambridge Dictionary of English Place-names; A.D. Mills; Dictionary of English Place-Names
Shilvington,Uncertain. Suggestions are 'farm/settlement of Scylfa's people' and 'farm/settlement of the dwellers at the shelving land'.,"-ingas Old English - The people of . . . ; the people called after . . .; Personal name (Old English) Old English - Personal name; scelf Old English - A shelf, a shelving terrain; a pinnacle, battlement.; tūn Old English - An enclosure; a farmstead; a village; an estate.",E. Ekwall; Dictionary of English Place-Names; Watts; Cambridge Dictionary of English Place-names; A.D. Mills; Dictionary of English Place-Names; Mawer; Place-names of Northumberland and Durham.
Shipley,'Sheep wood/clearing'.,"lēah Old English - A forest, wood, glade, clearing; (later) a pasture, meadow.; scēp Old English",E. Ekwall; Dictionary of English Place-Names; Watts; Cambridge Dictionary of English Place-names; A.D. Mills; Dictionary of English Place-Names; Mawer; Place-names of Northumberland and Durham.
Shoreston,'Scot's farmstead'.,Personal name (Old English) Old English - Personal name; tūn Old English - An enclosure; a farmstead; a village; an estate.,E. Ekwall; Dictionary of English Place-Names; A.D. Mills; Dictionary of English Place-Names; Mawer; Place-names of Northumberland and Durham.; Watts; Cambridge Dictionary of English Place-names
Shoreswood,'Steep enclosure'. The final element was later replaced by 'wood'.,"scoren Old English - A steep, precipitous place.; worð Old English - An enclosure.",Mawer; Place-names of Northumberland and Durham.; E. Ekwall; Dictionary of English Place-Names; A.D. Mills; Dictionary of English Place-Names; Watts; Cambridge Dictionary of English Place-names
Shortflatt,'Short flat'.,"flatte Middle English - Flat, level.; sceort Old English - Short.",Watts; Cambridge Dictionary of English Place-names; Mawer; Place-names of Northumberland and Durham.; E. Ekwall; Dictionary of English Place-Names; A.D. Mills; Dictionary of English Place-Names
Shotley High Quarter,"Uncertain. Perhaps, 'pigeon wood/clearing', 'steep wood/clearing' or 'shooting wood/clearing'.","lēah Old English - A forest, wood, glade, clearing; (later) a pasture, meadow.; sceot Old English - A shooting; a rapid movement.; scēot Old English - A steep slope.; sceote Old English - A pigeon.",Mawer; Place-names of Northumberland and Durham.; E. Ekwall; Dictionary of English Place-Names; A.D. Mills; Dictionary of English Place-Names; Watts; Cambridge Dictionary of English Place-names
Shotley Low Quarter,"Uncertain. Perhaps, 'pigeon wood/clearing', 'steep wood/clearing' or 'shooting wood/clearing'.","lēah Old English - A forest, wood, glade, clearing; (later) a pasture, meadow.; sceot Old English - A shooting; a rapid movement.; scēot Old English - A steep slope.; sceote Old English - A pigeon.",A.D. Mills; Dictionary of English Place-Names; Mawer; Place-names of Northumberland and Durham.; E. Ekwall; Dictionary of English Place-Names; Watts; Cambridge Dictionary of English Place-names
Simonburn,"'Sigemund's stream'. It is thought that Simonburn was one of the castles built by Simon of Senlis, the last Saxon earl of Northumberland and grandson of Waltheof and that his personal name is preserved in the place-name.",burna Old English - A stream.; Personal name (Old English) Old English - Personal name,A.D. Mills; Dictionary of English Place-Names; Mawer; Place-names of Northumberland and Durham.; Watts; Cambridge Dictionary of English Place-names; E. Ekwall; Dictionary of English Place-Names
Slaley,'Muddy wood/clearing'.,"lēah Old English - A forest, wood, glade, clearing; (later) a pasture, meadow.; slæf Old English - Mud.",Mawer; Place-names of Northumberland and Durham.; E. Ekwall; Dictionary of English Place-Names; Watts; Cambridge Dictionary of English Place-names; A.D. Mills; Dictionary of English Place-Names
Smalesmouth,'Smale's mouth'.,"mūða Old English - The mouth of a large river, an estuary.; River-name Unknown - River-name",Mawer; Place-names of Northumberland and Durham.; E. Ekwall; Dictionary of English Place-Names; A.D. Mills; Dictionary of English Place-Names; Watts; Cambridge Dictionary of English Place-names
Snitter,"Uncertain. Perhaps, 'snipe shieling', although the ON aergi is an otherwise unknown element in Northumberland place-names. So, possibly, 'exposed/weather-beaten place'.","erg Old Norse - A shieling, a hill-pasture; a summer-pasture camp, a dairy or grazing out-station.; snīte Old English - A snipe.; sniteren Middle English - Exposed, weather-beaten.?",Mawer; Place-names of Northumberland and Durham.; A.D. Mills; Dictionary of English Place-Names; Watts; Cambridge Dictionary of English Place-names; E. Ekwall; Dictionary of English Place-Names
Spindlestone,'Spindle stone'.,"spinele Old English - A spindle; something resembling a spindle in shape.; stān Old English - A stone, stone, rock.",Mawer; Place-names of Northumberland and Durham.; E. Ekwall; Dictionary of English Place-Names; Watts; Cambridge Dictionary of English Place-names; A.D. Mills; Dictionary of English Place-Names
Spital,"Originally a township in Ovingham ancient parish, it was made a separate civil parish in 1866.",Obscure element Unknown - Obscure element,Mawer; Place-names of Northumberland and Durham.; E. Ekwall; Dictionary of English Place-Names; Watts; Cambridge Dictionary of English Place-names; A.D. Mills; Dictionary of English Place-Names
Spital Hill,"Originally a township in Mitford ancient parish, it was made a separate civil parish 1866.",Obscure element Unknown - Obscure element,E. Ekwall; Dictionary of English Place-Names; Mawer; Place-names of Northumberland and Durham.; A.D. Mills; Dictionary of English Place-Names; Watts; Cambridge Dictionary of English Place-names
Stamford,'Stone ford'.,"ford Old English - A ford.; stān Old English - A stone, stone, rock.",Watts; Cambridge Dictionary of English Place-names; E. Ekwall; Dictionary of English Place-Names; Mawer; Place-names of Northumberland and Durham.; A.D. Mills; Dictionary of English Place-Names
Stannington,"Probably, 'stony place farm/settlement', but perhaps 'stone road farm/settlement'. Spellings show influence of ON steinn, 'stone'.","stān Old English - A stone, stone, rock.; stāning Old English - A stony place.; tūn Old English - An enclosure; a farmstead; a village; an estate.; weg Old English - A road.",Mawer; Place-names of Northumberland and Durham.; Watts; Cambridge Dictionary of English Place-names; E. Ekwall; Dictionary of English Place-Names; A.D. Mills; Dictionary of English Place-Names
Stanton,'Stone farm/settlement'.,"stān Old English - A stone, stone, rock.; tūn Old English - An enclosure; a farmstead; a village; an estate.",A.D. Mills; Dictionary of English Place-Names; Watts; Cambridge Dictionary of English Place-names; Mawer; Place-names of Northumberland and Durham.; E. Ekwall; Dictionary of English Place-Names
Stelling,'Cattle shelter'.,stelling Old English,Watts; Cambridge Dictionary of English Place-names; A.D. Mills; Dictionary of English Place-Names; Mawer; Place-names of Northumberland and Durham.; E. Ekwall; Dictionary of English Place-Names
Stocksfield Hall,'Outlying farm's/settlement's open land'.,"feld Old English - Open country, unencumbered ground (eg. land without trees as opposed to forest, level ground as opposed to hills, land without buildings); arable land (from late tenth century).; stoc Old English - A place, a secondary settlement.",A.D. Mills; Dictionary of English Place-Names; Watts; Cambridge Dictionary of English Place-names; E. Ekwall; Dictionary of English Place-Names; Mawer; Place-names of Northumberland and Durham.
Sturton Grange,'Roman road farm/settlement' with the later addition of 'outlying grain farm'.,"grange Middle English - A grange; originally a granary, a barn; later a farm; also an outlying farm belonging to a religious house or a feudal lord, where crops were stored.; Place-name Unknown - Place-name",A.D. Mills; Dictionary of English Place-Names; Watts; Cambridge Dictionary of English Place-names; E. Ekwall; Dictionary of English Place-Names; Mawer; Place-names of Northumberland and Durham.
Styford,'Path ford'.,"ford Old English - A ford.; stīg Old English - A path, a narrow road.  (Especially an ascending path.)",A.D. Mills; Dictionary of English Place-Names; Mawer; Place-names of Northumberland and Durham.; E. Ekwall; Dictionary of English Place-Names; Watts; Cambridge Dictionary of English Place-names
Swarland,'Heavy land'.,land Old English - Land (as part of earth's surface); an estate; possibly also new arable area.  In minor and field names: strip in a field-system.; swǣr Old English - Heavy.,E. Ekwall; Dictionary of English Place-Names; Watts; Cambridge Dictionary of English Place-names; A.D. Mills; Dictionary of English Place-Names; Mawer; Place-names of Northumberland and Durham.
Sweethope,'Sweet valley'.,"hop Old English - A valley; a remote enclosed space; a piece of enclosed land in a fen; an enclosure in marsh or moor.; swēte Old English - Sweet, pure, pleasant.",Mawer; Place-names of Northumberland and Durham.; E. Ekwall; Dictionary of English Place-Names; Watts; Cambridge Dictionary of English Place-names; A.D. Mills; Dictionary of English Place-Names
Swinhoe,'Swine hill-spur'.,"hōh Old English - A heel; a sharply projecting piece of ground.; swīn Old English - A swine, a pig.",E. Ekwall; Dictionary of English Place-Names; A.D. Mills; Dictionary of English Place-Names; Mawer; Place-names of Northumberland and Durham.; Watts; Cambridge Dictionary of English Place-names
Tarset West,'Tir's fold'.,"Personal name (Old English) Old English - Personal name; set Old English - A dwelling, a camp, a place for animals, a stable, a fold.",A.D. Mills; Dictionary of English Place-Names; Mawer; Place-names of Northumberland and Durham.; Watts; Cambridge Dictionary of English Place-names; E. Ekwall; Dictionary of English Place-Names
Thirlwall,'Hole in the wall'.,"wall Old English; þyrel Old English - A hole, an opening.",E. Ekwall; Dictionary of English Place-Names; Mawer; Place-names of Northumberland and Durham.; A.D. Mills; Dictionary of English Place-Names; Watts; Cambridge Dictionary of English Place-names
Thockrington,"Perhaps, 'farm/settlement connected with Thocker'.","-ing- Old English - Connective particle, linking a first element to a final element.; Personal name (Old English) Old English - Personal name; tūn Old English - An enclosure; a farmstead; a village; an estate.",E. Ekwall; Dictionary of English Place-Names; Watts; Cambridge Dictionary of English Place-names; Mawer; Place-names of Northumberland and Durham.; A.D. Mills; Dictionary of English Place-Names
Thornbrough,'Thorn-tree mound/hill'.,berg Old English; þorn Old English - A hawthorn-tree.,Watts; Cambridge Dictionary of English Place-names; A.D. Mills; Dictionary of English Place-Names; Mawer; Place-names of Northumberland and Durham.; E. Ekwall; Dictionary of English Place-Names
Thorneyburn,'Stream overgrown with thorns'.,burna Old English - A stream.; þyrning Old English - A place growing with thorns.,E. Ekwall; Dictionary of English Place-Names; Watts; Cambridge Dictionary of English Place-names; Mawer; Place-names of Northumberland and Durham.; A.D. Mills; Dictionary of English Place-Names
Thorngrafton,'Hawthorn grove farm/settlement'.,"grāf Old English - A grove, a copse.; tūn Old English - An enclosure; a farmstead; a village; an estate.; þorn Old English - A hawthorn-tree.",Mawer; Place-names of Northumberland and Durham.; A.D. Mills; Dictionary of English Place-Names; Watts; Cambridge Dictionary of English Place-names; E. Ekwall; Dictionary of English Place-Names
Thornton,'Hawthorn-tree farm/settlement'.,tūn Old English - An enclosure; a farmstead; a village; an estate.; þorn Old English - A hawthorn-tree.,Mawer; Place-names of Northumberland and Durham.; A.D. Mills; Dictionary of English Place-Names; Watts; Cambridge Dictionary of English Place-names; E. Ekwall; Dictionary of English Place-Names
Throckley,"'Post wood/clearing', i.e., a place where they are obtained or 'Throcc's wood/clearing'. Alternatively, it may be more likely that the second element is 'mound/hill'.","hlāw Old English - A tumulus; a hill.; lēah Old English - A forest, wood, glade, clearing; (later) a pasture, meadow.; Personal name (Old English) Old English - Personal name; þroc Old English - A support, a post, a trestle; a drain.",E. Ekwall; Dictionary of English Place-Names; Mawer; Place-names of Northumberland and Durham.; A.D. Mills; Dictionary of English Place-Names; Watts; Cambridge Dictionary of English Place-names
Throphill,'Outlying hamlet hill'.,"hyll Old English - A hill, a natural eminence or elevated piece of ground.; þrop Old English - A hamlet, an outlying farm.",E. Ekwall; Dictionary of English Place-Names; Mawer; Place-names of Northumberland and Durham.; A.D. Mills; Dictionary of English Place-Names; Watts; Cambridge Dictionary of English Place-names
Thropton,'Farm/settlement with an outlying hamlet'.,"tūn Old English - An enclosure; a farmstead; a village; an estate.; þrop Old English - A hamlet, an outlying farm.",E. Ekwall; Dictionary of English Place-Names; A.D. Mills; Dictionary of English Place-Names; Watts; Cambridge Dictionary of English Place-names; Mawer; Place-names of Northumberland and Durham.
Titlington,'Farm/settlement connected with *Titel'.,"-ingtūn Old English - A settlement called after, or connected with . . .; Personal name (Old English) Old English - Personal name",A.D. Mills; Dictionary of English Place-Names; Watts; Cambridge Dictionary of English Place-names; Mawer; Place-names of Northumberland and Durham.; E. Ekwall; Dictionary of English Place-Names
Todburn,"Possibly, 'fox stream' or 'Tota's stream'.","burna Old English - A stream.; Personal name (Old English) Old English - Personal name; todd Old English - Brushwood, bushy growth; a fox.",A.D. Mills; Dictionary of English Place-Names; Watts; Cambridge Dictionary of English Place-names; Mawer; Place-names of Northumberland and Durham.; E. Ekwall; Dictionary of English Place-Names
Todridge,'Fox ridge'.,"hrycg Old English - A ridge.; todd Old English - Brushwood, bushy growth; a fox.",Mawer; Place-names of Northumberland and Durham.; A.D. Mills; Dictionary of English Place-Names; Watts; Cambridge Dictionary of English Place-names; E. Ekwall; Dictionary of English Place-Names
Togston,'*Tocg's valley'.,denu Old English - A valley.; Personal name (Old English) Old English - Personal name,E. Ekwall; Dictionary of English Place-Names; Mawer; Place-names of Northumberland and Durham.; Watts; Cambridge Dictionary of English Place-names; A.D. Mills; Dictionary of English Place-Names
Tosson,'Look-out stone'.,"stān Old English - A stone, stone, rock.; tōt Old English - A look-out.",Mawer; Place-names of Northumberland and Durham.; Watts; Cambridge Dictionary of English Place-names; E. Ekwall; Dictionary of English Place-Names; A.D. Mills; Dictionary of English Place-Names
Tranwell and High Church,'Cranes' spring/stream'. Obscure.,Obscure element Unknown - Obscure element; trani Old Norse - A crane (the bird).; wella Old English,E. Ekwall; Dictionary of English Place-Names; Mawer; Place-names of Northumberland and Durham.; A.D. Mills; Dictionary of English Place-Names; Watts; Cambridge Dictionary of English Place-names
Trewick,'Tree specialised-farm'.,"trēow Old English - A tree; a large piece of wood, a post, a beam.; wīc Old English - A dwelling; a building or collection of buildings for special purposes; a farm, a dairy farm; a trading or industrial settlement; or (in the plural) a hamlet, village.",Mawer; Place-names of Northumberland and Durham.; E. Ekwall; Dictionary of English Place-Names; A.D. Mills; Dictionary of English Place-Names; Watts; Cambridge Dictionary of English Place-names
Tritlington,'Farm/settlement connected with Tyrhtel'.,"-ingtūn Old English - A settlement called after, or connected with . . .; Personal name (Old English) Old English - Personal name",E. Ekwall; Dictionary of English Place-Names; Watts; Cambridge Dictionary of English Place-names; Mawer; Place-names of Northumberland and Durham.; A.D. Mills; Dictionary of English Place-Names
Troughend,Uncertain. A tentative explantion of 'white farm' has been ventured.,treβ C; wïnn C,Watts; Cambridge Dictionary of English Place-names; A.D. Mills; Dictionary of English Place-Names; Mawer; Place-names of Northumberland and Durham.; E. Ekwall; Dictionary of English Place-Names
Tughall,'Tucga's nook of land'.,"halh Old English - A nook of land; a small valley; dry ground in marsh; a piece of land projecting from, or detached from, the main area of its administrative unit.; Personal name (Old English) Old English - Personal name",E. Ekwall; Dictionary of English Place-Names; Mawer; Place-names of Northumberland and Durham.; Watts; Cambridge Dictionary of English Place-names; A.D. Mills; Dictionary of English Place-Names
Tweedmouth,'River Tweed's mouth'.,"mūða Old English - The mouth of a large river, an estuary.; River-name Unknown - River-name",Mawer; Place-names of Northumberland and Durham.; E. Ekwall; Dictionary of English Place-Names; A.D. Mills; Dictionary of English Place-Names; Watts; Cambridge Dictionary of English Place-names
Twizel,'River fork'.,"twisla Old English - The fork of a river, the junction of two streams.",Mawer; Place-names of Northumberland and Durham.; E. Ekwall; Dictionary of English Place-Names; A.D. Mills; Dictionary of English Place-Names; Watts; Cambridge Dictionary of English Place-names
Twizell,'River fork'.,"twisla Old English - The fork of a river, the junction of two streams.",Mawer; Place-names of Northumberland and Durham.; Watts; Cambridge Dictionary of English Place-names; E. Ekwall; Dictionary of English Place-Names; A.D. Mills; Dictionary of English Place-Names
Tynemouth,'River Tyne's mouth'.,"mūða Old English - The mouth of a large river, an estuary.; River-name Unknown - River-name",Watts; Cambridge Dictionary of English Place-names; Mawer; Place-names of Northumberland and Durham.; E. Ekwall; Dictionary of English Place-Names; A.D. Mills; Dictionary of English Place-Names
Ulgham,'Owl nook'.,"hwamm Old English - A corner, an angle (of a house, etc.), a porch.; ūle Old English - An owl.",A.D. Mills; Dictionary of English Place-Names; Watts; Cambridge Dictionary of English Place-names; E. Ekwall; Dictionary of English Place-Names; Mawer; Place-names of Northumberland and Durham.
Unthank,"'Thankless', although the exact sense of its use here is uncertain. It has been suggested that the soil here was poor or that this was a squatters' place.","unþanc Old English - Thanklessness, displeasure.",Watts; Cambridge Dictionary of English Place-names; A.D. Mills; Dictionary of English Place-Names; Mawer; Place-names of Northumberland and Durham.; E. Ekwall; Dictionary of English Place-Names
Walkmill,"Originally a township in Warkworth ancient parish, it was made a separate civil parish in 1866.",Obscure element Unknown - Obscure element,E. Ekwall; Dictionary of English Place-Names; Watts; Cambridge Dictionary of English Place-names; A.D. Mills; Dictionary of English Place-Names; Mawer; Place-names of Northumberland and Durham.
Wall,'Wall'.,wall Old English,Mawer; Place-names of Northumberland and Durham.; Watts; Cambridge Dictionary of English Place-names; E. Ekwall; Dictionary of English Place-Names; A.D. Mills; Dictionary of English Place-Names
Wallbottle,"'Wall building', ie., Hadrian's wall.","bōðl Old English - A dwelling, a dwelling-place, a house.; wall Old English",A.D. Mills; Dictionary of English Place-Names; Watts; Cambridge Dictionary of English Place-names; E. Ekwall; Dictionary of English Place-Names; Mawer; Place-names of Northumberland and Durham.
Wallington Demense,"Uncertain. Perhaps, 'farm/settlement connected with We(a)lh' or 'farm/settlement connected with the Britons'.","-ing- Old English - Connective particle, linking a first element to a final element.; -ingas Old English - The people of . . . ; the people called after . . .; demeyn Middle English - A demesne.; Personal name (Old English) Old English - Personal name; walh Old English",E. Ekwall; Dictionary of English Place-Names; Mawer; Place-names of Northumberland and Durham.; A.D. Mills; Dictionary of English Place-Names; Watts; Cambridge Dictionary of English Place-names
Wallridge,"Originally a township in Stamfordham ancient parish, it was made a separate civil parish in 1866.",Obscure element Unknown - Obscure element,E. Ekwall; Dictionary of English Place-Names; Mawer; Place-names of Northumberland and Durham.; A.D. Mills; Dictionary of English Place-Names; Watts; Cambridge Dictionary of English Place-names
Wallsend,"'Wall's end'. This was the location of the Roman fort called Segedunum, 'strong fortification' or 'victory fortification'.","ende Old English - An end; the end of something, the end of an estate, a district or quarter of a village or town.; wall Old English",A.D. Mills; Dictionary of English Place-Names; Rivet & Smith; Place-names of Roman Britain; Mawer; Place-names of Northumberland and Durham.; Watts; Cambridge Dictionary of English Place-names; E. Ekwall; Dictionary of English Place-Names
Walltown,'Wall town'.,"toun Middle English - A township, a community.; wall Old English",E. Ekwall; Dictionary of English Place-Names; Mawer; Place-names of Northumberland and Durham.; A.D. Mills; Dictionary of English Place-Names; Watts; Cambridge Dictionary of English Place-names
Warden,'Watch hill'.,"dūn Old English - A hill.; weard Old English - Watch, ward, protection.",Mawer; Place-names of Northumberland and Durham.; E. Ekwall; Dictionary of English Place-Names; Watts; Cambridge Dictionary of English Place-names; A.D. Mills; Dictionary of English Place-Names
Warenford,'Warren Burn ford'.,burna Old English - A stream.; River-name Unknown - River-name,A.D. Mills; Dictionary of English Place-Names; Watts; Cambridge Dictionary of English Place-names; E. Ekwall; Dictionary of English Place-Names; Mawer; Place-names of Northumberland and Durham.
Warenton,'Warren Burn farm/settlement'.,River-name Unknown - River-name; tūn Old English - An enclosure; a farmstead; a village; an estate.,A.D. Mills; Dictionary of English Place-Names; Watts; Cambridge Dictionary of English Place-names; Mawer; Place-names of Northumberland and Durham.; E. Ekwall; Dictionary of English Place-Names
Wark,'Fortification'.,"weorc Old English - A work, a building structure; a fortification.",Mawer; Place-names of Northumberland and Durham.; A.D. Mills; Dictionary of English Place-Names; Watts; Cambridge Dictionary of English Place-names; E. Ekwall; Dictionary of English Place-Names
Warkworth,"'*Weorca's enclosure' or perhaps, '*Weorce's enclosure', a feminine personal name.",Personal name (Old English) Old English - Personal name; worð Old English - An enclosure.,A.D. Mills; Dictionary of English Place-Names; Watts; Cambridge Dictionary of English Place-names; Mawer; Place-names of Northumberland and Durham.; E. Ekwall; Dictionary of English Place-Names
Warton,'Watch farm/settlement'.,"tūn Old English - An enclosure; a farmstead; a village; an estate.; weard Old English - Watch, ward, protection.",E. Ekwall; Dictionary of English Place-Names; Mawer; Place-names of Northumberland and Durham.; Watts; Cambridge Dictionary of English Place-names; A.D. Mills; Dictionary of English Place-Names
Wellhaugh,"Either, 'spring/stream nook of land' or 'spring/stream enclosure'.","haga Old English - A hedge; an enclosure; later a messuage, property.; halh Old English - A nook of land; a small valley; dry ground in marsh; a piece of land projecting from, or detached from, the main area of its administrative unit.; wella Old English",A.D. Mills; Dictionary of English Place-Names; Mawer; Place-names of Northumberland and Durham.; Watts; Cambridge Dictionary of English Place-names; E. Ekwall; Dictionary of English Place-Names
Welton,"Uncertain. The first element could be a stream-name, '*Welte'. Alternatively, '*Wealta's valley'.",denu Old English - A valley.; Personal name (Old English) Old English - Personal name; River-name Unknown - River-name,Watts; Cambridge Dictionary of English Place-names; A.D. Mills; Dictionary of English Place-Names; E. Ekwall; Dictionary of English Place-Names; Mawer; Place-names of Northumberland and Durham.
West Whelpington,"Probably, 'farm/settlement connected with Hwelp'.","-ingtūn Old English - A settlement called after, or connected with . . .; Personal name (Old English) Old English - Personal name",E. Ekwall; Dictionary of English Place-Names; Mawer; Place-names of Northumberland and Durham.; Watts; Cambridge Dictionary of English Place-names; A.D. Mills; Dictionary of English Place-Names
Westnewton,'New farm/settlement'.,"nīwe Old English - New.; tūn Old English - An enclosure; a farmstead; a village; an estate.; west Old English - Western, west.",Watts; Cambridge Dictionary of English Place-names; Mawer; Place-names of Northumberland and Durham.; E. Ekwall; Dictionary of English Place-Names; A.D. Mills; Dictionary of English Place-Names
Whalton,'Round-hill farm/settlement'.,hwæl Old English - A hill.; tūn Old English - An enclosure; a farmstead; a village; an estate.,Watts; Cambridge Dictionary of English Place-names; E. Ekwall; Dictionary of English Place-Names; A.D. Mills; Dictionary of English Place-Names; Mawer; Place-names of Northumberland and Durham.
Whitchester,'White Roman fort'.,"ceaster Old English - A city; an old fortification; a Roman site.; hwīt Old English - White; in early Modern English sometimes ""infertile"" in contrast with black, ""fertile"".",A.D. Mills; Dictionary of English Place-Names; E. Ekwall; Dictionary of English Place-Names; Mawer; Place-names of Northumberland and Durham.; Watts; Cambridge Dictionary of English Place-names
Whitfield,'White open land'.,"feld Old English - Open country, unencumbered ground (eg. land without trees as opposed to forest, level ground as opposed to hills, land without buildings); arable land (from late tenth century).; hwīt Old English - White; in early Modern English sometimes ""infertile"" in contrast with black, ""fertile"".",E. Ekwall; Dictionary of English Place-Names; Watts; Cambridge Dictionary of English Place-names; A.D. Mills; Dictionary of English Place-Names; Mawer; Place-names of Northumberland and Durham.
Whitley,'White wood/clearing'.,"hwīt Old English - White; in early Modern English sometimes ""infertile"" in contrast with black, ""fertile"".; lēah Old English - A forest, wood, glade, clearing; (later) a pasture, meadow.",Watts; Cambridge Dictionary of English Place-names; E. Ekwall; Dictionary of English Place-Names; A.D. Mills; Dictionary of English Place-Names; Mawer; Place-names of Northumberland and Durham.
Whitridge,"Originally a township in Hartburn ancient parish, it was made a separate civil parish in 1866.",Obscure element Unknown - Obscure element,A.D. Mills; Dictionary of English Place-Names; Watts; Cambridge Dictionary of English Place-names; E. Ekwall; Dictionary of English Place-Names; Mawer; Place-names of Northumberland and Durham.
Whittingham,'Homestead/village of Hwita's people' or 'homestead/village at Hwita's place'.,"-ing- Old English - Connective particle, linking a first element to a final element.; -ingas Old English - The people of . . . ; the people called after . . .; hām Old English - A village, a village community, a manor, an estate, a homestead.; Personal name (Old English) Old English - Personal name",Mawer; Place-names of Northumberland and Durham.; A.D. Mills; Dictionary of English Place-Names; E. Ekwall; Dictionary of English Place-Names; Watts; Cambridge Dictionary of English Place-names
Whittle,'White hill'.,"hwīt Old English - White; in early Modern English sometimes ""infertile"" in contrast with black, ""fertile"".; hyll Old English - A hill, a natural eminence or elevated piece of ground.",A.D. Mills; Dictionary of English Place-Names; Watts; Cambridge Dictionary of English Place-names; Mawer; Place-names of Northumberland and Durham.; E. Ekwall; Dictionary of English Place-Names
Whittle,'White hill'.,"hwīt Old English - White; in early Modern English sometimes ""infertile"" in contrast with black, ""fertile"".; hyll Old English - A hill, a natural eminence or elevated piece of ground.",E. Ekwall; Dictionary of English Place-Names; Mawer; Place-names of Northumberland and Durham.; Watts; Cambridge Dictionary of English Place-names; A.D. Mills; Dictionary of English Place-Names
Whitton,"'Hwita's farm/settlement' or perhaps, 'white farm/settlement'.","hwīt Old English - White; in early Modern English sometimes ""infertile"" in contrast with black, ""fertile"".; Personal name (Old English) Old English - Personal name; tūn Old English - An enclosure; a farmstead; a village; an estate.",Watts; Cambridge Dictionary of English Place-names; A.D. Mills; Dictionary of English Place-Names; Mawer; Place-names of Northumberland and Durham.; E. Ekwall; Dictionary of English Place-Names
Whittonstall,'Quickset hedge farmstead'.,"cwic Old English - A quickset hedge.; tūn-stall Old English - The site of a farm, a farmstead.",Watts; Cambridge Dictionary of English Place-names; A.D. Mills; Dictionary of English Place-Names; Mawer; Place-names of Northumberland and Durham.; E. Ekwall; Dictionary of English Place-Names
Whorlton,"'Circle farm/settlement', probably referring to some rounded or circular topographical feature.",hwerfel Old English; tūn Old English - An enclosure; a farmstead; a village; an estate.,Mawer; Place-names of Northumberland and Durham.; A.D. Mills; Dictionary of English Place-Names; Watts; Cambridge Dictionary of English Place-names; E. Ekwall; Dictionary of English Place-Names
Widdrington,'Farm/settlement connected with *Widuhere'.,"-ingtūn Old English - A settlement called after, or connected with . . .; Personal name (Old English) Old English - Personal name",E. Ekwall; Dictionary of English Place-Names; Watts; Cambridge Dictionary of English Place-names; A.D. Mills; Dictionary of English Place-Names; Mawer; Place-names of Northumberland and Durham.
Wingates,'Windy gap'.,wind-geat Old English - A windy gap.,Mawer; Place-names of Northumberland and Durham.; A.D. Mills; Dictionary of English Place-Names; E. Ekwall; Dictionary of English Place-Names; Watts; Cambridge Dictionary of English Place-names
Witton Shields,"Originally, 'shielings' with the later addition of the place-name Witton.",Place-name Unknown - Place-name; scēla Old English,Watts; Cambridge Dictionary of English Place-names; Mawer; Place-names of Northumberland and Durham.; E. Ekwall; Dictionary of English Place-Names; A.D. Mills; Dictionary of English Place-Names
Woodhorn,'Wooded horn-shaped piece of land'.,"horn Old English - A horn; something shaped like a horn; a hornlike projection on a building; a projecting piece of land, esp. formed in a river-bend; a projecting headland; a horn-shaped hill.; wudu Old English - A wood; or wood, timber.",Mawer; Place-names of Northumberland and Durham.; A.D. Mills; Dictionary of English Place-Names; Watts; Cambridge Dictionary of English Place-names; E. Ekwall; Dictionary of English Place-Names
Woodhouse,"Originally a township in Shilbottle ancient parish, it was made a separate civil parish in 1866.",Obscure element Unknown - Obscure element,E. Ekwall; Dictionary of English Place-Names; A.D. Mills; Dictionary of English Place-Names; Watts; Cambridge Dictionary of English Place-names; Mawer; Place-names of Northumberland and Durham.
Wooler,'Spring/stream ridge'.,"ofer Old English - The tip of a promontory, a flat-topped ridge.; wella Old English",Watts; Cambridge Dictionary of English Place-names; E. Ekwall; Dictionary of English Place-Names; A.D. Mills; Dictionary of English Place-Names; Mawer; Place-names of Northumberland and Durham.
Woolsington,'Farm/settlement connected with Wulfsige'.,"-ingtūn Old English - A settlement called after, or connected with . . .; Personal name (Old English) Old English - Personal name",Mawer; Place-names of Northumberland and Durham.; A.D. Mills; Dictionary of English Place-Names; E. Ekwall; Dictionary of English Place-Names; Watts; Cambridge Dictionary of English Place-names
Wooperton,"Uncertain. Perhaps, 'temple-mount valley' but this is a very tentative explanation. The generic was early confused with OE dun, 'hill'.",berg Old English; denu Old English - A valley.; wēoh Old English - Holy.,Watts; Cambridge Dictionary of English Place-names; A.D. Mills; Dictionary of English Place-Names; Mawer; Place-names of Northumberland and Durham.; E. Ekwall; Dictionary of English Place-Names
Wreighill,'Felon hill'.,"hyll Old English - A hill, a natural eminence or elevated piece of ground.; wearg Old English - A felon, a criminal, an outlaw.",Mawer; Place-names of Northumberland and Durham.; E. Ekwall; Dictionary of English Place-Names; A.D. Mills; Dictionary of English Place-Names; Watts; Cambridge Dictionary of English Place-names
Wylam,'At the traps'.,"wīl Old English - A wile, a trick; used of a gin, a trap, a snare.",E. Ekwall; Dictionary of English Place-Names; Watts; Cambridge Dictionary of English Place-names; A.D. Mills; Dictionary of English Place-Names; Mawer; Place-names of Northumberland and Durham.
Yeavering,'Goat hill'.,brïnn C; gavr C,A.D. Mills; Dictionary of English Place-Names; Watts; Cambridge Dictionary of English Place-names; E. Ekwall; Dictionary of English Place-Names; Mawer; Place-names of Northumberland and Durham.
