PlaceName,Etymology,Derivation,ReferenceTitle
Adwell,'Ead(d)a's spring/stream'.,Personal name (Old English) Old English - Personal name; wella Old English,E. Ekwall; Dictionary of English Place-Names; Watts; Cambridge Dictionary of English Place-names; Gelling; Place-names of Oxfordshire; A.D. Mills; Dictionary of English Place-Names
Alkerton,'Farm/settlement connected with Ealhhere'.,"-ingtūn Old English - A settlement called after, or connected with . . .; Personal name (Old English) Old English - Personal name",A.D. Mills; Dictionary of English Place-Names; Gelling; Place-names of Oxfordshire; E. Ekwall; Dictionary of English Place-Names; Watts; Cambridge Dictionary of English Place-names
Alvescot,'Aelfheah's cottage'.,"cot Old English - A cottage, a hut, a shelter, a den.; Personal name (Old English) Old English - Personal name",E. Ekwall; Dictionary of English Place-Names; A.D. Mills; Dictionary of English Place-Names; Gelling; Place-names of Oxfordshire; Watts; Cambridge Dictionary of English Place-names
Ambrosden,"Uncertain. '*Ambre's hill' or perhaps, 'bunting hill'.",amore Old English - A bird; probably the bunting or the yellow hammer.; dūn Old English - A hill.; Personal name (Old English) Old English - Personal name,Gelling; Place-names of Oxfordshire; A.D. Mills; Dictionary of English Place-Names; E. Ekwall; Dictionary of English Place-Names; Watts; Cambridge Dictionary of English Place-names
Ardley,'Eardwulf's wood/clearing'.,"lēah Old English - A forest, wood, glade, clearing; (later) a pasture, meadow.; Personal name (Old English) Old English - Personal name",Watts; Cambridge Dictionary of English Place-names; Gelling; Place-names of Oxfordshire; A.D. Mills; Dictionary of English Place-Names; E. Ekwall; Dictionary of English Place-Names
Arncott,'Cottages connected with *Earna'.,"-ing- Old English - Connective particle, linking a first element to a final element.; cot Old English - A cottage, a hut, a shelter, a den.; Personal name (Old English) Old English - Personal name",A.D. Mills; Dictionary of English Place-Names; E. Ekwall; Dictionary of English Place-Names; Gelling; Place-names of Oxfordshire; Watts; Cambridge Dictionary of English Place-names
Ascot under Wychwood,'East cottages' under Wychwood.,"cot Old English - A cottage, a hut, a shelter, a den.; ēast Old English - Eastern, east.; Place-name Unknown - Place-name",Gelling; Place-names of Oxfordshire; A.D. Mills; Dictionary of English Place-Names; E. Ekwall; Dictionary of English Place-Names; Watts; Cambridge Dictionary of English Place-names
Ascott,'East cottage(s)'.,"cot Old English - A cottage, a hut, a shelter, a den.; ēast Old English - Eastern, east.",Watts; Cambridge Dictionary of English Place-names; E. Ekwall; Dictionary of English Place-Names; Gelling; Place-names of Oxfordshire; A.D. Mills; Dictionary of English Place-Names
Asthall,'East nook(s) of land'.,"ēast Old English - Eastern, east.; halh Old English - A nook of land; a small valley; dry ground in marsh; a piece of land projecting from, or detached from, the main area of its administrative unit.",A.D. Mills; Dictionary of English Place-Names; E. Ekwall; Dictionary of English Place-Names; Watts; Cambridge Dictionary of English Place-names; Gelling; Place-names of Oxfordshire
Aston and Cote,'East farm/settlement'. 'Cottage(s)'.,"cot Old English - A cottage, a hut, a shelter, a den.; ēast Old English - Eastern, east.; tūn Old English - An enclosure; a farmstead; a village; an estate.",Gelling; Place-names of Oxfordshire; A.D. Mills; Dictionary of English Place-Names; E. Ekwall; Dictionary of English Place-Names; Watts; Cambridge Dictionary of English Place-names
Aston Rowant,'East farm/settlement'. Rowald ('Rowant') de Eston held land here in the mid-13th century.,"ēast Old English - Eastern, east.; tūn Old English - An enclosure; a farmstead; a village; an estate.",Watts; Cambridge Dictionary of English Place-names; E. Ekwall; Dictionary of English Place-Names; Gelling; Place-names of Oxfordshire; A.D. Mills; Dictionary of English Place-Names
Attington,'Eatta's hill'.,dūn Old English - A hill.; Personal name (Old English) Old English - Personal name,Gelling; Place-names of Oxfordshire; Watts; Cambridge Dictionary of English Place-names; E. Ekwall; Dictionary of English Place-Names; A.D. Mills; Dictionary of English Place-Names
Badgemore,"'Baecga's moor'. Originally, 'Baecga's ridge' but this was replaced by the 18th century.","hrycg Old English - A ridge.; mere Old English - A pond, a pool, a lake.; mōr Old English - A marsh, barren upland.; Personal name (Old English) Old English - Personal name",Gelling; Place-names of Oxfordshire; A.D. Mills; Dictionary of English Place-Names; E. Ekwall; Dictionary of English Place-Names; Watts; Cambridge Dictionary of English Place-names
Bagley Wood,"Probably, 'Bacga's wood/clearing' but it has also been suggested that an OE *bacga might have referred to a wild animal, perhaps a 'badger'.","bagge Middle English - A bag; a badger.; lēah Old English - A forest, wood, glade, clearing; (later) a pasture, meadow.; Personal name (Old English) Old English - Personal name",Gelling; Place-names of Berkshire; Watts; Cambridge Dictionary of English Place-names; A.D. Mills; Dictionary of English Place-Names; E. Ekwall; Dictionary of English Place-Names
Bampton,"Perhaps, 'beam farm/settlement', ie., made of beams or possibly, 'tree farm/settlement', indicating it was near a prominent tree. The hundred is called after Bampton, but the site of the meeting-place is unknown.",bēam Old English - A tree; the cross on which Christ was crucified; a beam of timber.; hundred Old English - One hundred; an administrative division of a county.; tūn Old English - An enclosure; a farmstead; a village; an estate.,Gelling; Place-names of Oxfordshire; A.D. Mills; Dictionary of English Place-Names; E. Ekwall; Dictionary of English Place-Names; Watts; Cambridge Dictionary of English Place-names; Anderson (unspecified work)
Banbury,'*Banna's fortification'. The hundred of Banbury comprised three portions all annexed to the Bishop of Lincoln's manor of Banbury. The location of the meeting-place is unknown.,burh Old English - A fortified place.; hundred Old English - One hundred; an administrative division of a county.; Personal name (Old English) Old English - Personal name,E. Ekwall; Dictionary of English Place-Names; Watts; Cambridge Dictionary of English Place-names; A.D. Mills; Dictionary of English Place-Names; Gelling; Place-names of Oxfordshire; Anderson (unspecified work)
Barford St John and St Michael,'Barley ford'. Churches were dedicated to St John and St Michael here.,bere Old English - Barley.; ford Old English - A ford.; Saint's Name Unknown - Saint's name.,Watts; Cambridge Dictionary of English Place-names; Gelling; Place-names of Oxfordshire; A.D. Mills; Dictionary of English Place-Names; E. Ekwall; Dictionary of English Place-Names
Beckley and Stowood,'Becca's wood/clearing'. 'Stone wood',"lēah Old English - A forest, wood, glade, clearing; (later) a pasture, meadow.; Personal name (Old English) Old English - Personal name; stān Old English - A stone, stone, rock.; wudu Old English - A wood; or wood, timber.",Watts; Cambridge Dictionary of English Place-names; Gelling; Place-names of Oxfordshire; A.D. Mills; Dictionary of English Place-Names; E. Ekwall; Dictionary of English Place-Names
Begbroke,'Becca's brook'.,"brōc Old English - A brook, a stream.  (Used of a stream with a muddy bed and a visible sediment load.); Personal name (Old English) Old English - Personal name",Watts; Cambridge Dictionary of English Place-names; E. Ekwall; Dictionary of English Place-Names; Gelling; Place-names of Oxfordshire; A.D. Mills; Dictionary of English Place-Names
Benson,"'Farm/settlement connected with *Benesa'. The royal manor of Benson gave its name to the Domesday half-hundred, which later became the Ewelme hundred (see entry). The meeting-place was probably somewhere in Ewelme.","-ingtūn Old English - A settlement called after, or connected with . . .; hundred Old English - One hundred; an administrative division of a county.; Personal name (Old English) Old English - Personal name",A.D. Mills; Dictionary of English Place-Names; E. Ekwall; Dictionary of English Place-Names; Anderson (unspecified work); Gelling; Place-names of Oxfordshire; Watts; Cambridge Dictionary of English Place-names
Berrick Salome,'Barley hamlet/farm' or 'outlying hamlet/farm'. Connected with the family of Almaric de Suleham in the 13th century.,"bere-wīc Old English - A barley farm; a grange, an outlying or demesne farm.",Watts; Cambridge Dictionary of English Place-names; A.D. Mills; Dictionary of English Place-Names; E. Ekwall; Dictionary of English Place-Names; Gelling; Place-names of Oxfordshire
Bicester,'Warriors' fortification' or 'Beorna's fortification'.,"beorn Old English - A hero, a warrior.; ceaster Old English - A city; an old fortification; a Roman site.; Personal name (Old English) Old English - Personal name",Watts; Cambridge Dictionary of English Place-names; E. Ekwall; Dictionary of English Place-Names; A.D. Mills; Dictionary of English Place-Names; Gelling; Place-names of Oxfordshire
Binfield Hundred,"Probably, 'bent-grass field'. The names survives as Binfield Heath, which was probably the site of the meeting-place, although its exact location is unknown.","beonet Old English - Bent grass.; feld Old English - Open country, unencumbered ground (eg. land without trees as opposed to forest, level ground as opposed to hills, land without buildings); arable land (from late tenth century).; hundred Old English - One hundred; an administrative division of a county.",Anderson (unspecified work); Gelling; Place-names of Oxfordshire
Binsey,'Byni's island'.,"ēg Old English - An island.  In ancient settlement-names, most frequently refers to dry ground surrounded by marsh.  Also used of islands in modern sense.  In late OE names: well-watered land.; Personal name (Old English) Old English - Personal name",Watts; Cambridge Dictionary of English Place-names; E. Ekwall; Dictionary of English Place-Names; A.D. Mills; Dictionary of English Place-Names; Gelling; Place-names of Oxfordshire
Bix,'Box-tree'.,byxe Old English - A box-tree; a box-thicket.,Watts; Cambridge Dictionary of English Place-names; Gelling; Place-names of Oxfordshire; A.D. Mills; Dictionary of English Place-Names; E. Ekwall; Dictionary of English Place-Names
Black Bourton,'Fortified farm/settlement'. 'Black' because the Austin Canons of Osney Abbey who worked the manor farm wore black habits.,"burh-tūn Old English - A fort enclosure; a farm with a palisade; a farm at, or belonging to, or which is, a fortification, fortified house, or manorhouse.",E. Ekwall; Dictionary of English Place-Names; Watts; Cambridge Dictionary of English Place-names; Gelling; Place-names of Oxfordshire; A.D. Mills; Dictionary of English Place-Names
Blackthorn,'The black-thorn'.,"blæc-þorn Old English - The black-thorn, the sloe.",Watts; Cambridge Dictionary of English Place-names; E. Ekwall; Dictionary of English Place-Names; Gelling; Place-names of Oxfordshire; A.D. Mills; Dictionary of English Place-Names
Bladon,"Originally, the name of the River Evenlode.",River-name Unknown - River-name,Gelling; Place-names of Oxfordshire; E. Ekwall; Dictionary of English Place-Names; Watts; Cambridge Dictionary of English Place-names; A.D. Mills; Dictionary of English Place-Names
Blenheim Park,Called after the Duke of Marlborough's 1704 victory over the French and Bavarians at Blindheim near Dilligen in Bavaran Swabia.,Place-name Unknown - Place-name,Watts; Cambridge Dictionary of English Place-names; E. Ekwall; Dictionary of English Place-Names; Gelling; Place-names of Oxfordshire; A.D. Mills; Dictionary of English Place-Names
Bletchingdon,'*Blecci's hill'.,dūn Old English - A hill.; Personal name (Old English) Old English - Personal name,Watts; Cambridge Dictionary of English Place-names; E. Ekwall; Dictionary of English Place-Names; Gelling; Place-names of Oxfordshire; A.D. Mills; Dictionary of English Place-Names
Bloxham,"'*Blocc's homestead/village'. In Domesday, the modern hundred of Bloxham contained two hundreds which were annexed to the royal manor of Bloxham and Adderbury. The site of the meeting-place is unknown.","hām Old English - A village, a village community, a manor, an estate, a homestead.; hundred Old English - One hundred; an administrative division of a county.; Personal name (Old English) Old English - Personal name",Anderson (unspecified work); Watts; Cambridge Dictionary of English Place-names; E. Ekwall; Dictionary of English Place-Names; Gelling; Place-names of Oxfordshire; A.D. Mills; Dictionary of English Place-Names
Bodicote,'Cottage(s) connected with Boda'.,"-ing- Old English - Connective particle, linking a first element to a final element.; cot Old English - A cottage, a hut, a shelter, a den.; Personal name (Old English) Old English - Personal name",Gelling; Place-names of Oxfordshire; A.D. Mills; Dictionary of English Place-Names; E. Ekwall; Dictionary of English Place-Names; Watts; Cambridge Dictionary of English Place-names
Brighthampton,"'Farm/settlement connected with Brihthelm'. Later, simply 'Brihthelm's farm/settlement' suggesting perhaps a change from an 'association' to 'possession'.","-ingtūn Old English - A settlement called after, or connected with . . .; Personal name (Old English) Old English - Personal name",A.D. Mills; Dictionary of English Place-Names; E. Ekwall; Dictionary of English Place-Names; Watts; Cambridge Dictionary of English Place-names; Gelling; Place-names of Oxfordshire
Brightwell Baldwin,'Bright/clear spring/stream'. It was granted to Sir Baldwin de Bereford in 1373.,"beorht Old English - Bright, clear.; wella Old English",E. Ekwall; Dictionary of English Place-Names; A.D. Mills; Dictionary of English Place-Names; Gelling; Place-names of Oxfordshire; Watts; Cambridge Dictionary of English Place-names
Britwell Salome and Prior,"Uncertain. Possibly, 'Britons' spring/stream' or perhaps, OE wella added to a stream-name. Cf. Britford, Wiltshire. One manor was held by the family of Almaric de Suleham in the 13th century, the other by the Prior of Christchurch, Canterbury.","Bryt Old English - Briton; brytta Old English - Giver, prince, lord.; Stream-Name Unknown - Stream-name.; wella Old English",A.D. Mills; Dictionary of English Place-Names; E. Ekwall; Dictionary of English Place-Names; Gelling; Place-names of Oxfordshire; Watts; Cambridge Dictionary of English Place-names
Brize Norton,'North farm/settlement'. The place was associated with William le Brun in 1200.,"norð Old English - Northern, north.; tūn Old English - An enclosure; a farmstead; a village; an estate.",Gelling; Place-names of Oxfordshire; A.D. Mills; Dictionary of English Place-Names; E. Ekwall; Dictionary of English Place-Names; Watts; Cambridge Dictionary of English Place-names
Broadwell,'Broad spring/stream'.,"brād Old English - Broad, spacious, wide, large.; wella Old English",A.D. Mills; Dictionary of English Place-Names; E. Ekwall; Dictionary of English Place-Names; Gelling; Place-names of Oxfordshire; Watts; Cambridge Dictionary of English Place-names
Broughton,'Brook farm/settlement'.,"brōc Old English - A brook, a stream.  (Used of a stream with a muddy bed and a visible sediment load.); tūn Old English - An enclosure; a farmstead; a village; an estate.",Watts; Cambridge Dictionary of English Place-names; E. Ekwall; Dictionary of English Place-Names; A.D. Mills; Dictionary of English Place-Names; Gelling; Place-names of Oxfordshire
Broughton Poggs,'Brook farm/settlement'. Land in the area was connected to Sir Robert Pugeys.,"brōc Old English - A brook, a stream.  (Used of a stream with a muddy bed and a visible sediment load.); tūn Old English - An enclosure; a farmstead; a village; an estate.",Watts; Cambridge Dictionary of English Place-names; E. Ekwall; Dictionary of English Place-Names; Gelling; Place-names of Oxfordshire; A.D. Mills; Dictionary of English Place-Names
Bruern,Uncertain. 'Heath' or 'brewery'.,"brēow-ærn Old English - A brew-house.; bruiere Old French - Heath, heathland.",A.D. Mills; Dictionary of English Place-Names; E. Ekwall; Dictionary of English Place-Names; Watts; Cambridge Dictionary of English Place-names; Gelling; Place-names of Oxfordshire
Bucknell,"Either,'Bucca's hill' or 'buck hill'.","bucca Old English - A he-goat.; hyll Old English - A hill, a natural eminence or elevated piece of ground.; Personal name (Old English) Old English - Personal name",A.D. Mills; Dictionary of English Place-Names; E. Ekwall; Dictionary of English Place-Names; Gelling; Place-names of Oxfordshire; Watts; Cambridge Dictionary of English Place-names
Bullingdon Hundred,"Either, 'Bula's valley' or 'bull's valley'. The northern part of the modern hundred was a separate hundred called 'Shotteslawa' (which is not recorded in DB, nor after Richard I's reign). The traditional site of the meeting-place was 'Bullingdon Green'. T",bula Old English - A bull.; denu Old English - A valley.; hundred Old English - One hundred; an administrative division of a county.; Personal name (Old English) Old English - Personal name,Gelling; Place-names of Oxfordshire; Anderson (unspecified work)
Burcot,'Cottage(s) connected with Bryda'.,"-ing- Old English - Connective particle, linking a first element to a final element.; cot Old English - A cottage, a hut, a shelter, a den.; Personal name (Old English) Old English - Personal name",E. Ekwall; Dictionary of English Place-Names; A.D. Mills; Dictionary of English Place-Names; Gelling; Place-names of Oxfordshire; Watts; Cambridge Dictionary of English Place-names
Burford,'Ford at the fortification'.,burh Old English - A fortified place.; ford Old English - A ford.,Gelling; Place-names of Oxfordshire; A.D. Mills; Dictionary of English Place-Names; E. Ekwall; Dictionary of English Place-Names; Watts; Cambridge Dictionary of English Place-names
Cassington,'Cress farm/settlement'.,cærsen Old English - Growing with cress.; tūn Old English - An enclosure; a farmstead; a village; an estate.,Watts; Cambridge Dictionary of English Place-names; E. Ekwall; Dictionary of English Place-Names; Gelling; Place-names of Oxfordshire; A.D. Mills; Dictionary of English Place-Names
Caversfield,'*Cafhere's open land'.,"feld Old English - Open country, unencumbered ground (eg. land without trees as opposed to forest, level ground as opposed to hills, land without buildings); arable land (from late tenth century).; Personal name (Old English) Old English - Personal name",A.D. Mills; Dictionary of English Place-Names; Watts; Cambridge Dictionary of English Place-names; E. Ekwall; Dictionary of English Place-Names; Gelling; Place-names of Oxfordshire
Chadlington,"'Farm/settlement connected with *Ceadela'. The modern hundred of Chadlington corresponds to the three hundreds attached to the royal manor of Shipton in DB. Only one of these hundreds is mentioned by name, 'Chenewardberge' (1156). The other two are mentio","-ingtūn Old English - A settlement called after, or connected with . . .; hundred Old English - One hundred; an administrative division of a county.; Personal name (Old English) Old English - Personal name",Gelling; Place-names of Oxfordshire; A.D. Mills; Dictionary of English Place-Names; E. Ekwall; Dictionary of English Place-Names; Watts; Cambridge Dictionary of English Place-names; Anderson (unspecified work)
Chalgrove,'Chalk pit'.,"celce Old English; græf Old English - A digging, a grave, a pit, a trench.",Gelling; Place-names of Oxfordshire; A.D. Mills; Dictionary of English Place-Names; E. Ekwall; Dictionary of English Place-Names; Watts; Cambridge Dictionary of English Place-names
Charlbury,'Ceorl's fortification'.,"-ing- Old English - Connective particle, linking a first element to a final element.; burh Old English - A fortified place.; Personal name (Old English) Old English - Personal name",Gelling; Place-names of Oxfordshire; A.D. Mills; Dictionary of English Place-Names; E. Ekwall; Dictionary of English Place-Names; Watts; Cambridge Dictionary of English Place-names
Charlton on Otmoor,'Free peasants' farm/settlement' on '*Otta's moor'.,"ceorl Old English - A freeman of the lower class, a peasant.; mōr Old English - A marsh, barren upland.; Personal name (Old English) Old English - Personal name; tūn Old English - An enclosure; a farmstead; a village; an estate.",Watts; Cambridge Dictionary of English Place-names; E. Ekwall; Dictionary of English Place-Names; Gelling; Place-names of Oxfordshire; A.D. Mills; Dictionary of English Place-Names
Chastleton,"'Farm/settlement near a heap of stones', probably referring to the nearby Iron Age hill-fort of Chastleton Burrow Camp.",ceastel Old English - A heap.; tūn Old English - An enclosure; a farmstead; a village; an estate.,Gelling; Place-names of Oxfordshire; A.D. Mills; Dictionary of English Place-Names; E. Ekwall; Dictionary of English Place-Names; Watts; Cambridge Dictionary of English Place-names
Checkendon,"Uncertain. Either, 'Ceacca's valley' or 'hill valley'.","ceacce Old English - Probably a lump, applied to a hill.; denu Old English - A valley.; Personal name (Old English) Old English - Personal name",A.D. Mills; Dictionary of English Place-Names; E. Ekwall; Dictionary of English Place-Names; Watts; Cambridge Dictionary of English Place-names; Gelling; Place-names of Oxfordshire
Chenewardberge Hundred,"'Cyneward's hill/mound'. The name refers to a barrow called Kenners Barrow (aka Shipton Barrow), 1.5 miles south of Shipton under Wychwood parish.",hlāw Old English - A tumulus; a hill.; hundred Old English - One hundred; an administrative division of a county.; Personal name (Old English) Old English - Personal name,Gelling; Place-names of Oxfordshire; Anderson (unspecified work)
Chesterton,'Roman site farm/settlement'. It is situated just north of the Roman town of Alchester.,ceaster Old English - A city; an old fortification; a Roman site.; tūn Old English - An enclosure; a farmstead; a village; an estate.,Gelling; Place-names of Oxfordshire; A.D. Mills; Dictionary of English Place-Names; E. Ekwall; Dictionary of English Place-Names; Watts; Cambridge Dictionary of English Place-names
Chilworth,'Ceol(a)'s enclosure'.,Personal name (Old English) Old English - Personal name; worð Old English - An enclosure.,A.D. Mills; Dictionary of English Place-Names; E. Ekwall; Dictionary of English Place-Names; Gelling; Place-names of Oxfordshire; Watts; Cambridge Dictionary of English Place-names
Chimney,'*Ceomma's island'.,īeg Old English; Personal name (Uncertain) Unknown - Personal name,Watts; Cambridge Dictionary of English Place-names; Gelling; Place-names of Oxfordshire; A.D. Mills; Dictionary of English Place-Names; E. Ekwall; Dictionary of English Place-Names
Chinnor,'*Ceonna's hill-slope'.,"ōra Old English - A shore, hill-slope; possibly also the foot of a slope.  (Used in place-names only in the parts of southern England where Jutish and West Saxon dialects were operative.); Personal name (Old English) Old English - Personal name",Watts; Cambridge Dictionary of English Place-names; Gelling; Place-names of Oxfordshire; A.D. Mills; Dictionary of English Place-Names; E. Ekwall; Dictionary of English Place-Names
Chipping Norton,'North farm/settlement with a market'.,"cēping Old English; norð Old English - Northern, north.; tūn Old English - An enclosure; a farmstead; a village; an estate.",E. Ekwall; Dictionary of English Place-Names; Gelling; Place-names of Oxfordshire; Watts; Cambridge Dictionary of English Place-names; A.D. Mills; Dictionary of English Place-Names
Chippinghurst,"'*Cibba's wooded hill'. The specific has been replaced by 'Chipping' (OE cieping, 'market').",hyrst Old English - A wooded hill.; Personal name (Old English) Old English - Personal name,Gelling; Place-names of Oxfordshire; Watts; Cambridge Dictionary of English Place-names; E. Ekwall; Dictionary of English Place-Names; A.D. Mills; Dictionary of English Place-Names
Chislehampton,'Gravel home-farm'. This replaced an earlier 'at the high farm/settlement' from OE aet thaem hean tune.,"cisel Old English - Gravel, shingle.; hām-tūn Old English - A home farm.",Gelling; Place-names of Oxfordshire; E. Ekwall; Dictionary of English Place-Names; Watts; Cambridge Dictionary of English Place-names; A.D. Mills; Dictionary of English Place-Names
Churchill,'Church hill'.,"cirice Old English - A church.; hyll Old English - A hill, a natural eminence or elevated piece of ground.",Gelling; Place-names of Oxfordshire; A.D. Mills; Dictionary of English Place-Names; E. Ekwall; Dictionary of English Place-Names; Watts; Cambridge Dictionary of English Place-names
Clanfield,"'Clean open land', ie., a bare or smooth tract of land.","clǣne Old English - Clean, clear of weeds, etc.; feld Old English - Open country, unencumbered ground (eg. land without trees as opposed to forest, level ground as opposed to hills, land without buildings); arable land (from late tenth century).",A.D. Mills; Dictionary of English Place-Names; E. Ekwall; Dictionary of English Place-Names; Watts; Cambridge Dictionary of English Place-names; Gelling; Place-names of Oxfordshire
Clapcot,"Perhaps, 'hill cottages'. It has been suggested that the construction of Wallingford Castle may have destroyed the topographic feature associated with the cottages.","clopp Old English - A lump, a hillock, a hill.; cot Old English - A cottage, a hut, a shelter, a den.",Gelling; Place-names of Berkshire; A.D. Mills; Dictionary of English Place-Names; E. Ekwall; Dictionary of English Place-Names; Watts; Cambridge Dictionary of English Place-names
Claydon with Clattercote,'Clayey hill'.,"clǣgig Old English - Clayey.; clater Old English - Loose stones, a heap of boulders.; cot Old English - A cottage, a hut, a shelter, a den.; dūn Old English - A hill.",E. Ekwall; Dictionary of English Place-Names; Watts; Cambridge Dictionary of English Place-names; A.D. Mills; Dictionary of English Place-Names; Gelling; Place-names of Oxfordshire
Clifton Hampden,"'Cliff farm/settlement'. The is no known reference to a family called Hampden. The affix, which is not documented before 1836, may have been added under the influence of other local names ending in -hampton.","clif Old English - An escarpment, a hill-slope; a river-bank.; tūn Old English - An enclosure; a farmstead; a village; an estate.",Gelling; Place-names of Oxfordshire; E. Ekwall; Dictionary of English Place-Names; A.D. Mills; Dictionary of English Place-Names; Watts; Cambridge Dictionary of English Place-names
Cogges,"'Cogs', as the the cogs of a wheel. The reference is uncertain, but the element is sometimes used topographically of a hill.","cogg Old English - A cog-wheel, a mill; topographically a hill.",A.D. Mills; Dictionary of English Place-Names; Gelling; Place-names of Oxfordshire; E. Ekwall; Dictionary of English Place-Names; Watts; Cambridge Dictionary of English Place-names
Combe,'Valley'.,"cumb Old English - A coomb, a valley.  Possibly derived from Welsh ""cumm""; but possibly derived from OE ""cumb"" a vessel, cup, a small measure.",E. Ekwall; Dictionary of English Place-Names; Gelling; Place-names of Oxfordshire; Watts; Cambridge Dictionary of English Place-names; A.D. Mills; Dictionary of English Place-Names
Cornbury Park,'Crane fort' or 'heron fort'.,"burh Old English - A fortified place.; corn Old English - Corn, grain.",E. Ekwall; Dictionary of English Place-Names; A.D. Mills; Dictionary of English Place-Names; Gelling; Place-names of Oxfordshire; Watts; Cambridge Dictionary of English Place-names
Cornwell,'Crane spring/stream' or 'heron spring/stream'.,"corn Old English - Corn, grain.; wella Old English",E. Ekwall; Dictionary of English Place-Names; Gelling; Place-names of Oxfordshire; Watts; Cambridge Dictionary of English Place-names; A.D. Mills; Dictionary of English Place-Names
Cottisford,'*Cott's ford'.,ford Old English - A ford.; Personal name (Old English) Old English - Personal name,Watts; Cambridge Dictionary of English Place-names; E. Ekwall; Dictionary of English Place-Names; Gelling; Place-names of Oxfordshire; A.D. Mills; Dictionary of English Place-Names
Cowley,"Probably, '*Cufa's wood/clearing'.","lēah Old English - A forest, wood, glade, clearing; (later) a pasture, meadow.; Personal name (Old English) Old English - Personal name",E. Ekwall; Dictionary of English Place-Names; Gelling; Place-names of Oxfordshire; Watts; Cambridge Dictionary of English Place-names; A.D. Mills; Dictionary of English Place-Names
Crawley,'Crow wood/clearing'.,"crāwe Old English - A crow.; lēah Old English - A forest, wood, glade, clearing; (later) a pasture, meadow.",E. Ekwall; Dictionary of English Place-Names; Gelling; Place-names of Oxfordshire; Watts; Cambridge Dictionary of English Place-names; A.D. Mills; Dictionary of English Place-Names
Cropredy,"Uncertain. Perhaps, '*Croppa's small stream', 'small stream with water plants' or 'small stream near a hill'.","cropp Old English - The sprout or top of a plant, a bunch of blooms, a cluster of herbs; a swelling, mound, hill.; Personal name (Old English) Old English - Personal name; rīðig Old English - A small stream.",E. Ekwall; Dictionary of English Place-Names; Gelling; Place-names of Oxfordshire; A.D. Mills; Dictionary of English Place-Names; Watts; Cambridge Dictionary of English Place-names
Crowell,'Crow spring/stream'.,crāwe Old English - A crow.; wella Old English,Gelling; Place-names of Oxfordshire; A.D. Mills; Dictionary of English Place-Names; Watts; Cambridge Dictionary of English Place-names; E. Ekwall; Dictionary of English Place-Names
Crowmarsh,'Crow marsh'.,crāwe Old English - A crow.; mersc Old English - A marsh.,A.D. Mills; Dictionary of English Place-Names; Gelling; Place-names of Oxfordshire; E. Ekwall; Dictionary of English Place-Names; Watts; Cambridge Dictionary of English Place-names
Cuddesdon,'*Cuthen's hill'.,dūn Old English - A hill.; Personal name (Old English) Old English - Personal name,Gelling; Place-names of Oxfordshire; A.D. Mills; Dictionary of English Place-Names; E. Ekwall; Dictionary of English Place-Names; Watts; Cambridge Dictionary of English Place-names
Culham,'*Cula's hemmed-in land'. It is located at a bend in the River Thames.,hamm Old English - Land hemmed in by water or marsh (perhaps also by high ground); a river-meadow; cultivated plot on the edge of woodland or moor.; Personal name (Old English) Old English - Personal name,Watts; Cambridge Dictionary of English Place-names; E. Ekwall; Dictionary of English Place-Names; Gelling; Place-names of Oxfordshire; A.D. Mills; Dictionary of English Place-Names
Curbridge,'Creoda's bridge'.,brycg Old English - A bridge; a causeway.; Personal name (Old English) Old English - Personal name,Watts; Cambridge Dictionary of English Place-names; E. Ekwall; Dictionary of English Place-Names; Gelling; Place-names of Oxfordshire; A.D. Mills; Dictionary of English Place-Names
Cutteslowe,'Cuthen's/Cuthwine's burial-mound'.,hlāw Old English - A tumulus; a hill.; Personal name (Old English) Old English - Personal name,Watts; Cambridge Dictionary of English Place-names; Gelling; Place-names of Oxfordshire; A.D. Mills; Dictionary of English Place-Names; E. Ekwall; Dictionary of English Place-Names
Cuxham with Easington,'*Cuc's hemmed-land'.,dūn Old English - A hill.; hamm Old English - Land hemmed in by water or marsh (perhaps also by high ground); a river-meadow; cultivated plot on the edge of woodland or moor.; Personal name (Old English) Old English - Personal name,Watts; Cambridge Dictionary of English Place-names; E. Ekwall; Dictionary of English Place-Names; Gelling; Place-names of Oxfordshire; A.D. Mills; Dictionary of English Place-Names
Deddington,'Farm/settlement connected with Daeda'.,"-ingtūn Old English - A settlement called after, or connected with . . .; Personal name (Old English) Old English - Personal name",A.D. Mills; Dictionary of English Place-Names; Watts; Cambridge Dictionary of English Place-names; E. Ekwall; Dictionary of English Place-Names; Gelling; Place-names of Oxfordshire
Denton,'Valley farm/settlement'.,denu Old English - A valley.; tūn Old English - An enclosure; a farmstead; a village; an estate.,E. Ekwall; Dictionary of English Place-Names; Gelling; Place-names of Oxfordshire; Watts; Cambridge Dictionary of English Place-names; A.D. Mills; Dictionary of English Place-Names
Dorchester,"Possibly, 'Roman site called *Dorcic'. The origin and meaning of the first element are obscure. The hundred is named after Dorchester, but the site of the meeting-place is unknown.",ceaster Old English - A city; an old fortification; a Roman site.; hundred Old English - One hundred; an administrative division of a county.; Obscure element Unknown - Obscure element,Gelling; Place-names of Oxfordshire; A.D. Mills; Dictionary of English Place-Names; E. Ekwall; Dictionary of English Place-Names; Watts; Cambridge Dictionary of English Place-names; Anderson (unspecified work)
Draycott Hamlet,'Portage farm/settlement' or 'dragging-place farm/settlement'.,"cot Old English - A cottage, a hut, a shelter, a den.; dræg Old English - A drag, a portage, a slip-way; a dray, a sled.",Gelling; Place-names of Oxfordshire; A.D. Mills; Dictionary of English Place-Names; Watts; Cambridge Dictionary of English Place-names; E. Ekwall; Dictionary of English Place-Names
Drayton,'Portage farm/settlement' or 'dragging-place farm/settlement'.,"dræg Old English - A drag, a portage, a slip-way; a dray, a sled.; tūn Old English - An enclosure; a farmstead; a village; an estate.",A.D. Mills; Dictionary of English Place-Names; E. Ekwall; Dictionary of English Place-Names; Gelling; Place-names of Oxfordshire; Watts; Cambridge Dictionary of English Place-names
Drayton St Leonard,'Portage farm/settlement' or 'dragging-place farm/settlement'. 'St. Leonard' from the dedication of the church.,Saint's Name Unknown - Saint's name.; tūn Old English - An enclosure; a farmstead; a village; an estate.,E. Ekwall; Dictionary of English Place-Names; Watts; Cambridge Dictionary of English Place-names; A.D. Mills; Dictionary of English Place-Names; Gelling; Place-names of Oxfordshire
Ducklington,'Farm/settlement connected with *Ducel'.,"-ingtūn Old English - A settlement called after, or connected with . . .; Personal name (Old English) Old English - Personal name",E. Ekwall; Dictionary of English Place-Names; Gelling; Place-names of Oxfordshire; Watts; Cambridge Dictionary of English Place-names; A.D. Mills; Dictionary of English Place-Names
Duns Tew,"Uncertain. Possibly, 'Dunn's ridge' or 'Dunn's meeting place'.","Personal name (Old English) Old English - Personal name; tīewe Old English - Row, a lengthy object.  Topographically, perhaps a long ridge.; tīwe Old English - A meeting place, a court.",Watts; Cambridge Dictionary of English Place-names; E. Ekwall; Dictionary of English Place-Names; Gelling; Place-names of Oxfordshire; A.D. Mills; Dictionary of English Place-Names
East and West Adderbury,"'Eadburh's fortification', a feminine personal name.",burh Old English - A fortified place.; Personal name (Old English) Old English - Personal name,Gelling; Place-names of Oxfordshire; A.D. Mills; Dictionary of English Place-Names; E. Ekwall; Dictionary of English Place-Names; Watts; Cambridge Dictionary of English Place-names
Elsfield,'Elesa's open land'.,"feld Old English - Open country, unencumbered ground (eg. land without trees as opposed to forest, level ground as opposed to hills, land without buildings); arable land (from late tenth century).; Personal name (Old English) Old English - Personal name",A.D. Mills; Dictionary of English Place-Names; Watts; Cambridge Dictionary of English Place-names; E. Ekwall; Dictionary of English Place-Names; Gelling; Place-names of Oxfordshire
Emmington,'Farm/settlement connected with Eama'.,"-ingtūn Old English - A settlement called after, or connected with . . .; Personal name (Old English) Old English - Personal name",E. Ekwall; Dictionary of English Place-Names; Watts; Cambridge Dictionary of English Place-names; Gelling; Place-names of Oxfordshire; A.D. Mills; Dictionary of English Place-Names
Enstone,'Enna's stone'.,"Personal name (Old English) Old English - Personal name; stān Old English - A stone, stone, rock.",Watts; Cambridge Dictionary of English Place-names; E. Ekwall; Dictionary of English Place-Names; Gelling; Place-names of Oxfordshire; A.D. Mills; Dictionary of English Place-Names
Epwell,'Eoppa's spring/stream'.,Personal name (Old English) Old English - Personal name; wella Old English,E. Ekwall; Dictionary of English Place-Names; Gelling; Place-names of Oxfordshire; Watts; Cambridge Dictionary of English Place-names; A.D. Mills; Dictionary of English Place-Names
Ewelme,"'River-source'. The hundred corresponds to the Domesday half-hundred of Benson (see entry). It was called a half-hundred into the 16th century, despite being the largest of the Chiltern hundreds. The site of the meeting-place is unknown.",ǣwelm Old English; hundred Old English - One hundred; an administrative division of a county.,Gelling; Place-names of Oxfordshire; A.D. Mills; Dictionary of English Place-Names; E. Ekwall; Dictionary of English Place-Names; Watts; Cambridge Dictionary of English Place-names; Anderson (unspecified work)
Eye and Dunsden,'Island'.,"denu Old English - A valley.; ēg Old English - An island.  In ancient settlement-names, most frequently refers to dry ground surrounded by marsh.  Also used of islands in modern sense.  In late OE names: well-watered land.; Personal name (Old English) Old English - Personal name",A.D. Mills; Dictionary of English Place-Names; Gelling; Place-names of Oxfordshire; E. Ekwall; Dictionary of English Place-Names; Watts; Cambridge Dictionary of English Place-names
Eynsham,'*Aegen's hemmed-in land'.,hamm Old English - Land hemmed in by water or marsh (perhaps also by high ground); a river-meadow; cultivated plot on the edge of woodland or moor.; Personal name (Old English) Old English - Personal name,A.D. Mills; Dictionary of English Place-Names; Gelling; Place-names of Oxfordshire; Watts; Cambridge Dictionary of English Place-names; E. Ekwall; Dictionary of English Place-Names
Fawler,Uncertain. 'Variegated floor' or 'flag-stone floor'. This may refer to the pavement of a nearby Romano-British house.,"fāg Old English - Variegated, multi-coloured, coloured.; flage Old English - A flake, a fragment; a flagstone; a pared-off sod.; flōr Old English - A floor, a pavement, the ground.",Watts; Cambridge Dictionary of English Place-names; E. Ekwall; Dictionary of English Place-Names; Gelling; Place-names of Oxfordshire; A.D. Mills; Dictionary of English Place-Names
Fencot and Murcot,'Moor cottage'.,"cot Old English - A cottage, a hut, a shelter, a den.; fenn Old English - A fen, a marsh, marshland.; mōr Old English - A marsh, barren upland.",A.D. Mills; Dictionary of English Place-Names; E. Ekwall; Dictionary of English Place-Names; Gelling; Place-names of Oxfordshire; Watts; Cambridge Dictionary of English Place-names
Fifield,'Five hides'.,fīf Old English - Five.; hīd Old English - A hide of land; an amount of land for the support of one free family and its dependants; a unit of valuation.,Gelling; Place-names of Oxfordshire; E. Ekwall; Dictionary of English Place-Names; Watts; Cambridge Dictionary of English Place-names; A.D. Mills; Dictionary of English Place-Names
Filkins,'*Filica's people'.,-ingas Old English - The people of . . . ; the people called after . . .; Personal name (Old English) Old English - Personal name,E. Ekwall; Dictionary of English Place-Names; Gelling; Place-names of Oxfordshire; Watts; Cambridge Dictionary of English Place-names; A.D. Mills; Dictionary of English Place-Names
Finmere,'Woodpecker pool'.,"fīna Old English - A wood-pecker.; mere Old English - A pond, a pool, a lake.",Watts; Cambridge Dictionary of English Place-names; E. Ekwall; Dictionary of English Place-Names; Gelling; Place-names of Oxfordshire; A.D. Mills; Dictionary of English Place-Names
Finstock,'Woodpecker outlying farm/settlement'.,"fīna Old English - A wood-pecker.; stoc Old English - A place, a secondary settlement.",E. Ekwall; Dictionary of English Place-Names; Gelling; Place-names of Oxfordshire; Watts; Cambridge Dictionary of English Place-names; A.D. Mills; Dictionary of English Place-Names
Forest Hill with Shotover,"'Ridge hill'. 'Steep hill-slope'. The old hundred of 'Soterlawa' is probably to be connected with Shotover, probably composed of the place-name and OE hlaw, 'mound/hill'.","forst Old English - A ridge, a hill.; hundred Old English - One hundred; an administrative division of a county.; hyll Old English - A hill, a natural eminence or elevated piece of ground.; ōfer Old English - A margin; a river-bank, sea-shore.; ōra Old English - A shore, hill-slope; possibly also the foot of a slope.  (Used in place-names only in the parts of southern England where Jutish and West Saxon dialects were operative.); scēot Old English - A steep slope.",Watts; Cambridge Dictionary of English Place-names; E. Ekwall; Dictionary of English Place-Names; Gelling; Place-names of Oxfordshire; A.D. Mills; Dictionary of English Place-Names
Fringford,"Either, 'ford of *Fera's people' or 'ford at *Fera's place'.",-ing Old English - Place-name forming suffix.; -ingas Old English - The people of . . . ; the people called after . . .; ford Old English - A ford.; Personal name (Old English) Old English - Personal name,Gelling; Place-names of Oxfordshire; E. Ekwall; Dictionary of English Place-Names; A.D. Mills; Dictionary of English Place-Names; Watts; Cambridge Dictionary of English Place-names
Fritwell,"'Divination spring/stream' or perhaps, 'wishing well'.","freht Old English - Augury, divination.; wella Old English",E. Ekwall; Dictionary of English Place-Names; Gelling; Place-names of Oxfordshire; Watts; Cambridge Dictionary of English Place-names; A.D. Mills; Dictionary of English Place-Names
Fulbrook,'Foul brook'.,"brōc Old English - A brook, a stream.  (Used of a stream with a muddy bed and a visible sediment load.); fūl Old English - Foul, dirty.",Watts; Cambridge Dictionary of English Place-names; E. Ekwall; Dictionary of English Place-Names; Gelling; Place-names of Oxfordshire; A.D. Mills; Dictionary of English Place-Names
Garsington,'Grassy hill'.,dūn Old English - A hill.; gærsen Old English - Growing with grass.,Watts; Cambridge Dictionary of English Place-names; E. Ekwall; Dictionary of English Place-Names; Gelling; Place-names of Oxfordshire; A.D. Mills; Dictionary of English Place-Names
Glympton,'Farm/settlement' on the River Glyme.,River-name Unknown - River-name; tūn Old English - An enclosure; a farmstead; a village; an estate.,Watts; Cambridge Dictionary of English Place-names; E. Ekwall; Dictionary of English Place-Names; Gelling; Place-names of Oxfordshire; A.D. Mills; Dictionary of English Place-Names
Godington,'Goda's hill'. This seems to alternate with other forms suggesting 'hill of Goda's people'.,dūn Old English - A hill.; Personal name (Old English) Old English - Personal name,Gelling; Place-names of Oxfordshire; Watts; Cambridge Dictionary of English Place-names; E. Ekwall; Dictionary of English Place-Names; A.D. Mills; Dictionary of English Place-Names
Golder Manor,Slope where golden flowers grow.,"golde Old English - A marigold, a marsh marigold.; ōra Old English - A shore, hill-slope; possibly also the foot of a slope.  (Used in place-names only in the parts of southern England where Jutish and West Saxon dialects were operative.)",
Goring,'*Gara's people'.,-ing Old English - Place-name forming suffix.; Personal name (Old English) Old English - Personal name,E. Ekwall; Dictionary of English Place-Names; Watts; Cambridge Dictionary of English Place-names; Gelling; Place-names of Oxfordshire; A.D. Mills; Dictionary of English Place-Names
Gosford and Water Eaton,'Goose ford'.,ēa Old English - A river.; ford Old English - A ford.; gōs Old English - A goose.; tūn Old English - An enclosure; a farmstead; a village; an estate.; water Middle English - water,Watts; Cambridge Dictionary of English Place-names; E. Ekwall; Dictionary of English Place-Names; Gelling; Place-names of Oxfordshire; A.D. Mills; Dictionary of English Place-Names
Grafton and Radcot,'Grove farm/settlement'.,"cot Old English - A cottage, a hut, a shelter, a den.; grāf Old English - A grove, a copse.; hrēod Old English - A reed, a rush; a reed-bed.; rēad Old English - Red.; tūn Old English - An enclosure; a farmstead; a village; an estate.",A.D. Mills; Dictionary of English Place-Names; Watts; Cambridge Dictionary of English Place-names; E. Ekwall; Dictionary of English Place-Names; Gelling; Place-names of Oxfordshire
Great and Little Bourton,'Fortified farm/settlement'.,"burh-tūn Old English - A fort enclosure; a farm with a palisade; a farm at, or belonging to, or which is, a fortification, fortified house, or manorhouse.",Gelling; Place-names of Oxfordshire; A.D. Mills; Dictionary of English Place-Names; E. Ekwall; Dictionary of English Place-Names; Watts; Cambridge Dictionary of English Place-names
Great Haseley,'Hazel wood/clearing'.,"hæsel Old English - A hazel-tree.; lēah Old English - A forest, wood, glade, clearing; (later) a pasture, meadow.",Watts; Cambridge Dictionary of English Place-names; A.D. Mills; Dictionary of English Place-Names; E. Ekwall; Dictionary of English Place-Names; Gelling; Place-names of Oxfordshire
Great Milton,'Middle farm/settlement'. 'Great' to distinguish from Little Milton.,middel Old English - Middle.; tūn Old English - An enclosure; a farmstead; a village; an estate.,Watts; Cambridge Dictionary of English Place-names; E. Ekwall; Dictionary of English Place-Names; Gelling; Place-names of Oxfordshire; A.D. Mills; Dictionary of English Place-Names
Great Tew,"Uncertain. Possibly, 'meeting place' or 'ridge'. 'Great' to distingush from Little Tew.","tīewe Old English - Row, a lengthy object.  Topographically, perhaps a long ridge.; tīwe Old English - A meeting place, a court.",Watts; Cambridge Dictionary of English Place-names; E. Ekwall; Dictionary of English Place-Names; Gelling; Place-names of Oxfordshire; A.D. Mills; Dictionary of English Place-Names
Hailey,'Hay wood/clearing'.,"hēg Old English; lēah Old English - A forest, wood, glade, clearing; (later) a pasture, meadow.",Gelling; Place-names of Oxfordshire; A.D. Mills; Dictionary of English Place-Names; Watts; Cambridge Dictionary of English Place-names; E. Ekwall; Dictionary of English Place-Names
Hampton Gay and Hampton Poyle,'Home farm'. 'Gay' is from Reginald Gait first connected with the place c. 1170. 'Poyle' is from Walter de la Puile who obtained the land by marriage in 1252.,Family name Unknown - Family name.; hām-tūn Old English - A home farm.,Watts; Cambridge Dictionary of English Place-names; E. Ekwall; Dictionary of English Place-Names; Gelling; Place-names of Oxfordshire; A.D. Mills; Dictionary of English Place-Names
Handborough,'Hagena's hill'.,berg Old English; Personal name (Old English) Old English - Personal name,A.D. Mills; Dictionary of English Place-Names; Gelling; Place-names of Oxfordshire; E. Ekwall; Dictionary of English Place-Names; Watts; Cambridge Dictionary of English Place-names
Hanwell,"'Hana's spring/stream'. The original name was 'Hana's road', with 'wella' replacing 'weg' in the 13th century.",Personal name (Old English) Old English - Personal name; weg Old English - A road.; wella Old English,Gelling; Place-names of Oxfordshire; A.D. Mills; Dictionary of English Place-Names; E. Ekwall; Dictionary of English Place-Names; Watts; Cambridge Dictionary of English Place-names
Hardwick with Tusmore,"'Herd farm'. 'Thur's pool' or perhap, 'Thunor's pool', after the heathen god.","heorde-wīc Old English - A herd farm.; mere Old English - A pond, a pool, a lake.; Personal name (Old English) Old English - Personal name; Þunor Old English - The name of a heathen Saxon god.",Gelling; Place-names of Oxfordshire; A.D. Mills; Dictionary of English Place-Names; E. Ekwall; Dictionary of English Place-Names; Watts; Cambridge Dictionary of English Place-names
Hardwick with Yelford,'Herd farm'.,ford Old English - A ford.; heorde-wīc Old English - A herd farm.; Personal name (Old English) Old English - Personal name,Watts; Cambridge Dictionary of English Place-names; E. Ekwall; Dictionary of English Place-Names; Gelling; Place-names of Oxfordshire; A.D. Mills; Dictionary of English Place-Names
Harpsden,'Harp valley'.,"denu Old English - A valley.; hearpe Old English - A harp; perhaps also a sieve, a riddle (as used in salt-workings).",E. Ekwall; Dictionary of English Place-Names; Watts; Cambridge Dictionary of English Place-names; Gelling; Place-names of Oxfordshire; A.D. Mills; Dictionary of English Place-Names
Headington,'*He(o)dena's hill'.,dūn Old English - A hill.; Personal name (Old English) Old English - Personal name,Gelling; Place-names of Oxfordshire; Watts; Cambridge Dictionary of English Place-names; E. Ekwall; Dictionary of English Place-Names; A.D. Mills; Dictionary of English Place-Names
Henley upon Thames,'High wood/clearing' on the River Thames.,"hēah Old English - A high place, a height.; lēah Old English - A forest, wood, glade, clearing; (later) a pasture, meadow.; River-name Unknown - River-name",Watts; Cambridge Dictionary of English Place-names; Gelling; Place-names of Oxfordshire; E. Ekwall; Dictionary of English Place-Names; A.D. Mills; Dictionary of English Place-Names
Hensington Within and Without,"Uncertain. Possibly, 'Hen(s) farm/settlement' or 'farm/settlement at Hensing (= hen place)'.","-ing- Old English - Connective particle, linking a first element to a final element.; hēns Old English - A flock of hens.; Place-name Unknown - Place-name; tūn Old English - An enclosure; a farmstead; a village; an estate.",E. Ekwall; Dictionary of English Place-Names; A.D. Mills; Dictionary of English Place-Names; Gelling; Place-names of Oxfordshire; Watts; Cambridge Dictionary of English Place-names
Hethe,'Heath'.,hǣð Old English - Heather; a tract of uncultivated land.,Watts; Cambridge Dictionary of English Place-names; E. Ekwall; Dictionary of English Place-Names; Gelling; Place-names of Oxfordshire; A.D. Mills; Dictionary of English Place-Names
Heythrop,'High outlying hamlet'.,"hēah Old English - A high place, a height.; þrop Old English - A hamlet, an outlying farm.",A.D. Mills; Dictionary of English Place-Names; E. Ekwall; Dictionary of English Place-Names; Gelling; Place-names of Oxfordshire; Watts; Cambridge Dictionary of English Place-names
Holton,'Nook of land farm/settlement'.,"halh Old English - A nook of land; a small valley; dry ground in marsh; a piece of land projecting from, or detached from, the main area of its administrative unit.; tūn Old English - An enclosure; a farmstead; a village; an estate.",Watts; Cambridge Dictionary of English Place-names; E. Ekwall; Dictionary of English Place-Names; Gelling; Place-names of Oxfordshire; A.D. Mills; Dictionary of English Place-Names
Holwell,'Holy spring/stream'.,"hālig Old English - Holy, sacred, dedicated to sacred use (originally heathen, later Christian).; wella Old English",E. Ekwall; Dictionary of English Place-Names; Gelling; Place-names of Oxfordshire; Watts; Cambridge Dictionary of English Place-names; A.D. Mills; Dictionary of English Place-Names
Hook Norton,"Uncertain. Possibly, 'farm/settlement of the Hoccanere '. The tribal name Hoccanere may have been formed from OE Hoccan ora, 'Hocca's hill-slope'.","ōra Old English - A shore, hill-slope; possibly also the foot of a slope.  (Used in place-names only in the parts of southern England where Jutish and West Saxon dialects were operative.); Personal name (Old English) Old English - Personal name; Tribal-Name Old English - Tribal name.; tūn Old English - An enclosure; a farmstead; a village; an estate.",A.D. Mills; Dictionary of English Place-Names; E. Ekwall; Dictionary of English Place-Names; Gelling; Place-names of Oxfordshire; Watts; Cambridge Dictionary of English Place-names
Horley,'Wood/clearing on a horn-shaped piece of land'.,"horn Old English - A horn; something shaped like a horn; a hornlike projection on a building; a projecting piece of land, esp. formed in a river-bend; a projecting headland; a horn-shaped hill.; lēah Old English - A forest, wood, glade, clearing; (later) a pasture, meadow.",E. Ekwall; Dictionary of English Place-Names; Gelling; Place-names of Oxfordshire; Watts; Cambridge Dictionary of English Place-names; A.D. Mills; Dictionary of English Place-Names
Hornton,Uncertain. 'Farm/settlement by the horn-shaped piece of land' or 'farm/settlement in a bend of land or corner'.,"-ing Old English - Place-name forming suffix.; -ingas Old English - The people of . . . ; the people called after . . .; horn Old English - A horn; something shaped like a horn; a hornlike projection on a building; a projecting piece of land, esp. formed in a river-bend; a projecting headland; a horn-shaped hill.; horning Old English - A bend, a corner, a spit of land; a headland.; tūn Old English - An enclosure; a farmstead; a village; an estate.",A.D. Mills; Dictionary of English Place-Names; Watts; Cambridge Dictionary of English Place-names; E. Ekwall; Dictionary of English Place-Names; Gelling; Place-names of Oxfordshire
Horspath,'Horse path'.,hors Old English - A horse.; pæð Old English,Watts; Cambridge Dictionary of English Place-names; Gelling; Place-names of Oxfordshire; E. Ekwall; Dictionary of English Place-Names; A.D. Mills; Dictionary of English Place-Names
Horton cum Studley,'Dirty farm/settlement'.,"horu Old English - Filth, dirt.; lēah Old English - A forest, wood, glade, clearing; (later) a pasture, meadow.; stōd Old English - A stud, a herd of horses.; tūn Old English - An enclosure; a farmstead; a village; an estate.",Gelling; Place-names of Oxfordshire; A.D. Mills; Dictionary of English Place-Names; E. Ekwall; Dictionary of English Place-Names; Watts; Cambridge Dictionary of English Place-names
Idbury,'Ida's fortification'.,burh Old English - A fortified place.; Personal name (Old English) Old English - Personal name,Watts; Cambridge Dictionary of English Place-names; E. Ekwall; Dictionary of English Place-Names; A.D. Mills; Dictionary of English Place-Names; Gelling; Place-names of Oxfordshire
Ipsden,'Upland valley' or 'Ippe's valley'.,denu Old English - A valley.; Personal name (Old English) Old English - Personal name; yppe Old English,Watts; Cambridge Dictionary of English Place-names; Gelling; Place-names of Oxfordshire; E. Ekwall; Dictionary of English Place-Names; A.D. Mills; Dictionary of English Place-Names
Islip,'Slippery place on the River Giht'. Giht is an old name for the River Ray.,River-name Unknown - River-name; slǣp Old English - A slippery place.  Not certain to have been used of marshes.,A.D. Mills; Dictionary of English Place-Names; E. Ekwall; Dictionary of English Place-Names; Gelling; Place-names of Oxfordshire; Watts; Cambridge Dictionary of English Place-names
Kelmscot,'Cenhelm's cottage(s)'.,"cot Old English - A cottage, a hut, a shelter, a den.; Personal name (Old English) Old English - Personal name",A.D. Mills; Dictionary of English Place-Names; Watts; Cambridge Dictionary of English Place-names; E. Ekwall; Dictionary of English Place-Names; Gelling; Place-names of Oxfordshire
Kencott,'Cena's cottage'.,"cot Old English - A cottage, a hut, a shelter, a den.; Personal name (Old English) Old English - Personal name",A.D. Mills; Dictionary of English Place-Names; Gelling; Place-names of Oxfordshire; Watts; Cambridge Dictionary of English Place-names; E. Ekwall; Dictionary of English Place-Names
Kiddington with Asterleigh,'Farm/settlement connected with Cydda'.,"-ingtūn Old English - A settlement called after, or connected with . . .; ēastor Old English - Eastern.; lēah Old English - A forest, wood, glade, clearing; (later) a pasture, meadow.; Personal name (Old English) Old English - Personal name",E. Ekwall; Dictionary of English Place-Names; Gelling; Place-names of Oxfordshire; Watts; Cambridge Dictionary of English Place-names; A.D. Mills; Dictionary of English Place-Names
Kidlington,'Farm/settlement connected with *Cydela'.,"-ingtūn Old English - A settlement called after, or connected with . . .; Personal name (Old English) Old English - Personal name",Watts; Cambridge Dictionary of English Place-names; E. Ekwall; Dictionary of English Place-Names; Gelling; Place-names of Oxfordshire; A.D. Mills; Dictionary of English Place-Names
Kingham,"Partly uncertain. Perhaps, 'homestead/village of the Caeingas (= dwellers at the key-shaped feature)' or 'homestead/village at/called *Caeging (= the key-shaped place)'. Alternatively the first element may mean 'stone/gravel' or contain an unattested pers",-ingahām Old English - The village of the people of . . . ; the village of the people called after . . .; cǣg Old English - A key; perhaps used topographically of hills.; Personal name (Old English) Old English - Personal name,A.D. Mills; Dictionary of English Place-Names; Gelling; Place-names of Oxfordshire; E. Ekwall; Dictionary of English Place-Names; Watts; Cambridge Dictionary of English Place-names
Kirtlington,'Farm/settlement connected with *Cyrtla'.,"-ingtūn Old English - A settlement called after, or connected with . . .; Personal name (Old English) Old English - Personal name",Gelling; Place-names of Oxfordshire; A.D. Mills; Dictionary of English Place-Names; E. Ekwall; Dictionary of English Place-Names; Watts; Cambridge Dictionary of English Place-names
Langford,'Long ford'.,"ford Old English - A ford.; lang Old English - Long, tall.",Watts; Cambridge Dictionary of English Place-names; E. Ekwall; Dictionary of English Place-Names; Gelling; Place-names of Oxfordshire; A.D. Mills; Dictionary of English Place-Names
Langley,'The long woods/clearings'.,"lang Old English - Long, tall.; lēah Old English - A forest, wood, glade, clearing; (later) a pasture, meadow.",E. Ekwall; Dictionary of English Place-Names; Gelling; Place-names of Oxfordshire; Watts; Cambridge Dictionary of English Place-names; A.D. Mills; Dictionary of English Place-Names
Launton,'Long farm/settlement'.,"lang Old English - Long, tall.; tūn Old English - An enclosure; a farmstead; a village; an estate.",E. Ekwall; Dictionary of English Place-Names; Gelling; Place-names of Oxfordshire; Watts; Cambridge Dictionary of English Place-names; A.D. Mills; Dictionary of English Place-Names
Leafield,'The field'.,"feld Old English - Open country, unencumbered ground (eg. land without trees as opposed to forest, level ground as opposed to hills, land without buildings); arable land (from late tenth century).; la Old French - Definite article, the.",Watts; Cambridge Dictionary of English Place-names; E. Ekwall; Dictionary of English Place-Names; Gelling; Place-names of Oxfordshire; A.D. Mills; Dictionary of English Place-Names
Lew,'Burial-mound'.,hlāw Old English - A tumulus; a hill.,Watts; Cambridge Dictionary of English Place-names; E. Ekwall; Dictionary of English Place-Names; Gelling; Place-names of Oxfordshire; A.D. Mills; Dictionary of English Place-Names
Lewknor,"'Leofeca's hill-slope'. The hundred is called after Lewknor, although the exact site of the meeting-place is unknown.","hundred Old English - One hundred; an administrative division of a county.; ōra Old English - A shore, hill-slope; possibly also the foot of a slope.  (Used in place-names only in the parts of southern England where Jutish and West Saxon dialects were operative.); Personal name (Old English) Old English - Personal name",Gelling; Place-names of Oxfordshire; E. Ekwall; Dictionary of English Place-Names; Anderson (unspecified work); Watts; Cambridge Dictionary of English Place-names; A.D. Mills; Dictionary of English Place-Names
Little Faringdon,'Ferny hill'. 'Little' to distinguish from Great Faringdon in Berkshire.,dūn Old English - A hill.; fearn Old English - A fern; ferns; a ferny place.,Watts; Cambridge Dictionary of English Place-names; E. Ekwall; Dictionary of English Place-Names; Gelling; Place-names of Oxfordshire; A.D. Mills; Dictionary of English Place-Names
Little Milton,'Middle farm/settlement'. 'Little' to distinguish from Great Milton.,middel Old English - Middle.; tūn Old English - An enclosure; a farmstead; a village; an estate.,Watts; Cambridge Dictionary of English Place-names; E. Ekwall; Dictionary of English Place-Names; A.D. Mills; Dictionary of English Place-Names; Gelling; Place-names of Oxfordshire
Little Tew,"Uncertain. Possibly, 'meeting place' or 'ridge'. 'Little' to distinguish from Great Tew.","tīewe Old English - Row, a lengthy object.  Topographically, perhaps a long ridge.; tīwe Old English - A meeting place, a court.",Watts; Cambridge Dictionary of English Place-names; A.D. Mills; Dictionary of English Place-Names; Gelling; Place-names of Oxfordshire; E. Ekwall; Dictionary of English Place-Names
Littlemore,'Little moor'.,"lȳtel Old English - Little, small.; mōr Old English - A marsh, barren upland.",E. Ekwall; Dictionary of English Place-Names; Gelling; Place-names of Oxfordshire; Watts; Cambridge Dictionary of English Place-names; A.D. Mills; Dictionary of English Place-Names
Lower Heyford,'Hay ford'. 'Lower' to distinguish from Upper Heyford.,ford Old English - A ford.; hēg Old English,Gelling; Place-names of Oxfordshire; E. Ekwall; Dictionary of English Place-Names; Watts; Cambridge Dictionary of English Place-names; A.D. Mills; Dictionary of English Place-Names
Lyneham,'Flax homestead/village' or 'hemmed-in land where flax grows'. Lyneham may have given its name to one of the hundreds of Chadlington (see entry).,"hām Old English - A village, a village community, a manor, an estate, a homestead.; hamm Old English - Land hemmed in by water or marsh (perhaps also by high ground); a river-meadow; cultivated plot on the edge of woodland or moor.; līn Old English - Flax.",A.D. Mills; Dictionary of English Place-Names; E. Ekwall; Dictionary of English Place-Names; Gelling; Place-names of Oxfordshire; Watts; Cambridge Dictionary of English Place-names
Mapledurham,'Maple-tree homestead/village'.,"hām Old English - A village, a village community, a manor, an estate, a homestead.; mapuldor Old English - A maple-tree.",A.D. Mills; Dictionary of English Place-Names; E. Ekwall; Dictionary of English Place-Names; Watts; Cambridge Dictionary of English Place-names; Gelling; Place-names of Oxfordshire
Marsh Baldon,'Bealda's hill' with later distinguishing affix 'marsh'.,dūn Old English - A hill.; mersc Old English - A marsh.; Personal name (Old English) Old English - Personal name,Watts; Cambridge Dictionary of English Place-names; E. Ekwall; Dictionary of English Place-Names; Gelling; Place-names of Oxfordshire; A.D. Mills; Dictionary of English Place-Names
Marston,'Marsh farm/settlement'.,mersc Old English - A marsh.; tūn Old English - An enclosure; a farmstead; a village; an estate.,Watts; Cambridge Dictionary of English Place-names; E. Ekwall; Dictionary of English Place-Names; Gelling; Place-names of Oxfordshire; A.D. Mills; Dictionary of English Place-Names
Merton,'Pool farm/settlement'.,"mere Old English - A pond, a pool, a lake.; tūn Old English - An enclosure; a farmstead; a village; an estate.",E. Ekwall; Dictionary of English Place-Names; Gelling; Place-names of Oxfordshire; Watts; Cambridge Dictionary of English Place-names; A.D. Mills; Dictionary of English Place-Names
Middle Aston,'East farm/settlement'. Located between North and Steeple Aston.,"ēast Old English - Eastern, east.; tūn Old English - An enclosure; a farmstead; a village; an estate.",Watts; Cambridge Dictionary of English Place-names; E. Ekwall; Dictionary of English Place-Names; A.D. Mills; Dictionary of English Place-Names; Gelling; Place-names of Oxfordshire
Middleton Stoney,"'Middle farm/settlement'. 'Stoney' is a later addition, first recorded in the 16th century.",middel Old English - Middle.; tūn Old English - An enclosure; a farmstead; a village; an estate.,Gelling; Place-names of Oxfordshire; A.D. Mills; Dictionary of English Place-Names; E. Ekwall; Dictionary of English Place-Names; Watts; Cambridge Dictionary of English Place-names
Milcombe,'Middle valley'.,"cumb Old English - A coomb, a valley.  Possibly derived from Welsh ""cumm""; but possibly derived from OE ""cumb"" a vessel, cup, a small measure.; middel Old English - Middle.",Gelling; Place-names of Oxfordshire; A.D. Mills; Dictionary of English Place-Names; Watts; Cambridge Dictionary of English Place-names; E. Ekwall; Dictionary of English Place-Names
Milton,'Middle farm/settlement'.,middel Old English - Middle.; tūn Old English - An enclosure; a farmstead; a village; an estate.,Watts; Cambridge Dictionary of English Place-names; E. Ekwall; Dictionary of English Place-Names; Gelling; Place-names of Oxfordshire; A.D. Mills; Dictionary of English Place-Names
Milton under Wychwood,'Middle farm/settlement' below Wychwood.,middel Old English - Middle.; Place-name Unknown - Place-name; tūn Old English - An enclosure; a farmstead; a village; an estate.,A.D. Mills; Dictionary of English Place-Names; Watts; Cambridge Dictionary of English Place-names; E. Ekwall; Dictionary of English Place-Names; Gelling; Place-names of Oxfordshire
Minster Lovell,'Monastery'. The place was connected with the family of William Luvel.,"Family name Unknown - Family name.; mynster Old English - A monastery, the church of a monastery or religious body, a church served by secular clergy.",Watts; Cambridge Dictionary of English Place-names; E. Ekwall; Dictionary of English Place-Names; Gelling; Place-names of Oxfordshire; A.D. Mills; Dictionary of English Place-Names
Mixbury,'Dunghill fortification'.,burh Old English - A fortified place.; mixen Old English - A dung-hill.,E. Ekwall; Dictionary of English Place-Names; Gelling; Place-names of Oxfordshire; Watts; Cambridge Dictionary of English Place-names; A.D. Mills; Dictionary of English Place-Names
Mollington,'Farm/settlement connected with Moll'.,"-ingtūn Old English - A settlement called after, or connected with . . .; Personal name (Old English) Old English - Personal name",Watts; Cambridge Dictionary of English Place-names; E. Ekwall; Dictionary of English Place-Names; Gelling; Place-names of Oxfordshire; A.D. Mills; Dictionary of English Place-Names
Mongewell,'Spring/stream connected with Munda'.,"-ing- Old English - Connective particle, linking a first element to a final element.; Personal name (Old English) Old English - Personal name; wella Old English",A.D. Mills; Dictionary of English Place-Names; Gelling; Place-names of Oxfordshire; E. Ekwall; Dictionary of English Place-Names; Watts; Cambridge Dictionary of English Place-names
Moulsford,'*Mul's ford'.,ford Old English - A ford.; Personal name (Old English) Old English - Personal name,A.D. Mills; Dictionary of English Place-Names; Watts; Cambridge Dictionary of English Place-names; E. Ekwall; Dictionary of English Place-Names; Gelling; Place-names of Berkshire
Neithrop,"Uncertain. 'Nether hamlet', but some forms suggest 'heath hamlet'.","hǣð Old English - Heather; a tract of uncultivated land.; neoðera Old English - Lower. (No positive form.); þrop Old English - A hamlet, an outlying farm.",Watts; Cambridge Dictionary of English Place-names; Gelling; Place-names of Oxfordshire; E. Ekwall; Dictionary of English Place-Names; A.D. Mills; Dictionary of English Place-Names
Nettlebed,'Nettly plot'.,"bedd Old English - A bed; a bed for plants, a garden plot.; netelig Old English - Nettly; covered with, or growing with, nettles.",Watts; Cambridge Dictionary of English Place-names; E. Ekwall; Dictionary of English Place-Names; Gelling; Place-names of Oxfordshire; A.D. Mills; Dictionary of English Place-Names
Newington,'New farm/settlement'.,nīwe Old English - New.; tūn Old English - An enclosure; a farmstead; a village; an estate.,E. Ekwall; Dictionary of English Place-Names; Gelling; Place-names of Oxfordshire; Watts; Cambridge Dictionary of English Place-names; A.D. Mills; Dictionary of English Place-Names
Newnham Murren,'At the new homestead/village'. It was held by Richard Morin in 1231.,"Family name Unknown - Family name.; hām Old English - A village, a village community, a manor, an estate, a homestead.; nīwe Old English - New.",Gelling; Place-names of Oxfordshire; A.D. Mills; Dictionary of English Place-Names; E. Ekwall; Dictionary of English Place-Names; Watts; Cambridge Dictionary of English Place-names
Newton Purcell with Shelswell,'New farm/settlement'. Held by a member of the Purcell family in 1198.,nīwe Old English - New.; Personal name (Old English) Old English - Personal name; sceald Old English - Shallow (especially of water).; tūn Old English - An enclosure; a farmstead; a village; an estate.; wella Old English,Gelling; Place-names of Oxfordshire; Watts; Cambridge Dictionary of English Place-names; E. Ekwall; Dictionary of English Place-Names; A.D. Mills; Dictionary of English Place-Names
Noke,'At the oak tree'.,āc Old English - An oak-tree.; atten Middle English - At the: used with masculine and neuter nouns.,Gelling; Place-names of Oxfordshire; A.D. Mills; Dictionary of English Place-Names; Watts; Cambridge Dictionary of English Place-names; E. Ekwall; Dictionary of English Place-Names
North Aston,'East farm/settlement'. North of Steeple and Middle Easton.,"ēast Old English - Eastern, east.; tūn Old English - An enclosure; a farmstead; a village; an estate.",A.D. Mills; Dictionary of English Place-Names; E. Ekwall; Dictionary of English Place-Names; Gelling; Place-names of Oxfordshire; Watts; Cambridge Dictionary of English Place-names
North Leigh,'Wood/clearing'. 'North' to distinguish from South Leigh.,"lēah Old English - A forest, wood, glade, clearing; (later) a pasture, meadow.",E. Ekwall; Dictionary of English Place-Names; Gelling; Place-names of Oxfordshire; Watts; Cambridge Dictionary of English Place-names; A.D. Mills; Dictionary of English Place-Names
North Newington,'New farm/settlement'. 'North' to distinguish from South Newington.,nīwe Old English - New.; tūn Old English - An enclosure; a farmstead; a village; an estate.,Gelling; Place-names of Oxfordshire; E. Ekwall; Dictionary of English Place-Names; Watts; Cambridge Dictionary of English Place-names; A.D. Mills; Dictionary of English Place-Names
North Stoke,'Outlying farm/settlement'. 'North' to distinguish from South Stoke.,"norð Old English - Northern, north.; stoc Old English - A place, a secondary settlement.",E. Ekwall; Dictionary of English Place-Names; A.D. Mills; Dictionary of English Place-Names; Watts; Cambridge Dictionary of English Place-names; Gelling; Place-names of Oxfordshire
Northmoor,'Moor'. 'North' is a later addition.,"mōr Old English - A marsh, barren upland.",Watts; Cambridge Dictionary of English Place-names; E. Ekwall; Dictionary of English Place-Names; Gelling; Place-names of Oxfordshire; A.D. Mills; Dictionary of English Place-Names
Nuffield,"Uncertain. 'Tough open land' or possibly, 'high open land'.","feld Old English - Open country, unencumbered ground (eg. land without trees as opposed to forest, level ground as opposed to hills, land without buildings); arable land (from late tenth century).; hōh Old English - A heel; a sharply projecting piece of ground.; tōh Old English - Tough, sticky, hard.",A.D. Mills; Dictionary of English Place-Names; Watts; Cambridge Dictionary of English Place-names; E. Ekwall; Dictionary of English Place-Names; Gelling; Place-names of Oxfordshire
Nuneham Courtenay,'New homestead/village'. Connected with John de Curtenay in the 13th century.,"Family name Unknown - Family name.; hām Old English - A village, a village community, a manor, an estate, a homestead.; nīwe Old English - New.",Gelling; Place-names of Oxfordshire; A.D. Mills; Dictionary of English Place-Names; E. Ekwall; Dictionary of English Place-Names; Watts; Cambridge Dictionary of English Place-names
Oddington,'*Otta's hill'.,dūn Old English - A hill.; Personal name (Old English) Old English - Personal name,Watts; Cambridge Dictionary of English Place-names; E. Ekwall; Dictionary of English Place-Names; Gelling; Place-names of Oxfordshire; A.D. Mills; Dictionary of English Place-Names
Osney Hill,In reference to Osney Abbey.,Place-name Unknown - Place-name,Watts; Cambridge Dictionary of English Place-names; E. Ekwall; Dictionary of English Place-Names; A.D. Mills; Dictionary of English Place-Names; Gelling; Place-names of Oxfordshire
Over Norton,"'Higher north farm/settlement'. Also previously known as Parva (little), Spitul (hospital) and Calde (cold).","norð Old English - Northern, north.; tūn Old English - An enclosure; a farmstead; a village; an estate.; uferra Old English - Higher.",A.D. Mills; Dictionary of English Place-Names; Watts; Cambridge Dictionary of English Place-names; E. Ekwall; Dictionary of English Place-Names; Gelling; Place-names of Oxfordshire
Oxey Mead,'Ox enclosure' with the later addition of 'meadow'.,"hæg Old English - A fence, an enclosure.; mǣd Old English - A meadow.; oxa Old English - An ox.",Gelling; Place-names of Oxfordshire; E. Ekwall; Dictionary of English Place-Names; Watts; Cambridge Dictionary of English Place-names; A.D. Mills; Dictionary of English Place-Names
Oxford,'Oxen ford'.,ford Old English - A ford.; oxa Old English - An ox.,E. Ekwall; Dictionary of English Place-Names; A.D. Mills; Dictionary of English Place-Names; Watts; Cambridge Dictionary of English Place-names; Gelling; Place-names of Oxfordshire
Piddington,'Farm/settlement connected with Pyda'.,"-ingtūn Old English - A settlement called after, or connected with . . .; Personal name (Old English) Old English - Personal name",E. Ekwall; Dictionary of English Place-Names; Gelling; Place-names of Oxfordshire; Watts; Cambridge Dictionary of English Place-names; A.D. Mills; Dictionary of English Place-Names
Pishill with Stonor,'Pea hill'.,"hyll Old English - A hill, a natural eminence or elevated piece of ground.; ōra Old English - A shore, hill-slope; possibly also the foot of a slope.  (Used in place-names only in the parts of southern England where Jutish and West Saxon dialects were operative.); pise Old English - Pease.; stān Old English - A stone, stone, rock.",Gelling; Place-names of Oxfordshire; E. Ekwall; Dictionary of English Place-Names; Watts; Cambridge Dictionary of English Place-names; A.D. Mills; Dictionary of English Place-Names
Pixey Mead,'Pic's island' with the later addition of 'meadow'.,īeg Old English; mǣd Old English - A meadow.; Personal name (Old English) Old English - Personal name,E. Ekwall; Dictionary of English Place-Names; Gelling; Place-names of Oxfordshire; A.D. Mills; Dictionary of English Place-Names; Watts; Cambridge Dictionary of English Place-names
Ploughley Hundred,,"hlāw Old English - A tumulus; a hill.; hundred Old English - One hundred; an administrative division of a county.; pohha Old English - A pouch, a bag.",Gelling; Place-names of Oxfordshire; Anderson (unspecified work)
Prescote,'Priests' cottage'.,"cot Old English - A cottage, a hut, a shelter, a den.; prēost Old English - A priest.",Watts; Cambridge Dictionary of English Place-names; E. Ekwall; Dictionary of English Place-Names; A.D. Mills; Dictionary of English Place-Names; Gelling; Place-names of Oxfordshire
Pyrton,"'Pear farm/settlement'. The area of land which now comprises Pyrton was earlier known as 'Readanoran', OE read + ora, 'red hill-slope'. It survived as a field name in the 13th century. The hundred takes its name from Pyrton. The location of the meeting-pl",hundred Old English - One hundred; an administrative division of a county.; pirige Old English - A pear-tree.; tūn Old English - An enclosure; a farmstead; a village; an estate.,Gelling; Place-names of Oxfordshire; A.D. Mills; Dictionary of English Place-Names; E. Ekwall; Dictionary of English Place-Names; Watts; Cambridge Dictionary of English Place-names; Anderson (unspecified work)
Ramsden,'Wild-garlic valley'.,denu Old English - A valley.; hramsa Old English - Wild garlic.,A.D. Mills; Dictionary of English Place-Names; Gelling; Place-names of Oxfordshire; Watts; Cambridge Dictionary of English Place-names; E. Ekwall; Dictionary of English Place-Names
Rollright,"Uncertain. Perhaps, 'groove at Rodland (= wheel precinct)'. The groove may refer to a nearby gorge called Danes Bottom and Rodland to the Rollright standing stones.","land-riht Old English - Land rights, the law of the land, rights connected with the ownership of an estate.; Place-name Unknown - Place-name; rïcc C; rod Old English - A clearing.","A.D. Mills; Dictionary of English Place-Names; Watts; Cambridge Dictionary of English Place-names; E. Ekwall; Dictionary of English Place-Names; Gelling; Place-names of Oxfordshire; Coates and Breeze, Celtic Voices English Places"
Rotherfield Greys,'Open land where cattle are kept'. First connected with the de Grey family in the 13th century.,"Family name Unknown - Family name.; feld Old English - Open country, unencumbered ground (eg. land without trees as opposed to forest, level ground as opposed to hills, land without buildings); arable land (from late tenth century).; hrīðer Old English - An ox, cattle.",E. Ekwall; Dictionary of English Place-Names; Watts; Cambridge Dictionary of English Place-names; Gelling; Place-names of Oxfordshire; A.D. Mills; Dictionary of English Place-Names
Rotherfield Peppard,'Open land where cattle are kept'. The Pipard family were feudal tenants.,"Family name Unknown - Family name.; feld Old English - Open country, unencumbered ground (eg. land without trees as opposed to forest, level ground as opposed to hills, land without buildings); arable land (from late tenth century).; hrīðer Old English - An ox, cattle.",Gelling; Place-names of Oxfordshire; A.D. Mills; Dictionary of English Place-Names; E. Ekwall; Dictionary of English Place-Names; Watts; Cambridge Dictionary of English Place-names
Rousham,'Hrothwulf's homestead/village'.,"hām Old English - A village, a village community, a manor, an estate, a homestead.; Personal name (Old English) Old English - Personal name",Gelling; Place-names of Oxfordshire; Watts; Cambridge Dictionary of English Place-names; E. Ekwall; Dictionary of English Place-Names; A.D. Mills; Dictionary of English Place-Names
Salford,'Salt ford'.,ford Old English - A ford.; salt Old English,Watts; Cambridge Dictionary of English Place-names; E. Ekwall; Dictionary of English Place-Names; A.D. Mills; Dictionary of English Place-Names; Gelling; Place-names of Oxfordshire
Sandford on Thames,'Sandy ford' on the River Thames.,ford Old English - A ford.; River-name Unknown - River-name; sand Old English - Sand.,A.D. Mills; Dictionary of English Place-Names; Watts; Cambridge Dictionary of English Place-names; E. Ekwall; Dictionary of English Place-Names; Gelling; Place-names of Oxfordshire
Sandford St Martin,'Sandy ford'. A church is dedicated to St. Martin here.,ford Old English - A ford.; sand Old English - Sand.,A.D. Mills; Dictionary of English Place-Names; Gelling; Place-names of Oxfordshire; Watts; Cambridge Dictionary of English Place-names; E. Ekwall; Dictionary of English Place-Names
Sarsden,'Church valley'.,cirice Old English - A church.; denu Old English - A valley.,A.D. Mills; Dictionary of English Place-Names; Gelling; Place-names of Oxfordshire; E. Ekwall; Dictionary of English Place-Names; Watts; Cambridge Dictionary of English Place-names
Shenington,"Perhaps, 'at the beautiful hill'. Alternatively, the specific may be a personal name: '*Sciena's hill'or '*Sciene's hill', a feminine personal name.",dūn Old English - A hill.; Personal name (Old English) Old English - Personal name; scēne Old English,Gelling; Place-names of Oxfordshire; A.D. Mills; Dictionary of English Place-Names; E. Ekwall; Dictionary of English Place-Names; Watts; Cambridge Dictionary of English Place-names
Shifford,'Sheep ford'.,ford Old English - A ford.; scēp Old English,A.D. Mills; Dictionary of English Place-Names; Gelling; Place-names of Oxfordshire; Watts; Cambridge Dictionary of English Place-names; E. Ekwall; Dictionary of English Place-Names
Shilton,'Shelf farm/settlement'.,"scelf Old English - A shelf, a shelving terrain; a pinnacle, battlement.; tūn Old English - An enclosure; a farmstead; a village; an estate.",Watts; Cambridge Dictionary of English Place-names; E. Ekwall; Dictionary of English Place-Names; Gelling; Place-names of Oxfordshire; A.D. Mills; Dictionary of English Place-Names
Shiplake,'Sheep stream'.,"lacu Old English - A small stream, a watercourse.; scēp Old English",Watts; Cambridge Dictionary of English Place-names; E. Ekwall; Dictionary of English Place-Names; Gelling; Place-names of Oxfordshire; A.D. Mills; Dictionary of English Place-Names
Shipton on Cherwell,'Sheep farm/settlement' on the River Cherwell.,River-name Unknown - River-name; scēp Old English; tūn Old English - An enclosure; a farmstead; a village; an estate.,Watts; Cambridge Dictionary of English Place-names; E. Ekwall; Dictionary of English Place-Names; A.D. Mills; Dictionary of English Place-Names; Gelling; Place-names of Oxfordshire
Shipton under Wychwood,'Sheep farm' below Wychwood.,Place-name Unknown - Place-name; scēp Old English; tūn Old English - An enclosure; a farmstead; a village; an estate.,E. Ekwall; Dictionary of English Place-Names; A.D. Mills; Dictionary of English Place-Names; Gelling; Place-names of Oxfordshire; Watts; Cambridge Dictionary of English Place-names
Shirburn,'Bright/clear stream'.,"burna Old English - A stream.; scīr Old English - A shire, a jurisdiction, an administrative district, a county.",Watts; Cambridge Dictionary of English Place-names; E. Ekwall; Dictionary of English Place-Names; Gelling; Place-names of Oxfordshire; A.D. Mills; Dictionary of English Place-Names
Shorthampton or Chilson,'Short home farm'.,"cild Old English - A child, a young person, a boy, a son.; hām-tūn Old English - A home farm.; scoren Old English - A steep, precipitous place.; tūn Old English - An enclosure; a farmstead; a village; an estate.",E. Ekwall; Dictionary of English Place-Names; Gelling; Place-names of Oxfordshire; Watts; Cambridge Dictionary of English Place-names; A.D. Mills; Dictionary of English Place-Names
Shutford,'*Scytta's ford'.,ford Old English - A ford.; Personal name (Old English) Old English - Personal name,E. Ekwall; Dictionary of English Place-Names; Gelling; Place-names of Oxfordshire; Watts; Cambridge Dictionary of English Place-names; A.D. Mills; Dictionary of English Place-Names
Sibford Ferris,"'Sibba's ford'. The family of Robert de Ferres, second earl of Derby, is mentioned in an early charter.",Family name Unknown - Family name.; ford Old English - A ford.; Personal name (Old English) Old English - Personal name,A.D. Mills; Dictionary of English Place-Names; E. Ekwall; Dictionary of English Place-Names; Gelling; Place-names of Oxfordshire; Watts; Cambridge Dictionary of English Place-names
Sibford Gower,'Sibba's ford'. The family name Goher is frequently associated with the place from 1222.,Family name Unknown - Family name.; ford Old English - A ford.; Personal name (Old English) Old English - Personal name,Watts; Cambridge Dictionary of English Place-names; Gelling; Place-names of Oxfordshire; A.D. Mills; Dictionary of English Place-Names; E. Ekwall; Dictionary of English Place-Names
Somerton,'Summer farm/settlement'.,sumor Old English - Summer.; tūn Old English - An enclosure; a farmstead; a village; an estate.,E. Ekwall; Dictionary of English Place-Names; Gelling; Place-names of Oxfordshire; Watts; Cambridge Dictionary of English Place-names; A.D. Mills; Dictionary of English Place-Names
Souldern,'Gully thorn-tree'.,sulh Old English - A plough; a ploughland (i.e. the amount of land which can be cultivated with one plough).; þorn Old English - A hawthorn-tree.,A.D. Mills; Dictionary of English Place-Names; Watts; Cambridge Dictionary of English Place-names; E. Ekwall; Dictionary of English Place-Names; Gelling; Place-names of Oxfordshire
South Leigh,'Wood/clearing'. 'South' to distinguish from North Leigh.,"lēah Old English - A forest, wood, glade, clearing; (later) a pasture, meadow.",Watts; Cambridge Dictionary of English Place-names; E. Ekwall; Dictionary of English Place-Names; Gelling; Place-names of Oxfordshire; A.D. Mills; Dictionary of English Place-Names
South Newington,'New farm/settlement'. 'South' to distinguish from North Newington.,nīwe Old English - New.; tūn Old English - An enclosure; a farmstead; a village; an estate.,E. Ekwall; Dictionary of English Place-Names; Gelling; Place-names of Oxfordshire; Watts; Cambridge Dictionary of English Place-names; A.D. Mills; Dictionary of English Place-Names
South Stoke,'Outlying farm/settlement'. In 1086 it formed part of the Bishop of Lincoln's Dorchester manor.,"stoc Old English - A place, a secondary settlement.; sūð Old English - South, southern.",A.D. Mills; Dictionary of English Place-Names; E. Ekwall; Dictionary of English Place-Names; Gelling; Place-names of Oxfordshire; Watts; Cambridge Dictionary of English Place-names
South Weston,'West farm/village'. 'South' is a later to addition to distinguish from North Weston.,"tūn Old English - An enclosure; a farmstead; a village; an estate.; west Old English - Western, west.",E. Ekwall; Dictionary of English Place-Names; Gelling; Place-names of Oxfordshire; Watts; Cambridge Dictionary of English Place-names; A.D. Mills; Dictionary of English Place-Names
Spelsbury,'*Speol's fortification'.,burh Old English - A fortified place.; Personal name (Old English) Old English - Personal name,Watts; Cambridge Dictionary of English Place-names; E. Ekwall; Dictionary of English Place-Names; A.D. Mills; Dictionary of English Place-Names; Gelling; Place-names of Oxfordshire
Stadhampton,'Hemmed-in land where a stud of horses is kept'. '-ton' is a later addition probably influenced by local places ending in -hampton.,"hamm Old English - Land hemmed in by water or marsh (perhaps also by high ground); a river-meadow; cultivated plot on the edge of woodland or moor.; stōd Old English - A stud, a herd of horses.; tūn Old English - An enclosure; a farmstead; a village; an estate.",A.D. Mills; Dictionary of English Place-Names; E. Ekwall; Dictionary of English Place-Names; Watts; Cambridge Dictionary of English Place-names; Gelling; Place-names of Oxfordshire
Standlake,'Stony stream'.,"lacu Old English - A small stream, a watercourse.; stān Old English - A stone, stone, rock.",E. Ekwall; Dictionary of English Place-Names; Gelling; Place-names of Oxfordshire; Watts; Cambridge Dictionary of English Place-names; A.D. Mills; Dictionary of English Place-Names
Stanton Harcourt,"'Stone farm/settlement', probably referring to the nearby standing stones called the Devil's Quoits. Robert de Harcourt was the owner in 1193.","Family name Unknown - Family name.; stān Old English - A stone, stone, rock.; tūn Old English - An enclosure; a farmstead; a village; an estate.",A.D. Mills; Dictionary of English Place-Names; E. Ekwall; Dictionary of English Place-Names; Gelling; Place-names of Oxfordshire; Watts; Cambridge Dictionary of English Place-names
Stanton St John,'Stony farm/settlement'. The church was given by John de Sancto Johanne in the mid-12th century.,"Family name Unknown - Family name.; stān Old English - A stone, stone, rock.; tūn Old English - An enclosure; a farmstead; a village; an estate.",Watts; Cambridge Dictionary of English Place-names; E. Ekwall; Dictionary of English Place-Names; Gelling; Place-names of Oxfordshire; A.D. Mills; Dictionary of English Place-Names
Steeple Aston,"'East farm/settlement with a steeple' (ie., a church).","ēast Old English - Eastern, east.; stēpel Old English; tūn Old English - An enclosure; a farmstead; a village; an estate.",Watts; Cambridge Dictionary of English Place-names; Gelling; Place-names of Oxfordshire; A.D. Mills; Dictionary of English Place-Names; E. Ekwall; Dictionary of English Place-Names
Steeple Barton,"'Barley farm with a steeple' (ie., a church).","bere-tūn Old English - A barley enclosure, a barley farm; later a demesne farm, an outlying grange.; stēpel Old English",E. Ekwall; Dictionary of English Place-Names; Watts; Cambridge Dictionary of English Place-names; Gelling; Place-names of Oxfordshire; A.D. Mills; Dictionary of English Place-Names
Stoke Lyne,"'Outlying farm/settlement'. It was bought in the 15th century by William Lynde and the name may be a blending of his and earlier owners, the de Isle family.","Family name Unknown - Family name.; stoc Old English - A place, a secondary settlement.",Watts; Cambridge Dictionary of English Place-names; E. Ekwall; Dictionary of English Place-Names; Gelling; Place-names of Oxfordshire; A.D. Mills; Dictionary of English Place-Names
Stoke Talmage,'Outlying farm/settlement'. Connected with Peter Thalemalche in the 12th century.,"Family name Unknown - Family name.; stoc Old English - A place, a secondary settlement.",Gelling; Place-names of Oxfordshire; A.D. Mills; Dictionary of English Place-Names; Watts; Cambridge Dictionary of English Place-names; E. Ekwall; Dictionary of English Place-Names
Stonesfield,'*Stunt's open land'.,"feld Old English - Open country, unencumbered ground (eg. land without trees as opposed to forest, level ground as opposed to hills, land without buildings); arable land (from late tenth century).; Personal name (Old English) Old English - Personal name",A.D. Mills; Dictionary of English Place-Names; Watts; Cambridge Dictionary of English Place-names; E. Ekwall; Dictionary of English Place-Names; Gelling; Place-names of Oxfordshire
Stratton Audley,'Farm/settlement on a Roman road'. It was connected with William de Alditheleg in 1244.,"Family name Unknown - Family name.; strāt Old English - A Roman road. (May be a form of ""stret"").; tūn Old English - An enclosure; a farmstead; a village; an estate.",Gelling; Place-names of Oxfordshire; A.D. Mills; Dictionary of English Place-Names; E. Ekwall; Dictionary of English Place-Names; Watts; Cambridge Dictionary of English Place-names
Swalcliffe,'Swallow cliff'.,"clif Old English - An escarpment, a hill-slope; a river-bank.; swalwe Old English",Watts; Cambridge Dictionary of English Place-names; E. Ekwall; Dictionary of English Place-Names; Gelling; Place-names of Oxfordshire; A.D. Mills; Dictionary of English Place-Names
Swerford,'Neck of land ford'.,"ford Old English - A ford.; swēora Old English - A neck; a neck of land, a col, a hollow on the top of a hill or ridge, a ridge, a narrow strip of water between two shores.",Watts; Cambridge Dictionary of English Place-names; E. Ekwall; Dictionary of English Place-Names; Gelling; Place-names of Oxfordshire; A.D. Mills; Dictionary of English Place-Names
Swinbrook and Widford,'Pig brook'.,"brōc Old English - A brook, a stream.  (Used of a stream with a muddy bed and a visible sediment load.); ford Old English - A ford.; swīn Old English - A swine, a pig.; wīðig Old English - A willow-tree; a withy.",E. Ekwall; Dictionary of English Place-Names; A.D. Mills; Dictionary of English Place-Names; Gelling; Place-names of Oxfordshire; Watts; Cambridge Dictionary of English Place-names
Swyncombe,'Pig valley'.,"cumb Old English - A coomb, a valley.  Possibly derived from Welsh ""cumm""; but possibly derived from OE ""cumb"" a vessel, cup, a small measure.; swīn Old English - A swine, a pig.",Gelling; Place-names of Oxfordshire; A.D. Mills; Dictionary of English Place-Names; Watts; Cambridge Dictionary of English Place-names; E. Ekwall; Dictionary of English Place-Names
Sydenham,'Wide hemmed-in land'.,"hamm Old English - Land hemmed in by water or marsh (perhaps also by high ground); a river-meadow; cultivated plot on the edge of woodland or moor.; sīd Old English - Large, spacious, extensive, long.",E. Ekwall; Dictionary of English Place-Names; Gelling; Place-names of Oxfordshire; Watts; Cambridge Dictionary of English Place-names; A.D. Mills; Dictionary of English Place-Names
Tackley,Uncertain. '*Taecca's wood/clearing' or 'young sheep wood/clearing'.,"lēah Old English - A forest, wood, glade, clearing; (later) a pasture, meadow.; Personal name (Old English) Old English - Personal name; tacca Old English - A teg, a young sheep.",A.D. Mills; Dictionary of English Place-Names; Gelling; Place-names of Oxfordshire; Watts; Cambridge Dictionary of English Place-names; E. Ekwall; Dictionary of English Place-Names
Tadmarton,'Toad-pool farm/settlement'.,"mere Old English - A pond, a pool, a lake.; tādige Old English - A toad.; tūn Old English - An enclosure; a farmstead; a village; an estate.",A.D. Mills; Dictionary of English Place-Names; Gelling; Place-names of Oxfordshire; Watts; Cambridge Dictionary of English Place-names; E. Ekwall; Dictionary of English Place-Names
Taynton,'Farm/settlement connected withTaeta'.,"-ingtūn Old English - A settlement called after, or connected with . . .; Personal name (Old English) Old English - Personal name",Watts; Cambridge Dictionary of English Place-names; E. Ekwall; Dictionary of English Place-Names; A.D. Mills; Dictionary of English Place-Names; Gelling; Place-names of Oxfordshire
Tetsworth,'*Taetel's enclosure'.,Personal name (Old English) Old English - Personal name; worð Old English - An enclosure.,E. Ekwall; Dictionary of English Place-Names; Gelling; Place-names of Oxfordshire; A.D. Mills; Dictionary of English Place-Names; Watts; Cambridge Dictionary of English Place-names
Thame,"The hundred of Thame take is name from the village, which in turn is named from the River Thame. The site of the meeting-place is unknown.",hundred Old English - One hundred; an administrative division of a county.; River-name Unknown - River-name,E. Ekwall; Dictionary of English Place-Names; A.D. Mills; Dictionary of English Place-Names; Anderson (unspecified work); Gelling; Place-names of Oxfordshire; Watts; Cambridge Dictionary of English Place-names
Thomley,"Uncertain. 'Dwarf, fairy wood/clearing' or perhaps, 'Thuma's wood/clearing'.","lēah Old English - A forest, wood, glade, clearing; (later) a pasture, meadow.; Personal name (Old English) Old English - Personal name; þūma Old English - Thumb; used to mean dwarf.",Watts; Cambridge Dictionary of English Place-names; E. Ekwall; Dictionary of English Place-Names; A.D. Mills; Dictionary of English Place-Names; Gelling; Place-names of Oxfordshire
Thrupp,'Outlying hamlet'.,"þrop Old English - A hamlet, an outlying farm.",Gelling; Place-names of Oxfordshire; A.D. Mills; Dictionary of English Place-Names; E. Ekwall; Dictionary of English Place-Names; Watts; Cambridge Dictionary of English Place-names
Tiddington with Albury,'*Tytta's hill'.,ald Old English; burh Old English - A fortified place.; dūn Old English - A hill.; Personal name (Old English) Old English - Personal name,E. Ekwall; Dictionary of English Place-Names; Gelling; Place-names of Oxfordshire; Watts; Cambridge Dictionary of English Place-names; A.D. Mills; Dictionary of English Place-Names
Toot Baldon,"'Bealda's hill', with later distinguishing affix, 'look-out'.",dūn Old English - A hill.; Personal name (Old English) Old English - Personal name; tote Middle English - A look-out hill.,A.D. Mills; Dictionary of English Place-Names; E. Ekwall; Dictionary of English Place-Names; Gelling; Place-names of Oxfordshire; Watts; Cambridge Dictionary of English Place-names
Towersey,'Island' with the later incorporation of de Turs family name.,"ēg Old English - An island.  In ancient settlement-names, most frequently refers to dry ground surrounded by marsh.  Also used of islands in modern sense.  In late OE names: well-watered land.; Family name Unknown - Family name.",Place-names of Buckinghamshire; E. Ekwall; Dictionary of English Place-Names; A.D. Mills; Dictionary of English Place-Names; Watts; Cambridge Dictionary of English Place-names
Upper Heyford,'Hay ford'. 'Upper' to distinguish from Lower Heyford.,ford Old English - A ford.; hēg Old English,Watts; Cambridge Dictionary of English Place-names; E. Ekwall; Dictionary of English Place-Names; Gelling; Place-names of Oxfordshire; A.D. Mills; Dictionary of English Place-Names
Upton and Signet,'Higher farm/settlement'.,"sænget Old English - Clearing; a place cleared by burning.; tūn Old English - An enclosure; a farmstead; a village; an estate.; upp Old English - Up, higher up, upon.",Watts; Cambridge Dictionary of English Place-names; Gelling; Place-names of Oxfordshire; A.D. Mills; Dictionary of English Place-Names; E. Ekwall; Dictionary of English Place-Names
Warborough,'Watch hill'.,"berg Old English; weard Old English - Watch, ward, protection.",Watts; Cambridge Dictionary of English Place-names; E. Ekwall; Dictionary of English Place-Names; Gelling; Place-names of Oxfordshire; A.D. Mills; Dictionary of English Place-Names
Wardington,"Probably, 'farm/settlement connected with *Wearda'.","-ingtūn Old English - A settlement called after, or connected with . . .; Personal name (Old English) Old English - Personal name; weard Old English - Watch, ward, protection.",Watts; Cambridge Dictionary of English Place-names; A.D. Mills; Dictionary of English Place-Names; E. Ekwall; Dictionary of English Place-Names; Gelling; Place-names of Oxfordshire
Warpsgrove,'Grove with a path/bridle way'.,"grāf Old English - A grove, a copse.; werpels Old English",E. Ekwall; Dictionary of English Place-Names; Gelling; Place-names of Oxfordshire; A.D. Mills; Dictionary of English Place-Names; Watts; Cambridge Dictionary of English Place-names
Waterperry,'Pear-tree'. The later addition of 'water' to distinguish from Woodperry. The land in this area is liable to flooding by the River Thames.,pirige Old English - A pear-tree.; water Middle English - water,A.D. Mills; Dictionary of English Place-Names; Watts; Cambridge Dictionary of English Place-names; E. Ekwall; Dictionary of English Place-Names; Gelling; Place-names of Oxfordshire
Waterstock,'Outlying farm/settlement'. 'Water' appears to be an early 13th century addition.,"stoc Old English - A place, a secondary settlement.; water Middle English - water",Watts; Cambridge Dictionary of English Place-names; Gelling; Place-names of Oxfordshire; A.D. Mills; Dictionary of English Place-Names; E. Ekwall; Dictionary of English Place-Names
Watlington,"Probably, 'farm/settlement connected with *Waecel'.","-ingas Old English - The people of . . . ; the people called after . . .; -ingtūn Old English - A settlement called after, or connected with . . .; Personal name (Old English) Old English - Personal name; tūn Old English - An enclosure; a farmstead; a village; an estate.",E. Ekwall; Dictionary of English Place-Names; Gelling; Place-names of Oxfordshire; A.D. Mills; Dictionary of English Place-Names; Watts; Cambridge Dictionary of English Place-names
Wendlebury,'*Waendla's fortification'.,burh Old English - A fortified place.; Personal name (Old English) Old English - Personal name,Watts; Cambridge Dictionary of English Place-names; E. Ekwall; Dictionary of English Place-Names; Gelling; Place-names of Oxfordshire; A.D. Mills; Dictionary of English Place-Names
Westcot Barton,'West cottages' and 'barley farm'.,"bere-tūn Old English - A barley enclosure, a barley farm; later a demesne farm, an outlying grange.; cot Old English - A cottage, a hut, a shelter, a den.; west Old English - Western, west.",Watts; Cambridge Dictionary of English Place-names; E. Ekwall; Dictionary of English Place-Names; A.D. Mills; Dictionary of English Place-Names; Gelling; Place-names of Oxfordshire
Weston on the Green,'West farm/settlement'.,"tūn Old English - An enclosure; a farmstead; a village; an estate.; west Old English - Western, west.",E. Ekwall; Dictionary of English Place-Names; Watts; Cambridge Dictionary of English Place-names; Gelling; Place-names of Oxfordshire; A.D. Mills; Dictionary of English Place-Names
Westwell,'West spring/stream'.,"wella Old English; west Old English - Western, west.",Gelling; Place-names of Oxfordshire; A.D. Mills; Dictionary of English Place-Names; Watts; Cambridge Dictionary of English Place-names; E. Ekwall; Dictionary of English Place-Names
Wheatfield,'Wheat field'.,"feld Old English - Open country, unencumbered ground (eg. land without trees as opposed to forest, level ground as opposed to hills, land without buildings); arable land (from late tenth century).; hwīt Old English - White; in early Modern English sometimes ""infertile"" in contrast with black, ""fertile"".",Watts; Cambridge Dictionary of English Place-names; E. Ekwall; Dictionary of English Place-Names; A.D. Mills; Dictionary of English Place-Names; Gelling; Place-names of Oxfordshire
Wheatley,'Wheat wood/clearing'.,"hwǣte Old English - Wheat.; lēah Old English - A forest, wood, glade, clearing; (later) a pasture, meadow.",A.D. Mills; Dictionary of English Place-Names; Gelling; Place-names of Oxfordshire; Watts; Cambridge Dictionary of English Place-names; E. Ekwall; Dictionary of English Place-Names
Whitchurch,'White church'.,"cirice Old English - A church.; hwīt Old English - White; in early Modern English sometimes ""infertile"" in contrast with black, ""fertile"".",A.D. Mills; Dictionary of English Place-Names; Gelling; Place-names of Oxfordshire; E. Ekwall; Dictionary of English Place-Names; Watts; Cambridge Dictionary of English Place-names
Wiggington,'Wicga's farm/settlement'.,"-ing- Old English - Connective particle, linking a first element to a final element.; -ingtūn Old English - A settlement called after, or connected with . . .; Personal name (Old English) Old English - Personal name; tūn Old English - An enclosure; a farmstead; a village; an estate.",Watts; Cambridge Dictionary of English Place-names; E. Ekwall; Dictionary of English Place-Names; Gelling; Place-names of Oxfordshire; A.D. Mills; Dictionary of English Place-Names
Wilcote,"'*Wifel's cottage' or perhaps, 'beetle cottage'.","cot Old English - A cottage, a hut, a shelter, a den.; Personal name (Old English) Old English - Personal name; wifel Old English - A weevil, a beetle.",E. Ekwall; Dictionary of English Place-Names; Gelling; Place-names of Oxfordshire; Watts; Cambridge Dictionary of English Place-names; A.D. Mills; Dictionary of English Place-Names
Witney,'Witta's island'.,"ēg Old English - An island.  In ancient settlement-names, most frequently refers to dry ground surrounded by marsh.  Also used of islands in modern sense.  In late OE names: well-watered land.; Personal name (Old English) Old English - Personal name",Watts; Cambridge Dictionary of English Place-names; E. Ekwall; Dictionary of English Place-Names; Gelling; Place-names of Oxfordshire; A.D. Mills; Dictionary of English Place-Names
Wolvercot,'*Wulfgar's cottages'.,"-ing- Old English - Connective particle, linking a first element to a final element.; cot Old English - A cottage, a hut, a shelter, a den.; Personal name (Old English) Old English - Personal name",E. Ekwall; Dictionary of English Place-Names; Gelling; Place-names of Oxfordshire; Watts; Cambridge Dictionary of English Place-names; A.D. Mills; Dictionary of English Place-Names
Woodeaton,'River farm/settlement'. Addition of 'wood' to distinguish from Water Eaton.,"ēa Old English - A river.; tūn Old English - An enclosure; a farmstead; a village; an estate.; wudu Old English - A wood; or wood, timber.",Gelling; Place-names of Oxfordshire; A.D. Mills; Dictionary of English Place-Names; E. Ekwall; Dictionary of English Place-Names; Watts; Cambridge Dictionary of English Place-names
Woodstock,'Wood outlying farm/settlement'.,"stoc Old English - A place, a secondary settlement.; wudu Old English - A wood; or wood, timber.",Gelling; Place-names of Oxfordshire; A.D. Mills; Dictionary of English Place-Names; E. Ekwall; Dictionary of English Place-Names; Watts; Cambridge Dictionary of English Place-names
Wootton,"'Wood farm/settlement'. The hundred is called after Wootton, but the site of the meeting-place is unknown.","hundred Old English - One hundred; an administrative division of a county.; tūn Old English - An enclosure; a farmstead; a village; an estate.; wudu Old English - A wood; or wood, timber.",Watts; Cambridge Dictionary of English Place-names; Anderson (unspecified work); A.D. Mills; Dictionary of English Place-Names; Gelling; Place-names of Oxfordshire; E. Ekwall; Dictionary of English Place-Names
Worton,'Hill-slope farm/settlement'.,"ōra Old English - A shore, hill-slope; possibly also the foot of a slope.  (Used in place-names only in the parts of southern England where Jutish and West Saxon dialects were operative.); tūn Old English - An enclosure; a farmstead; a village; an estate.",A.D. Mills; Dictionary of English Place-Names; Gelling; Place-names of Oxfordshire; Watts; Cambridge Dictionary of English Place-names; E. Ekwall; Dictionary of English Place-Names
Wroxton,'Buzzard stone'.,"stān Old English - A stone, stone, rock.; wrocc Old English - A bird of prey, probably a buzzard.",Watts; Cambridge Dictionary of English Place-names; E. Ekwall; Dictionary of English Place-Names; Gelling; Place-names of Oxfordshire; A.D. Mills; Dictionary of English Place-Names
Wychwood or Whichwood,'Hwicce's wood'.,"Hwicce Old English - A tribe which settled mostly in Gloucestershire and Worcestershire.; wudu Old English - A wood; or wood, timber.",Watts; Cambridge Dictionary of English Place-names; E. Ekwall; Dictionary of English Place-Names; A.D. Mills; Dictionary of English Place-Names; Gelling; Place-names of Oxfordshire
Yarnton,'Farm/settlement connected with *Earda'.,"-ingtūn Old English - A settlement called after, or connected with . . .; Personal name (Old English) Old English - Personal name",Watts; Cambridge Dictionary of English Place-names; A.D. Mills; Dictionary of English Place-Names; E. Ekwall; Dictionary of English Place-Names; Gelling; Place-names of Oxfordshire
