PlaceName,Etymology,Derivation,ReferenceTitle
Abdon,"'Abba's farm/settlement'. OE dun, 'hill' was later substituted for the second element.",Personal name (Old English) Old English - Personal name; tūn Old English - An enclosure; a farmstead; a village; an estate.,A.D. Mills; Dictionary of English Place-Names; Watts; Cambridge Dictionary of English Place-names; E. Ekwall; Dictionary of English Place-Names; Place-names of Sheffield (unspecified)
Acton Burnell,'Oak-tree farm/settlement'. It was held by Gerin Burnell in 1183.,āc Old English - An oak-tree.; Family name Unknown - Family name.; tūn Old English - An enclosure; a farmstead; a village; an estate.,A.D. Mills; Dictionary of English Place-Names; Watts; Cambridge Dictionary of English Place-names; Place-names of Sheffield (unspecified); E. Ekwall; Dictionary of English Place-Names
Acton Round,'Oak-tree farm/settlement' . 'Round' perhaps as an adjective or possibly because it was held by the earls of Arundel.,āc Old English - An oak-tree.; Place-name Unknown - Place-name; round Middle English - Round.; tūn Old English - An enclosure; a farmstead; a village; an estate.,A.D. Mills; Dictionary of English Place-Names; Watts; Cambridge Dictionary of English Place-names; E. Ekwall; Dictionary of English Place-Names; Place-names of Sheffield (unspecified)
Acton Scott,'Oak-tree farm/settlement'. It was held by Reginald Scot in 1255.,āc Old English - An oak-tree.; tūn Old English - An enclosure; a farmstead; a village; an estate.,Place-names of Sheffield (unspecified); E. Ekwall; Dictionary of English Place-Names; A.D. Mills; Dictionary of English Place-Names; Watts; Cambridge Dictionary of English Place-names
Adderley,"'Ealdthryth's wood/clearing', a feminine personal name.","lēah Old English - A forest, wood, glade, clearing; (later) a pasture, meadow.; Personal name (Old English) Old English - Personal name",Watts; Cambridge Dictionary of English Place-names; A.D. Mills; Dictionary of English Place-Names; Place-names of Sheffield (unspecified); E. Ekwall; Dictionary of English Place-Names
Alberbury,"'Aluburg's fortification', a feminine personal name.",burh Old English - A fortified place.; Personal name (Old English) Old English - Personal name,E. Ekwall; Dictionary of English Place-Names; Place-names of Sheffield (unspecified); A.D. Mills; Dictionary of English Place-Names; Watts; Cambridge Dictionary of English Place-names
Albrighton,'Eadbeorht's farm/settlement'. This name should have developed into 'Adbrighton' but was influenced by Albrighton near Shifnal.,Personal name (Old English) Old English - Personal name; tūn Old English - An enclosure; a farmstead; a village; an estate.,A.D. Mills; Dictionary of English Place-Names; Place-names of Sheffield (unspecified); E. Ekwall; Dictionary of English Place-Names; Watts; Cambridge Dictionary of English Place-names
Albrighton,'Aethelbeorht's farm/settlement'.,Personal name (Old English) Old English - Personal name; tūn Old English - An enclosure; a farmstead; a village; an estate.,Watts; Cambridge Dictionary of English Place-names; E. Ekwall; Dictionary of English Place-Names; A.D. Mills; Dictionary of English Place-Names; Place-names of Sheffield (unspecified)
Alveley,"'Aelfgyth's wood/clearing', a feminine personal name.","lēah Old English - A forest, wood, glade, clearing; (later) a pasture, meadow.; Personal name (Old English) Old English - Personal name",E. Ekwall; Dictionary of English Place-Names; A.D. Mills; Dictionary of English Place-Names; Watts; Cambridge Dictionary of English Place-names
Alveley,"'Aelfgyth's wood/clearing', a feminine personal name.","lēah Old English - A forest, wood, glade, clearing; (later) a pasture, meadow.; Personal name (Old English) Old English - Personal name",A.D. Mills; Dictionary of English Place-Names; Watts; Cambridge Dictionary of English Place-names; Place-names of Sheffield (unspecified); E. Ekwall; Dictionary of English Place-Names
Ashford Bowdler,'Ash-tree ford'. Henri de Boulers was a tenant 1211-2.,æsc Old English; Family name Unknown - Family name.; ford Old English - A ford.,A.D. Mills; Dictionary of English Place-Names; Watts; Cambridge Dictionary of English Place-names; Place-names of Sheffield (unspecified); E. Ekwall; Dictionary of English Place-Names
Ashford Carbonel,'Ash-tree ford'. It was held by John Carbonel in 1221.,æsc Old English; Family name Unknown - Family name.; ford Old English - A ford.,A.D. Mills; Dictionary of English Place-Names; Watts; Cambridge Dictionary of English Place-names; E. Ekwall; Dictionary of English Place-Names; Place-names of Sheffield (unspecified)
Astley,"'East wood/clearing', in relation to Albrighton.","ēast Old English - Eastern, east.; lēah Old English - A forest, wood, glade, clearing; (later) a pasture, meadow.",Watts; Cambridge Dictionary of English Place-names; Place-names of Sheffield (unspecified); E. Ekwall; Dictionary of English Place-Names; A.D. Mills; Dictionary of English Place-Names
Astley Abbots,"'East wood/clearing', in relation to Morville. It was held by the abbots of Shrewsbury Abbey.","abbas Latin - An abbot.; ēast Old English - Eastern, east.; lēah Old English - A forest, wood, glade, clearing; (later) a pasture, meadow.",E. Ekwall; Dictionary of English Place-Names; A.D. Mills; Dictionary of English Place-Names; Watts; Cambridge Dictionary of English Place-names; Place-names of Sheffield (unspecified)
Aston Botterell,'East farm/settlement'. It was held by William Boterell in 1203.,"ēast Old English - Eastern, east.; Family name Unknown - Family name.; tūn Old English - An enclosure; a farmstead; a village; an estate.",E. Ekwall; Dictionary of English Place-Names; Place-names of Sheffield (unspecified); A.D. Mills; Dictionary of English Place-Names; Watts; Cambridge Dictionary of English Place-names
Aston Eyre,"'East farm/settlement'. It was held by Robert son of Aer (Fitz Aer) in 1212. Previously, the village was distinguished by the affix Wheaten. 'growing with wheat'.","ēast Old English - Eastern, east.; Family name Unknown - Family name.; tūn Old English - An enclosure; a farmstead; a village; an estate.",E. Ekwall; Dictionary of English Place-Names; A.D. Mills; Dictionary of English Place-Names; Place-names of Sheffield (unspecified); Watts; Cambridge Dictionary of English Place-names
Atcham,"Uncertain. 'Homestead of Aetti's/Eata's people'or 'homestead at Aetti's/Eata's place'. Alternatively, the second element is 'hemmed-in land'.","-ingas Old English - The people of . . . ; the people called after . . .; hām Old English - A village, a village community, a manor, an estate, a homestead.; hamm Old English - Land hemmed in by water or marsh (perhaps also by high ground); a river-meadow; cultivated plot on the edge of woodland or moor.; ing Old English - A hill, a peak.; Personal name (Old English) Old English - Personal name",Watts; Cambridge Dictionary of English Place-names; A.D. Mills; Dictionary of English Place-Names; E. Ekwall; Dictionary of English Place-Names; Place-names of Sheffield (unspecified)
Badger,'Baecg's ridge'.,"ofer Old English - The tip of a promontory, a flat-topped ridge.; Personal name (Old English) Old English - Personal name",E. Ekwall; Dictionary of English Place-Names; Watts; Cambridge Dictionary of English Place-names; Place-names of Sheffield (unspecified); A.D. Mills; Dictionary of English Place-Names
Barrow,'At the grove'.,bearu Old English - A grove.  (Usually refers to a wood of limited extent rather than to forest areas.),E. Ekwall; Dictionary of English Place-Names; A.D. Mills; Dictionary of English Place-Names; Place-names of Sheffield (unspecified); Watts; Cambridge Dictionary of English Place-names
Baschurch,'Bas(s)a's church.,cirice Old English - A church.; Personal name (Old English) Old English - Personal name,Watts; Cambridge Dictionary of English Place-names; E. Ekwall; Dictionary of English Place-Names; Place-names of Sheffield (unspecified); A.D. Mills; Dictionary of English Place-Names
Battlefield,"This was the site of the Battle of Shrewsbury , 1403. Previously, it may have been called Hateleyfeld from OE haethiht and leah, 'heathy wood/clearing'--the transformation from one name to the other as a result of popular etymologising.","bataille Old French - Battle.; feld Old English - Open country, unencumbered ground (eg. land without trees as opposed to forest, level ground as opposed to hills, land without buildings); arable land (from late tenth century).",E. Ekwall; Dictionary of English Place-Names; Watts; Cambridge Dictionary of English Place-names; Place-names of Sheffield (unspecified); A.D. Mills; Dictionary of English Place-Names
Beckbury,'Becca's fortification'.,burh Old English - A fortified place.; Personal name (Old English) Old English - Personal name,E. Ekwall; Dictionary of English Place-Names; Place-names of Sheffield (unspecified); Watts; Cambridge Dictionary of English Place-names; A.D. Mills; Dictionary of English Place-Names
Bedstone,'Bedgeat's farm/settlement'.,Personal name (Old English) Old English - Personal name; tūn Old English - An enclosure; a farmstead; a village; an estate.,Watts; Cambridge Dictionary of English Place-names; Place-names of Sheffield (unspecified); E. Ekwall; Dictionary of English Place-Names; A.D. Mills; Dictionary of English Place-Names
Benthall,'Bent-grass nook of land'.,"beonet Old English - Bent grass.; halh Old English - A nook of land; a small valley; dry ground in marsh; a piece of land projecting from, or detached from, the main area of its administrative unit.",E. Ekwall; Dictionary of English Place-Names; Place-names of Sheffield (unspecified); A.D. Mills; Dictionary of English Place-Names; Watts; Cambridge Dictionary of English Place-names
Berrington,'Farm/settlement at the fortification'.,burh Old English - A fortified place.; tūn Old English - An enclosure; a farmstead; a village; an estate.,Watts; Cambridge Dictionary of English Place-names; E. Ekwall; Dictionary of English Place-Names; A.D. Mills; Dictionary of English Place-Names; Place-names of Sheffield (unspecified)
Bettws-y-Crwyn,'Prayer house' referring to a medieval chapel. It may be distnguished by 'pigsty'.,bettws C; crowyn C,Watts; Cambridge Dictionary of English Place-names; Place-names of Sheffield (unspecified); E. Ekwall; Dictionary of English Place-Names; A.D. Mills; Dictionary of English Place-Names
Bicton,"'Beak hill', referring to the shape of the hill that the town is situated on.",bīc Old English - A point; a bees-nest.; dūn Old English - A hill.,Watts; Cambridge Dictionary of English Place-names; E. Ekwall; Dictionary of English Place-Names; Place-names of Sheffield (unspecified); A.D. Mills; Dictionary of English Place-Names
Billingsley,"Uncertain. '*Billing's (= the hill) wood/clearing' or perhaps, less likely, is 'Billing's hill'.","billing Old English - A hill, a prominence, a promontory, a ridge.; lēah Old English - A forest, wood, glade, clearing; (later) a pasture, meadow.; Personal name (Old English) Old English - Personal name",Watts; Cambridge Dictionary of English Place-names; E. Ekwall; Dictionary of English Place-Names; A.D. Mills; Dictionary of English Place-Names; Place-names of Sheffield (unspecified)
Bishop's Castle,Named from the castle erected ca.1127 by the Bishop of Hereford.,castrum Latin - Castle.; episcopus Latin - A bishop.,A.D. Mills; Dictionary of English Place-Names; Place-names of Sheffield (unspecified); E. Ekwall; Dictionary of English Place-Names; Watts; Cambridge Dictionary of English Place-names
Bitterley,"'Butter pasture', in the late OE sense of leah.","butere Old English - Butter.; lēah Old English - A forest, wood, glade, clearing; (later) a pasture, meadow.",E. Ekwall; Dictionary of English Place-Names; A.D. Mills; Dictionary of English Place-Names; Watts; Cambridge Dictionary of English Place-names; Place-names of Sheffield (unspecified)
Bolas Magna,"'Little bend which floods and drains rapidly'. The meanders of the River Tern have been straightened, but the parish boundary records the earlier course.","bogel Old English - Little bend.; magna Latin - Big, great.; wæsse Old English",Watts; Cambridge Dictionary of English Place-names; E. Ekwall; Dictionary of English Place-Names; A.D. Mills; Dictionary of English Place-Names; Place-names of Sheffield (unspecified)
Boningale,"Uncertain. Probably, 'nook of land connected with Bola' but perhaps, 'nook of land at the tree-trunk place' or 'nook of land at the round-hill place'.","-ing Old English - Place-name forming suffix.; -ing- Old English - Connective particle, linking a first element to a final element.; bol Old English - A smooth, rounded hill.; bola Old English - A tree-trunk, a log, a plank.; halh Old English - A nook of land; a small valley; dry ground in marsh; a piece of land projecting from, or detached from, the main area of its administrative unit.; Personal name (Old English) Old English - Personal name",Place-names of Sheffield (unspecified); A.D. Mills; Dictionary of English Place-Names; E. Ekwall; Dictionary of English Place-Names; Watts; Cambridge Dictionary of English Place-names
Boraston,'East farm/settlement' with the later addition of fortification.,"burh Old English - A fortified place.; ēast Old English - Eastern, east.; tūn Old English - An enclosure; a farmstead; a village; an estate.",Place-names of Sheffield (unspecified); Watts; Cambridge Dictionary of English Place-names; A.D. Mills; Dictionary of English Place-Names; E. Ekwall; Dictionary of English Place-Names
Boscobel,"'Fair-wood' in Italian. Earlier called, White Ladies, referring to the Augustinian canonesses of the Priory of St. Leonard, Brewood.","bello I - Beautiful, fair.; bosco I - Wood.",Place-names of Sheffield (unspecified); Watts; Cambridge Dictionary of English Place-names; A.D. Mills; Dictionary of English Place-Names; E. Ekwall; Dictionary of English Place-Names
Bridgnorth,"'Bridge', later distinguished by a pseudo-manorial use of 'north'. A pre-Conquest 'Cwatbridge' in this area may refer to the same bridge. 'Cwat(t)' was perhaps the name of a district, but the origins and significance of the name are obscure.","brycg Old English - A bridge; a causeway.; norð Old English - Northern, north.",Watts; Cambridge Dictionary of English Place-names; Place-names of Sheffield (unspecified); E. Ekwall; Dictionary of English Place-Names; A.D. Mills; Dictionary of English Place-Names
Brimfield,'Broom open land'.,"brōm Old English - Broom; a thorny bush or shrub.; feld Old English - Open country, unencumbered ground (eg. land without trees as opposed to forest, level ground as opposed to hills, land without buildings); arable land (from late tenth century).",E. Ekwall; Dictionary of English Place-Names; Watts; Cambridge Dictionary of English Place-names; Coplestone-Crow; Herefordshire Place-names.; A.D. Mills; Dictionary of English Place-Names
Bromfield,'Broomy open land'.,"brōm Old English - Broom; a thorny bush or shrub.; feld Old English - Open country, unencumbered ground (eg. land without trees as opposed to forest, level ground as opposed to hills, land without buildings); arable land (from late tenth century).",A.D. Mills; Dictionary of English Place-Names; Watts; Cambridge Dictionary of English Place-names; E. Ekwall; Dictionary of English Place-Names; Place-names of Sheffield (unspecified)
Brompton and Rhiston,'Broom farm/settlement'. 'Rush farm/settlement'.,"brōm Old English - Broom; a thorny bush or shrub.; rysc Old English - A rush; in the simplex plural, a place where rushes grow, a rush bed.; tūn Old English - An enclosure; a farmstead; a village; an estate.",A.D. Mills; Dictionary of English Place-Names; Watts; Cambridge Dictionary of English Place-names; Place-names of Sheffield (unspecified); E. Ekwall; Dictionary of English Place-Names
Broseley,"'Town-guardian's wood/clearing' or perhaps, 'Burgweard's wood/clearing'.","burh-weard Old English - A town guardian.; lēah Old English - A forest, wood, glade, clearing; (later) a pasture, meadow.; Personal name (Old English) Old English - Personal name",Watts; Cambridge Dictionary of English Place-names; E. Ekwall; Dictionary of English Place-Names; Place-names of Sheffield (unspecified); A.D. Mills; Dictionary of English Place-Names
Broughton,'Fortification farm/settlement'.,burh Old English - A fortified place.; tūn Old English - An enclosure; a farmstead; a village; an estate.,Place-names of Sheffield (unspecified); E. Ekwall; Dictionary of English Place-Names; Watts; Cambridge Dictionary of English Place-names; A.D. Mills; Dictionary of English Place-Names
Bucknell,'Bucca's hill' or 'he-goats' hill'.,"bucca Old English - A he-goat.; hyll Old English - A hill, a natural eminence or elevated piece of ground.; Personal name (Old English) Old English - Personal name",E. Ekwall; Dictionary of English Place-Names; A.D. Mills; Dictionary of English Place-Names; Watts; Cambridge Dictionary of English Place-names; Place-names of Sheffield (unspecified)
Buildwas,"Uncertain. The generic is 'alluvial land which floods and drains quickly'. The specific is unlikely to be related to 'builders' or 'building' as has been suggested, although a popular association with the word build probably gave rise to the modern spelli",Obscure element Unknown - Obscure element; wæsse Old English,A.D. Mills; Dictionary of English Place-Names; Watts; Cambridge Dictionary of English Place-names; Place-names of Sheffield (unspecified); E. Ekwall; Dictionary of English Place-Names
Burford,'Fortification ford'.,burh Old English - A fortified place.; ford Old English - A ford.,Watts; Cambridge Dictionary of English Place-names; E. Ekwall; Dictionary of English Place-Names; Place-names of Sheffield (unspecified); A.D. Mills; Dictionary of English Place-Names
Burwarton,"'Town-guardian's farm/settlement' or perhaps, 'Burgweard's farm/settlement'.",burh-weard Old English - A town guardian.; Personal name (Old English) Old English - Personal name; tūn Old English - An enclosure; a farmstead; a village; an estate.,Place-names of Sheffield (unspecified); A.D. Mills; Dictionary of English Place-Names; Watts; Cambridge Dictionary of English Place-names; E. Ekwall; Dictionary of English Place-Names
Cardeston,"'*Card's farm/settlement'. A nineteenth century spelling suggests a modern association with Welsh caer, 'fortification'.",Personal name (Old English) Old English - Personal name; tūn Old English - An enclosure; a farmstead; a village; an estate.,Watts; Cambridge Dictionary of English Place-names; Place-names of Sheffield (unspecified); A.D. Mills; Dictionary of English Place-Names; E. Ekwall; Dictionary of English Place-Names
Cardington,'Farm/settlement connected with *Card(a)'.,"-ingtūn Old English - A settlement called after, or connected with . . .; Personal name (Old English) Old English - Personal name",Watts; Cambridge Dictionary of English Place-names; A.D. Mills; Dictionary of English Place-Names; Place-names of Sheffield (unspecified); E. Ekwall; Dictionary of English Place-Names
Caynham,"Uncertain. The nearby hill may have been called *Caeg (= the key), thus 'homestead/village at Key Hill)'. The first element might perhaps be an OE personal name, *Caega, but very few early forms show the presence of a genitive -n-. Alternatively, the spec","cǣg Old English - A key; perhaps used topographically of hills.; hām Old English - A village, a village community, a manor, an estate, a homestead.; hamm Old English - Land hemmed in by water or marsh (perhaps also by high ground); a river-meadow; cultivated plot on the edge of woodland or moor.; Personal name (Old English) Old English - Personal name",Watts; Cambridge Dictionary of English Place-names; The Vocabulary of English Place-Names; E. Ekwall; Dictionary of English Place-Names; A.D. Mills; Dictionary of English Place-Names; Place-names of Sheffield (unspecified)
Chelmarsh,"Probably, 'marsh marked by poles'.",cegel Old English; mersc Old English - A marsh.,Place-names of Sheffield (unspecified); E. Ekwall; Dictionary of English Place-Names; Watts; Cambridge Dictionary of English Place-names; A.D. Mills; Dictionary of English Place-Names
Cherrington,Uncertain. 'Farm/settlement connected with Ceorra' or 'river-bend farm/settlement'.,"-ing- Old English - Connective particle, linking a first element to a final element.; cerring Old English; Personal name (Old English) Old English - Personal name; tūn Old English - An enclosure; a farmstead; a village; an estate.",Place-names of Sheffield (unspecified); E. Ekwall; Dictionary of English Place-Names; Watts; Cambridge Dictionary of English Place-names; A.D. Mills; Dictionary of English Place-Names
Cheswardine,'Cheese enclosure'.,cēse Old English; worð Old English - An enclosure.; worðign Old English - An enclosure.,Watts; Cambridge Dictionary of English Place-names; E. Ekwall; Dictionary of English Place-Names; A.D. Mills; Dictionary of English Place-Names
Cheswardine,'Cheese enclosure'.,cēse Old English; worðign Old English - An enclosure.,A.D. Mills; Dictionary of English Place-Names; Place-names of Sheffield (unspecified); E. Ekwall; Dictionary of English Place-Names; Watts; Cambridge Dictionary of English Place-names
Chetton,'Farm/settlement connected with Ceatta'.,"-ingtūn Old English - A settlement called after, or connected with . . .; Personal name (Old English) Old English - Personal name",E. Ekwall; Dictionary of English Place-Names; Place-names of Sheffield (unspecified); A.D. Mills; Dictionary of English Place-Names; Watts; Cambridge Dictionary of English Place-names
Chetwynd,'Ceatta's winding path'.,Personal name (Old English) Old English - Personal name; wind Old English - Wind.,Place-names of Sheffield (unspecified); Watts; Cambridge Dictionary of English Place-names; E. Ekwall; Dictionary of English Place-Names; A.D. Mills; Dictionary of English Place-Names
Chetwynd Aston,"'East farm/settlement', in relation to Edgmond. It was distinguished by several different affixes and John de 'Chetewind' was connected to the place in 1252.","ēast Old English - Eastern, east.; Family name Unknown - Family name.; tūn Old English - An enclosure; a farmstead; a village; an estate.",E. Ekwall; Dictionary of English Place-Names; Watts; Cambridge Dictionary of English Place-names; A.D. Mills; Dictionary of English Place-Names; Place-names of Sheffield (unspecified)
Child's Ercall,"Possibly an old district name, from 'gravel' and 'bare', either originally applied to the site of High Ercall or to the hill known as The Ercall. The affix 'child' may refer to a younger member of the Strange family who once held the manor.","calu Old English - Bald, bare, lacking vegetation.; cild Old English - A child, a young person, a boy, a son.; ēar Old English - Gravel, mud, earth.",Place-names of Sheffield (unspecified); E. Ekwall; Dictionary of English Place-Names; A.D. Mills; Dictionary of English Place-Names; Watts; Cambridge Dictionary of English Place-names
Chipnall,'Knoll of a man called Cippa' or 'knoll where logs are got'.,"cipp Old English - A beam, a log.; cnoll Old English - A knoll, a small rounded hill.; Personal name (Old English) Old English - Personal name",Watts; Cambridge Dictionary of English Place-names; E. Ekwall; Dictionary of English Place-Names; A.D. Mills; Dictionary of English Place-Names
Chirbury,'Church fortification'.,burh Old English - A fortified place.; cirice Old English - A church.,Place-names of Sheffield (unspecified); E. Ekwall; Dictionary of English Place-Names; A.D. Mills; Dictionary of English Place-Names; Watts; Cambridge Dictionary of English Place-names
Church Aston,"'East farm/settlement', in relation to Edgmond. Now distinguished by 'church', the earlies affix was L. parva, 'little'.","chirche Middle English - A church.; ēast Old English - Eastern, east.; tūn Old English - An enclosure; a farmstead; a village; an estate.",A.D. Mills; Dictionary of English Place-Names; Watts; Cambridge Dictionary of English Place-names; Place-names of Sheffield (unspecified); E. Ekwall; Dictionary of English Place-Names
Church Preen,"'A brooch', possibly used in a transferred sense to describe some feature of the landscape here. cf. Pinner, Middlesex.","cirice Old English - A church.; prēon Old English - A brooch, a pin.",E. Ekwall; Dictionary of English Place-Names; Place-names of Sheffield (unspecified); A.D. Mills; Dictionary of English Place-Names; Watts; Cambridge Dictionary of English Place-names
Church Pulverbatch or Churton,"'Stream' with an unexplained first element. Locally, the village is known as 'Churton' (Chirchetona de Pulrebeche 1221).",bǣce Old English - A beach.; cirice Old English - A church.; pulfre Old English - Unknown.; tūn Old English - An enclosure; a farmstead; a village; an estate.,E. Ekwall; Dictionary of English Place-Names; A.D. Mills; Dictionary of English Place-Names; Place-names of Sheffield (unspecified); Watts; Cambridge Dictionary of English Place-names
Church Stretton,'Roman road farm/settlement'. It is on the Roman road running from Wroxeter to Leintwardine.,cirice Old English - A church.; strēt Old English; tūn Old English - An enclosure; a farmstead; a village; an estate.,E. Ekwall; Dictionary of English Place-Names; Place-names of Sheffield (unspecified); A.D. Mills; Dictionary of English Place-Names; Watts; Cambridge Dictionary of English Place-names
Claverley,'Woodland clearing where clover grows'.,"clǣfre Old English - Clover.; lēah Old English - A forest, wood, glade, clearing; (later) a pasture, meadow.",Watts; Cambridge Dictionary of English Place-names; A.D. Mills; Dictionary of English Place-Names; E. Ekwall; Dictionary of English Place-Names
Claverley,'Clover wood/clearing'.,"clǣfre Old English - Clover.; lēah Old English - A forest, wood, glade, clearing; (later) a pasture, meadow.",Place-names of Sheffield (unspecified); Watts; Cambridge Dictionary of English Place-names; A.D. Mills; Dictionary of English Place-Names; E. Ekwall; Dictionary of English Place-Names
Clee St. Margaret,"One of several places with 'Clee' in the name. Probably, 'ball-shaped massif', used as a name for the distinctive shapes of Clee Hill and Brown Clee in contrast to the long narrow escarpments of, eg., Wenlock Edge.","clēo Old English - A ball, used of a ball-shaped hill.; Saint's Name Unknown - Saint's name.",A.D. Mills; Dictionary of English Place-Names; E. Ekwall; Dictionary of English Place-Names; Place-names of Sheffield (unspecified); Watts; Cambridge Dictionary of English Place-names
Cleobury Mortimer,'Fortification by Clee'. It was held by Ralph de Mortimer in 1086. vida Clee St. Margaret.,"burh Old English - A fortified place.; clēo Old English - A ball, used of a ball-shaped hill.; Family name Unknown - Family name.",Place-names of Sheffield (unspecified); Watts; Cambridge Dictionary of English Place-names; E. Ekwall; Dictionary of English Place-Names; A.D. Mills; Dictionary of English Place-Names
Cleobury North,'Fortification by Clee'. 'North' to distinguish from Cleobury Mortimer. vida Clee St. Margaret.,"burh Old English - A fortified place.; clēo Old English - A ball, used of a ball-shaped hill.",Place-names of Sheffield (unspecified); Watts; Cambridge Dictionary of English Place-names; A.D. Mills; Dictionary of English Place-Names; E. Ekwall; Dictionary of English Place-Names
Clive,'At the cliff'.,"clif Old English - An escarpment, a hill-slope; a river-bank.",E. Ekwall; Dictionary of English Place-Names; Place-names of Sheffield (unspecified); A.D. Mills; Dictionary of English Place-Names; Watts; Cambridge Dictionary of English Place-names
Clun,Named after the River Clun.,River-name Unknown - River-name,Place-names of Sheffield (unspecified); E. Ekwall; Dictionary of English Place-Names; A.D. Mills; Dictionary of English Place-Names; Watts; Cambridge Dictionary of English Place-names
Clunbury,'River Clun fortification'.,burh Old English - A fortified place.; River-name Unknown - River-name,Watts; Cambridge Dictionary of English Place-names; Place-names of Sheffield (unspecified); E. Ekwall; Dictionary of English Place-Names; A.D. Mills; Dictionary of English Place-Names
Clungunford,"Originally simply called after the River Clun. The name of Gunvarthr, the owner 'Tempore Regis Edwardi', was incoporated into the place-name causing subsequent confusion with OE ford.",Personal name (Uncertain) Unknown - Personal name; River-name Unknown - River-name,Place-names of Sheffield (unspecified); E. Ekwall; Dictionary of English Place-Names; A.D. Mills; Dictionary of English Place-Names; Watts; Cambridge Dictionary of English Place-names
Cold Weston,West settlement' from its exposed situation.,"cald Old English; tūn Old English - An enclosure; a farmstead; a village; an estate.; west Old English - Western, west.",E. Ekwall; Dictionary of English Place-Names; A.D. Mills; Dictionary of English Place-Names; Watts; Cambridge Dictionary of English Place-names; Place-names of Sheffield (unspecified)
Condover,'River Cound ridge'.,"ofer Old English - The tip of a promontory, a flat-topped ridge.; River-name Unknown - River-name",Place-names of Sheffield (unspecified); Watts; Cambridge Dictionary of English Place-names; A.D. Mills; Dictionary of English Place-Names; E. Ekwall; Dictionary of English Place-Names
Coreley,'Crane wood/clearing'.,"corn Old English - Corn, grain.; lēah Old English - A forest, wood, glade, clearing; (later) a pasture, meadow.",E. Ekwall; Dictionary of English Place-Names; A.D. Mills; Dictionary of English Place-Names; Watts; Cambridge Dictionary of English Place-names; Place-names of Sheffield (unspecified)
Cound,Named after the Cound Brook.,River-name Unknown - River-name,E. Ekwall; Dictionary of English Place-Names; Watts; Cambridge Dictionary of English Place-names; A.D. Mills; Dictionary of English Place-Names; Place-names of Sheffield (unspecified)
Cressage,'At Christ's oak-tree'.,āc Old English - An oak-tree.; Crist Old English - Christ.,E. Ekwall; Dictionary of English Place-Names; A.D. Mills; Dictionary of English Place-Names; Watts; Cambridge Dictionary of English Place-names; Place-names of Sheffield (unspecified)
Culmington,"Probably, 'farm/settlement connect with Cuthelm'.","-ingtūn Old English - A settlement called after, or connected with . . .; Personal name (Old English) Old English - Personal name",Watts; Cambridge Dictionary of English Place-names; A.D. Mills; Dictionary of English Place-Names; Place-names of Sheffield (unspecified); E. Ekwall; Dictionary of English Place-Names
Dawley Magna,'Wood/clearing connected with Dealla' alternating with 'Dealla'a wood/clearing'.,"-ing- Old English - Connective particle, linking a first element to a final element.; lēah Old English - A forest, wood, glade, clearing; (later) a pasture, meadow.; magna Latin - Big, great.; Personal name (Old English) Old English - Personal name",A.D. Mills; Dictionary of English Place-Names; E. Ekwall; Dictionary of English Place-Names; Place-names of Sheffield (unspecified); Watts; Cambridge Dictionary of English Place-names
Deuxhill,"Perhaps, '*Deowuc's hill'.","hyll Old English - A hill, a natural eminence or elevated piece of ground.; Personal name (Old English) Old English - Personal name",A.D. Mills; Dictionary of English Place-Names; Place-names of Sheffield (unspecified); Watts; Cambridge Dictionary of English Place-names; E. Ekwall; Dictionary of English Place-Names
Diddlebury,'Dud(d)ela's fortification'.,burh Old English - A fortified place.; Personal name (Old English) Old English - Personal name,Place-names of Sheffield (unspecified); E. Ekwall; Dictionary of English Place-Names; A.D. Mills; Dictionary of English Place-Names; Watts; Cambridge Dictionary of English Place-names
Ditton Priors,"'Farm/settlement connected with Dod(d)a/Dud(d)a'. Alternatively, it has been suggested because of the frequency of names derived from OE Dod(d)ingtun or Dud(d)ingtun that they are more likely to represent topographical terms rather than personal names. Th","-ing Old English - Place-name forming suffix.; -ing- Old English - Connective particle, linking a first element to a final element.; dod Old English - A hill.; Personal name (Old English) Old English - Personal name; tūn Old English - An enclosure; a farmstead; a village; an estate.",Place-names of Sheffield (unspecified); A.D. Mills; Dictionary of English Place-Names; Watts; Cambridge Dictionary of English Place-names; E. Ekwall; Dictionary of English Place-Names
Donington,"'Farm/settlement connected with Dunna'. Alternatively, it has been suggested because of the frequency of names derived from OE Duningtun that they are more likely to represent a topographical term rather than a personal name. Thus, perhaps, 'farm/settleme","-ing Old English - Place-name forming suffix.; -ing- Old English - Connective particle, linking a first element to a final element.; dūn Old English - A hill.; Personal name (Old English) Old English - Personal name; tūn Old English - An enclosure; a farmstead; a village; an estate.",Watts; Cambridge Dictionary of English Place-names; E. Ekwall; Dictionary of English Place-Names; A.D. Mills; Dictionary of English Place-Names; Place-names of Sheffield (unspecified)
Eardington,'Farm/settlement connected with *Earda.,"-ingtūn Old English - A settlement called after, or connected with . . .; Personal name (Old English) Old English - Personal name",Watts; Cambridge Dictionary of English Place-names; A.D. Mills; Dictionary of English Place-Names; E. Ekwall; Dictionary of English Place-Names; Place-names of Sheffield (unspecified)
Easthope,"One of a series of settlement names which end in OE hop, 'valley', although it should be noted that this one is, in fact, not the easternmost of these.","ēast Old English - Eastern, east.; hop Old English - A valley; a remote enclosed space; a piece of enclosed land in a fen; an enclosure in marsh or moor.",Place-names of Sheffield (unspecified); E. Ekwall; Dictionary of English Place-Names; A.D. Mills; Dictionary of English Place-Names; Watts; Cambridge Dictionary of English Place-names
Eaton Constantine,'River farm/settlement'. It was held by Thomas de Constentin family in the 1242.,ēa Old English - A river.; Family name Unknown - Family name.; tūn Old English - An enclosure; a farmstead; a village; an estate.,Watts; Cambridge Dictionary of English Place-names; Place-names of Sheffield (unspecified); E. Ekwall; Dictionary of English Place-Names; A.D. Mills; Dictionary of English Place-Names
Eaton-under-Heywood,'River farm/settlement'. Heywood (= enclosure wood) was a royal forest mentioned in 1250.,"ēa Old English - A river.; hæg Old English - A fence, an enclosure.; tūn Old English - An enclosure; a farmstead; a village; an estate.; wudu Old English - A wood; or wood, timber.",Place-names of Sheffield (unspecified); E. Ekwall; Dictionary of English Place-Names; A.D. Mills; Dictionary of English Place-Names; Watts; Cambridge Dictionary of English Place-names
Edgmond,"'Ecgmund's hill'. As for Fitz, this name shows the loss of the final element.",dūn Old English - A hill.; Personal name (Old English) Old English - Personal name,A.D. Mills; Dictionary of English Place-Names; E. Ekwall; Dictionary of English Place-Names; Place-names of Sheffield (unspecified); Watts; Cambridge Dictionary of English Place-names
Edgton,'Ecga's hill'. The generic was later confused with OE tun.,dūn Old English - A hill.; Personal name (Old English) Old English - Personal name,A.D. Mills; Dictionary of English Place-Names; Watts; Cambridge Dictionary of English Place-names; Place-names of Sheffield (unspecified); E. Ekwall; Dictionary of English Place-Names
Ellesmere,'Elli's lake'.,"mere Old English - A pond, a pool, a lake.; Personal name (Old English) Old English - Personal name",A.D. Mills; Dictionary of English Place-Names; Watts; Cambridge Dictionary of English Place-names; Place-names of Sheffield (unspecified); E. Ekwall; Dictionary of English Place-Names
Eyton upon the Weald Moors,'Island farm/settlement' on the 'wild moors'.,"ēg Old English - An island.  In ancient settlement-names, most frequently refers to dry ground surrounded by marsh.  Also used of islands in modern sense.  In late OE names: well-watered land.; mōr Old English - A marsh, barren upland.; tūn Old English - An enclosure; a farmstead; a village; an estate.; wilde Old English - Wild; untamed or undomesticated (animal); uncultivated or desolate (land).",Place-names of Sheffield (unspecified); Watts; Cambridge Dictionary of English Place-names; A.D. Mills; Dictionary of English Place-Names; E. Ekwall; Dictionary of English Place-Names
Farlow,'Fern-covered mound/hill'.,fearn Old English - A fern; ferns; a ferny place.; hlāw Old English - A tumulus; a hill.,Watts; Cambridge Dictionary of English Place-names; A.D. Mills; Dictionary of English Place-Names; E. Ekwall; Dictionary of English Place-Names; Place-names of Sheffield (unspecified)
Fitz,"'*Fitt's hill-spur'. Like Edgmond, this name shows a loss of the final element.","fitt Old English - A fight, a contest.; hōh Old English - A heel; a sharply projecting piece of ground.; Personal name (Old English) Old English - Personal name",A.D. Mills; Dictionary of English Place-Names; Place-names of Sheffield (unspecified); Watts; Cambridge Dictionary of English Place-names; E. Ekwall; Dictionary of English Place-Names
Ford,'Ford'.,ford Old English - A ford.,Place-names of Sheffield (unspecified); E. Ekwall; Dictionary of English Place-Names; Watts; Cambridge Dictionary of English Place-names; A.D. Mills; Dictionary of English Place-Names
Frodesley,'Frod's wood/clearing'.,"lēah Old English - A forest, wood, glade, clearing; (later) a pasture, meadow.; Personal name (Old English) Old English - Personal name",E. Ekwall; Dictionary of English Place-Names; Watts; Cambridge Dictionary of English Place-names; Place-names of Sheffield (unspecified); A.D. Mills; Dictionary of English Place-Names
Glazeley,"Possibly, 'wood/clearing at *Glaes', perhaps a lost stream-name derived from OE glaes, 'glass' or 'bright/clear'.","lēah Old English - A forest, wood, glade, clearing; (later) a pasture, meadow.; River-name Unknown - River-name",Watts; Cambridge Dictionary of English Place-names; E. Ekwall; Dictionary of English Place-Names; A.D. Mills; Dictionary of English Place-Names; Place-names of Sheffield (unspecified)
Great and Little Ness,'Promontory'.,"magna Latin - Big, great.; næss Old English",E. Ekwall; Dictionary of English Place-Names; Place-names of Sheffield (unspecified); A.D. Mills; Dictionary of English Place-Names; Watts; Cambridge Dictionary of English Place-names
Great Hanwood,"Uncertain. 'Cock's wood/clearing', 'Hana's wood/clearing' or perhaps, 'stone wood/clearing'.","hān Old English - A hone, a stone, a boundary-stone, a rock.; hana Old English - A cock.; Personal name (Old English) Old English - Personal name; wudu Old English - A wood; or wood, timber.",E. Ekwall; Dictionary of English Place-Names; Place-names of Sheffield (unspecified); Watts; Cambridge Dictionary of English Place-names; A.D. Mills; Dictionary of English Place-Names
Greete," 'Gravelly place'.",grēote Old English - A gravelly place or stream.,E. Ekwall; Dictionary of English Place-Names; Place-names of Sheffield (unspecified); A.D. Mills; Dictionary of English Place-Names; Watts; Cambridge Dictionary of English Place-names
Grinshill,"Uncertain. Perhaps, 'trap hill', referring to a place where animals were 'snared' or possibly because the hill resembled a snare.","grynel Old English - Unknown: related to `grin', `noose, snare'?; hyll Old English - A hill, a natural eminence or elevated piece of ground.",Watts; Cambridge Dictionary of English Place-names; Place-names of Sheffield (unspecified); E. Ekwall; Dictionary of English Place-Names; A.D. Mills; Dictionary of English Place-Names
Habberley,"'Heathuburh's/Heahburh's wood/clearing', a feminine personal name.","lēah Old English - A forest, wood, glade, clearing; (later) a pasture, meadow.; Personal name (Old English) Old English - Personal name",Place-names of Sheffield (unspecified); A.D. Mills; Dictionary of English Place-Names; E. Ekwall; Dictionary of English Place-Names; Watts; Cambridge Dictionary of English Place-names
Hadnall,'Headda's nook of land'.,"halh Old English - A nook of land; a small valley; dry ground in marsh; a piece of land projecting from, or detached from, the main area of its administrative unit.; Personal name (Old English) Old English - Personal name",E. Ekwall; Dictionary of English Place-Names; Place-names of Sheffield (unspecified); Watts; Cambridge Dictionary of English Place-names; A.D. Mills; Dictionary of English Place-Names
Halford,"'Ford' with an uncertain first element, possibly 'nook of land'.","ford Old English - A ford.; halh Old English - A nook of land; a small valley; dry ground in marsh; a piece of land projecting from, or detached from, the main area of its administrative unit.",Watts; Cambridge Dictionary of English Place-names; E. Ekwall; Dictionary of English Place-Names; Place-names of Sheffield (unspecified); A.D. Mills; Dictionary of English Place-Names
Harley,"Probably, 'rock wood/clearing'.","hær Old English - A rock, a heap of stones, a tumulus.; lēah Old English - A forest, wood, glade, clearing; (later) a pasture, meadow.",A.D. Mills; Dictionary of English Place-Names; E. Ekwall; Dictionary of English Place-Names; Place-names of Sheffield (unspecified); Watts; Cambridge Dictionary of English Place-names
Heath,'Heath'.,hǣð Old English - Heather; a tract of uncultivated land.,Place-names of Sheffield (unspecified); E. Ekwall; Dictionary of English Place-Names; A.D. Mills; Dictionary of English Place-Names; Watts; Cambridge Dictionary of English Place-names
High Ercall,"Possibly an old district name, from 'gravel' and 'bare', either originally applied to the site of High Ercall or to the hill known as The Ercall.","calu Old English - Bald, bare, lacking vegetation.; ēar Old English - Gravel, mud, earth.; hēah Old English - A high place, a height.",Watts; Cambridge Dictionary of English Place-names; Place-names of Sheffield (unspecified); E. Ekwall; Dictionary of English Place-Names; A.D. Mills; Dictionary of English Place-Names
Highley,'*Hugga's wood/clearing'.,"lēah Old English - A forest, wood, glade, clearing; (later) a pasture, meadow.; Personal name (Old English) Old English - Personal name",E. Ekwall; Dictionary of English Place-Names; A.D. Mills; Dictionary of English Place-Names; Watts; Cambridge Dictionary of English Place-names; Place-names of Sheffield (unspecified)
Hinstock,'Servants' outlying farm/settlement'.,"hine Middle English - A hind, a servant.; stoc Old English - A place, a secondary settlement.",A.D. Mills; Dictionary of English Place-Names; Place-names of Sheffield (unspecified); E. Ekwall; Dictionary of English Place-Names; Watts; Cambridge Dictionary of English Place-names
Hodnet,'Pleasant valley'.,hawdd C; nant C,Place-names of Sheffield (unspecified); E. Ekwall; Dictionary of English Place-Names; A.D. Mills; Dictionary of English Place-Names; Watts; Cambridge Dictionary of English Place-names
Holdgate,"'Helgot's castle', but the 'castle' has been lost. Helgot was the name of the tenant in 1086. In Domesday Book, the place is called Stantune, from OE stan and tun, 'stone farm/settlement'.",castrum Latin - Castle.; Personal name (Uncertain) Unknown - Personal name,E. Ekwall; Dictionary of English Place-Names; Place-names of Sheffield (unspecified); Watts; Cambridge Dictionary of English Place-names; A.D. Mills; Dictionary of English Place-Names
Hope Bagot,'Valley'. Robert Bagard was the tenant in 1242. His surname was subsequently corrupted to Bagot in the 16th century.,Family name Unknown - Family name.; hop Old English - A valley; a remote enclosed space; a piece of enclosed land in a fen; an enclosure in marsh or moor.,Watts; Cambridge Dictionary of English Place-names; E. Ekwall; Dictionary of English Place-Names; A.D. Mills; Dictionary of English Place-Names; Place-names of Sheffield (unspecified)
Hope Bowdler,"'Valley'. Robert de Bullers was the tenant in 1201. In 1086, it appears as 'Forthraed's valley', from the OE personal name, but no owner by this name is otherwise known. In 'Tempore Regis Edwardi', it was held by Edric the Wild.",Family name Unknown - Family name.; hop Old English - A valley; a remote enclosed space; a piece of enclosed land in a fen; an enclosure in marsh or moor.,Place-names of Sheffield (unspecified); E. Ekwall; Dictionary of English Place-Names; A.D. Mills; Dictionary of English Place-Names; Watts; Cambridge Dictionary of English Place-names
Hopesay,"'Valley', with the later incorporation of the name of a feudal owner, Picot de Say",Family name Unknown - Family name.; hop Old English - A valley; a remote enclosed space; a piece of enclosed land in a fen; an enclosure in marsh or moor.,Place-names of Sheffield (unspecified); A.D. Mills; Dictionary of English Place-Names; Watts; Cambridge Dictionary of English Place-names; E. Ekwall; Dictionary of English Place-Names
Hopton Cangeford,"Valley farm/settlement'. Herbert Cangefort is mentioned in connection with Clee St. Margaret in 1199, but there does not appear to be an obvious connection with his family and Hopton.",Family name Unknown - Family name.; hop Old English - A valley; a remote enclosed space; a piece of enclosed land in a fen; an enclosure in marsh or moor.; tūn Old English - An enclosure; a farmstead; a village; an estate.,Place-names of Sheffield (unspecified); Watts; Cambridge Dictionary of English Place-names; E. Ekwall; Dictionary of English Place-Names; A.D. Mills; Dictionary of English Place-Names
Hopton Castle,'Valley'. 'Castle' refers to the 14th century stone keep of the original 12th century Norman castle.,hop Old English - A valley; a remote enclosed space; a piece of enclosed land in a fen; an enclosure in marsh or moor.; tūn Old English - An enclosure; a farmstead; a village; an estate.,A.D. Mills; Dictionary of English Place-Names; Place-names of Sheffield (unspecified); Watts; Cambridge Dictionary of English Place-names; E. Ekwall; Dictionary of English Place-Names
Hopton Wafers,'Valley farm/settlement'. Robertus Wafre de Hopton is mentioned 1255-6.,Family name Unknown - Family name.; hop Old English - A valley; a remote enclosed space; a piece of enclosed land in a fen; an enclosure in marsh or moor.; tūn Old English - An enclosure; a farmstead; a village; an estate.,A.D. Mills; Dictionary of English Place-Names; E. Ekwall; Dictionary of English Place-Names; Place-names of Sheffield (unspecified); Watts; Cambridge Dictionary of English Place-names
Hordley,"Uncertain. Perhaps, 'treasure wood/clearing'. A hoard of Roman coins was found here in the mid-20th century. However, a series of spellings, 'Hordileg' (1197-1203) are problematic.","hord Old English - Treasure.; lēah Old English - A forest, wood, glade, clearing; (later) a pasture, meadow.",Watts; Cambridge Dictionary of English Place-names; E. Ekwall; Dictionary of English Place-Names; Place-names of Sheffield (unspecified); A.D. Mills; Dictionary of English Place-Names
Hughley,"'Wood/clearing', with the later incorporation of the personal name, Hugh.","lēah Old English - A forest, wood, glade, clearing; (later) a pasture, meadow.; Personal name (Old English) Old English - Personal name",A.D. Mills; Dictionary of English Place-Names; E. Ekwall; Dictionary of English Place-Names; Watts; Cambridge Dictionary of English Place-names; Place-names of Sheffield (unspecified)
Ightfield,'River Giht's open land'. The river is now called the Ray.,"feld Old English - Open country, unencumbered ground (eg. land without trees as opposed to forest, level ground as opposed to hills, land without buildings); arable land (from late tenth century).; River-name Unknown - River-name",A.D. Mills; Dictionary of English Place-Names; Watts; Cambridge Dictionary of English Place-names; E. Ekwall; Dictionary of English Place-Names; Place-names of Sheffield (unspecified)
Kemberton,'Cenbeorht's farm/settlement'.,Personal name (Old English) Old English - Personal name; tūn Old English - An enclosure; a farmstead; a village; an estate.,Watts; Cambridge Dictionary of English Place-names; Place-names of Sheffield (unspecified); E. Ekwall; Dictionary of English Place-Names; A.D. Mills; Dictionary of English Place-Names
Kenley,'Cena's wood/clearing'.,"lēah Old English - A forest, wood, glade, clearing; (later) a pasture, meadow.; Personal name (Old English) Old English - Personal name",E. Ekwall; Dictionary of English Place-Names; Place-names of Sheffield (unspecified); A.D. Mills; Dictionary of English Place-Names; Watts; Cambridge Dictionary of English Place-names
Kingsnordley,North wood/clearing'. 'King' later affixed to show it was once held by the king.,"cyning Old English - A king.; lēah Old English - A forest, wood, glade, clearing; (later) a pasture, meadow.; norð Old English - Northern, north.",A.D. Mills; Dictionary of English Place-Names; Watts; Cambridge Dictionary of English Place-names
Kinlet,"'Royal share'. It was held in 1066 by Queen Edith, widow of Edward the Confessor.","cyne- Old English - Kingly, royal.; hlēt Old English",Place-names of Sheffield (unspecified); A.D. Mills; Dictionary of English Place-Names; Watts; Cambridge Dictionary of English Place-names; E. Ekwall; Dictionary of English Place-Names
Kinnerley,'Cyneheard's wood/clearing'.,"lēah Old English - A forest, wood, glade, clearing; (later) a pasture, meadow.; Personal name (Old English) Old English - Personal name",Watts; Cambridge Dictionary of English Place-names; Place-names of Sheffield (unspecified); E. Ekwall; Dictionary of English Place-Names; A.D. Mills; Dictionary of English Place-Names
Kinnersley,"'Cyneheard's wood/clearing'. The original final element was OE eg, 'island', subsequently replaced by OE heag, 'enclosure'.","lēah Old English - A forest, wood, glade, clearing; (later) a pasture, meadow.; Personal name (Old English) Old English - Personal name",Place-names of Sheffield (unspecified); E. Ekwall; Dictionary of English Place-Names; Watts; Cambridge Dictionary of English Place-names; A.D. Mills; Dictionary of English Place-Names
Knockin,The name appears to have been associated with both the Welsh and OE words for 'hillock'.,cnocc C; cnocc Old English - A hillock.,Place-names of Sheffield (unspecified); Watts; Cambridge Dictionary of English Place-names; A.D. Mills; Dictionary of English Place-Names; E. Ekwall; Dictionary of English Place-Names
Lee Brockhurst,"'Wood/clearing by Brockhurst (= badger's wooded hill, from OE brocc and hyrst)'. There is apparently a settlement called Brockhurst in Wem parish, but there are no references earlier than the 18th century for it.","lēah Old English - A forest, wood, glade, clearing; (later) a pasture, meadow.; Place-name Unknown - Place-name",A.D. Mills; Dictionary of English Place-Names; E. Ekwall; Dictionary of English Place-Names; Place-names of Sheffield (unspecified); Watts; Cambridge Dictionary of English Place-names
Leebotwood,'Botta's wood' with the later addition of 'clearing'.,"lēah Old English - A forest, wood, glade, clearing; (later) a pasture, meadow.; Personal name (Old English) Old English - Personal name; wudu Old English - A wood; or wood, timber.",Place-names of Sheffield (unspecified); Watts; Cambridge Dictionary of English Place-names; Watts; Dictionary of County Durham Place-names.; A.D. Mills; Dictionary of English Place-Names
Leighton,'Leek enclosure/herb garden'.,lēac-tūn Old English - A leek enclosure; a herb garden.,A.D. Mills; Dictionary of English Place-Names; E. Ekwall; Dictionary of English Place-Names; Place-names of Sheffield (unspecified); Watts; Cambridge Dictionary of English Place-names
Lilleshall,'Lill's hill'.,"hyll Old English - A hill, a natural eminence or elevated piece of ground.; Personal name (Old English) Old English - Personal name",Watts; Cambridge Dictionary of English Place-names; Place-names of Sheffield (unspecified); A.D. Mills; Dictionary of English Place-Names; E. Ekwall; Dictionary of English Place-Names
Linley,'Lime-tree wood/clearing'.,"lēah Old English - A forest, wood, glade, clearing; (later) a pasture, meadow.; lind Old English - A lime-tree.",E. Ekwall; Dictionary of English Place-Names; Watts; Cambridge Dictionary of English Place-names; Place-names of Sheffield (unspecified); A.D. Mills; Dictionary of English Place-Names
Little Wenlock,"Perhaps, 'white enclosed place'.",loca Old English - An enclosure.; parva Latin - Small.; winn Old English - A pasture.,Watts; Cambridge Dictionary of English Place-names; E. Ekwall; Dictionary of English Place-Names; Place-names of Sheffield (unspecified); A.D. Mills; Dictionary of English Place-Names
Llanfair Waterdine,"Originally, simply 'water valley'. Later, 'St. Mary's church' was added.","denu Old English - A valley.; lann C; Saint's Name Unknown - Saint's name.; wæter Old English - Water, a river, a lake.",E. Ekwall; Dictionary of English Place-Names; Watts; Cambridge Dictionary of English Place-names; A.D. Mills; Dictionary of English Place-Names; Place-names of Sheffield (unspecified)
Llanyblodwel,'Blood spring/stream' with the later addition of 'church'.,"blōd Old English - Blood.  (Probably used of blood-red colour, as a red-leaved tree or red soil.); lann C; wella Old English",Watts; Cambridge Dictionary of English Place-names; E. Ekwall; Dictionary of English Place-Names; Place-names of Sheffield (unspecified); A.D. Mills; Dictionary of English Place-Names
Longdon upon Tern,'Long hill' on the River Tern.,"dūn Old English - A hill.; lang Old English - Long, tall.; River-name Unknown - River-name",A.D. Mills; Dictionary of English Place-Names; Watts; Cambridge Dictionary of English Place-names; Place-names of Sheffield (unspecified); E. Ekwall; Dictionary of English Place-Names
Longford,"'The long ford', perhaps referring to a causeway across the Strine Brook.","ford Old English - A ford.; lang Old English - Long, tall.",Place-names of Sheffield (unspecified); A.D. Mills; Dictionary of English Place-Names; Watts; Cambridge Dictionary of English Place-names; E. Ekwall; Dictionary of English Place-Names
Longnor,"Possibly, 'tall alder-tree' but perhaps, 'long alder-copse' is more likely.","alor Old English - An alder-tree.; lang Old English - Long, tall.",Place-names of Sheffield (unspecified); A.D. Mills; Dictionary of English Place-Names; Watts; Cambridge Dictionary of English Place-names; E. Ekwall; Dictionary of English Place-Names
Loppington,"Perhaps, 'farm/settlement connected with *Loppa' or 'farm/settlement at the spidery place'. Alternatively, it has been suggested that the first element could be a hitherto unrecognised OE element *lop, 'hill', cognate with modern English lump; Loppington","-ing- Old English - Connective particle, linking a first element to a final element.; loppe Old English - A spider.; Personal name (Old English) Old English - Personal name; tūn Old English - An enclosure; a farmstead; a village; an estate.",Place-names of Sheffield (unspecified); E. Ekwall; Dictionary of English Place-Names; Watts; Cambridge Dictionary of English Place-names; A.D. Mills; Dictionary of English Place-Names
Loughton,'Lake farm/settlement'.,"luh Old English - A lough, a lake, a pool.; tūn Old English - An enclosure; a farmstead; a village; an estate.",A.D. Mills; Dictionary of English Place-Names; Place-names of Sheffield (unspecified); E. Ekwall; Dictionary of English Place-Names; Watts; Cambridge Dictionary of English Place-names
Ludford,"'Noisy stream ford', referring to a crossing of the River Teme.","ford Old English - A ford.; hlūd Old English - Loud, noisy.",Watts; Cambridge Dictionary of English Place-names; A.D. Mills; Dictionary of English Place-Names; E. Ekwall; Dictionary of English Place-Names
Ludlow,"'Noisy stream mound/hill', referring to this stretch of the River Teme. In this case, the mound may be a large tumulus that was destroyed when the town was expanded in 1199.","hlāw Old English - A tumulus; a hill.; hlūd Old English - Loud, noisy.",E. Ekwall; Dictionary of English Place-Names; A.D. Mills; Dictionary of English Place-Names; Watts; Cambridge Dictionary of English Place-names; Place-names of Sheffield (unspecified)
Lydbury North,"'Fortification on the *Hlyde (= noisy stream)', perhaps an early name for the River Kemp.",burh Old English - A fortified place.; River-name Unknown - River-name,A.D. Mills; Dictionary of English Place-Names; E. Ekwall; Dictionary of English Place-Names; Place-names of Sheffield (unspecified); Watts; Cambridge Dictionary of English Place-names
Lydham,"Uncertain. Possibly, 'at the gates' or 'at the slopes', but the significance of either of these interpretations is unclear.",hlid Old English - A slope.,A.D. Mills; Dictionary of English Place-Names; Place-names of Sheffield (unspecified); E. Ekwall; Dictionary of English Place-Names; Watts; Cambridge Dictionary of English Place-names
Madeley,'*Mad(d)a's wood/clearing'.,"lēah Old English - A forest, wood, glade, clearing; (later) a pasture, meadow.; Personal name (Old English) Old English - Personal name",Watts; Cambridge Dictionary of English Place-names; E. Ekwall; Dictionary of English Place-Names; A.D. Mills; Dictionary of English Place-Names; Place-names of Sheffield (unspecified)
Mainstone,'Mighty stone'. A stone weighing around 230 lbs is in the church here and tradition holds that it was used as a test of strength.,"mægen Old English - Might, power.; stān Old English - A stone, stone, rock.",Watts; Cambridge Dictionary of English Place-names; E. Ekwall; Dictionary of English Place-Names; Place-names of Sheffield (unspecified); A.D. Mills; Dictionary of English Place-Names
Melverley,"Probably, 'mill-ford wood/clearing'. An alternative suggestion is that the first part of the name is a Welsh place name, W mel, 'honey' and gwern, 'alder-tree'.","ford Old English - A ford.; lēah Old English - A forest, wood, glade, clearing; (later) a pasture, meadow.; myln Old English - A mill.",Place-names of Sheffield (unspecified); Watts; Cambridge Dictionary of English Place-names; A.D. Mills; Dictionary of English Place-Names; E. Ekwall; Dictionary of English Place-Names
Meole Brace,"Uncertain. Perhaps an old name for the Meole Brook derived from OE melo, 'meal'. If the water was turbid, it may have given the impression of flour or meal suspended in the water. The manor passed to Adolf de Braci at the beginning of the 13th century.",Family name Unknown - Family name.; River-name Unknown - River-name,Place-names of Sheffield (unspecified); E. Ekwall; Dictionary of English Place-Names; Watts; Cambridge Dictionary of English Place-names; A.D. Mills; Dictionary of English Place-Names
Middleton Scriven,'Middle farm/settlement'. The origins of the affix are uncertain.,"Family name Unknown - Family name.; middel Old English - Middle.; scrivener Middle English - A scribe, a clerk.; tūn Old English - An enclosure; a farmstead; a village; an estate.",Watts; Cambridge Dictionary of English Place-names; A.D. Mills; Dictionary of English Place-Names; E. Ekwall; Dictionary of English Place-Names; Place-names of Sheffield (unspecified)
Milson,"Uncertain. Either, 'mill-stone' or 'Mula's stone'. It has been suggested that this name may have originally been 'Mula's farm/settlement' and early reinterpreted as 'mill-stone'. There are no -stan spellings, but there is one in -tun.",mylen-stān Old English - A millstone; the kind of rock from which millstones are cut.; Personal name (Old English) Old English - Personal name; tūn Old English - An enclosure; a farmstead; a village; an estate.,E. Ekwall; Dictionary of English Place-Names; Watts; Cambridge Dictionary of English Place-names; Place-names of Sheffield (unspecified); A.D. Mills; Dictionary of English Place-Names
Minsterley,'Monastery wood/clearing'.,"lēah Old English - A forest, wood, glade, clearing; (later) a pasture, meadow.; mynster Old English - A monastery, the church of a monastery or religious body, a church served by secular clergy.",Watts; Cambridge Dictionary of English Place-names; A.D. Mills; Dictionary of English Place-Names; E. Ekwall; Dictionary of English Place-Names; Place-names of Sheffield (unspecified)
Monkhopton,'Valleyfarm/settlement'. It was a possession of Wenlock Priory.,hop Old English - A valley; a remote enclosed space; a piece of enclosed land in a fen; an enclosure in marsh or moor.; monke Middle English - A monk.; tūn Old English - An enclosure; a farmstead; a village; an estate.,E. Ekwall; Dictionary of English Place-Names; Watts; Cambridge Dictionary of English Place-names; A.D. Mills; Dictionary of English Place-Names; Place-names of Sheffield (unspecified)
Montford,Uncertain. Perhaps 'community ford'. The bridge here was a meeting place between English and Welsh representatives during times of negotiation. The -t- spellings arose from an association with Simon de Montfort in the 13th century and became more or less,ford Old English - A ford.; māna Old English - A community.,Place-names of Sheffield (unspecified); Watts; Cambridge Dictionary of English Place-names; E. Ekwall; Dictionary of English Place-Names; A.D. Mills; Dictionary of English Place-Names
More,'Marsh'.,"mōr Old English - A marsh, barren upland.",Place-names of Sheffield (unspecified); A.D. Mills; Dictionary of English Place-Names; Watts; Cambridge Dictionary of English Place-names; E. Ekwall; Dictionary of English Place-Names
Moreton Corbet,'Marsh farm/settlement'. It was frequently associated with the Corbet family in the 13th century.,"Family name Unknown - Family name.; mōr Old English - A marsh, barren upland.; tūn Old English - An enclosure; a farmstead; a village; an estate.",Place-names of Sheffield (unspecified); Watts; Cambridge Dictionary of English Place-names; A.D. Mills; Dictionary of English Place-Names; E. Ekwall; Dictionary of English Place-Names
Moreton Say,'Marsh farm/settlement'. It was held by Robert de Say in 1255.,"mōr Old English - A marsh, barren upland.; tūn Old English - An enclosure; a farmstead; a village; an estate.",Place-names of Sheffield (unspecified); A.D. Mills; Dictionary of English Place-Names; E. Ekwall; Dictionary of English Place-Names; Watts; Cambridge Dictionary of English Place-names
Morville,"Uncertain. The generic is 'open land'. Both a river-name and a hill-name, the latter derived from Celtic *mamm, 'hill', have been suggested, but there is as yet no satisfactory etymology for this name.","feld Old English - Open country, unencumbered ground (eg. land without trees as opposed to forest, level ground as opposed to hills, land without buildings); arable land (from late tenth century).; mamm C; River-name Unknown - River-name",Watts; Cambridge Dictionary of English Place-names; E. Ekwall; Dictionary of English Place-Names; Place-names of Sheffield (unspecified); A.D. Mills; Dictionary of English Place-Names
Much Wenlock,"Perhaps, 'white enclosed place'. White probably refers to the limestone escarpment of Wenlock Edge.","loca Old English - An enclosure.; magna Latin - Big, great.; wïnn C",Place-names of Sheffield (unspecified); E. Ekwall; Dictionary of English Place-Names; A.D. Mills; Dictionary of English Place-Names; Watts; Cambridge Dictionary of English Place-names
Munslow,"Uncertain. 'Mound/hill', with an obscure specific, possibly a personal or place name, '*Munse' or '*Munsel'.",hlāw Old English - A tumulus; a hill.; Personal name (Old English) Old English - Personal name; Place-name Unknown - Place-name,Watts; Cambridge Dictionary of English Place-names; A.D. Mills; Dictionary of English Place-Names; E. Ekwall; Dictionary of English Place-Names; Place-names of Sheffield (unspecified)
Myddle,"Possibly, 'small confluence', although this is not supported by any present day features of the landscape. The spellings may reflect of diminutive form of the element in -el.",mȳðel Old English - Small confluence.,E. Ekwall; Dictionary of English Place-Names; Place-names of Sheffield (unspecified); Watts; Cambridge Dictionary of English Place-names; A.D. Mills; Dictionary of English Place-Names
Myndtown,'Mountain' with the modern addition of 'town'.,mönið C,E. Ekwall; Dictionary of English Place-Names; Place-names of Sheffield (unspecified); Watts; Cambridge Dictionary of English Place-names; A.D. Mills; Dictionary of English Place-Names
Nash,"'At the ash-tree'. The earliest available spellings, 12th century, are Latin, 'Fraxinus'. The N- appears late, probably stemming from a misdivision of ME atten ashe.",æsc Old English,E. Ekwall; Dictionary of English Place-Names; Watts; Cambridge Dictionary of English Place-names; Place-names of Sheffield (unspecified); A.D. Mills; Dictionary of English Place-Names
Neen Savage,An old name for the River Rea. It was held by Adam le Savage in the early 13th century.,Family name Unknown - Family name.; River-name Unknown - River-name,A.D. Mills; Dictionary of English Place-Names; Place-names of Sheffield (unspecified); E. Ekwall; Dictionary of English Place-Names; Watts; Cambridge Dictionary of English Place-names
Neen Sollars,An old name for the River Rea. It was held by Roger de Solariis in ca. 1195.,Family name Unknown - Family name.; River-name Unknown - River-name,Watts; Cambridge Dictionary of English Place-names; Place-names of Sheffield (unspecified); A.D. Mills; Dictionary of English Place-Names; E. Ekwall; Dictionary of English Place-Names
Neenton,"'River Neen farm/settlement', an old name for the River Rea.",River-name Unknown - River-name; tūn Old English - An enclosure; a farmstead; a village; an estate.,A.D. Mills; Dictionary of English Place-Names; Place-names of Sheffield (unspecified); Watts; Cambridge Dictionary of English Place-names; E. Ekwall; Dictionary of English Place-Names
Newport,'New market town'. It is thought to have been founded by Henry I within the royal manor of Edgmond.,"nīwe Old English - New.; port Old English - A haven, a harbour.",Watts; Cambridge Dictionary of English Place-names; E. Ekwall; Dictionary of English Place-Names; Place-names of Sheffield (unspecified); A.D. Mills; Dictionary of English Place-Names
Norbury,'North fortification'.,"burh Old English - A fortified place.; norð Old English - Northern, north.",Watts; Cambridge Dictionary of English Place-names; E. Ekwall; Dictionary of English Place-Names; A.D. Mills; Dictionary of English Place-Names; Place-names of Sheffield (unspecified)
Norton in Hales,"'North farm/settlement'. Hales, 'nooks of land', is an old district name which refers to land on both sides of the Shropshire-Staffordshire border.","halh Old English - A nook of land; a small valley; dry ground in marsh; a piece of land projecting from, or detached from, the main area of its administrative unit.; norð Old English - Northern, north.; tūn Old English - An enclosure; a farmstead; a village; an estate.",A.D. Mills; Dictionary of English Place-Names; Watts; Cambridge Dictionary of English Place-names; E. Ekwall; Dictionary of English Place-Names; Place-names of Sheffield (unspecified)
Oldbury,'Old fortification'.,ald Old English; burh Old English - A fortified place.,A.D. Mills; Dictionary of English Place-Names; Place-names of Sheffield (unspecified); Watts; Cambridge Dictionary of English Place-names; E. Ekwall; Dictionary of English Place-Names
Onibury,'River Onny fortification'.,burh Old English - A fortified place.; River-name Unknown - River-name,A.D. Mills; Dictionary of English Place-Names; Watts; Cambridge Dictionary of English Place-names; Place-names of Sheffield (unspecified); E. Ekwall; Dictionary of English Place-Names
Oswestry,"'Oswald's tree'. It was originally called Blancmonasterium, 'white monastery'.","Personal name (Old English) Old English - Personal name; trēow Old English - A tree; a large piece of wood, a post, a beam.",A.D. Mills; Dictionary of English Place-Names; Place-names of Sheffield (unspecified); E. Ekwall; Dictionary of English Place-Names; Watts; Cambridge Dictionary of English Place-names
Petton,'Peak farm/settlement'.,"pēac Old English - A knoll, a hill, a peak.; tūn Old English - An enclosure; a farmstead; a village; an estate.",Watts; Cambridge Dictionary of English Place-names; A.D. Mills; Dictionary of English Place-Names; E. Ekwall; Dictionary of English Place-Names; Place-names of Sheffield (unspecified)
Pitchford,'Pitch ford'.,ford Old English - A ford.; pīc Old English - A point; a pointed tool; a pike (the fish); a pointed hill.,Place-names of Sheffield (unspecified); E. Ekwall; Dictionary of English Place-Names; Watts; Cambridge Dictionary of English Place-names; A.D. Mills; Dictionary of English Place-Names
Pontesbury,"Probably, 'Pant's fortification' but perhaps, 'River Pant fortification', an old name for the tributary of the River Rea that passes nearby.",burh Old English - A fortified place.; Personal name (Old English) Old English - Personal name; River-name Unknown - River-name,E. Ekwall; Dictionary of English Place-Names; Place-names of Sheffield (unspecified); A.D. Mills; Dictionary of English Place-Names; Watts; Cambridge Dictionary of English Place-names
Posenhall,"Probably, 'bag-shaped nook of land' but perhaps, less likely, is 'nook of land growing with peas'.","halh Old English - A nook of land; a small valley; dry ground in marsh; a piece of land projecting from, or detached from, the main area of its administrative unit.; pisen Old English - Growing with pease.; pusa Old English - Bag.",Place-names of Sheffield (unspecified); E. Ekwall; Dictionary of English Place-Names; A.D. Mills; Dictionary of English Place-Names; Watts; Cambridge Dictionary of English Place-names
Prees,'Brushwood'.,pres C,A.D. Mills; Dictionary of English Place-Names; E. Ekwall; Dictionary of English Place-Names; Watts; Cambridge Dictionary of English Place-names; Place-names of Sheffield (unspecified)
Preston Gubbals,'Priests' farm/settlement'. It was held in 1086 by a priest name Godebold who was a tenant of St. Alkmund's church in Shrewsbury.,Personal name (Uncertain) Unknown - Personal name; prēost Old English - A priest.; tūn Old English - An enclosure; a farmstead; a village; an estate.,A.D. Mills; Dictionary of English Place-Names; E. Ekwall; Dictionary of English Place-Names; Watts; Cambridge Dictionary of English Place-names; Place-names of Sheffield (unspecified)
Preston upon the Weald Moors,'Priests' farm/settlement' on the 'wild moors'.,"mōr Old English - A marsh, barren upland.; prēost Old English - A priest.; tūn Old English - An enclosure; a farmstead; a village; an estate.; wilde Old English - Wild; untamed or undomesticated (animal); uncultivated or desolate (land).",E. Ekwall; Dictionary of English Place-Names; Place-names of Sheffield (unspecified); A.D. Mills; Dictionary of English Place-Names; Watts; Cambridge Dictionary of English Place-names
Quatford,"'Cwat(t) ford'. 'Cwat(t)' was perhaps the name of a district, but the origins and significance of the name are obscure.",ford Old English - A ford.; Place-name Unknown - Place-name,Place-names of Sheffield (unspecified); E. Ekwall; Dictionary of English Place-Names; A.D. Mills; Dictionary of English Place-Names; Watts; Cambridge Dictionary of English Place-names
Quatt,"Uncertain. OE *cwaett of uncertain meaning and origin, possibly related to quat 'a pimple, a small boil'.",Cwat Old English - Obscure district name.,Watts; Cambridge Dictionary of English Place-names; A.D. Mills; Dictionary of English Place-Names
Quatt,"'Cwat(t)' was perhaps the name of a district. The origins and significance of the name are obscure, although it has been suggested that it is related to ME quat, 'pimple'.",Cwat Old English - Obscure district name.,E. Ekwall; Dictionary of English Place-Names; Place-names of Sheffield (unspecified); A.D. Mills; Dictionary of English Place-Names; Watts; Cambridge Dictionary of English Place-names
Ratlinghope,"'Valley connected with *Rotel' or perhaps, 'valley at/called *Rotel's place'.","-ing Old English - Place-name forming suffix.; -ing- Old English - Connective particle, linking a first element to a final element.; hop Old English - A valley; a remote enclosed space; a piece of enclosed land in a fen; an enclosure in marsh or moor.; Personal name (Old English) Old English - Personal name",Watts; Cambridge Dictionary of English Place-names; Place-names of Sheffield (unspecified); E. Ekwall; Dictionary of English Place-Names; A.D. Mills; Dictionary of English Place-Names
Richard's Castle,"'Richard's castle', built by and called after Richard Fitz Scrob, a favourite of Edward the Confessor.",castel Old English - A defensive building; a village.; Personal name (Uncertain) Unknown - Personal name,Watts; Cambridge Dictionary of English Place-names; A.D. Mills; Dictionary of English Place-Names; E. Ekwall; Dictionary of English Place-Names; Coplestone-Crow; Herefordshire Place-names.
Rodington,'River Roden farm/settlement'.,River-name Unknown - River-name; tūn Old English - An enclosure; a farmstead; a village; an estate.,Place-names of Sheffield (unspecified); Watts; Cambridge Dictionary of English Place-names; E. Ekwall; Dictionary of English Place-Names; A.D. Mills; Dictionary of English Place-Names
Romsley,Probably 'the raven's wood'.,"hræfn Old English - A raven.; lēah Old English - A forest, wood, glade, clearing; (later) a pasture, meadow.",Watts; Cambridge Dictionary of English Place-names; A.D. Mills; Dictionary of English Place-Names
Romsley,Probably 'raven's wood/clearing'.,"hræfn Old English - A raven.; lēah Old English - A forest, wood, glade, clearing; (later) a pasture, meadow.",Place-names of Sheffield (unspecified); E. Ekwall; Dictionary of English Place-Names; Watts; Cambridge Dictionary of English Place-names; A.D. Mills; Dictionary of English Place-Names
Rowley,The rough glade.,"lēah Old English - A forest, wood, glade, clearing; (later) a pasture, meadow.; rūh Old English - Rough.",
Ruckley and Langley,'Rook wood/clearing'. 'Long wood/clearing'.,"hrōc Old English - A rook.; lang Old English - Long, tall.; lēah Old English - A forest, wood, glade, clearing; (later) a pasture, meadow.",Place-names of Sheffield (unspecified); A.D. Mills; Dictionary of English Place-Names; E. Ekwall; Dictionary of English Place-Names; Watts; Cambridge Dictionary of English Place-names
Rudge,'(Place at) the ridge'.,hrycg Old English - A ridge.,Watts; Cambridge Dictionary of English Place-names; A.D. Mills; Dictionary of English Place-Names
Rudge,'Ridge'.,hrycg Old English - A ridge.,Watts; Cambridge Dictionary of English Place-names; E. Ekwall; Dictionary of English Place-Names; Place-names of Sheffield (unspecified); A.D. Mills; Dictionary of English Place-Names
Rushbury,'Rush fortification'.,"burh Old English - A fortified place.; rysc Old English - A rush; in the simplex plural, a place where rushes grow, a rush bed.",Place-names of Sheffield (unspecified); E. Ekwall; Dictionary of English Place-Names; Watts; Cambridge Dictionary of English Place-names; A.D. Mills; Dictionary of English Place-Names
Ruyton of the Eleven Towns,'Rye farm/settlement'. The parish was divided into 11 townships.,ryge Old English - Rye.; tūn Old English - An enclosure; a farmstead; a village; an estate.,A.D. Mills; Dictionary of English Place-Names; Place-names of Sheffield (unspecified); Watts; Cambridge Dictionary of English Place-names; E. Ekwall; Dictionary of English Place-Names
Ryton,'Rye farm/settlement'.,ryge Old English - Rye.; tūn Old English - An enclosure; a farmstead; a village; an estate.,Place-names of Sheffield (unspecified); E. Ekwall; Dictionary of English Place-Names; Watts; Cambridge Dictionary of English Place-names; A.D. Mills; Dictionary of English Place-Names
Selattyn,"Uncertain. 'Plough(-land) farm/settlement' or perhaps, 'gully farm/settlement'.",sulh Old English - A plough; a ploughland (i.e. the amount of land which can be cultivated with one plough).; tūn Old English - An enclosure; a farmstead; a village; an estate.,E. Ekwall; Dictionary of English Place-Names; Watts; Cambridge Dictionary of English Place-names; A.D. Mills; Dictionary of English Place-Names; Place-names of Sheffield (unspecified)
Shawbury,'Small wood fortification'.,burh Old English - A fortified place.; sceaga Old English - A small wood.,A.D. Mills; Dictionary of English Place-Names; Watts; Cambridge Dictionary of English Place-names; Place-names of Sheffield (unspecified); E. Ekwall; Dictionary of English Place-Names
Sheinton,"'Beautiful farm/settlement' or perhaps, 'Scene's farm/settlement'.","Personal name (Old English) Old English - Personal name; scenc Old English - A drink, a draught.; scēne Old English; tūn Old English - An enclosure; a farmstead; a village; an estate.",Place-names of Sheffield (unspecified); E. Ekwall; Dictionary of English Place-Names; A.D. Mills; Dictionary of English Place-Names; Watts; Cambridge Dictionary of English Place-names
Shelve,"'Shelf'. Used of shelving terrain, a flat area in otherwise undulating ground.","scelf Old English - A shelf, a shelving terrain; a pinnacle, battlement.",A.D. Mills; Dictionary of English Place-Names; Place-names of Sheffield (unspecified); Watts; Cambridge Dictionary of English Place-names; E. Ekwall; Dictionary of English Place-Names
Sheriff Hales,"'Nooks of land'. It was held by the Sheriff of Shropshire, Reginald of Balliol, in Domesday Book.","halh Old English - A nook of land; a small valley; dry ground in marsh; a piece of land projecting from, or detached from, the main area of its administrative unit.; scīr-rēfa Old English - A sheriff, the king's executive.","A.D. Mills; Dictionary of English Place-Names; M. Gelling, The Place-Names of Shropshire, EPNS; Watts; Cambridge Dictionary of English Place-names"
Sheriff Hales,"'Nooks of land'. It was held by Rainald Bailgiole, Sheriff of Shropshire in 1086.","halh Old English - A nook of land; a small valley; dry ground in marsh; a piece of land projecting from, or detached from, the main area of its administrative unit.; scīr-rēfa Old English - A sheriff, the king's executive.",E. Ekwall; Dictionary of English Place-Names; Place-names of Sheffield (unspecified); A.D. Mills; Dictionary of English Place-Names; Watts; Cambridge Dictionary of English Place-names
Shifnal,"Probably, '*Scuffa's nook of land'. It was also known as Iddeshale, '*Idi's nook of land'.","halh Old English - A nook of land; a small valley; dry ground in marsh; a piece of land projecting from, or detached from, the main area of its administrative unit.; Personal name (Old English) Old English - Personal name",Place-names of Sheffield (unspecified); A.D. Mills; Dictionary of English Place-Names; Watts; Cambridge Dictionary of English Place-names; E. Ekwall; Dictionary of English Place-Names
Shipley,'clearing or pasture where sheep are kept'.,"lēah Old English - A forest, wood, glade, clearing; (later) a pasture, meadow.",Watts; Cambridge Dictionary of English Place-names; A.D. Mills; Dictionary of English Place-Names
Shipton,'Sheep farm/settlement'.,scēp Old English; tūn Old English - An enclosure; a farmstead; a village; an estate.,A.D. Mills; Dictionary of English Place-Names; E. Ekwall; Dictionary of English Place-Names; Watts; Cambridge Dictionary of English Place-names; Place-names of Sheffield (unspecified)
Shrawardine,"'Hovel enclosure', 'hollow enclosure' or 'cave/pit enclosure'. Alternatively, 'Screawa's enclosure'","Personal name (Old English) Old English - Personal name; scræf Old English - A cavern, a hole in the ground; a hovel, a hut.; worðign Old English - An enclosure.",A.D. Mills; Dictionary of English Place-Names; Place-names of Sheffield (unspecified); E. Ekwall; Dictionary of English Place-Names; Watts; Cambridge Dictionary of English Place-names
Shrewsbury,"'Scrub-land fortification'. Two Welsh appellations are known, Amwythig (14th century) and Moythink (16th century). A third name. Pengwern, 'head of the alder-swamp'. appears but there is no firm evidence that this is Shrewsbury.","burh Old English - A fortified place.; scrubb Old English - A shrub, brushwood, a place overgrown with brushwood.",Place-names of Sheffield (unspecified); E. Ekwall; Dictionary of English Place-Names; Watts; Cambridge Dictionary of English Place-names; A.D. Mills; Dictionary of English Place-Names
Sibdon Carwood," 'Sibba's farm/settlement'. The affix is perhaps the name of a wood which lay to the north. There are few records of the name, but it appears to be 'rock wood'.","carreg C; Personal name (Old English) Old English - Personal name; tūn Old English - An enclosure; a farmstead; a village; an estate.; wudu Old English - A wood; or wood, timber.",E. Ekwall; Dictionary of English Place-Names; Place-names of Sheffield (unspecified); A.D. Mills; Dictionary of English Place-Names; Watts; Cambridge Dictionary of English Place-names
Sidbury,'South fortification'.,"burh Old English - A fortified place.; sūð Old English - South, southern.",Place-names of Sheffield (unspecified); E. Ekwall; Dictionary of English Place-Names; A.D. Mills; Dictionary of English Place-Names; Watts; Cambridge Dictionary of English Place-names
Silvington,"Probably, 'farm/settlement connected with Sigelaf/Sigewulf'. However, available spellings are late (13th century) and the proposed etymology is somewhat uncertain.","-ingtūn Old English - A settlement called after, or connected with . . .; Personal name (Old English) Old English - Personal name",E. Ekwall; Dictionary of English Place-Names; Place-names of Sheffield (unspecified); A.D. Mills; Dictionary of English Place-Names; Watts; Cambridge Dictionary of English Place-names
Smethcott,'Smiths' cottages'.,"cot Old English - A cottage, a hut, a shelter, a den.; smið Old English - A smith, a worker in metal.",Watts; Cambridge Dictionary of English Place-names; A.D. Mills; Dictionary of English Place-Names; Place-names of Sheffield (unspecified); E. Ekwall; Dictionary of English Place-Names
Stanton Lacy,'Stone farm/settlement'. It was held by Roger de Laci in 1086.,"Family name Unknown - Family name.; stān Old English - A stone, stone, rock.; tūn Old English - An enclosure; a farmstead; a village; an estate.",Watts; Cambridge Dictionary of English Place-names; A.D. Mills; Dictionary of English Place-Names; E. Ekwall; Dictionary of English Place-Names; Place-names of Sheffield (unspecified)
Stanton Long,'Stone farm/settlement'. 'Long' because of the shape of the parish.,"lang Old English - Long, tall.; stān Old English - A stone, stone, rock.; tūn Old English - An enclosure; a farmstead; a village; an estate.",Place-names of Sheffield (unspecified); A.D. Mills; Dictionary of English Place-Names; E. Ekwall; Dictionary of English Place-Names; Watts; Cambridge Dictionary of English Place-names
Stanton upon Hine Heath,"'Stone farm/settlement'. The affix is either, 'servants' heath' or 'monastic community's heath'.","heth Middle English - Heath.; hine Middle English - A hind, a servant.; stān Old English - A stone, stone, rock.; tūn Old English - An enclosure; a farmstead; a village; an estate.",A.D. Mills; Dictionary of English Place-Names; Place-names of Sheffield (unspecified); Watts; Cambridge Dictionary of English Place-names; E. Ekwall; Dictionary of English Place-Names
Stapleton,"'Steep-place farm/settlement'. It was called Hundeslit in 1086, from the OE personal name Hund and Hlith (= the hill-side), the latter a place-name name which probably referred to a local district called after Lyth Hill, which dominates the landscape.",stēpel Old English; tūn Old English - An enclosure; a farmstead; a village; an estate.,Place-names of Sheffield (unspecified); Watts; Cambridge Dictionary of English Place-names; A.D. Mills; Dictionary of English Place-Names; E. Ekwall; Dictionary of English Place-Names
Stirchley,'Bullock/heifer wood/clearing'.,"lēah Old English - A forest, wood, glade, clearing; (later) a pasture, meadow.; stīrc Old English - A stirk, a young bullock or heifer.",Place-names of Sheffield (unspecified); E. Ekwall; Dictionary of English Place-Names; A.D. Mills; Dictionary of English Place-Names; Watts; Cambridge Dictionary of English Place-names
Stockton,"Probably, 'farm/settlement associated with an outlying farm/settlement'.","stoc Old English - A place, a secondary settlement.; tūn Old English - An enclosure; a farmstead; a village; an estate.",A.D. Mills; Dictionary of English Place-Names; E. Ekwall; Dictionary of English Place-Names; Place-names of Sheffield (unspecified); Watts; Cambridge Dictionary of English Place-names
Stoke St. Milborough,'Outlying farm/settlement'. It was in the possession of St. Milborough's (OE Mildburh) priory.,"Saint's Name Unknown - Saint's name.; stoc Old English - A place, a secondary settlement.",Watts; Cambridge Dictionary of English Place-names; A.D. Mills; Dictionary of English Place-Names; Place-names of Sheffield (unspecified); E. Ekwall; Dictionary of English Place-Names
Stoke upon Tern,'Outlying farm/settlement' on the River Tern.,"River-name Unknown - River-name; stoc Old English - A place, a secondary settlement.",E. Ekwall; Dictionary of English Place-Names; Watts; Cambridge Dictionary of English Place-names; A.D. Mills; Dictionary of English Place-Names; Place-names of Sheffield (unspecified)
Stokesay,'Outlying farm/settlement' with the later incoropration of the de Say family name who held the manor in the 12th and 13th centuries.,"Family name Unknown - Family name.; stoc Old English - A place, a secondary settlement.",E. Ekwall; Dictionary of English Place-Names; A.D. Mills; Dictionary of English Place-Names; Watts; Cambridge Dictionary of English Place-names; Place-names of Sheffield (unspecified)
Stottesdon,"Either, 'horseman's hill' or 'stud hill'.","dūn Old English - A hill.; stōd Old English - A stud, a herd of horses.; stōdere Old English - Horseman.",Watts; Cambridge Dictionary of English Place-names; E. Ekwall; Dictionary of English Place-Names; A.D. Mills; Dictionary of English Place-Names; Place-names of Sheffield (unspecified)
Stow,'Place'.,stōw Old English - A place; a place of assembly; a holy place.,Watts; Cambridge Dictionary of English Place-names; E. Ekwall; Dictionary of English Place-Names; Place-names of Sheffield (unspecified); A.D. Mills; Dictionary of English Place-Names
Sutton,'South farm/settlement'.,"sūð Old English - South, southern.; tūn Old English - An enclosure; a farmstead; a village; an estate.",E. Ekwall; Dictionary of English Place-Names; Watts; Cambridge Dictionary of English Place-names; Place-names of Sheffield (unspecified); A.D. Mills; Dictionary of English Place-Names
Sutton Maddock,'South farm/settlement'. Madoc was the personal name of three generations of a family which held the manor in the 12th and 13th centuries.,"Family name Unknown - Family name.; sūð Old English - South, southern.; tūn Old English - An enclosure; a farmstead; a village; an estate.",E. Ekwall; Dictionary of English Place-Names; Place-names of Sheffield (unspecified); Watts; Cambridge Dictionary of English Place-names; A.D. Mills; Dictionary of English Place-Names
Sutton upon Tern,'South farm/settlement' on the River Tern.,"River-name Unknown - River-name; sūð Old English - South, southern.; tūn Old English - An enclosure; a farmstead; a village; an estate.",Watts; Cambridge Dictionary of English Place-names; E. Ekwall; Dictionary of English Place-Names; A.D. Mills; Dictionary of English Place-Names; Place-names of Sheffield (unspecified)
Sychtyn,"Possibly, 'bog farm/settlement' or 'south farm/settlement'.","sōg Old English - A bog, a swamp.; sūð Old English - South, southern.; tūn Old English - An enclosure; a farmstead; a village; an estate.",A.D. Mills; Dictionary of English Place-Names; Place-names of Sheffield (unspecified); E. Ekwall; Dictionary of English Place-Names; Watts; Cambridge Dictionary of English Place-names
Tasley,"'Wood/clearing' with an obscure first element. 'Teasel' has been suggested, but this has been disputed on the grounds that it does not suit the available spellings.","lēah Old English - A forest, wood, glade, clearing; (later) a pasture, meadow.; Obscure element Unknown - Obscure element; tǣsel Old English - A teasel.",E. Ekwall; Dictionary of English Place-Names; A.D. Mills; Dictionary of English Place-Names; Place-names of Sheffield (unspecified); Watts; Cambridge Dictionary of English Place-names
Tibberton,'Tidbeorht's farm/settlement'.,Personal name (Old English) Old English - Personal name; tūn Old English - An enclosure; a farmstead; a village; an estate.,E. Ekwall; Dictionary of English Place-Names; Watts; Cambridge Dictionary of English Place-names; Place-names of Sheffield (unspecified); A.D. Mills; Dictionary of English Place-Names
Tittenley,'Titta's clearnig or wood'.,"lēah Old English - A forest, wood, glade, clearing; (later) a pasture, meadow.; Personal name (Old English) Old English - Personal name",Watts; Cambridge Dictionary of English Place-names; Dodgson; Place-names of Cheshire; E. Ekwall; Dictionary of English Place-Names; A.D. Mills; Dictionary of English Place-Names
Tong,"Literally, 'tong', probably used of a 'spit of land' or a prominent 'tong-shaped' feature. In this case, it describes the situation of the village between the two headstreams of the River Worfe.",tweonga Old English - A pinched piece: a spit of land.,Place-names of Sheffield (unspecified); Watts; Cambridge Dictionary of English Place-names; E. Ekwall; Dictionary of English Place-Names; A.D. Mills; Dictionary of English Place-Names
Tugford,'*Tucga's ford'.,ford Old English - A ford.; Personal name (Old English) Old English - Personal name,Watts; Cambridge Dictionary of English Place-names; A.D. Mills; Dictionary of English Place-Names; Place-names of Sheffield (unspecified); E. Ekwall; Dictionary of English Place-Names
Uffington,"'Farm/settlement connected with Uffa' or perhaps simply, 'Uffa's farm/settlement'.","-ing- Old English - Connective particle, linking a first element to a final element.; Personal name (Old English) Old English - Personal name; tūn Old English - An enclosure; a farmstead; a village; an estate.",Watts; Cambridge Dictionary of English Place-names; Place-names of Sheffield (unspecified); E. Ekwall; Dictionary of English Place-Names; A.D. Mills; Dictionary of English Place-Names
Uppington,'Farm/settlement connected with *Uppa'.,"-ingtūn Old English - A settlement called after, or connected with . . .; Personal name (Old English) Old English - Personal name",Watts; Cambridge Dictionary of English Place-names; E. Ekwall; Dictionary of English Place-Names; A.D. Mills; Dictionary of English Place-Names; Place-names of Sheffield (unspecified)
Upton Cresset,'Higher farm/settlement'. It was acquired through marriage by Thomas Cresset in the 13th century.,"Family name Unknown - Family name.; tūn Old English - An enclosure; a farmstead; a village; an estate.; upp Old English - Up, higher up, upon.",E. Ekwall; Dictionary of English Place-Names; A.D. Mills; Dictionary of English Place-Names; Place-names of Sheffield (unspecified); Watts; Cambridge Dictionary of English Place-names
Upton Magna,'Higher farm/settlement'.,"magna Latin - Big, great.; tūn Old English - An enclosure; a farmstead; a village; an estate.; upp Old English - Up, higher up, upon.",Place-names of Sheffield (unspecified); A.D. Mills; Dictionary of English Place-Names; Watts; Cambridge Dictionary of English Place-names; E. Ekwall; Dictionary of English Place-Names
Waters Upton,'Higher farm/settlement'. Walter de Opton was the tenant in 1242.,"Personal name (Uncertain) Unknown - Personal name; tūn Old English - An enclosure; a farmstead; a village; an estate.; upp Old English - Up, higher up, upon.",Watts; Cambridge Dictionary of English Place-names; Place-names of Sheffield (unspecified); E. Ekwall; Dictionary of English Place-Names; A.D. Mills; Dictionary of English Place-Names
Wellington,"Uncertain. Perhaps, 'farm/settlement connected with *Weola'. Otherwise the first element could be an obscure OE *waeling or *weling, perhaps 'wall place'. Alternative suggestions include OE *weoling, referring to some sort of mechanical device or *weoh-le","-ing Old English - Place-name forming suffix.; -ing- Old English - Connective particle, linking a first element to a final element.; lēah Old English - A forest, wood, glade, clearing; (later) a pasture, meadow.; Personal name (Old English) Old English - Personal name; tūn Old English - An enclosure; a farmstead; a village; an estate.; walu Old English - A ridge of earth or stone.; wēoh Old English - Holy.; wēoling Old English - A mechanical device.",Place-names of Sheffield (unspecified); E. Ekwall; Dictionary of English Place-Names; A.D. Mills; Dictionary of English Place-Names; Watts; Cambridge Dictionary of English Place-names
Welshampton,'High farm/settlement'. The affix 'Welsh' is a reflection of its proximity to Flintshire.,"hēah Old English - A high place, a height.; tūn Old English - An enclosure; a farmstead; a village; an estate.; Welisc Middle English - Welsh.",E. Ekwall; Dictionary of English Place-Names; Place-names of Sheffield (unspecified); Watts; Cambridge Dictionary of English Place-names; A.D. Mills; Dictionary of English Place-Names
Wem,'Marshy place'.,wemm Old English - Filth; a marshy place.,Place-names of Sheffield (unspecified); A.D. Mills; Dictionary of English Place-Names; E. Ekwall; Dictionary of English Place-Names; Watts; Cambridge Dictionary of English Place-names
Wentnor,'*Wonta's/*Wenta's flat-topped ridge'.,"ōfer Old English - A margin; a river-bank, sea-shore.; Personal name (Old English) Old English - Personal name",Place-names of Sheffield (unspecified); A.D. Mills; Dictionary of English Place-Names; E. Ekwall; Dictionary of English Place-Names; Watts; Cambridge Dictionary of English Place-names
West Felton,'Open land farm/settlement'.,"feld Old English - Open country, unencumbered ground (eg. land without trees as opposed to forest, level ground as opposed to hills, land without buildings); arable land (from late tenth century).; tūn Old English - An enclosure; a farmstead; a village; an estate.; west Old English - Western, west.",Place-names of Sheffield (unspecified); E. Ekwall; Dictionary of English Place-Names; A.D. Mills; Dictionary of English Place-Names; Watts; Cambridge Dictionary of English Place-names
Westbury,'West fortification'.,"burh Old English - A fortified place.; west Old English - Western, west.",Place-names of Sheffield (unspecified); E. Ekwall; Dictionary of English Place-Names; Watts; Cambridge Dictionary of English Place-names; A.D. Mills; Dictionary of English Place-Names
Weston and Wixhill under Redcastle,'West farm/settlement'. 'Wittuc's hill'.,"tūn Old English - An enclosure; a farmstead; a village; an estate.; west Old English - Western, west.",A.D. Mills; Dictionary of English Place-Names; E. Ekwall; Dictionary of English Place-Names; Watts; Cambridge Dictionary of English Place-names; Place-names of Sheffield (unspecified)
Weston Rhyn,"'West farm/settlement'. Rhyn, 'peak' is a nearby settlement.","rhyn C; tūn Old English - An enclosure; a farmstead; a village; an estate.; west Old English - Western, west.",Place-names of Sheffield (unspecified); E. Ekwall; Dictionary of English Place-Names; A.D. Mills; Dictionary of English Place-Names; Watts; Cambridge Dictionary of English Place-names
Wheathill,'Wheat hill'.,"hwǣte Old English - Wheat.; hyll Old English - A hill, a natural eminence or elevated piece of ground.",Watts; Cambridge Dictionary of English Place-names; Place-names of Sheffield (unspecified); E. Ekwall; Dictionary of English Place-Names; A.D. Mills; Dictionary of English Place-Names
Whitchurch,"'White church'. Originally called Westune (1086), 'west farm/settlement'.","cirice Old English - A church.; hwīt Old English - White; in early Modern English sometimes ""infertile"" in contrast with black, ""fertile"".",Place-names of Sheffield (unspecified); Watts; Cambridge Dictionary of English Place-names; A.D. Mills; Dictionary of English Place-Names; E. Ekwall; Dictionary of English Place-Names
Whittington,'Farm/settlement connected with Hwita'.,"-ingtūn Old English - A settlement called after, or connected with . . .; Personal name (Old English) Old English - Personal name",Watts; Cambridge Dictionary of English Place-names; Place-names of Sheffield (unspecified); A.D. Mills; Dictionary of English Place-Names; E. Ekwall; Dictionary of English Place-Names
Whitton,'White farm/settlement'.,"hwīt Old English - White; in early Modern English sometimes ""infertile"" in contrast with black, ""fertile"".; tūn Old English - An enclosure; a farmstead; a village; an estate.",E. Ekwall; Dictionary of English Place-Names; A.D. Mills; Dictionary of English Place-Names; Place-names of Sheffield (unspecified); Watts; Cambridge Dictionary of English Place-names
Willey,'Willow-tree wood/clearing'.,"lēah Old English - A forest, wood, glade, clearing; (later) a pasture, meadow.; wilig Old English",Watts; Cambridge Dictionary of English Place-names; A.D. Mills; Dictionary of English Place-Names; E. Ekwall; Dictionary of English Place-Names; Place-names of Sheffield (unspecified)
Wistanstow,"'St. Wigstan's place'. St. Wigston was a member of the Mercian royal family and was murdered 849-50. According to a medieval account, the murder possibly took place here at Wistanstow. However, its more likely that the Shropshire name marks the site of a",Saint's Name Unknown - Saint's name.; stōw Old English - A place; a place of assembly; a holy place.,Watts; Cambridge Dictionary of English Place-names; A.D. Mills; Dictionary of English Place-Names; Place-names of Sheffield (unspecified); E. Ekwall; Dictionary of English Place-Names
Withington,'Farm/settlement growing with willow'.,tūn Old English - An enclosure; a farmstead; a village; an estate.; wīðigen Old English - Growing with willows; made of withies.,E. Ekwall; Dictionary of English Place-Names; Watts; Cambridge Dictionary of English Place-names; A.D. Mills; Dictionary of English Place-Names; Place-names of Sheffield (unspecified)
Wollaston,'Wiglaf's farm/settlement'.,Personal name (Old English) Old English - Personal name; tūn Old English - An enclosure; a farmstead; a village; an estate.,A.D. Mills; Dictionary of English Place-Names; E. Ekwall; Dictionary of English Place-Names; Place-names of Sheffield (unspecified); Watts; Cambridge Dictionary of English Place-names
Woodcote,'Wood cottage(s)'.,"cot Old English - A cottage, a hut, a shelter, a den.; wudu Old English - A wood; or wood, timber.",A.D. Mills; Dictionary of English Place-Names; E. Ekwall; Dictionary of English Place-Names; Place-names of Sheffield (unspecified); Watts; Cambridge Dictionary of English Place-names
Woodhouse,'Wood house'.,"hūs Old English - A house; also sometimes used of a building for special purposes.; wudu Old English - A wood; or wood, timber.",A.D. Mills; Dictionary of English Place-Names; Place-names of Sheffield (unspecified); Watts; Cambridge Dictionary of English Place-names; E. Ekwall; Dictionary of English Place-Names
Woolstaston,'Wulfstan's farm/settlement'.,Personal name (Old English) Old English - Personal name; tūn Old English - An enclosure; a farmstead; a village; an estate.,Watts; Cambridge Dictionary of English Place-names; A.D. Mills; Dictionary of English Place-Names; E. Ekwall; Dictionary of English Place-Names; Place-names of Sheffield (unspecified)
Woore,"Uncertain. Literally, it refers to something 'wandering' and 'unsteady' and is thought to perhaps describe trees, rivers or quaking bogs in place-names. In the case of Woore, the village stands on a ridge and the name may have refered to the appearance of","wæfre Old English - Unstable, restless, wandering.",E. Ekwall; Dictionary of English Place-Names; Place-names of Sheffield (unspecified); Watts; Cambridge Dictionary of English Place-names; A.D. Mills; Dictionary of English Place-Names
Worfield,'Open land on the River Worfe'.,"feld Old English - Open country, unencumbered ground (eg. land without trees as opposed to forest, level ground as opposed to hills, land without buildings); arable land (from late tenth century).; River-name Unknown - River-name",Watts; Cambridge Dictionary of English Place-names; A.D. Mills; Dictionary of English Place-Names
Worfield,'River Worfe open land'.,"feld Old English - Open country, unencumbered ground (eg. land without trees as opposed to forest, level ground as opposed to hills, land without buildings); arable land (from late tenth century).; River-name Unknown - River-name",Place-names of Sheffield (unspecified); E. Ekwall; Dictionary of English Place-Names; A.D. Mills; Dictionary of English Place-Names; Watts; Cambridge Dictionary of English Place-names
Worthen,'Enclosure'.,worðign Old English - An enclosure.,Watts; Cambridge Dictionary of English Place-names; A.D. Mills; Dictionary of English Place-Names; Place-names of Sheffield (unspecified); E. Ekwall; Dictionary of English Place-Names
Wrockwardine,'Enclosure by the Wrekin'.,Place-name Unknown - Place-name; worðign Old English - An enclosure.,Watts; Cambridge Dictionary of English Place-names; A.D. Mills; Dictionary of English Place-Names; E. Ekwall; Dictionary of English Place-Names; Place-names of Sheffield (unspecified)
Wroxeter,"'Roman site called Uricon'. This was the capital of the Cornovii, called Viroconium Cornovorium by the Romans and the name probably referred originally to the hill-fort on the Wrekin and was later transferred to the Roman settlement. The Romano-British na",ceaster Old English - A city; an old fortification; a Roman site.; Place-name Unknown - Place-name,A.D. Mills; Dictionary of English Place-Names; Watts; Cambridge Dictionary of English Place-names; Place-names of Sheffield (unspecified); E. Ekwall; Dictionary of English Place-Names
