PlaceName,Etymology,Derivation,ReferenceTitle
Abbas and Temple Combe,'Valley'.,"abbas Latin - An abbot.; cumb Old English - A coomb, a valley.  Possibly derived from Welsh ""cumm""; but possibly derived from OE ""cumb"" a vessel, cup, a small measure.; temple Middle English - A temple; usually in allusion to properties of the Knights Templar.",E. Ekwall; Dictionary of English Place-Names; A.D. Mills; Dictionary of English Place-Names; Watts; Cambridge Dictionary of English Place-names
Abbots Leigh,'Wood/clearing'. It was held by the Abbot of St. Augustine's Bristol.,"abbas Latin - An abbot.; lēah Old English - A forest, wood, glade, clearing; (later) a pasture, meadow.",Watts; Cambridge Dictionary of English Place-names; E. Ekwall; Dictionary of English Place-Names; A.D. Mills; Dictionary of English Place-Names
Aisholt,'Ash-tree wood'.,æsc Old English; holt Old English - A wood. (Probably of a single species.),E. Ekwall; Dictionary of English Place-Names; Watts; Cambridge Dictionary of English Place-names; A.D. Mills; Dictionary of English Place-Names
Alford,"'Ealdgyth's farm/settlement', feminine personal name.",ford Old English - A ford.; Personal name (Old English) Old English - Personal name,A.D. Mills; Dictionary of English Place-Names; E. Ekwall; Dictionary of English Place-Names; Watts; Cambridge Dictionary of English Place-names
Aller,'At the alder-tree'.,alor Old English - An alder-tree.,Watts; Cambridge Dictionary of English Place-names; E. Ekwall; Dictionary of English Place-Names; A.D. Mills; Dictionary of English Place-Names
Angersleigh,'Wood/clearing'. It was held by John Aungier before 1290.,"Family name Unknown - Family name.; lēah Old English - A forest, wood, glade, clearing; (later) a pasture, meadow.",E. Ekwall; Dictionary of English Place-Names; Watts; Cambridge Dictionary of English Place-names; A.D. Mills; Dictionary of English Place-Names
Ansford,'Ealhmund's ford.,ford Old English - A ford.; Personal name (Old English) Old English - Personal name,A.D. Mills; Dictionary of English Place-Names; E. Ekwall; Dictionary of English Place-Names; Watts; Cambridge Dictionary of English Place-names
Ash Priors,'At the ash-tree'. It was held by the Prior of Taunton.,æsc Old English; prior Middle English - A prior of a religious house.,A.D. Mills; Dictionary of English Place-Names; E. Ekwall; Dictionary of English Place-Names; Watts; Cambridge Dictionary of English Place-names
Ashbrittle,"'Ash-tree', held by Bretel de St. Clair in 1086.",æsc Old English; Personal name (Uncertain) Unknown - Personal name,A.D. Mills; Dictionary of English Place-Names; E. Ekwall; Dictionary of English Place-Names; Watts; Cambridge Dictionary of English Place-names
Ashcott,'Ash-tree cottage(s)'.,"æsc Old English; cot Old English - A cottage, a hut, a shelter, a den.",E. Ekwall; Dictionary of English Place-Names; A.D. Mills; Dictionary of English Place-Names; Watts; Cambridge Dictionary of English Place-names
Ashill,'Ash-tree hill'.,"æsc Old English; lēah Old English - A forest, wood, glade, clearing; (later) a pasture, meadow.",E. Ekwall; Dictionary of English Place-Names; Watts; Cambridge Dictionary of English Place-names; A.D. Mills; Dictionary of English Place-Names
Ashington,'East in the farm/settlement'.,"ēast Old English - Eastern, east.; in Old English - In.; tūn Old English - An enclosure; a farmstead; a village; an estate.",A.D. Mills; Dictionary of English Place-Names; Watts; Cambridge Dictionary of English Place-names; E. Ekwall; Dictionary of English Place-Names
Ashwick,'At the ash-tree specialised-farm'.,"æsc Old English; wīc Old English - A dwelling; a building or collection of buildings for special purposes; a farm, a dairy farm; a trading or industrial settlement; or (in the plural) a hamlet, village.",A.D. Mills; Dictionary of English Place-Names; Watts; Cambridge Dictionary of English Place-names; E. Ekwall; Dictionary of English Place-Names
Axbridge,'River Axe bridge'.,brycg Old English - A bridge; a causeway.; River-name Unknown - River-name,Watts; Cambridge Dictionary of English Place-names; A.D. Mills; Dictionary of English Place-Names; E. Ekwall; Dictionary of English Place-Names
Babcary,'Babba's Cary (= name after the River Cary)'. The addition of the personal name to distinguish from other villages called Cary.,Personal name (Old English) Old English - Personal name; River-name Unknown - River-name,Watts; Cambridge Dictionary of English Place-names; A.D. Mills; Dictionary of English Place-Names; E. Ekwall; Dictionary of English Place-Names
Babington,"'Farm/settlement of Baba's people' or perhaps, more likely, 'farm/settlement connected with Babba'.","-ing- Old English - Connective particle, linking a first element to a final element.; -ingas Old English - The people of . . . ; the people called after . . .; Personal name (Old English) Old English - Personal name; tūn Old English - An enclosure; a farmstead; a village; an estate.",Watts; Cambridge Dictionary of English Place-names; E. Ekwall; Dictionary of English Place-Names; A.D. Mills; Dictionary of English Place-Names
Backwell,'Ridge spring/stream'.,"bæc Old English - A back; used topographically of a ridge, varying from a low ridge in marshy ground to a steep escarpment.; wella Old English",E. Ekwall; Dictionary of English Place-Names; Watts; Cambridge Dictionary of English Place-names; A.D. Mills; Dictionary of English Place-Names
Badgworth,'*Baecg's enclosure'.,Personal name (Old English) Old English - Personal name; worð Old English - An enclosure.,E. Ekwall; Dictionary of English Place-Names; Watts; Cambridge Dictionary of English Place-names; A.D. Mills; Dictionary of English Place-Names
Baltonsborough,'Bealdhun's burial-mound/hill'.,berg Old English; Personal name (Old English) Old English - Personal name,Watts; Cambridge Dictionary of English Place-names; A.D. Mills; Dictionary of English Place-Names; E. Ekwall; Dictionary of English Place-Names
Banwell,"'Murderer's spring/stream'. Murderers were often drowned in streams, but it has been suggested that in this case that spring or stream in questioned was considered poisoned or contaminated.",bana Old English - A slayer; the agent which causes death.; wella Old English,E. Ekwall; Dictionary of English Place-Names; Watts; Cambridge Dictionary of English Place-names; A.D. Mills; Dictionary of English Place-Names
Barrington,'Farm/settlement connected with *Bara'.,"-ingtūn Old English - A settlement called after, or connected with . . .; Personal name (Old English) Old English - Personal name",E. Ekwall; Dictionary of English Place-Names; Watts; Cambridge Dictionary of English Place-names; A.D. Mills; Dictionary of English Place-Names
Barrow Gurney,'Small grove'. It was held by Nigel de Gurnai in 1086.,bearu Old English - A grove.  (Usually refers to a wood of limited extent rather than to forest areas.); Family name Unknown - Family name.,A.D. Mills; Dictionary of English Place-Names; E. Ekwall; Dictionary of English Place-Names; Watts; Cambridge Dictionary of English Place-names
Barton St. David,'Barley farm/settlement'. The church is dedicated to St. David.,"bere-tūn Old English - A barley enclosure, a barley farm; later a demesne farm, an outlying grange.; Saint's Name Unknown - Saint's name.",Watts; Cambridge Dictionary of English Place-names; A.D. Mills; Dictionary of English Place-Names; E. Ekwall; Dictionary of English Place-Names
Barwick,'Barley farm'.,"bere-wīc Old English - A barley farm; a grange, an outlying or demesne farm.",Watts; Cambridge Dictionary of English Place-names; A.D. Mills; Dictionary of English Place-Names; E. Ekwall; Dictionary of English Place-Names
Batcombe,'Bata's valley'.,"cumb Old English - A coomb, a valley.  Possibly derived from Welsh ""cumm""; but possibly derived from OE ""cumb"" a vessel, cup, a small measure.; Personal name (Old English) Old English - Personal name",E. Ekwall; Dictionary of English Place-Names; Watts; Cambridge Dictionary of English Place-names; A.D. Mills; Dictionary of English Place-Names
Bath,"'Bath'. Originally, 'hot baths', recorded by Ptolemy as Aquae Calidae, 'hot waters'. It was later called Aquae Sulis, 'waters of Sul', when the Romans, after assimilating the Celtic goddess Sul into the cult of Minerva, built their famous temple bath comp","bæð Old English - A bath, a bathing-place.",E. Ekwall; Dictionary of English Place-Names; Rivet & Smith; Place-names of Roman Britain; Watts; Cambridge Dictionary of English Place-names; A.D. Mills; Dictionary of English Place-Names
Bathampton,'Bath's home-farm'.,hām-tūn Old English - A home farm.,A.D. Mills; Dictionary of English Place-Names; Watts; Cambridge Dictionary of English Place-names; E. Ekwall; Dictionary of English Place-Names
Bathealton,"Uncertain. 'Beaduhelm's farm/settlement' or 'Beaduhild's farm/settlement', a feminine personal name. Alternatively, 'Bada's old farm/settlement' or 'Bada's farm/settlement in a nook of land'.","ald Old English; halh Old English - A nook of land; a small valley; dry ground in marsh; a piece of land projecting from, or detached from, the main area of its administrative unit.; Personal name (Old English) Old English - Personal name; tūn Old English - An enclosure; a farmstead; a village; an estate.",Watts; Cambridge Dictionary of English Place-names; E. Ekwall; Dictionary of English Place-Names; A.D. Mills; Dictionary of English Place-Names
Batheaston,'East farm/settlement' with the later addition of 'Bath'.,"ēast Old English - Eastern, east.; Place-name Unknown - Place-name; tūn Old English - An enclosure; a farmstead; a village; an estate.",Watts; Cambridge Dictionary of English Place-names; E. Ekwall; Dictionary of English Place-Names; A.D. Mills; Dictionary of English Place-Names
Bathford,'Ford' with the later addition of 'Bath'.,ford Old English - A ford.; Place-name Unknown - Place-name,E. Ekwall; Dictionary of English Place-Names; Watts; Cambridge Dictionary of English Place-names; A.D. Mills; Dictionary of English Place-Names
Bathwick,'Bath's specialised farm'.,"Place-name Unknown - Place-name; wīc Old English - A dwelling; a building or collection of buildings for special purposes; a farm, a dairy farm; a trading or industrial settlement; or (in the plural) a hamlet, village.",A.D. Mills; Dictionary of English Place-Names; Watts; Cambridge Dictionary of English Place-names; E. Ekwall; Dictionary of English Place-Names
Bawdrip,"Perhaps, 'badger trap'.","bagga Old English - A bag; a badger.; træppe Old English - A trap, a snare.",Watts; Cambridge Dictionary of English Place-names; A.D. Mills; Dictionary of English Place-Names; E. Ekwall; Dictionary of English Place-Names
Beckington,'Farm/settlement connected with Becca'.,"-ingtūn Old English - A settlement called after, or connected with . . .; Personal name (Old English) Old English - Personal name",E. Ekwall; Dictionary of English Place-Names; A.D. Mills; Dictionary of English Place-Names; Watts; Cambridge Dictionary of English Place-names
Beer Crocombe,"Either, 'small grove' or 'woodland swine-pasture'. It was granted to Geoffrey de Craucombe in 1227.","bǣr Old English - Pasture, especially pasture in woodland for swine.; bearu Old English - A grove.  (Usually refers to a wood of limited extent rather than to forest areas.); Family name Unknown - Family name.",A.D. Mills; Dictionary of English Place-Names; E. Ekwall; Dictionary of English Place-Names; Watts; Cambridge Dictionary of English Place-names
Berkley,'Birch-tree wood/clearing'.,"berc Old English; lēah Old English - A forest, wood, glade, clearing; (later) a pasture, meadow.",A.D. Mills; Dictionary of English Place-Names; E. Ekwall; Dictionary of English Place-Names; Watts; Cambridge Dictionary of English Place-names
Berrow,'Burial-mounds/hills'.,berg Old English,Watts; Cambridge Dictionary of English Place-names; E. Ekwall; Dictionary of English Place-Names; A.D. Mills; Dictionary of English Place-Names
Bickenhall,'Bica's hall' or 'Bica's nook of land' with occasional forms of 'Bica's hill'.,"halh Old English - A nook of land; a small valley; dry ground in marsh; a piece of land projecting from, or detached from, the main area of its administrative unit.; hall Old English - A slope, a hill; a boulder.; Personal name (Old English) Old English - Personal name",Watts; Cambridge Dictionary of English Place-names; A.D. Mills; Dictionary of English Place-Names; E. Ekwall; Dictionary of English Place-Names
Bicknoller,'Bica's alder-tree'.,alor Old English - An alder-tree.; Personal name (Old English) Old English - Personal name,A.D. Mills; Dictionary of English Place-Names; E. Ekwall; Dictionary of English Place-Names; Watts; Cambridge Dictionary of English Place-names
Biddisham,"'*Biddi's homestead/village' or '*Biddi's hemmed-in land'. Originally called Tarnuc, 'dry place', from Brit. *tarnaco-, or perhaps, 'Tarinus' place'.","hām Old English - A village, a village community, a manor, an estate, a homestead.; hamm Old English - Land hemmed in by water or marsh (perhaps also by high ground); a river-meadow; cultivated plot on the edge of woodland or moor.; Personal name (Old English) Old English - Personal name",Watts; Cambridge Dictionary of English Place-names; A.D. Mills; Dictionary of English Place-Names; E. Ekwall; Dictionary of English Place-Names
Binegar,"Uncertain. 'Beage's wooded-slope' or perhaps, 'wooded-slope growing with berries'.",begen Old English - Of or producing berries.; hangra Old English - A sloping wood.  (Used in settlement-names of a gentle rather than steep slope.); Personal name (Old English) Old English - Personal name,A.D. Mills; Dictionary of English Place-Names; E. Ekwall; Dictionary of English Place-Names; Watts; Cambridge Dictionary of English Place-names
Bishops Lydeard,'Grey hill'.,episcopus Latin - A bishop.; garth C; lẹ̄d C,E. Ekwall; Dictionary of English Place-Names; A.D. Mills; Dictionary of English Place-Names; Watts; Cambridge Dictionary of English Place-names
Blackford,'Dark-coloured ford'.,"blæc Old English - Black, dark-coloured, dark.; ford Old English - A ford.",E. Ekwall; Dictionary of English Place-Names; A.D. Mills; Dictionary of English Place-Names; Watts; Cambridge Dictionary of English Place-names
Blagdon,'Dark-coloured hill'.,"blæc Old English - Black, dark-coloured, dark.; dūn Old English - A hill.",Watts; Cambridge Dictionary of English Place-names; A.D. Mills; Dictionary of English Place-Names; E. Ekwall; Dictionary of English Place-Names
Bleadon,'Variegated hill' or 'blue hill'.,"blēo Old English - Blue; probably also coloured, variegated.; dūn Old English - A hill.",A.D. Mills; Dictionary of English Place-Names; Watts; Cambridge Dictionary of English Place-names; E. Ekwall; Dictionary of English Place-Names
Bradford,'Broad ford'.,"brād Old English - Broad, spacious, wide, large.; ford Old English - A ford.",A.D. Mills; Dictionary of English Place-Names; E. Ekwall; Dictionary of English Place-Names; Watts; Cambridge Dictionary of English Place-names
Bratton Seymore,'Brook farm/settlement'. Roger de St. Maur is thought to have acquired the manor ca. 1400.,"brōc Old English - A brook, a stream.  (Used of a stream with a muddy bed and a visible sediment load.); Family name Unknown - Family name.; tūn Old English - An enclosure; a farmstead; a village; an estate.",Watts; Cambridge Dictionary of English Place-names; E. Ekwall; Dictionary of English Place-Names; A.D. Mills; Dictionary of English Place-Names
Brean,Uncertain. 'Hill' or an otherwise obscure OE *breo.,breg C; Obscure element Unknown - Obscure element,A.D. Mills; Dictionary of English Place-Names; Watts; Cambridge Dictionary of English Place-names; E. Ekwall; Dictionary of English Place-Names
Brent Knoll,"'Brent (= steep) hill', see East Brent.","cnoll Old English - A knoll, a small rounded hill.; Place-name Unknown - Place-name",A.D. Mills; Dictionary of English Place-Names; Watts; Cambridge Dictionary of English Place-names; E. Ekwall; Dictionary of English Place-Names
Bridgwater,"Originally, 'bridge'. It was part of the fee of Walter de Dowai in 1086.",brycg Old English - A bridge; a causeway.; Personal name (Uncertain) Unknown - Personal name,A.D. Mills; Dictionary of English Place-Names; E. Ekwall; Dictionary of English Place-Names; Watts; Cambridge Dictionary of English Place-names
Broadway,'The broad road'.,"brād Old English - Broad, spacious, wide, large.; weg Old English - A road.",A.D. Mills; Dictionary of English Place-Names; E. Ekwall; Dictionary of English Place-Names; Watts; Cambridge Dictionary of English Place-names
Brockley,"Uncertain. '*Broca's wood/clearing' or perhaps ,'badgers' wood/clearing'.","brocc Old English - A brock, a badger.; lēah Old English - A forest, wood, glade, clearing; (later) a pasture, meadow.; Personal name (Old English) Old English - Personal name",E. Ekwall; Dictionary of English Place-Names; A.D. Mills; Dictionary of English Place-Names; Watts; Cambridge Dictionary of English Place-names
Brompton Ralph,"'Farm/settlement by *Brune', the OE name for the Brendon Hills, 'brown'. It was given to Ralph fitz Urse by Reginald de Mohun in c. 1245.",Family name Unknown - Family name.; Place-name Unknown - Place-name; tūn Old English - An enclosure; a farmstead; a village; an estate.,E. Ekwall; Dictionary of English Place-Names; A.D. Mills; Dictionary of English Place-Names; Watts; Cambridge Dictionary of English Place-names
Brompton Regis,"'Farm/settlement by *Brune', the OE name for the Brendon Hills, 'brown'. It was held by the king in 1086.",Place-name Unknown - Place-name; rex Latin - A king.; tūn Old English - An enclosure; a farmstead; a village; an estate.,Watts; Cambridge Dictionary of English Place-names; A.D. Mills; Dictionary of English Place-Names; E. Ekwall; Dictionary of English Place-Names
Broomfield,'Broomy open land'.,"brōm Old English - Broom; a thorny bush or shrub.; feld Old English - Open country, unencumbered ground (eg. land without trees as opposed to forest, level ground as opposed to hills, land without buildings); arable land (from late tenth century).",E. Ekwall; Dictionary of English Place-Names; A.D. Mills; Dictionary of English Place-Names; Watts; Cambridge Dictionary of English Place-names
Brushford,'Bridge ford'.,brycg Old English - A bridge; a causeway.; ford Old English - A ford.,Watts; Cambridge Dictionary of English Place-names; E. Ekwall; Dictionary of English Place-Names; A.D. Mills; Dictionary of English Place-Names
Bruton,'River Brue farm/settlement'.,River-name Unknown - River-name; tūn Old English - An enclosure; a farmstead; a village; an estate.,Watts; Cambridge Dictionary of English Place-names; E. Ekwall; Dictionary of English Place-Names; A.D. Mills; Dictionary of English Place-Names
Brympton,'Broom farm/settlement'.,brōm Old English - Broom; a thorny bush or shrub.; tūn Old English - An enclosure; a farmstead; a village; an estate.,E. Ekwall; Dictionary of English Place-Names; A.D. Mills; Dictionary of English Place-Names; Watts; Cambridge Dictionary of English Place-names
Buckland Dinham,"'Charter land', i.e. 'estate with certain rights and privileges created by an Anglo-Saxon royal diploma'. It was held by Oliver de Dinant in 1205.",bōc-land Old English - Land granted by charter.; Family name Unknown - Family name.,A.D. Mills; Dictionary of English Place-Names; Watts; Cambridge Dictionary of English Place-names; E. Ekwall; Dictionary of English Place-Names
Buckland St. Mary,"'Charter land', i.e. 'estate with certain rights and privileges created by an Anglo-Saxon royal diploma'. The church is dedicated to St. Mary.",bōc-land Old English - Land granted by charter.; Saint's Name Unknown - Saint's name.,A.D. Mills; Dictionary of English Place-Names; Watts; Cambridge Dictionary of English Place-names; E. Ekwall; Dictionary of English Place-Names
Burnett,"'Burning/burnt', probably referring to a method of clearing land.",bærnet Old English - Burning; a piece of land cleared by burning.,A.D. Mills; Dictionary of English Place-Names; E. Ekwall; Dictionary of English Place-Names; Watts; Cambridge Dictionary of English Place-names
Burnham-on-sea,'Stream hemmed-in land'.,burna Old English - A stream.; hamm Old English - Land hemmed in by water or marsh (perhaps also by high ground); a river-meadow; cultivated plot on the edge of woodland or moor.,A.D. Mills; Dictionary of English Place-Names; E. Ekwall; Dictionary of English Place-Names; Watts; Cambridge Dictionary of English Place-names
Burrington,'Farm/settlement at the fortification'.,burh Old English - A fortified place.; tūn Old English - An enclosure; a farmstead; a village; an estate.,E. Ekwall; Dictionary of English Place-Names; Watts; Cambridge Dictionary of English Place-names; A.D. Mills; Dictionary of English Place-Names
Butcombe,"Uncertain. 'Bud(d)a's valley' or possibly, 'dung-beetle valley'.","budda Old English - A dung-beetle.; cumb Old English - A coomb, a valley.  Possibly derived from Welsh ""cumm""; but possibly derived from OE ""cumb"" a vessel, cup, a small measure.; Personal name (Old English) Old English - Personal name",Watts; Cambridge Dictionary of English Place-names; E. Ekwall; Dictionary of English Place-Names; A.D. Mills; Dictionary of English Place-Names
Butleigh,'Budeca's wood/clearing'.,"lēah Old English - A forest, wood, glade, clearing; (later) a pasture, meadow.; Personal name (Old English) Old English - Personal name",Watts; Cambridge Dictionary of English Place-names; E. Ekwall; Dictionary of English Place-Names; A.D. Mills; Dictionary of English Place-Names
Cameley,'Cam Brook wood/clearing'.,"lēah Old English - A forest, wood, glade, clearing; (later) a pasture, meadow.; River-name Unknown - River-name",Watts; Cambridge Dictionary of English Place-names; A.D. Mills; Dictionary of English Place-Names; E. Ekwall; Dictionary of English Place-Names
Camerton,'Cam Brook farm/settlement'.,River-name Unknown - River-name; tūn Old English - An enclosure; a farmstead; a village; an estate.,Watts; Cambridge Dictionary of English Place-names; A.D. Mills; Dictionary of English Place-Names; E. Ekwall; Dictionary of English Place-Names
Cannington,"'Quantock Hills farm/settlement'. Quantock is a British name, *Cantaco-, from the obscure British element canto-, of uncertain meaning. Perhaps 'circle','rim/border' or 'district region'.",Place-name Unknown - Place-name; tūn Old English - An enclosure; a farmstead; a village; an estate.,A.D. Mills; Dictionary of English Place-Names; E. Ekwall; Dictionary of English Place-Names; Watts; Cambridge Dictionary of English Place-names
Carhampton,'Farm/settlement at the rocks'.,carr Old English; tūn Old English - An enclosure; a farmstead; a village; an estate.,Watts; Cambridge Dictionary of English Place-names; A.D. Mills; Dictionary of English Place-Names; E. Ekwall; Dictionary of English Place-Names
Castle Cary,Named after the River Cary. 'Castle' to distinguish from other villages called Cary.,castel Old English - A defensive building; a village.; River-name Unknown - River-name,Watts; Cambridge Dictionary of English Place-names; E. Ekwall; Dictionary of English Place-Names; A.D. Mills; Dictionary of English Place-Names
Catcott,'Cada's cottage(s)'.,"cot Old English - A cottage, a hut, a shelter, a den.; Personal name (Old English) Old English - Personal name",Watts; Cambridge Dictionary of English Place-names; A.D. Mills; Dictionary of English Place-Names; E. Ekwall; Dictionary of English Place-Names
Chaffcombe,"'*Ceaffa's valley'. Alternatively, perhaps, 'chaff valley'. The area is heavily wooded and has a long history of piecemeal cutting, imparking and inclosure. 'Chaff', therefore, might refer to the shavings and chippings left from woodcutting.","ceaf Old English - Chaff.; cumb Old English - A coomb, a valley.  Possibly derived from Welsh ""cumm""; but possibly derived from OE ""cumb"" a vessel, cup, a small measure.; Personal name (Old English) Old English - Personal name",E. Ekwall; Dictionary of English Place-Names; A.D. Mills; Dictionary of English Place-Names; Watts; Cambridge Dictionary of English Place-names
Chapel Allerton,'Aelfweard's farm/settlement'. The 'chapel of Allerton' is first mentioned from 1365.,chapel Middle English - A chapel; occasionally used figuratively for a place for meetings or observance.; Personal name (Old English) Old English - Personal name; tūn Old English - An enclosure; a farmstead; a village; an estate.,Watts; Cambridge Dictionary of English Place-names; E. Ekwall; Dictionary of English Place-Names; A.D. Mills; Dictionary of English Place-Names
Chard,'Rough ground house'.,"ærn Old English - A building, a house.  In place-names often a building used for a specific purpose.; cert Old English - Rough ground, stony ground.",E. Ekwall; Dictionary of English Place-Names; Watts; Cambridge Dictionary of English Place-names; A.D. Mills; Dictionary of English Place-Names
Charlcombe,'Free peasants' valley'.,"ceorl Old English - A freeman of the lower class, a peasant.; cumb Old English - A coomb, a valley.  Possibly derived from Welsh ""cumm""; but possibly derived from OE ""cumb"" a vessel, cup, a small measure.",A.D. Mills; Dictionary of English Place-Names; Watts; Cambridge Dictionary of English Place-names; E. Ekwall; Dictionary of English Place-Names
Charlinch,"'Ceolred's bank' or perhaps, 'Chard's bank'.","hlinc Old English - A bank, a ledge; a terrace; a ledge of ploughland on a hillside; an unploughed strip between fields.; Personal name (Old English) Old English - Personal name; Place-name Unknown - Place-name",E. Ekwall; Dictionary of English Place-Names; Watts; Cambridge Dictionary of English Place-names; A.D. Mills; Dictionary of English Place-Names
Charlton Horethorne,'Free peasants' farm/settlement' and 'grey thorn-bush'.,"ceorl Old English - A freeman of the lower class, a peasant.; hār Old English - Grey, hoar, especially grey through being overgrown with lichen.; tūn Old English - An enclosure; a farmstead; a village; an estate.; þyrne Old English - A thorn-bush.",Watts; Cambridge Dictionary of English Place-names; A.D. Mills; Dictionary of English Place-Names; E. Ekwall; Dictionary of English Place-Names
Charlton Mackrell,'Free peasants' farm/settlement'. It was held by the Makerel family.,"ceorl Old English - A freeman of the lower class, a peasant.; Family name Unknown - Family name.; tūn Old English - An enclosure; a farmstead; a village; an estate.",A.D. Mills; Dictionary of English Place-Names; E. Ekwall; Dictionary of English Place-Names; Watts; Cambridge Dictionary of English Place-names
Charlton Musgrove,'Free peasants' farm/settlement'. It was held by Richard de Mucegros in the time of King John .,"ceorl Old English - A freeman of the lower class, a peasant.; Family name Unknown - Family name.; tūn Old English - An enclosure; a farmstead; a village; an estate.",E. Ekwall; Dictionary of English Place-Names; A.D. Mills; Dictionary of English Place-Names; Watts; Cambridge Dictionary of English Place-names
Charterhouse,'House of Carthusian monks'.,chartrouse Old French - A house of Carthusian monks.,E. Ekwall; Dictionary of English Place-Names; A.D. Mills; Dictionary of English Place-Names; Watts; Cambridge Dictionary of English Place-names
Cheddar,"Uncertain. 'Bag' in as transferred sense referring to the gorge itself or the many caves in it. Alternatively, a Celtic origin, 'hollow enclosure'.","cēod Old English - A bag; topographically perhaps a hollow, a bay.; ceunant C; dor Old English - A large door, a gate; the entrance to a pass between hills.",Watts; Cambridge Dictionary of English Place-names; A.D. Mills; Dictionary of English Place-Names; E. Ekwall; Dictionary of English Place-Names
Cheddon Fitzpaine,"'Wood valley' or perhaps, 'cottage valley'. It was held by Roger, son ('fitz) of Pagan, in 1226.",cē¸d C; cyte Old English - A cottage; a hermit's or monk's cell.; denu Old English - A valley.; Family name Unknown - Family name.,A.D. Mills; Dictionary of English Place-Names; E. Ekwall; Dictionary of English Place-Names; Watts; Cambridge Dictionary of English Place-names
Chedzoy,'*Cedd's island'.,īeg Old English; Personal name (Old English) Old English - Personal name,E. Ekwall; Dictionary of English Place-Names; A.D. Mills; Dictionary of English Place-Names; Watts; Cambridge Dictionary of English Place-names
Chelvey,'Calf specialised-farm'.,"calf Old English; wīc Old English - A dwelling; a building or collection of buildings for special purposes; a farm, a dairy farm; a trading or industrial settlement; or (in the plural) a hamlet, village.",Watts; Cambridge Dictionary of English Place-names; A.D. Mills; Dictionary of English Place-Names; E. Ekwall; Dictionary of English Place-Names
Chelwood,'Ceol(l)a's enclosure'.,Personal name (Old English) Old English - Personal name; worð Old English - An enclosure.,A.D. Mills; Dictionary of English Place-Names; E. Ekwall; Dictionary of English Place-Names; Watts; Cambridge Dictionary of English Place-names
Chew Magna,Named after the River Chew.,"magna Latin - Big, great.; River-name Unknown - River-name",A.D. Mills; Dictionary of English Place-Names; E. Ekwall; Dictionary of English Place-Names; Watts; Cambridge Dictionary of English Place-names
Chew Stoke,'Outlying farm/settlement' in Chew Hundred.,"Place-name Unknown - Place-name; stoc Old English - A place, a secondary settlement.",Watts; Cambridge Dictionary of English Place-names; A.D. Mills; Dictionary of English Place-Names; E. Ekwall; Dictionary of English Place-Names
Chewton Mendip,'River Chew farm/settlement'. It is near the Menip Hills.,River-name Unknown - River-name; tūn Old English - An enclosure; a farmstead; a village; an estate.,Watts; Cambridge Dictionary of English Place-names; E. Ekwall; Dictionary of English Place-Names; A.D. Mills; Dictionary of English Place-Names
Chilcompton,'Children's Compton (= valley farm/settlement)'.,"cild Old English - A child, a young person, a boy, a son.; cumb Old English - A coomb, a valley.  Possibly derived from Welsh ""cumm""; but possibly derived from OE ""cumb"" a vessel, cup, a small measure.; tūn Old English - An enclosure; a farmstead; a village; an estate.",Watts; Cambridge Dictionary of English Place-names; E. Ekwall; Dictionary of English Place-Names; A.D. Mills; Dictionary of English Place-Names
Chillington,'Farm/settlement connected with Ceola'.,"-ingtūn Old English - A settlement called after, or connected with . . .; Personal name (Old English) Old English - Personal name",Watts; Cambridge Dictionary of English Place-names; A.D. Mills; Dictionary of English Place-Names; E. Ekwall; Dictionary of English Place-Names
Chilthorne Domer,"Perhaps, 'steep hill'. It was held by Henry de Dunmere in 1276.",ciltā C; Family name Unknown - Family name.,E. Ekwall; Dictionary of English Place-Names; Watts; Cambridge Dictionary of English Place-names; A.D. Mills; Dictionary of English Place-Names
Chilton Cantello,'Children's farm/settlement'. It was held by Walter de Cantelu in the 1201.,"cild Old English - A child, a young person, a boy, a son.; Family name Unknown - Family name.; tūn Old English - An enclosure; a farmstead; a village; an estate.",A.D. Mills; Dictionary of English Place-Names; Watts; Cambridge Dictionary of English Place-names; E. Ekwall; Dictionary of English Place-Names
Chilton Trinity,'Children's farm/settlement'. The church is dedicated to the Holy Trinity.,"cild Old English - A child, a young person, a boy, a son.; tūn Old English - An enclosure; a farmstead; a village; an estate.",E. Ekwall; Dictionary of English Place-Names; A.D. Mills; Dictionary of English Place-Names; Watts; Cambridge Dictionary of English Place-names
Chilton upon Polden,'Chalk/limestone farm/settlement' on the Polden Hills.,calc Old English; tūn Old English - An enclosure; a farmstead; a village; an estate.,A.D. Mills; Dictionary of English Place-Names; Watts; Cambridge Dictionary of English Place-names; E. Ekwall; Dictionary of English Place-Names
Chipstable,'Cippa's post'.,"Personal name (Old English) Old English - Personal name; stapol Old English - A post, a pillar.",A.D. Mills; Dictionary of English Place-Names; Watts; Cambridge Dictionary of English Place-names; E. Ekwall; Dictionary of English Place-Names
Chiselborough,'Gravel burial-mound/hill'.,"berg Old English; cisel Old English - Gravel, shingle.",Watts; Cambridge Dictionary of English Place-names; A.D. Mills; Dictionary of English Place-Names; E. Ekwall; Dictionary of English Place-Names
Christon,'Hill farm/settlement'.,crṻg C; tūn Old English - An enclosure; a farmstead; a village; an estate.,E. Ekwall; Dictionary of English Place-Names; A.D. Mills; Dictionary of English Place-Names; Watts; Cambridge Dictionary of English Place-names
Churchill,'Church hill'.,"cirice Old English - A church.; hyll Old English - A hill, a natural eminence or elevated piece of ground.",E. Ekwall; Dictionary of English Place-Names; Watts; Cambridge Dictionary of English Place-names; A.D. Mills; Dictionary of English Place-Names
Churchstanton,'Stone farm/settlement' with later addition of church.,"cirice Old English - A church.; stān Old English - A stone, stone, rock.; tūn Old English - An enclosure; a farmstead; a village; an estate.",Watts; Cambridge Dictionary of English Place-names; A.D. Mills; Dictionary of English Place-Names; Gover et al.: Place-names of Devon; E. Ekwall; Dictionary of English Place-Names
Clapton in Gordano,"'Hillock farm/settlement'. Gordano, 'triangular' or dirty valley', is an old district name.","clopp Old English - A lump, a hillock, a hill.; denu Old English - A valley.; gāra Old English - A gore, a triangular plot of ground, a point of land.       (Ultimately derived from OE gar, ""spear"", meaning a piece of ground shaped like the head of a spear.); gor Old English - Dirt, dung, filth.; tūn Old English - An enclosure; a farmstead; a village; an estate.",E. Ekwall; Dictionary of English Place-Names; Watts; Cambridge Dictionary of English Place-names; A.D. Mills; Dictionary of English Place-Names
Clatworthy,'Burdock enclosure'.,"clāte Old English - Burdock, goose-grass.; worð Old English - An enclosure.",E. Ekwall; Dictionary of English Place-Names; Watts; Cambridge Dictionary of English Place-names; A.D. Mills; Dictionary of English Place-Names
Claverton,'Burdock-ford farm/settlement'.,"clāte Old English - Burdock, goose-grass.; ford Old English - A ford.; tūn Old English - An enclosure; a farmstead; a village; an estate.",A.D. Mills; Dictionary of English Place-Names; Watts; Cambridge Dictionary of English Place-names; E. Ekwall; Dictionary of English Place-Names
Cloford,'Burdock ford'.,"clāte Old English - Burdock, goose-grass.; ford Old English - A ford.",Watts; Cambridge Dictionary of English Place-names; A.D. Mills; Dictionary of English Place-Names; E. Ekwall; Dictionary of English Place-Names
Closworth,"Literally, 'crevice enclosure'. The first element may be used topographically of a valley.","clof Old English - Something cut; a crevice, a valley.; worð Old English - An enclosure.",A.D. Mills; Dictionary of English Place-Names; Watts; Cambridge Dictionary of English Place-names; E. Ekwall; Dictionary of English Place-Names
Clutton,'Hill farm/settlement'.,"clūd Old English - A rock, a mass of rock; probably also a (rocky) hill.; tūn Old English - An enclosure; a farmstead; a village; an estate.",A.D. Mills; Dictionary of English Place-Names; E. Ekwall; Dictionary of English Place-Names; Watts; Cambridge Dictionary of English Place-names
Combe Florey,'Valley'. It was held by Hugh de Flury in 1255.,"cumb Old English - A coomb, a valley.  Possibly derived from Welsh ""cumm""; but possibly derived from OE ""cumb"" a vessel, cup, a small measure.; Family name Unknown - Family name.",E. Ekwall; Dictionary of English Place-Names; A.D. Mills; Dictionary of English Place-Names; Watts; Cambridge Dictionary of English Place-names
Combe Hay,"'Valley'. Manorial affix from the de Haweie family, here in the 13th c.","cumb Old English - A coomb, a valley.  Possibly derived from Welsh ""cumm""; but possibly derived from OE ""cumb"" a vessel, cup, a small measure.; Family name Unknown - Family name.",Watts; Cambridge Dictionary of English Place-names; E. Ekwall; Dictionary of English Place-Names; A.D. Mills; Dictionary of English Place-Names
Combe St. Nicholas,'Valley'. It was held by the Priory of St. Nicholas.,"cumb Old English - A coomb, a valley.  Possibly derived from Welsh ""cumm""; but possibly derived from OE ""cumb"" a vessel, cup, a small measure.; prior Middle English - A prior of a religious house.; Saint's Name Unknown - Saint's name.",Watts; Cambridge Dictionary of English Place-names; E. Ekwall; Dictionary of English Place-Names; A.D. Mills; Dictionary of English Place-Names
Compton Bishop,'Valley farm/settlement'. Affix from its early possession by the Bishop of Wells.,"cumb Old English - A coomb, a valley.  Possibly derived from Welsh ""cumm""; but possibly derived from OE ""cumb"" a vessel, cup, a small measure.; episcopus Latin - A bishop.; tūn Old English - An enclosure; a farmstead; a village; an estate.",Watts; Cambridge Dictionary of English Place-names; E. Ekwall; Dictionary of English Place-Names; A.D. Mills; Dictionary of English Place-Names
Compton Dando,'Valley farm/settlement'. It was held by Alexander de Alno in the 12th century.,"cumb Old English - A coomb, a valley.  Possibly derived from Welsh ""cumm""; but possibly derived from OE ""cumb"" a vessel, cup, a small measure.; Family name Unknown - Family name.; tūn Old English - An enclosure; a farmstead; a village; an estate.",Watts; Cambridge Dictionary of English Place-names; A.D. Mills; Dictionary of English Place-Names; E. Ekwall; Dictionary of English Place-Names
Compton Dundon,'Valley farm/settlement' near Dundon.,"cumb Old English - A coomb, a valley.  Possibly derived from Welsh ""cumm""; but possibly derived from OE ""cumb"" a vessel, cup, a small measure.; Place-name Unknown - Place-name; tūn Old English - An enclosure; a farmstead; a village; an estate.",E. Ekwall; Dictionary of English Place-Names; A.D. Mills; Dictionary of English Place-Names; Watts; Cambridge Dictionary of English Place-names
Compton Martin,'Valley farm/settlement'. It was held by Martin de Tours.,"cumb Old English - A coomb, a valley.  Possibly derived from Welsh ""cumm""; but possibly derived from OE ""cumb"" a vessel, cup, a small measure.; Personal name (Uncertain) Unknown - Personal name; tūn Old English - An enclosure; a farmstead; a village; an estate.",A.D. Mills; Dictionary of English Place-Names; Watts; Cambridge Dictionary of English Place-names; E. Ekwall; Dictionary of English Place-Names
Compton Pauncefoot,'Valley farm/settlement'. It was held by the Pauncefoot family.,"cumb Old English - A coomb, a valley.  Possibly derived from Welsh ""cumm""; but possibly derived from OE ""cumb"" a vessel, cup, a small measure.; Family name Unknown - Family name.; tūn Old English - An enclosure; a farmstead; a village; an estate.",E. Ekwall; Dictionary of English Place-Names; A.D. Mills; Dictionary of English Place-Names; Watts; Cambridge Dictionary of English Place-names
Congresbury,'Congar's fortification'. Congar was a Welsh saint said to be buried here.,burh Old English - A fortified place.; Saint's Name Unknown - Saint's name.,A.D. Mills; Dictionary of English Place-Names; Watts; Cambridge Dictionary of English Place-names; E. Ekwall; Dictionary of English Place-Names
Corfe,'Pass'.,"corf Old English - A cutting, a pass, a valley.",A.D. Mills; Dictionary of English Place-Names; Watts; Cambridge Dictionary of English Place-names; E. Ekwall; Dictionary of English Place-Names
Corston,'River Corse farm/settlement'.,River-name Unknown - River-name; tūn Old English - An enclosure; a farmstead; a village; an estate.,Watts; Cambridge Dictionary of English Place-names; A.D. Mills; Dictionary of English Place-Names; E. Ekwall; Dictionary of English Place-Names
Corton Denham,'Pass farm/settlement'. It was held by Hawis de Dinan in 1204.,"corf Old English - A cutting, a pass, a valley.; Family name Unknown - Family name.; tūn Old English - An enclosure; a farmstead; a village; an estate.",Watts; Cambridge Dictionary of English Place-names; A.D. Mills; Dictionary of English Place-Names; E. Ekwall; Dictionary of English Place-Names
Cossington,'Farm/settlement connected with *Cosa/Cusa'.,"-ingtūn Old English - A settlement called after, or connected with . . .; Personal name (Old English) Old English - Personal name",Watts; Cambridge Dictionary of English Place-names; E. Ekwall; Dictionary of English Place-Names; A.D. Mills; Dictionary of English Place-Names
Cothelstone,'Cuthwulf's farm/settlement'.,Personal name (Old English) Old English - Personal name; tūn Old English - An enclosure; a farmstead; a village; an estate.,E. Ekwall; Dictionary of English Place-Names; A.D. Mills; Dictionary of English Place-Names; Watts; Cambridge Dictionary of English Place-names
Creech St. Michael,'Hill'. The church is dedicated to St. Michael.,crṻg C; Saint's Name Unknown - Saint's name.,E. Ekwall; Dictionary of English Place-Names; A.D. Mills; Dictionary of English Place-Names; Watts; Cambridge Dictionary of English Place-names
Crewkerne,'Hill house'.,"ærn Old English - A building, a house.  In place-names often a building used for a specific purpose.; crṻg C",E. Ekwall; Dictionary of English Place-Names; A.D. Mills; Dictionary of English Place-Names; Watts; Cambridge Dictionary of English Place-names
Cricket Malherbie,'Hill' with the OFr diminutive suffix -ette. It was held by the Malherbe family.,-ette Old French - Diminutive suffix.; crṻg C; Family name Unknown - Family name.,A.D. Mills; Dictionary of English Place-Names; E. Ekwall; Dictionary of English Place-Names; Watts; Cambridge Dictionary of English Place-names
Cricket St. Thomas,'Hill' with the OFr diminutive suffix -ette. The church is dedicated to St. Thomas.,-ette Old French - Diminutive suffix.; crṻg C; Saint's Name Unknown - Saint's name.,E. Ekwall; Dictionary of English Place-Names; Watts; Cambridge Dictionary of English Place-names; A.D. Mills; Dictionary of English Place-Names
Crimchard,'Cynmaer's Chard'.,Personal name (Old English) Old English - Personal name; Place-name Unknown - Place-name,Watts; Cambridge Dictionary of English Place-names; A.D. Mills; Dictionary of English Place-Names; E. Ekwall; Dictionary of English Place-Names
Croscombe,"Usually explained as 'valley with a road over a pass'. Alternatively, the first element may be a lost river name identical with the River Curry.","corf Old English - A cutting, a pass, a valley.; cumb Old English - A coomb, a valley.  Possibly derived from Welsh ""cumm""; but possibly derived from OE ""cumb"" a vessel, cup, a small measure.; River-name Unknown - River-name; weg Old English - A road.",Watts; Cambridge Dictionary of English Place-names; E. Ekwall; Dictionary of English Place-Names; A.D. Mills; Dictionary of English Place-Names
Crowcombe,'Crow valley'.,"crāwe Old English - A crow.; cumb Old English - A coomb, a valley.  Possibly derived from Welsh ""cumm""; but possibly derived from OE ""cumb"" a vessel, cup, a small measure.",E. Ekwall; Dictionary of English Place-Names; A.D. Mills; Dictionary of English Place-Names; Watts; Cambridge Dictionary of English Place-names
Cucklington,'Farm/settlement connected with *Cucol/*Cucola'.,"-ingtūn Old English - A settlement called after, or connected with . . .; Personal name (Old English) Old English - Personal name",E. Ekwall; Dictionary of English Place-Names; A.D. Mills; Dictionary of English Place-Names; Watts; Cambridge Dictionary of English Place-names
Cudworth,'Cuda's enclosure'.,Personal name (Old English) Old English - Personal name; worð Old English - An enclosure.,E. Ekwall; Dictionary of English Place-Names; A.D. Mills; Dictionary of English Place-Names; Watts; Cambridge Dictionary of English Place-names
Culbone,"From the dedication of the church to St. Columbanus. Originally, called Chentenore, OE cytan, ora: 'kite's' ridge'.",Saint's Name Unknown - Saint's name.,E. Ekwall; Dictionary of English Place-Names; Watts; Cambridge Dictionary of English Place-names; A.D. Mills; Dictionary of English Place-Names
Curland,"'Curry's land', probably belonging to the place, but possibly an individual with that surname.",Family name Unknown - Family name.; land Old English - Land (as part of earth's surface); an estate; possibly also new arable area.  In minor and field names: strip in a field-system.; Place-name Unknown - Place-name,A.D. Mills; Dictionary of English Place-Names; E. Ekwall; Dictionary of English Place-Names; Watts; Cambridge Dictionary of English Place-names
Curry Mallet,Named after the River Curry. It was held by William de Malet in the 12th century.,Family name Unknown - Family name.; River-name Unknown - River-name,E. Ekwall; Dictionary of English Place-Names; Watts; Cambridge Dictionary of English Place-names; A.D. Mills; Dictionary of English Place-Names
Curry Rivel,Named after the River Curry. It was granted to Richard Revel by the king in 1194.,Family name Unknown - Family name.; River-name Unknown - River-name,E. Ekwall; Dictionary of English Place-Names; A.D. Mills; Dictionary of English Place-Names; Watts; Cambridge Dictionary of English Place-names
Cutcombe,'Cuda's valley'.,"cumb Old English - A coomb, a valley.  Possibly derived from Welsh ""cumm""; but possibly derived from OE ""cumb"" a vessel, cup, a small measure.; Personal name (Old English) Old English - Personal name",A.D. Mills; Dictionary of English Place-Names; E. Ekwall; Dictionary of English Place-Names; Watts; Cambridge Dictionary of English Place-names
Dinder,"Uncertain. 'Valley dwelling' or perhaps, 'hill fortification'.","ærn Old English - A building, a house.  In place-names often a building used for a specific purpose.; breg C; denu Old English - A valley.; din C",E. Ekwall; Dictionary of English Place-Names; A.D. Mills; Dictionary of English Place-Names; Watts; Cambridge Dictionary of English Place-names
Dinnington,"'Farm/settlement associated with Dynne'. Alternatively, perhaps, 'farm/settlement at Duning (= the hill place)'.","-ing Old English - Place-name forming suffix.; -ing- Old English - Connective particle, linking a first element to a final element.; dūn Old English - A hill.; Personal name (Old English) Old English - Personal name; tūn Old English - An enclosure; a farmstead; a village; an estate.",E. Ekwall; Dictionary of English Place-Names; A.D. Mills; Dictionary of English Place-Names; Watts; Cambridge Dictionary of English Place-names
Ditcheat,'Ditch gate'.,"dīc Old English - A ditch, usually an excavated trench, either defensive or for drainage of water.; geat Old English - A hole, an opening, a gap, a pass, a passage; a gate(way).",Watts; Cambridge Dictionary of English Place-names; A.D. Mills; Dictionary of English Place-Names; E. Ekwall; Dictionary of English Place-Names
Dodington,"'Farm/settlement connected with Dod(d)a/Dud(d)a'. Alternatively, it has been suggested because of the frequency of names derived from OE Dod(d)-ingtun or Dud(d)ingtun that they are more likely to represent topographical terms rather than personal names. T","-ing Old English - Place-name forming suffix.; -ing- Old English - Connective particle, linking a first element to a final element.; Personal name (Old English) Old English - Personal name; tūn Old English - An enclosure; a farmstead; a village; an estate.",E. Ekwall; Dictionary of English Place-Names; Watts; Cambridge Dictionary of English Place-names; A.D. Mills; Dictionary of English Place-Names
Donyatt,'Dun(n)a's gate'.,"geat Old English - A hole, an opening, a gap, a pass, a passage; a gate(way).; Personal name (Old English) Old English - Personal name",A.D. Mills; Dictionary of English Place-Names; Watts; Cambridge Dictionary of English Place-names; E. Ekwall; Dictionary of English Place-Names
Doulting,"The first element is an old name for the River Sheppey, but the origins and significance of the element, apparently *dulut, are unknown, although thought to be pre-English. The OE place-name forming suffix -ing was later added.",-ing Old English - Place-name forming suffix.; Obscure element Unknown - Obscure element,E. Ekwall; Dictionary of English Place-Names; Watts; Cambridge Dictionary of English Place-names; A.D. Mills; Dictionary of English Place-Names
Dowlish Wake,Named after the stream here. It was held by Ralph Wac in 1189.,Family name Unknown - Family name.; River-name Unknown - River-name,E. Ekwall; Dictionary of English Place-Names; Watts; Cambridge Dictionary of English Place-names; A.D. Mills; Dictionary of English Place-Names
Downhead,'Hill head'.,dūn Old English - A hill.; hēafod Old English - A head; an end or source; headland in a field-system; a projecting piece of ground; a hill (often small).,E. Ekwall; Dictionary of English Place-Names; A.D. Mills; Dictionary of English Place-Names; Watts; Cambridge Dictionary of English Place-names
Drayton,'Portage farm/settlement' or 'dragging-place farm/settlement'.,"dræg Old English - A drag, a portage, a slip-way; a dray, a sled.; tūn Old English - An enclosure; a farmstead; a village; an estate.",E. Ekwall; Dictionary of English Place-Names; Watts; Cambridge Dictionary of English Place-names; A.D. Mills; Dictionary of English Place-Names
Dulverton,'Hidden-ford farm/settlement'.,"dīgol Old English - Hidden, obscure.; ford Old English - A ford.; tūn Old English - An enclosure; a farmstead; a village; an estate.",E. Ekwall; Dictionary of English Place-Names; A.D. Mills; Dictionary of English Place-Names; Watts; Cambridge Dictionary of English Place-names
Dundry,'Steep hill slope'.,"dræg Old English - A drag, a portage, a slip-way; a dray, a sled.; dūn Old English - A hill.",E. Ekwall; Dictionary of English Place-Names; Watts; Cambridge Dictionary of English Place-names; A.D. Mills; Dictionary of English Place-Names
Dunkerton,'Rock fortification'.,creig C; din C,Watts; Cambridge Dictionary of English Place-names; E. Ekwall; Dictionary of English Place-Names; A.D. Mills; Dictionary of English Place-Names
Dunster,"Originally, 'rocky outcrop', later the name Dun(n) was added: 'Dun(n)'s rocky outcrop'.","Personal name (Old English) Old English - Personal name; torr Old English - A rock, a rocky outcrop, a rocky peak.",Watts; Cambridge Dictionary of English Place-names; A.D. Mills; Dictionary of English Place-Names; E. Ekwall; Dictionary of English Place-Names
Durleigh,'Wild animal wood/clearing'.,"dēor Old English - An animal, a beast.; lēah Old English - A forest, wood, glade, clearing; (later) a pasture, meadow.",E. Ekwall; Dictionary of English Place-Names; A.D. Mills; Dictionary of English Place-Names; Watts; Cambridge Dictionary of English Place-names
Durston,'Deor's farm/settlement'.,Personal name (Old English) Old English - Personal name; tūn Old English - An enclosure; a farmstead; a village; an estate.,E. Ekwall; Dictionary of English Place-Names; A.D. Mills; Dictionary of English Place-Names; Watts; Cambridge Dictionary of English Place-names
Earnshill,"'Earn's hill', referring to the River Earn.","hyll Old English - A hill, a natural eminence or elevated piece of ground.; River-name Unknown - River-name",A.D. Mills; Dictionary of English Place-Names; E. Ekwall; Dictionary of English Place-Names; Watts; Cambridge Dictionary of English Place-names
East and West Coker,Named after the River Coker.,River-name Unknown - River-name,A.D. Mills; Dictionary of English Place-Names; Watts; Cambridge Dictionary of English Place-names; E. Ekwall; Dictionary of English Place-Names
East and West Quantoxhead,"'Quantock head'. Quantock is a British name, *Cantaco-, from cant-, 'circle/rim'. See Cannington.",hēafod Old English - A head; an end or source; headland in a field-system; a projecting piece of ground; a hill (often small).; Place-name Unknown - Place-name,E. Ekwall; Dictionary of English Place-Names; A.D. Mills; Dictionary of English Place-Names; Watts; Cambridge Dictionary of English Place-names
East Brent,"Possibly, 'steep place'. Alternatively, it may be British in origin: *Brigantia, 'high place'.",brant Old English - Steep.,Watts; Cambridge Dictionary of English Place-names; E. Ekwall; Dictionary of English Place-Names; A.D. Mills; Dictionary of English Place-Names
East Cranmore,'Cranes'/herons' pool'.,"cran Old English - A crane; probably also a heron or similar bird.; mere Old English - A pond, a pool, a lake.",A.D. Mills; Dictionary of English Place-Names; E. Ekwall; Dictionary of English Place-Names; Watts; Cambridge Dictionary of English Place-names
East Harptree,'Highway tree'.,"here-pæð Old English - A military road, a highway.; trēow Old English - A tree; a large piece of wood, a post, a beam.",E. Ekwall; Dictionary of English Place-Names; A.D. Mills; Dictionary of English Place-Names; Watts; Cambridge Dictionary of English Place-names
East Lydford,'Noisy-stream ford'. 'East' to distinguish from West Lydford.,ford Old English - A ford.; hlȳde Old English - A noisy stream (literally a loud one.,E. Ekwall; Dictionary of English Place-Names; Watts; Cambridge Dictionary of English Place-names; A.D. Mills; Dictionary of English Place-Names
East Middle and West Chinnock,Named after the Chinnock Brook.,River-name Unknown - River-name,E. Ekwall; Dictionary of English Place-Names; A.D. Mills; Dictionary of English Place-Names; Watts; Cambridge Dictionary of English Place-names
East Pennard,"'Hill head' or perhaps, 'high hill'",ardd C; garth C; penn C,Watts; Cambridge Dictionary of English Place-names; A.D. Mills; Dictionary of English Place-Names; E. Ekwall; Dictionary of English Place-Names
Easton in Gordano,'East farm/settlement' in the 'triangular' or 'dirty valley'. 'Gordano' is an old district name.,"denu Old English - A valley.; ēast Old English - Eastern, east.; gāra Old English - A gore, a triangular plot of ground, a point of land.       (Ultimately derived from OE gar, ""spear"", meaning a piece of ground shaped like the head of a spear.); gor Old English - Dirt, dung, filth.; tūn Old English - An enclosure; a farmstead; a village; an estate.",Watts; Cambridge Dictionary of English Place-names; A.D. Mills; Dictionary of English Place-Names; E. Ekwall; Dictionary of English Place-Names
Edington,"'Eadwine's farm/settlement' or perhaps, 'Eadwynn's farm/settlement', a feminine personal name.",Personal name (Old English) Old English - Personal name; tūn Old English - An enclosure; a farmstead; a village; an estate.,Watts; Cambridge Dictionary of English Place-names; E. Ekwall; Dictionary of English Place-Names; A.D. Mills; Dictionary of English Place-Names
Elm,'Elm-tree'.,elm Old English - An elm-tree.,Watts; Cambridge Dictionary of English Place-names; A.D. Mills; Dictionary of English Place-Names; E. Ekwall; Dictionary of English Place-Names
Elworthy,'Ella's enclosure'.,Personal name (Old English) Old English - Personal name; worð Old English - An enclosure.,E. Ekwall; Dictionary of English Place-Names; Watts; Cambridge Dictionary of English Place-names; A.D. Mills; Dictionary of English Place-Names
Emborough,'The flat-toppped burial-mound/hill'.,"berg Old English; efen Old English - Even, flat, level.; emnet Old English - A plain, a plateau, a level ground.",A.D. Mills; Dictionary of English Place-Names; E. Ekwall; Dictionary of English Place-Names; Watts; Cambridge Dictionary of English Place-names
English Combe,'*Ingel's/ Ingweald's valley'.,"cumb Old English - A coomb, a valley.  Possibly derived from Welsh ""cumm""; but possibly derived from OE ""cumb"" a vessel, cup, a small measure.; Personal name (Old English) Old English - Personal name",Watts; Cambridge Dictionary of English Place-names; E. Ekwall; Dictionary of English Place-Names; A.D. Mills; Dictionary of English Place-Names
Enmore,'Duck pool'.,"ened Old English - A duck.; mere Old English - A pond, a pool, a lake.",A.D. Mills; Dictionary of English Place-Names; E. Ekwall; Dictionary of English Place-Names; Watts; Cambridge Dictionary of English Place-names
Evercreech,"Uncertain. Possbly, 'boar hill'. Alternatively, the first element might be W efwr, Co *evor, 'cow-parsnip/bogweed'.",crṻg C; eofor Old English - A wild boar.,Watts; Cambridge Dictionary of English Place-names; E. Ekwall; Dictionary of English Place-Names; A.D. Mills; Dictionary of English Place-Names
Exford,'River Exe ford'.,ford Old English - A ford.; River-name Unknown - River-name,A.D. Mills; Dictionary of English Place-Names; E. Ekwall; Dictionary of English Place-Names; Watts; Cambridge Dictionary of English Place-names
Exmoor,'River Exe moor'.,"mōr Old English - A marsh, barren upland.; River-name Unknown - River-name",Watts; Cambridge Dictionary of English Place-names; E. Ekwall; Dictionary of English Place-Names; A.D. Mills; Dictionary of English Place-Names
Exton,'River Exe farm/settlment'.,River-name Unknown - River-name; tūn Old English - An enclosure; a farmstead; a village; an estate.,E. Ekwall; Dictionary of English Place-Names; A.D. Mills; Dictionary of English Place-Names; Watts; Cambridge Dictionary of English Place-names
Farleigh Hungerford,'Ferny wood/clearing'. It was held by Thomas Hungerford in 1369.,"Family name Unknown - Family name.; fearn Old English - A fern; ferns; a ferny place.; lēah Old English - A forest, wood, glade, clearing; (later) a pasture, meadow.",Watts; Cambridge Dictionary of English Place-names; A.D. Mills; Dictionary of English Place-Names; E. Ekwall; Dictionary of English Place-Names
Farmborough,'Ferny burial-mounds/hills'.,berg Old English; fearn Old English - A fern; ferns; a ferny place.,A.D. Mills; Dictionary of English Place-Names; E. Ekwall; Dictionary of English Place-Names; Watts; Cambridge Dictionary of English Place-names
Farrington Gurney,'Fern farm/settlement'. It was held by Robert de Gurnay in 1225.,Family name Unknown - Family name.; fearn Old English - A fern; ferns; a ferny place.; tūn Old English - An enclosure; a farmstead; a village; an estate.,E. Ekwall; Dictionary of English Place-Names; Watts; Cambridge Dictionary of English Place-names; A.D. Mills; Dictionary of English Place-Names
Fiddington,'Farm/settlement connected with *Fita'.,"-ingtūn Old English - A settlement called after, or connected with . . .; Personal name (Old English) Old English - Personal name",Watts; Cambridge Dictionary of English Place-names; E. Ekwall; Dictionary of English Place-Names; A.D. Mills; Dictionary of English Place-Names
Fitzhead,'Five hides of land'.,fīf Old English - Five.; hīd Old English - A hide of land; an amount of land for the support of one free family and its dependants; a unit of valuation.,A.D. Mills; Dictionary of English Place-Names; E. Ekwall; Dictionary of English Place-Names; Watts; Cambridge Dictionary of English Place-names
Fivehead,'Five hides'.,fīf Old English - Five.; hīd Old English - A hide of land; an amount of land for the support of one free family and its dependants; a unit of valuation.,E. Ekwall; Dictionary of English Place-Names; Watts; Cambridge Dictionary of English Place-names; A.D. Mills; Dictionary of English Place-Names
Flax Bourton,Uncertain. Hill farm/settlement' or 'fortification farm/settlement'. Flax was probably a locally important product.,berg Old English; burh Old English - A fortified place.; flax Middle English - Flax.; tūn Old English - An enclosure; a farmstead; a village; an estate.,A.D. Mills; Dictionary of English Place-Names; Watts; Cambridge Dictionary of English Place-names; E. Ekwall; Dictionary of English Place-Names
Four Towers,"An extra-parochial place called after four hunting towers built here in the 18th century. From the 19th century it was also known as the 'Two Towers', two having fallen into ruin. By 1851, only one remained standing.",Place-name Unknown - Place-name,Watts; Cambridge Dictionary of English Place-names; E. Ekwall; Dictionary of English Place-Names; A.D. Mills; Dictionary of English Place-Names
Foxcote or Forscote,"'Fox-cottage(s)', probably referring to burrows.","cot Old English - A cottage, a hut, a shelter, a den.; fox Old English - A fox.",Watts; Cambridge Dictionary of English Place-names; E. Ekwall; Dictionary of English Place-Names; A.D. Mills; Dictionary of English Place-Names
Frome,Named after the River Frome.,River-name Unknown - River-name,Watts; Cambridge Dictionary of English Place-names; E. Ekwall; Dictionary of English Place-Names; A.D. Mills; Dictionary of English Place-Names
Glastonbury,"'Fortification of the people dwelling in Glaston'. Another early form is 'island of the people dwelling in Glaston'. The root of the name itself, Glaston, is may be derived from CB *glasto-, 'blue, green' or Co glastan, 'oak-trees'.",-ingas Old English - The people of . . . ; the people called after . . .; burh Old English - A fortified place.; Place-name Unknown - Place-name,A.D. Mills; Dictionary of English Place-Names; E. Ekwall; Dictionary of English Place-Names; Watts; Cambridge Dictionary of English Place-names
Goathill,'Goat hill'.,"gāt Old English - A goat.; hyll Old English - A hill, a natural eminence or elevated piece of ground.",A.D. Mills; Dictionary of English Place-Names; Watts; Cambridge Dictionary of English Place-names; E. Ekwall; Dictionary of English Place-Names
Goathurst,'Goat wooded-hill'.,gāt Old English - A goat.; hyrst Old English - A wooded hill.,E. Ekwall; Dictionary of English Place-Names; A.D. Mills; Dictionary of English Place-Names; Watts; Cambridge Dictionary of English Place-names
Greinton,"'*Graega's farm/settlement'. Originally, called Poeld, OW *pou, 'country' with OE holt 'wood' and later, dun, 'hill'.",Personal name (Old English) Old English - Personal name; tūn Old English - An enclosure; a farmstead; a village; an estate.,A.D. Mills; Dictionary of English Place-Names; E. Ekwall; Dictionary of English Place-Names; Watts; Cambridge Dictionary of English Place-names
Halse,'Neck of land'.,hals Old English,E. Ekwall; Dictionary of English Place-Names; A.D. Mills; Dictionary of English Place-Names; Watts; Cambridge Dictionary of English Place-names
Hardington,'Farm/settlement connected with *Hearda'.,"-ingtūn Old English - A settlement called after, or connected with . . .; Personal name (Old English) Old English - Personal name",Watts; Cambridge Dictionary of English Place-names; E. Ekwall; Dictionary of English Place-Names; A.D. Mills; Dictionary of English Place-Names
Hardington Mandeville,'Farm/settlement connected with *Hearda'. It was held by Galfridus de Mandeville in 1166.,"-ingtūn Old English - A settlement called after, or connected with . . .; Family name Unknown - Family name.; Personal name (Old English) Old English - Personal name",Watts; Cambridge Dictionary of English Place-names; E. Ekwall; Dictionary of English Place-Names; A.D. Mills; Dictionary of English Place-Names
Haselbury Plucknett,'Small hazel grove'. It was held by Alan de Plugenet in 1268.,bearu Old English - A grove.  (Usually refers to a wood of limited extent rather than to forest areas.); Family name Unknown - Family name.; hæsel Old English - A hazel-tree.,E. Ekwall; Dictionary of English Place-Names; Watts; Cambridge Dictionary of English Place-names; A.D. Mills; Dictionary of English Place-Names
Hatch Beauchamp,"'Hatch', either referring to a gate, often to a forest, or a sluice-gate in a river.","Family name Unknown - Family name.; hæcc Old English - A hatch, a grating, a half-gate, a gate; a sluice-gate.",A.D. Mills; Dictionary of English Place-Names; Watts; Cambridge Dictionary of English Place-names; E. Ekwall; Dictionary of English Place-Names
Hawkridge,'Hawk ridge'.,hafoc Old English; hrycg Old English - A ridge.,Watts; Cambridge Dictionary of English Place-names; A.D. Mills; Dictionary of English Place-Names; E. Ekwall; Dictionary of English Place-Names
Heathfield,'Heathy open land'.,"feld Old English - Open country, unencumbered ground (eg. land without trees as opposed to forest, level ground as opposed to hills, land without buildings); arable land (from late tenth century).; hǣð Old English - Heather; a tract of uncultivated land.",E. Ekwall; Dictionary of English Place-Names; Watts; Cambridge Dictionary of English Place-names; A.D. Mills; Dictionary of English Place-Names
Hemington,'Farm/settlement connected with Hemma/Hemmi'.,"-ingtūn Old English - A settlement called after, or connected with . . .; Personal name (Old English) Old English - Personal name",A.D. Mills; Dictionary of English Place-Names; E. Ekwall; Dictionary of English Place-Names; Watts; Cambridge Dictionary of English Place-names
Henstridge,"Uncertain. 'Stallions' ridge' or perhaps, 'Hengest's ridge'.","hengest Old English - A horse, a stallion, a gelding.; hrycg Old English - A ridge.; Personal name (Old English) Old English - Personal name",A.D. Mills; Dictionary of English Place-Names; E. Ekwall; Dictionary of English Place-Names; Watts; Cambridge Dictionary of English Place-names
High Ham,'High hemmed-in land'.,hamm Old English - Land hemmed in by water or marsh (perhaps also by high ground); a river-meadow; cultivated plot on the edge of woodland or moor.,Watts; Cambridge Dictionary of English Place-names; E. Ekwall; Dictionary of English Place-Names; A.D. Mills; Dictionary of English Place-Names
High Littleton,'Little farm/settlement'. 'High' for distinction from Stoney Littleton.,"lȳtel Old English - Little, small.; tūn Old English - An enclosure; a farmstead; a village; an estate.",Watts; Cambridge Dictionary of English Place-names; E. Ekwall; Dictionary of English Place-Names; A.D. Mills; Dictionary of English Place-Names
Hillfarrance,'Hill'. It was held by Robert Furon in 1182.,"Family name Unknown - Family name.; hyll Old English - A hill, a natural eminence or elevated piece of ground.",E. Ekwall; Dictionary of English Place-Names; A.D. Mills; Dictionary of English Place-Names; Watts; Cambridge Dictionary of English Place-names
Hinton Blewett,'High farm/settlement'. It was held by the Bluet family.,"Family name Unknown - Family name.; hēah Old English - A high place, a height.; tūn Old English - An enclosure; a farmstead; a village; an estate.",Watts; Cambridge Dictionary of English Place-names; E. Ekwall; Dictionary of English Place-Names; A.D. Mills; Dictionary of English Place-Names
Hinton Charterhouse,'At the high farm/settlement'. The Carthusian priory of Locus Dei (Place of God) was founded here in 1232 by the widow of William Longespee.,"chartrouse Old French - A house of Carthusian monks.; hēah Old English - A high place, a height.; tūn Old English - An enclosure; a farmstead; a village; an estate.",A.D. Mills; Dictionary of English Place-Names; Watts; Cambridge Dictionary of English Place-names; E. Ekwall; Dictionary of English Place-Names
Hinton St. George,'High farm/settlement'. The church is dedicated to St. George.,"hēah Old English - A high place, a height.; Saint's Name Unknown - Saint's name.; tūn Old English - An enclosure; a farmstead; a village; an estate.",E. Ekwall; Dictionary of English Place-Names; A.D. Mills; Dictionary of English Place-Names; Watts; Cambridge Dictionary of English Place-names
Holcombe,'Hollow valley'.,"cumb Old English - A coomb, a valley.  Possibly derived from Welsh ""cumm""; but possibly derived from OE ""cumb"" a vessel, cup, a small measure.; hol Old English - A hole, a hollow.",E. Ekwall; Dictionary of English Place-Names; Watts; Cambridge Dictionary of English Place-names; A.D. Mills; Dictionary of English Place-Names
Holford,'Hollow ford'.,"ford Old English - A ford.; hol Old English - A hole, a hollow.",Watts; Cambridge Dictionary of English Place-names; E. Ekwall; Dictionary of English Place-Names; A.D. Mills; Dictionary of English Place-Names
Holton,'Nook of land farm/settlement'.,"halh Old English - A nook of land; a small valley; dry ground in marsh; a piece of land projecting from, or detached from, the main area of its administrative unit.; tūn Old English - An enclosure; a farmstead; a village; an estate.",Watts; Cambridge Dictionary of English Place-names; A.D. Mills; Dictionary of English Place-Names; E. Ekwall; Dictionary of English Place-Names
Hornblotton,'Trumpeters' farm/settlement'.,horn-blāwere Old English - A trumpeter.; tūn Old English - An enclosure; a farmstead; a village; an estate.,Watts; Cambridge Dictionary of English Place-names; E. Ekwall; Dictionary of English Place-Names; A.D. Mills; Dictionary of English Place-Names
Horsington,'Grooms' farm/settlement'.,"hors-þegn Old English - A groom, an equerry.; tūn Old English - An enclosure; a farmstead; a village; an estate.",Watts; Cambridge Dictionary of English Place-names; E. Ekwall; Dictionary of English Place-Names; A.D. Mills; Dictionary of English Place-Names
Huish Champflower,"Literally, 'household'. Used interchangeably with OE hid, 'a hide of land', it later came to denote a measure of land which could support a household.","Family name Unknown - Family name.; hīwisc Old English - A household, a family; later a measure of land that would support a family, used interchangeably with hid.",A.D. Mills; Dictionary of English Place-Names; Watts; Cambridge Dictionary of English Place-names; E. Ekwall; Dictionary of English Place-Names
Huish Episcopi,"Literally, 'household'. Used interchangeably with OE hid, 'a hide of land', it later came to denote a measure of land which could support a household.","episcopus Latin - A bishop.; hīwisc Old English - A household, a family; later a measure of land that would support a family, used interchangeably with hid.",E. Ekwall; Dictionary of English Place-Names; A.D. Mills; Dictionary of English Place-Names; Watts; Cambridge Dictionary of English Place-names
Huntspill,"'Hun's creek' or perhaps, 'Hun's pool'.",Personal name (Old English) Old English - Personal name; pull Old English - A pool.; pyll Old English - A tidal creek; possibly also a small stream.,Watts; Cambridge Dictionary of English Place-names; A.D. Mills; Dictionary of English Place-Names; E. Ekwall; Dictionary of English Place-Names
Hutton,'Hill-spur farm/settlement'.,hōh Old English - A heel; a sharply projecting piece of ground.; tūn Old English - An enclosure; a farmstead; a village; an estate.,A.D. Mills; Dictionary of English Place-Names; Watts; Cambridge Dictionary of English Place-names; E. Ekwall; Dictionary of English Place-Names
Ilchester,"'Roman site on the River Yeo [alias Gifl]'. Known to the Romans as Civitas Durotrigum (= town in the territory of the Durotriges) Lindineisis, perhaps, 'pool place', from CBA *lindo- + -in- (a suffix suggesting a 'wet place') or + -ina, a diminutive suffi",ceaster Old English - A city; an old fortification; a Roman site.; River-name Unknown - River-name,E. Ekwall; Dictionary of English Place-Names; A.D. Mills; Dictionary of English Place-Names; Watts; Cambridge Dictionary of English Place-names
Ilminster,'River Isle monastery'.,"mynster Old English - A monastery, the church of a monastery or religious body, a church served by secular clergy.; River-name Unknown - River-name",A.D. Mills; Dictionary of English Place-Names; E. Ekwall; Dictionary of English Place-Names; Watts; Cambridge Dictionary of English Place-names
Ilton,'River Isle farm/settlement'.,River-name Unknown - River-name; tūn Old English - An enclosure; a farmstead; a village; an estate.,E. Ekwall; Dictionary of English Place-Names; Watts; Cambridge Dictionary of English Place-names; A.D. Mills; Dictionary of English Place-Names
Isle Abbots,Named after the River Isle. It was a possession of the abbot of Muchelney Abbey.,abbas Latin - An abbot.; River-name Unknown - River-name,Watts; Cambridge Dictionary of English Place-names; E. Ekwall; Dictionary of English Place-Names; A.D. Mills; Dictionary of English Place-Names
Isle Brewers,Named after the River Isle. It was held by Richard Briwer in 1212.,Family name Unknown - Family name.; River-name Unknown - River-name,A.D. Mills; Dictionary of English Place-Names; Watts; Cambridge Dictionary of English Place-names; E. Ekwall; Dictionary of English Place-Names
Keinton Mandeville,'Royal farm/settlement '. It was held by William de Maundevill followed by Geoffrey de Maundeville in 1243.,"cyne- Old English - Kingly, royal.; tūn Old English - An enclosure; a farmstead; a village; an estate.",Watts; Cambridge Dictionary of English Place-names; E. Ekwall; Dictionary of English Place-Names; A.D. Mills; Dictionary of English Place-Names
Kelston,"'*C(e)alf's farm/settlement' or perhaps, 'calves' farm/settlement'.",calf Old English; Personal name (Old English) Old English - Personal name; tūn Old English - An enclosure; a farmstead; a village; an estate.,A.D. Mills; Dictionary of English Place-Names; Watts; Cambridge Dictionary of English Place-names; E. Ekwall; Dictionary of English Place-Names
Kenn,Named after the River Kenn.,River-name Unknown - River-name,E. Ekwall; Dictionary of English Place-Names; A.D. Mills; Dictionary of English Place-Names; Watts; Cambridge Dictionary of English Place-names
Kewstoke,'Outlying farm/settlement' with the later addition of the name of a Celtic saint.,"Saint's Name Unknown - Saint's name.; stoc Old English - A place, a secondary settlement.",A.D. Mills; Dictionary of English Place-Names; E. Ekwall; Dictionary of English Place-Names; Watts; Cambridge Dictionary of English Place-names
Keynsham,"Probably, '*Caegin's hemmed-in land'.",hamm Old English - Land hemmed in by water or marsh (perhaps also by high ground); a river-meadow; cultivated plot on the edge of woodland or moor.; Personal name (Old English) Old English - Personal name,A.D. Mills; Dictionary of English Place-Names; E. Ekwall; Dictionary of English Place-Names; Watts; Cambridge Dictionary of English Place-names
Kilmersdon,'Cynemaer's hill'.,dūn Old English - A hill.; Personal name (Old English) Old English - Personal name,Watts; Cambridge Dictionary of English Place-names; E. Ekwall; Dictionary of English Place-Names; A.D. Mills; Dictionary of English Place-Names
Kilton,"'Hill farm/settlement' or perhaps, 'kiln farm/settlement'.","cylfe Old English - Probably a prow, an eminence, a hill.; cyln Old English - A kiln, a furnace for baking or burning.; tūn Old English - An enclosure; a farmstead; a village; an estate.",E. Ekwall; Dictionary of English Place-Names; A.D. Mills; Dictionary of English Place-Names; Watts; Cambridge Dictionary of English Place-names
Kilve,'Club-shaped hill'.,"cylfe Old English - Probably a prow, an eminence, a hill.",E. Ekwall; Dictionary of English Place-Names; A.D. Mills; Dictionary of English Place-Names; Watts; Cambridge Dictionary of English Place-names
Kingsbury Episcopi,'King's fortification'. It was held by the Bishop of Bath.,burh Old English - A fortified place.; cyning Old English - A king.; episcopus Latin - A bishop.,E. Ekwall; Dictionary of English Place-Names; Watts; Cambridge Dictionary of English Place-names; A.D. Mills; Dictionary of English Place-Names
Kingsdon,'King's hill'.,cyning Old English - A king.; dūn Old English - A hill.,Watts; Cambridge Dictionary of English Place-names; A.D. Mills; Dictionary of English Place-Names; E. Ekwall; Dictionary of English Place-Names
Kingston,'King's farm/settlement'.,cyning Old English - A king.; tūn Old English - An enclosure; a farmstead; a village; an estate.,E. Ekwall; Dictionary of English Place-Names; Watts; Cambridge Dictionary of English Place-names; A.D. Mills; Dictionary of English Place-Names
Kingston Seymore,'King's farm/settlement'. It was held by the St. Maur family.,"cyning Old English - A king.; Family name Unknown - Family name.; stān Old English - A stone, stone, rock.",A.D. Mills; Dictionary of English Place-Names; E. Ekwall; Dictionary of English Place-Names; Watts; Cambridge Dictionary of English Place-names
Kingstone,'King's stone'.,"cyning Old English - A king.; stān Old English - A stone, stone, rock.",E. Ekwall; Dictionary of English Place-Names; Watts; Cambridge Dictionary of English Place-names; A.D. Mills; Dictionary of English Place-Names
Kingweston,'Cyneweard's farm/settlement'.,Personal name (Old English) Old English - Personal name; tūn Old English - An enclosure; a farmstead; a village; an estate.,Watts; Cambridge Dictionary of English Place-names; E. Ekwall; Dictionary of English Place-Names; A.D. Mills; Dictionary of English Place-Names
Kittisford,'Cyddi's ford'.,ford Old English - A ford.; Personal name (Old English) Old English - Personal name,E. Ekwall; Dictionary of English Place-Names; A.D. Mills; Dictionary of English Place-Names; Watts; Cambridge Dictionary of English Place-names
Knowle St. Giles,'Knoll'. The church is dedicated to St. Giles.,"cnoll Old English - A knoll, a small rounded hill.; Saint's Name Unknown - Saint's name.",Watts; Cambridge Dictionary of English Place-names; A.D. Mills; Dictionary of English Place-Names; E. Ekwall; Dictionary of English Place-Names
Lamyatt,'Lamb gate'.,"geat Old English - A hole, an opening, a gap, a pass, a passage; a gate(way).; lamb Old English - A lamb.",A.D. Mills; Dictionary of English Place-Names; E. Ekwall; Dictionary of English Place-Names; Watts; Cambridge Dictionary of English Place-names
Langford Budville,'Long ford'. It was held by Richard de Buddeville before 1212.,"Family name Unknown - Family name.; ford Old English - A ford.; lang Old English - Long, tall.",Watts; Cambridge Dictionary of English Place-names; A.D. Mills; Dictionary of English Place-Names; E. Ekwall; Dictionary of English Place-Names
Langport,'Long market-town'.,"lang Old English - Long, tall.; port Old English - A haven, a harbour.",Watts; Cambridge Dictionary of English Place-names; E. Ekwall; Dictionary of English Place-Names; A.D. Mills; Dictionary of English Place-Names
Langridge,'Long ridge'.,"hrycg Old English - A ridge.; lang Old English - Long, tall.",Watts; Cambridge Dictionary of English Place-names; E. Ekwall; Dictionary of English Place-Names; A.D. Mills; Dictionary of English Place-Names
Laverton,'Lark farm/settlement' or 'rushy/reedy farm/settlement'.,"lāwerce Old English - A lark.; lēfer Old English - A rush, a reed, a yellow iris, levers.; tūn Old English - An enclosure; a farmstead; a village; an estate.",E. Ekwall; Dictionary of English Place-Names; A.D. Mills; Dictionary of English Place-Names; Watts; Cambridge Dictionary of English Place-names
Leigh upon Mendip,'Wood/clearing'. It is near the Mendip Hills.,"lēah Old English - A forest, wood, glade, clearing; (later) a pasture, meadow.",A.D. Mills; Dictionary of English Place-Names; E. Ekwall; Dictionary of English Place-Names; Watts; Cambridge Dictionary of English Place-names
Lilstock,'*Lylla's/*Lulla's outlying farm/settlement'.,"Personal name (Old English) Old English - Personal name; stoc Old English - A place, a secondary settlement.",Watts; Cambridge Dictionary of English Place-names; E. Ekwall; Dictionary of English Place-Names; A.D. Mills; Dictionary of English Place-Names
Limington,"Uncertain. Perhaps, 'River Lymn farm/settlement', a lost river-name identical to the River Leam.",River-name Unknown - River-name; tūn Old English - An enclosure; a farmstead; a village; an estate.,A.D. Mills; Dictionary of English Place-Names; Watts; Cambridge Dictionary of English Place-names; E. Ekwall; Dictionary of English Place-Names
Litton,"Uncertain. 'Gate farm/settlement' or 'slope farm/settlement'. Alternatively, 'noisy stream farm/settlement'.",hlid Old English - A slope.; hlȳde Old English - A noisy stream (literally a loud one.; tūn Old English - An enclosure; a farmstead; a village; an estate.,Watts; Cambridge Dictionary of English Place-names; E. Ekwall; Dictionary of English Place-Names; A.D. Mills; Dictionary of English Place-Names
Locking,"Uncertain. 'Locc's place' or perhaps, 'enclosure place'. Alternatively, a stream-name, 'playful one', derived from OE lac.","-ing Old English - Place-name forming suffix.; loc Old English - A lock, a bolt; a fold.; Personal name (Old English) Old English - Personal name; River-name Unknown - River-name",E. Ekwall; Dictionary of English Place-Names; A.D. Mills; Dictionary of English Place-Names; Watts; Cambridge Dictionary of English Place-names
Long Ashton,'Ash-tree farm/settlement'. 'Long' from the shape of the parish.,æsc Old English; tūn Old English - An enclosure; a farmstead; a village; an estate.,Watts; Cambridge Dictionary of English Place-names; A.D. Mills; Dictionary of English Place-Names; E. Ekwall; Dictionary of English Place-Names
Long Sutton,'South farm/settlement'. 'Long' to distinguish from other Suttons.,"sūð Old English - South, southern.; tūn Old English - An enclosure; a farmstead; a village; an estate.",A.D. Mills; Dictionary of English Place-Names; Watts; Cambridge Dictionary of English Place-names; E. Ekwall; Dictionary of English Place-Names
Lopen,"Uncertain. Perhaps, 'Lufa's hill' or 'Lufa's pen'. Alternatively, it may be a hypothetical OE *lopum, 'at the hills', cognate with ME lump.","lump Middle English - A lump.; penn C; penn Old English - A small enclosure, a fold; later an enclosure for animals.; Personal name (Old English) Old English - Personal name",Watts; Cambridge Dictionary of English Place-names; E. Ekwall; Dictionary of English Place-Names; A.D. Mills; Dictionary of English Place-Names
Lovington,'Farm/settlement connected with Lufa'.,"-ingtūn Old English - A settlement called after, or connected with . . .; Personal name (Old English) Old English - Personal name",E. Ekwall; Dictionary of English Place-Names; A.D. Mills; Dictionary of English Place-Names; Watts; Cambridge Dictionary of English Place-names
Loxton,'River Lox farm/settlement'.,River-name Unknown - River-name; tūn Old English - An enclosure; a farmstead; a village; an estate.,A.D. Mills; Dictionary of English Place-Names; E. Ekwall; Dictionary of English Place-Names; Watts; Cambridge Dictionary of English Place-names
Luccombe,"'Lufa's valley', or 'love valley', a place where courtship took place.","cumb Old English - A coomb, a valley.  Possibly derived from Welsh ""cumm""; but possibly derived from OE ""cumb"" a vessel, cup, a small measure.; lufu Old English - Love, love-making, courtship.; Personal name (Old English) Old English - Personal name",Watts; Cambridge Dictionary of English Place-names; E. Ekwall; Dictionary of English Place-Names; A.D. Mills; Dictionary of English Place-Names
Lufton,'Luca's farm/settlement'.,Personal name (Old English) Old English - Personal name; tūn Old English - An enclosure; a farmstead; a village; an estate.,E. Ekwall; Dictionary of English Place-Names; Watts; Cambridge Dictionary of English Place-names; A.D. Mills; Dictionary of English Place-Names
Lullington,'Farm/settlement connected with Lulla'.,"-ingtūn Old English - A settlement called after, or connected with . . .; Personal name (Old English) Old English - Personal name",Watts; Cambridge Dictionary of English Place-names; E. Ekwall; Dictionary of English Place-Names; A.D. Mills; Dictionary of English Place-Names
Luxborough,Forms vary between 'Lulluc's fortification' or 'Lulluc's hill'.,berg Old English; burh Old English - A fortified place.; Personal name (Old English) Old English - Personal name,A.D. Mills; Dictionary of English Place-Names; E. Ekwall; Dictionary of English Place-Names; Watts; Cambridge Dictionary of English Place-names
Lydeard St. Lawrence,'Grey hill'. The church is dedicated to St. Lawrence.,garth C; lẹ̄d C; Saint's Name Unknown - Saint's name.,A.D. Mills; Dictionary of English Place-Names; E. Ekwall; Dictionary of English Place-Names; Watts; Cambridge Dictionary of English Place-names
Lympsham,"Uncertain. Possibly, '*Limpel's homestead/village. Alternatively, a lost place-name, *Linpol, 'flax pool' or *Lindpyll, 'lime-tree pool'.","hām Old English - A village, a village community, a manor, an estate, a homestead.; hamm Old English - Land hemmed in by water or marsh (perhaps also by high ground); a river-meadow; cultivated plot on the edge of woodland or moor.; Personal name (Old English) Old English - Personal name; Place-name Unknown - Place-name",E. Ekwall; Dictionary of English Place-Names; Watts; Cambridge Dictionary of English Place-names; A.D. Mills; Dictionary of English Place-Names
Lyncombe and Widcombe,"Obscure. 'Willow-tree valley' or perhaps, 'wide valley'.","cumb Old English - A coomb, a valley.  Possibly derived from Welsh ""cumm""; but possibly derived from OE ""cumb"" a vessel, cup, a small measure.; Obscure element Unknown - Obscure element; wīd Old English - Wide, spacious.; wīðig Old English - A willow-tree; a withy.",E. Ekwall; Dictionary of English Place-Names; A.D. Mills; Dictionary of English Place-Names; Watts; Cambridge Dictionary of English Place-names
Lyng,"Probably, 'long place'.","lengen Old English - A length, an extent.",E. Ekwall; Dictionary of English Place-Names; A.D. Mills; Dictionary of English Place-Names; Watts; Cambridge Dictionary of English Place-names
Maperton,'Maple-tree farm/settlement'.,mapuldor Old English - A maple-tree.; tūn Old English - An enclosure; a farmstead; a village; an estate.,A.D. Mills; Dictionary of English Place-Names; E. Ekwall; Dictionary of English Place-Names; Watts; Cambridge Dictionary of English Place-names
Mark,'Boundary building'.,"ærn Old English - A building, a house.  In place-names often a building used for a specific purpose.; mearc Old English - A march, a boundary; a boundary mark.",Watts; Cambridge Dictionary of English Place-names; E. Ekwall; Dictionary of English Place-Names; A.D. Mills; Dictionary of English Place-Names
Marksbury,'*Maerec's/*Mearc's fortification'.,burh Old English - A fortified place.; Personal name (Old English) Old English - Personal name,A.D. Mills; Dictionary of English Place-Names; E. Ekwall; Dictionary of English Place-Names; Watts; Cambridge Dictionary of English Place-names
Marston Bigot,'Marsh farm/settlement'. It was held Richard de Bigod before 1195.,Family name Unknown - Family name.; mersc Old English - A marsh.; tūn Old English - An enclosure; a farmstead; a village; an estate.,Watts; Cambridge Dictionary of English Place-names; A.D. Mills; Dictionary of English Place-Names; E. Ekwall; Dictionary of English Place-Names
Marston Magna,'Marsh farm/settlement'.,"magna Latin - Big, great.; mersc Old English - A marsh.; tūn Old English - An enclosure; a farmstead; a village; an estate.",E. Ekwall; Dictionary of English Place-Names; A.D. Mills; Dictionary of English Place-Names; Watts; Cambridge Dictionary of English Place-names
Martock,"'Pool outlying farm/settlement' or possibly, 'boundary outlying farm/settlement'.","mearc Old English - A march, a boundary; a boundary mark.; mere Old English - A pond, a pool, a lake.; stoc Old English - A place, a secondary settlement.",E. Ekwall; Dictionary of English Place-Names; A.D. Mills; Dictionary of English Place-Names; Watts; Cambridge Dictionary of English Place-names
Meare,'Pool'.,"mere Old English - A pond, a pool, a lake.",Watts; Cambridge Dictionary of English Place-names; A.D. Mills; Dictionary of English Place-Names; E. Ekwall; Dictionary of English Place-Names
Mells,'Mills'.,myln Old English - A mill.,A.D. Mills; Dictionary of English Place-Names; Watts; Cambridge Dictionary of English Place-names; E. Ekwall; Dictionary of English Place-Names
Merriott,"Uncertain. 'Boundary gate', 'mare gate', or perhaps, 'pool gate'.","geat Old English - A hole, an opening, a gap, a pass, a passage; a gate(way).; mǣre Old English - A boundary, a border; (in field names) the balk of a ploughland.; mere Old English - A pond, a pool, a lake.",E. Ekwall; Dictionary of English Place-Names; A.D. Mills; Dictionary of English Place-Names; Watts; Cambridge Dictionary of English Place-names
Middlezoy,'Middle Sow island'.,īeg Old English; middel Old English - Middle.; River-name Unknown - River-name,Watts; Cambridge Dictionary of English Place-names; E. Ekwall; Dictionary of English Place-Names; A.D. Mills; Dictionary of English Place-Names
Midsomer Norton,"'North farm/settlement'. 'Midsomer' is thought to be an allusion to the feast of St. John the Baptist, patron saint of the church, held on mid-summer's day.","norð Old English - Northern, north.; tūn Old English - An enclosure; a farmstead; a village; an estate.",A.D. Mills; Dictionary of English Place-Names; Watts; Cambridge Dictionary of English Place-names; E. Ekwall; Dictionary of English Place-Names
Milborne Port,'Mill stream' and 'market town'.,"burna Old English - A stream.; myln Old English - A mill.; port Old English - A haven, a harbour.",A.D. Mills; Dictionary of English Place-Names; Watts; Cambridge Dictionary of English Place-names; E. Ekwall; Dictionary of English Place-Names
Milton Clevedon,'Middle farm/settlement'. It was held by William de Clyvedon ca. 1200.,Family name Unknown - Family name.; middel Old English - Middle.; tūn Old English - An enclosure; a farmstead; a village; an estate.,E. Ekwall; Dictionary of English Place-Names; Watts; Cambridge Dictionary of English Place-names; A.D. Mills; Dictionary of English Place-Names
Milverton,'Mill-ford farm/settlement'.,ford Old English - A ford.; myln Old English - A mill.; tūn Old English - An enclosure; a farmstead; a village; an estate.,Watts; Cambridge Dictionary of English Place-names; E. Ekwall; Dictionary of English Place-Names; A.D. Mills; Dictionary of English Place-Names
Minehead,'Myne (= mountain) headland'. The Celtic name Myne was probably adopted as a place-name to which OE heafod was added.,hēafod Old English - A head; an end or source; headland in a field-system; a projecting piece of ground; a hill (often small).; mönið C,Watts; Cambridge Dictionary of English Place-names; E. Ekwall; Dictionary of English Place-Names; A.D. Mills; Dictionary of English Place-Names
Misterton,'Monastery farm/settlement'.,"mynster Old English - A monastery, the church of a monastery or religious body, a church served by secular clergy.; tūn Old English - An enclosure; a farmstead; a village; an estate.",E. Ekwall; Dictionary of English Place-Names; Watts; Cambridge Dictionary of English Place-names; A.D. Mills; Dictionary of English Place-Names
Monksilver,"'Silver' with the later addition of 'monks'. The first element, if not a river-name, is otherwise obscure.",munuc Old English - A monk.; River-name Unknown - River-name,Watts; Cambridge Dictionary of English Place-names; A.D. Mills; Dictionary of English Place-Names; E. Ekwall; Dictionary of English Place-Names
Monkton Combe,"Originally, simply 'valley'. Monkton, 'monks' farm/settlement', is a later addition.","cumb Old English - A coomb, a valley.  Possibly derived from Welsh ""cumm""; but possibly derived from OE ""cumb"" a vessel, cup, a small measure.; munuc Old English - A monk.; tūn Old English - An enclosure; a farmstead; a village; an estate.",E. Ekwall; Dictionary of English Place-Names; Watts; Cambridge Dictionary of English Place-names; A.D. Mills; Dictionary of English Place-Names
Montacute,"'Pointed hill'. Earlier called, Biscopstone, 'bishop's farm/settlement' apparently belonging to a bishop, Tunbeohrt of Winchester.","aigu Old French - Sharp, pointed.; mont Old French - Hill, mountain.",E. Ekwall; Dictionary of English Place-Names; A.D. Mills; Dictionary of English Place-Names; Watts; Cambridge Dictionary of English Place-names
Moorlinch,'Pleasant bank'.,"hlinc Old English - A bank, a ledge; a terrace; a ledge of ploughland on a hillside; an unploughed strip between fields.; myrge Old English - Pleasant, sweet, agreeable.",Watts; Cambridge Dictionary of English Place-names; E. Ekwall; Dictionary of English Place-Names; A.D. Mills; Dictionary of English Place-Names
Muchelney,'At the large island'.,"ēg Old English - An island.  In ancient settlement-names, most frequently refers to dry ground surrounded by marsh.  Also used of islands in modern sense.  In late OE names: well-watered land.; micel Old English - Big, great.",Watts; Cambridge Dictionary of English Place-names; E. Ekwall; Dictionary of English Place-Names; A.D. Mills; Dictionary of English Place-Names
Mudford,'Muddy ford'.,ford Old English - A ford.; muddig Old English - Muddy.,A.D. Mills; Dictionary of English Place-Names; Watts; Cambridge Dictionary of English Place-names; E. Ekwall; Dictionary of English Place-Names
Nailsea,'*Naegl's island'.,"ēg Old English - An island.  In ancient settlement-names, most frequently refers to dry ground surrounded by marsh.  Also used of islands in modern sense.  In late OE names: well-watered land.; Personal name (Old English) Old English - Personal name",Watts; Cambridge Dictionary of English Place-names; E. Ekwall; Dictionary of English Place-Names; A.D. Mills; Dictionary of English Place-Names
Nempnett Thrubwell,"Originally, two separate places. The first is 'at the level ground'. The second is more uncertain. The first element may be an OE *thrybb, related to modE throb, so perhaps, 'gushing spring/stream'.","atten Middle English - At the: used with masculine and neuter nouns.; emnet Old English - A plain, a plateau, a level ground.; Obscure element Unknown - Obscure element; wella Old English",A.D. Mills; Dictionary of English Place-Names; Watts; Cambridge Dictionary of English Place-names; E. Ekwall; Dictionary of English Place-Names
Nether Stowey,'Stone road'.,"stān Old English - A stone, stone, rock.; weg Old English - A road.",E. Ekwall; Dictionary of English Place-Names; A.D. Mills; Dictionary of English Place-Names; Watts; Cambridge Dictionary of English Place-names
Nettlecombe,'Nettle valley'.,"cumb Old English - A coomb, a valley.  Possibly derived from Welsh ""cumm""; but possibly derived from OE ""cumb"" a vessel, cup, a small measure.; netel Old English - A nettle.",A.D. Mills; Dictionary of English Place-Names; Watts; Cambridge Dictionary of English Place-names; E. Ekwall; Dictionary of English Place-Names
Newton St. Loe,'New farm/settlement'. It was held by Roger de Sancto Laudo in 1122.,Family name Unknown - Family name.; nīwe Old English - New.; tūn Old English - An enclosure; a farmstead; a village; an estate.,A.D. Mills; Dictionary of English Place-Names; E. Ekwall; Dictionary of English Place-Names; Watts; Cambridge Dictionary of English Place-names
North and South Barrow,'Small grove'.,bearu Old English - A grove.  (Usually refers to a wood of limited extent rather than to forest areas.),Watts; Cambridge Dictionary of English Place-names; A.D. Mills; Dictionary of English Place-Names; E. Ekwall; Dictionary of English Place-Names
North and South Brewham,'River Brue homestead/village ' or 'River Brue hemmed-in land'.,"hām Old English - A village, a village community, a manor, an estate, a homestead.; hamm Old English - Land hemmed in by water or marsh (perhaps also by high ground); a river-meadow; cultivated plot on the edge of woodland or moor.; River-name Unknown - River-name",Watts; Cambridge Dictionary of English Place-names; A.D. Mills; Dictionary of English Place-Names; E. Ekwall; Dictionary of English Place-Names
North and South Cadbury,"'Cada's fortification'. This personal name is also associated with other Iron Age hill-forts elsewhere in Somerset and in Devon, leading to the suggestion that 'Cada' may have been a mythical or folkloric figure.",burh Old English - A fortified place.; Personal name (Old English) Old English - Personal name,A.D. Mills; Dictionary of English Place-Names; Watts; Cambridge Dictionary of English Place-names; E. Ekwall; Dictionary of English Place-Names
North Cheriton,'Church farm/settlement'.,cirice Old English - A church.; tūn Old English - An enclosure; a farmstead; a village; an estate.,A.D. Mills; Dictionary of English Place-Names; Watts; Cambridge Dictionary of English Place-names; E. Ekwall; Dictionary of English Place-Names
North Curry,'River Curry farm/settlement'.,"norð Old English - Northern, north.; River-name Unknown - River-name",E. Ekwall; Dictionary of English Place-Names; A.D. Mills; Dictionary of English Place-Names; Watts; Cambridge Dictionary of English Place-names
North Perrott,Named after the River Parrett.,River-name Unknown - River-name,A.D. Mills; Dictionary of English Place-Names; E. Ekwall; Dictionary of English Place-Names; Watts; Cambridge Dictionary of English Place-names
North Petherton,'River Parrett farm/settlement'. 'North' to distinguish from South Petherton.,River-name Unknown - River-name; tūn Old English - An enclosure; a farmstead; a village; an estate.,E. Ekwall; Dictionary of English Place-Names; A.D. Mills; Dictionary of English Place-Names; Watts; Cambridge Dictionary of English Place-names
North Stoke,'Outlying farm/settlement'. 'North' to distinguish from South Stoke.,"norð Old English - Northern, north.; stoc Old English - A place, a secondary settlement.",Watts; Cambridge Dictionary of English Place-names; E. Ekwall; Dictionary of English Place-Names; A.D. Mills; Dictionary of English Place-Names
North Widcombe,'Wide valley'.,"cumb Old English - A coomb, a valley.  Possibly derived from Welsh ""cumm""; but possibly derived from OE ""cumb"" a vessel, cup, a small measure.; wīd Old English - Wide, spacious.",A.D. Mills; Dictionary of English Place-Names; E. Ekwall; Dictionary of English Place-Names; Watts; Cambridge Dictionary of English Place-names
North Wootton,'Wood farm/settlement'.,"tūn Old English - An enclosure; a farmstead; a village; an estate.; wudu Old English - A wood; or wood, timber.",A.D. Mills; Dictionary of English Place-Names; E. Ekwall; Dictionary of English Place-Names; Watts; Cambridge Dictionary of English Place-names
Northover,"'North bank' or 'north ridge', referring either to a bank of the River Yeo itself or a ridge visible from the bank.","norð Old English - Northern, north.; ōfer Old English - A margin; a river-bank, sea-shore.; ofer Old English - The tip of a promontory, a flat-topped ridge.",E. Ekwall; Dictionary of English Place-Names; Watts; Cambridge Dictionary of English Place-names; A.D. Mills; Dictionary of English Place-Names
Norton Fitzwarren,'North farm/settlement'. It was held by the Fitzwarren family.,"Family name Unknown - Family name.; norð Old English - Northern, north.; tūn Old English - An enclosure; a farmstead; a village; an estate.",Watts; Cambridge Dictionary of English Place-names; E. Ekwall; Dictionary of English Place-Names; A.D. Mills; Dictionary of English Place-Names
Norton Hawkfield,'North farm/settlement'. It was held by Reginald de Alta Villa (Hauteville) before 1219.,"Family name Unknown - Family name.; norð Old English - Northern, north.; tūn Old English - An enclosure; a farmstead; a village; an estate.",A.D. Mills; Dictionary of English Place-Names; Watts; Cambridge Dictionary of English Place-names; E. Ekwall; Dictionary of English Place-Names
Norton Malreward,'North farm/settlement'. It was held by William Malreward in 1238.,"Family name Unknown - Family name.; norð Old English - Northern, north.; tūn Old English - An enclosure; a farmstead; a village; an estate.",Watts; Cambridge Dictionary of English Place-names; E. Ekwall; Dictionary of English Place-Names; A.D. Mills; Dictionary of English Place-Names
Norton St. Philip,'North farm/settlement'. The church is dedicated to St. Philip.,"norð Old English - Northern, north.; Saint's Name Unknown - Saint's name.; tūn Old English - An enclosure; a farmstead; a village; an estate.",E. Ekwall; Dictionary of English Place-Names; Watts; Cambridge Dictionary of English Place-names; A.D. Mills; Dictionary of English Place-Names
Norton sub Hamdon,'North farm/settlement'. It is near Hamdon Hill.,"norð Old English - Northern, north.; Place-name Unknown - Place-name; sub Latin - Below, underneath.; tūn Old English - An enclosure; a farmstead; a village; an estate.",Watts; Cambridge Dictionary of English Place-names; E. Ekwall; Dictionary of English Place-Names; A.D. Mills; Dictionary of English Place-Names
Nunney,Uncertain. 'Nunna's island' or 'nuns' island'.,īeg Old English; nunne Old English - A nun.; Personal name (Old English) Old English - Personal name,Watts; Cambridge Dictionary of English Place-names; E. Ekwall; Dictionary of English Place-Names; A.D. Mills; Dictionary of English Place-Names
Nyland cum Batcombe,"'At the island'. Orginally, 'Eadred's island'. Uncertain. 'Bata's valley' or perhaps, 'bat valley', where implements such as clubs or cudgels were made or obtained.","atten Middle English - At the: used with masculine and neuter nouns.; batt Old English - A bat, club, cudgel.; cumb Old English - A coomb, a valley.  Possibly derived from Welsh ""cumm""; but possibly derived from OE ""cumb"" a vessel, cup, a small measure.; īeg Old English; Personal name (Old English) Old English - Personal name",Watts; Cambridge Dictionary of English Place-names; A.D. Mills; Dictionary of English Place-Names; E. Ekwall; Dictionary of English Place-Names
Nynehead,'Nine hides of land'.,hīd Old English - A hide of land; an amount of land for the support of one free family and its dependants; a unit of valuation.; nigon Old English - Nine.,A.D. Mills; Dictionary of English Place-Names; E. Ekwall; Dictionary of English Place-Names; Watts; Cambridge Dictionary of English Place-names
Oake,'At the oak-trees'.,āc Old English - An oak-tree.,Watts; Cambridge Dictionary of English Place-names; E. Ekwall; Dictionary of English Place-Names; A.D. Mills; Dictionary of English Place-Names
Oare,Named after Oare Water.,River-name Unknown - River-name,A.D. Mills; Dictionary of English Place-Names; E. Ekwall; Dictionary of English Place-Names; Watts; Cambridge Dictionary of English Place-names
Odcombe,"'Uda's valley' or perhaps, 'wood valley'.","cumb Old English - A coomb, a valley.  Possibly derived from Welsh ""cumm""; but possibly derived from OE ""cumb"" a vessel, cup, a small measure.; Personal name (Old English) Old English - Personal name; wudu Old English - A wood; or wood, timber.",E. Ekwall; Dictionary of English Place-Names; A.D. Mills; Dictionary of English Place-Names; Watts; Cambridge Dictionary of English Place-names
Old Cleeve,'Cliff'.,"clif Old English - An escarpment, a hill-slope; a river-bank.",Watts; Cambridge Dictionary of English Place-names; E. Ekwall; Dictionary of English Place-Names; A.D. Mills; Dictionary of English Place-Names
Orchard Portman,'Orchard'. It was held by Walter Portman in the 15th century.,Family name Unknown - Family name.; orceard Old English - A garden; later an orchard.,E. Ekwall; Dictionary of English Place-Names; A.D. Mills; Dictionary of English Place-Names; Watts; Cambridge Dictionary of English Place-names
Orchardleigh,'Orchard wood/clearing'.,"lēah Old English - A forest, wood, glade, clearing; (later) a pasture, meadow.; orceard Old English - A garden; later an orchard.",A.D. Mills; Dictionary of English Place-Names; E. Ekwall; Dictionary of English Place-Names; Watts; Cambridge Dictionary of English Place-names
Othery,'Other island'.,"ēg Old English - An island.  In ancient settlement-names, most frequently refers to dry ground surrounded by marsh.  Also used of islands in modern sense.  In late OE names: well-watered land.; ōðer Old English - Other, second.",E. Ekwall; Dictionary of English Place-Names; Watts; Cambridge Dictionary of English Place-names; A.D. Mills; Dictionary of English Place-Names
Otterford,'Otter ford'.,ford Old English - A ford.; oter Old English - An otter.,Watts; Cambridge Dictionary of English Place-names; E. Ekwall; Dictionary of English Place-Names; A.D. Mills; Dictionary of English Place-Names
Otterhampton,"Uncertain. Perhaps, 'Oterham's (= otter homestead/village, Oter's homestead/village) farm/settlement'. Alternatively, 'farm/settlement of the Oterhaema', literally, the 'otter dwellers' but perhaps referring to a lost place-name of Oterham or Oterburn, et",hǣme Old English - The inhabitants of a place.; oter Old English - An otter.; Personal name (Old English) Old English - Personal name; Place-name Unknown - Place-name; tūn Old English - An enclosure; a farmstead; a village; an estate.,A.D. Mills; Dictionary of English Place-Names; Watts; Cambridge Dictionary of English Place-names; E. Ekwall; Dictionary of English Place-Names
Over Stowey,'Stone road'.,"stān Old English - A stone, stone, rock.; weg Old English - A road.",A.D. Mills; Dictionary of English Place-Names; E. Ekwall; Dictionary of English Place-Names; Watts; Cambridge Dictionary of English Place-names
Paulton,'Ledge farm/settlement'.,pall Old English; tūn Old English - An enclosure; a farmstead; a village; an estate.,E. Ekwall; Dictionary of English Place-Names; Watts; Cambridge Dictionary of English Place-names; A.D. Mills; Dictionary of English Place-Names
Pawlett,"'Pole stream', perhaps either marked or obstructed by poles.","flēot Old English - An estuary, an inlet of the sea, a small stream.; pōl Old English - A pool.",A.D. Mills; Dictionary of English Place-Names; Watts; Cambridge Dictionary of English Place-names; E. Ekwall; Dictionary of English Place-Names
Pendomer,"Originally simply, 'pen'. The addition of the Domer family-name was to distinguish form Penselwood.","Family name Unknown - Family name.; penn Old English - A small enclosure, a fold; later an enclosure for animals.",E. Ekwall; Dictionary of English Place-Names; A.D. Mills; Dictionary of English Place-Names; Watts; Cambridge Dictionary of English Place-names
Penselwood,'Pen in Selwood (= willow wood)'. The addition of Selwood was to distinguish from Pendomer.,"penn C; sele Old English - A dwelling, a house, a hall.; wudu Old English - A wood; or wood, timber.",Watts; Cambridge Dictionary of English Place-names; E. Ekwall; Dictionary of English Place-Names; A.D. Mills; Dictionary of English Place-Names
Pilton,'Creek farm/settlement'.,pyll Old English - A tidal creek; possibly also a small stream.; tūn Old English - An enclosure; a farmstead; a village; an estate.,E. Ekwall; Dictionary of English Place-Names; A.D. Mills; Dictionary of English Place-Names; Watts; Cambridge Dictionary of English Place-names
Pitcombe,'Marsh valley'.,"cumb Old English - A coomb, a valley.  Possibly derived from Welsh ""cumm""; but possibly derived from OE ""cumb"" a vessel, cup, a small measure.; pide Old English - A marsh, a fen.",Watts; Cambridge Dictionary of English Place-names; A.D. Mills; Dictionary of English Place-Names; E. Ekwall; Dictionary of English Place-Names
Pitminster,'Monastery connected to Pippa/Pyppa'.,"-ing- Old English - Connective particle, linking a first element to a final element.; mynster Old English - A monastery, the church of a monastery or religious body, a church served by secular clergy.; Personal name (Old English) Old English - Personal name",E. Ekwall; Dictionary of English Place-Names; A.D. Mills; Dictionary of English Place-Names; Watts; Cambridge Dictionary of English Place-names
Pitney,'*Pytta's/Peota's island'.,"ēg Old English - An island.  In ancient settlement-names, most frequently refers to dry ground surrounded by marsh.  Also used of islands in modern sense.  In late OE names: well-watered land.; Personal name (Old English) Old English - Personal name",A.D. Mills; Dictionary of English Place-Names; E. Ekwall; Dictionary of English Place-Names; Watts; Cambridge Dictionary of English Place-names
Podimore,'Toad moor'.,"mōr Old English - A marsh, barren upland.; pode Middle English - A toad.",A.D. Mills; Dictionary of English Place-Names; Watts; Cambridge Dictionary of English Place-names; E. Ekwall; Dictionary of English Place-Names
Porlock,'Harbour enclosure'.,"loca Old English - An enclosure.; port Old English - A haven, a harbour.",Watts; Cambridge Dictionary of English Place-names; E. Ekwall; Dictionary of English Place-Names; A.D. Mills; Dictionary of English Place-Names
Portbury,'Harbour fortification'.,"burh Old English - A fortified place.; port Old English - A haven, a harbour.",Watts; Cambridge Dictionary of English Place-names; A.D. Mills; Dictionary of English Place-Names; E. Ekwall; Dictionary of English Place-Names
Portishead,'Harbour headland'.,"hēafod Old English - A head; an end or source; headland in a field-system; a projecting piece of ground; a hill (often small).; port Old English - A haven, a harbour.",A.D. Mills; Dictionary of English Place-Names; Watts; Cambridge Dictionary of English Place-names; E. Ekwall; Dictionary of English Place-Names
Preston Plucknett,'Priests' farm/settlement'. It was held by Alan de Plugenet in 1268.,Family name Unknown - Family name.; prēost Old English - A priest.; tūn Old English - An enclosure; a farmstead; a village; an estate.,A.D. Mills; Dictionary of English Place-Names; Watts; Cambridge Dictionary of English Place-names; E. Ekwall; Dictionary of English Place-Names
Priddy,'Earth house'.,prið C; tïg C,A.D. Mills; Dictionary of English Place-Names; Watts; Cambridge Dictionary of English Place-names; E. Ekwall; Dictionary of English Place-Names
Priston,'Thicket farm/settlement'.,prisc C; tūn Old English - An enclosure; a farmstead; a village; an estate.,A.D. Mills; Dictionary of English Place-Names; E. Ekwall; Dictionary of English Place-Names; Watts; Cambridge Dictionary of English Place-names
Publow,'Pubba's burial-mound/hill'.,hlāw Old English - A tumulus; a hill.; Personal name (Old English) Old English - Personal name,A.D. Mills; Dictionary of English Place-Names; E. Ekwall; Dictionary of English Place-Names; Watts; Cambridge Dictionary of English Place-names
Puckington,'Farm/settlement connected with *Puca'.,"-ingtūn Old English - A settlement called after, or connected with . . .; Personal name (Old English) Old English - Personal name",A.D. Mills; Dictionary of English Place-Names; E. Ekwall; Dictionary of English Place-Names; Watts; Cambridge Dictionary of English Place-names
Puriton,'Pear-tree farm/settlement'.,pirige Old English - A pear-tree.; tūn Old English - An enclosure; a farmstead; a village; an estate.,E. Ekwall; Dictionary of English Place-Names; A.D. Mills; Dictionary of English Place-Names; Watts; Cambridge Dictionary of English Place-names
Puxton,'Pukerels' farm/settlement'. Robert Puckerel is mentioned in Somerset in 1158.,Family name Unknown - Family name.; tūn Old English - An enclosure; a farmstead; a village; an estate.,E. Ekwall; Dictionary of English Place-Names; A.D. Mills; Dictionary of English Place-Names; Watts; Cambridge Dictionary of English Place-names
Pylle,'Creek'.,pyll Old English - A tidal creek; possibly also a small stream.,A.D. Mills; Dictionary of English Place-Names; Watts; Cambridge Dictionary of English Place-names; E. Ekwall; Dictionary of English Place-Names
Queen Camel,"An old hill name from the British for 'circular/rim' and 'bare'. Edward I gave it to his queen, Eleanor, in the 13th century.",canto- C; mę̄l C,E. Ekwall; Dictionary of English Place-Names; A.D. Mills; Dictionary of English Place-Names; Watts; Cambridge Dictionary of English Place-names
Queen Charlton,'Free peasants' farm/settlement'. It was given to Queen Catherine Parr by Henry VIII.,"ceorl Old English - A freeman of the lower class, a peasant.; tūn Old English - An enclosure; a farmstead; a village; an estate.",E. Ekwall; Dictionary of English Place-Names; A.D. Mills; Dictionary of English Place-Names; Watts; Cambridge Dictionary of English Place-names
Raddington,'Farm/settlement of *Raed(a)'s people' or perhaps 'farm/settlement connected with *Raed(a)'.,"-ing- Old English - Connective particle, linking a first element to a final element.; -ingas Old English - The people of . . . ; the people called after . . .; Personal name (Old English) Old English - Personal name; tūn Old English - An enclosure; a farmstead; a village; an estate.",E. Ekwall; Dictionary of English Place-Names; A.D. Mills; Dictionary of English Place-Names; Watts; Cambridge Dictionary of English Place-names
Radstock,'Road outlying farm/settlement'. It is on the Fosse Way.,"rād Old English - The act of riding on horseback; a riding-way (as distinct from a foot-path), a road.; stoc Old English - A place, a secondary settlement.",Watts; Cambridge Dictionary of English Place-names; A.D. Mills; Dictionary of English Place-Names; E. Ekwall; Dictionary of English Place-Names
Rimpton,'Boundary farm/settlement'. It is situated on the border with Dorset.,"rima Old English - A rim, an edge, a border; used of the edge of a river, hill, etc., or a boundary.; tūn Old English - An enclosure; a farmstead; a village; an estate.",E. Ekwall; Dictionary of English Place-Names; A.D. Mills; Dictionary of English Place-Names; Watts; Cambridge Dictionary of English Place-names
Road,'Clearing'.,rod Old English - A clearing.,Watts; Cambridge Dictionary of English Place-names; A.D. Mills; Dictionary of English Place-Names; E. Ekwall; Dictionary of English Place-Names
Rodden,'Roe-deer valley'.,"denu Old English - A valley.; rā Old English - A roe, a roe-buck.",Watts; Cambridge Dictionary of English Place-names; E. Ekwall; Dictionary of English Place-Names; A.D. Mills; Dictionary of English Place-Names
Rodney Stoke,'Outlying farm/settlement'. It was held by Richard de Rodeney in 1303.,"Family name Unknown - Family name.; stoc Old English - A place, a secondary settlement.",A.D. Mills; Dictionary of English Place-Names; E. Ekwall; Dictionary of English Place-Names; Watts; Cambridge Dictionary of English Place-names
Rowborrow,'Rough hill'.,berg Old English; rūh Old English - Rough.,Watts; Cambridge Dictionary of English Place-names; E. Ekwall; Dictionary of English Place-Names; A.D. Mills; Dictionary of English Place-Names
Ruishton,'Rush farm/settlement'.,"rysc Old English - A rush; in the simplex plural, a place where rushes grow, a rush bed.; tūn Old English - An enclosure; a farmstead; a village; an estate.",A.D. Mills; Dictionary of English Place-Names; Watts; Cambridge Dictionary of English Place-names; E. Ekwall; Dictionary of English Place-Names
Runnington,"Uncertain. 'Farm/settlement connected with *Runa'. Alternatively, 'councillor's farm/settlement' or 'log farm/settlement'.","-ingtūn Old English - A settlement called after, or connected with . . .; hruna Old English - A tree-trunk, a fallen tree, a log.  As a simplex element, probably a foot-bridge.; Personal name (Old English) Old English - Personal name; rūn Old English - A secret, a mystery, a council.",E. Ekwall; Dictionary of English Place-Names; A.D. Mills; Dictionary of English Place-Names; Watts; Cambridge Dictionary of English Place-names
Saltford,"Uncertain. Perhaps, 'salt-water ford' (cf. Freshford) or 'willow-tree ford'.",ford Old English - A ford.; salh Old English; salt Old English,Watts; Cambridge Dictionary of English Place-names; E. Ekwall; Dictionary of English Place-Names; A.D. Mills; Dictionary of English Place-Names
Sampford Arundel,'Sandy ford'. Roger Arundel was the tenant in 1086.,Family name Unknown - Family name.; ford Old English - A ford.; sand Old English - Sand.,Watts; Cambridge Dictionary of English Place-names; E. Ekwall; Dictionary of English Place-Names; A.D. Mills; Dictionary of English Place-Names
Sampford Brett,'Sand ford'. It was held by Simon Bret in the 12th century.,Family name Unknown - Family name.; ford Old English - A ford.; sand Old English - Sand.,A.D. Mills; Dictionary of English Place-Names; Watts; Cambridge Dictionary of English Place-names; E. Ekwall; Dictionary of English Place-Names
Seavington,"'Seven home farms' or possibly, 'farm/settlement of the Seofonhaeme (= dwellers at the seven [springs/streams] or the like)'.",hǣme Old English - The inhabitants of a place.; hām-tūn Old English - A home farm.; seofon Old English - Seven.; tūn Old English - An enclosure; a farmstead; a village; an estate.,A.D. Mills; Dictionary of English Place-Names; Watts; Cambridge Dictionary of English Place-names; E. Ekwall; Dictionary of English Place-Names
Selworthy,'Willow-copse enclosure'.,"sele Old English - A dwelling, a house, a hall.; worð Old English - An enclosure.",A.D. Mills; Dictionary of English Place-Names; E. Ekwall; Dictionary of English Place-Names; Watts; Cambridge Dictionary of English Place-names
Shapwick,'Sheep specialised-farm'.,"scēp Old English; wīc Old English - A dwelling; a building or collection of buildings for special purposes; a farm, a dairy farm; a trading or industrial settlement; or (in the plural) a hamlet, village.",E. Ekwall; Dictionary of English Place-Names; A.D. Mills; Dictionary of English Place-Names; Watts; Cambridge Dictionary of English Place-names
Shepton Beauchamp,'Sheep farm/settlement'. It was held by Robert de Beauchamp before 1212.,Family name Unknown - Family name.; scēp Old English; tūn Old English - An enclosure; a farmstead; a village; an estate.,E. Ekwall; Dictionary of English Place-Names; A.D. Mills; Dictionary of English Place-Names; Watts; Cambridge Dictionary of English Place-names
Shepton Mallet,'Sheep farm/settlement'. It was held by Robert Malet in 1100.,Family name Unknown - Family name.; scēp Old English; tūn Old English - An enclosure; a farmstead; a village; an estate.,E. Ekwall; Dictionary of English Place-Names; A.D. Mills; Dictionary of English Place-Names; Watts; Cambridge Dictionary of English Place-names
Shepton Montague,'Sheep farm/settlement'. It was held by Drogo de Montacute.,Family name Unknown - Family name.; scēp Old English; tūn Old English - An enclosure; a farmstead; a village; an estate.,Watts; Cambridge Dictionary of English Place-names; A.D. Mills; Dictionary of English Place-Names; E. Ekwall; Dictionary of English Place-Names
Shipham,'Sheep homestead/village' or 'hemmed-in land where sheep are kept'.,"hām Old English - A village, a village community, a manor, an estate, a homestead.; hamm Old English - Land hemmed in by water or marsh (perhaps also by high ground); a river-meadow; cultivated plot on the edge of woodland or moor.; scēp Old English",Watts; Cambridge Dictionary of English Place-names; E. Ekwall; Dictionary of English Place-Names; A.D. Mills; Dictionary of English Place-Names
Skilgate,"'Boundary gate' or perhaps, 'shaley gate'.","geat Old English - A hole, an opening, a gap, a pass, a passage; a gate(way).; scilig Old English - Shaley, stoney.; scyl Old English - A boundary.",E. Ekwall; Dictionary of English Place-Names; Watts; Cambridge Dictionary of English Place-names; A.D. Mills; Dictionary of English Place-Names
Sock Dennis,"Literally, 'suck' but used topographically of marshes, wetlands and areas of drainage.",Family name Unknown - Family name.; soc Old English - Suck; used as a term for a marsh.,Watts; Cambridge Dictionary of English Place-names; A.D. Mills; Dictionary of English Place-Names; E. Ekwall; Dictionary of English Place-Names
Somerton,'Summer farm/settlement'. This is the place from which the shire of Somerset takes its name.,sumor Old English - Summer.; tūn Old English - An enclosure; a farmstead; a village; an estate.,Watts; Cambridge Dictionary of English Place-names; E. Ekwall; Dictionary of English Place-Names; A.D. Mills; Dictionary of English Place-Names
South Bradon,Obscure.,Obscure element Unknown - Obscure element,Watts; Cambridge Dictionary of English Place-names; A.D. Mills; Dictionary of English Place-Names; E. Ekwall; Dictionary of English Place-Names
South Petherton,'River Parrett farm/settlement'. 'South' to distinguish from North Petherton.,River-name Unknown - River-name; tūn Old English - An enclosure; a farmstead; a village; an estate.,Watts; Cambridge Dictionary of English Place-names; A.D. Mills; Dictionary of English Place-Names; E. Ekwall; Dictionary of English Place-Names
South Stoke,'Outlying farm/settlement'. 'South' to distinguish from North Stoke.,"stoc Old English - A place, a secondary settlement.; sūð Old English - South, southern.",A.D. Mills; Dictionary of English Place-Names; E. Ekwall; Dictionary of English Place-Names; Watts; Cambridge Dictionary of English Place-names
Sparkford,'Brushwood ford'.,"ford Old English - A ford.; spearca Old English - Uncertain: probably brushwood, or a shrub.",A.D. Mills; Dictionary of English Place-Names; E. Ekwall; Dictionary of English Place-Names; Watts; Cambridge Dictionary of English Place-names
Spaxton,'Spac's farm/settlement'.,Personal name (Old English) Old English - Personal name; tūn Old English - An enclosure; a farmstead; a village; an estate.,Watts; Cambridge Dictionary of English Place-names; E. Ekwall; Dictionary of English Place-Names; A.D. Mills; Dictionary of English Place-Names
St. Catherine,"An estate of Bath abbey, the medieval church here was dedicated to St. Catherine.",Saint's Name Unknown - Saint's name.,E. Ekwall; Dictionary of English Place-Names; Watts; Cambridge Dictionary of English Place-names; A.D. Mills; Dictionary of English Place-Names
St. Decumans,"Called after St. Decuman, a fifth century Celtic missionary who apparently died as a hermit at Dunster.",Saint's Name Unknown - Saint's name.,E. Ekwall; Dictionary of English Place-Names; Watts; Cambridge Dictionary of English Place-names; A.D. Mills; Dictionary of English Place-Names
St. Michael Church,"Nothing is known of this name, though it is presumably from a church dedication.",Saint's Name Unknown - Saint's name.,Watts; Cambridge Dictionary of English Place-names; A.D. Mills; Dictionary of English Place-Names; E. Ekwall; Dictionary of English Place-Names
Standerwick,'Stoney specialised-farm'.,"stǣner Old English - Stony, rocky ground.; wīc Old English - A dwelling; a building or collection of buildings for special purposes; a farm, a dairy farm; a trading or industrial settlement; or (in the plural) a hamlet, village.",E. Ekwall; Dictionary of English Place-Names; A.D. Mills; Dictionary of English Place-Names; Watts; Cambridge Dictionary of English Place-names
Stanton Drew,'Stone farm/settlement'. It was held by someone named Drogo in 1225.,"Personal name (Uncertain) Unknown - Personal name; stān Old English - A stone, stone, rock.; tūn Old English - An enclosure; a farmstead; a village; an estate.",E. Ekwall; Dictionary of English Place-Names; A.D. Mills; Dictionary of English Place-Names; Watts; Cambridge Dictionary of English Place-names
Stanton Prior,'Stone farm/settlement'. It was held by the Prior of Bath.,"prior Middle English - A prior of a religious house.; stān Old English - A stone, stone, rock.; tūn Old English - An enclosure; a farmstead; a village; an estate.",E. Ekwall; Dictionary of English Place-Names; A.D. Mills; Dictionary of English Place-Names; Watts; Cambridge Dictionary of English Place-names
Staple Fitzpane,'Post'. It was held by Robert Fitzpaine in the 14th century. The place may take its name from the monolith in the churchyard.,"Family name Unknown - Family name.; stapol Old English - A post, a pillar.",A.D. Mills; Dictionary of English Place-Names; Watts; Cambridge Dictionary of English Place-names; E. Ekwall; Dictionary of English Place-Names
Staplegrove,'Post grove'.,"grāf Old English - A grove, a copse.; stapol Old English - A post, a pillar.",E. Ekwall; Dictionary of English Place-Names; A.D. Mills; Dictionary of English Place-Names; Watts; Cambridge Dictionary of English Place-names
Stawell,'Stone spring/stream'.,"stān Old English - A stone, stone, rock.; wella Old English",A.D. Mills; Dictionary of English Place-Names; Watts; Cambridge Dictionary of English Place-names; E. Ekwall; Dictionary of English Place-Names
Stawley,'Stone wood/clearing'.,"lēah Old English - A forest, wood, glade, clearing; (later) a pasture, meadow.; stān Old English - A stone, stone, rock.",Watts; Cambridge Dictionary of English Place-names; A.D. Mills; Dictionary of English Place-Names; E. Ekwall; Dictionary of English Place-Names
Stockland Bristol,'Outlying farm's/settlement's land'. The 'stoke' in question is probably Stogursey.,"land Old English - Land (as part of earth's surface); an estate; possibly also new arable area.  In minor and field names: strip in a field-system.; Place-name Unknown - Place-name; stoc Old English - A place, a secondary settlement.",A.D. Mills; Dictionary of English Place-Names; Watts; Cambridge Dictionary of English Place-names; E. Ekwall; Dictionary of English Place-Names
Stocklinch Magdalen,'Secondary settlement' with the later addition of 'bank'. The church is dedicated to St. Mary Magdalen.,"hlinc Old English - A bank, a ledge; a terrace; a ledge of ploughland on a hillside; an unploughed strip between fields.; Saint's Name Unknown - Saint's name.; stoc Old English - A place, a secondary settlement.",E. Ekwall; Dictionary of English Place-Names; A.D. Mills; Dictionary of English Place-Names; Watts; Cambridge Dictionary of English Place-names
Stocklinch Ottersey,'Outlying farm/settlement' with the later addition of 'bank'. William Austurcarius is mentioned in connection with the place in 1194. John le Ostricer was a tenant in 1243.,"Family name Unknown - Family name.; hlinc Old English - A bank, a ledge; a terrace; a ledge of ploughland on a hillside; an unploughed strip between fields.; stoc Old English - A place, a secondary settlement.",Watts; Cambridge Dictionary of English Place-names; E. Ekwall; Dictionary of English Place-Names; A.D. Mills; Dictionary of English Place-Names
Stogumber,'Gunner's/Gumer's outlying farm/settlement'. The variation in spellings indicate the name was probably OG Guntmar.,"Personal name (Uncertain) Unknown - Personal name; stoc Old English - A place, a secondary settlement.",A.D. Mills; Dictionary of English Place-Names; Watts; Cambridge Dictionary of English Place-names; E. Ekwall; Dictionary of English Place-Names
Stogursey,"'Outlying farm/settlement'. Originally, simply called Stoche, then Suntinstoche (= outlying settlement at the marsh/pool place)'. It was held by William de Curci c.1100.","Family name Unknown - Family name.; stoc Old English - A place, a secondary settlement.",E. Ekwall; Dictionary of English Place-Names; Watts; Cambridge Dictionary of English Place-names; A.D. Mills; Dictionary of English Place-Names
Stoke Lane or Stoke St. Michael,'Outlying farm/settlement'. Also known as Stoke St. Michael from the dedication of the church.,"Obscure element Unknown - Obscure element; Saint's Name Unknown - Saint's name.; stoc Old English - A place, a secondary settlement.",E. Ekwall; Dictionary of English Place-Names; A.D. Mills; Dictionary of English Place-Names; Watts; Cambridge Dictionary of English Place-names
Stoke Pero,'Outlying farm/settlement'. It was held by William de Pyrhou in 1243.,"Family name Unknown - Family name.; stoc Old English - A place, a secondary settlement.",Watts; Cambridge Dictionary of English Place-names; A.D. Mills; Dictionary of English Place-Names; E. Ekwall; Dictionary of English Place-Names
Stoke St. Gregory,'Outlying farm/settlement'. The church is dedicated to St.Gregory.,"Saint's Name Unknown - Saint's name.; stoc Old English - A place, a secondary settlement.",A.D. Mills; Dictionary of English Place-Names; Watts; Cambridge Dictionary of English Place-names; E. Ekwall; Dictionary of English Place-Names
Stoke St. Mary,'Outlying farm/settlement'. The church is dedicated to St. Mary.,"Saint's Name Unknown - Saint's name.; stoc Old English - A place, a secondary settlement.",Watts; Cambridge Dictionary of English Place-names; E. Ekwall; Dictionary of English Place-Names; A.D. Mills; Dictionary of English Place-Names
Stoke sub Hamdon,'Outlying farm/settlement' under 'the hemmed-in land hill',"dūn Old English - A hill.; hamm Old English - Land hemmed in by water or marsh (perhaps also by high ground); a river-meadow; cultivated plot on the edge of woodland or moor.; stoc Old English - A place, a secondary settlement.",Watts; Cambridge Dictionary of English Place-names; E. Ekwall; Dictionary of English Place-Names; A.D. Mills; Dictionary of English Place-Names
Stoke Trister,"'Outlying farm/settlement'. The affix is either derived from a family called del Estre or from the ME triste, tristur, 'hunting station'.","Family name Unknown - Family name.; stoc Old English - A place, a secondary settlement.",Watts; Cambridge Dictionary of English Place-names; E. Ekwall; Dictionary of English Place-Names; A.D. Mills; Dictionary of English Place-Names
Ston Easton,'Stony east farm/settlement'.,"ēast Old English - Eastern, east.; stāning Old English - A stony place.; tūn Old English - An enclosure; a farmstead; a village; an estate.",E. Ekwall; Dictionary of English Place-Names; Watts; Cambridge Dictionary of English Place-names; A.D. Mills; Dictionary of English Place-Names
Stowell,'Stone spring/stream'.,"stān Old English - A stone, stone, rock.; wella Old English",Watts; Cambridge Dictionary of English Place-names; A.D. Mills; Dictionary of English Place-Names; E. Ekwall; Dictionary of English Place-Names
Stowey,'Stone road'.,"stān Old English - A stone, stone, rock.; weg Old English - A road.",Watts; Cambridge Dictionary of English Place-names; E. Ekwall; Dictionary of English Place-Names; A.D. Mills; Dictionary of English Place-Names
Stratton on the Fosse,'Roman road farm/settlement'. It is on the Fosse Way.,strēt Old English; tūn Old English - An enclosure; a farmstead; a village; an estate.,Watts; Cambridge Dictionary of English Place-names; A.D. Mills; Dictionary of English Place-Names; E. Ekwall; Dictionary of English Place-Names
Street,"'Roman road', referring to the Street causeway which crosses the wetlands between Street and Glastonbury.",strēt Old English,A.D. Mills; Dictionary of English Place-Names; Watts; Cambridge Dictionary of English Place-names; E. Ekwall; Dictionary of English Place-Names
Stringston,'*Strenge's farm/settlement'.,Personal name (Old English) Old English - Personal name; tūn Old English - An enclosure; a farmstead; a village; an estate.,E. Ekwall; Dictionary of English Place-Names; A.D. Mills; Dictionary of English Place-Names; Watts; Cambridge Dictionary of English Place-names
Sutton Bingham,'South farm/settlement'. It was held by John de Bingham.,"Family name Unknown - Family name.; sūð Old English - South, southern.; tūn Old English - An enclosure; a farmstead; a village; an estate.",A.D. Mills; Dictionary of English Place-Names; Watts; Cambridge Dictionary of English Place-names; E. Ekwall; Dictionary of English Place-Names
Sutton Mallet,'South farm/settlement'. It was held by Ralph Malet in 1200.,"Family name Unknown - Family name.; sūð Old English - South, southern.; tūn Old English - An enclosure; a farmstead; a village; an estate.",A.D. Mills; Dictionary of English Place-Names; Watts; Cambridge Dictionary of English Place-names; E. Ekwall; Dictionary of English Place-Names
Sutton Montis,'South farm/settlement'. It was held by Drogo de Monteacuto in 1086.,"Family name Unknown - Family name.; sūð Old English - South, southern.; tūn Old English - An enclosure; a farmstead; a village; an estate.",E. Ekwall; Dictionary of English Place-Names; A.D. Mills; Dictionary of English Place-Names; Watts; Cambridge Dictionary of English Place-names
Swainswick,'Svein's specialised-farm'.,"Personal name (Old English) Old English - Personal name; wīc Old English - A dwelling; a building or collection of buildings for special purposes; a farm, a dairy farm; a trading or industrial settlement; or (in the plural) a hamlet, village.",E. Ekwall; Dictionary of English Place-Names; A.D. Mills; Dictionary of English Place-Names; Watts; Cambridge Dictionary of English Place-names
Swell,"'Swelling', used topographically of a hill or rise of land.","swelle Old English - A swelling; topographically a rising piece of ground, a hill.",E. Ekwall; Dictionary of English Place-Names; A.D. Mills; Dictionary of English Place-Names; Watts; Cambridge Dictionary of English Place-names
Taunton,'River Tone farm/settlement'.,River-name Unknown - River-name; tūn Old English - An enclosure; a farmstead; a village; an estate.,A.D. Mills; Dictionary of English Place-Names; Watts; Cambridge Dictionary of English Place-names; E. Ekwall; Dictionary of English Place-Names
Tellisford,"Literally, 'chess-board ford'. The first element may be used here in a topographical sense, perhaps implying a plateau.","ford Old English - A ford.; tæfle Old English - A chess-board; possibly used of something laid out in squares, or of land in dispute.",A.D. Mills; Dictionary of English Place-Names; E. Ekwall; Dictionary of English Place-Names; Watts; Cambridge Dictionary of English Place-names
Thorn Falcon,Obscure.,Obscure element Unknown - Obscure element,E. Ekwall; Dictionary of English Place-Names; A.D. Mills; Dictionary of English Place-Names; Watts; Cambridge Dictionary of English Place-names
Thorne,'Thorn-tree'.,þorn Old English - A hawthorn-tree.,Watts; Cambridge Dictionary of English Place-names; E. Ekwall; Dictionary of English Place-Names; A.D. Mills; Dictionary of English Place-Names
Thorne St. Margaret,'Thorn-tree'. The church is dedicated to St. Margaret.,Saint's Name Unknown - Saint's name.; þorn Old English - A hawthorn-tree.,A.D. Mills; Dictionary of English Place-Names; Watts; Cambridge Dictionary of English Place-names; E. Ekwall; Dictionary of English Place-Names
Thurlbear,'Hollow hill'.,"berg Old English; þyrel Old English - A hole, an opening.",A.D. Mills; Dictionary of English Place-Names; Watts; Cambridge Dictionary of English Place-names; E. Ekwall; Dictionary of English Place-Names
Thurloxton,'Thurlak's farm/settlement'.,Personal name (Uncertain) Unknown - Personal name; tūn Old English - An enclosure; a farmstead; a village; an estate.,E. Ekwall; Dictionary of English Place-Names; A.D. Mills; Dictionary of English Place-Names; Watts; Cambridge Dictionary of English Place-names
Tickenham,"Uncertain. 'Tica's homestead/village' or 'Tica's hemmed-in land'. Alternatively, the first element might be 'goats'.","hām Old English - A village, a village community, a manor, an estate, a homestead.; hamm Old English - Land hemmed in by water or marsh (perhaps also by high ground); a river-meadow; cultivated plot on the edge of woodland or moor.; Personal name (Old English) Old English - Personal name; ticcen Old English - A kid, a young goat.",A.D. Mills; Dictionary of English Place-Names; Watts; Cambridge Dictionary of English Place-names; E. Ekwall; Dictionary of English Place-Names
Timberscombe,"'Timber valley', ie., where it was obtained.","cumb Old English - A coomb, a valley.  Possibly derived from Welsh ""cumm""; but possibly derived from OE ""cumb"" a vessel, cup, a small measure.; timber Old English - Timber, trees; a wooden building.",A.D. Mills; Dictionary of English Place-Names; E. Ekwall; Dictionary of English Place-Names; Watts; Cambridge Dictionary of English Place-names
Timsbury,'Timber grove'.,"bearu Old English - A grove.  (Usually refers to a wood of limited extent rather than to forest areas.); timber Old English - Timber, trees; a wooden building.",Watts; Cambridge Dictionary of English Place-names; E. Ekwall; Dictionary of English Place-Names; A.D. Mills; Dictionary of English Place-Names
Tintinhull,'Hill' with an obscure first element possibly 'fort' or 'rump' with 'valley'.,"din C; hyll Old English - A hill, a natural eminence or elevated piece of ground.",E. Ekwall; Dictionary of English Place-Names; Watts; Cambridge Dictionary of English Place-names; A.D. Mills; Dictionary of English Place-Names
Tolland,"Uncertain. 'River Tone land' or perhaps, 'toe land', with OE ta used in topographically of some landscape feature.",land Old English - Land (as part of earth's surface); an estate; possibly also new arable area.  In minor and field names: strip in a field-system.; River-name Unknown - River-name; tā Old English - A toe.,E. Ekwall; Dictionary of English Place-Names; A.D. Mills; Dictionary of English Place-Names; Watts; Cambridge Dictionary of English Place-names
Treborough,'Tree burial-mound/hill'.,"berg Old English; trēow Old English - A tree; a large piece of wood, a post, a beam.",A.D. Mills; Dictionary of English Place-Names; E. Ekwall; Dictionary of English Place-Names; Watts; Cambridge Dictionary of English Place-names
Trull,'Circle'.,"trendel Old English - A circle, a ring; something circular in shape.",E. Ekwall; Dictionary of English Place-Names; A.D. Mills; Dictionary of English Place-Names; Watts; Cambridge Dictionary of English Place-names
Twerton (or Twiverton),'Double-ford farm/settlement'.,"ford Old English - A ford.; twī- Old English - Double, two.",Watts; Cambridge Dictionary of English Place-names; E. Ekwall; Dictionary of English Place-Names; A.D. Mills; Dictionary of English Place-Names
Ubley,'Ubba's wood/clearing'.,"lēah Old English - A forest, wood, glade, clearing; (later) a pasture, meadow.; Personal name (Old English) Old English - Personal name",A.D. Mills; Dictionary of English Place-Names; E. Ekwall; Dictionary of English Place-Names; Watts; Cambridge Dictionary of English Place-names
Uphill,'Higher up the creek'.,"pyll Old English - A tidal creek; possibly also a small stream.; uppan Old English - Up, higher up, upon.",E. Ekwall; Dictionary of English Place-Names; A.D. Mills; Dictionary of English Place-Names; Watts; Cambridge Dictionary of English Place-names
Upton,'Higher farm/settlement'.,"tūn Old English - An enclosure; a farmstead; a village; an estate.; upp Old English - Up, higher up, upon.",E. Ekwall; Dictionary of English Place-Names; Watts; Cambridge Dictionary of English Place-names; A.D. Mills; Dictionary of English Place-Names
Upton Noble,'Higher farm/settlement'. It was held by the Noble family.,"Family name Unknown - Family name.; tūn Old English - An enclosure; a farmstead; a village; an estate.; upp Old English - Up, higher up, upon.",Watts; Cambridge Dictionary of English Place-names; A.D. Mills; Dictionary of English Place-Names; E. Ekwall; Dictionary of English Place-Names
Walcot,'Britons' cottage(s)'.,"cot Old English - A cottage, a hut, a shelter, a den.; walh Old English",A.D. Mills; Dictionary of English Place-Names; Watts; Cambridge Dictionary of English Place-names; E. Ekwall; Dictionary of English Place-Names
Walton,'High-forest farm/settlement' or 'wall farm/settlement'.,tūn Old English - An enclosure; a farmstead; a village; an estate.; wald Old English; wall Old English,E. Ekwall; Dictionary of English Place-Names; A.D. Mills; Dictionary of English Place-Names; Watts; Cambridge Dictionary of English Place-names
Walton in Gordano,Uncertain. 'High-forest farm/settlement' or 'wall farm/settlement' in the 'triangular' or 'dirty valley'. 'Gordano' is an old district name.,"denu Old English - A valley.; gāra Old English - A gore, a triangular plot of ground, a point of land.       (Ultimately derived from OE gar, ""spear"", meaning a piece of ground shaped like the head of a spear.); gor Old English - Dirt, dung, filth.; tūn Old English - An enclosure; a farmstead; a village; an estate.; wald Old English; wall Old English",Watts; Cambridge Dictionary of English Place-names; A.D. Mills; Dictionary of English Place-Names; E. Ekwall; Dictionary of English Place-Names
Wambrook,"Uncertain. Perhaps, 'winding brook'. Alternatively, the first element may be 'corner' or 'womb'. The latter can be used in a topographic sense of 'hollow'.","brōc Old English - A brook, a stream.  (Used of a stream with a muddy bed and a visible sediment load.); hwamm Old English - A corner, an angle (of a house, etc.), a porch.; wamb Old English - A womb, a belly; topographically a hollow.; wōh Old English - Twisted, crooked.",Watts; Cambridge Dictionary of English Place-names; E. Ekwall; Dictionary of English Place-Names; Mills; Place-names of Dorset; A.D. Mills; Dictionary of English Place-Names
Wanstrow,'*Wand's/*Wandel's tree'.,"Personal name (Old English) Old English - Personal name; trēow Old English - A tree; a large piece of wood, a post, a beam.",Watts; Cambridge Dictionary of English Place-names; E. Ekwall; Dictionary of English Place-Names; A.D. Mills; Dictionary of English Place-Names
Wayford,'Road ford'.,ford Old English - A ford.; weg Old English - A road.,E. Ekwall; Dictionary of English Place-Names; A.D. Mills; Dictionary of English Place-Names; Watts; Cambridge Dictionary of English Place-names
Weare,'Weir'.,"wer Old English - A weir, a river-dam; a fishing-enlosure in a river.",Watts; Cambridge Dictionary of English Place-names; A.D. Mills; Dictionary of English Place-Names; E. Ekwall; Dictionary of English Place-Names
Wedmore,"Uncertain. Perhaps, 'hunting moor'. Later folk-etymologies made an association with OE weadd, 'pledge'.","mōr Old English - A marsh, barren upland.; wǣðe Old English - Hunting.",A.D. Mills; Dictionary of English Place-Names; Watts; Cambridge Dictionary of English Place-names; E. Ekwall; Dictionary of English Place-Names
Wellington,"Uncertain. 'Farm/settlement connected with *Weola' or perhaps, 'trap farm/settlement'.","-ing- Old English - Connective particle, linking a first element to a final element.; Personal name (Old English) Old English - Personal name; tūn Old English - An enclosure; a farmstead; a village; an estate.; wēoling Old English - A mechanical device.",Watts; Cambridge Dictionary of English Place-names; E. Ekwall; Dictionary of English Place-Names; A.D. Mills; Dictionary of English Place-Names
Wellow,A lost stream name.,River-name Unknown - River-name,A.D. Mills; Dictionary of English Place-Names; Watts; Cambridge Dictionary of English Place-names; E. Ekwall; Dictionary of English Place-Names
Wells,'At the springs'.,wella Old English,A.D. Mills; Dictionary of English Place-Names; Watts; Cambridge Dictionary of English Place-names; E. Ekwall; Dictionary of English Place-Names
Wembdon,'Huntsmen's hill'.,dūn Old English - A hill.; wǣðe-mann Old English - A hunter.,Watts; Cambridge Dictionary of English Place-names; A.D. Mills; Dictionary of English Place-Names; E. Ekwall; Dictionary of English Place-Names
West Bagborough,Uncertain. 'Bacga's hill' or 'badgers' hill'.,bagge Middle English - A bag; a badger.; berg Old English; Personal name (Old English) Old English - Personal name,E. Ekwall; Dictionary of English Place-Names; Watts; Cambridge Dictionary of English Place-names; A.D. Mills; Dictionary of English Place-Names
West Bradley,'Broad wood/clearing'.,"brād Old English - Broad, spacious, wide, large.; lēah Old English - A forest, wood, glade, clearing; (later) a pasture, meadow.",A.D. Mills; Dictionary of English Place-Names; E. Ekwall; Dictionary of English Place-Names; Watts; Cambridge Dictionary of English Place-names
West Buckland,"'Charter land', i.e. 'estate with certain rights and privileges created by an Anglo-Saxon royal diploma'.",bōc-land Old English - Land granted by charter.,E. Ekwall; Dictionary of English Place-Names; A.D. Mills; Dictionary of English Place-Names; Watts; Cambridge Dictionary of English Place-names
West Camel,An old hill name from the British for 'circular/rim' and 'bare'. 'West' to distinguish from Queen Camel.,canto- C; mę̄l C,Watts; Cambridge Dictionary of English Place-names; E. Ekwall; Dictionary of English Place-Names; A.D. Mills; Dictionary of English Place-Names
West Cranmore,'Crane/heron pool'.,"cran Old English - A crane; probably also a heron or similar bird.; mere Old English - A pond, a pool, a lake.",Watts; Cambridge Dictionary of English Place-names; A.D. Mills; Dictionary of English Place-Names; E. Ekwall; Dictionary of English Place-Names
West Dowlish,Named after the stream here.,River-name Unknown - River-name,Watts; Cambridge Dictionary of English Place-names; A.D. Mills; Dictionary of English Place-Names; E. Ekwall; Dictionary of English Place-Names
West Harptree,'High-way tree'.,"here-pæð Old English - A military road, a highway.; trēow Old English - A tree; a large piece of wood, a post, a beam.",Watts; Cambridge Dictionary of English Place-names; E. Ekwall; Dictionary of English Place-Names; A.D. Mills; Dictionary of English Place-Names
West Hatch,"'Hatch', either referring to a gate, often to a forest, or a sluice-gate in a river.","hæcc Old English - A hatch, a grating, a half-gate, a gate; a sluice-gate.",A.D. Mills; Dictionary of English Place-Names; E. Ekwall; Dictionary of English Place-Names; Watts; Cambridge Dictionary of English Place-names
West Lydford,'Noisy-stream ford'. 'West' to distinguish from East Lydford.,ford Old English - A ford.; hlȳde Old English - A noisy stream (literally a loud one.,Watts; Cambridge Dictionary of English Place-names; E. Ekwall; Dictionary of English Place-Names; A.D. Mills; Dictionary of English Place-Names
West Monkton,'Monks' farm/settlement'.,munuc Old English - A monk.; tūn Old English - An enclosure; a farmstead; a village; an estate.,E. Ekwall; Dictionary of English Place-Names; Watts; Cambridge Dictionary of English Place-names; A.D. Mills; Dictionary of English Place-Names
West Pennard,"'Hill head' or perhaps, 'high hill'",ardd C; garth C; penn C,E. Ekwall; Dictionary of English Place-Names; Watts; Cambridge Dictionary of English Place-names; A.D. Mills; Dictionary of English Place-Names
Westbury,'West fortification'.,"burh Old English - A fortified place.; west Old English - Western, west.",A.D. Mills; Dictionary of English Place-Names; E. Ekwall; Dictionary of English Place-Names; Watts; Cambridge Dictionary of English Place-names
Weston,'West farm/settlement'.,"tūn Old English - An enclosure; a farmstead; a village; an estate.; west Old English - Western, west.",Watts; Cambridge Dictionary of English Place-names; A.D. Mills; Dictionary of English Place-Names; E. Ekwall; Dictionary of English Place-Names
Weston Bampfylde,'West farm/settlement'. It was held by Johannes de Baumfeld in 1316.,"Family name Unknown - Family name.; tūn Old English - An enclosure; a farmstead; a village; an estate.; west Old English - Western, west.",E. Ekwall; Dictionary of English Place-Names; Watts; Cambridge Dictionary of English Place-names; A.D. Mills; Dictionary of English Place-Names
Weston in Gordano,"'Western farm/settlement', to distinguish from Easton, in the 'triangular' or 'dirty valley'. 'Gordano' is the name of an old district","denu Old English - A valley.; gor Old English - Dirt, dung, filth.; tūn Old English - An enclosure; a farmstead; a village; an estate.; west Old English - Western, west.",E. Ekwall; Dictionary of English Place-Names; Watts; Cambridge Dictionary of English Place-names; A.D. Mills; Dictionary of English Place-Names
Weston-super-mare,'West farm/settlement' on the sea.,"mare Latin - The sea.; super Latin - On, above.; tūn Old English - An enclosure; a farmstead; a village; an estate.; west Old English - Western, west.",Watts; Cambridge Dictionary of English Place-names; E. Ekwall; Dictionary of English Place-Names; A.D. Mills; Dictionary of English Place-Names
Westonzoyland,'West farm/settlement in Sowi's land'. Sowi is the name of a district taking its name from the River Sow.,"land Old English - Land (as part of earth's surface); an estate; possibly also new arable area.  In minor and field names: strip in a field-system.; River-name Unknown - River-name; tūn Old English - An enclosure; a farmstead; a village; an estate.; west Old English - Western, west.",A.D. Mills; Dictionary of English Place-Names; E. Ekwall; Dictionary of English Place-Names; Watts; Cambridge Dictionary of English Place-names
Whatley,'Wheat wood/clearing'.,"hwǣte Old English - Wheat.; lēah Old English - A forest, wood, glade, clearing; (later) a pasture, meadow.",A.D. Mills; Dictionary of English Place-Names; E. Ekwall; Dictionary of English Place-Names; Watts; Cambridge Dictionary of English Place-names
Wheathill,'Wheat hill'.,"hwǣte Old English - Wheat.; hyll Old English - A hill, a natural eminence or elevated piece of ground.",E. Ekwall; Dictionary of English Place-Names; Watts; Cambridge Dictionary of English Place-names; A.D. Mills; Dictionary of English Place-Names
Whitchurch,'White church'.,"cirice Old English - A church.; hwīt Old English - White; in early Modern English sometimes ""infertile"" in contrast with black, ""fertile"".",A.D. Mills; Dictionary of English Place-Names; Watts; Cambridge Dictionary of English Place-names; E. Ekwall; Dictionary of English Place-Names
White Lackington,'Farm/settlement of Wihtlac's people'.,"-ingtūn Old English - A settlement called after, or connected with . . .; Personal name (Old English) Old English - Personal name",E. Ekwall; Dictionary of English Place-Names; A.D. Mills; Dictionary of English Place-Names; Watts; Cambridge Dictionary of English Place-names
Whitestaunton,'Stone farm/settlement'. 'White' is a later addition.,"hwīt Old English - White; in early Modern English sometimes ""infertile"" in contrast with black, ""fertile"".; stān Old English - A stone, stone, rock.; tūn Old English - An enclosure; a farmstead; a village; an estate.",Watts; Cambridge Dictionary of English Place-names; A.D. Mills; Dictionary of English Place-Names; E. Ekwall; Dictionary of English Place-Names
Wick St. Lawrence,'Specialised farm'. The church is dedicated to St. Lawrence.,"Saint's Name Unknown - Saint's name.; wīc Old English - A dwelling; a building or collection of buildings for special purposes; a farm, a dairy farm; a trading or industrial settlement; or (in the plural) a hamlet, village.",E. Ekwall; Dictionary of English Place-Names; Watts; Cambridge Dictionary of English Place-names; A.D. Mills; Dictionary of English Place-Names
Williton,'River Willett farm/settlement'.,River-name Unknown - River-name; tūn Old English - An enclosure; a farmstead; a village; an estate.,Watts; Cambridge Dictionary of English Place-names; A.D. Mills; Dictionary of English Place-Names; E. Ekwall; Dictionary of English Place-Names
Wilton,'Spring/stream farm/settlement'.,tūn Old English - An enclosure; a farmstead; a village; an estate.; wella Old English,A.D. Mills; Dictionary of English Place-Names; E. Ekwall; Dictionary of English Place-Names; Watts; Cambridge Dictionary of English Place-names
Wincanton,"'River Wincawel farm/settlement', a tributary of the River Cale.",River-name Unknown - River-name; tūn Old English - An enclosure; a farmstead; a village; an estate.,A.D. Mills; Dictionary of English Place-Names; Watts; Cambridge Dictionary of English Place-names; E. Ekwall; Dictionary of English Place-Names
Winford,From the old name of the stream here.,River-name Unknown - River-name,E. Ekwall; Dictionary of English Place-Names; A.D. Mills; Dictionary of English Place-Names; Watts; Cambridge Dictionary of English Place-names
Winscombe,'Wine's valley'.,"cumb Old English - A coomb, a valley.  Possibly derived from Welsh ""cumm""; but possibly derived from OE ""cumb"" a vessel, cup, a small measure.; Personal name (Old English) Old English - Personal name",Watts; Cambridge Dictionary of English Place-names; A.D. Mills; Dictionary of English Place-Names; E. Ekwall; Dictionary of English Place-Names
Winsford,'Wine's ford'.,ford Old English - A ford.; Personal name (Old English) Old English - Personal name,A.D. Mills; Dictionary of English Place-Names; E. Ekwall; Dictionary of English Place-Names; Watts; Cambridge Dictionary of English Place-names
Winsham,'Wine's homestead/village' or 'Wine's hemmed-in land'.,"hām Old English - A village, a village community, a manor, an estate, a homestead.; hamm Old English - Land hemmed in by water or marsh (perhaps also by high ground); a river-meadow; cultivated plot on the edge of woodland or moor.; Personal name (Old English) Old English - Personal name",E. Ekwall; Dictionary of English Place-Names; A.D. Mills; Dictionary of English Place-Names; Watts; Cambridge Dictionary of English Place-names
Witham Friary,"'Witta's homestead/village' or 'councillor's homestead/village'. A Carthusian monastery was founded here in 1178, identified incorrectly as a 'friary'.","hām Old English - A village, a village community, a manor, an estate, a homestead.; Personal name (Old English) Old English - Personal name; wita Old English - A councillor.",E. Ekwall; Dictionary of English Place-Names; Watts; Cambridge Dictionary of English Place-names; A.D. Mills; Dictionary of English Place-Names
Withiel Florey,'Willow-tree wood/clearing'. It was held by Randulfus de Flury in 1237.,"Family name Unknown - Family name.; lēah Old English - A forest, wood, glade, clearing; (later) a pasture, meadow.; wīðig Old English - A willow-tree; a withy.",Watts; Cambridge Dictionary of English Place-names; E. Ekwall; Dictionary of English Place-Names; A.D. Mills; Dictionary of English Place-Names
Withycombe,'Willow-tree valley'.,"cumb Old English - A coomb, a valley.  Possibly derived from Welsh ""cumm""; but possibly derived from OE ""cumb"" a vessel, cup, a small measure.; wīðig Old English - A willow-tree; a withy.",A.D. Mills; Dictionary of English Place-Names; E. Ekwall; Dictionary of English Place-Names; Watts; Cambridge Dictionary of English Place-names
Withypool,'Willow-tree pool'.,pōl Old English - A pool.; wīðig Old English - A willow-tree; a withy.,Watts; Cambridge Dictionary of English Place-names; E. Ekwall; Dictionary of English Place-Names; A.D. Mills; Dictionary of English Place-Names
Wiveliscombe,"'*Wifel's valley' or perhaps, 'beetles' valley'.","cumb Old English - A coomb, a valley.  Possibly derived from Welsh ""cumm""; but possibly derived from OE ""cumb"" a vessel, cup, a small measure.; Personal name (Old English) Old English - Personal name; wifel Old English - A weevil, a beetle.",E. Ekwall; Dictionary of English Place-Names; A.D. Mills; Dictionary of English Place-Names; Watts; Cambridge Dictionary of English Place-names
Wookey,'Snare'.,"wōcig Old English - A noose, a snare.",E. Ekwall; Dictionary of English Place-Names; Watts; Cambridge Dictionary of English Place-names; A.D. Mills; Dictionary of English Place-Names
Woolavington,'Farm/settlement connected with Hunlaf' later becoming 'farm/settlement connected with Wiglaf/Wulflaf'.,"-ingtūn Old English - A settlement called after, or connected with . . .; Personal name (Old English) Old English - Personal name",A.D. Mills; Dictionary of English Place-Names; E. Ekwall; Dictionary of English Place-Names; Watts; Cambridge Dictionary of English Place-names
Woolley,'Spring/stream wood/clearing'.,"lēah Old English - A forest, wood, glade, clearing; (later) a pasture, meadow.; wella Old English",Watts; Cambridge Dictionary of English Place-names; A.D. Mills; Dictionary of English Place-Names; E. Ekwall; Dictionary of English Place-Names
Woolverton,'Farm/settlement connected with Wulfhere'.,"-ingtūn Old English - A settlement called after, or connected with . . .; Personal name (Old English) Old English - Personal name",A.D. Mills; Dictionary of English Place-Names; Watts; Cambridge Dictionary of English Place-names; E. Ekwall; Dictionary of English Place-Names
Wootton Courtney,'Wood farm/settlement'. It was held by John de Curtenay in 1274.,"Family name Unknown - Family name.; tūn Old English - An enclosure; a farmstead; a village; an estate.; wudu Old English - A wood; or wood, timber.",E. Ekwall; Dictionary of English Place-Names; Watts; Cambridge Dictionary of English Place-names; A.D. Mills; Dictionary of English Place-Names
Worle,"Perhaps, 'wood-grouse wood/clearing' or other bird.","lēah Old English - A forest, wood, glade, clearing; (later) a pasture, meadow.; wōr Old English - A bird, perhaps `a wood-grouse'.",A.D. Mills; Dictionary of English Place-Names; E. Ekwall; Dictionary of English Place-Names; Watts; Cambridge Dictionary of English Place-names
Wraxall,'Buzzards' nook of land'.,"halh Old English - A nook of land; a small valley; dry ground in marsh; a piece of land projecting from, or detached from, the main area of its administrative unit.; wrocc Old English - A bird of prey, probably a buzzard.",A.D. Mills; Dictionary of English Place-Names; E. Ekwall; Dictionary of English Place-Names; Watts; Cambridge Dictionary of English Place-names
Wrington,'River Wring farm/settlement'.,River-name Unknown - River-name; tūn Old English - An enclosure; a farmstead; a village; an estate.,Watts; Cambridge Dictionary of English Place-names; A.D. Mills; Dictionary of English Place-Names; E. Ekwall; Dictionary of English Place-Names
Writhlington,'Thicket bank'.,"hlinc Old English - A bank, a ledge; a terrace; a ledge of ploughland on a hillside; an unploughed strip between fields.; wrīd Old English - A shoot, a bush.",E. Ekwall; Dictionary of English Place-Names; A.D. Mills; Dictionary of English Place-Names; Watts; Cambridge Dictionary of English Place-names
Yarlington,"'Farm/settlement of *Gyrdla's/*Gyrdel's people' or perhaps, 'farms/settlement at *Gerla's place'.",-ing Old English - Place-name forming suffix.; -ingas Old English - The people of . . . ; the people called after . . .; Personal name (Old English) Old English - Personal name; tūn Old English - An enclosure; a farmstead; a village; an estate.,E. Ekwall; Dictionary of English Place-Names; A.D. Mills; Dictionary of English Place-Names; Watts; Cambridge Dictionary of English Place-names
Yatton,'River farm/settlement'.,ēa Old English - A river.; tūn Old English - An enclosure; a farmstead; a village; an estate.,Watts; Cambridge Dictionary of English Place-names; A.D. Mills; Dictionary of English Place-Names; E. Ekwall; Dictionary of English Place-Names
Yeovil,'River Yeo (alias Gifl)'.,River-name Unknown - River-name,A.D. Mills; Dictionary of English Place-Names; E. Ekwall; Dictionary of English Place-Names; Watts; Cambridge Dictionary of English Place-names
Yeovilton,'River Yeo (alias Gifl)farm/settlement'.,River-name Unknown - River-name; tūn Old English - An enclosure; a farmstead; a village; an estate.,E. Ekwall; Dictionary of English Place-Names; A.D. Mills; Dictionary of English Place-Names; Watts; Cambridge Dictionary of English Place-names
