PlaceName,Etymology,Derivation,ReferenceTitle
Abbey Hulton,'Hill farm/settlement'. Affix from the Cistercian abbey founded here in 1223. (Mills),"hyll Old English - A hill, a natural eminence or elevated piece of ground.; tūn Old English - An enclosure; a farmstead; a village; an estate.",Watts; Cambridge Dictionary of English Place-names; A.D. Mills; Dictionary of English Place-Names
Abbots Bromley,'Broom wood/clearing'. It was held by Burton Abbey.,"abbod Old English - An abbot.; brōm Old English - Broom; a thorny bush or shrub.; lēah Old English - A forest, wood, glade, clearing; (later) a pasture, meadow.",The Vocabulary of English Place-Names; E. Ekwall; Dictionary of English Place-Names; Cameron; Dictionary of Lincolnshire Place-names; Watts; Cambridge Dictionary of English Place-names; A.D. Mills; Dictionary of English Place-Names
Ackbury Heath,"The first element may be an old Welsh name of the district. The second is OE bearu `wood, grove'.",bearu Old English - A grove.  (Usually refers to a wood of limited extent rather than to forest areas.); Obscure element Unknown - Obscure element,
Acton Trussell,The farmstead by the oaks. Manorial affix from the Trusell family.,āc Old English - An oak-tree.; Family name Unknown - Family name.; Trussell ; tūn Old English - An enclosure; a farmstead; a village; an estate.,
Acton Trussell and Bednall,'Oak-tree farm/settlement' . It was held by the Trussell family from the 14th century. 'Beda's nook of land'.,"āc Old English - An oak-tree.; halh Old English - A nook of land; a small valley; dry ground in marsh; a piece of land projecting from, or detached from, the main area of its administrative unit.; Personal name (Old English) Old English - Personal name; tūn Old English - An enclosure; a farmstead; a village; an estate.","Watts; Cambridge Dictionary of English Place-names; A.D. Mills; Dictionary of English Place-Names; The Vocabulary of English Place-Names; E. Ekwall; Dictionary of English Place-Names; Oakden; The Place-Names of Staffordshire, vol. I"
Adbaston,'Eadbald's farm/settlement'.,Personal name (Old English) Old English - Personal name; tūn Old English - An enclosure; a farmstead; a village; an estate.,Watts; Cambridge Dictionary of English Place-names; E. Ekwall; Dictionary of English Place-Names; A.D. Mills; Dictionary of English Place-Names
Agardsley,'Eadgar's wood/clearing'.,"lēah Old English - A forest, wood, glade, clearing; (later) a pasture, meadow.; Personal name (Old English) Old English - Personal name",Watts; Cambridge Dictionary of English Place-names; A.D. Mills; Dictionary of English Place-Names; E. Ekwall; Dictionary of English Place-Names
Aldridge,'Alder-tree specialised-farm'.,"alor Old English - An alder-tree.; wīc Old English - A dwelling; a building or collection of buildings for special purposes; a farm, a dairy farm; a trading or industrial settlement; or (in the plural) a hamlet, village.",A.D. Mills; Dictionary of English Place-Names; The Vocabulary of English Place-Names; E. Ekwall; Dictionary of English Place-Names; Watts; Cambridge Dictionary of English Place-names
Allimore Green,Path or passage-way through marshy land.,"aley Middle English - An alley.; mōr Old English - A marsh, barren upland.",
Almington,'Alhmund's farm/settlement'.,Personal name (Old English) Old English - Personal name; tūn Old English - An enclosure; a farmstead; a village; an estate.,Watts; Cambridge Dictionary of English Place-names; A.D. Mills; Dictionary of English Place-Names; E. Ekwall; Dictionary of English Place-Names
Alrewas,'Alluvial land growing with alder-trees'.,alor Old English - An alder-tree.; wæsse Old English,Watts; Cambridge Dictionary of English Place-names; Cameron; Dictionary of Lincolnshire Place-names; E. Ekwall; Dictionary of English Place-Names; The Vocabulary of English Place-Names; A.D. Mills; Dictionary of English Place-Names
Alstone,The farmstead of AElfred.,Ælfrēd Old English - Masculine personal name.; Personal name (Old English) Old English - Personal name; tūn Old English - An enclosure; a farmstead; a village; an estate.,
Alstone,'Alfred's farm/settlement'.,Personal name (Old English) Old English - Personal name; tūn Old English - An enclosure; a farmstead; a village; an estate.,"E. Ekwall; Dictionary of English Place-Names; Oakden; The Place-Names of Staffordshire, vol. I; A.D. Mills; Dictionary of English Place-Names; Watts; Cambridge Dictionary of English Place-names"
Alstonfield,'Aelfstan's open land.,"feld Old English - Open country, unencumbered ground (eg. land without trees as opposed to forest, level ground as opposed to hills, land without buildings); arable land (from late tenth century).; Personal name (Old English) Old English - Personal name",Watts; Cambridge Dictionary of English Place-names; A.D. Mills; Dictionary of English Place-Names; Cameron; Dictionary of Lincolnshire Place-names; E. Ekwall; Dictionary of English Place-Names
Alton,'Aelfa's farm/settlement'.,Personal name (Old English) Old English - Personal name; tūn Old English - An enclosure; a farmstead; a village; an estate.,A.D. Mills; Dictionary of English Place-Names; Watts; Cambridge Dictionary of English Place-names; E. Ekwall; Dictionary of English Place-Names
Amblecote,"Uncertain. ' Aemela's cottage(s) or perhaps, 'caterpillar cottage(s)'.","cot Old English - A cottage, a hut, a shelter, a den.; emel Old English - A caterpillar.; Personal name (Old English) Old English - Personal name",A.D. Mills; Dictionary of English Place-Names; Watts; Cambridge Dictionary of English Place-names; E. Ekwall; Dictionary of English Place-Names
Amerton,'Eanbeorht''s farm/settlement'.,Personal name (Old English) Old English - Personal name; tūn Old English - An enclosure; a farmstead; a village; an estate.,A.D. Mills; Dictionary of English Place-Names; Watts; Cambridge Dictionary of English Place-names; E. Ekwall; Dictionary of English Place-Names
Anslow,"'Eanswith's wood/clearing', a feminine personal name.","lēah Old English - A forest, wood, glade, clearing; (later) a pasture, meadow.; Personal name (Old English) Old English - Personal name",Watts; Cambridge Dictionary of English Place-names; E. Ekwall; Dictionary of English Place-Names; A.D. Mills; Dictionary of English Place-Names
Apeton,Abba's farmstead.,Abba Old English - Personal name.; Personal name (Old English) Old English - Personal name; tūn Old English - An enclosure; a farmstead; a village; an estate.,
Apeton,'Abba's farm/settlement'.,Personal name (Old English) Old English - Personal name; tūn Old English - An enclosure; a farmstead; a village; an estate.,"Watts; Cambridge Dictionary of English Place-names; A.D. Mills; Dictionary of English Place-Names; Oakden; The Place-Names of Staffordshire, vol. I; E. Ekwall; Dictionary of English Place-Names"
Aqualate Mere/Castle/Hall/Park,The oak stream.,"āc Old English - An oak-tree.; lād Old English - A small watercourse, drainage ditch; a path.",
Armitage,'Hermitage'.,ermitage Middle English - A hermitage.,A.D. Mills; Dictionary of English Place-Names; Watts; Cambridge Dictionary of English Place-names; E. Ekwall; Dictionary of English Place-Names
Ashley,'Ash-tree wood/clearing'.,"æsc Old English; lēah Old English - A forest, wood, glade, clearing; (later) a pasture, meadow.",Watts; Cambridge Dictionary of English Place-names; Cameron; Dictionary of Lincolnshire Place-names; E. Ekwall; Dictionary of English Place-Names; A.D. Mills; Dictionary of English Place-Names
Ashwood,'Ash-tree wood'.,"æsc Old English; wudu Old English - A wood; or wood, timber.",E. Ekwall; Dictionary of English Place-Names; A.D. Mills; Dictionary of English Place-Names; Watts; Cambridge Dictionary of English Place-names
Aspley,The wood with aspen trees.,"æspe Old English; lēah Old English - A forest, wood, glade, clearing; (later) a pasture, meadow.",
Aspley,'Aspen-tree wood'.,"æspe Old English; lēah Old English - A forest, wood, glade, clearing; (later) a pasture, meadow.",E. Ekwall; Dictionary of English Place-Names; Watts; Cambridge Dictionary of English Place-names; A.D. Mills; Dictionary of English Place-Names
Aston,'East farm/settlement'.,"ēast Old English - Eastern, east.; tūn Old English - An enclosure; a farmstead; a village; an estate.",A.D. Mills; Dictionary of English Place-Names; Watts; Cambridge Dictionary of English Place-names; E. Ekwall; Dictionary of English Place-Names
Aston,'East farm/settlement'.,"ēast Old English - Eastern, east.; tūn Old English - An enclosure; a farmstead; a village; an estate.",E. Ekwall; Dictionary of English Place-Names; Watts; Cambridge Dictionary of English Place-names; A.D. Mills; Dictionary of English Place-Names
Audley,"'Aldgyth's wood/clearing', a feminine personal name.","lēah Old English - A forest, wood, glade, clearing; (later) a pasture, meadow.; Personal name (Old English) Old English - Personal name",E. Ekwall; Dictionary of English Place-Names; A.D. Mills; Dictionary of English Place-Names; Watts; Cambridge Dictionary of English Place-names
Baden Hall,'Nook of land of a man called Bada'.,"halh Old English - A nook of land; a small valley; dry ground in marsh; a piece of land projecting from, or detached from, the main area of its administrative unit.; Personal name (Old English) Old English - Personal name",E. Ekwall; Dictionary of English Place-Names; A.D. Mills; Dictionary of English Place-Names; Watts; Cambridge Dictionary of English Place-names
Bagnall,'Nook of land of a man called Badeca'. CDEPN: 'Badeca's wood' from OE 'holt',"halh Old English - A nook of land; a small valley; dry ground in marsh; a piece of land projecting from, or detached from, the main area of its administrative unit.; holt Old English - A wood. (Probably of a single species.); Personal name (Old English) Old English - Personal name",A.D. Mills; Dictionary of English Place-Names; Watts; Cambridge Dictionary of English Place-names; E. Ekwall; Dictionary of English Place-Names
Balterley,"'Baldthryth's wood/clearing', a feminine personal name.","lēah Old English - A forest, wood, glade, clearing; (later) a pasture, meadow.; Personal name (Old English) Old English - Personal name",A.D. Mills; Dictionary of English Place-Names; Watts; Cambridge Dictionary of English Place-names; E. Ekwall; Dictionary of English Place-Names
Barlaston,'Beornwulf's farm/settlement'.,Personal name (Old English) Old English - Personal name; tūn Old English - An enclosure; a farmstead; a village; an estate.,A.D. Mills; Dictionary of English Place-Names; Watts; Cambridge Dictionary of English Place-names; E. Ekwall; Dictionary of English Place-Names
Barton,"May contain a personal-name, but the forms are too varied for any certainty.",Obscure element Unknown - Obscure element; tūn Old English - An enclosure; a farmstead; a village; an estate.,
Barton in Bradley,Obscure.,Obscure element Old English - Obscure.,A.D. Mills; Dictionary of English Place-Names; E. Ekwall; Dictionary of English Place-Names; Watts; Cambridge Dictionary of English Place-names
Barton-Under-Needwood,'Barley farm/settlement' by the forest of Needwood.,"bere-tūn Old English - A barley enclosure, a barley farm; later a demesne farm, an outlying grange.; Place-name Unknown - Place-name; tūn Old English - An enclosure; a farmstead; a village; an estate.",Watts; Cambridge Dictionary of English Place-names; E. Ekwall; Dictionary of English Place-Names; The Vocabulary of English Place-Names; A.D. Mills; Dictionary of English Place-Names
Basford,"Uncertain. 'Beorcol's ford' or perhaps, 'birch ford'.",berc Old English; ford Old English - A ford.; Personal name (Old English) Old English - Personal name,A.D. Mills; Dictionary of English Place-Names; E. Ekwall; Dictionary of English Place-Names; Watts; Cambridge Dictionary of English Place-names
"Baswich, Milford and Walton","'Beorcol's specialised-farm'. Alternatively, perhaps, 'birch-tree specialised-farm'. 'Mill ford'. 'Britons' farm/settlement'.","bircel Old English - A little birch-tree; a place where birch-trees grow.; ford Old English - A ford.; myln Old English - A mill.; Personal name (Old English) Old English - Personal name; tūn Old English - An enclosure; a farmstead; a village; an estate.; walh Old English; wīc Old English - A dwelling; a building or collection of buildings for special purposes; a farm, a dairy farm; a trading or industrial settlement; or (in the plural) a hamlet, village.","E. Ekwall; Dictionary of English Place-Names; Oakden; The Place-Names of Staffordshire, vol. I; Watts; Cambridge Dictionary of English Place-names; A.D. Mills; Dictionary of English Place-Names"
Bednall,Beda's nook of land.,"Bēda Old English - Masculine personal name.; halh Old English - A nook of land; a small valley; dry ground in marsh; a piece of land projecting from, or detached from, the main area of its administrative unit.; Personal name (Old English) Old English - Personal name",
Beffcote,The cottage of Beffa.,"Beffa Old English - Masculine personal name.; cot Old English - A cottage, a hut, a shelter, a den.; Personal name (Old English) Old English - Personal name",
Beffcote,'Beffa's cottage(s)'.,"cot Old English - A cottage, a hut, a shelter, a den.; Personal name (Old English) Old English - Personal name","A.D. Mills; Dictionary of English Place-Names; Oakden; The Place-Names of Staffordshire, vol. I; E. Ekwall; Dictionary of English Place-Names; Watts; Cambridge Dictionary of English Place-names"
Beighterton,PERHAPS: Beorhthere's farmstead.,Beorhthere Old English - Masculine personal name.; Personal name (Old English) Old English - Personal name; tūn Old English - An enclosure; a farmstead; a village; an estate.,
Beighterton,'Beorhthere'.s farm/settlement',Personal name (Old English) Old English - Personal name; tūn Old English - An enclosure; a farmstead; a village; an estate.,"A.D. Mills; Dictionary of English Place-Names; Oakden; The Place-Names of Staffordshire, vol. I; Watts; Cambridge Dictionary of English Place-names; E. Ekwall; Dictionary of English Place-Names"
Bentley,'Bent-grass wood/clearing'.,"beonet Old English - Bent grass.; lēah Old English - A forest, wood, glade, clearing; (later) a pasture, meadow.",Watts; Cambridge Dictionary of English Place-names; A.D. Mills; Dictionary of English Place-Names; E. Ekwall; Dictionary of English Place-Names
Bescot,'Beorhtmund's cottage'.,"cot Old English - A cottage, a hut, a shelter, a den.; Personal name (Old English) Old English - Personal name",Watts; Cambridge Dictionary of English Place-names; E. Ekwall; Dictionary of English Place-Names; A.D. Mills; Dictionary of English Place-Names
Betley,"'Bette's wood/clearing' a feminine personal name or possibly 'Betta's wood/clearing', a masculine personal name.","lēah Old English - A forest, wood, glade, clearing; (later) a pasture, meadow.; Personal name (Old English) Old English - Personal name",E. Ekwall; Dictionary of English Place-Names; A.D. Mills; Dictionary of English Place-Names; Watts; Cambridge Dictionary of English Place-names
Bickford,Bica's ford.,Bica Old English - Masculine personal name.; ford Old English - A ford.; Personal name (Old English) Old English - Personal name,
Bickford,'Bica's ford'.,ford Old English - A ford.; Personal name (Old English) Old English - Personal name,"A.D. Mills; Dictionary of English Place-Names; Watts; Cambridge Dictionary of English Place-names; Oakden; The Place-Names of Staffordshire, vol. I; E. Ekwall; Dictionary of English Place-Names"
Biddulph,'By the quarry'. Stone quarries are still present in the area.,"bī Old English - By, near; (place) near or in.; dylf Old English - A pity, a quarry.",E. Ekwall; Dictionary of English Place-Names; Watts; Cambridge Dictionary of English Place-names; A.D. Mills; Dictionary of English Place-Names
Bilbrook,'Bilder ford'.,"billere Old English - Bilders (water-plants).; brōc Old English - A brook, a stream.  (Used of a stream with a muddy bed and a visible sediment load.)",E. Ekwall; Dictionary of English Place-Names; A.D. Mills; Dictionary of English Place-Names; Watts; Cambridge Dictionary of English Place-names
Billington,Billa's farmstead.,Billa Old English - Masculine personal name.; Personal name (Old English) Old English - Personal name; tūn Old English - An enclosure; a farmstead; a village; an estate.,
Billington,'Farm/settlement connected with Billa' or 'hill farm/settlement'.,"-ing- Old English - Connective particle, linking a first element to a final element.; billing Old English - A hill, a prominence, a promontory, a ridge.; Personal name (Old English) Old English - Personal name; tūn Old English - An enclosure; a farmstead; a village; an estate.","E. Ekwall; Dictionary of English Place-Names; Oakden; The Place-Names of Staffordshire, vol. I; A.D. Mills; Dictionary of English Place-Names; Watts; Cambridge Dictionary of English Place-names; The Vocabulary of English Place-Names"
Bilston,"Probably, 'farm/settlement of the settlers at Bill (= the ridge)'.","bile Old English - A bill, beak; used topographically of a headland, a narrow promontory.; bill Old English - A bill, a sword; topographically a sharp ridge, a headland, the edge of a hill, a promontory.; sǣte Old English - Settlers, dwellers.; tūn Old English - An enclosure; a farmstead; a village; an estate.",The Vocabulary of English Place-Names; E. Ekwall; Dictionary of English Place-Names; A.D. Mills; Dictionary of English Place-Names; Watts; Cambridge Dictionary of English Place-names
Bishops Offley,'woodland clearing of a man called Offa'. Affix is from early possession by the Bishop of Lichfield.,"lēah Old English - A forest, wood, glade, clearing; (later) a pasture, meadow.; Personal name (Old English) Old English - Personal name",A.D. Mills; Dictionary of English Place-Names; Watts; Cambridge Dictionary of English Place-names
Bishton,'Bishop's farm/settlement'.,biscop Old English - A bishop.; tūn Old English - An enclosure; a farmstead; a village; an estate.,A.D. Mills; Dictionary of English Place-Names; Watts; Cambridge Dictionary of English Place-names; E. Ekwall; Dictionary of English Place-Names
Black Lees Fm,The dark woodland glade(s).,"blæc Old English - Black, dark-coloured, dark.; lēah Old English - A forest, wood, glade, clearing; (later) a pasture, meadow.",
Blithfield,'Open land on the River Blythe'.,"feld Old English - Open country, unencumbered ground (eg. land without trees as opposed to forest, level ground as opposed to hills, land without buildings); arable land (from late tenth century).; River-name Unknown - River-name","Watts; Cambridge Dictionary of English Place-names; Oakden; The Place-Names of Staffordshire, vol. I; The Vocabulary of English Place-Names; A.D. Mills; Dictionary of English Place-Names; Cameron; Dictionary of Lincolnshire Place-names; E. Ekwall; Dictionary of English Place-Names"
Blore with Swinscoe,"The element here is of uncertain origin but might be taken as 'swelling/blister', perhaps used topographically of a hill. 'Swine wood'.","blōr Old English - A blister, a swelling; probably applied to a hill.; skógr Old Norse - A wood.; svín Old Norse - A swine, a pig.",Watts; Cambridge Dictionary of English Place-names; The Vocabulary of English Place-Names; A.D. Mills; Dictionary of English Place-Names; E. Ekwall; Dictionary of English Place-Names
Bloxwich,'Blocc's specialised farm'.,"Personal name (Old English) Old English - Personal name; wīc Old English - A dwelling; a building or collection of buildings for special purposes; a farm, a dairy farm; a trading or industrial settlement; or (in the plural) a hamlet, village.",E. Ekwall; Dictionary of English Place-Names; Watts; Cambridge Dictionary of English Place-names; A.D. Mills; Dictionary of English Place-Names
Blurton,"The first element here is of uncertain origin but might be taken as 'swelling/blister', probably used topographically of a hill. Thus, 'hill farm/settlement'.","blōr Old English - A blister, a swelling; probably applied to a hill.; tūn Old English - An enclosure; a farmstead; a village; an estate.",A.D. Mills; Dictionary of English Place-Names; E. Ekwall; Dictionary of English Place-Names; Watts; Cambridge Dictionary of English Place-names; The Vocabulary of English Place-Names
Blymhill,"Perhaps, 'plum-tree hill'.","hyll Old English - A hill, a natural eminence or elevated piece of ground.; plȳme Old English - A plum; a plum-tree.","Oakden; The Place-Names of Staffordshire, vol. I; Watts; Cambridge Dictionary of English Place-names; A.D. Mills; Dictionary of English Place-Names; E. Ekwall; Dictionary of English Place-Names; Cameron; Dictionary of Lincolnshire Place-names"
Bobbington,'Farm/settlement connected with Bubba'.,"-ingtūn Old English - A settlement called after, or connected with . . .; Personal name (Old English) Old English - Personal name",Watts; Cambridge Dictionary of English Place-names; E. Ekwall; Dictionary of English Place-Names; A.D. Mills; Dictionary of English Place-Names
Bolehall and Glascote,"Literally, 'bull hall'. The name is thought to be associated with a bull-ring at the junction of Bolebridge St with Colehill and George St, where bulls were baited.","cot Old English - A cottage, a hut, a shelter, a den.; glæs Old English - Glass.; River-name Unknown - River-name",Watts; Cambridge Dictionary of English Place-names; Gover et al.; Place-names of Warwickshire; E. Ekwall; Dictionary of English Place-Names; A.D. Mills; Dictionary of English Place-Names
Booden Farm,The dwelling.,"bōðl Old English - A dwelling, a dwelling-place, a house.; hall Old English - A slope, a hill; a boulder.",
Bradeley,Obscure.,Obscure element Old English - Obscure.,A.D. Mills; Dictionary of English Place-Names; E. Ekwall; Dictionary of English Place-Names; Watts; Cambridge Dictionary of English Place-names
Bradley,'Broad wood/clearing'.,"brād Old English - Broad, spacious, wide, large.; lēah Old English - A forest, wood, glade, clearing; (later) a pasture, meadow.","A.D. Mills; Dictionary of English Place-Names; E. Ekwall; Dictionary of English Place-Names; Oakden; The Place-Names of Staffordshire, vol. I; Cameron; Dictionary of Lincolnshire Place-names; The Vocabulary of English Place-Names; Watts; Cambridge Dictionary of English Place-names"
Bradley,'Broad wood/clearing'.,"brād Old English - Broad, spacious, wide, large.; lēah Old English - A forest, wood, glade, clearing; (later) a pasture, meadow.",E. Ekwall; Dictionary of English Place-Names; A.D. Mills; Dictionary of English Place-Names; Watts; Cambridge Dictionary of English Place-names
Bradley-in-the-Moors,"'Board wood/clearing', probably referring to a place where they were made or obtained. Alternatively, perhaps 'broad wood/clearing'.","brǣdu Old English - Breadth.; bred Old English - A plank, a board.; lēah Old English - A forest, wood, glade, clearing; (later) a pasture, meadow.",A.D. Mills; Dictionary of English Place-Names; E. Ekwall; Dictionary of English Place-Names; Watts; Cambridge Dictionary of English Place-names; The Vocabulary of English Place-Names
Bradnop and Cawdry,'Broad valley'. Obscure.,"brād Old English - Broad, spacious, wide, large.; hop Old English - A valley; a remote enclosed space; a piece of enclosed land in a fen; an enclosure in marsh or moor.; Obscure element Old English - Obscure.",Watts; Cambridge Dictionary of English Place-names; A.D. Mills; Dictionary of English Place-Names; E. Ekwall; Dictionary of English Place-Names
Bramshall,'Broomy shelf of land'.,"brōm Old English - Broom; a thorny bush or shrub.; scelf Old English - A shelf, a shelving terrain; a pinnacle, battlement.",E. Ekwall; Dictionary of English Place-Names; The Vocabulary of English Place-Names; Watts; Cambridge Dictionary of English Place-names; A.D. Mills; Dictionary of English Place-Names; Cameron; Dictionary of Lincolnshire Place-names
Branston,'Brant's farm/settlement'.,Personal name (Old English) Old English - Personal name; tūn Old English - An enclosure; a farmstead; a village; an estate.,Watts; Cambridge Dictionary of English Place-names; A.D. Mills; Dictionary of English Place-Names; E. Ekwall; Dictionary of English Place-Names
Brazenhill,"The second element is ""hill""; the first cannot be identified.","hyll Old English - A hill, a natural eminence or elevated piece of ground.; Obscure element Unknown - Obscure element",
Brewood,'Wood at Bre'. The Celtic 'breg' was probably adopted as a proper name for a nearby hill.,"breg C; wudu Old English - A wood; or wood, timber.","E. Ekwall; Dictionary of English Place-Names; Watts; Cambridge Dictionary of English Place-names; The Vocabulary of English Place-Names; Cameron; Dictionary of Lincolnshire Place-names; A.D. Mills; Dictionary of English Place-Names; Oakden; The Place-Names of Staffordshire, vol. I"
Bridgeford,'Bridge ford'.,brycg Old English - A bridge; a causeway.; ford Old English - A ford.,E. Ekwall; Dictionary of English Place-Names; A.D. Mills; Dictionary of English Place-Names; Watts; Cambridge Dictionary of English Place-names
Brierley Hill,'Brier wood/clearing'.,"brēr Old English; lēah Old English - A forest, wood, glade, clearing; (later) a pasture, meadow.",The Vocabulary of English Place-Names; A.D. Mills; Dictionary of English Place-Names; Watts; Cambridge Dictionary of English Place-names; E. Ekwall; Dictionary of English Place-Names
Brineton,PERHAPS: The farmstead named after Bryni.,"-ing- Old English - Connective particle, linking a first element to a final element.; Brȳni Old English - Masculine personal name.; Personal name (Old English) Old English - Personal name; tūn Old English - An enclosure; a farmstead; a village; an estate.",
Brineton,"Perhaps, 'farm/settlement connected with Bryni'.","-ingtūn Old English - A settlement called after, or connected with . . .; Personal name (Old English) Old English - Personal name","Watts; Cambridge Dictionary of English Place-names; Oakden; The Place-Names of Staffordshire, vol. I; A.D. Mills; Dictionary of English Place-Names; E. Ekwall; Dictionary of English Place-Names"
Brockhurst,The copse frequented by badgers.,"brocc Old English - A brock, a badger.; hyrst Old English - A wooded hill.",
Brockhurst,'Badger copse'.,"brocc Old English - A brock, a badger.; hyrst Old English - A wooded hill.","Watts; Cambridge Dictionary of English Place-names; A.D. Mills; Dictionary of English Place-Names; Oakden; The Place-Names of Staffordshire, vol. I"
Brockton,'Brook farm/settlement'.,"brōc Old English - A brook, a stream.  (Used of a stream with a muddy bed and a visible sediment load.); tūn Old English - An enclosure; a farmstead; a village; an estate.",A.D. Mills; Dictionary of English Place-Names; E. Ekwall; Dictionary of English Place-Names; Watts; Cambridge Dictionary of English Place-names
Brockton,Brook farm/settlement'.,"brōc Old English - A brook, a stream.  (Used of a stream with a muddy bed and a visible sediment load.); tūn Old English - An enclosure; a farmstead; a village; an estate.",
Brocton,Farmstead on a brook.,"brōc Old English - A brook, a stream.  (Used of a stream with a muddy bed and a visible sediment load.); tūn Old English - An enclosure; a farmstead; a village; an estate.",
Brocton,"Probably, 'brook farm/settlement'in reference to Old Acre Brook which runs through the town.","brōc Old English - A brook, a stream.  (Used of a stream with a muddy bed and a visible sediment load.); tūn Old English - An enclosure; a farmstead; a village; an estate.","Watts; Cambridge Dictionary of English Place-names; A.D. Mills; Dictionary of English Place-Names; E. Ekwall; Dictionary of English Place-Names; Oakden; The Place-Names of Staffordshire, vol. I"
Broom Hall,Water-meadow where broom grew.,"brōm Old English - Broom; a thorny bush or shrub.; halh Old English - A nook of land; a small valley; dry ground in marsh; a piece of land projecting from, or detached from, the main area of its administrative unit.",
Brough Hall,The manor.,burh Old English - A fortified place.,
Brough Hall,Nook of land with or belonging to a fortified place'.,"burh Old English - A fortified place.; halh Old English - A nook of land; a small valley; dry ground in marsh; a piece of land projecting from, or detached from, the main area of its administrative unit.",A.D. Mills; Dictionary of English Place-Names; E. Ekwall; Dictionary of English Place-Names; Watts; Cambridge Dictionary of English Place-names
Broughton,'Fortification farm/settlement'.,"burh-tūn Old English - A fort enclosure; a farm with a palisade; a farm at, or belonging to, or which is, a fortification, fortified house, or manorhouse.; tūn Old English - An enclosure; a farmstead; a village; an estate.",Watts; Cambridge Dictionary of English Place-names; E. Ekwall; Dictionary of English Place-Names; A.D. Mills; Dictionary of English Place-Names
Bucknall-cum-Bagnall,'Bucca's nook of land' or 'goats' nook of land'. 'Badeca's nook of land'.,"bucca Old English - A he-goat.; halh Old English - A nook of land; a small valley; dry ground in marsh; a piece of land projecting from, or detached from, the main area of its administrative unit.; Personal name (Old English) Old English - Personal name",A.D. Mills; Dictionary of English Place-Names; Watts; Cambridge Dictionary of English Place-names; The Vocabulary of English Place-Names; E. Ekwall; Dictionary of English Place-Names
"Burntwood, Edial and Woodhouse","'Burnt wood'. Perhaps, 'enclosed park nook of land'. 'Wood houses'.","brende Old English - A burnt place, a place destroyed or cleared by burning.; edisc Old English - An enclosure, an enclosed park.; halh Old English - A nook of land; a small valley; dry ground in marsh; a piece of land projecting from, or detached from, the main area of its administrative unit.; hūs Old English - A house; also sometimes used of a building for special purposes.; Obscure element Unknown - Obscure element; wudu Old English - A wood; or wood, timber.",Cameron; Dictionary of Lincolnshire Place-names; A.D. Mills; Dictionary of English Place-Names; Watts; Cambridge Dictionary of English Place-names; E. Ekwall; Dictionary of English Place-Names
Burslem,"'Town-guardian's part of Lyme', or 'Burgweard's part of Lyme'. Lyme is an old Celtic district name of uncertain meaning, but possibly 'elm-tree region'.",burh-weard Old English - A town guardian.; lemano- C; Personal name (Old English) Old English - Personal name; Place-name Unknown - Place-name,The Vocabulary of English Place-Names; A.D. Mills; Dictionary of English Place-Names; Watts; Cambridge Dictionary of English Place-names; E. Ekwall; Dictionary of English Place-Names
Burton,'Fortification farm/settlement'.,"burh-tūn Old English - A fort enclosure; a farm with a palisade; a farm at, or belonging to, or which is, a fortification, fortified house, or manorhouse.; tūn Old English - An enclosure; a farmstead; a village; an estate.","A.D. Mills; Dictionary of English Place-Names; Watts; Cambridge Dictionary of English Place-names; Oakden; The Place-Names of Staffordshire, vol. I"
Burton-upon-Trent,'Fortification farm/settlement' on the River Trent.,"burh-tūn Old English - A fort enclosure; a farm with a palisade; a farm at, or belonging to, or which is, a fortification, fortified house, or manorhouse.; River-name Unknown - River-name; tūn Old English - An enclosure; a farmstead; a village; an estate.",A.D. Mills; Dictionary of English Place-Names; Watts; Cambridge Dictionary of English Place-names; The Vocabulary of English Place-Names; E. Ekwall; Dictionary of English Place-Names
Bushbury,'Bishop's fortification'.,biscop Old English - A bishop.; burh Old English - A fortified place.,The Vocabulary of English Place-Names; E. Ekwall; Dictionary of English Place-Names; A.D. Mills; Dictionary of English Place-Names; Watts; Cambridge Dictionary of English Place-names
Butterhill,Nook of land where good butter was made.,"butere Old English - Butter.; halh Old English - A nook of land; a small valley; dry ground in marsh; a piece of land projecting from, or detached from, the main area of its administrative unit.",
Butterton,'Butter hill'.,butere Old English - Butter.; dūn Old English - A hill.,E. Ekwall; Dictionary of English Place-Names; Cameron; Dictionary of Lincolnshire Place-names; Watts; Cambridge Dictionary of English Place-names; A.D. Mills; Dictionary of English Place-Names; The Vocabulary of English Place-Names
Calf Heath,The enclosure of the calves.,"calf Old English; hǣð Old English - Heather; a tract of uncultivated land.; hæg Old English - A fence, an enclosure.",
Calton,'Calf farm/settlement'.,calf Old English; tūn Old English - An enclosure; a farmstead; a village; an estate.,A.D. Mills; Dictionary of English Place-Names; The Vocabulary of English Place-Names; Watts; Cambridge Dictionary of English Place-names; E. Ekwall; Dictionary of English Place-Names
Calwich,'Calf specialised-farm'.,"calf Old English; wīc Old English - A dwelling; a building or collection of buildings for special purposes; a farm, a dairy farm; a trading or industrial settlement; or (in the plural) a hamlet, village.",Watts; Cambridge Dictionary of English Place-names; E. Ekwall; Dictionary of English Place-Names; A.D. Mills; Dictionary of English Place-Names
Cannock,'Hillock'.,cnocc Old English - A hillock.,"A.D. Mills; Dictionary of English Place-Names; Gelling et al; The Names of Towns and Cities in Britain; Watts; Cambridge Dictionary of English Place-names; Oakden; The Place-Names of Staffordshire, vol. I; E. Ekwall; Dictionary of English Place-Names"
Canwell,"Uncertain. 'Cana's spring' or perhaps, 'cup spring'.","canne Old English - A can, a cup; used topographically of a hollow, a deep valley.; Personal name (Old English) Old English - Personal name; wella Old English",E. Ekwall; Dictionary of English Place-Names; A.D. Mills; Dictionary of English Place-Names; Watts; Cambridge Dictionary of English Place-names
Castle Church,"'Castle', later distinguished by the addition of 'church'.","castel Middle English - A large defensive building, a stronghold, a castle; a large mansion, built in the style of a medieval caste.; cirice Old English - A church.","E. Ekwall; Dictionary of English Place-Names; A.D. Mills; Dictionary of English Place-Names; Watts; Cambridge Dictionary of English Place-names; Oakden; The Place-Names of Staffordshire, vol. I"
Cauldon,'Calves' hill'.,calf Old English; dūn Old English - A hill.,Cameron; Dictionary of Lincolnshire Place-names; E. Ekwall; Dictionary of English Place-Names; Watts; Cambridge Dictionary of English Place-names; A.D. Mills; Dictionary of English Place-Names
Caverswall,'Cafhere's spring/stream'.,Personal name (Old English) Old English - Personal name; wella Old English,Watts; Cambridge Dictionary of English Place-names; A.D. Mills; Dictionary of English Place-Names; E. Ekwall; Dictionary of English Place-Names
Chapel and Hill Chorlton,"'Free peasants' farm/settlement'. Chapel Chorlton, 'with the chapel', for distinction from Hill Chorlton, 'on the hill'.","ceorl Old English - A freeman of the lower class, a peasant.; tūn Old English - An enclosure; a farmstead; a village; an estate.",E. Ekwall; Dictionary of English Place-Names; A.D. Mills; Dictionary of English Place-Names; Watts; Cambridge Dictionary of English Place-names
Charnes,'Beetle promontory'.,"ceafor Old English - A beetle, a chafer.; næss Old English",Watts; Cambridge Dictionary of English Place-names; E. Ekwall; Dictionary of English Place-Names; A.D. Mills; Dictionary of English Place-Names
Chartley Holme,"Possibly, 'rough ground wood/clearing' and 'island'.","cert Old English - Rough ground, stony ground.; holmr Old Norse - An island, an inland promontory, raised ground in marsh, a river-meadow.; lēah Old English - A forest, wood, glade, clearing; (later) a pasture, meadow.",E. Ekwall; Dictionary of English Place-Names; A.D. Mills; Dictionary of English Place-Names; Watts; Cambridge Dictionary of English Place-names
Chasepool,Uncertain. Possibly from OE ceas 'a heap'. Otherwise obscure.,ceas Old English - A heap.; Obscure element Unknown - Obscure element,
Chatcull,'Ceatta's kiln'.,"cyln Old English - A kiln, a furnace for baking or burning.; Personal name (Old English) Old English - Personal name",Watts; Cambridge Dictionary of English Place-names; E. Ekwall; Dictionary of English Place-Names; A.D. Mills; Dictionary of English Place-Names
Cheadle,"'Wood called Ced'. Celtic ced, 'wood' was probably adopted as a proper name to which an explantory 'wood' was later appended.","cē¸d C; lēah Old English - A forest, wood, glade, clearing; (later) a pasture, meadow.","A.D. Mills; Dictionary of English Place-Names; Coates and Breeze, Celtic Voices English Places; Cameron; Dictionary of Lincolnshire Place-names; E. Ekwall; Dictionary of English Place-Names; Watts; Cambridge Dictionary of English Place-names"
Chebsey,'Chebbi's island'.,"ēg Old English - An island.  In ancient settlement-names, most frequently refers to dry ground surrounded by marsh.  Also used of islands in modern sense.  In late OE names: well-watered land.; Personal name (Old English) Old English - Personal name",Watts; Cambridge Dictionary of English Place-names; A.D. Mills; Dictionary of English Place-Names; Cameron; Dictionary of Lincolnshire Place-names; E. Ekwall; Dictionary of English Place-Names
Checkley,"Uncertain. '*Ceaddica's/ Ceacca's wood/clearing' or perhaps, 'lump wood/clearing', used in the sense of a 'hill'.","ceacce Old English - Probably a lump, applied to a hill.; lēah Old English - A forest, wood, glade, clearing; (later) a pasture, meadow.; Personal name (Old English) Old English - Personal name",Watts; Cambridge Dictionary of English Place-names; A.D. Mills; Dictionary of English Place-Names; E. Ekwall; Dictionary of English Place-Names
Cheddleton,"Literally, 'kettle farm/settlement'. The first element is used here in the sense of a deep, rounded valley.",cetel Old English; tūn Old English - An enclosure; a farmstead; a village; an estate.,Cameron; Dictionary of Lincolnshire Place-names; E. Ekwall; Dictionary of English Place-Names; A.D. Mills; Dictionary of English Place-Names; Watts; Cambridge Dictionary of English Place-names
Cheslyn Hay,Coffin hill (perhaps where one was found).,"cest Old English - A chest, a coffin.; hlinc Old English - A bank, a ledge; a terrace; a ledge of ploughland on a hillside; an unploughed strip between fields.",
Cheslyn Hay,'Chest bank'. Hay 'part of a forest fenced in for hunting'.,"cest Old English - A chest, a coffin.; hay Middle English - A fence, an enclosure; a fenced-in enclosure.; hlinc Old English - A bank, a ledge; a terrace; a ledge of ploughland on a hillside; an unploughed strip between fields.",Watts; Cambridge Dictionary of English Place-names; E. Ekwall; Dictionary of English Place-Names; A.D. Mills; Dictionary of English Place-Names
Chillington,The farmstead associated with Cilla.,"-ing- Old English - Connective particle, linking a first element to a final element.; Cilla Old English - Masculine personal name.; Personal name (Old English) Old English - Personal name; tūn Old English - An enclosure; a farmstead; a village; an estate.",
Chillington,'Farm/settlement connected with Cilla'.,"-ingtūn Old English - A settlement called after, or connected with . . .; Personal name (Old English) Old English - Personal name","A.D. Mills; Dictionary of English Place-Names; E. Ekwall; Dictionary of English Place-Names; Watts; Cambridge Dictionary of English Place-names; Oakden; The Place-Names of Staffordshire, vol. I"
Chorlton,'Free peasants' farm/settlment'.,"ceorl Old English - A freeman of the lower class, a peasant.; tūn Old English - An enclosure; a farmstead; a village; an estate.",A.D. Mills; Dictionary of English Place-Names; Watts; Cambridge Dictionary of English Place-names; E. Ekwall; Dictionary of English Place-Names
Church Eaton,'Island farm/settlement'. 'Church' to distinguish it from Wood Eaton.,"cirice Old English - A church.; ēg Old English - An island.  In ancient settlement-names, most frequently refers to dry ground surrounded by marsh.  Also used of islands in modern sense.  In late OE names: well-watered land.; tūn Old English - An enclosure; a farmstead; a village; an estate.","Watts; Cambridge Dictionary of English Place-names; Oakden; The Place-Names of Staffordshire, vol. I; E. Ekwall; Dictionary of English Place-Names; A.D. Mills; Dictionary of English Place-Names; Cameron; Dictionary of Lincolnshire Place-names"
Cippemore,The moor or bog with the bog-oaks'.,"cipp Old English - A beam, a log.; mōr Old English - A marsh, barren upland.",
Clayton,'Farmstead on clayey soil'.,"clǣg Old English - Clay, clayey soil.; tūn Old English - An enclosure; a farmstead; a village; an estate.",E. Ekwall; Dictionary of English Place-Names; A.D. Mills; Dictionary of English Place-Names; Watts; Cambridge Dictionary of English Place-names
Clifton Campville and Haunton,'Cliff farm/settlement'. It was held by the de Camvill family in 1231. 'Hagena's/Hagona's farm/settlement'.,"clif Old English - An escarpment, a hill-slope; a river-bank.; Family name Unknown - Family name.; Personal name (Old English) Old English - Personal name; tūn Old English - An enclosure; a farmstead; a village; an estate.",Watts; Cambridge Dictionary of English Place-names; E. Ekwall; Dictionary of English Place-Names; A.D. Mills; Dictionary of English Place-Names; Cameron; Dictionary of Lincolnshire Place-names
Codsall,'Cod's nook of land'.,"halh Old English - A nook of land; a small valley; dry ground in marsh; a piece of land projecting from, or detached from, the main area of its administrative unit.; Personal name (Old English) Old English - Personal name",Cameron; Dictionary of Lincolnshire Place-names; E. Ekwall; Dictionary of English Place-Names; A.D. Mills; Dictionary of English Place-Names; Watts; Cambridge Dictionary of English Place-names
Cold Norton,'North farm/settlement'. 'Cold' because of its exposed situation,"cald Old English; norð Old English - Northern, north.; tūn Old English - An enclosure; a farmstead; a village; an estate.",A.D. Mills; Dictionary of English Place-Names; Watts; Cambridge Dictionary of English Place-names; E. Ekwall; Dictionary of English Place-Names
Coldmeece,"'Moss, mossy place'. 'Cold' is a later addition for distinction from Millmeece.",cald Old English; mēos Old English - Moss; a mossy place or mossy river.,Watts; Cambridge Dictionary of English Place-names; A.D. Mills; Dictionary of English Place-Names; E. Ekwall; Dictionary of English Place-Names
Coley,"Possibly, 'clearing where charcoal was made'.","col Old English - Coal, especially charcoal.; lēah Old English - A forest, wood, glade, clearing; (later) a pasture, meadow.",
Colton,"Uncertain. 'Cola's farm/settlement, 'charcoal farm/settlement' or 'colt farm/settlement'.","col Old English - Coal, especially charcoal.; colt Old English - A colt.; Personal name (Old English) Old English - Personal name; tūn Old English - An enclosure; a farmstead; a village; an estate.",Watts; Cambridge Dictionary of English Place-names; E. Ekwall; Dictionary of English Place-Names; A.D. Mills; Dictionary of English Place-Names
Colwich,"'Charcoal specialised-farm' or perhaps, 'Cola's specialised farm'.","col Old English - Coal, especially charcoal.; Personal name (Old English) Old English - Personal name; wīc Old English - A dwelling; a building or collection of buildings for special purposes; a farm, a dairy farm; a trading or industrial settlement; or (in the plural) a hamlet, village.",A.D. Mills; Dictionary of English Place-Names; E. Ekwall; Dictionary of English Place-Names; Watts; Cambridge Dictionary of English Place-names
Compton,'Farmstead in a valley'.,"cumb Old English - A coomb, a valley.  Possibly derived from Welsh ""cumm""; but possibly derived from OE ""cumb"" a vessel, cup, a small measure.; tūn Old English - An enclosure; a farmstead; a village; an estate.",A.D. Mills; Dictionary of English Place-Names; Watts; Cambridge Dictionary of English Place-names; E. Ekwall; Dictionary of English Place-Names
Congreve,The grove or copse in a valley.,"cumb Old English - A coomb, a valley.  Possibly derived from Welsh ""cumm""; but possibly derived from OE ""cumb"" a vessel, cup, a small measure.; grǣfe Old English - A grove, a copse, a thicket.",
Congreve,'Grove in a valley'.,"cumb Old English - A coomb, a valley.  Possibly derived from Welsh ""cumm""; but possibly derived from OE ""cumb"" a vessel, cup, a small measure.; grǣfe Old English - A grove, a copse, a thicket.","E. Ekwall; Dictionary of English Place-Names; Watts; Cambridge Dictionary of English Place-names; Oakden; The Place-Names of Staffordshire, vol. I; A.D. Mills; Dictionary of English Place-Names"
Consall,"Uncertain. Perhaps, a lost river-name, '*Cun' or 'king's nook of land' but both of these suggestions are not without difficulties.","cyning Old English - A king.; halh Old English - A nook of land; a small valley; dry ground in marsh; a piece of land projecting from, or detached from, the main area of its administrative unit.; River-name Unknown - River-name",A.D. Mills; Dictionary of English Place-Names; Watts; Cambridge Dictionary of English Place-names; E. Ekwall; Dictionary of English Place-Names
Cooksland,'Land of a man called Cucu'.,land Old English - Land (as part of earth's surface); an estate; possibly also new arable area.  In minor and field names: strip in a field-system.; Personal name (Old English) Old English - Personal name,A.D. Mills; Dictionary of English Place-Names; Watts; Cambridge Dictionary of English Place-names; E. Ekwall; Dictionary of English Place-Names
Coppenhall,Coppa's nook of land.,"Coppa Old English - Masculine personal name.; halh Old English - A nook of land; a small valley; dry ground in marsh; a piece of land projecting from, or detached from, the main area of its administrative unit.; Personal name (Old English) Old English - Personal name",
Coppenhall,'Coppa's nook of land'.,"halh Old English - A nook of land; a small valley; dry ground in marsh; a piece of land projecting from, or detached from, the main area of its administrative unit.; Personal name (Old English) Old English - Personal name","Cameron; Dictionary of Lincolnshire Place-names; A.D. Mills; Dictionary of English Place-Names; E. Ekwall; Dictionary of English Place-Names; Watts; Cambridge Dictionary of English Place-names; Oakden; The Place-Names of Staffordshire, vol. I"
Cotes,'The cottages or huts'.,"cot Old English - A cottage, a hut, a shelter, a den.",E. Ekwall; Dictionary of English Place-Names; A.D. Mills; Dictionary of English Place-Names; Watts; Cambridge Dictionary of English Place-names
Coton,The cottages.,"cot Old English - A cottage, a hut, a shelter, a den.",
Coton,'(At the) cottages'.,"cot Old English - A cottage, a hut, a shelter, a den.",A.D. Mills; Dictionary of English Place-Names; E. Ekwall; Dictionary of English Place-Names; Watts; Cambridge Dictionary of English Place-names
Coton,'(At the) cottages'.,"cot Old English - A cottage, a hut, a shelter, a den.",Watts; Cambridge Dictionary of English Place-names; E. Ekwall; Dictionary of English Place-Names; A.D. Mills; Dictionary of English Place-Names
Coton Clanford,"'(At the) cottages'. 'Clanford', probably 'clean, unencumbered ford', added later.","cot Old English - A cottage, a hut, a shelter, a den.; Place-name Unknown - Place-name",Watts; Cambridge Dictionary of English Place-names; A.D. Mills; Dictionary of English Place-Names; E. Ekwall; Dictionary of English Place-Names
Coton End,The end quarter of Coton.,"Coton ; ende Old English - An end; the end of something, the end of an estate, a district or quarter of a village or town.; Place-name Unknown - Place-name",
Cotton,'Cod(d)a's farm/settlement'.,Personal name (Old English) Old English - Personal name; tūn Old English - An enclosure; a farmstead; a village; an estate.,Watts; Cambridge Dictionary of English Place-names; A.D. Mills; Dictionary of English Place-Names; E. Ekwall; Dictionary of English Place-Names
Cotwalton,Obscure. Perhaps 'Farmstead at Cotta's wood or stream'. Or 'the cottages' spring'.,"cot Old English - A cottage, a hut, a shelter, a den.; Personal name (Old English) Old English - Personal name; Place-name Unknown - Place-name; tūn Old English - An enclosure; a farmstead; a village; an estate.; wald Old English; wella Old English",A.D. Mills; Dictionary of English Place-Names; Watts; Cambridge Dictionary of English Place-names; E. Ekwall; Dictionary of English Place-Names
Coven,(At) the caves (used in the sense of a recess in the steep side of a hill).,"cofa Old English - An inner chamber; a cave, a cove.",
Coven,"'(At the) coves', '(Place at) the huts or shelters'","cofa Old English - An inner chamber; a cave, a cove.","E. Ekwall; Dictionary of English Place-Names; A.D. Mills; Dictionary of English Place-Names; Watts; Cambridge Dictionary of English Place-names; Oakden; The Place-Names of Staffordshire, vol. I"
Cowley,PROBABLY: Cofa's woodland glade. Later forms have been influenced by the appellative `cow'.,"Cufa Old English - Masculine personal name.; lēah Old English - A forest, wood, glade, clearing; (later) a pasture, meadow.; Personal name (Old English) Old English - Personal name",
Cowley,Perhaps 'woodland glade of a man called Cufa'.,"lēah Old English - A forest, wood, glade, clearing; (later) a pasture, meadow.; Personal name (Old English) Old English - Personal name","Watts; Cambridge Dictionary of English Place-names; A.D. Mills; Dictionary of English Place-Names; E. Ekwall; Dictionary of English Place-Names; Oakden; The Place-Names of Staffordshire, vol. I"
Crakemarsh,'Water-crake marsh'.,"craca Old English - A crow, a raven.; mersc Old English - A marsh.",Watts; Cambridge Dictionary of English Place-names; A.D. Mills; Dictionary of English Place-Names; E. Ekwall; Dictionary of English Place-Names
Crateford,The ford frequented by water-crakes.,"craca Old English - A crow, a raven.; ford Old English - A ford.",
Cresswell,'Cress spring/stream'.,"cærse Old English - Cress, water-cress.; wella Old English",A.D. Mills; Dictionary of English Place-Names; The Vocabulary of English Place-Names; E. Ekwall; Dictionary of English Place-Names; Cameron; Dictionary of Lincolnshire Place-names; Watts; Cambridge Dictionary of English Place-names
Croxall,'Croc's nook of land'.,"halh Old English - A nook of land; a small valley; dry ground in marsh; a piece of land projecting from, or detached from, the main area of its administrative unit.; Personal name (Old English) Old English - Personal name",Watts; Cambridge Dictionary of English Place-names; Cameron; Place-names of Derbyshire; A.D. Mills; Dictionary of English Place-Names; E. Ekwall; Dictionary of English Place-Names
Croxall,"Uncertain. 'Krokr's nook of land', 'nook of land in a crook' or perhaps, 'Croc's hall'.","crōc Old English - A crook.; halh Old English - A nook of land; a small valley; dry ground in marsh; a piece of land projecting from, or detached from, the main area of its administrative unit.; hall Old English - A slope, a hill; a boulder.; Personal name (Old English) Old English - Personal name; Personal name (Old Norse) Old Norse - Personal name",Watts; Cambridge Dictionary of English Place-names; A.D. Mills; Dictionary of English Place-Names; Cameron; Dictionary of Lincolnshire Place-names; E. Ekwall; Dictionary of English Place-Names
Croxden,"'Krokr's valley', 'Croc's valley, or perhaps 'valley at/with a bend'.",crōc Old English - A crook.; denu Old English - A valley.; Personal name (Old English) Old English - Personal name; Personal name (Old Norse) Old Norse - Personal name,Watts; Cambridge Dictionary of English Place-names; E. Ekwall; Dictionary of English Place-Names; A.D. Mills; Dictionary of English Place-Names; Cameron; Dictionary of Lincolnshire Place-names
Croxton,'Farmstead of a man called Krokr'.,Personal name (Old Norse) Old Norse - Personal name; tūn Old English - An enclosure; a farmstead; a village; an estate.,Watts; Cambridge Dictionary of English Place-names; A.D. Mills; Dictionary of English Place-Names; E. Ekwall; Dictionary of English Place-Names
Curborough and Elmhurst,"Uncertain. Perhaps, 'mill stream', with OE burh replacing OE burna. 'Elm-tree wooded hill'.","burna Old English - A stream.; cweorn Old English - A quern, a hand-mill; possibly also used of any mill.; elm Old English - An elm-tree.; hyrst Old English - A wooded hill.",Watts; Cambridge Dictionary of English Place-names; E. Ekwall; Dictionary of English Place-Names; A.D. Mills; Dictionary of English Place-Names
Darlaston,'Deorlaf's farm/settlement'.,Personal name (Old English) Old English - Personal name; tūn Old English - An enclosure; a farmstead; a village; an estate.,A.D. Mills; Dictionary of English Place-Names; Watts; Cambridge Dictionary of English Place-names; E. Ekwall; Dictionary of English Place-Names
Dearnsdale,PERHAPS: The secret or secluded dale.,dæl Old English; derne Old English,
Denstone,'Dene's/Deni's farm/settlement'.,Personal name (Old English) Old English - Personal name; tūn Old English - An enclosure; a farmstead; a village; an estate.,A.D. Mills; Dictionary of English Place-Names; E. Ekwall; Dictionary of English Place-Names; Watts; Cambridge Dictionary of English Place-names
Derrington,"'Farmstead associated with Dudda or Dodda'. An alternative possibility is OE *dodding, *dudding 'a small hill' referring to the site of the village on a low hill. (CDEPN)","-ing- Old English - Connective particle, linking a first element to a final element.; Personal name (Old English) Old English - Personal name; tūn Old English - An enclosure; a farmstead; a village; an estate.",E. Ekwall; Dictionary of English Place-Names; Watts; Cambridge Dictionary of English Place-names; A.D. Mills; Dictionary of English Place-Names
Dilhorne,'Quarry house'.,"ærn Old English - A building, a house.  In place-names often a building used for a specific purpose.; dylf Old English - A pity, a quarry.",E. Ekwall; Dictionary of English Place-Names; A.D. Mills; Dictionary of English Place-Names; Watts; Cambridge Dictionary of English Place-names; The Vocabulary of English Place-Names
Dimsdale,Perhaps 'dimple valley'.,"dale Middle English - A valley.; denu Old English - A valley.; dimple Middle English - A dimple, a dip in the surface of the land.",E. Ekwall; Dictionary of English Place-Names; Watts; Cambridge Dictionary of English Place-names; A.D. Mills; Dictionary of English Place-Names
Dorslow,Burial mound or tumulus of a man named Deora/Deore'.,hlāw Old English - A tumulus; a hill.; Personal name (Old English) Old English - Personal name,
Doxey,"'Island, or dry ground in marsh, of a man called Docc'.","ēg Old English - An island.  In ancient settlement-names, most frequently refers to dry ground surrounded by marsh.  Also used of islands in modern sense.  In late OE names: well-watered land.; Personal name (Old English) Old English - Personal name",Watts; Cambridge Dictionary of English Place-names; A.D. Mills; Dictionary of English Place-Names; E. Ekwall; Dictionary of English Place-Names
Draycott in the Clay,'Dray cottage(s)' in the clayey soil.,"cot Old English - A cottage, a hut, a shelter, a den.; dræg Old English - A drag, a portage, a slip-way; a dray, a sled.",A.D. Mills; Dictionary of English Place-Names; E. Ekwall; Dictionary of English Place-Names; Watts; Cambridge Dictionary of English Place-names
Draycott-in-the-Moors,'Dray cottage(s)' on the 'moor'.,"cot Old English - A cottage, a hut, a shelter, a den.; dræg Old English - A drag, a portage, a slip-way; a dray, a sled.; mōr Old English - A marsh, barren upland.",A.D. Mills; Dictionary of English Place-Names; Watts; Cambridge Dictionary of English Place-names; E. Ekwall; Dictionary of English Place-Names
Drayton,Farmstead where drays for portage were used.,"dræg Old English - A drag, a portage, a slip-way; a dray, a sled.; tūn Old English - An enclosure; a farmstead; a village; an estate.",
Drayton,Possibly 'farmstead where drays were kept or used'.,"dræg Old English - A drag, a portage, a slip-way; a dray, a sled.; tūn Old English - An enclosure; a farmstead; a village; an estate.","A.D. Mills; Dictionary of English Place-Names; Watts; Cambridge Dictionary of English Place-names; E. Ekwall; Dictionary of English Place-Names; Oakden; The Place-Names of Staffordshire, vol. I"
Drayton Bassett,'Portage farm/settlement' or 'dragging-place farm/settlement'. It was held by the Bassett family in the 12th century.,"dræg Old English - A drag, a portage, a slip-way; a dray, a sled.; Family name Unknown - Family name.; tūn Old English - An enclosure; a farmstead; a village; an estate.",A.D. Mills; Dictionary of English Place-Names; Watts; Cambridge Dictionary of English Place-names; E. Ekwall; Dictionary of English Place-Names
Drointon,"'Farmstead of the ""drengs"" or free tenants'.","drengr Old Norse - A man, a servant.; tūn Old English - An enclosure; a farmstead; a village; an estate.",E. Ekwall; Dictionary of English Place-Names; Watts; Cambridge Dictionary of English Place-names; A.D. Mills; Dictionary of English Place-Names
Dunstall,'Farmstead'.,"tūn-stall Old English - The site of a farm, a farmstead.",A.D. Mills; Dictionary of English Place-Names; E. Ekwall; Dictionary of English Place-Names; Watts; Cambridge Dictionary of English Place-names
Dunston,Dunn's farmstead.,Dunn Old English - Masculine personal name.; Personal name (Old English) Old English - Personal name; tūn Old English - An enclosure; a farmstead; a village; an estate.,
Dunston,'Dunn's/Duni's farm/settlement'.,Personal name (Old English) Old English - Personal name; tūn Old English - An enclosure; a farmstead; a village; an estate.,"A.D. Mills; Dictionary of English Place-Names; E. Ekwall; Dictionary of English Place-Names; Oakden; The Place-Names of Staffordshire, vol. I; Watts; Cambridge Dictionary of English Place-names"
Eccleshall,'Church nook of land'.,"eglẹ̄s C; halh Old English - A nook of land; a small valley; dry ground in marsh; a piece of land projecting from, or detached from, the main area of its administrative unit.",E. Ekwall; Dictionary of English Place-Names; A.D. Mills; Dictionary of English Place-Names; Watts; Cambridge Dictionary of English Place-names; Cameron; Dictionary of Lincolnshire Place-names
Edingale,"Probably, 'nook of land of Edin's/Eadwine's people'.","-ingas Old English - The people of . . . ; the people called after . . .; halh Old English - A nook of land; a small valley; dry ground in marsh; a piece of land projecting from, or detached from, the main area of its administrative unit.; Personal name (Old English) Old English - Personal name",Cameron; Place-names of Derbyshire; A.D. Mills; Dictionary of English Place-Names; E. Ekwall; Dictionary of English Place-Names; Watts; Cambridge Dictionary of English Place-names
Edingale,'Nook of land of E(a)din's/Eadwine's people'.,"-ingas Old English - The people of . . . ; the people called after . . .; halh Old English - A nook of land; a small valley; dry ground in marsh; a piece of land projecting from, or detached from, the main area of its administrative unit.; Personal name (Old English) Old English - Personal name",A.D. Mills; Dictionary of English Place-Names; E. Ekwall; Dictionary of English Place-Names; Watts; Cambridge Dictionary of English Place-names; Cameron; Dictionary of Lincolnshire Place-names
Elford,'Ella's ford' or 'elder-tree ford'.,ellern Old English - An elder-tree.; ford Old English - A ford.; Personal name (Old English) Old English - Personal name,E. Ekwall; Dictionary of English Place-Names; Watts; Cambridge Dictionary of English Place-names; A.D. Mills; Dictionary of English Place-Names; Cameron; Dictionary of Lincolnshire Place-names
Ellastone,'Eadlac's farm/settlement'.,Personal name (Old English) Old English - Personal name; tūn Old English - An enclosure; a farmstead; a village; an estate.,E. Ekwall; Dictionary of English Place-Names; Watts; Cambridge Dictionary of English Place-names; A.D. Mills; Dictionary of English Place-Names
Ellenhall,"Uncertain. Possibly, 'nook of land connected with Aella/Ella'. Alternatively, 'flax nook of land' with the later prefixing of OE ea, 'river'","-ing- Old English - Connective particle, linking a first element to a final element.; ēa Old English - A river.; halh Old English - A nook of land; a small valley; dry ground in marsh; a piece of land projecting from, or detached from, the main area of its administrative unit.; līn Old English - Flax.; Personal name (Old English) Old English - Personal name",Cameron; Dictionary of Lincolnshire Place-names; A.D. Mills; Dictionary of English Place-Names; Watts; Cambridge Dictionary of English Place-names; E. Ekwall; Dictionary of English Place-Names
Endon,"Uncertain. 'Lamb hill' or perhaps, 'Eana's hill'.",dūn Old English - A hill.; ēan Old English - A lamb.; Personal name (Old English) Old English - Personal name,A.D. Mills; Dictionary of English Place-Names; E. Ekwall; Dictionary of English Place-Names; Watts; Cambridge Dictionary of English Place-names; Cameron; Dictionary of Lincolnshire Place-names
Engleton,Farmstead of the Angles.,"Engle Old English - The Angles, later the English.; tūn Old English - An enclosure; a farmstead; a village; an estate.",
Enson,'Settlement/farmstead of a man named Enna',Personal name (Old English) Old English - Personal name; tūn Old English - An enclosure; a farmstead; a village; an estate.,Watts; Cambridge Dictionary of English Place-names; E. Ekwall; Dictionary of English Place-Names; A.D. Mills; Dictionary of English Place-Names
Enville,'Level open land'.,"efen Old English - Even, flat, level.; feld Old English - Open country, unencumbered ground (eg. land without trees as opposed to forest, level ground as opposed to hills, land without buildings); arable land (from late tenth century).",E. Ekwall; Dictionary of English Place-Names; Watts; Cambridge Dictionary of English Place-names; A.D. Mills; Dictionary of English Place-Names; Cameron; Dictionary of Lincolnshire Place-names
Essington,The farmstead of Esne's people.,-ingas Old English - The people of . . . ; the people called after . . .; Esne Old English - Masculine personal name.; Personal name (Old English) Old English - Personal name; tūn Old English - An enclosure; a farmstead; a village; an estate.,
Essington,'Farm/settlement of Esni's/Esne's people'.,-ingas Old English - The people of . . . ; the people called after . . .; Personal name (Old English) Old English - Personal name; tūn Old English - An enclosure; a farmstead; a village; an estate.,"Oakden; The Place-Names of Staffordshire, vol. I; A.D. Mills; Dictionary of English Place-Names; Watts; Cambridge Dictionary of English Place-names; E. Ekwall; Dictionary of English Place-Names"
Ettingshall,Possibly 'Etting's corner of land' or 'grazing nook'.,"etting Old English - A grazing, a pasturing, a grazing-place, a pasturage.; halh Old English - A nook of land; a small valley; dry ground in marsh; a piece of land projecting from, or detached from, the main area of its administrative unit.; Personal name (Old English) Old English - Personal name",E. Ekwall; Dictionary of English Place-Names; Watts; Cambridge Dictionary of English Place-names; A.D. Mills; Dictionary of English Place-Names
Farewell and Chorley,'Pleasant stream/spring'. 'Free peasants' wood/clearing'.,"ceorl Old English - A freeman of the lower class, a peasant.; fæger Old English - Fair, beautiful, pleasant.; lēah Old English - A forest, wood, glade, clearing; (later) a pasture, meadow.; wella Old English",Watts; Cambridge Dictionary of English Place-names; A.D. Mills; Dictionary of English Place-Names; E. Ekwall; Dictionary of English Place-Names; Cameron; Dictionary of Lincolnshire Place-names
Farley,'Ferny wood/clearing'.,"fearn Old English - A fern; ferns; a ferny place.; lēah Old English - A forest, wood, glade, clearing; (later) a pasture, meadow.",A.D. Mills; Dictionary of English Place-Names; E. Ekwall; Dictionary of English Place-Names; Watts; Cambridge Dictionary of English Place-names
Fauld,'Fold'.,"fald Old English - A fold, a small enclosure for animals; a small herding settlement, a herdsmen's hamlet.",Watts; Cambridge Dictionary of English Place-names; A.D. Mills; Dictionary of English Place-Names; E. Ekwall; Dictionary of English Place-Names
Fawfieldhead,'Multi-coloured field'. ModE 'head' was added in the 16th century.,"fāg Old English - Variegated, multi-coloured, coloured.; feld Old English - Open country, unencumbered ground (eg. land without trees as opposed to forest, level ground as opposed to hills, land without buildings); arable land (from late tenth century).",Watts; Cambridge Dictionary of English Place-names; E. Ekwall; Dictionary of English Place-Names; A.D. Mills; Dictionary of English Place-Names
Fazeley,'Bull's wood/clearing''.,"fearr Old English - A bull.; lēah Old English - A forest, wood, glade, clearing; (later) a pasture, meadow.",Watts; Cambridge Dictionary of English Place-names; A.D. Mills; Dictionary of English Place-Names; E. Ekwall; Dictionary of English Place-Names
Featherstone,The tetralith.,"feoðer- Old English - Four. (Only found in compounds.); stān Old English - A stone, stone, rock.",
Featherstone,'Four stones'.,"fēower Old English - Four.; stān Old English - A stone, stone, rock.","A.D. Mills; Dictionary of English Place-Names; E. Ekwall; Dictionary of English Place-Names; Oakden; The Place-Names of Staffordshire, vol. I; Watts; Cambridge Dictionary of English Place-names"
Fenton,'Farmstead or village by a fen or marshland'.,"fenn Old English - A fen, a marsh, marshland.; tūn Old English - An enclosure; a farmstead; a village; an estate.",A.D. Mills; Dictionary of English Place-Names; E. Ekwall; Dictionary of English Place-Names; Watts; Cambridge Dictionary of English Place-names
Field,'Open land'.,"feld Old English - Open country, unencumbered ground (eg. land without trees as opposed to forest, level ground as opposed to hills, land without buildings); arable land (from late tenth century).",E. Ekwall; Dictionary of English Place-Names; Watts; Cambridge Dictionary of English Place-names; A.D. Mills; Dictionary of English Place-Names
Fisherwick,'Fisherman's specialised-farm'.,"fiscere Old English - A fisherman.; wīc Old English - A dwelling; a building or collection of buildings for special purposes; a farm, a dairy farm; a trading or industrial settlement; or (in the plural) a hamlet, village.",A.D. Mills; Dictionary of English Place-Names; Watts; Cambridge Dictionary of English Place-names; E. Ekwall; Dictionary of English Place-Names
Flashbrook,"'Fleet brook', where 'fleet' may be an earlier name of the stream.","brōc Old English - A brook, a stream.  (Used of a stream with a muddy bed and a visible sediment load.); flēot Old English - An estuary, an inlet of the sea, a small stream.",A.D. Mills; Dictionary of English Place-Names; Watts; Cambridge Dictionary of English Place-names; E. Ekwall; Dictionary of English Place-Names
Forebridge,The bridge in front of the town.,"brycg Old English - A bridge; a causeway.; fore Old English - In front of, before; used elliptically to mean (land, place, thing) in front of, or standing or lying before, something.",
Forsbrook,'Fot's brook' or 'Fotr's brook'.,"brōc Old English - A brook, a stream.  (Used of a stream with a muddy bed and a visible sediment load.); Personal name (Old English) Old English - Personal name; Personal name (Old Norse) Old Norse - Personal name",Watts; Cambridge Dictionary of English Place-names; A.D. Mills; Dictionary of English Place-Names; E. Ekwall; Dictionary of English Place-Names
Forton,"'Ford farm/settlement', referring to a crossing of the River Meece.",ford Old English - A ford.; tūn Old English - An enclosure; a farmstead; a village; an estate.,"Watts; Cambridge Dictionary of English Place-names; E. Ekwall; Dictionary of English Place-Names; Oakden; The Place-Names of Staffordshire, vol. I; A.D. Mills; Dictionary of English Place-Names; Cameron; Dictionary of Lincolnshire Place-names"
Fradswell,'Frod's spring/stream'.,Personal name (Old English) Old English - Personal name; wella Old English,A.D. Mills; Dictionary of English Place-Names; Watts; Cambridge Dictionary of English Place-names; E. Ekwall; Dictionary of English Place-Names; Cameron; Dictionary of Lincolnshire Place-names
Freeford,'Toll-free ford'.,"ford Old English - A ford.; frēo Old English - Free, free from service or charge.",E. Ekwall; Dictionary of English Place-Names; A.D. Mills; Dictionary of English Place-Names; Watts; Cambridge Dictionary of English Place-names
Fulfen,'Foul fen'.,"fenn Old English - A fen, a marsh, marshland.; fūl Old English - Foul, dirty.",Watts; Cambridge Dictionary of English Place-names; E. Ekwall; Dictionary of English Place-Names; A.D. Mills; Dictionary of English Place-Names
Fulford,'Foul/dirty ford'.,"ford Old English - A ford.; fūl Old English - Foul, dirty.",Cameron; Dictionary of Lincolnshire Place-names; Watts; Cambridge Dictionary of English Place-names; E. Ekwall; Dictionary of English Place-Names; A.D. Mills; Dictionary of English Place-Names
Gailey,Woodland glade overgrown with bog-myrtle.,"gagel Old English - Gale, bog-myrtle; ground where this grows.; lēah Old English - A forest, wood, glade, clearing; (later) a pasture, meadow.",
Gailey,'Wood/clearing growing with bog-myrtle (Myrica gale L.)'.,"gagel Old English - Gale, bog-myrtle; ground where this grows.; lēah Old English - A forest, wood, glade, clearing; (later) a pasture, meadow.","Watts; Cambridge Dictionary of English Place-names; Oakden; The Place-Names of Staffordshire, vol. I; E. Ekwall; Dictionary of English Place-Names; A.D. Mills; Dictionary of English Place-Names"
Gayton,"Probably, 'Gaega's farm/settlement'.",Personal name (Old English) Old English - Personal name; tūn Old English - An enclosure; a farmstead; a village; an estate.,E. Ekwall; Dictionary of English Place-Names; A.D. Mills; Dictionary of English Place-Names; Watts; Cambridge Dictionary of English Place-names
Gerrard's Bromley,Clearing overgrown with broom'. 'Gerrard' is a later addition from Sir Gilbert Gerrard.,"brōm Old English - Broom; a thorny bush or shrub.; Family name Unknown - Family name.; lēah Old English - A forest, wood, glade, clearing; (later) a pasture, meadow.",
Gnosall,"Perhaps, 'nook of land at/called Gnow (= the mouth)'. If so, the second element might refer to the widening stream valley south of the village.","genau C; halh Old English - A nook of land; a small valley; dry ground in marsh; a piece of land projecting from, or detached from, the main area of its administrative unit.","Oakden; The Place-Names of Staffordshire, vol. I; A.D. Mills; Dictionary of English Place-Names; E. Ekwall; Dictionary of English Place-Names; Watts; Cambridge Dictionary of English Place-names; Cameron; Dictionary of Lincolnshire Place-names; Coates and Breeze, Celtic Voices English Places"
Gornal,Probably 'nook of land near a mill'.,"cweorn Old English - A quern, a hand-mill; possibly also used of any mill.; halh Old English - A nook of land; a small valley; dry ground in marsh; a piece of land projecting from, or detached from, the main area of its administrative unit.",Watts; Cambridge Dictionary of English Place-names; E. Ekwall; Dictionary of English Place-Names; A.D. Mills; Dictionary of English Place-Names; Cameron; Dictionary of Lincolnshire Place-names
Gratwich,'Gravelly specialised-farm'.,"grēote Old English - A gravelly place or stream.; wīc Old English - A dwelling; a building or collection of buildings for special purposes; a farm, a dairy farm; a trading or industrial settlement; or (in the plural) a hamlet, village.",Watts; Cambridge Dictionary of English Place-names; E. Ekwall; Dictionary of English Place-Names; A.D. Mills; Dictionary of English Place-Names
Great and Little Chatwell,Ceatta's well or spring.,Ceatta Old English - Masculine personal-name.; Personal name (Old English) Old English - Personal name; wella Old English,
Great and Little Saredon,PERHAPS: The dry or barren hill. OR: Searu's hill.,"Bere ; dūn Old English - A hill.; magna Latin - Big, great.; parva Latin - Small.; Personal name (Old English) Old English - Personal name; sēar Old English - Dry, barren.; Searu Old English - Masculine personal name.",
Great Barr,'Hill-top'. 'Great' to distinguish from Little Barr.,barr C,The Vocabulary of English Place-Names; Watts; Cambridge Dictionary of English Place-names; Cameron; Dictionary of Lincolnshire Place-names; A.D. Mills; Dictionary of English Place-Names; E. Ekwall; Dictionary of English Place-Names
Great Haywood,'the enclosed wood'. Affix for distinction from Little Haywood.,"hæg Old English - A fence, an enclosure.; wudu Old English - A wood; or wood, timber.",Watts; Cambridge Dictionary of English Place-names; A.D. Mills; Dictionary of English Place-Names
Great Wyrley,'Bog myrtle wood/clearing'.,"lēah Old English - A forest, wood, glade, clearing; (later) a pasture, meadow.; wīr Old English - Myrtle, bog myrtle.",E. Ekwall; Dictionary of English Place-Names; Watts; Cambridge Dictionary of English Place-names; A.D. Mills; Dictionary of English Place-Names
Grindon,'Green hill'.,"dūn Old English - A hill.; grēne Old English - Green, grass-grown.",E. Ekwall; Dictionary of English Place-Names; Watts; Cambridge Dictionary of English Place-names; A.D. Mills; Dictionary of English Place-Names; Cameron; Dictionary of Lincolnshire Place-names
Gunstone,The farmstead of Gunni.,Gunni Old Norse - Masculine personal name.; Personal name (Old Norse) Old Norse - Personal name; tūn Old English - An enclosure; a farmstead; a village; an estate.,
Hammerwich,"Probably, 'a smith's workshop' or 'a hammer-making workshop'.","hamor Old English - A hammer; possibly also a hammer-shaped crag, a steep rock, a cliff (like the Old Norse cognate ""hamarr"").; wīc Old English - A dwelling; a building or collection of buildings for special purposes; a farm, a dairy farm; a trading or industrial settlement; or (in the plural) a hamlet, village.","A.D. Mills; Dictionary of English Place-Names; E. Ekwall; Dictionary of English Place-Names; Watts; Cambridge Dictionary of English Place-names; D. Parsons, 'Old English lot ... a salt-maker's ""ladle""', in C. Hough and K. Lowe (eds), Lastwordsa Betst (Donington, 2002), 170-88"
Hamstall Ridware,"'Dwellers at Rid'. 'Rid' is an old district-name, probably meaning 'ford'. Hamstall, 'homestead', is a later affix to distinguish from other Ridwares.",-ware Old English - Dwellers.; hām-stall Old English; rïd C,"E. Ekwall; Dictionary of English Place-Names; Cameron; Dictionary of Lincolnshire Place-names; Watts; Cambridge Dictionary of English Place-names; Coates and Breeze, Celtic Voices English Places; A.D. Mills; Dictionary of English Place-Names"
Hanbury,'At the high fortification'.,"burh Old English - A fortified place.; hēah Old English - A high place, a height.",Watts; Cambridge Dictionary of English Place-names; The Vocabulary of English Place-Names; E. Ekwall; Dictionary of English Place-Names; A.D. Mills; Dictionary of English Place-Names
Hanchurch,"'High church'. The village overlooks the Trent valley. The only trace of a possible church is a square plot of ground, commoly held to have been the site.","cirice Old English - A church.; hēah Old English - A high place, a height.",A.D. Mills; Dictionary of English Place-Names; Watts; Cambridge Dictionary of English Place-names; E. Ekwall; Dictionary of English Place-Names
Handsacre,'Hand's cultivated land'.,æcer Old English - A plot of cultivated land; a measure of land which a yoke of oxen could plough in a day. (Indistinguishable from akr.); Personal name (Old English) Old English - Personal name,E. Ekwall; Dictionary of English Place-Names; Watts; Cambridge Dictionary of English Place-names; A.D. Mills; Dictionary of English Place-Names
Hanford,Probably 'ford of the cocks'. Alternatively the specific might be pers.n. Hana (CDEPN) Mills also suggests 'ford at the stones',"ford Old English - A ford.; hān Old English - A hone, a stone, a boundary-stone, a rock.; hana Old English - A cock.; Personal name (Old English) Old English - Personal name",Watts; Cambridge Dictionary of English Place-names; E. Ekwall; Dictionary of English Place-Names; A.D. Mills; Dictionary of English Place-Names
Hanley,'High wood/clearing'.,"hēah Old English - A high place, a height.; lēah Old English - A forest, wood, glade, clearing; (later) a pasture, meadow.",Watts; Cambridge Dictionary of English Place-names; E. Ekwall; Dictionary of English Place-Names; A.D. Mills; Dictionary of English Place-Names; Cameron; Dictionary of Lincolnshire Place-names
Harlaston,"'Heoruwulf's farm/settlement'. Later forms indicate a different personal name, 'Heorulaf'.",Personal name (Old English) Old English - Personal name; tūn Old English - An enclosure; a farmstead; a village; an estate.,E. Ekwall; Dictionary of English Place-Names; Watts; Cambridge Dictionary of English Place-names; A.D. Mills; Dictionary of English Place-Names
Haselour,'Hazel ridge'.,"hæsel Old English - A hazel-tree.; ofer Old English - The tip of a promontory, a flat-topped ridge.",Watts; Cambridge Dictionary of English Place-names; E. Ekwall; Dictionary of English Place-Names; A.D. Mills; Dictionary of English Place-Names
Hatherton,The hill where hawthorn grows.,"dūn Old English - A hill.; hagu-þorn Old English - The hawthorn, the whitethorn.",
Hatherton,'Hawthorn hill'.,"dūn Old English - A hill.; hagu-þorn Old English - The hawthorn, the whitethorn.","A.D. Mills; Dictionary of English Place-Names; Oakden; The Place-Names of Staffordshire, vol. I; Watts; Cambridge Dictionary of English Place-names; E. Ekwall; Dictionary of English Place-Names"
Hatton,'Farmstead on a heath'.,hǣð Old English - Heather; a tract of uncultivated land.; tūn Old English - An enclosure; a farmstead; a village; an estate.,Watts; Cambridge Dictionary of English Place-names; E. Ekwall; Dictionary of English Place-Names; A.D. Mills; Dictionary of English Place-Names
Haughton,'Nook of land farm/settlement'.,"halh Old English - A nook of land; a small valley; dry ground in marsh; a piece of land projecting from, or detached from, the main area of its administrative unit.; tūn Old English - An enclosure; a farmstead; a village; an estate.","Oakden; The Place-Names of Staffordshire, vol. I; Watts; Cambridge Dictionary of English Place-names; E. Ekwall; Dictionary of English Place-Names; Cameron; Dictionary of Lincolnshire Place-names; A.D. Mills; Dictionary of English Place-Names"
Heathylee,"Perhaps, 'heathy wood clearing'.","hǣðiht Old English - Heathy, growing with heather.; lēah Old English - A forest, wood, glade, clearing; (later) a pasture, meadow.",A.D. Mills; Dictionary of English Place-Names; Watts; Cambridge Dictionary of English Place-names; E. Ekwall; Dictionary of English Place-Names
Heaton,'High farm/settlement''.,"hēah Old English - A high place, a height.; tūn Old English - An enclosure; a farmstead; a village; an estate.",A.D. Mills; Dictionary of English Place-Names; Watts; Cambridge Dictionary of English Place-names; E. Ekwall; Dictionary of English Place-Names
Hednesford,The ford of Heddin.,ford Old English - A ford.; Heddīn Old English - Masculine personal name.; Personal name (Old English) Old English - Personal name,
Heighley,High wood/clearing'.,"hēah Old English - A high place, a height.; lēah Old English - A forest, wood, glade, clearing; (later) a pasture, meadow.",
High Offley,'Offa's wood/clearing'.,"lēah Old English - A forest, wood, glade, clearing; (later) a pasture, meadow.; Personal name (Old English) Old English - Personal name",A.D. Mills; Dictionary of English Place-Names; E. Ekwall; Dictionary of English Place-Names; Watts; Cambridge Dictionary of English Place-names
High Onn,Perhaps a British name 'ash-trees'. Mills and CDEPN suggest 'the kiln' from Celtic *odn. Affix for distinction from Little Onn.,onnen C,"Oakden; The Place-Names of Staffordshire, vol. I; Watts; Cambridge Dictionary of English Place-names; A.D. Mills; Dictionary of English Place-Names"
Hilderstone,'Hildulfr's farm/settlement' or 'Hildwulf's farm/settlement'.,Personal name (Old English) Old English - Personal name; Personal name (Old Norse) Old Norse - Personal name; tūn Old English - An enclosure; a farmstead; a village; an estate.,E. Ekwall; Dictionary of English Place-Names; Watts; Cambridge Dictionary of English Place-names; A.D. Mills; Dictionary of English Place-Names
Hilton,Farmstead on the hill.,"hyll Old English - A hill, a natural eminence or elevated piece of ground.; tūn Old English - An enclosure; a farmstead; a village; an estate.",
Hilton,'Hill farm/settlement'.,"hyll Old English - A hill, a natural eminence or elevated piece of ground.; tūn Old English - An enclosure; a farmstead; a village; an estate.","Watts; Cambridge Dictionary of English Place-names; Oakden; The Place-Names of Staffordshire, vol. I; A.D. Mills; Dictionary of English Place-Names"
Hilton,Hill farm/settlement'.,"hyll Old English - A hill, a natural eminence or elevated piece of ground.; tūn Old English - An enclosure; a farmstead; a village; an estate.",
Himley,'Wood/clearing growing with hops'.,"hymele Old English - A hop plant.; lēah Old English - A forest, wood, glade, clearing; (later) a pasture, meadow.",Watts; Cambridge Dictionary of English Place-names; A.D. Mills; Dictionary of English Place-Names; E. Ekwall; Dictionary of English Place-Names
Hints,"Probably, 'roads'..",hynt C,"Watts; Cambridge Dictionary of English Place-names; A.D. Mills; Dictionary of English Place-Names; E. Ekwall; Dictionary of English Place-Names; Coates and Breeze, Celtic Voices English Places"
Hixon,'Hill of a man called *Hyht'.,dūn Old English - A hill.; Personal name (Old English) Old English - Personal name,Watts; Cambridge Dictionary of English Place-names; A.D. Mills; Dictionary of English Place-Names
Hollinsclough,'Howel's ravine'.,clough Middle English - A ravine.; Personal name (Uncertain) Unknown - Personal name,E. Ekwall; Dictionary of English Place-Names; Watts; Cambridge Dictionary of English Place-names; A.D. Mills; Dictionary of English Place-Names
Hopton and Coton,'Valley farm/settlement'. 'At the cottages'.,"cot Old English - A cottage, a hut, a shelter, a den.; hop Old English - A valley; a remote enclosed space; a piece of enclosed land in a fen; an enclosure in marsh or moor.; tūn Old English - An enclosure; a farmstead; a village; an estate.",Watts; Cambridge Dictionary of English Place-names; E. Ekwall; Dictionary of English Place-Names; A.D. Mills; Dictionary of English Place-Names
Hopwas,'Enclosure on alluvial land'.,hop Old English - A valley; a remote enclosed space; a piece of enclosed land in a fen; an enclosure in marsh or moor.; wæsse Old English,E. Ekwall; Dictionary of English Place-Names; Watts; Cambridge Dictionary of English Place-names; A.D. Mills; Dictionary of English Place-Names; Cameron; Dictionary of Lincolnshire Place-names
Horninglow,'Burial-mound/hill at/called *Horning (= the horn-shaped one)'.,"-ing Old English - Place-name forming suffix.; hlāw Old English - A tumulus; a hill.; horn Old English - A horn; something shaped like a horn; a hornlike projection on a building; a projecting piece of land, esp. formed in a river-bend; a projecting headland; a horn-shaped hill.",A.D. Mills; Dictionary of English Place-Names; Watts; Cambridge Dictionary of English Place-names; E. Ekwall; Dictionary of English Place-Names
Horsebrook,The brook frequented by horses.,"brōc Old English - A brook, a stream.  (Used of a stream with a muddy bed and a visible sediment load.); hors Old English - A horse.",
Horton,'Dirty farm/settlement'.,"horu Old English - Filth, dirt.; tūn Old English - An enclosure; a farmstead; a village; an estate.",A.D. Mills; Dictionary of English Place-Names; E. Ekwall; Dictionary of English Place-Names; Watts; Cambridge Dictionary of English Place-names
Huntingdon,The huntsmen's hill.,"dūn Old English - A hill.; ēast Old English - Eastern, east.; hunta Old English - A hunter, a huntsman.",
Huntington,"'The huntsmen's hill'. The Domesday Book spelling, Estendone, represents an earlier 'east of the hill' or 'hill to the east'.","dūn Old English - A hill.; ēastan Old English - East, east of.; hunta Old English - A hunter, a huntsman.","Oakden; The Place-Names of Staffordshire, vol. I; A.D. Mills; Dictionary of English Place-Names; Watts; Cambridge Dictionary of English Place-names"
Hyde,A hide of land.,hīd Old English - A hide of land; an amount of land for the support of one free family and its dependants; a unit of valuation.,
Hyde Lea,"The hide of land, the amount of land for the support of one free family and its dependants. (The addition of Lea `woodland clearing' occurs late.)","hīd Old English - A hide of land; an amount of land for the support of one free family and its dependants; a unit of valuation.; lēah Old English - A forest, wood, glade, clearing; (later) a pasture, meadow.",
Ilam,"Uncertain. Perhaps a lost Celtic river-name. Alternatively, 'at the pools' or 'at the hills'.","hygel Old English - A hillock.; hylr Old Norse - A pool, a deep place in a river.; River-name Unknown - River-name","A.D. Mills; Dictionary of English Place-Names; Watts; Cambridge Dictionary of English Place-names; Coates and Breeze, Celtic Voices English Places; E. Ekwall; Dictionary of English Place-Names"
Ingestre,"Uncertain. Perhaps, 'treasure hill'. Alternatively, the second element may be OE treow, 'tree' with and uncertain first element. Another suggestion deserving is that it is L. angustiae, 'narrows'.","ing Old English - A hill, a peak.; Obscure element Old English - Obscure.; strēon Old English - Property, treasure.; trēow Old English - A tree; a large piece of wood, a post, a beam.",A.D. Mills; Dictionary of English Place-Names; E. Ekwall; Dictionary of English Place-Names; Watts; Cambridge Dictionary of English Place-names
Ipstones,'Stone(s) in a high place' or 'Ippa's stones'.,"Personal name (Old English) Old English - Personal name; stān Old English - A stone, stone, rock.; yppe Old English",A.D. Mills; Dictionary of English Place-Names; E. Ekwall; Dictionary of English Place-Names; Watts; Cambridge Dictionary of English Place-names
Ivetsey,Wulfgeat's enclosure.,"hæg Old English - A fence, an enclosure.; Personal name (Old English) Old English - Personal name; Wulfgeat Old English - Masculine personal name.",
Keele,'Cow hill'.,"cū Old English - A cow.; hyll Old English - A hill, a natural eminence or elevated piece of ground.",Cameron; Dictionary of Lincolnshire Place-names; E. Ekwall; Dictionary of English Place-Names; A.D. Mills; Dictionary of English Place-Names; Watts; Cambridge Dictionary of English Place-names
Kiddimoor Green,PROBABLY: Marshland where brushwood grew.,"kjarr Old Norse - Brushwood; a marsh overgrown with brushwood.; mōr Old English - A marsh, barren upland.",
King's Bromley,'Broomy wood/clearing'. It was a royal possession at the time of the Domesday Book.,"brōm Old English - Broom; a thorny bush or shrub.; lēah Old English - A forest, wood, glade, clearing; (later) a pasture, meadow.",E. Ekwall; Dictionary of English Place-Names; Cameron; Dictionary of Lincolnshire Place-names; The Vocabulary of English Place-Names; A.D. Mills; Dictionary of English Place-Names; Watts; Cambridge Dictionary of English Place-names
King's Bromley Hays,'King's Bromley's enclosure'.,"hay Middle English - A fence, an enclosure; a fenced-in enclosure.; Place-name Unknown - Place-name",E. Ekwall; Dictionary of English Place-Names; Watts; Cambridge Dictionary of English Place-names; A.D. Mills; Dictionary of English Place-Names
Kingsley,'King's wood/clearing'.,"cyning Old English - A king.; lēah Old English - A forest, wood, glade, clearing; (later) a pasture, meadow.",E. Ekwall; Dictionary of English Place-Names; A.D. Mills; Dictionary of English Place-Names; Cameron; Dictionary of Lincolnshire Place-names; Watts; Cambridge Dictionary of English Place-names
Kingston,'King's farm/settlement''.,cyning Old English - A king.; tūn Old English - An enclosure; a farmstead; a village; an estate.,A.D. Mills; Dictionary of English Place-Names; Watts; Cambridge Dictionary of English Place-names; E. Ekwall; Dictionary of English Place-Names
Kingswinford,'Pig ford'. It was a royal manor from at least 1066.,"cyning Old English - A king.; ford Old English - A ford.; swīn Old English - A swine, a pig.",E. Ekwall; Dictionary of English Place-Names; Watts; Cambridge Dictionary of English Place-names; A.D. Mills; Dictionary of English Place-Names
Kinvaston,The farmstead of Cynewald.,Cynewald Old English - Masculine personal name.; Personal name (Old English) Old English - Personal name; tūn Old English - An enclosure; a farmstead; a village; an estate.,
Kinvaston,'Cynewald's farm/settlement'..,Personal name (Old English) Old English - Personal name; tūn Old English - An enclosure; a farmstead; a village; an estate.,"Oakden; The Place-Names of Staffordshire, vol. I; Watts; Cambridge Dictionary of English Place-names; A.D. Mills; Dictionary of English Place-Names"
Kinver,"It is possible that the name is Celtic *Cunobriga, 'dog hill'. Later spellings indicate that the first element was assimilated by Anglo-Saxons to cyne-, 'royal'. Otherwise, the origins and significance of the first element remain obscure.",breg C; Obscure element Old English - Obscure.,"A.D. Mills; Dictionary of English Place-Names; Coates and Breeze, Celtic Voices English Places; E. Ekwall; Dictionary of English Place-Names; Watts; Cambridge Dictionary of English Place-names"
Knightley,The woodland glade of the young men.,"cniht Old English - A youth, a servant, a soldier.; lēah Old English - A forest, wood, glade, clearing; (later) a pasture, meadow.",
Knightley,'Youth's wood/clearing'.,"cniht Old English - A youth, a servant, a soldier.; lēah Old English - A forest, wood, glade, clearing; (later) a pasture, meadow.","A.D. Mills; Dictionary of English Place-Names; Oakden; The Place-Names of Staffordshire, vol. I; Watts; Cambridge Dictionary of English Place-names"
Knighton,'Youth's farm/settlement'.,"cniht Old English - A youth, a servant, a soldier.; tūn Old English - An enclosure; a farmstead; a village; an estate.",A.D. Mills; Dictionary of English Place-Names; Watts; Cambridge Dictionary of English Place-names
Knighton,'Youth's farm/settlement'.,"cniht Old English - A youth, a servant, a soldier.; tūn Old English - An enclosure; a farmstead; a village; an estate.",Watts; Cambridge Dictionary of English Place-names; A.D. Mills; Dictionary of English Place-Names
Knutton,Farm/settlement at the hillock'.,cnotta Old English - A knot.; tūn Old English - An enclosure; a farmstead; a village; an estate.,
Lapley,"Probably, 'boundary wood/clearing'.","læppa Old English - A lap, the skirt of a garment; a district; a border, boundary, edge.; lēah Old English - A forest, wood, glade, clearing; (later) a pasture, meadow.","A.D. Mills; Dictionary of English Place-Names; Oakden; The Place-Names of Staffordshire, vol. I; Watts; Cambridge Dictionary of English Place-names; E. Ekwall; Dictionary of English Place-Names; Cameron; Dictionary of Lincolnshire Place-names"
Latherford,The ford which beggars used.,ford Old English - A ford.; loddere Old English - A beggar.,
Leacroft,The croft lying untilled.,"croft Old English - A small enclosed field.; lǣge Old English - Fallow, unploughed, lying untilled.",
Leek and Lowe,'Brook'. 'Hill/burial-mound'.,hlāw Old English - A tumulus; a hill.,"Cameron; Dictionary of Lincolnshire Place-names; G. Fellows Jensen, Scandinavian Settlement-Names in the East Midlands (Copenhagen, 1978); Watts; Cambridge Dictionary of English Place-names; E. Ekwall; Dictionary of English Place-Names; A.D. Mills; Dictionary of English Place-Names"
Leekfrith,Obscure.,Obscure element Old English - Obscure.,E. Ekwall; Dictionary of English Place-Names; A.D. Mills; Dictionary of English Place-Names; Watts; Cambridge Dictionary of English Place-names
Leigh,'Wood/clearing'.,"lēah Old English - A forest, wood, glade, clearing; (later) a pasture, meadow.",A.D. Mills; Dictionary of English Place-Names; Watts; Cambridge Dictionary of English Place-names; Cameron; Dictionary of Lincolnshire Place-names; E. Ekwall; Dictionary of English Place-Names
Levedale,"Leofa's nook of land or water-meadow. Later forms influenced perhaps by ME `levedi' `lady', but there is no record of land dedicated to the Virgin.","halh Old English - A nook of land; a small valley; dry ground in marsh; a piece of land projecting from, or detached from, the main area of its administrative unit.; Lēofa Old English - Masculine personal name.; levedi Middle English - A lady; a nun; Our Lady.; Personal name (Old English) Old English - Personal name",
Levedale,"'Leofa's nook of land', with later influence from 'hlaefdige' 'lady'. CDEPN 'Leofgyth's nook' OE feminine pers.n.","halh Old English - A nook of land; a small valley; dry ground in marsh; a piece of land projecting from, or detached from, the main area of its administrative unit.; Personal name (Old English) Old English - Personal name","Watts; Cambridge Dictionary of English Place-names; A.D. Mills; Dictionary of English Place-Names; Oakden; The Place-Names of Staffordshire, vol. I"
Lichfield,"'Open land by *Lyccid (= the grey wood)'. cf. Wall, Staffordshire.","cē¸d C; feld Old English - Open country, unencumbered ground (eg. land without trees as opposed to forest, level ground as opposed to hills, land without buildings); arable land (from late tenth century).; lẹ̄to- C","Watts; Cambridge Dictionary of English Place-names; Gelling; Signposts to the Past; Coates and Breeze, Celtic Voices English Places; E. Ekwall; Dictionary of English Place-Names; A.D. Mills; Dictionary of English Place-Names; Cameron; Dictionary of Lincolnshire Place-names"
Little Wyrley,'Wood/clearing where bog-myrtle grows'. Little for distinction from Great Wyrley.,"lēah Old English - A forest, wood, glade, clearing; (later) a pasture, meadow.; wīr Old English - Myrtle, bog myrtle.",A.D. Mills; Dictionary of English Place-Names; Watts; Cambridge Dictionary of English Place-names
Littywood,"The second element is `wood', the first is unidentified.","Obscure element Unknown - Obscure element; wudu Old English - A wood; or wood, timber.",
Littywood,Partly obscure. Second element 'wood'.,"wudu Old English - A wood; or wood, timber.","Oakden; The Place-Names of Staffordshire, vol. I; A.D. Mills; Dictionary of English Place-Names; Watts; Cambridge Dictionary of English Place-names"
Longdon,'Long hill'.,"dūn Old English - A hill.; lang Old English - Long, tall.",Watts; Cambridge Dictionary of English Place-names; E. Ekwall; Dictionary of English Place-Names; A.D. Mills; Dictionary of English Place-Names; Cameron; Dictionary of Lincolnshire Place-names
Longnor,At the tall alder tree.,"alor Old English - An alder-tree.; lang Old English - Long, tall.",
Longnor,'Long ridge'.,"lang Old English - Long, tall.; ofer Old English - The tip of a promontory, a flat-topped ridge.",A.D. Mills; Dictionary of English Place-Names; Cameron; Dictionary of Lincolnshire Place-names; Watts; Cambridge Dictionary of English Place-names; E. Ekwall; Dictionary of English Place-Names
Longridge,The long ridge.,"hrycg Old English - A ridge.; lang Old English - Long, tall.",
Longsdon,'Long hill'.,"dūn Old English - A hill.; lang Old English - Long, tall.",Watts; Cambridge Dictionary of English Place-names; E. Ekwall; Dictionary of English Place-Names; Cameron; Dictionary of Lincolnshire Place-names; A.D. Mills; Dictionary of English Place-Names
Longton,'Long farm/settlement''.,"lang Old English - Long, tall.; tūn Old English - An enclosure; a farmstead; a village; an estate.",Watts; Cambridge Dictionary of English Place-names; E. Ekwall; Dictionary of English Place-Names; A.D. Mills; Dictionary of English Place-Names
Lower Penn,'Hill'. 'Lower' to distinguish from Upper Penn.,penn C,A.D. Mills; Dictionary of English Place-Names; E. Ekwall; Dictionary of English Place-Names; Watts; Cambridge Dictionary of English Place-names
Loxley,Woodland clearinh  of a man named Locc/Loxa'.,"lēah Old English - A forest, wood, glade, clearing; (later) a pasture, meadow.; Personal name (Old English) Old English - Personal name",
Loynton,Leofa's farmstead.,Lēofa Old English - Masculine personal name.; Personal name (Old English) Old English - Personal name; tūn Old English - An enclosure; a farmstead; a village; an estate.,
Loynton,'Farmstead of a man called Leofa'.,Personal name (Old English) Old English - Personal name; tūn Old English - An enclosure; a farmstead; a village; an estate.,"Oakden; The Place-Names of Staffordshire, vol. I; A.D. Mills; Dictionary of English Place-Names; Watts; Cambridge Dictionary of English Place-names"
Lyne Hill,The hill where flax was grown.,"hyll Old English - A hill, a natural eminence or elevated piece of ground.; līn Old English - Flax.",
Madeley,'Mad(d)a's wood/clearing'.,"lēah Old English - A forest, wood, glade, clearing; (later) a pasture, meadow.; Personal name (Old English) Old English - Personal name",A.D. Mills; Dictionary of English Place-Names; Watts; Cambridge Dictionary of English Place-names; E. Ekwall; Dictionary of English Place-Names
Madeley Holme,woodland clearing of a man called Madda'. 'Island/raised ground' later arffixed.,"holmr Old Norse - An island, an inland promontory, raised ground in marsh, a river-meadow.; lēah Old English - A forest, wood, glade, clearing; (later) a pasture, meadow.; Personal name (Old English) Old English - Personal name",
Maer,'Pool'.,"mere Old English - A pond, a pool, a lake.",Watts; Cambridge Dictionary of English Place-names; A.D. Mills; Dictionary of English Place-Names; E. Ekwall; Dictionary of English Place-Names
Marchington,"'Farm/settlement of the dwellers of Mercham (= hemmed-in land growing with celery)'. Alternatively, Marcham may be, 'Mercians' homestead village'.","hǣme Old English - The inhabitants of a place.; hām Old English - A village, a village community, a manor, an estate, a homestead.; hamm Old English - Land hemmed in by water or marsh (perhaps also by high ground); a river-meadow; cultivated plot on the edge of woodland or moor.; Merce Old English; merece Old English - Wild celery, smallage.; tūn Old English - An enclosure; a farmstead; a village; an estate.","E. Ekwall; Dictionary of English Place-Names; Watts; Cambridge Dictionary of English Place-names; A. Cole et al., 'Old English merece 'wild celery, smallage' in place-names, Nomina 23, 141-7; A.D. Mills; Dictionary of English Place-Names"
Marchington Woodlands,'Marchington's woodlands'. ' Woodlands' is a ModE addition.,Place-name Unknown - Place-name,E. Ekwall; Dictionary of English Place-Names; A.D. Mills; Dictionary of English Place-Names; Watts; Cambridge Dictionary of English Place-names
Marston,The farmstead by the marsh.,mersc Old English - A marsh.; tūn Old English - An enclosure; a farmstead; a village; an estate.,
Marston,'Marsh farm/settlement'.,mersc Old English - A marsh.; tūn Old English - An enclosure; a farmstead; a village; an estate.,A.D. Mills; Dictionary of English Place-Names; Watts; Cambridge Dictionary of English Place-names; Cameron; Dictionary of Lincolnshire Place-names; E. Ekwall; Dictionary of English Place-Names
Marston,'Marsh farm/settlement'.,mersc Old English - A marsh.; tūn Old English - An enclosure; a farmstead; a village; an estate.,"Oakden; The Place-Names of Staffordshire, vol. I; Watts; Cambridge Dictionary of English Place-names; A.D. Mills; Dictionary of English Place-Names"
Mavesyn Ridware,"'Dwellers at Rid'. 'Rid' is an old district-name, probably meaning 'ford'. It was held by the Malveisin family from at least the 12th century.",-ware Old English - Dwellers.; Family name Unknown - Family name.; rïd C,"E. Ekwall; Dictionary of English Place-Names; Watts; Cambridge Dictionary of English Place-names; Cameron; Dictionary of Lincolnshire Place-names; Coates and Breeze, Celtic Voices English Places; A.D. Mills; Dictionary of English Place-Names"
Mayfield,"Possibly, 'open land growing with madder' or perhaps, 'assembly open land'.","feld Old English - Open country, unencumbered ground (eg. land without trees as opposed to forest, level ground as opposed to hills, land without buildings); arable land (from late tenth century).; mæddre Old English - The madder (or similar plant).; mæðel Old English - Speech, assembly, council.",A.D. Mills; Dictionary of English Place-Names; Cameron; Dictionary of Lincolnshire Place-names; E. Ekwall; Dictionary of English Place-Names; Watts; Cambridge Dictionary of English Place-names
Meaford,"Possibly 'ford at the confluence of rivers'. The River Trent is joined by a tributary stream here. Alternatively, 'meadow-ford'.",ford Old English - A ford.; mǣd Old English - A meadow.; mȳðe Old English - The mouth of a river where it runs into another; a confluence of rivers.,
Meerbrook,'Boundary brook'.,"brōc Old English - A brook, a stream.  (Used of a stream with a muddy bed and a visible sediment load.); mǣre Old English - A boundary, a border; (in field names) the balk of a ploughland.",E. Ekwall; Dictionary of English Place-Names; Cameron; Dictionary of Lincolnshire Place-names; Watts; Cambridge Dictionary of English Place-names; A.D. Mills; Dictionary of English Place-Names; The Vocabulary of English Place-Names
Meertown,"'Mere', referring to Aqualate Mere. 'Town' is a later addition.","mere Old English - A pond, a pool, a lake.","Watts; Cambridge Dictionary of English Place-names; Oakden; The Place-Names of Staffordshire, vol. I; A.D. Mills; Dictionary of English Place-Names"
Millmeece,'Moss'. 'Mill' is a later addition to distinguish from Coldmeece.,mēos Old English - Moss; a mossy place or mossy river.; myln Old English - A mill.,A.D. Mills; Dictionary of English Place-Names; Watts; Cambridge Dictionary of English Place-names
Milwich,'Mill specialised-farm'.,"myln Old English - A mill.; wīc Old English - A dwelling; a building or collection of buildings for special purposes; a farm, a dairy farm; a trading or industrial settlement; or (in the plural) a hamlet, village.",Watts; Cambridge Dictionary of English Place-names; A.D. Mills; Dictionary of English Place-Names; E. Ekwall; Dictionary of English Place-Names
Mitton,The farmstead near the confluence of two streams.,mȳðe Old English - The mouth of a river where it runs into another; a confluence of rivers.; tūn Old English - An enclosure; a farmstead; a village; an estate.,
Mitton,"'Confluence farm/settlement', referring to the junction of Whistom Brook and Church Eaton Brook.",mȳðe Old English - The mouth of a river where it runs into another; a confluence of rivers.; tūn Old English - An enclosure; a farmstead; a village; an estate.,"A.D. Mills; Dictionary of English Place-Names; Watts; Cambridge Dictionary of English Place-names; E. Ekwall; Dictionary of English Place-Names; Oakden; The Place-Names of Staffordshire, vol. I"
Moddershall,'Modred's nook of land'.,"halh Old English - A nook of land; a small valley; dry ground in marsh; a piece of land projecting from, or detached from, the main area of its administrative unit.; Personal name (Old English) Old English - Personal name",Watts; Cambridge Dictionary of English Place-names; A.D. Mills; Dictionary of English Place-Names
Moor Hall,The barren waste land. (With hall added later.),"hall Old English - A slope, a hill; a boulder.; mōr Old English - A marsh, barren upland.",
Moreton,The farmstead by the marshland.,"mōr Old English - A marsh, barren upland.; tūn Old English - An enclosure; a farmstead; a village; an estate.",
Moreton,'Moor farm/settlement'.,"mōr Old English - A marsh, barren upland.; tūn Old English - An enclosure; a farmstead; a village; an estate.",A.D. Mills; Dictionary of English Place-Names; Watts; Cambridge Dictionary of English Place-names
Moreton,'Moor farm/settlement'.,"mōr Old English - A marsh, barren upland.; tūn Old English - An enclosure; a farmstead; a village; an estate.",Watts; Cambridge Dictionary of English Place-names; A.D. Mills; Dictionary of English Place-Names
Moreton,'Moor farm/settlement'.,"mōr Old English - A marsh, barren upland.; tūn Old English - An enclosure; a farmstead; a village; an estate.","Oakden; The Place-Names of Staffordshire, vol. I; Watts; Cambridge Dictionary of English Place-names; A.D. Mills; Dictionary of English Place-Names"
Moseley,Woodland clearing of a man called Moll'.,"lēah Old English - A forest, wood, glade, clearing; (later) a pasture, meadow.; Personal name (Old English) Old English - Personal name",
Mucklestone,'Mucel's farm/settlement'.,Personal name (Old English) Old English - Personal name; tūn Old English - An enclosure; a farmstead; a village; an estate.,A.D. Mills; Dictionary of English Place-Names; E. Ekwall; Dictionary of English Place-Names; Watts; Cambridge Dictionary of English Place-names
Musden,Valley where mice are found'.,"denu Old English - A valley.; mūs Old English - A mouse, a field-mouse.",
Needwood,"Literally, 'need wood'. The first element implies distress or poverty, but it also has been suggested that it may have been a refuge for outlaws or, alternatively, 'need' implies a supply of timber.","nēd Old English; wudu Old English - A wood; or wood, timber.",Watts; Cambridge Dictionary of English Place-names; A.D. Mills; Dictionary of English Place-Names; Cameron; Dictionary of Lincolnshire Place-names; E. Ekwall; Dictionary of English Place-Names
Newborough,"'New borough', the second element is used here in a later sense of a medieval town.",burh Old English - A fortified place.; nīwe Old English - New.,E. Ekwall; Dictionary of English Place-Names; A.D. Mills; Dictionary of English Place-Names; Watts; Cambridge Dictionary of English Place-names; The Vocabulary of English Place-Names
Newcastle under Lyme,"'New castle'. Lyme is an old Celtic district name, possibly meaning 'elm-tree region'.",castel Old English - A defensive building; a village.; nīwe Old English - New.; Place-name Unknown - Place-name,Watts; Cambridge Dictionary of English Place-names; E. Ekwall; Dictionary of English Place-Names; A.D. Mills; Dictionary of English Place-Names; Gelling et al; The Names of Towns and Cities in Britain
Newchapel,"'New chapel' from the 17th century. This replaced the earlier name of Turvoldesfeld, 'Thorvaldr's/Thorfrethr's open land'.",chapel Middle English - A chapel; occasionally used figuratively for a place for meetings or observance.; nīwe Old English - New.,Watts; Cambridge Dictionary of English Place-names; A.D. Mills; Dictionary of English Place-Names; E. Ekwall; Dictionary of English Place-Names
Newton,'New farm/settlement'.,nīwe Old English - New.; tūn Old English - An enclosure; a farmstead; a village; an estate.,Watts; Cambridge Dictionary of English Place-names; A.D. Mills; Dictionary of English Place-Names
Newton,'New farm/settlement'.,nīwe Old English - New.; tūn Old English - An enclosure; a farmstead; a village; an estate.,A.D. Mills; Dictionary of English Place-Names; Watts; Cambridge Dictionary of English Place-names
Newton,'New farm/settlement'.,nīwe Old English - New.; tūn Old English - An enclosure; a farmstead; a village; an estate.,Dodgson; Place-names of Cheshire; E. Ekwall; Dictionary of English Place-Names; A.D. Mills; Dictionary of English Place-Names; Watts; Cambridge Dictionary of English Place-names
Norbury,'North fortification'.,"burh Old English - A fortified place.; norð Old English - Northern, north.","A.D. Mills; Dictionary of English Place-Names; The Vocabulary of English Place-Names; Oakden; The Place-Names of Staffordshire, vol. I; Watts; Cambridge Dictionary of English Place-names; E. Ekwall; Dictionary of English Place-Names"
Normacot,Cottage of a man called Norma'.,"cot Old English - A cottage, a hut, a shelter, a den.; Personal name (Old English) Old English - Personal name",
Norton Canes,'North farmstead or village'. Affix 'in Cannock Chase' (CDEPN),"norð Old English - Northern, north.; tūn Old English - An enclosure; a farmstead; a village; an estate.",A.D. Mills; Dictionary of English Place-Names; Watts; Cambridge Dictionary of English Place-names
Norton Canes,'North farm/settlement in Cannock Chase'.,"norð Old English - Northern, north.; Place-name Unknown - Place-name; tūn Old English - An enclosure; a farmstead; a village; an estate.",A.D. Mills; Dictionary of English Place-Names; E. Ekwall; Dictionary of English Place-Names; Watts; Cambridge Dictionary of English Place-names
Norton-in-the-Moors,'North farm/settlement' in the moorland.,"mōr Old English - A marsh, barren upland.; norð Old English - Northern, north.; tūn Old English - An enclosure; a farmstead; a village; an estate.",Watts; Cambridge Dictionary of English Place-names; A.D. Mills; Dictionary of English Place-Names; E. Ekwall; Dictionary of English Place-Names
Oaken,'(The settlement) at the oak-trees'.,āc Old English - An oak-tree.,Watts; Cambridge Dictionary of English Place-names; A.D. Mills; Dictionary of English Place-Names
Oakley,'Oak-tree wood or clearing'.,"āc Old English - An oak-tree.; lēah Old English - A forest, wood, glade, clearing; (later) a pasture, meadow.",A.D. Mills; Dictionary of English Place-Names; Watts; Cambridge Dictionary of English Place-names
Oakley,'Oak-tree wood or clearing',"āc Old English - An oak-tree.; lēah Old English - A forest, wood, glade, clearing; (later) a pasture, meadow.",A.D. Mills; Dictionary of English Place-Names; Watts; Cambridge Dictionary of English Place-names
Ogley Hay,"'Ocga's wood/clearing'. Earlier spellings record the second element as OE tun, 'farm/settlement'. Hay is 'enclosure'.","hæg Old English - A fence, an enclosure.; lēah Old English - A forest, wood, glade, clearing; (later) a pasture, meadow.; Personal name (Old English) Old English - Personal name",Watts; Cambridge Dictionary of English Place-names; A.D. Mills; Dictionary of English Place-Names; E. Ekwall; Dictionary of English Place-Names
Okeover,'Oak-tree ridge'.,"āc Old English - An oak-tree.; ofer Old English - The tip of a promontory, a flat-topped ridge.",Cameron; Dictionary of Lincolnshire Place-names; Watts; Cambridge Dictionary of English Place-names; A.D. Mills; Dictionary of English Place-Names; E. Ekwall; Dictionary of English Place-Names
Onecote,'Lonely cottage(s)'.,"ān Old English - One, single.  (Difficult to distinguish from āna, ""lonely"".); cot Old English - A cottage, a hut, a shelter, a den.",The Vocabulary of English Place-Names; E. Ekwall; Dictionary of English Place-Names; A.D. Mills; Dictionary of English Place-Names; Watts; Cambridge Dictionary of English Place-names
Orslow,Horsa's burial mound. OR: The horses' mound.,hlāw Old English - A tumulus; a hill.; hors Old English - A horse.; Horsa Old English - Masculine personal name.; Personal name (Old English) Old English - Personal name,
Orton,Farm/settlement by a ridge'.,"ofer Old English - The tip of a promontory, a flat-topped ridge.; tūn Old English - An enclosure; a farmstead; a village; an estate.",
Otherton,"The other, the second farmstead.","ōðer Old English - Other, second.; tūn Old English - An enclosure; a farmstead; a village; an estate.",
Otherton,"'The other, the second farmstead'. It is 'alia villa' in Domesday Book.","ōðer Old English - Other, second.; tūn Old English - An enclosure; a farmstead; a village; an estate.","A.D. Mills; Dictionary of English Place-Names; Watts; Cambridge Dictionary of English Place-names; Oakden; The Place-Names of Staffordshire, vol. I"
Oulton,The old farmstead.,ald Old English; tūn Old English - An enclosure; a farmstead; a village; an estate.,
Oxley,'Woodland clearing where ox are pastured'.,"lēah Old English - A forest, wood, glade, clearing; (later) a pasture, meadow.; oxa Old English - An ox.",A.D. Mills; Dictionary of English Place-Names; Watts; Cambridge Dictionary of English Place-names
Packington,Farm/settlement of Pacca's people'.,"-ing- Old English - Connective particle, linking a first element to a final element.; Personal name (Old English) Old English - Personal name; tūn Old English - An enclosure; a farmstead; a village; an estate.",
Patshull,'Paettel's hill'.,"hyll Old English - A hill, a natural eminence or elevated piece of ground.; Personal name (Old English) Old English - Personal name",Watts; Cambridge Dictionary of English Place-names; E. Ekwall; Dictionary of English Place-Names; A.D. Mills; Dictionary of English Place-Names; Cameron; Dictionary of Lincolnshire Place-names
Pattingham,"'Homestead/village of Peatta's people' or perhaps, 'homestead/village at Peatta's place'.","-ing Old English - Place-name forming suffix.; -ingas Old English - The people of . . . ; the people called after . . .; hām Old English - A village, a village community, a manor, an estate, a homestead.; Personal name (Old English) Old English - Personal name",A.D. Mills; Dictionary of English Place-Names; Watts; Cambridge Dictionary of English Place-names; E. Ekwall; Dictionary of English Place-Names
Paynsley,Woodland clearing of a man called Pain'.,"lēah Old English - A forest, wood, glade, clearing; (later) a pasture, meadow.; Personal name (Old English) Old English - Personal name",
Pelsall,'Peol's nook of land'.,"halh Old English - A nook of land; a small valley; dry ground in marsh; a piece of land projecting from, or detached from, the main area of its administrative unit.; Personal name (Old English) Old English - Personal name",Cameron; Dictionary of Lincolnshire Place-names; E. Ekwall; Dictionary of English Place-Names; A.D. Mills; Dictionary of English Place-Names; Watts; Cambridge Dictionary of English Place-names
Pendeford,Ford belonging to or associated with Penda'.,ford Old English - A ford.; Personal name (Uncertain) Unknown - Personal name,
Penkhull,,"hyll Old English - A hill, a natural eminence or elevated piece of ground.",
Penkridge,'Headland tumulus'.,crṻg C; penn C,"E. Ekwall; Dictionary of English Place-Names; Oakden; The Place-Names of Staffordshire, vol. I; Coates and Breeze, Celtic Voices English Places; Watts; Cambridge Dictionary of English Place-names; A.D. Mills; Dictionary of English Place-Names; Cameron; Dictionary of Lincolnshire Place-names"
Perton,'Farmstead where pears grow'.,"peru Old English - A pear, the fruit of the pear-tree.; tūn Old English - An enclosure; a farmstead; a village; an estate.",A.D. Mills; Dictionary of English Place-Names; Watts; Cambridge Dictionary of English Place-names
Pillaton,Nook of land where pill-oats grow. (An adjoining part of the same site was earlier known as `the farmstead associated with Beda'.),"-ing- Old English - Connective particle, linking a first element to a final element.; Bēda Old English - Masculine personal name.; halh Old English - A nook of land; a small valley; dry ground in marsh; a piece of land projecting from, or detached from, the main area of its administrative unit.; Personal name (Old English) Old English - Personal name; pil-āte Old English - Pill-oats.; tūn Old English - An enclosure; a farmstead; a village; an estate.",
Pillaton,"'Nook of land where pill-oats grow'. Formerly combined with a place called 'Bedintona', 'farmstead associated with a man called Beda'.","-ing- Old English - Connective particle, linking a first element to a final element.; halh Old English - A nook of land; a small valley; dry ground in marsh; a piece of land projecting from, or detached from, the main area of its administrative unit.; Personal name (Old English) Old English - Personal name; pil-āte Old English - Pill-oats.; tūn Old English - An enclosure; a farmstead; a village; an estate.","Oakden; The Place-Names of Staffordshire, vol. I; A.D. Mills; Dictionary of English Place-Names; Watts; Cambridge Dictionary of English Place-names"
Pipe Ridware,"'Dwellers at Rid'. 'Rid' is an old district-name, probably meaning 'ford'. It was held by Robert de Pipe ca. 1285.",-ware Old English - Dwellers.; Family name Unknown - Family name.; rïd C,Cameron; Dictionary of Lincolnshire Place-names; Watts; Cambridge Dictionary of English Place-names; A.D. Mills; Dictionary of English Place-Names; E. Ekwall; Dictionary of English Place-Names
Pipehill,'Pipe' with the addition of ModE hill.,"pīpe Old English - A pipe, a conduit.",A.D. Mills; Dictionary of English Place-Names; E. Ekwall; Dictionary of English Place-Names; Watts; Cambridge Dictionary of English Place-names
Plardiwick,"The second el. is OE wic `farm, dairy-farm', but no suggestion can be made for the first.","Obscure element Unknown - Obscure element; wīc Old English - A dwelling; a building or collection of buildings for special purposes; a farm, a dairy farm; a trading or industrial settlement; or (in the plural) a hamlet, village.",
Podmore,'Marsh or moor frequented by toads or frogs'.,"mōr Old English - A marsh, barren upland.; pode Middle English - A toad.",A.D. Mills; Dictionary of English Place-Names; Watts; Cambridge Dictionary of English Place-names
Preston,The farmstead or manor of the priests.,prēost Old English - A priest.; tūn Old English - An enclosure; a farmstead; a village; an estate.,
Prestwood,'Priests' wood'.,"prēost Old English - A priest.; wudu Old English - A wood; or wood, timber.",Watts; Cambridge Dictionary of English Place-names; A.D. Mills; Dictionary of English Place-Names; E. Ekwall; Dictionary of English Place-Names
Quarnford,'Mill ford'.,"cweorn Old English - A quern, a hand-mill; possibly also used of any mill.; ford Old English - A ford.",Watts; Cambridge Dictionary of English Place-names; E. Ekwall; Dictionary of English Place-Names; A.D. Mills; Dictionary of English Place-Names; Cameron; Dictionary of Lincolnshire Place-names
Quarry Heath,The heath with a stone-quarry.,hǣð Old English - Heather; a tract of uncultivated land.; quarrere Middle English - A quarry.,
Ramshorn,'Ram's ridge' or 'ramson ridge'.,"hramsa Old English - Wild garlic.; ofer Old English - The tip of a promontory, a flat-topped ridge.; ramm Old English - A ram.",A.D. Mills; Dictionary of English Place-Names; E. Ekwall; Dictionary of English Place-Names; Watts; Cambridge Dictionary of English Place-names
Ranton,"'Bank farm/settlement' or perhaps, 'ram farm/settlement'.","ramm Old English - A ram.; rand Old English - An edge, a border, a brink, a shore.; tūn Old English - An enclosure; a farmstead; a village; an estate.",Watts; Cambridge Dictionary of English Place-names; A.D. Mills; Dictionary of English Place-Names; E. Ekwall; Dictionary of English Place-Names
Ranton Abbey,The ancient abbey was founded during the reign of Henry II by Robert Fitz-Noel for the canons of the order of St. Augustine. Remains of the abbey are still visible today.,Place-name Unknown - Place-name,Watts; Cambridge Dictionary of English Place-names; E. Ekwall; Dictionary of English Place-Names; A.D. Mills; Dictionary of English Place-Names
Reule,The rough nook of land.,"halh Old English - A nook of land; a small valley; dry ground in marsh; a piece of land projecting from, or detached from, the main area of its administrative unit.; rūh Old English - Rough.",
Rickerscote,The cottage of Ricard.,"cot Old English - A cottage, a hut, a shelter, a den.; Personal name (Old English) Old English - Personal name; Ricard Old English - Masculine personal name.",
Rickerscote,'Cottage of a man called Ricard'.,"cot Old English - A cottage, a hut, a shelter, a den.; Personal name (Uncertain) Unknown - Personal name","A.D. Mills; Dictionary of English Place-Names; Watts; Cambridge Dictionary of English Place-names; Oakden; The Place-Names of Staffordshire, vol. I"
Rocester,"Uncertain. 'Hrothwulf's Roman site' or perhaps, 'rough Roman site'.",ceaster Old English - A city; an old fortification; a Roman site.; Personal name (Old English) Old English - Personal name; rūh Old English - Rough.,Watts; Cambridge Dictionary of English Place-names; The Vocabulary of English Place-Names; A.D. Mills; Dictionary of English Place-Names; E. Ekwall; Dictionary of English Place-Names
Rodbaston,Redbald's farmstead.,Personal name (Old English) Old English - Personal name; Rēdbald Old English - Masculine personal name.; tūn Old English - An enclosure; a farmstead; a village; an estate.,
Rodbaston,'Farmstead of a man called Redbald'.,Personal name (Old English) Old English - Personal name; tūn Old English - An enclosure; a farmstead; a village; an estate.,"A.D. Mills; Dictionary of English Place-Names; Oakden; The Place-Names of Staffordshire, vol. I; Watts; Cambridge Dictionary of English Place-names"
Rolleston,'Hrothwulf's farm/settlement' or 'Hrolfr's farm/settlement'.,Personal name (Old English) Old English - Personal name; Personal name (Old Norse) Old Norse - Personal name; tūn Old English - An enclosure; a farmstead; a village; an estate.,"E. Ekwall; Dictionary of English Place-Names; G. Fellows Jensen, Scandinavian Settlement-Names in the East Midlands (Copenhagen, 1978); Watts; Cambridge Dictionary of English Place-names; A.D. Mills; Dictionary of English Place-Names"
Rowley,Rough woodland clearing'.,"lēah Old English - A forest, wood, glade, clearing; (later) a pasture, meadow.; rūh Old English - Rough.",
Rowley Regis,'Rough wood/clearing'. It was a royal possession.,"lēah Old English - A forest, wood, glade, clearing; (later) a pasture, meadow.; rex Latin - A king.; rūh Old English - Rough.",Watts; Cambridge Dictionary of English Place-names; Cameron; Dictionary of Lincolnshire Place-names; E. Ekwall; Dictionary of English Place-Names; A.D. Mills; Dictionary of English Place-Names
Rownall,Rough nook of land'.,"halh Old English - A nook of land; a small valley; dry ground in marsh; a piece of land projecting from, or detached from, the main area of its administrative unit.; rūh Old English - Rough.",
Rudyard,"Uncertain. Perhaps, 'rue yard', referring to a place where this herb grew. Alternatively, it has been suggested that the name is 'red yard', owing to reddish soils in the area.","geard Old English - A fence; an enclosure; a yard; a court-yard.; rūde Old English - Rue (the shrub).; rudig Old English - Ruddy, red.",A.D. Mills; Dictionary of English Place-Names; Watts; Cambridge Dictionary of English Place-names
Rugeley,'Ridge wood/clearing'.,"hrycg Old English - A ridge.; lēah Old English - A forest, wood, glade, clearing; (later) a pasture, meadow.","E. Ekwall; Dictionary of English Place-Names; Watts; Cambridge Dictionary of English Place-names; A.D. Mills; Dictionary of English Place-Names; Cameron; Dictionary of Lincolnshire Place-names; Oakden; The Place-Names of Staffordshire, vol. I"
Rushall,'Rush nook of land'.,"halh Old English - A nook of land; a small valley; dry ground in marsh; a piece of land projecting from, or detached from, the main area of its administrative unit.; rysc Old English - A rush; in the simplex plural, a place where rushes grow, a rush bed.",E. Ekwall; Dictionary of English Place-Names; A.D. Mills; Dictionary of English Place-Names; Watts; Cambridge Dictionary of English Place-names; Cameron; Dictionary of Lincolnshire Place-names
Rushton Grange,Farm/settlement where rush grows'.,"rysc Old English - A rush; in the simplex plural, a place where rushes grow, a rush bed.; tūn Old English - An enclosure; a farmstead; a village; an estate.",
Rushton James,'Rush farm/settlement'. It was held by the FitzJames family in the 13th century.,"Family name Unknown - Family name.; rysc Old English - A rush; in the simplex plural, a place where rushes grow, a rush bed.; tūn Old English - An enclosure; a farmstead; a village; an estate.",E. Ekwall; Dictionary of English Place-Names; Watts; Cambridge Dictionary of English Place-names; A.D. Mills; Dictionary of English Place-Names
Rushton Spencer,'Rush farm/settlement'. It was held by Hugh le Despenser in 1328 and for distinction from Rushton James.,"Family name Unknown - Family name.; rysc Old English - A rush; in the simplex plural, a place where rushes grow, a rush bed.; tūn Old English - An enclosure; a farmstead; a village; an estate.",E. Ekwall; Dictionary of English Place-Names; A.D. Mills; Dictionary of English Place-Names; Watts; Cambridge Dictionary of English Place-names
Salt and Enson,'Salt-works'. 'Eansige's farm/settlement'.,Personal name (Old English) Old English - Personal name; selte Old English; tūn Old English - An enclosure; a farmstead; a village; an estate.,A.D. Mills; Dictionary of English Place-Names; Watts; Cambridge Dictionary of English Place-names; E. Ekwall; Dictionary of English Place-Names
Sandon,'Sandy hill'.,dūn Old English - A hill.; sand Old English - Sand.,E. Ekwall; Dictionary of English Place-Names; Cameron; Dictionary of Lincolnshire Place-names; Watts; Cambridge Dictionary of English Place-names; A.D. Mills; Dictionary of English Place-Names
Saredon,"Uncertain. Possibly, 'dry hill' or 'Sear's hill'.","dūn Old English - A hill.; Personal name (Old English) Old English - Personal name; sēar Old English - Dry, barren.","Oakden; The Place-Names of Staffordshire, vol. I; Watts; Cambridge Dictionary of English Place-names; A.D. Mills; Dictionary of English Place-Names"
Sedgley,'Secg's wood/clearing'.,"lēah Old English - A forest, wood, glade, clearing; (later) a pasture, meadow.; Personal name (Old English) Old English - Personal name",A.D. Mills; Dictionary of English Place-Names; Watts; Cambridge Dictionary of English Place-names; E. Ekwall; Dictionary of English Place-Names
Seighford,"Uncertain. Earlier suggestions of 'ford near a Roman site' are thought unlikely. An alternative, 'strife ford', ie., a place where a fight or battle occurred has been suggested.","cēast Old English - Strife, contention.; ford Old English - A ford.",Watts; Cambridge Dictionary of English Place-names; A.D. Mills; Dictionary of English Place-Names; The Vocabulary of English Place-Names; E. Ekwall; Dictionary of English Place-Names
Shareshill,"Uncertain. Possibly, 'cave hill' or 'Scearf's hill'. Alternatively, 'Scraef's shelf'.","hyll Old English - A hill, a natural eminence or elevated piece of ground.; Personal name (Old English) Old English - Personal name; scelf Old English - A shelf, a shelving terrain; a pinnacle, battlement.; scræf Old English - A cavern, a hole in the ground; a hovel, a hut.","Cameron; Dictionary of Lincolnshire Place-names; E. Ekwall; Dictionary of English Place-Names; A.D. Mills; Dictionary of English Place-Names; Oakden; The Place-Names of Staffordshire, vol. I; Watts; Cambridge Dictionary of English Place-names"
Sheen,'At the shelters'.,scēo Old English - A shelter.,Watts; Cambridge Dictionary of English Place-names; A.D. Mills; Dictionary of English Place-Names; E. Ekwall; Dictionary of English Place-Names
Shelfield,'hill with a plateau or shelf'.,"hyll Old English - A hill, a natural eminence or elevated piece of ground.; scelf Old English - A shelf, a shelving terrain; a pinnacle, battlement.",Watts; Cambridge Dictionary of English Place-names; A.D. Mills; Dictionary of English Place-Names
Shelton under Harley,Farm/settlement by a ridge'.,"Place-name Unknown - Place-name; scelf Old English - A shelf, a shelving terrain; a pinnacle, battlement.; tūn Old English - An enclosure; a farmstead; a village; an estate.; under Old English - Under, beneath, below.",
Shenstone,"Perhaps, 'beautiful stone'. Alternatively, 'Scene's stone'.","Personal name (Old English) Old English - Personal name; scēne Old English; stān Old English - A stone, stone, rock.",A.D. Mills; Dictionary of English Place-Names; Watts; Cambridge Dictionary of English Place-names; E. Ekwall; Dictionary of English Place-Names
Shredicote,The cottage on the piece of land cut off.,"cot Old English - A cottage, a hut, a shelter, a den.; scrēad Old English - A piece cut off; a detached piece of land.",
Shushions,The stone of Sceot.,"Personal name (Old English) Old English - Personal name; Scēot Old English - Masculine personal name.; stān Old English - A stone, stone, rock.",
Shushions,Apparently 'stone of a man called Sceot'.,"Personal name (Old English) Old English - Personal name; stān Old English - A stone, stone, rock.","A.D. Mills; Dictionary of English Place-Names; Watts; Cambridge Dictionary of English Place-names; Oakden; The Place-Names of Staffordshire, vol. I"
Silkmore,'Marshland with a small drain'.,"mōr Old English - A marsh, barren upland.; sēoluc Old English - A gulley, a small drain.","A.D. Mills; Dictionary of English Place-Names; Watts; Cambridge Dictionary of English Place-names; Oakden; The Place-Names of Staffordshire, vol. I"
Slindon,probably 'the hill with a slope'.,"dūn Old English - A hill.; slind Old English - A slope, the side of a hill.; slinu Old English - A slope.",Watts; Cambridge Dictionary of English Place-names; A.D. Mills; Dictionary of English Place-Names
Smethwick,'Smiths' workshop/dwelling'.,"smið Old English - A smith, a worker in metal.; wīc Old English - A dwelling; a building or collection of buildings for special purposes; a farm, a dairy farm; a trading or industrial settlement; or (in the plural) a hamlet, village.",A.D. Mills; Dictionary of English Place-Names; Watts; Cambridge Dictionary of English Place-names; E. Ekwall; Dictionary of English Place-Names
Somerford,The ford only usable in summer.,ford Old English - A ford.; sumor Old English - Summer.,
Stafford,'Landing-place ford'.,"ford Old English - A ford.; stæð Old English - A river-bank, shore; a landing-place.",Cameron; Dictionary of Lincolnshire Place-names; A.D. Mills; Dictionary of English Place-Names; E. Ekwall; Dictionary of English Place-Names; Watts; Cambridge Dictionary of English Place-names
Standeford,The stony ford.,"ford Old English - A ford.; stān Old English - A stone, stone, rock.",
Standeford Bridge,Named from Standeford. (See entry for Standeford.),"brycg Old English - A bridge; a causeway.; Standeford ",
Standon,"'Stone hill'. Some forms also point to OE tun, 'farm/settlement' as the second element.","dūn Old English - A hill.; stān Old English - A stone, stone, rock.",Watts; Cambridge Dictionary of English Place-names; E. Ekwall; Dictionary of English Place-Names; Cameron; Dictionary of Lincolnshire Place-names; A.D. Mills; Dictionary of English Place-Names
Stanley,'Stone wood/clearing'.,"lēah Old English - A forest, wood, glade, clearing; (later) a pasture, meadow.; stān Old English - A stone, stone, rock.",Watts; Cambridge Dictionary of English Place-names; A.D. Mills; Dictionary of English Place-Names; E. Ekwall; Dictionary of English Place-Names; Cameron; Dictionary of Lincolnshire Place-names
Stanshope,"'Stoney valley/remote place ', or possibly 'valley/remote place of a man named Stan'.","hop Old English - A valley; a remote enclosed space; a piece of enclosed land in a fen; an enclosure in marsh or moor.; Personal name (Old English) Old English - Personal name; stān Old English - A stone, stone, rock.",
Stanton,'Stone farm/settlement'.,"stān Old English - A stone, stone, rock.; tūn Old English - An enclosure; a farmstead; a village; an estate.",Watts; Cambridge Dictionary of English Place-names; A.D. Mills; Dictionary of English Place-Names
Stapenhill,'Steep hill'.,"hyll Old English - A hill, a natural eminence or elevated piece of ground.; stēap Old English - Steep, precipitous.",Watts; Cambridge Dictionary of English Place-names; A.D. Mills; Dictionary of English Place-Names; E. Ekwall; Dictionary of English Place-Names; Cameron; Place-names of Derbyshire
Stapenhill,'(place at) the steep hill'.,"hyll Old English - A hill, a natural eminence or elevated piece of ground.; stēap Old English - Steep, precipitous.",A.D. Mills; Dictionary of English Place-Names; Watts; Cambridge Dictionary of English Place-names
Statfold,'Stud-fold'.,"stōd-fald Old English - A stud-fold, a horse-enclosure.",E. Ekwall; Dictionary of English Place-Names; Watts; Cambridge Dictionary of English Place-names; A.D. Mills; Dictionary of English Place-Names
Stoke-by-Stone,Farm/settlement'. Later affixed with the settlements position by nearby village Stone.,"Place-name Unknown - Place-name; stoc Old English - A place, a secondary settlement.",
Stoke-upon-Trent,'Outlying farm/settlement' on the River Trent.,"River-name Unknown - River-name; stoc Old English - A place, a secondary settlement.",Watts; Cambridge Dictionary of English Place-names; E. Ekwall; Dictionary of English Place-Names; A.D. Mills; Dictionary of English Place-Names
Stone,'Stone'.,"stān Old English - A stone, stone, rock.",E. Ekwall; Dictionary of English Place-Names; A.D. Mills; Dictionary of English Place-Names; Watts; Cambridge Dictionary of English Place-names
Stonnall,'Stony nook of land'.,"halh Old English - A nook of land; a small valley; dry ground in marsh; a piece of land projecting from, or detached from, the main area of its administrative unit.; stān Old English - A stone, stone, rock.",E. Ekwall; Dictionary of English Place-Names; Cameron; Dictionary of Lincolnshire Place-names; Watts; Cambridge Dictionary of English Place-names; A.D. Mills; Dictionary of English Place-Names
Stourbridge,'Bridge over the River Stour'.,brycg Old English - A bridge; a causeway.; River-name Unknown - River-name,Gover et al.; Place-names of Worcestershire; A.D. Mills; Dictionary of English Place-Names; Watts; Cambridge Dictionary of English Place-names; E. Ekwall; Dictionary of English Place-Names
Stowe,'Place'.,stōw Old English - A place; a place of assembly; a holy place.,Watts; Cambridge Dictionary of English Place-names; E. Ekwall; Dictionary of English Place-Names; A.D. Mills; Dictionary of English Place-Names
Stramshall,'hill of a man called *Strangric'.,"hyll Old English - A hill, a natural eminence or elevated piece of ground.; Personal name (Old English) Old English - Personal name",A.D. Mills; Dictionary of English Place-Names; Watts; Cambridge Dictionary of English Place-names
Streethay,'Roman road enclosure'. It is on Ryknild Street.,"hæg Old English - A fence, an enclosure.; strēt Old English",A.D. Mills; Dictionary of English Place-Names; Watts; Cambridge Dictionary of English Place-names; E. Ekwall; Dictionary of English Place-Names
Stretton,The farmstead on the Roman road (Watling Street).,strēt Old English; tūn Old English - An enclosure; a farmstead; a village; an estate.,
Stretton,'Roman road farm/settlement'. It is on the Roman road from Stretton to Whitchurch.,"strāt Old English - A Roman road. (May be a form of ""stret"").; tūn Old English - An enclosure; a farmstead; a village; an estate.",E. Ekwall; Dictionary of English Place-Names; Watts; Cambridge Dictionary of English Place-names; A.D. Mills; Dictionary of English Place-Names
Stretton,'Roman road farm/settlement'. The road is Watling Street.,strēt Old English; tūn Old English - An enclosure; a farmstead; a village; an estate.,"A.D. Mills; Dictionary of English Place-Names; Oakden; The Place-Names of Staffordshire, vol. I; Watts; Cambridge Dictionary of English Place-names"
Stytchbrook,'(Place at) the steep brook'.,"brōc Old English - A brook, a stream.  (Used of a stream with a muddy bed and a visible sediment load.); sticel Old English - A steep place, a declivity.",
Sugnall,Probably 'hill frequented by sparrows'. Alternatively 'hill of a man called Sucga'. (Mills),"hyll Old English - A hill, a natural eminence or elevated piece of ground.; Personal name (Old English) Old English - Personal name; sucga Old English - A bird, possibly a sparrow.",A.D. Mills; Dictionary of English Place-Names; Watts; Cambridge Dictionary of English Place-names
Sutton,The south farmstead.,"sūð Old English - South, southern.; tūn Old English - An enclosure; a farmstead; a village; an estate.",
Swinfen and Packington,'Pig fen'. Usually explained as '*Pac(c)a's farm/settlement' or 'farm/settlement of *Pac(c)a's people'.,"-ingas Old English - The people of . . . ; the people called after . . .; fenn Old English - A fen, a marsh, marshland.; Personal name (Old English) Old English - Personal name; swīn Old English - A swine, a pig.; tūn Old English - An enclosure; a farmstead; a village; an estate.",A.D. Mills; Dictionary of English Place-Names; Watts; Cambridge Dictionary of English Place-names; E. Ekwall; Dictionary of English Place-Names
Swinscoe,'Pig wood'.,"skógr Old Norse - A wood.; svín Old Norse - A swine, a pig.; swīn Old English - A swine, a pig.",Watts; Cambridge Dictionary of English Place-names; Cameron; Dictionary of Lincolnshire Place-names; A.D. Mills; Dictionary of English Place-Names; E. Ekwall; Dictionary of English Place-Names
Swynchurch,Originally 'headland where pigs are kept'. Changed to 'church' in the 19th century.,"cirice Old English - A church.; hēafod Old English - A head; an end or source; headland in a field-system; a projecting piece of ground; a hill (often small).; swīn Old English - A swine, a pig.",
Swynnerton,"'Swine ford farm/settlement'. Other forms mught indicate alternative first elements of OE swille, 'dirty ford' or OE swan, 'herders' ford' or 'swan ford' and OE sumor, 'summer ford'.","ford Old English - A ford.; swīn Old English - A swine, a pig.; tūn Old English - An enclosure; a farmstead; a village; an estate.",Watts; Cambridge Dictionary of English Place-names; E. Ekwall; Dictionary of English Place-Names; A.D. Mills; Dictionary of English Place-Names
Syerscote,'Sigeric's cottages'.,"cot Old English - A cottage, a hut, a shelter, a den.; Personal name (Old English) Old English - Personal name",E. Ekwall; Dictionary of English Place-Names; Watts; Cambridge Dictionary of English Place-names; A.D. Mills; Dictionary of English Place-Names
Talke,"'The forehead, brow or gable end'. A Celtic name for the hill on which the village stands.",tal C,Watts; Cambridge Dictionary of English Place-names; A.D. Mills; Dictionary of English Place-Names
Tamhorn,"'River Tame's horn', ie., a horn-shaped bend in the river.","horn Old English - A horn; something shaped like a horn; a hornlike projection on a building; a projecting piece of land, esp. formed in a river-bend; a projecting headland; a horn-shaped hill.; River-name Unknown - River-name",Watts; Cambridge Dictionary of English Place-names; A.D. Mills; Dictionary of English Place-Names; E. Ekwall; Dictionary of English Place-Names
Tatenhill,'Tata's hill'.,"hyll Old English - A hill, a natural eminence or elevated piece of ground.; Personal name (Old English) Old English - Personal name",E. Ekwall; Dictionary of English Place-Names; Watts; Cambridge Dictionary of English Place-names; Cameron; Dictionary of Lincolnshire Place-names; A.D. Mills; Dictionary of English Place-Names
Tean,Named after the river Tean.,River-name Unknown - River-name,A.D. Mills; Dictionary of English Place-Names; E. Ekwall; Dictionary of English Place-Names; Watts; Cambridge Dictionary of English Place-names
Teddesley Hay,'Tydi's wood/clearing' and 'enclosure'.,"hæg Old English - A fence, an enclosure.; lēah Old English - A forest, wood, glade, clearing; (later) a pasture, meadow.; Personal name (Old English) Old English - Personal name",A.D. Mills; Dictionary of English Place-Names; Watts; Cambridge Dictionary of English Place-names; E. Ekwall; Dictionary of English Place-Names
Tettenhall,'Teotta's nook of land'.,"halh Old English - A nook of land; a small valley; dry ground in marsh; a piece of land projecting from, or detached from, the main area of its administrative unit.; Personal name (Old English) Old English - Personal name",Cameron; Dictionary of Lincolnshire Place-names; Watts; Cambridge Dictionary of English Place-names; A.D. Mills; Dictionary of English Place-Names; E. Ekwall; Dictionary of English Place-Names
The Hattons,The farmstead on the heath.,hǣð Old English - Heather; a tract of uncultivated land.; tūn Old English - An enclosure; a farmstead; a village; an estate.,
The Rudge,'(Place at) the ridge'.,hrycg Old English - A ridge.,
Thorpe Constantine,'Outlying farm/settlement'. Galfrid de Costentin held a fee in Thorpe in the 13th century.,"Family name Unknown - Family name.; þorp Old Norse - A secondary settlement, a dependent outlying farmstead or hamlet.","G. Fellows Jensen, Scandinavian Settlement-Names in the East Midlands (Copenhagen, 1978); E. Ekwall; Dictionary of English Place-Names; A.D. Mills; Dictionary of English Place-Names; Watts; Cambridge Dictionary of English Place-names"
Thursfield,'Field of a man named Þorvaldr'.,"feld Old English - Open country, unencumbered ground (eg. land without trees as opposed to forest, level ground as opposed to hills, land without buildings); arable land (from late tenth century).; Personal name (Old Norse) Old Norse - Personal name",
Tillington,"'Farm/settlement of Titel's people' or perhaps, more likely is, 'farm/settlement connected with Titel'.","-ing- Old English - Connective particle, linking a first element to a final element.; -ingas Old English - The people of . . . ; the people called after . . .; Personal name (Old English) Old English - Personal name; tūn Old English - An enclosure; a farmstead; a village; an estate.",Watts; Cambridge Dictionary of English Place-names; A.D. Mills; Dictionary of English Place-Names; E. Ekwall; Dictionary of English Place-Names
Tipton,'Farm/settlement connected with Tibba' or 'Tibba's farm/settlement'.,"-ing- Old English - Connective particle, linking a first element to a final element.; Personal name (Old English) Old English - Personal name; tūn Old English - An enclosure; a farmstead; a village; an estate.",A.D. Mills; Dictionary of English Place-Names; E. Ekwall; Dictionary of English Place-Names; Watts; Cambridge Dictionary of English Place-names
Tittensor,'*Titten's ridge'.,"ōfer Old English - A margin; a river-bank, sea-shore.; Personal name (Old English) Old English - Personal name",Watts; Cambridge Dictionary of English Place-names; A.D. Mills; Dictionary of English Place-Names
Tittesworth,'Tetti's enclosure'. The earliest dam here (1858) was constructed primarily to control the flow of the River Churnet for Leek's textile mills. The site of the village was drowned with the creation of a reservoir in the mid-20th century.,Personal name (Old English) Old English - Personal name; worð Old English - An enclosure.,Watts; Cambridge Dictionary of English Place-names; E. Ekwall; Dictionary of English Place-Names; A.D. Mills; Dictionary of English Place-Names
Tixall,'Young goats' nook of land'.,"halh Old English - A nook of land; a small valley; dry ground in marsh; a piece of land projecting from, or detached from, the main area of its administrative unit.; ticcen Old English - A kid, a young goat.",A.D. Mills; Dictionary of English Place-Names; Watts; Cambridge Dictionary of English Place-names; E. Ekwall; Dictionary of English Place-Names; Cameron; Dictionary of Lincolnshire Place-names
Trentham,'River Trent homestead/village' or 'River Trent hemmed-in land'.,"hām Old English - A village, a village community, a manor, an estate, a homestead.; hamm Old English - Land hemmed in by water or marsh (perhaps also by high ground); a river-meadow; cultivated plot on the edge of woodland or moor.; River-name Unknown - River-name",E. Ekwall; Dictionary of English Place-Names; Watts; Cambridge Dictionary of English Place-names; A.D. Mills; Dictionary of English Place-Names
Trescott,'River Tresel cottages'.,"cot Old English - A cottage, a hut, a shelter, a den.; River-name Unknown - River-name",Watts; Cambridge Dictionary of English Place-names; A.D. Mills; Dictionary of English Place-Names
Trysull and Seisdon,Named after the River Trysull. 'Saxons' wooded hill' or '*Seax's wooded hill'.,dūn Old English - A hill.; River-name Unknown - River-name; Seaxe Old English - The Saxons; usually denoting isolated settlements of Saxons among other tribes.,"E. Ekwall; Dictionary of English Place-Names; Watts; Cambridge Dictionary of English Place-names; A.D. Mills; Dictionary of English Place-Names; Coates and Breeze, Celtic Voices English Places"
Tunstall,'Farmstead'.,"tūn-stall Old English - The site of a farm, a farmstead.",A.D. Mills; Dictionary of English Place-Names; Watts; Cambridge Dictionary of English Place-names
Tutbury,"'Tutta's fortification' or perhaps, 'Stut's fortification'.",burh Old English - A fortified place.; Personal name (Old English) Old English - Personal name,E. Ekwall; Dictionary of English Place-Names; Watts; Cambridge Dictionary of English Place-names; A.D. Mills; Dictionary of English Place-Names
Tyrley,'River Tern wood/clearing'.,"lēah Old English - A forest, wood, glade, clearing; (later) a pasture, meadow.; River-name Unknown - River-name",Watts; Cambridge Dictionary of English Place-names; E. Ekwall; Dictionary of English Place-Names; A.D. Mills; Dictionary of English Place-Names
Upper Penn,'Hill'. 'Upper' to distinguish from Lower Penn.,penn C,E. Ekwall; Dictionary of English Place-Names; Watts; Cambridge Dictionary of English Place-names; A.D. Mills; Dictionary of English Place-Names
Uttoxeter,"Uncertain. Probably, 'Wuttuc's heath' but perhaps, 'Wuttuc's house on the heath'.","ærn Old English - A building, a house.  In place-names often a building used for a specific purpose.; hǣddre Old English - Heather.; Personal name (Old English) Old English - Personal name",E. Ekwall; Dictionary of English Place-Names; A.D. Mills; Dictionary of English Place-Names; Watts; Cambridge Dictionary of English Place-names
Wall,"'Wall'. This was the Romano-British town of Letocetum, 'grey wood', from Celtic *leto and *ced. cf. Lichfield, Staffordshire.",wall Old English,Watts; Cambridge Dictionary of English Place-names; E. Ekwall; Dictionary of English Place-Names; A.D. Mills; Dictionary of English Place-Names
Walsall,'Walh's nook of land' or 'Britons' nook of land''.,"halh Old English - A nook of land; a small valley; dry ground in marsh; a piece of land projecting from, or detached from, the main area of its administrative unit.; Personal name (Old English) Old English - Personal name; walh Old English",E. Ekwall; Dictionary of English Place-Names; Watts; Cambridge Dictionary of English Place-names; A.D. Mills; Dictionary of English Place-Names; Cameron; Dictionary of Lincolnshire Place-names
Walton,Farm/settlement of the Britons'.,tūn Old English - An enclosure; a farmstead; a village; an estate.; walh Old English,
Walton Grange,PERHAPS: Farmstead in woodland.,tūn Old English - An enclosure; a farmstead; a village; an estate.; wald Old English; wall Old English,
Walton Grange,Perhaps 'woodland farmstead' or 'farmstead with or by a wall'.,tūn Old English - An enclosure; a farmstead; a village; an estate.; wald Old English; wall Old English,"Oakden; The Place-Names of Staffordshire, vol. I; A.D. Mills; Dictionary of English Place-Names; Watts; Cambridge Dictionary of English Place-names"
Walton on the Hill,Farm/settlement of the Britons'.,"hyll Old English - A hill, a natural eminence or elevated piece of ground.; tūn Old English - An enclosure; a farmstead; a village; an estate.; walh Old English",
Walton Stone,Farm/settlement of the Britons'. The affix refers to the nearby village Stone.,Place-name Unknown - Place-name; tūn Old English - An enclosure; a farmstead; a village; an estate.; walh Old English,
Walton upon Trent,'Welsh farm/settlement on the River Trent'.,River-name Unknown - River-name; tūn Old English - An enclosure; a farmstead; a village; an estate.; walh Old English,Watts; Cambridge Dictionary of English Place-names; A.D. Mills; Dictionary of English Place-Names; E. Ekwall; Dictionary of English Place-Names; Cameron; Place-names of Derbyshire
Warley Wigworn,"Probably, 'cattle wood/clearing'.","lēah Old English - A forest, wood, glade, clearing; (later) a pasture, meadow.; weorf Old English - A beast of burden; cattle.",A.D. Mills; Dictionary of English Place-Names; Watts; Cambridge Dictionary of English Place-names; E. Ekwall; Dictionary of English Place-Names; Gover et al.; Place-names of Worcestershire
Warslow and Elkstones,Possibly 'watch-tower burial-mound/hill'. There is a prehistoric barrow nearby. 'Ealac's hill'.,"dūn Old English - A hill.; hlāw Old English - A tumulus; a hill.; Personal name (Old English) Old English - Personal name; weard-setl Old English - A guard-house, a watch house.",Watts; Cambridge Dictionary of English Place-names; A.D. Mills; Dictionary of English Place-Names; E. Ekwall; Dictionary of English Place-Names
Warstone,The grey or boundary stone(s).,"hār Old English - Grey, hoar, especially grey through being overgrown with lichen.; stān Old English - A stone, stone, rock.",
Warton,"Farmstead near swampy ground, or at a waving tree.","tūn Old English - An enclosure; a farmstead; a village; an estate.; wæfre Old English - Unstable, restless, wandering.",
Water Eaton,The farmstead by the river.,"ēa Old English - A river.; tūn Old English - An enclosure; a farmstead; a village; an estate.; wæter Old English - Water, a river, a lake.",
Water Eaton,'Farmstead by the river'; the affix 'water' was added later.,"ēa Old English - A river.; tūn Old English - An enclosure; a farmstead; a village; an estate.; wæter Old English - Water, a river, a lake.","E. Ekwall; Dictionary of English Place-Names; Watts; Cambridge Dictionary of English Place-names; A.D. Mills; Dictionary of English Place-Names; Oakden; The Place-Names of Staffordshire, vol. I"
Waterfall,"'Waterfall', refering to where the River Hamps disappears into the limestone bedrock.","wæter-fall Old English - A waterfall, a cascade, a rapid; a place where a stream disappears underground.",E. Ekwall; Dictionary of English Place-Names; A.D. Mills; Dictionary of English Place-Names; Watts; Cambridge Dictionary of English Place-names
Wednesbury,'Woden's fortification'.,"burh Old English - A fortified place.; Wōden Old English - A heathen Germanic god, corresponding to Othinn and nicknamed Grim.",Watts; Cambridge Dictionary of English Place-names; The Vocabulary of English Place-Names; E. Ekwall; Dictionary of English Place-Names; A.D. Mills; Dictionary of English Place-Names
Wednesfield,'Woden's open land'.,"feld Old English - Open country, unencumbered ground (eg. land without trees as opposed to forest, level ground as opposed to hills, land without buildings); arable land (from late tenth century).; Wōden Old English - A heathen Germanic god, corresponding to Othinn and nicknamed Grim.",Cameron; Dictionary of Lincolnshire Place-names; A.D. Mills; Dictionary of English Place-Names; E. Ekwall; Dictionary of English Place-Names; Watts; Cambridge Dictionary of English Place-names
Weeford,'Holy ford'.,ford Old English - A ford.; wēoh Old English - Holy.,Watts; Cambridge Dictionary of English Place-names; E. Ekwall; Dictionary of English Place-Names; Cameron; Dictionary of Lincolnshire Place-names; A.D. Mills; Dictionary of English Place-Names
West Bromwich,'Broom specialised-farm'.,"brōm Old English - Broom; a thorny bush or shrub.; wīc Old English - A dwelling; a building or collection of buildings for special purposes; a farm, a dairy farm; a trading or industrial settlement; or (in the plural) a hamlet, village.",A.D. Mills; Dictionary of English Place-Names; E. Ekwall; Dictionary of English Place-Names; The Vocabulary of English Place-Names; Watts; Cambridge Dictionary of English Place-names
Weston Coyney,The west farm/settlement'. The affix refers to the nearby village Coyney.,"Family name Unknown - Family name.; tūn Old English - An enclosure; a farmstead; a village; an estate.; west Old English - Western, west.",
Weston Jones,The western farmstead. Affix from the name of an early owner.,"Family name Unknown - Family name.; Jones ; tūn Old English - An enclosure; a farmstead; a village; an estate.; west Old English - Western, west.",
Weston Jones,'West farm/settlement'. 'John' was apparently an early owner.,"Personal name (Uncertain) Unknown - Personal name; tūn Old English - An enclosure; a farmstead; a village; an estate.; west Old English - Western, west.",E. Ekwall; Dictionary of English Place-Names; A.D. Mills; Dictionary of English Place-Names; Watts; Cambridge Dictionary of English Place-names
Weston Standon,The west farm/settlement'. The affix refers to the nearby village Standon.,"Place-name Unknown - Place-name; tūn Old English - An enclosure; a farmstead; a village; an estate.; west Old English - Western, west.",
Weston under Lizard,"'West farm/settlement'. The parish is overlooked by Lizard Hill, Shropshire.","Place-name Unknown - Place-name; tūn Old English - An enclosure; a farmstead; a village; an estate.; west Old English - Western, west.","Coates and Breeze, Celtic Voices English Places; E. Ekwall; Dictionary of English Place-Names; Watts; Cambridge Dictionary of English Place-names; A.D. Mills; Dictionary of English Place-Names; Oakden; The Place-Names of Staffordshire, vol. I"
Weston-upon-Trent,'West farm/settlement' on the River Trent.,"River-name Unknown - River-name; tūn Old English - An enclosure; a farmstead; a village; an estate.; west Old English - Western, west.",Watts; Cambridge Dictionary of English Place-names; A.D. Mills; Dictionary of English Place-Names; E. Ekwall; Dictionary of English Place-Names
Wetmore,"Possibly 'white pool', or alternatively 'pool by a river bend'.","hwīt Old English - White; in early Modern English sometimes ""infertile"" in contrast with black, ""fertile"".; mere Old English - A pond, a pool, a lake.; wiht Old English - A bend.",
Wetton,'Wet hill'.,"dūn Old English - A hill.; wēt Old English - Wet, damp.",E. Ekwall; Dictionary of English Place-Names; A.D. Mills; Dictionary of English Place-Names; Watts; Cambridge Dictionary of English Place-names
Wheaton Aston,"The farmstead to the east, where wheat grows.","ēast Old English - Eastern, east.; hwǣten Old English - Wheaten, growing with wheat.; tūn Old English - An enclosure; a farmstead; a village; an estate.",
Whiston,Witi's farmstead.,Personal name (Old English) Old English - Personal name; tūn Old English - An enclosure; a farmstead; a village; an estate.; Witi Old English - Masculine personal name.,
Whiston,'Farmstead of a man called Witi'.,Personal name (Old English) Old English - Personal name; tūn Old English - An enclosure; a farmstead; a village; an estate.,"A.D. Mills; Dictionary of English Place-Names; Watts; Cambridge Dictionary of English Place-names; Oakden; The Place-Names of Staffordshire, vol. I"
Whitgreave,'White grove'.,"grǣfe Old English - A grove, a copse, a thicket.; hwīt Old English - White; in early Modern English sometimes ""infertile"" in contrast with black, ""fertile"".",Watts; Cambridge Dictionary of English Place-names; A.D. Mills; Dictionary of English Place-Names; E. Ekwall; Dictionary of English Place-Names
Whitmore,'White moor'.,"hwīt Old English - White; in early Modern English sometimes ""infertile"" in contrast with black, ""fertile"".; mōr Old English - A marsh, barren upland.",Cameron; Dictionary of Lincolnshire Place-names; E. Ekwall; Dictionary of English Place-Names; Watts; Cambridge Dictionary of English Place-names; A.D. Mills; Dictionary of English Place-Names
Whittington,'Farm/settlement connected with Hwita'.,"-ingtūn Old English - A settlement called after, or connected with . . .; Personal name (Old English) Old English - Personal name",A.D. Mills; Dictionary of English Place-Names; Watts; Cambridge Dictionary of English Place-names; E. Ekwall; Dictionary of English Place-Names
Wigginton,'Wicga's farm/settlement'.,Personal name (Old English) Old English - Personal name; tūn Old English - An enclosure; a farmstead; a village; an estate.,Watts; Cambridge Dictionary of English Place-names; A.D. Mills; Dictionary of English Place-Names; E. Ekwall; Dictionary of English Place-Names
Wightwick,Farmstead of a man named Wihta'.,"Personal name (Old English) Old English - Personal name; wīc Old English - A dwelling; a building or collection of buildings for special purposes; a farm, a dairy farm; a trading or industrial settlement; or (in the plural) a hamlet, village.",
Wilbrighton,The farmstead of Wilbeorht.,Personal name (Old English) Old English - Personal name; tūn Old English - An enclosure; a farmstead; a village; an estate.; Wilbeorht Old English - Masculine personal name.,
Wilbrighton,'Farmstead of a man called Wilbeorht'.,Personal name (Old English) Old English - Personal name; tūn Old English - An enclosure; a farmstead; a village; an estate.,"A.D. Mills; Dictionary of English Place-Names; Oakden; The Place-Names of Staffordshire, vol. I; Watts; Cambridge Dictionary of English Place-names"
Willenhall,"'Willa's nook of land' or possibly, 'nook of land growing with willows'.","halh Old English - A nook of land; a small valley; dry ground in marsh; a piece of land projecting from, or detached from, the main area of its administrative unit.; Personal name (Old English) Old English - Personal name; wiligen Old English - Growing with willows.",E. Ekwall; Dictionary of English Place-Names; Watts; Cambridge Dictionary of English Place-names; A.D. Mills; Dictionary of English Place-Names; Cameron; Dictionary of Lincolnshire Place-names
Winnington,Farm/settlement of Wynna's people'.,"-ing- Old English - Connective particle, linking a first element to a final element.; Personal name (Old English) Old English - Personal name; tūn Old English - An enclosure; a farmstead; a village; an estate.",
Winshill,'Wine's hill'.,"hyll Old English - A hill, a natural eminence or elevated piece of ground.; Personal name (Old English) Old English - Personal name",Watts; Cambridge Dictionary of English Place-names; E. Ekwall; Dictionary of English Place-Names; A.D. Mills; Dictionary of English Place-Names; Cameron; Place-names of Derbyshire
Winshill,'Hill of a man called Wine or Wini'.,"hyll Old English - A hill, a natural eminence or elevated piece of ground.; Personal name (Old English) Old English - Personal name",A.D. Mills; Dictionary of English Place-Names; Watts; Cambridge Dictionary of English Place-names
Wolgarston,Wulfgar's farmstead.,Personal name (Old English) Old English - Personal name; tūn Old English - An enclosure; a farmstead; a village; an estate.; Wulfgār Old English - Masculine personal name.,
Wolgarston,'Farmstead of a man called Wulfgar'.,Personal name (Old English) Old English - Personal name; tūn Old English - An enclosure; a farmstead; a village; an estate.,"Oakden; The Place-Names of Staffordshire, vol. I; A.D. Mills; Dictionary of English Place-Names; Watts; Cambridge Dictionary of English Place-names"
Wolseley,Woodland clearing of a man called Wulfsige'.,"lēah Old English - A forest, wood, glade, clearing; (later) a pasture, meadow.; Personal name (Old English) Old English - Personal name",
Wolstanton,'Wulfstan's farm/settlement'.,Personal name (Old English) Old English - Personal name; tūn Old English - An enclosure; a farmstead; a village; an estate.,E. Ekwall; Dictionary of English Place-Names; Watts; Cambridge Dictionary of English Place-names; A.D. Mills; Dictionary of English Place-Names
Wolverhampton,"Originally, 'high farm/settlement'. Later, the feminine personal name Wulfrun was affixed when the manor was granted to this lady in 985 by King Aethelred. In 966 she gave it and other estates to endow a monastery she was founding in Wolverhampton.","hēah Old English - A high place, a height.; Personal name (Old English) Old English - Personal name; tūn Old English - An enclosure; a farmstead; a village; an estate.",A.D. Mills; Dictionary of English Place-Names; E. Ekwall; Dictionary of English Place-Names; Watts; Cambridge Dictionary of English Place-names
Wombourn,"Perhaps, 'crooked stream'. Alternatively, 'womb stream', where the first element had some topographical application, probably in a transferred sense of 'hollow'.","burna Old English - A stream.; wamb Old English - A womb, a belly; topographically a hollow.; wōh Old English - Twisted, crooked.","The Vocabulary of English Place-Names; Cameron; Dictionary of Lincolnshire Place-names; M. Gelling, The Place-Names of Shropshire, EPNS; E. Ekwall; Dictionary of English Place-Names; Watts; Cambridge Dictionary of English Place-names; A.D. Mills; Dictionary of English Place-Names"
Woodford Grange,'Wood ford'.,"ford Old English - A ford.; grange Middle English - A grange; originally a granary, a barn; later a farm; also an outlying farm belonging to a religious house or a feudal lord, where crops were stored.; wudu Old English - A wood; or wood, timber.",E. Ekwall; Dictionary of English Place-Names; Watts; Cambridge Dictionary of English Place-names; A.D. Mills; Dictionary of English Place-Names
Woollaston,Wulflaf's farmstead.,Personal name (Old English) Old English - Personal name; tūn Old English - An enclosure; a farmstead; a village; an estate.; Wulflāf Old English - Personal name.,
Woollaston,'Farmstead of a man called Wulflaf'.,Personal name (Old English) Old English - Personal name; tūn Old English - An enclosure; a farmstead; a village; an estate.,"Oakden; The Place-Names of Staffordshire, vol. I; A.D. Mills; Dictionary of English Place-Names; Watts; Cambridge Dictionary of English Place-names"
Wootton,'farmstead in or near a wood'.,"tūn Old English - An enclosure; a farmstead; a village; an estate.; wudu Old English - A wood; or wood, timber.",A.D. Mills; Dictionary of English Place-Names; Watts; Cambridge Dictionary of English Place-names
Wootton,'Wood farm/settlement'.,"tūn Old English - An enclosure; a farmstead; a village; an estate.; wudu Old English - A wood; or wood, timber.",A.D. Mills; Dictionary of English Place-Names; E. Ekwall; Dictionary of English Place-Names; Watts; Cambridge Dictionary of English Place-names
Wootton-under-Weaver,Possibly 'Farm/settlement in/by a wood'.,"Place-name Unknown - Place-name; tūn Old English - An enclosure; a farmstead; a village; an estate.; under Old English - Under, beneath, below.; wudu Old English - A wood; or wood, timber.",
Worston,'Wigferth's farm/settlement'.,Personal name (Old English) Old English - Personal name; tūn Old English - An enclosure; a farmstead; a village; an estate.,E. Ekwall; Dictionary of English Place-Names; Watts; Cambridge Dictionary of English Place-names; A.D. Mills; Dictionary of English Place-Names
Wrottesley,Woodland clearing of a man called Wrott'.,"lēah Old English - A forest, wood, glade, clearing; (later) a pasture, meadow.; Personal name (Old English) Old English - Personal name",
Wychnor,"Perhaps, 'Hwicces' ridge'. Hwicce is an early Anglo-Saxon folk-name.","Hwicce Old English - A tribe which settled mostly in Gloucestershire and Worcestershire.; ofer Old English - The tip of a promontory, a flat-topped ridge.",E. Ekwall; Dictionary of English Place-Names; Cameron; Dictionary of Lincolnshire Place-names; Watts; Cambridge Dictionary of English Place-names; A.D. Mills; Dictionary of English Place-Names
Yarlet,"Uncertain. 'Gravel slope' or perhaps, 'eagle slope'.","ēar Old English - Gravel, mud, earth.; earn Old English - An eagle.; hlid Old English - A slope.",E. Ekwall; Dictionary of English Place-Names; Watts; Cambridge Dictionary of English Place-names; A.D. Mills; Dictionary of English Place-Names
Yoxall,"'Yoke nook of land', although the exact sense of 'yoke' in place-names is uncertain.","geoc Old English - A yoke, a wooden device for coupling two oxen together for drawing a plough; a pair of oxen yoked together; a measure of land, a small estate or manor; something resembling a yoke.; halh Old English - A nook of land; a small valley; dry ground in marsh; a piece of land projecting from, or detached from, the main area of its administrative unit.",Watts; Cambridge Dictionary of English Place-names; A.D. Mills; Dictionary of English Place-Names; Cameron; Dictionary of Lincolnshire Place-names; E. Ekwall; Dictionary of English Place-Names
