PlaceName,Etymology,Derivation,ReferenceTitle
Admington,'Farm/settlement connected with Athelhelm'.,"-ingtūn Old English - A settlement called after, or connected with . . .; Personal name (Old English) Old English - Personal name",Smith; Place-names of Gloucestershire; Watts; Cambridge Dictionary of English Place-names; A.D. Mills; Dictionary of English Place-Names; E. Ekwall; Dictionary of English Place-Names
Alcester,'River Alne Roman site'.,ceaster Old English - A city; an old fortification; a Roman site.; River-name Unknown - River-name,Watts; Cambridge Dictionary of English Place-names; A.D. Mills; Dictionary of English Place-Names; Gover et al.; Place-names of Warwickshire; E. Ekwall; Dictionary of English Place-Names
Alderminster,'Chief's farm/settlement'.,aldormann Old English; tūn Old English - An enclosure; a farmstead; a village; an estate.,Gover et al.; Place-names of Worcestershire; Watts; Cambridge Dictionary of English Place-names; E. Ekwall; Dictionary of English Place-Names; A.D. Mills; Dictionary of English Place-Names
Allesley,'Aelle's wood/clearing'.,"lēah Old English - A forest, wood, glade, clearing; (later) a pasture, meadow.; Personal name (Old English) Old English - Personal name",Gover et al.; Place-names of Warwickshire; E. Ekwall; Dictionary of English Place-Names; Watts; Cambridge Dictionary of English Place-names; A.D. Mills; Dictionary of English Place-Names
Alveston,'Eanwulf's farm/settlement'.,Personal name (Old English) Old English - Personal name; tūn Old English - An enclosure; a farmstead; a village; an estate.,A.D. Mills; Dictionary of English Place-Names; Gover et al.; Place-names of Warwickshire; Watts; Cambridge Dictionary of English Place-names; E. Ekwall; Dictionary of English Place-Names
Amington and Stonydelph,'Farm/settlement connected with Earma'.,"-ingtūn Old English - A settlement called after, or connected with . . .; delf Old English - A digging, a trench, a pit, a quarry.; Personal name (Old English) Old English - Personal name; stān Old English - A stone, stone, rock.",A.D. Mills; Dictionary of English Place-Names; Gover et al.; Place-names of Warwickshire; E. Ekwall; Dictionary of English Place-Names; Watts; Cambridge Dictionary of English Place-names
Ansley,'Hermitage wood/clearing'.,"ān-setl Old English - A hermitage.; lēah Old English - A forest, wood, glade, clearing; (later) a pasture, meadow.",E. Ekwall; Dictionary of English Place-Names; Watts; Cambridge Dictionary of English Place-names; A.D. Mills; Dictionary of English Place-Names; Gover et al.; Place-names of Warwickshire
Ansty,"Probably, 'steep, narrow footpath', but the exact form and meaning of the term remains unclear.","ān-stiga Old English - A short ascending road, usually forking at either end.",E. Ekwall; Dictionary of English Place-Names; Watts; Cambridge Dictionary of English Place-names; Gover et al.; Place-names of Warwickshire; A.D. Mills; Dictionary of English Place-Names
Arley,'Eagle wood/clearing'.,"earn Old English - An eagle.; lēah Old English - A forest, wood, glade, clearing; (later) a pasture, meadow.",Watts; Cambridge Dictionary of English Place-names; Gover et al.; Place-names of Warwickshire; E. Ekwall; Dictionary of English Place-Names; A.D. Mills; Dictionary of English Place-Names
Arrow,Named from the River Arrow.,River-name Unknown - River-name,A.D. Mills; Dictionary of English Place-Names; E. Ekwall; Dictionary of English Place-Names; Watts; Cambridge Dictionary of English Place-names; Gover et al.; Place-names of Warwickshire
Ashow,'Ash-tree hill-spur' or perhaps. 'Aesc's hill-spur'.,æsc Old English; hōh Old English - A heel; a sharply projecting piece of ground.; Personal name (Old English) Old English - Personal name,Gover et al.; Place-names of Warwickshire; A.D. Mills; Dictionary of English Place-Names; Watts; Cambridge Dictionary of English Place-names; E. Ekwall; Dictionary of English Place-Names
Astley,'East wood/clearing'.,"ēast Old English - Eastern, east.; wudu Old English - A wood; or wood, timber.",E. Ekwall; Dictionary of English Place-Names; Gover et al.; Place-names of Warwickshire; A.D. Mills; Dictionary of English Place-Names; Watts; Cambridge Dictionary of English Place-names
Aston,'East farm/settlement'.,"ēast Old English - Eastern, east.; tūn Old English - An enclosure; a farmstead; a village; an estate.",E. Ekwall; Dictionary of English Place-Names; A.D. Mills; Dictionary of English Place-Names; Gover et al.; Place-names of Warwickshire; Watts; Cambridge Dictionary of English Place-names
Aston Cantlow,'Eastern farm/settlement'. John de Cantilupe obtained the manor in 1205.,"ēast Old English - Eastern, east.; Family name Unknown - Family name.; tūn Old English - An enclosure; a farmstead; a village; an estate.",A.D. Mills; Dictionary of English Place-Names; E. Ekwall; Dictionary of English Place-Names; Watts; Cambridge Dictionary of English Place-names; Gover et al.; Place-names of Warwickshire
Atherstone,'Aethelred's farm/settlement'.,Personal name (Old English) Old English - Personal name; tūn Old English - An enclosure; a farmstead; a village; an estate.,E. Ekwall; Dictionary of English Place-Names; A.D. Mills; Dictionary of English Place-Names; Watts; Cambridge Dictionary of English Place-names; Gover et al.; Place-names of Warwickshire
Atherstone on Stour,'Eadric's farm/settlement' on the River Stour.,Personal name (Old English) Old English - Personal name; River-name Unknown - River-name; tūn Old English - An enclosure; a farmstead; a village; an estate.,Watts; Cambridge Dictionary of English Place-names; A.D. Mills; Dictionary of English Place-Names; Gover et al.; Place-names of Warwickshire; E. Ekwall; Dictionary of English Place-Names
Austrey,'Ealdwulf's tree'.,"Personal name (Old English) Old English - Personal name; trēow Old English - A tree; a large piece of wood, a post, a beam.",Gover et al.; Place-names of Warwickshire; A.D. Mills; Dictionary of English Place-Names; E. Ekwall; Dictionary of English Place-Names; Watts; Cambridge Dictionary of English Place-names
Avon Dassett,"Uncertain. Perhaps, 'oak-tree wood'. 'Avon' possibly from the name of the stream here.",cē¸d C; dervā C; River-name Unknown - River-name,Gover et al.; Place-names of Warwickshire; Watts; Cambridge Dictionary of English Place-names; E. Ekwall; Dictionary of English Place-Names; A.D. Mills; Dictionary of English Place-Names
Baddesley Clinton,'Baed(d)i's wood/clearing'. The Clinton family held land here from 1200.,"Family name Unknown - Family name.; lēah Old English - A forest, wood, glade, clearing; (later) a pasture, meadow.; Personal name (Old English) Old English - Personal name",E. Ekwall; Dictionary of English Place-Names; Watts; Cambridge Dictionary of English Place-names; Gover et al.; Place-names of Warwickshire; A.D. Mills; Dictionary of English Place-Names
Baddesly Ensor,"'Baed(d)i's wood/clearing'. In 1260, the land passed by marriage to Thomas de Edneshoure.","Family name Unknown - Family name.; lēah Old English - A forest, wood, glade, clearing; (later) a pasture, meadow.; Personal name (Old English) Old English - Personal name",E. Ekwall; Dictionary of English Place-Names; A.D. Mills; Dictionary of English Place-Names; Watts; Cambridge Dictionary of English Place-names; Gover et al.; Place-names of Warwickshire
Baginton,'Farm/settlement connected with Badeca' or 'Badeca's farm/settlement'.,"-ing- Old English - Connective particle, linking a first element to a final element.; Personal name (Old English) Old English - Personal name; tūn Old English - An enclosure; a farmstead; a village; an estate.",A.D. Mills; Dictionary of English Place-Names; Watts; Cambridge Dictionary of English Place-names; E. Ekwall; Dictionary of English Place-Names; Gover et al.; Place-names of Warwickshire
Balsall,'*Baell(i)'s nook of land'.,"halh Old English - A nook of land; a small valley; dry ground in marsh; a piece of land projecting from, or detached from, the main area of its administrative unit.; Personal name (Old English) Old English - Personal name",Watts; Cambridge Dictionary of English Place-names; E. Ekwall; Dictionary of English Place-Names; A.D. Mills; Dictionary of English Place-Names; Gover et al.; Place-names of Warwickshire
Barcheston,'Beaduric's farm/settlement'. Very little is known of this hundred and no mention is made of it after DB. It was superceded by the ship soke of Kineton (see entry) in the 12th century.,hundred Old English - One hundred; an administrative division of a county.; Personal name (Old English) Old English - Personal name; tūn Old English - An enclosure; a farmstead; a village; an estate.,E. Ekwall; Dictionary of English Place-Names; Gover et al.; Place-names of Warwickshire; Watts; Cambridge Dictionary of English Place-names; Anderson (unspecified work); A.D. Mills; Dictionary of English Place-Names
Barford,'Barley ford'.,bere Old English - Barley.; ford Old English - A ford.,Gover et al.; Place-names of Warwickshire; Watts; Cambridge Dictionary of English Place-names; E. Ekwall; Dictionary of English Place-Names; A.D. Mills; Dictionary of English Place-Names
Barston,'Beorhtstan's farm/settlement'.,Personal name (Old English) Old English - Personal name; tūn Old English - An enclosure; a farmstead; a village; an estate.,Watts; Cambridge Dictionary of English Place-names; E. Ekwall; Dictionary of English Place-Names; A.D. Mills; Dictionary of English Place-Names; Gover et al.; Place-names of Warwickshire
Barton on the Heath,'Barley farm/settlement' on the heath.,"bere-tūn Old English - A barley enclosure, a barley farm; later a demesne farm, an outlying grange.",Gover et al.; Place-names of Warwickshire; A.D. Mills; Dictionary of English Place-Names; E. Ekwall; Dictionary of English Place-Names; Watts; Cambridge Dictionary of English Place-names
Baxterley,'Baker's wood/clearing'.,"bæcestre Old English - A baker (male or female).  Occurs mainly in street-names.  Also used as a ME surname, which may be the immediate source in some place-names.; lēah Old English - A forest, wood, glade, clearing; (later) a pasture, meadow.",E. Ekwall; Dictionary of English Place-Names; A.D. Mills; Dictionary of English Place-Names; Watts; Cambridge Dictionary of English Place-names; Gover et al.; Place-names of Warwickshire
Bearley,'Fortification wood/clearing'.,"burh Old English - A fortified place.; lēah Old English - A forest, wood, glade, clearing; (later) a pasture, meadow.",Watts; Cambridge Dictionary of English Place-names; A.D. Mills; Dictionary of English Place-Names; Gover et al.; Place-names of Warwickshire; E. Ekwall; Dictionary of English Place-Names
Beaudesert,'Beautiful wild place'.,"bel Old French - Fair, beautiful.; desert Middle English - A wild, deserted place.",Gover et al.; Place-names of Warwickshire; A.D. Mills; Dictionary of English Place-Names; E. Ekwall; Dictionary of English Place-Names; Watts; Cambridge Dictionary of English Place-names
Beausale,'Beaw's nook of land' or 'gadfly nook of land'.,"bēaw Old English - A gadfly.; halh Old English - A nook of land; a small valley; dry ground in marsh; a piece of land projecting from, or detached from, the main area of its administrative unit.; Personal name (Old English) Old English - Personal name",A.D. Mills; Dictionary of English Place-Names; E. Ekwall; Dictionary of English Place-Names; Gover et al.; Place-names of Warwickshire; Watts; Cambridge Dictionary of English Place-names
Bedworth,'Be(a)da's enclosure'.,Personal name (Old English) Old English - Personal name; worð Old English - An enclosure.,A.D. Mills; Dictionary of English Place-Names; Watts; Cambridge Dictionary of English Place-names; E. Ekwall; Dictionary of English Place-Names; Gover et al.; Place-names of Warwickshire
Bentley,'Bent-grass wood/clearing'.,"beonet Old English - Bent grass.; lēah Old English - A forest, wood, glade, clearing; (later) a pasture, meadow.",E. Ekwall; Dictionary of English Place-Names; A.D. Mills; Dictionary of English Place-Names; Gover et al.; Place-names of Warwickshire; Watts; Cambridge Dictionary of English Place-names
Berkswell,'Be(o)rcol's spring/stream'.,Personal name (Old English) Old English - Personal name; wella Old English,E. Ekwall; Dictionary of English Place-Names; A.D. Mills; Dictionary of English Place-Names; Watts; Cambridge Dictionary of English Place-names; Gover et al.; Place-names of Warwickshire
Bickenhill,"Possibly, 'pointed hill' or perhaps, 'Bica's hill'.","bica Old English - A woodpecker; a bill, a beak; a beak-like projection.; hyll Old English - A hill, a natural eminence or elevated piece of ground.; Personal name (Old English) Old English - Personal name",A.D. Mills; Dictionary of English Place-Names; E. Ekwall; Dictionary of English Place-Names; Gover et al.; Place-names of Warwickshire; Watts; Cambridge Dictionary of English Place-names
Bidford,"Uncertain. Perhaps, OE byden, 'vessel, tub' meaning, 'deep ford' or perhaps, in an alternative sense, 'ford in a hollow/depression'. 'Ford at Byding (= the place/river called Byd)'. 'Ford connected with Byda'.","-ing Old English - Place-name forming suffix.; byden Old English - A vessel, a tub, a butt; used topographically of a hollow.; ford Old English - A ford.; Personal name (Old English) Old English - Personal name; Place-name Unknown - Place-name; River-name Unknown - River-name",A.D. Mills; Dictionary of English Place-Names; E. Ekwall; Dictionary of English Place-Names; Gover et al.; Place-names of Warwickshire; Watts; Cambridge Dictionary of English Place-names
Billesley,"'Bill's wood/clearing' or perhaps, 'pointed hill'.","bill Old English - A bill, a sword; topographically a sharp ridge, a headland, the edge of a hill, a promontory.; lēah Old English - A forest, wood, glade, clearing; (later) a pasture, meadow.; Personal name (Old English) Old English - Personal name",E. Ekwall; Dictionary of English Place-Names; Watts; Cambridge Dictionary of English Place-names; A.D. Mills; Dictionary of English Place-Names; Gover et al.; Place-names of Warwickshire
Bilton,"Uncertain. Possibly, 'henbane farm/settlement' or 'farm/settlement on the River Be(o)l', a lost river-name.",beolone Old English; River-name Unknown - River-name; tūn Old English - An enclosure; a farmstead; a village; an estate.,A.D. Mills; Dictionary of English Place-Names; E. Ekwall; Dictionary of English Place-Names; Watts; Cambridge Dictionary of English Place-names; Gover et al.; Place-names of Warwickshire
Binley,'Bil(l)a's island'.,"ēg Old English - An island.  In ancient settlement-names, most frequently refers to dry ground surrounded by marsh.  Also used of islands in modern sense.  In late OE names: well-watered land.; Personal name (Old English) Old English - Personal name",Watts; Cambridge Dictionary of English Place-names; A.D. Mills; Dictionary of English Place-Names; E. Ekwall; Dictionary of English Place-Names; Gover et al.; Place-names of Warwickshire
Binton,'Farm/settlement connected with Bynna/Byni'.,"-ingtūn Old English - A settlement called after, or connected with . . .; Personal name (Old English) Old English - Personal name",A.D. Mills; Dictionary of English Place-Names; Gover et al.; Place-names of Warwickshire; E. Ekwall; Dictionary of English Place-Names; Watts; Cambridge Dictionary of English Place-names
Birdingbury,'Fortification of Byrd's people'.,-ingas Old English - The people of . . . ; the people called after . . .; burh Old English - A fortified place.; Personal name (Old English) Old English - Personal name,Watts; Cambridge Dictionary of English Place-names; A.D. Mills; Dictionary of English Place-Names; E. Ekwall; Dictionary of English Place-Names; Gover et al.; Place-names of Warwickshire
Birmingham,"Either, 'homestead/village of Beorma's people' or 'homestead/village connected with Beorma'.","-ing- Old English - Connective particle, linking a first element to a final element.; -ingas Old English - The people of . . . ; the people called after . . .; hām Old English - A village, a village community, a manor, an estate, a homestead.; Personal name (Old English) Old English - Personal name",Gover et al.; Place-names of Warwickshire; A.D. Mills; Dictionary of English Place-Names; Watts; Cambridge Dictionary of English Place-names; E. Ekwall; Dictionary of English Place-Names
Bishop's Tachbrook,'Boundary brook'. It formed the boundary between the dioceses of Lichfield and Worcester. The Bishop of Chester held the manor in 1086.,"brōc Old English - A brook, a stream.  (Used of a stream with a muddy bed and a visible sediment load.); tǣcels Old English - A boundary mark, a boundary.",A.D. Mills; Dictionary of English Place-Names; Watts; Cambridge Dictionary of English Place-names; E. Ekwall; Dictionary of English Place-Names; Gover et al.; Place-names of Warwickshire
Bishops Itchington,'River Itchen farm/settlement'. It was granted to the Bishop of Coventry and Lichfield in 1259.,biscop Old English - A bishop.; River-name Unknown - River-name; tūn Old English - An enclosure; a farmstead; a village; an estate.,Watts; Cambridge Dictionary of English Place-names; Gover et al.; Place-names of Warwickshire; A.D. Mills; Dictionary of English Place-Names; E. Ekwall; Dictionary of English Place-Names
Bourton on Dunsmore,'Fortified farm/settlement on Dunn's moor'.,"burh-tūn Old English - A fort enclosure; a farm with a palisade; a farm at, or belonging to, or which is, a fortification, fortified house, or manorhouse.; mōr Old English - A marsh, barren upland.; Personal name (Old English) Old English - Personal name; super Latin - On, above.",A.D. Mills; Dictionary of English Place-Names; Gover et al.; Place-names of Warwickshire; E. Ekwall; Dictionary of English Place-Names; Watts; Cambridge Dictionary of English Place-names
Brailes,"Uncertain. Possibly, 'hill court' or perhaps, 'burial mound'.","breg C; byrgels Old English - A burial place, a tumulus.; lïs C",Gover et al.; Place-names of Warwickshire; A.D. Mills; Dictionary of English Place-Names; E. Ekwall; Dictionary of English Place-Names; Watts; Cambridge Dictionary of English Place-names
Brandon and Bretford,"'Broom hill '. 'Board ford', perhaps referring to a plank used to cross the ford or a board used to mark it.","bred Old English - A plank, a board.; brōm Old English - Broom; a thorny bush or shrub.; dūn Old English - A hill.; ford Old English - A ford.",Watts; Cambridge Dictionary of English Place-names; Gover et al.; Place-names of Warwickshire; A.D. Mills; Dictionary of English Place-Names; E. Ekwall; Dictionary of English Place-Names
Brinklow,"Uncertain. 'Brynca's mound/hill' or perhaps, 'brink of a mound/hill'. The DB hundred takes its name from Brinklow. It was superceded by the ship soke of Knightlow (see entry) in the 12th century. Anderson suggests that the DB form, 'Bomelau', is corrupt,",brince Old English - A brink.; hlāw Old English - A tumulus; a hill.; hundred Old English - One hundred; an administrative division of a county.; Personal name (Old English) Old English - Personal name,Anderson (unspecified work); Watts; Cambridge Dictionary of English Place-names; E. Ekwall; Dictionary of English Place-Names; Gover et al.; Place-names of Warwickshire; A.D. Mills; Dictionary of English Place-Names
Brownsover,"Literally, 'Bruno's Waver'. The place lies near the River Swift, originally called the Waver, and was held by 'Bruno' in 1086.",Personal name (Uncertain) Unknown - Personal name; River-name Unknown - River-name,Watts; Cambridge Dictionary of English Place-names; A.D. Mills; Dictionary of English Place-Names; E. Ekwall; Dictionary of English Place-Names; Gover et al.; Place-names of Warwickshire
Bubbenhall,'Bubba's hill'.,"hyll Old English - A hill, a natural eminence or elevated piece of ground.; Personal name (Old English) Old English - Personal name",E. Ekwall; Dictionary of English Place-Names; A.D. Mills; Dictionary of English Place-Names; Watts; Cambridge Dictionary of English Place-names; Gover et al.; Place-names of Warwickshire
Budbrooke,"'Budda's brook' or possibly, 'dung-beetle brook'.","brōc Old English - A brook, a stream.  (Used of a stream with a muddy bed and a visible sediment load.); budda Old English - A dung-beetle.; Personal name (Old English) Old English - Personal name",Watts; Cambridge Dictionary of English Place-names; Gover et al.; Place-names of Warwickshire; E. Ekwall; Dictionary of English Place-Names; A.D. Mills; Dictionary of English Place-Names
Bulkington,'Farm/settlement connected with *Bulca'.,"-ingtūn Old English - A settlement called after, or connected with . . .; Personal name (Old English) Old English - Personal name",Watts; Cambridge Dictionary of English Place-names; A.D. Mills; Dictionary of English Place-Names; E. Ekwall; Dictionary of English Place-Names; Gover et al.; Place-names of Warwickshire
Burmington,'Farm/settlement connected with Beormund/ *Beorma'.,"-ingtūn Old English - A settlement called after, or connected with . . .; Personal name (Old English) Old English - Personal name",A.D. Mills; Dictionary of English Place-Names; Watts; Cambridge Dictionary of English Place-names; Gover et al.; Place-names of Warwickshire; E. Ekwall; Dictionary of English Place-Names
Burton Dassett,"Perhaps, 'oak-tree wood'. Burton is 'fortified farm/settlement'.","burh-tūn Old English - A fort enclosure; a farm with a palisade; a farm at, or belonging to, or which is, a fortification, fortified house, or manorhouse.; cē¸d C; dervā C",Gover et al.; Place-names of Warwickshire; A.D. Mills; Dictionary of English Place-Names; Watts; Cambridge Dictionary of English Place-names; E. Ekwall; Dictionary of English Place-Names
Burton Hastings,'Fortified farm/settlement' or 'farm/settlement near a fortification'. Henry de Hasteng held land here in the 13th century.,"burh-tūn Old English - A fort enclosure; a farm with a palisade; a farm at, or belonging to, or which is, a fortification, fortified house, or manorhouse.",Watts; Cambridge Dictionary of English Place-names; E. Ekwall; Dictionary of English Place-Names; A.D. Mills; Dictionary of English Place-Names; Gover et al.; Place-names of Warwickshire
Bushwood,'Bishop's wood'. The manor belonged to the Bishop of Worcester.,"biscop Old English - A bishop.; wudu Old English - A wood; or wood, timber.",E. Ekwall; Dictionary of English Place-Names; Gover et al.; Place-names of Warwickshire; Watts; Cambridge Dictionary of English Place-names; A.D. Mills; Dictionary of English Place-Names
Butlers Marston,'Marsh farm/settlement'. Ralph Boteler held land here.,Family name Unknown - Family name.; mersc Old English - A marsh.; tūn Old English - An enclosure; a farmstead; a village; an estate.,Watts; Cambridge Dictionary of English Place-names; E. Ekwall; Dictionary of English Place-Names; A.D. Mills; Dictionary of English Place-Names; Gover et al.; Place-names of Warwickshire
Caldecote,'Cold cottages'.,"cald Old English; cot Old English - A cottage, a hut, a shelter, a den.",E. Ekwall; Dictionary of English Place-Names; A.D. Mills; Dictionary of English Place-Names; Gover et al.; Place-names of Warwickshire; Watts; Cambridge Dictionary of English Place-names
Chadshunt,'*Ceadel's spring'.,funta Old English - A spring.; Personal name (Old English) Old English - Personal name,A.D. Mills; Dictionary of English Place-Names; E. Ekwall; Dictionary of English Place-Names; Watts; Cambridge Dictionary of English Place-names; Gover et al.; Place-names of Warwickshire
Chapel Ascote,'Eadstan's cottage'. There was formerly a chapel here.,"chapel Middle English - A chapel; occasionally used figuratively for a place for meetings or observance.; cot Old English - A cottage, a hut, a shelter, a den.; Personal name (Old English) Old English - Personal name",A.D. Mills; Dictionary of English Place-Names; Gover et al.; Place-names of Warwickshire; E. Ekwall; Dictionary of English Place-Names; Watts; Cambridge Dictionary of English Place-names
Charlecote,'Free peasants' cottage(s)'.,"ceorl Old English - A freeman of the lower class, a peasant.; cot Old English - A cottage, a hut, a shelter, a den.",A.D. Mills; Dictionary of English Place-Names; Watts; Cambridge Dictionary of English Place-names; Gover et al.; Place-names of Warwickshire; E. Ekwall; Dictionary of English Place-Names
Cherrington,'Church farm/settlement'.,cirice Old English - A church.; tūn Old English - An enclosure; a farmstead; a village; an estate.,E. Ekwall; Dictionary of English Place-Names; Gover et al.; Place-names of Warwickshire; A.D. Mills; Dictionary of English Place-Names; Watts; Cambridge Dictionary of English Place-names
Chesterton and Kingston,'Roman site farm/settlement'. It is located near a Roman camp along the Fosse Way. Robert de 'Kyngestune's farm/settlement'.,ceaster Old English - A city; an old fortification; a Roman site.; Family name Unknown - Family name.; tūn Old English - An enclosure; a farmstead; a village; an estate.,Gover et al.; Place-names of Warwickshire; E. Ekwall; Dictionary of English Place-Names; A.D. Mills; Dictionary of English Place-Names; Watts; Cambridge Dictionary of English Place-names
Chilvers Coton,'Ceolfrith's cottage(s)'.,"cot Old English - A cottage, a hut, a shelter, a den.; Personal name (Old English) Old English - Personal name",E. Ekwall; Dictionary of English Place-Names; Gover et al.; Place-names of Warwickshire; A.D. Mills; Dictionary of English Place-Names; Watts; Cambridge Dictionary of English Place-names
Church Lawford,"Probably, '*Lealla's ford'. 'Church' to distinguish from Little and Long Lawford.",cirice Old English - A church.; ford Old English - A ford.; Personal name (Old English) Old English - Personal name,A.D. Mills; Dictionary of English Place-Names; E. Ekwall; Dictionary of English Place-Names; Watts; Cambridge Dictionary of English Place-names; Gover et al.; Place-names of Warwickshire
Churchover,"Literally, 'Church Waver'. The place lies on the River Swift. 'Church' to distinguish from Brownsover and Cesters Over.",cirice Old English - A church.; River-name Unknown - River-name,E. Ekwall; Dictionary of English Place-Names; Watts; Cambridge Dictionary of English Place-names; A.D. Mills; Dictionary of English Place-Names; Gover et al.; Place-names of Warwickshire
Claverdon,'Clover hill'.,clǣfre Old English - Clover.; dūn Old English - A hill.,Watts; Cambridge Dictionary of English Place-names; A.D. Mills; Dictionary of English Place-Names; Gover et al.; Place-names of Warwickshire; E. Ekwall; Dictionary of English Place-Names
Clifford Chambers,"'Cliff ford'. It was held by the chamberlain of St. Peter's, Gloucester.","clif Old English - An escarpment, a hill-slope; a river-bank.; ford Old English - A ford.",Smith; Place-names of Gloucestershire; E. Ekwall; Dictionary of English Place-Names; Watts; Cambridge Dictionary of English Place-names; A.D. Mills; Dictionary of English Place-Names
Clifton upon Dunsmore,'Cliff farm/settlement on Dunn's moor'.,"clif Old English - An escarpment, a hill-slope; a river-bank.; mōr Old English - A marsh, barren upland.; Personal name (Old English) Old English - Personal name; super Latin - On, above.; tūn Old English - An enclosure; a farmstead; a village; an estate.",E. Ekwall; Dictionary of English Place-Names; A.D. Mills; Dictionary of English Place-Names; Gover et al.; Place-names of Warwickshire; Watts; Cambridge Dictionary of English Place-names
Clopton,'Hill farm/settlement'.,"clopp Old English - A lump, a hillock, a hill.; tūn Old English - An enclosure; a farmstead; a village; an estate.",E. Ekwall; Dictionary of English Place-Names; A.D. Mills; Dictionary of English Place-Names; Watts; Cambridge Dictionary of English Place-names; Smith; Place-names of Gloucestershire
Coleshill,"Uncertain. 'River Cole hill' or perhaps, 'Coll's hill'. Coleshill was the DB name of Hemlingford Hundred (see entry).","hyll Old English - A hill, a natural eminence or elevated piece of ground.; Personal name (Old English) Old English - Personal name; River-name Unknown - River-name",Anderson (unspecified work); E. Ekwall; Dictionary of English Place-Names; Watts; Cambridge Dictionary of English Place-names; A.D. Mills; Dictionary of English Place-Names; Gover et al.; Place-names of Warwickshire
Combe Fields,'Valley'. 'Fields' is a later addition.,"cumb Old English - A coomb, a valley.  Possibly derived from Welsh ""cumm""; but possibly derived from OE ""cumb"" a vessel, cup, a small measure.",Watts; Cambridge Dictionary of English Place-names; E. Ekwall; Dictionary of English Place-Names; A.D. Mills; Dictionary of English Place-Names; Gover et al.; Place-names of Warwickshire
Combrook,'Valley brook'.,"brōc Old English - A brook, a stream.  (Used of a stream with a muddy bed and a visible sediment load.); cumb Old English - A coomb, a valley.  Possibly derived from Welsh ""cumm""; but possibly derived from OE ""cumb"" a vessel, cup, a small measure.",A.D. Mills; Dictionary of English Place-Names; Watts; Cambridge Dictionary of English Place-names; Gover et al.; Place-names of Warwickshire; E. Ekwall; Dictionary of English Place-Names
Compton Verney,'Valley farm/settlement'. The manor was held by the Verneys in the 15th century.,"cumb Old English - A coomb, a valley.  Possibly derived from Welsh ""cumm""; but possibly derived from OE ""cumb"" a vessel, cup, a small measure.; tūn Old English - An enclosure; a farmstead; a village; an estate.",Gover et al.; Place-names of Warwickshire; E. Ekwall; Dictionary of English Place-Names; A.D. Mills; Dictionary of English Place-Names; Watts; Cambridge Dictionary of English Place-names
Compton Wyniates,"'Valley farm/settlement' and 'windy pass'. It was also known for its vineyard, accounting for an early form 'Cumpton sub Vina'.","cumb Old English - A coomb, a valley.  Possibly derived from Welsh ""cumm""; but possibly derived from OE ""cumb"" a vessel, cup, a small measure.; geat Old English - A hole, an opening, a gap, a pass, a passage; a gate(way).; tūn Old English - An enclosure; a farmstead; a village; an estate.; wind Old English - Wind.",Gover et al.; Place-names of Warwickshire; E. Ekwall; Dictionary of English Place-Names; Watts; Cambridge Dictionary of English Place-names; A.D. Mills; Dictionary of English Place-Names
Copston Magna,'Copsi's farm/settlement'.,"magna Latin - Big, great.; Personal name (Old English) Old English - Personal name; tūn Old English - An enclosure; a farmstead; a village; an estate.",E. Ekwall; Dictionary of English Place-Names; Watts; Cambridge Dictionary of English Place-names; A.D. Mills; Dictionary of English Place-Names; Gover et al.; Place-names of Warwickshire
Corley,'Crane/heron wood/clearng'.,"corn Old English - Corn, grain.; lēah Old English - A forest, wood, glade, clearing; (later) a pasture, meadow.",A.D. Mills; Dictionary of English Place-Names; Watts; Cambridge Dictionary of English Place-names; E. Ekwall; Dictionary of English Place-Names; Gover et al.; Place-names of Warwickshire
Cosford,'Ford'. The specific may be an old Celtic river-name for the River Swift.,ford Old English - A ford.; River-name Unknown - River-name,Watts; Cambridge Dictionary of English Place-names; E. Ekwall; Dictionary of English Place-Names; A.D. Mills; Dictionary of English Place-Names; Gover et al.; Place-names of Warwickshire
Coughton,'Hillock farm/settlement'.,cocc Old English - A heap; a hillock.; tūn Old English - An enclosure; a farmstead; a village; an estate.,E. Ekwall; Dictionary of English Place-Names; Gover et al.; Place-names of Warwickshire; A.D. Mills; Dictionary of English Place-Names; Watts; Cambridge Dictionary of English Place-names
Coundon,"Uncertain. 'Cunda's hill' or perhaps containing a lost river-name, 'the Cound's source'.",ǣwelm Old English; dūn Old English - A hill.; Personal name (Old English) Old English - Personal name; River-name Unknown - River-name,E. Ekwall; Dictionary of English Place-Names; A.D. Mills; Dictionary of English Place-Names; Watts; Cambridge Dictionary of English Place-names; Gover et al.; Place-names of Warwickshire
Coventry,'*Cofa's tree'.,"Personal name (Old English) Old English - Personal name; trēow Old English - A tree; a large piece of wood, a post, a beam.",Watts; Cambridge Dictionary of English Place-names; E. Ekwall; Dictionary of English Place-Names; Gover et al.; Place-names of Warwickshire; A.D. Mills; Dictionary of English Place-Names
Cubbington,'Farm/settlement connected with *Cubba'.,"-ingtūn Old English - A settlement called after, or connected with . . .; Personal name (Old English) Old English - Personal name",A.D. Mills; Dictionary of English Place-Names; E. Ekwall; Dictionary of English Place-Names; Watts; Cambridge Dictionary of English Place-names; Gover et al.; Place-names of Warwickshire
Curdworth,'Creoda's enclosure'.,Personal name (Old English) Old English - Personal name; worð Old English - An enclosure.,Watts; Cambridge Dictionary of English Place-names; Gover et al.; Place-names of Warwickshire; A.D. Mills; Dictionary of English Place-Names; E. Ekwall; Dictionary of English Place-Names
Dorsington,'Farm/settlement connected with Deorsige'.,"-ingtūn Old English - A settlement called after, or connected with . . .; Personal name (Old English) Old English - Personal name",Smith; Place-names of Gloucestershire; Watts; Cambridge Dictionary of English Place-names; A.D. Mills; Dictionary of English Place-Names; E. Ekwall; Dictionary of English Place-Names
Dunchurch,"'Dunn's church' or perhaps, 'Dun's (= the hill) church'.",cirice Old English - A church.; dūn Old English - A hill.; Personal name (Old English) Old English - Personal name,E. Ekwall; Dictionary of English Place-Names; A.D. Mills; Dictionary of English Place-Names; Gover et al.; Place-names of Warwickshire; Watts; Cambridge Dictionary of English Place-names
Easenhall,'Esa's hill'.,"hyll Old English - A hill, a natural eminence or elevated piece of ground.; Personal name (Old English) Old English - Personal name",Gover et al.; Place-names of Warwickshire; E. Ekwall; Dictionary of English Place-Names; Watts; Cambridge Dictionary of English Place-names; A.D. Mills; Dictionary of English Place-Names
Eathorpe,'River outlying farm/settlement'.,"ēa Old English - A river.; þorp Old Norse - A secondary settlement, a dependent outlying farmstead or hamlet.",Watts; Cambridge Dictionary of English Place-names; A.D. Mills; Dictionary of English Place-Names; E. Ekwall; Dictionary of English Place-Names; Gover et al.; Place-names of Warwickshire
Eatington,"'Eata's hill' or perhaps, 'pasture hill'.","dūn Old English - A hill.; ete Old English - Grazing, pasture.; Personal name (Old English) Old English - Personal name",Gover et al.; Place-names of Warwickshire; A.D. Mills; Dictionary of English Place-Names; Watts; Cambridge Dictionary of English Place-names; E. Ekwall; Dictionary of English Place-Names
Edgbaston,"'Ecgbald's farm/settlement'. An earlier DB form is either a corruption or points to an earlier form of the place-name, 'Ceolbald's farm/settlement'.",Personal name (Old English) Old English - Personal name; tūn Old English - An enclosure; a farmstead; a village; an estate.,Watts; Cambridge Dictionary of English Place-names; A.D. Mills; Dictionary of English Place-Names; Gover et al.; Place-names of Warwickshire; E. Ekwall; Dictionary of English Place-Names
Elmdon,'Elm-tree hill'.,dūn Old English - A hill.; elm Old English - An elm-tree.,A.D. Mills; Dictionary of English Place-Names; E. Ekwall; Dictionary of English Place-Names; Gover et al.; Place-names of Warwickshire; Watts; Cambridge Dictionary of English Place-names
Exhall (juxta Alcester),'Church's nook of land'.,"eglẹ̄s C; halh Old English - A nook of land; a small valley; dry ground in marsh; a piece of land projecting from, or detached from, the main area of its administrative unit.",E. Ekwall; Dictionary of English Place-Names; A.D. Mills; Dictionary of English Place-Names; Gover et al.; Place-names of Warwickshire; Watts; Cambridge Dictionary of English Place-names
Exhall (juxta Coventry),'Church's nook of land'.,"eglẹ̄s C; halh Old English - A nook of land; a small valley; dry ground in marsh; a piece of land projecting from, or detached from, the main area of its administrative unit.",Gover et al.; Place-names of Warwickshire; E. Ekwall; Dictionary of English Place-Names; A.D. Mills; Dictionary of English Place-Names; Watts; Cambridge Dictionary of English Place-names
Farnborough,'Ferny hill'.,berg Old English; fearn Old English - A fern; ferns; a ferny place.,Watts; Cambridge Dictionary of English Place-names; Gover et al.; Place-names of Warwickshire; E. Ekwall; Dictionary of English Place-Names; A.D. Mills; Dictionary of English Place-Names
Fenny Compton,Marshy 'valley farm/settlement'.,"cumb Old English - A coomb, a valley.  Possibly derived from Welsh ""cumm""; but possibly derived from OE ""cumb"" a vessel, cup, a small measure.; fennig Old English - Dirty, muddy, marshy.; tūn Old English - An enclosure; a farmstead; a village; an estate.",Watts; Cambridge Dictionary of English Place-names; E. Ekwall; Dictionary of English Place-Names; Gover et al.; Place-names of Warwickshire; A.D. Mills; Dictionary of English Place-Names
Fillongley,'Wood/clearing of *Fygla's people'.,"-ingas Old English - The people of . . . ; the people called after . . .; lēah Old English - A forest, wood, glade, clearing; (later) a pasture, meadow.; Personal name (Old English) Old English - Personal name",A.D. Mills; Dictionary of English Place-Names; Gover et al.; Place-names of Warwickshire; E. Ekwall; Dictionary of English Place-Names; Watts; Cambridge Dictionary of English Place-names
Foleshill,"Uncertain. 'People's hill', possibly referring to a meeting place, or perhaps, '*Folc's hill'.","folc Old English - The people of a tribe or family, the common people.; hyll Old English - A hill, a natural eminence or elevated piece of ground.; Personal name (Old English) Old English - Personal name",Gover et al.; Place-names of Warwickshire; Watts; Cambridge Dictionary of English Place-names; E. Ekwall; Dictionary of English Place-Names; A.D. Mills; Dictionary of English Place-Names
Frankton,'Franca's farm/settlement'.,Personal name (Old English) Old English - Personal name; tūn Old English - An enclosure; a farmstead; a village; an estate.,E. Ekwall; Dictionary of English Place-Names; Gover et al.; Place-names of Warwickshire; Watts; Cambridge Dictionary of English Place-names; A.D. Mills; Dictionary of English Place-Names
Fulbrook,'Foul brook'.,"brōc Old English - A brook, a stream.  (Used of a stream with a muddy bed and a visible sediment load.); fūl Old English - Foul, dirty.",A.D. Mills; Dictionary of English Place-Names; Watts; Cambridge Dictionary of English Place-names; Gover et al.; Place-names of Warwickshire; E. Ekwall; Dictionary of English Place-Names
Gaydon,'*Gaega's hill'.,dūn Old English - A hill.; Personal name (Old English) Old English - Personal name,E. Ekwall; Dictionary of English Place-Names; A.D. Mills; Dictionary of English Place-Names; Watts; Cambridge Dictionary of English Place-names; Gover et al.; Place-names of Warwickshire
Grandborough,'Green hill'.,"berg Old English; grēne Old English - Green, grass-grown.",Gover et al.; Place-names of Warwickshire; Watts; Cambridge Dictionary of English Place-names; A.D. Mills; Dictionary of English Place-Names; E. Ekwall; Dictionary of English Place-Names
Great Alne,Named after the River Alne.,River-name Unknown - River-name,Watts; Cambridge Dictionary of English Place-names; Gover et al.; Place-names of Warwickshire; E. Ekwall; Dictionary of English Place-Names; A.D. Mills; Dictionary of English Place-Names
Great and Little Packington,'Paca's farm/settlement'.,"magna Latin - Big, great.; parva Latin - Small.; Personal name (Old English) Old English - Personal name; tūn Old English - An enclosure; a farmstead; a village; an estate.",A.D. Mills; Dictionary of English Place-Names; Watts; Cambridge Dictionary of English Place-names; Gover et al.; Place-names of Warwickshire; E. Ekwall; Dictionary of English Place-Names
Great Wolford,"'Wolf watching/protection', perhaps referring to a place where watch was kept for wolves or a place protected from wolves. 'Great' to distinguish from Little Wolford.","magna Latin - Big, great.; weard Old English - Watch, ward, protection.; wulf Old English - A wolf.",Gover et al.; Place-names of Warwickshire; A.D. Mills; Dictionary of English Place-Names; Watts; Cambridge Dictionary of English Place-names; E. Ekwall; Dictionary of English Place-Names
Grendon,'Green hill'.,"dūn Old English - A hill.; grēne Old English - Green, grass-grown.",E. Ekwall; Dictionary of English Place-Names; A.D. Mills; Dictionary of English Place-Names; Gover et al.; Place-names of Warwickshire; Watts; Cambridge Dictionary of English Place-names
Guy's Cliffe,'*Cybba's cliff'.,"clif Old English - An escarpment, a hill-slope; a river-bank.; Personal name (Old English) Old English - Personal name",Gover et al.; Place-names of Warwickshire; Watts; Cambridge Dictionary of English Place-names; A.D. Mills; Dictionary of English Place-Names; E. Ekwall; Dictionary of English Place-Names
Halford,'Nook of land ford'.,"ford Old English - A ford.; halh Old English - A nook of land; a small valley; dry ground in marsh; a piece of land projecting from, or detached from, the main area of its administrative unit.",A.D. Mills; Dictionary of English Place-Names; Watts; Cambridge Dictionary of English Place-names; Gover et al.; Place-names of Warwickshire; E. Ekwall; Dictionary of English Place-Names
Hampton in Arden,"Probably, 'high farm/settlement'. It is located on a broad plateau. 'Arden' is the name of the forest here.","hēah Old English - A high place, a height.; Place-name Unknown - Place-name; tūn Old English - An enclosure; a farmstead; a village; an estate.",E. Ekwall; Dictionary of English Place-Names; Watts; Cambridge Dictionary of English Place-names; Gover et al.; Place-names of Warwickshire; A.D. Mills; Dictionary of English Place-Names
Hampton Lucy,'Hemmed-in land farm/settlement'. The Bishops of Worcester held the manor until it passed into the hands of the Lucy family.,Family name Unknown - Family name.; hamm Old English - Land hemmed in by water or marsh (perhaps also by high ground); a river-meadow; cultivated plot on the edge of woodland or moor.; tūn Old English - An enclosure; a farmstead; a village; an estate.,Watts; Cambridge Dictionary of English Place-names; Gover et al.; Place-names of Warwickshire; E. Ekwall; Dictionary of English Place-Names; A.D. Mills; Dictionary of English Place-Names
Handsworth,'Hun's enclosure'.,Personal name (Old English) Old English - Personal name; worð Old English - An enclosure.,Watts; Cambridge Dictionary of English Place-names; E. Ekwall; Dictionary of English Place-Names; A.D. Mills; Dictionary of English Place-Names
Harborne,'Dirty stream'.,"burna Old English - A stream.; horu Old English - Filth, dirt.",Watts; Cambridge Dictionary of English Place-names; Cameron; Dictionary of Lincolnshire Place-names; A.D. Mills; Dictionary of English Place-Names; E. Ekwall; Dictionary of English Place-Names
Harborough Magna,'Herd hill'.,"berg Old English; heord Old English - A herd, a flock.; magna Latin - Big, great.",Gover et al.; Place-names of Warwickshire; A.D. Mills; Dictionary of English Place-Names; E. Ekwall; Dictionary of English Place-Names; Watts; Cambridge Dictionary of English Place-names
Harbury,"'Hereburh's fortification', a feminine personal name.",burh Old English - A fortified place.; Personal name (Old English) Old English - Personal name,Gover et al.; Place-names of Warwickshire; A.D. Mills; Dictionary of English Place-Names; Watts; Cambridge Dictionary of English Place-names; E. Ekwall; Dictionary of English Place-Names
Hartshill,'Heardred's hill'.,"hyll Old English - A hill, a natural eminence or elevated piece of ground.; Personal name (Old English) Old English - Personal name",E. Ekwall; Dictionary of English Place-Names; Watts; Cambridge Dictionary of English Place-names; A.D. Mills; Dictionary of English Place-Names; Gover et al.; Place-names of Warwickshire
Haseley,'Hazel-tree wood/clearing'.,"hæsel Old English - A hazel-tree.; lēah Old English - A forest, wood, glade, clearing; (later) a pasture, meadow.",Watts; Cambridge Dictionary of English Place-names; E. Ekwall; Dictionary of English Place-Names; A.D. Mills; Dictionary of English Place-Names; Gover et al.; Place-names of Warwickshire
Haselor,"'Hazel-tree ridge' or perhaps, 'hazel-tree bank'.","hæsel Old English - A hazel-tree.; ōfer Old English - A margin; a river-bank, sea-shore.; ofer Old English - The tip of a promontory, a flat-topped ridge.",Watts; Cambridge Dictionary of English Place-names; A.D. Mills; Dictionary of English Place-Names; E. Ekwall; Dictionary of English Place-Names; Gover et al.; Place-names of Warwickshire
Hatton,'Heath farm/settlement'.,hǣð Old English - Heather; a tract of uncultivated land.; tūn Old English - An enclosure; a farmstead; a village; an estate.,A.D. Mills; Dictionary of English Place-Names; Gover et al.; Place-names of Warwickshire; E. Ekwall; Dictionary of English Place-Names; Watts; Cambridge Dictionary of English Place-names
Hemlingford Hundred,,ford Old English - A ford.; hundred Old English - One hundred; an administrative division of a county.; hymele Old English - A hop plant.,"Gover, Mawer and Stenton, The Place-Names of Wiltshire; Anderson (unspecified work)"
Hillmorton,"Originally, two separate places, 'hill' and 'moor farm/settlement'.","hyll Old English - A hill, a natural eminence or elevated piece of ground.; mōr Old English - A marsh, barren upland.; tūn Old English - An enclosure; a farmstead; a village; an estate.",Watts; Cambridge Dictionary of English Place-names; E. Ekwall; Dictionary of English Place-Names; A.D. Mills; Dictionary of English Place-Names; Gover et al.; Place-names of Warwickshire
Hodnell,'Hodda's hill'.,"hyll Old English - A hill, a natural eminence or elevated piece of ground.; Personal name (Old English) Old English - Personal name",E. Ekwall; Dictionary of English Place-Names; A.D. Mills; Dictionary of English Place-Names; Gover et al.; Place-names of Warwickshire; Watts; Cambridge Dictionary of English Place-names
Honiley,'Honey wood/clearing'.,"hunig Old English - Honey.; lēah Old English - A forest, wood, glade, clearing; (later) a pasture, meadow.",Gover et al.; Place-names of Warwickshire; E. Ekwall; Dictionary of English Place-Names; A.D. Mills; Dictionary of English Place-Names; Watts; Cambridge Dictionary of English Place-names
Honington,'Honey farm/settlement'.,hunig Old English - Honey.; tūn Old English - An enclosure; a farmstead; a village; an estate.,E. Ekwall; Dictionary of English Place-Names; Watts; Cambridge Dictionary of English Place-names; A.D. Mills; Dictionary of English Place-Names; Gover et al.; Place-names of Warwickshire
Hunningham,'Homestead/village of Huna's people' or 'hemmed-in land of Huna's people'.,"-ingas Old English - The people of . . . ; the people called after . . .; hām Old English - A village, a village community, a manor, an estate, a homestead.; hamm Old English - Land hemmed in by water or marsh (perhaps also by high ground); a river-meadow; cultivated plot on the edge of woodland or moor.; Personal name (Old English) Old English - Personal name",E. Ekwall; Dictionary of English Place-Names; Watts; Cambridge Dictionary of English Place-names; A.D. Mills; Dictionary of English Place-Names; Gover et al.; Place-names of Warwickshire
Idlicote,''Cottage(s) connected with *Yttel(a)'.,"-ing Old English - Place-name forming suffix.; cot Old English - A cottage, a hut, a shelter, a den.; Personal name (Old English) Old English - Personal name",A.D. Mills; Dictionary of English Place-Names; Gover et al.; Place-names of Warwickshire; E. Ekwall; Dictionary of English Place-Names; Watts; Cambridge Dictionary of English Place-names
Ilmington,'Elm-tree hill'.,"dūn Old English - A hill.; ylme Old English - An elm-tree, an elm wood.",E. Ekwall; Dictionary of English Place-Names; A.D. Mills; Dictionary of English Place-Names; Watts; Cambridge Dictionary of English Place-names; Gover et al.; Place-names of Warwickshire
Kenilworth,'Cynehild's enclosure'.,Personal name (Old English) Old English - Personal name; worð Old English - An enclosure.,Watts; Cambridge Dictionary of English Place-names; A.D. Mills; Dictionary of English Place-Names; Gover et al.; Place-names of Warwickshire; E. Ekwall; Dictionary of English Place-Names
Keresley,"Probably, 'Cenhere's wood/clearing'.","lēah Old English - A forest, wood, glade, clearing; (later) a pasture, meadow.; Personal name (Old English) Old English - Personal name",A.D. Mills; Dictionary of English Place-Names; Watts; Cambridge Dictionary of English Place-names; Gover et al.; Place-names of Warwickshire; E. Ekwall; Dictionary of English Place-Names
Kineton,"'King's farm/settlement'. The hundred, named from Kineton parish, was introduced in the 12th century as a ship soke. In DB it was divided into 4 hundreds of 'Tremelau', 'Honisberie', 'Fexhole' and Barcheston. The exact location of the meeting-place is app","cyning Old English - A king.; hundred Old English - One hundred; an administrative division of a county.; tūn Old English - An enclosure; a farmstead; a village; an estate.; vápnatak Old Norse - A wapentake, a sub-division of a county.",A.D. Mills; Dictionary of English Place-Names; Anderson (unspecified work); E. Ekwall; Dictionary of English Place-Names; Watts; Cambridge Dictionary of English Place-names; Gover et al.; Place-names of Warwickshire
King's Norton,'North farm/settlement'. The manor was held by the king in 1086.,"cyning Old English - A king.; norð Old English - Northern, north.; tūn Old English - An enclosure; a farmstead; a village; an estate.",A.D. Mills; Dictionary of English Place-Names; Gover et al.; Place-names of Worcestershire; E. Ekwall; Dictionary of English Place-Names; Watts; Cambridge Dictionary of English Place-names
Kings Newnham,'New homestead/village' or 'New hemmed-in land'. It was a royal possession from c. 1275.,"hām Old English - A village, a village community, a manor, an estate, a homestead.; hamm Old English - Land hemmed in by water or marsh (perhaps also by high ground); a river-meadow; cultivated plot on the edge of woodland or moor.; king Middle English - A king.; nīwe Old English - New.",Watts; Cambridge Dictionary of English Place-names; Gover et al.; Place-names of Warwickshire; E. Ekwall; Dictionary of English Place-Names; A.D. Mills; Dictionary of English Place-Names
Kingsbury,'Cyne's fortification'.,burh Old English - A fortified place.; Personal name (Old English) Old English - Personal name,E. Ekwall; Dictionary of English Place-Names; Watts; Cambridge Dictionary of English Place-names; A.D. Mills; Dictionary of English Place-Names; Gover et al.; Place-names of Warwickshire
Kinwalsey,'Cyneweald's enclosure'.,"hæg Old English - A fence, an enclosure.; Personal name (Old English) Old English - Personal name",Gover et al.; Place-names of Warwickshire; Watts; Cambridge Dictionary of English Place-names; A.D. Mills; Dictionary of English Place-Names; E. Ekwall; Dictionary of English Place-Names
Kinwarton,'Cynweard's farm/settlement'.,Personal name (Old English) Old English - Personal name; tūn Old English - An enclosure; a farmstead; a village; an estate.,Gover et al.; Place-names of Warwickshire; E. Ekwall; Dictionary of English Place-Names; A.D. Mills; Dictionary of English Place-Names; Watts; Cambridge Dictionary of English Place-names
Knightlow Hundred,,"cniht Old English - A youth, a servant, a soldier.; hlāw Old English - A tumulus; a hill.; hundred Old English - One hundred; an administrative division of a county.; vápnatak Old Norse - A wapentake, a sub-division of a county.","Anderson (unspecified work); Gover, Mawer and Stenton, The Place-Names of Wiltshire"
Knowle,'Hillock'.,"cnoll Old English - A knoll, a small rounded hill.",A.D. Mills; Dictionary of English Place-Names; Watts; Cambridge Dictionary of English Place-names; E. Ekwall; Dictionary of English Place-Names; Gover et al.; Place-names of Warwickshire
Ladbroke,"Uncertain. The second element is 'brook'. The specific may be OE hlot, perhaps indicating a place where lots were drawn or the future was divined.","brōc Old English - A brook, a stream.  (Used of a stream with a muddy bed and a visible sediment load.); hlot Old English - A lot, a share, an allotment.",Watts; Cambridge Dictionary of English Place-names; A.D. Mills; Dictionary of English Place-Names; E. Ekwall; Dictionary of English Place-Names; Gover et al.; Place-names of Warwickshire
Langley,'Long wood/clearing'.,"lang Old English - Long, tall.; lēah Old English - A forest, wood, glade, clearing; (later) a pasture, meadow.",Watts; Cambridge Dictionary of English Place-names; A.D. Mills; Dictionary of English Place-Names; Gover et al.; Place-names of Warwickshire; E. Ekwall; Dictionary of English Place-Names
Lapworth,"Uncertain. '*Hlappa's enclosure' or perhaps, 'enclosure belonging to a district'.","læppa Old English - A lap, the skirt of a garment; a district; a border, boundary, edge.; Personal name (Old English) Old English - Personal name; worð Old English - An enclosure.",A.D. Mills; Dictionary of English Place-Names; Gover et al.; Place-names of Warwickshire; E. Ekwall; Dictionary of English Place-Names; Watts; Cambridge Dictionary of English Place-names
Lea Marston,"Originally, two separate places, 'wood/clearing' and 'marsh farm/settlement'. The name appears as Leemerston in 1535.","lēah Old English - A forest, wood, glade, clearing; (later) a pasture, meadow.; mersc Old English - A marsh.; tūn Old English - An enclosure; a farmstead; a village; an estate.",A.D. Mills; Dictionary of English Place-Names; Gover et al.; Place-names of Warwickshire; E. Ekwall; Dictionary of English Place-Names; Watts; Cambridge Dictionary of English Place-names
Leamington Hastings,'River Leam farm/settlement'. The Hastinges family held land here in the 13th century.,Family name Unknown - Family name.; River-name Unknown - River-name; tūn Old English - An enclosure; a farmstead; a village; an estate.,A.D. Mills; Dictionary of English Place-Names; Watts; Cambridge Dictionary of English Place-names; E. Ekwall; Dictionary of English Place-Names; Gover et al.; Place-names of Warwickshire
Leamington Spa,"'River Leam farm/settlement'. Originally, Leamington Priors, a possession of Kenilworth Priory, the title 'Royal Leamington Spa' was granted after the 1838 visit of Queen Victoria.",River-name Unknown - River-name; tūn Old English - An enclosure; a farmstead; a village; an estate.,E. Ekwall; Dictionary of English Place-Names; A.D. Mills; Dictionary of English Place-Names; Watts; Cambridge Dictionary of English Place-names; Gover et al.; Place-names of Warwickshire
Leek Wootton,'Wood farm/settlement'. The significance of 'Leek' is unclear.,"lēac Old English - A leek, garlic.; tūn Old English - An enclosure; a farmstead; a village; an estate.; wudu Old English - A wood; or wood, timber.",Gover et al.; Place-names of Warwickshire; E. Ekwall; Dictionary of English Place-Names; A.D. Mills; Dictionary of English Place-Names; Watts; Cambridge Dictionary of English Place-names
Lighthorne,'Light-coloured thorn-tree'.,"lēoht Old English - Light, bright, light-coloured. (Used substantively of a light place.); þyrne Old English - A thorn-bush.",Gover et al.; Place-names of Warwickshire; E. Ekwall; Dictionary of English Place-Names; Watts; Cambridge Dictionary of English Place-names; A.D. Mills; Dictionary of English Place-Names
Lillington,'Farm/settlement connected with Lilla'.,"-ingtūn Old English - A settlement called after, or connected with . . .; Personal name (Old English) Old English - Personal name",Gover et al.; Place-names of Warwickshire; A.D. Mills; Dictionary of English Place-Names; E. Ekwall; Dictionary of English Place-Names; Watts; Cambridge Dictionary of English Place-names
Little Compton,'Valley farm/settlement'. 'Little' to distingush from Long Compton.,"cumb Old English - A coomb, a valley.  Possibly derived from Welsh ""cumm""; but possibly derived from OE ""cumb"" a vessel, cup, a small measure.; tūn Old English - An enclosure; a farmstead; a village; an estate.",Watts; Cambridge Dictionary of English Place-names; Gover et al.; Place-names of Warwickshire; E. Ekwall; Dictionary of English Place-Names; A.D. Mills; Dictionary of English Place-Names
Little Lawford,"Probably, '*Lealla's ford'. 'Little' to distinguish from Church and Long Lawford.",ford Old English - A ford.; parva Latin - Small.; Personal name (Old English) Old English - Personal name,Gover et al.; Place-names of Warwickshire; E. Ekwall; Dictionary of English Place-Names; Watts; Cambridge Dictionary of English Place-names; A.D. Mills; Dictionary of English Place-Names
Little Wolford,"'Wolf watching/protection', perhaps referring to a place where watch was kept for wolves or a place protected from wolves. 'Little' to distinguish from Great Wolford.","parva Latin - Small.; weard Old English - Watch, ward, protection.; wulf Old English - A wolf.",E. Ekwall; Dictionary of English Place-Names; Gover et al.; Place-names of Warwickshire; Watts; Cambridge Dictionary of English Place-names; A.D. Mills; Dictionary of English Place-Names
Long Compton,'Valley farm/settlement'. 'Long' to distinguish from Little Compton.,"cumb Old English - A coomb, a valley.  Possibly derived from Welsh ""cumm""; but possibly derived from OE ""cumb"" a vessel, cup, a small measure.; parva Latin - Small.; tūn Old English - An enclosure; a farmstead; a village; an estate.",E. Ekwall; Dictionary of English Place-Names; A.D. Mills; Dictionary of English Place-Names; Gover et al.; Place-names of Warwickshire; Watts; Cambridge Dictionary of English Place-names
Long Itchington,'River Itchen farm/settlement'. 'Long' to distinguish from Bishops Itchington.,"lang Old English - Long, tall.; River-name Unknown - River-name; tūn Old English - An enclosure; a farmstead; a village; an estate.",Watts; Cambridge Dictionary of English Place-names; Gover et al.; Place-names of Warwickshire; A.D. Mills; Dictionary of English Place-Names; E. Ekwall; Dictionary of English Place-Names
Long Lawford,"Probably, '*Lealla's ford'. 'Long' to distinguish from Church and Little Lawford.","ford Old English - A ford.; lang Old English - Long, tall.; Personal name (Old English) Old English - Personal name",A.D. Mills; Dictionary of English Place-Names; E. Ekwall; Dictionary of English Place-Names; Watts; Cambridge Dictionary of English Place-names; Gover et al.; Place-names of Warwickshire
Long Marston,'Marsh farm/settlement'. 'Long' from the shape of the parish.,mersc Old English - A marsh.; tūn Old English - An enclosure; a farmstead; a village; an estate.,A.D. Mills; Dictionary of English Place-Names; E. Ekwall; Dictionary of English Place-Names; Smith; Place-names of Gloucestershire; Watts; Cambridge Dictionary of English Place-names
Loxley,'Locc's wood/clearing'.,"lēah Old English - A forest, wood, glade, clearing; (later) a pasture, meadow.; Personal name (Old English) Old English - Personal name",Gover et al.; Place-names of Warwickshire; A.D. Mills; Dictionary of English Place-Names; E. Ekwall; Dictionary of English Place-Names; Watts; Cambridge Dictionary of English Place-names
Luddington,'Farm/settlement connected with Luda'.,"-ingtūn Old English - A settlement called after, or connected with . . .; Personal name (Old English) Old English - Personal name",A.D. Mills; Dictionary of English Place-Names; E. Ekwall; Dictionary of English Place-Names; Gover et al.; Place-names of Warwickshire; Watts; Cambridge Dictionary of English Place-names
Mancetter,"A reduced form of a very early (4th century) Romano-Celtic form, Manduessedum, 'horse chariot' with a later addition of ceaster, 'Roman site'.",ceaster Old English - A city; an old fortification; a Roman site.; essedum C; mandu C,Rivet & Smith; Place-names of Roman Britain; Watts; Cambridge Dictionary of English Place-names; Gover et al.; Place-names of Warwickshire; A.D. Mills; Dictionary of English Place-Names; E. Ekwall; Dictionary of English Place-Names
Marton,"'Pool farm/settlement' or perhaps, 'boundary farm/settlement'. The DB hundred takes its name from Marton. It was superceded by the ship soke of Knightlow (see entry) in the 12th century. In Marton parish there was a place called Spelestowe,","hundred Old English - One hundred; an administrative division of a county.; mǣre Old English - A boundary, a border; (in field names) the balk of a ploughland.; mere Old English - A pond, a pool, a lake.; tūn Old English - An enclosure; a farmstead; a village; an estate.",E. Ekwall; Dictionary of English Place-Names; Anderson (unspecified work); Gover et al.; Place-names of Warwickshire; Watts; Cambridge Dictionary of English Place-names; A.D. Mills; Dictionary of English Place-Names
Maxstoke,'*Mac(c)a's outlying farm/settlement'.,"Personal name (Old English) Old English - Personal name; stoc Old English - A place, a secondary settlement.",Watts; Cambridge Dictionary of English Place-names; E. Ekwall; Dictionary of English Place-Names; A.D. Mills; Dictionary of English Place-Names; Gover et al.; Place-names of Warwickshire
Merevale,"Possibly, 'pleasant valley', either from the purely L. Latin mira vallis (lit. wonderful valley), or a translation of an earlier OE place-name.","denu Old English - A valley.; myrge Old English - Pleasant, sweet, agreeable.",E. Ekwall; Dictionary of English Place-Names; Watts; Cambridge Dictionary of English Place-names; A.D. Mills; Dictionary of English Place-Names; Gover et al.; Place-names of Warwickshire
Meriden,'Pleasant valley'.,"denu Old English - A valley.; myrge Old English - Pleasant, sweet, agreeable.",E. Ekwall; Dictionary of English Place-Names; A.D. Mills; Dictionary of English Place-Names; Gover et al.; Place-names of Warwickshire; Watts; Cambridge Dictionary of English Place-names
Middleton,'Middle farm/settlement'.,middel Old English - Middle.; tūn Old English - An enclosure; a farmstead; a village; an estate.,E. Ekwall; Dictionary of English Place-Names; Gover et al.; Place-names of Warwickshire; A.D. Mills; Dictionary of English Place-Names; Watts; Cambridge Dictionary of English Place-names
Minworth,'*Myn(n)a's enclosure'.,Personal name (Old English) Old English - Personal name; worð Old English - An enclosure.,E. Ekwall; Dictionary of English Place-Names; A.D. Mills; Dictionary of English Place-Names; Gover et al.; Place-names of Warwickshire; Watts; Cambridge Dictionary of English Place-names
Monks Kirby,'Church farm/settlement'. Geoffrey de Wirce gave land here to the monks of St. Nicholas of Angers in 1077.,"bȳ Old Norse - A farmstead, a village.; kirkja Old Norse - A church.; monke Middle English - A monk.",Gover et al.; Place-names of Warwickshire; A.D. Mills; Dictionary of English Place-Names; Watts; Cambridge Dictionary of English Place-names; E. Ekwall; Dictionary of English Place-Names
Moreton Morrell,"Originally, two separate places, 'moor farm/settlement' and 'boundary hill '.","hyll Old English - A hill, a natural eminence or elevated piece of ground.; mǣre Old English - A boundary, a border; (in field names) the balk of a ploughland.; mǭr C; tūn Old English - An enclosure; a farmstead; a village; an estate.",Watts; Cambridge Dictionary of English Place-names; E. Ekwall; Dictionary of English Place-Names; Gover et al.; Place-names of Warwickshire; A.D. Mills; Dictionary of English Place-Names
Morton Bagot,'Moor farm/settlement'. William Bagod was connected with the manor.,Family name Unknown - Family name.; mǭr C; tūn Old English - An enclosure; a farmstead; a village; an estate.,E. Ekwall; Dictionary of English Place-Names; Gover et al.; Place-names of Warwickshire; Watts; Cambridge Dictionary of English Place-names; A.D. Mills; Dictionary of English Place-Names
Napton on the Hill,"'Hill farm/settlement', perhaps reminiscent of the shape of an inverted bowl.",cnæpp Old English; hnæpp Old English - A bowl.; tūn Old English - An enclosure; a farmstead; a village; an estate.,Gover et al.; Place-names of Warwickshire; E. Ekwall; Dictionary of English Place-Names; A.D. Mills; Dictionary of English Place-Names; Watts; Cambridge Dictionary of English Place-names
Nether and Over Whitacre,'White cultivated land'.,"æcer Old English - A plot of cultivated land; a measure of land which a yoke of oxen could plough in a day. (Indistinguishable from akr.); hwīt Old English - White; in early Modern English sometimes ""infertile"" in contrast with black, ""fertile"".",Gover et al.; Place-names of Warwickshire; A.D. Mills; Dictionary of English Place-Names; E. Ekwall; Dictionary of English Place-Names; Watts; Cambridge Dictionary of English Place-names
New Milverton,'Mill-ford farm/settlement'. 'New' to distinguish from Old Milverton.,ford Old English - A ford.; myln Old English - A mill.; tūn Old English - An enclosure; a farmstead; a village; an estate.,Watts; Cambridge Dictionary of English Place-names; A.D. Mills; Dictionary of English Place-Names; E. Ekwall; Dictionary of English Place-Names; Gover et al.; Place-names of Warwickshire
Newbold on Avon,'New building' on the River Avon.,"bōðl Old English - A dwelling, a dwelling-place, a house.; nīwe Old English - New.; River-name Unknown - River-name",Watts; Cambridge Dictionary of English Place-names; E. Ekwall; Dictionary of English Place-Names; A.D. Mills; Dictionary of English Place-Names; Gover et al.; Place-names of Warwickshire
Newbold Pacey,'New building'. The de Pasci family held land here in the 13th century.,"bōðl Old English - A dwelling, a dwelling-place, a house.; Family name Unknown - Family name.; nīwe Old English - New.",E. Ekwall; Dictionary of English Place-Names; A.D. Mills; Dictionary of English Place-Names; Watts; Cambridge Dictionary of English Place-names; Gover et al.; Place-names of Warwickshire
Newton and Biggin,'New farm/settlement'.,"bigging Middle English - A building; later an outbuilding, an outhouse.; nīwe Old English - New.; tūn Old English - An enclosure; a farmstead; a village; an estate.",Watts; Cambridge Dictionary of English Place-names; A.D. Mills; Dictionary of English Place-Names; E. Ekwall; Dictionary of English Place-Names; Gover et al.; Place-names of Warwickshire
Newton Regis,'New farm/settlement'. It was a royal demesne until the reign of Henry II.,nīwe Old English - New.; rex Latin - A king.; tūn Old English - An enclosure; a farmstead; a village; an estate.,Gover et al.; Place-names of Warwickshire; A.D. Mills; Dictionary of English Place-Names; E. Ekwall; Dictionary of English Place-Names; Watts; Cambridge Dictionary of English Place-names
Northfield,'North open land'. It is north of King's Norton.,"feld Old English - Open country, unencumbered ground (eg. land without trees as opposed to forest, level ground as opposed to hills, land without buildings); arable land (from late tenth century).; norð Old English - Northern, north.",A.D. Mills; Dictionary of English Place-Names; Watts; Cambridge Dictionary of English Place-names; E. Ekwall; Dictionary of English Place-Names; Gover et al.; Place-names of Worcestershire
Norton Lindsey,'North farm/settlement'. 'Lindsey' may be after from the Limesi family from north of Rouen who held land here.,"Family name Unknown - Family name.; norð Old English - Northern, north.; tūn Old English - An enclosure; a farmstead; a village; an estate.",Watts; Cambridge Dictionary of English Place-names; A.D. Mills; Dictionary of English Place-Names; Gover et al.; Place-names of Warwickshire; E. Ekwall; Dictionary of English Place-Names
Nuneaton,'River farm/settlement'. Stephen founded a Benedictine nunnery here.,ēa Old English - A river.; nunne Old English - A nun.; tūn Old English - An enclosure; a farmstead; a village; an estate.,A.D. Mills; Dictionary of English Place-Names; Gover et al.; Place-names of Warwickshire; Watts; Cambridge Dictionary of English Place-names; E. Ekwall; Dictionary of English Place-Names
Nuthurst,'Nut-tree wooded hill'.,hnutu Old English - A nut; topographically also a nut-bearing tree.; hyrst Old English - A wooded hill.,Watts; Cambridge Dictionary of English Place-names; Gover et al.; Place-names of Warwickshire; E. Ekwall; Dictionary of English Place-Names; A.D. Mills; Dictionary of English Place-Names
Offchurch,'Offa's church'.,cirice Old English - A church.; Personal name (Old English) Old English - Personal name,Watts; Cambridge Dictionary of English Place-names; A.D. Mills; Dictionary of English Place-Names; Gover et al.; Place-names of Warwickshire; E. Ekwall; Dictionary of English Place-Names
Old Stratford,'Roman road ford'.,ald Old English; ford Old English - A ford.; strēt Old English,Watts; Cambridge Dictionary of English Place-names; A.D. Mills; Dictionary of English Place-Names; Gover et al.; Place-names of Warwickshire; E. Ekwall; Dictionary of English Place-Names
Oldberrow,"'*Ulla's hill' or possibly, 'owl hill'.",berg Old English; Personal name (Old English) Old English - Personal name; ūle Old English - An owl.,Gover et al.; Place-names of Worcestershire; Watts; Cambridge Dictionary of English Place-names; A.D. Mills; Dictionary of English Place-Names; E. Ekwall; Dictionary of English Place-Names
Oldbury,'Old fortification'.,ald Old English; burh Old English - A fortified place.,Watts; Cambridge Dictionary of English Place-names; E. Ekwall; Dictionary of English Place-Names; A.D. Mills; Dictionary of English Place-Names; Gover et al.; Place-names of Warwickshire
Oversley,"'Ofe's wood/clearing' or perhaps, 'ridge's wood/clearing', 'bank's wood/clearing'.","lēah Old English - A forest, wood, glade, clearing; (later) a pasture, meadow.; ōfer Old English - A margin; a river-bank, sea-shore.; ofer Old English - The tip of a promontory, a flat-topped ridge.; Personal name (Old English) Old English - Personal name",Gover et al.; Place-names of Warwickshire; Watts; Cambridge Dictionary of English Place-names; A.D. Mills; Dictionary of English Place-Names; E. Ekwall; Dictionary of English Place-Names
Oxhill,'Ohta's shelf'.,"Personal name (Old English) Old English - Personal name; scelf Old English - A shelf, a shelving terrain; a pinnacle, battlement.",E. Ekwall; Dictionary of English Place-Names; Gover et al.; Place-names of Warwickshire; Watts; Cambridge Dictionary of English Place-names; A.D. Mills; Dictionary of English Place-Names
Packwood,'Paca's wood'.,"Personal name (Old English) Old English - Personal name; wudu Old English - A wood; or wood, timber.",E. Ekwall; Dictionary of English Place-Names; Watts; Cambridge Dictionary of English Place-names; Gover et al.; Place-names of Warwickshire; A.D. Mills; Dictionary of English Place-Names
Pailton,'Farm/settlement connected with *Paegel'.,"-ingtūn Old English - A settlement called after, or connected with . . .; Personal name (Old English) Old English - Personal name",A.D. Mills; Dictionary of English Place-Names; Gover et al.; Place-names of Warwickshire; E. Ekwall; Dictionary of English Place-Names; Watts; Cambridge Dictionary of English Place-names
Pathlow Hundred,"Uncertain. Perhaps, an OE *patha,",hlāw Old English - A tumulus; a hill.; hundred Old English - One hundred; an administrative division of a county.; pæð Old English; Personal name (Old English) Old English - Personal name,"Gover, Mawer and Stenton, The Place-Names of Wiltshire; Anderson (unspecified work)"
Perry Barr,'Pear-tree'. Later affix from Great Barr.,pirige Old English - A pear-tree.; Place-name Unknown - Place-name,A.D. Mills; Dictionary of English Place-Names; E. Ekwall; Dictionary of English Place-Names; Watts; Cambridge Dictionary of English Place-names
Pillerton Hersey,'Farm/settlement connected with Pilheard'. John de Hersy held land here in 1235.,"-ingtūn Old English - A settlement called after, or connected with . . .; Family name Unknown - Family name.; Personal name (Old English) Old English - Personal name",A.D. Mills; Dictionary of English Place-Names; Watts; Cambridge Dictionary of English Place-names; Gover et al.; Place-names of Warwickshire; E. Ekwall; Dictionary of English Place-Names
Pillerton Priors,'Farm/settlement connected with Pilheard'. It was held by the Abbot of Evroult in 1086.,"-ingtūn Old English - A settlement called after, or connected with . . .; Personal name (Old English) Old English - Personal name; prior Middle English - A prior of a religious house.",Watts; Cambridge Dictionary of English Place-names; E. Ekwall; Dictionary of English Place-Names; Gover et al.; Place-names of Warwickshire; A.D. Mills; Dictionary of English Place-Names
Pinley,"'*Pinna's wood/clearing' or perhaps, 'pin-shaped wood/clearing'.","lēah Old English - A forest, wood, glade, clearing; (later) a pasture, meadow.; Personal name (Old English) Old English - Personal name; pinn Old English - A pin, a peg.",E. Ekwall; Dictionary of English Place-Names; Gover et al.; Place-names of Warwickshire; Watts; Cambridge Dictionary of English Place-names; A.D. Mills; Dictionary of English Place-Names
Polesworth,'*Poll's enclosure'.,Personal name (Old English) Old English - Personal name; worð Old English - An enclosure.,Gover et al.; Place-names of Warwickshire; Watts; Cambridge Dictionary of English Place-names; E. Ekwall; Dictionary of English Place-Names; A.D. Mills; Dictionary of English Place-Names
Preston Bagot,'Priest farm/settlement'. It was held by Ingeram Bagot.,Family name Unknown - Family name.; prēost Old English - A priest.; tūn Old English - An enclosure; a farmstead; a village; an estate.,Gover et al.; Place-names of Warwickshire; E. Ekwall; Dictionary of English Place-Names; A.D. Mills; Dictionary of English Place-Names; Watts; Cambridge Dictionary of English Place-names
Preston on Stour,'Priests' farm/settlement' on the River Stour.,prēost Old English - A priest.; tūn Old English - An enclosure; a farmstead; a village; an estate.,E. Ekwall; Dictionary of English Place-Names; A.D. Mills; Dictionary of English Place-Names; Smith; Place-names of Gloucestershire; Watts; Cambridge Dictionary of English Place-names
Princethorpe,'Praen's outlying farm/settlement'.,"Personal name (Old English) Old English - Personal name; þorp Old Norse - A secondary settlement, a dependent outlying farmstead or hamlet.",Gover et al.; Place-names of Warwickshire; E. Ekwall; Dictionary of English Place-Names; A.D. Mills; Dictionary of English Place-Names; Watts; Cambridge Dictionary of English Place-names
Priors Hardwick,'Herd farm'. It was granted to Coventry Priory in 1043.,heorde-wīc Old English - A herd farm.; priorie Middle English - A priory.,E. Ekwall; Dictionary of English Place-Names; Gover et al.; Place-names of Warwickshire; Watts; Cambridge Dictionary of English Place-names; A.D. Mills; Dictionary of English Place-Names
Priors Marston,'Marsh farm/settlement'. It was held by the Prior of Coventry in 1242.,mersc Old English - A marsh.; prior Middle English - A prior of a religious house.; tūn Old English - An enclosure; a farmstead; a village; an estate.,A.D. Mills; Dictionary of English Place-Names; Gover et al.; Place-names of Warwickshire; E. Ekwall; Dictionary of English Place-Names; Watts; Cambridge Dictionary of English Place-names
Quinton,'Queen's farm/settlement.,"cwēn Old English - A queen, the wife or consort of a king.; tūn Old English - An enclosure; a farmstead; a village; an estate.",Smith; Place-names of Gloucestershire; Watts; Cambridge Dictionary of English Place-names; A.D. Mills; Dictionary of English Place-Names; E. Ekwall; Dictionary of English Place-Names
Radford Semele,'Red ford'. The Simely family held land here in the 12th century.,Family name Unknown - Family name.; ford Old English - A ford.; rēad Old English - Red.,A.D. Mills; Dictionary of English Place-Names; Watts; Cambridge Dictionary of English Place-names; E. Ekwall; Dictionary of English Place-Names; Gover et al.; Place-names of Warwickshire
Radway,"Uncertain. 'Red way' or perhaps, 'road suitable for riding'.","rād-weg Old English - A roadway, a road broad enough for riding along.; rēad Old English - Red.; weg Old English - A road.",Gover et al.; Place-names of Warwickshire; E. Ekwall; Dictionary of English Place-Names; Watts; Cambridge Dictionary of English Place-names; A.D. Mills; Dictionary of English Place-Names
Ratley and Upton,"Uncertain. 'Rota's wood/clearing', 'root wood/clearing' or 'cheerful wood/clearing'.","lēah Old English - A forest, wood, glade, clearing; (later) a pasture, meadow.; Personal name (Old English) Old English - Personal name; rōt Old English - Cheerful.; tūn Old English - An enclosure; a farmstead; a village; an estate.; upp Old English - Up, higher up, upon.",Gover et al.; Place-names of Warwickshire; A.D. Mills; Dictionary of English Place-Names; E. Ekwall; Dictionary of English Place-Names; Watts; Cambridge Dictionary of English Place-names
Ridgeacre,'Ridge cultivated-land'.,æcer Old English - A plot of cultivated land; a measure of land which a yoke of oxen could plough in a day. (Indistinguishable from akr.); hrycg Old English - A ridge.,A.D. Mills; Dictionary of English Place-Names; Watts; Cambridge Dictionary of English Place-names; Gover et al.; Place-names of Worcestershire; E. Ekwall; Dictionary of English Place-Names
Rowington,'Farm/settlement connected with Hroca'.,"-ingtūn Old English - A settlement called after, or connected with . . .; Personal name (Old English) Old English - Personal name",Watts; Cambridge Dictionary of English Place-names; A.D. Mills; Dictionary of English Place-Names; E. Ekwall; Dictionary of English Place-Names; Gover et al.; Place-names of Warwickshire
Rugby,"'*Hroca's fortification'. Less likely, perhaps, is 'rook fortification'.",burh Old English - A fortified place.; hrōc Old English - A rook.; Personal name (Old English) Old English - Personal name,E. Ekwall; Dictionary of English Place-Names; Gover et al.; Place-names of Warwickshire; Watts; Cambridge Dictionary of English Place-names; A.D. Mills; Dictionary of English Place-Names
Ryton on Dunsmore,'Rye farm/settlement on Dunn's moor'.,in Old English - In.; mór Old Norse - A marsh; barren upland.; Personal name (Old English) Old English - Personal name; ryge Old English - Rye.; tūn Old English - An enclosure; a farmstead; a village; an estate.,E. Ekwall; Dictionary of English Place-Names; Watts; Cambridge Dictionary of English Place-names; A.D. Mills; Dictionary of English Place-Names; Gover et al.; Place-names of Warwickshire
Salford Priors,'Salt ford'. The manor was granted to Kenilworth Priory in 1122.,ford Old English - A ford.; salt Old English,A.D. Mills; Dictionary of English Place-Names; Watts; Cambridge Dictionary of English Place-names; Gover et al.; Place-names of Warwickshire; E. Ekwall; Dictionary of English Place-Names
Sambourn,'Sand stream'.,burna Old English - A stream.; sand Old English - Sand.,E. Ekwall; Dictionary of English Place-Names; Gover et al.; Place-names of Warwickshire; A.D. Mills; Dictionary of English Place-Names; Watts; Cambridge Dictionary of English Place-names
Seckington,'Secca's hill'.,dūn Old English - A hill.; Personal name (Old English) Old English - Personal name,Watts; Cambridge Dictionary of English Place-names; Gover et al.; Place-names of Warwickshire; E. Ekwall; Dictionary of English Place-Names; A.D. Mills; Dictionary of English Place-Names
Sheldon,'Shelf hill'.,"dūn Old English - A hill.; scelf Old English - A shelf, a shelving terrain; a pinnacle, battlement.",A.D. Mills; Dictionary of English Place-Names; Watts; Cambridge Dictionary of English Place-names; E. Ekwall; Dictionary of English Place-Names; Gover et al.; Place-names of Warwickshire
Sherborne,'Bright/clear stream'.,"burna Old English - A stream.; scīr Old English - A shire, a jurisdiction, an administrative district, a county.",Gover et al.; Place-names of Warwickshire; A.D. Mills; Dictionary of English Place-Names; Watts; Cambridge Dictionary of English Place-names; E. Ekwall; Dictionary of English Place-Names
Shilton,'Shelf farm/settlement'.,"scelf Old English - A shelf, a shelving terrain; a pinnacle, battlement.; tūn Old English - An enclosure; a farmstead; a village; an estate.",A.D. Mills; Dictionary of English Place-Names; Watts; Cambridge Dictionary of English Place-names; E. Ekwall; Dictionary of English Place-Names; Gover et al.; Place-names of Warwickshire
Shipston on Stour,'Sheep-wash farm/settlement' on the River Stour.,River-name Unknown - River-name; scēp-wæsce Old English; tūn Old English - An enclosure; a farmstead; a village; an estate.,Gover et al.; Place-names of Worcestershire; A.D. Mills; Dictionary of English Place-Names; Watts; Cambridge Dictionary of English Place-names; E. Ekwall; Dictionary of English Place-Names
Shotteswell,'Scot's spring/stream'.,Personal name (Old English) Old English - Personal name; wella Old English,A.D. Mills; Dictionary of English Place-Names; E. Ekwall; Dictionary of English Place-Names; Gover et al.; Place-names of Warwickshire; Watts; Cambridge Dictionary of English Place-names
Shrewley,"''Hovel wood/clearing', 'hollow wood/clearing' or 'wood/clearing with caves/pits'.","lēah Old English - A forest, wood, glade, clearing; (later) a pasture, meadow.; scræf Old English - A cavern, a hole in the ground; a hovel, a hut.",Watts; Cambridge Dictionary of English Place-names; Gover et al.; Place-names of Warwickshire; E. Ekwall; Dictionary of English Place-Names; A.D. Mills; Dictionary of English Place-Names
Shustoke,"Possibly, '*Sceot's outlying farmstead/settlement' or perhaps, 'steep-slope outlying farm/settlement'.","Personal name (Old English) Old English - Personal name; sceot Old English - A shooting; a rapid movement.; stoc Old English - A place, a secondary settlement.",E. Ekwall; Dictionary of English Place-Names; A.D. Mills; Dictionary of English Place-Names; Gover et al.; Place-names of Warwickshire; Watts; Cambridge Dictionary of English Place-names
Shuttington,'Farm/settlement connected with *Scytta'.,"-ingtūn Old English - A settlement called after, or connected with . . .; Personal name (Old English) Old English - Personal name",A.D. Mills; Dictionary of English Place-Names; Watts; Cambridge Dictionary of English Place-names; Gover et al.; Place-names of Warwickshire; E. Ekwall; Dictionary of English Place-Names
Snitterfield,'Snipe open land'.,"feld Old English - Open country, unencumbered ground (eg. land without trees as opposed to forest, level ground as opposed to hills, land without buildings); arable land (from late tenth century).; snīte Old English - A snipe.",E. Ekwall; Dictionary of English Place-Names; Watts; Cambridge Dictionary of English Place-names; Gover et al.; Place-names of Warwickshire; A.D. Mills; Dictionary of English Place-Names
Solihull,"Either, 'muddy hill' or 'pig-sty hill'.","hyll Old English - A hill, a natural eminence or elevated piece of ground.; sulig Old English - A pigsty.; sylig Old English - Muddy.",Gover et al.; Place-names of Warwickshire; A.D. Mills; Dictionary of English Place-Names; Watts; Cambridge Dictionary of English Place-names; E. Ekwall; Dictionary of English Place-Names
Southam,'South homestead/village' or 'south hemmed-in land'.,"hām Old English - A village, a village community, a manor, an estate, a homestead.; hamm Old English - Land hemmed in by water or marsh (perhaps also by high ground); a river-meadow; cultivated plot on the edge of woodland or moor.; sūð Old English - South, southern.",Gover et al.; Place-names of Warwickshire; Watts; Cambridge Dictionary of English Place-names; A.D. Mills; Dictionary of English Place-Names; E. Ekwall; Dictionary of English Place-Names
Spernall,The second element is probably 'bank'. The first element is obscure.,"Obscure element Unknown - Obscure element; ōfer Old English - A margin; a river-bank, sea-shore.; ōra Old English - A shore, hill-slope; possibly also the foot of a slope.  (Used in place-names only in the parts of southern England where Jutish and West Saxon dialects were operative.)",A.D. Mills; Dictionary of English Place-Names; E. Ekwall; Dictionary of English Place-Names; Gover et al.; Place-names of Warwickshire; Watts; Cambridge Dictionary of English Place-names
Stivitchall,'Tree-stump nook of land'.,"halh Old English - A nook of land; a small valley; dry ground in marsh; a piece of land projecting from, or detached from, the main area of its administrative unit.; styfic Old English - A stump.",Gover et al.; Place-names of Warwickshire; E. Ekwall; Dictionary of English Place-Names; A.D. Mills; Dictionary of English Place-Names; Watts; Cambridge Dictionary of English Place-names
Stockton,'Farm/settlement at an outlying farm/settlement' or 'log-built farm/settlement'.,"stoc Old English - A place, a secondary settlement.; stocc Old English - A tree-trunk, a stump, a log of wood, a stock (esp. in boundary marks or place-names that denote structures made of logs); a set of stocks as an engine of punishment.; tūn Old English - An enclosure; a farmstead; a village; an estate.",A.D. Mills; Dictionary of English Place-Names; Gover et al.; Place-names of Warwickshire; E. Ekwall; Dictionary of English Place-Names; Watts; Cambridge Dictionary of English Place-names
Stoke,'Outlying farm/settlement'.,"stoc Old English - A place, a secondary settlement.",A.D. Mills; Dictionary of English Place-Names; E. Ekwall; Dictionary of English Place-Names; Cameron; Place-names of Derbyshire; Watts; Cambridge Dictionary of English Place-names
Stoke,'Outlying farm/settlement'.,"stoc Old English - A place, a secondary settlement.",Gover et al.; Place-names of Warwickshire; E. Ekwall; Dictionary of English Place-Names; A.D. Mills; Dictionary of English Place-Names; Watts; Cambridge Dictionary of English Place-names
Stoneleigh,"'Stone wood/clearing'. The DB hundred takes its name from Stoneleigh. It was superceded by the ship soke of Knightlow (see entry) in the 12th century. The meeting-place was probably Motslow Hill, from OE (ge)mot + hlaw, 'meeting mound/hill', which is oppo","hundred Old English - One hundred; an administrative division of a county.; lēah Old English - A forest, wood, glade, clearing; (later) a pasture, meadow.; stān Old English - A stone, stone, rock.",Watts; Cambridge Dictionary of English Place-names; A.D. Mills; Dictionary of English Place-Names; Gover et al.; Place-names of Warwickshire; Anderson (unspecified work); E. Ekwall; Dictionary of English Place-Names
Stoneton,'Stone farm/settlement'.,"stān Old English - A stone, stone, rock.; tūn Old English - An enclosure; a farmstead; a village; an estate.",E. Ekwall; Dictionary of English Place-Names; A.D. Mills; Dictionary of English Place-Names; Watts; Cambridge Dictionary of English Place-names; Gover et al.; Place-names of Warwickshire
Stourton,'River Stour farm/settlement'.,River-name Unknown - River-name; tūn Old English - An enclosure; a farmstead; a village; an estate.,A.D. Mills; Dictionary of English Place-Names; Gover et al.; Place-names of Warwickshire; E. Ekwall; Dictionary of English Place-Names; Watts; Cambridge Dictionary of English Place-names
Stratford on Avon,'Roman road ford' on the River Avon. The reference is to a cross road from Ryknild Street at Alcester to Stratford.,ford Old English - A ford.; River-name Unknown - River-name; strēt Old English,E. Ekwall; Dictionary of English Place-Names; A.D. Mills; Dictionary of English Place-Names; Watts; Cambridge Dictionary of English Place-names; Gover et al.; Place-names of Warwickshire
Stretton on Dunsmore,'Roman road farm/settlement on Dunn's moor'. It is situated on the Fosse Way.,"mōr Old English - A marsh, barren upland.; Personal name (Old English) Old English - Personal name; strēt Old English; super Latin - On, above.; tūn Old English - An enclosure; a farmstead; a village; an estate.",Watts; Cambridge Dictionary of English Place-names; Gover et al.; Place-names of Warwickshire; E. Ekwall; Dictionary of English Place-Names; A.D. Mills; Dictionary of English Place-Names
Stretton on Fosse,'Roman road farm/settlement' on the Fosse Way.,strēt Old English; tūn Old English - An enclosure; a farmstead; a village; an estate.,A.D. Mills; Dictionary of English Place-Names; Watts; Cambridge Dictionary of English Place-names; E. Ekwall; Dictionary of English Place-Names; Gover et al.; Place-names of Warwickshire
Stretton under Fosse,Roman road farm/settlement'. It is situated on the SE side of the Fosse Way.,strēt Old English; tūn Old English - An enclosure; a farmstead; a village; an estate.,A.D. Mills; Dictionary of English Place-Names; Watts; Cambridge Dictionary of English Place-names; E. Ekwall; Dictionary of English Place-Names; Gover et al.; Place-names of Warwickshire
Studley,'Stud wood/clearing'.,"lēah Old English - A forest, wood, glade, clearing; (later) a pasture, meadow.; stōd Old English - A stud, a herd of horses.",Gover et al.; Place-names of Warwickshire; Watts; Cambridge Dictionary of English Place-names; A.D. Mills; Dictionary of English Place-Names; E. Ekwall; Dictionary of English Place-Names
Sutton Coldfield,"'South farm/settlement' with 'charcoal open land', probably referrring to a place where charcoal was produced.","col Old English - Coal, especially charcoal.; feld Old English - Open country, unencumbered ground (eg. land without trees as opposed to forest, level ground as opposed to hills, land without buildings); arable land (from late tenth century).; sūð Old English - South, southern.; tūn Old English - An enclosure; a farmstead; a village; an estate.",Gover et al.; Place-names of Warwickshire; E. Ekwall; Dictionary of English Place-Names; A.D. Mills; Dictionary of English Place-Names; Watts; Cambridge Dictionary of English Place-names
Sutton under Brailes,'South farm/settlement'. It is c. 2 miles south of Brailes.,"Place-name Unknown - Place-name; sūð Old English - South, southern.; tūn Old English - An enclosure; a farmstead; a village; an estate.",E. Ekwall; Dictionary of English Place-Names; Gover et al.; Place-names of Warwickshire; Watts; Cambridge Dictionary of English Place-names; A.D. Mills; Dictionary of English Place-Names
Tamworth,'River Tame enclosure'.,River-name Unknown - River-name; worðig Old English - An enclosure.,A.D. Mills; Dictionary of English Place-Names; E. Ekwall; Dictionary of English Place-Names; Watts; Cambridge Dictionary of English Place-names
Tanworth,"'Branch enclosure', or perhaps, less likely, is '*Tana's enclosure'.","Personal name (Old English) Old English - Personal name; tān Old English - A twig, a sprout, a shoot; possibly also a stake.",Watts; Cambridge Dictionary of English Place-names; A.D. Mills; Dictionary of English Place-Names; E. Ekwall; Dictionary of English Place-Names; Gover et al.; Place-names of Warwickshire
Temple Grafton,"Uncertain. 'Pit/trench farm/settlement' or perhaps, 'grove farm/settlement'. The Knights Templar are not known to have held land here, but the Hospitallers had an estate here in 1189.","græf Old English - A digging, a grave, a pit, a trench.; grāf Old English - A grove, a copse.; temple Middle English - A temple; usually in allusion to properties of the Knights Templar.; tūn Old English - An enclosure; a farmstead; a village; an estate.",Gover et al.; Place-names of Warwickshire; Watts; Cambridge Dictionary of English Place-names; E. Ekwall; Dictionary of English Place-Names; A.D. Mills; Dictionary of English Place-Names
Thurlaston,'Thorlaf's farm/settlement'.,Personal name (Old Norse) Old Norse - Personal name; tūn Old English - An enclosure; a farmstead; a village; an estate.,Watts; Cambridge Dictionary of English Place-names; Gover et al.; Place-names of Warwickshire; A.D. Mills; Dictionary of English Place-Names; E. Ekwall; Dictionary of English Place-Names
Tidmington,'Farm/settlement connected with Tidhelm'.,"-ingtūn Old English - A settlement called after, or connected with . . .; Personal name (Old English) Old English - Personal name",Watts; Cambridge Dictionary of English Place-names; Gover et al.; Place-names of Worcestershire; E. Ekwall; Dictionary of English Place-Names; A.D. Mills; Dictionary of English Place-Names
Tredington,'Farm/settlement connected with Tyrdda/*Treda'.,"-ingtūn Old English - A settlement called after, or connected with . . .; Personal name (Old English) Old English - Personal name",A.D. Mills; Dictionary of English Place-Names; E. Ekwall; Dictionary of English Place-Names; Watts; Cambridge Dictionary of English Place-names; Gover et al.; Place-names of Worcestershire
Tremelau Hundred,,hlāw Old English - A tumulus; a hill.; hundred Old English - One hundred; an administrative division of a county.; þrēo Old English - Three.,"Gover, Mawer and Stenton, The Place-Names of Wiltshire; Anderson (unspecified work)"
Tysoe Upper Middle and Lower,'Tiw's hill-spur'.,hōh Old English - A heel; a sharply projecting piece of ground.; Tīw Old English - A heathen Germanic God.,E. Ekwall; Dictionary of English Place-Names; Watts; Cambridge Dictionary of English Place-names; A.D. Mills; Dictionary of English Place-Names; Gover et al.; Place-names of Warwickshire
Ufton,"Uncertain. Possibly, 'Wulfwiht's farm/settlement' or perhaps, 'hovel farm/settlement'.","hulu Old English - A shed, a hovel.; Personal name (Old English) Old English - Personal name; tūn Old English - An enclosure; a farmstead; a village; an estate.",E. Ekwall; Dictionary of English Place-Names; A.D. Mills; Dictionary of English Place-Names; Watts; Cambridge Dictionary of English Place-names; Gover et al.; Place-names of Warwickshire
Upper and Lower Radbourn,'Reedy stream'.,"burna Old English - A stream.; hrēod Old English - A reed, a rush; a reed-bed.",Watts; Cambridge Dictionary of English Place-names; E. Ekwall; Dictionary of English Place-Names; A.D. Mills; Dictionary of English Place-Names; Gover et al.; Place-names of Warwickshire
Upper and Lower Shuckburgh,'Evil-spirit hill/mound'.,"berg Old English; scucca Old English - An evil spirit, a demon.",Watts; Cambridge Dictionary of English Place-names; E. Ekwall; Dictionary of English Place-Names; Gover et al.; Place-names of Warwickshire; A.D. Mills; Dictionary of English Place-Names
Walsgrave on Sowe,"Originally, just 'Sowe' after the river. Walsgrave, 'forest grove', is an old name in the parish.","grāf Old English - A grove, a copse.; River-name Unknown - River-name; wald Old English",Gover et al.; Place-names of Warwickshire; A.D. Mills; Dictionary of English Place-Names; E. Ekwall; Dictionary of English Place-Names; Watts; Cambridge Dictionary of English Place-names
Wappenbury,'*Weappa's fortification'. The village is enclosed by the ramparts of a large mid-late Iron Age fort.,burh Old English - A fortified place.; Personal name (Old English) Old English - Personal name,Watts; Cambridge Dictionary of English Place-names; Gover et al.; Place-names of Warwickshire; E. Ekwall; Dictionary of English Place-Names; A.D. Mills; Dictionary of English Place-Names
Warmington,'Farm/settlement connected with *Waerma'.,"-ingtūn Old English - A settlement called after, or connected with . . .; Personal name (Old English) Old English - Personal name",A.D. Mills; Dictionary of English Place-Names; E. Ekwall; Dictionary of English Place-Names; Watts; Cambridge Dictionary of English Place-names; Gover et al.; Place-names of Warwickshire
Warwick,'Specialised farm by a weir'.,"wering Old English - A river-dam.; wīc Old English - A dwelling; a building or collection of buildings for special purposes; a farm, a dairy farm; a trading or industrial settlement; or (in the plural) a hamlet, village.",E. Ekwall; Dictionary of English Place-Names; Watts; Cambridge Dictionary of English Place-names; Gover et al.; Place-names of Warwickshire; A.D. Mills; Dictionary of English Place-Names
Wasperton,'Pear orchard on alluvium'.,"peru Old English - A pear, the fruit of the pear-tree.; tūn Old English - An enclosure; a farmstead; a village; an estate.; wæsse Old English",Gover et al.; Place-names of Warwickshire; Watts; Cambridge Dictionary of English Place-names; E. Ekwall; Dictionary of English Place-Names; A.D. Mills; Dictionary of English Place-Names
Watergall,'Spongy ground'.,galle Middle English - A barren or unfertile place in a field; a spongy place.; water Middle English - water,A.D. Mills; Dictionary of English Place-Names; E. Ekwall; Dictionary of English Place-Names; Gover et al.; Place-names of Warwickshire; Watts; Cambridge Dictionary of English Place-names
Weddington,"Possibly, 'farm/settlement connected with *Hwaet' or perhaps, 'farm/settlement at Waeting (= the wet place)'.","-ingtūn Old English - A settlement called after, or connected with . . .; Personal name (Old English) Old English - Personal name; wǣt Old English - Wet.",E. Ekwall; Dictionary of English Place-Names; Gover et al.; Place-names of Warwickshire; Watts; Cambridge Dictionary of English Place-names; A.D. Mills; Dictionary of English Place-Names
Weethley,'Willow-tree wood/clearing'.,"lēah Old English - A forest, wood, glade, clearing; (later) a pasture, meadow.; wīðig Old English - A willow-tree; a withy.",Gover et al.; Place-names of Warwickshire; A.D. Mills; Dictionary of English Place-Names; E. Ekwall; Dictionary of English Place-Names; Watts; Cambridge Dictionary of English Place-names
Welford on Avon,'Spring/stream ford' on the River Avon.,ford Old English - A ford.; wella Old English,A.D. Mills; Dictionary of English Place-Names; Watts; Cambridge Dictionary of English Place-names; Smith; Place-names of Gloucestershire
Wellesbourne Hastings,"Uncertain. Perhaps, 'pool stream' or 'Weale's stream'. The de Hastanges family held land here in the 14th century.",burna Old English - A stream.; Family name Unknown - Family name.; Personal name (Old English) Old English - Personal name; wēl Old English,Watts; Cambridge Dictionary of English Place-names; Gover et al.; Place-names of Warwickshire; E. Ekwall; Dictionary of English Place-Names; A.D. Mills; Dictionary of English Place-Names
Wellesbourne Mountford,"Uncertain. Perhaps, 'pool stream' or 'Weale's stream'. The de Munford family held land here in the 12th century.",burna Old English - A stream.; Family name Unknown - Family name.; Personal name (Old English) Old English - Personal name; wēl Old English,E. Ekwall; Dictionary of English Place-Names; A.D. Mills; Dictionary of English Place-Names; Watts; Cambridge Dictionary of English Place-names; Gover et al.; Place-names of Warwickshire
Weston on Avon,'West farm/settlement'.,"tūn Old English - An enclosure; a farmstead; a village; an estate.; west Old English - Western, west.",Watts; Cambridge Dictionary of English Place-names; E. Ekwall; Dictionary of English Place-Names; Smith; Place-names of Gloucestershire; A.D. Mills; Dictionary of English Place-Names
Weston under Wetherly,'West farm/settlement' under 'hunting wood/clearing'.,"lēah Old English - A forest, wood, glade, clearing; (later) a pasture, meadow.; sub Latin - Below, underneath.; tūn Old English - An enclosure; a farmstead; a village; an estate.; wǣðe Old English - Hunting.; west Old English - Western, west.",E. Ekwall; Dictionary of English Place-Names; A.D. Mills; Dictionary of English Place-Names; Gover et al.; Place-names of Warwickshire; Watts; Cambridge Dictionary of English Place-names
Whatcote,'Wheat cottages'.,"cot Old English - A cottage, a hut, a shelter, a den.; hwǣte Old English - Wheat.",E. Ekwall; Dictionary of English Place-Names; A.D. Mills; Dictionary of English Place-Names; Gover et al.; Place-names of Warwickshire; Watts; Cambridge Dictionary of English Place-names
Whichford,"'Wych-elm ford' or perhaps, 'Hwicce ford'.",ford Old English - A ford.; Tribal-Name Unknown - Tribal-name.; wice Old English - A wych-elm-tree.,A.D. Mills; Dictionary of English Place-Names; Gover et al.; Place-names of Warwickshire; Watts; Cambridge Dictionary of English Place-names; E. Ekwall; Dictionary of English Place-Names
Whitchurch,'White church'.,"cirice Old English - A church.; hwīt Old English - White; in early Modern English sometimes ""infertile"" in contrast with black, ""fertile"".",E. Ekwall; Dictionary of English Place-Names; Watts; Cambridge Dictionary of English Place-names; Gover et al.; Place-names of Warwickshire; A.D. Mills; Dictionary of English Place-Names
Whitnash,'White ash-tree'.,"æsc Old English; hwīt Old English - White; in early Modern English sometimes ""infertile"" in contrast with black, ""fertile"".",Watts; Cambridge Dictionary of English Place-names; E. Ekwall; Dictionary of English Place-Names; A.D. Mills; Dictionary of English Place-Names; Gover et al.; Place-names of Warwickshire
Wibtoft,"'Wibba's curtilage' or perhaps, 'Vibbi's curtilage'.","Personal name (Old English) Old English - Personal name; Personal name (Old Norse) Old Norse - Personal name; topt Old Norse - A building site, a curtilage, a messuage.",E. Ekwall; Dictionary of English Place-Names; Gover et al.; Place-names of Warwickshire; A.D. Mills; Dictionary of English Place-Names; Watts; Cambridge Dictionary of English Place-names
Willenhall,'Willow-tree nook of land'.,"halh Old English - A nook of land; a small valley; dry ground in marsh; a piece of land projecting from, or detached from, the main area of its administrative unit.; wiligen Old English - Growing with willows.",E. Ekwall; Dictionary of English Place-Names; A.D. Mills; Dictionary of English Place-Names; Gover et al.; Place-names of Warwickshire; Watts; Cambridge Dictionary of English Place-names
Willey,'Willow-tree wood/clearing'.,"lēah Old English - A forest, wood, glade, clearing; (later) a pasture, meadow.; wēoh Old English - Holy.; wilig Old English",E. Ekwall; Dictionary of English Place-Names; A.D. Mills; Dictionary of English Place-Names; Gover et al.; Place-names of Warwickshire; Watts; Cambridge Dictionary of English Place-names
Willoughby,'Willow-tree farm/settlement' or 'willow-tree circle'.,"bēag Old English - A ring, a circle; topographically probably the circular bend of a river or in allusion to other things of ring-like form.; bȳ Old Norse - A farmstead, a village.; wilig Old English",Watts; Cambridge Dictionary of English Place-names; A.D. Mills; Dictionary of English Place-Names; Gover et al.; Place-names of Warwickshire; E. Ekwall; Dictionary of English Place-Names
Wills Pastures,"'Land', belonging to the family of John Willes.",Family name Unknown - Family name.; land Old English - Land (as part of earth's surface); an estate; possibly also new arable area.  In minor and field names: strip in a field-system.,E. Ekwall; Dictionary of English Place-Names; Watts; Cambridge Dictionary of English Place-names; Gover et al.; Place-names of Warwickshire; A.D. Mills; Dictionary of English Place-Names
Wilnecote,'Wilmund's cottage'.,"cot Old English - A cottage, a hut, a shelter, a den.; Personal name (Old English) Old English - Personal name",E. Ekwall; Dictionary of English Place-Names; Gover et al.; Place-names of Warwickshire; A.D. Mills; Dictionary of English Place-Names; Watts; Cambridge Dictionary of English Place-names
Wishaw,"Uncertain. 'Wood by the bend' or perhaps, 'willow-tree wood'.",sceaga Old English - A small wood.; wīðig Old English - A willow-tree; a withy.; wiht Old English - A bend.,Gover et al.; Place-names of Warwickshire; A.D. Mills; Dictionary of English Place-Names; E. Ekwall; Dictionary of English Place-Names; Watts; Cambridge Dictionary of English Place-names
Withybrook,'Willow-tree brook'.,"brōc Old English - A brook, a stream.  (Used of a stream with a muddy bed and a visible sediment load.); wīðig Old English - A willow-tree; a withy.",Gover et al.; Place-names of Warwickshire; E. Ekwall; Dictionary of English Place-Names; A.D. Mills; Dictionary of English Place-Names; Watts; Cambridge Dictionary of English Place-names
Wixford,'Wihtlac's ford'.,ford Old English - A ford.; Personal name (Old English) Old English - Personal name,E. Ekwall; Dictionary of English Place-Names; Watts; Cambridge Dictionary of English Place-names; Gover et al.; Place-names of Warwickshire; A.D. Mills; Dictionary of English Place-Names
Wolfhampcote,'Wulfhelm's cottage(s)'.,"cot Old English - A cottage, a hut, a shelter, a den.; Personal name (Old English) Old English - Personal name",Watts; Cambridge Dictionary of English Place-names; Gover et al.; Place-names of Warwickshire; E. Ekwall; Dictionary of English Place-Names; A.D. Mills; Dictionary of English Place-Names
Wolston,'Wulfric's farm/settlement'.,Personal name (Old English) Old English - Personal name; tūn Old English - An enclosure; a farmstead; a village; an estate.,Watts; Cambridge Dictionary of English Place-names; Gover et al.; Place-names of Warwickshire; A.D. Mills; Dictionary of English Place-Names; E. Ekwall; Dictionary of English Place-Names
Wolverton,'Farm/settlement connected with Wulfweard'.,"-ingtūn Old English - A settlement called after, or connected with . . .; Personal name (Old English) Old English - Personal name",E. Ekwall; Dictionary of English Place-Names; Watts; Cambridge Dictionary of English Place-names; A.D. Mills; Dictionary of English Place-Names; Gover et al.; Place-names of Warwickshire
Wolvey,"Probably, 'wolf island'. 'Wolf enclosure' or 'wolf hedge' have also been suggested.","ēg Old English - An island.  In ancient settlement-names, most frequently refers to dry ground surrounded by marsh.  Also used of islands in modern sense.  In late OE names: well-watered land.; hæg Old English - A fence, an enclosure.; hege Old English - A hedge, a fence.; wulf Old English - A wolf.",A.D. Mills; Dictionary of English Place-Names; E. Ekwall; Dictionary of English Place-Names; Watts; Cambridge Dictionary of English Place-names; Gover et al.; Place-names of Warwickshire
Wootton Wawen,"'Wood farm/settlement'. One 'Wagen(e)' was the lord of the manor, prior to the Norman Conquest.","Personal name (Uncertain) Unknown - Personal name; tūn Old English - An enclosure; a farmstead; a village; an estate.; wudu Old English - A wood; or wood, timber.",A.D. Mills; Dictionary of English Place-Names; Watts; Cambridge Dictionary of English Place-names; Gover et al.; Place-names of Warwickshire; E. Ekwall; Dictionary of English Place-Names
Wormleighton,'*Wilma's leek enclosure/herb garden'.,lēac-tūn Old English - A leek enclosure; a herb garden.; Personal name (Old English) Old English - Personal name,E. Ekwall; Dictionary of English Place-Names; Gover et al.; Place-names of Warwickshire; Watts; Cambridge Dictionary of English Place-names; A.D. Mills; Dictionary of English Place-Names
Wroxall,'Buzzard's nook of land'.,"halh Old English - A nook of land; a small valley; dry ground in marsh; a piece of land projecting from, or detached from, the main area of its administrative unit.; wrocc Old English - A bird of prey, probably a buzzard.",E. Ekwall; Dictionary of English Place-Names; Watts; Cambridge Dictionary of English Place-names; A.D. Mills; Dictionary of English Place-Names; Gover et al.; Place-names of Warwickshire
Wyken,'Specialised farm'.,"wīc Old English - A dwelling; a building or collection of buildings for special purposes; a farm, a dairy farm; a trading or industrial settlement; or (in the plural) a hamlet, village.",Gover et al.; Place-names of Warwickshire; E. Ekwall; Dictionary of English Place-Names; A.D. Mills; Dictionary of English Place-Names; Watts; Cambridge Dictionary of English Place-names
Yardley,"The significance of the specific is unclear. Perhaps, 'rod/twig wood/clearing '.","gyrd Old English - Yard, rod, staff, twig.; lēah Old English - A forest, wood, glade, clearing; (later) a pasture, meadow.",Watts; Cambridge Dictionary of English Place-names; Gover et al.; Place-names of Worcestershire; A.D. Mills; Dictionary of English Place-Names; E. Ekwall; Dictionary of English Place-Names
