PlaceName,Etymology,Derivation,ReferenceTitle
Acaster Malbis,'River Roman site'. One of two Roman fortifications established to defend York against potential attackers sailing up the River Ouse. The other is at Acaster Selby. It was held by the Malbis family 12th-15th century.,á Old Norse - A river.; ceaster Old English - A city; an old fortification; a Roman site.; Family name Unknown - Family name.,A.D. Mills; Dictionary of English Place-Names; Watts; Cambridge Dictionary of English Place-names; Smith; Place-names of the West Riding of Yorkshire; E. Ekwall; Dictionary of English Place-Names
Acklam with Barthorpe,'At the oak woods/clearings'. 'Borkr's outlying farm/settlement'.,"āc Old English - An oak-tree.; lēah Old English - A forest, wood, glade, clearing; (later) a pasture, meadow.; Personal name (Old Norse) Old Norse - Personal name; þorp Old Norse - A secondary settlement, a dependent outlying farmstead or hamlet.",A.D. Mills; Dictionary of English Place-Names; E. Ekwall; Dictionary of English Place-Names; Watts; Cambridge Dictionary of English Place-names; Smith; Place-names of the East Riding of Yorkshire
Aike,'Oak-tree'.,āc Old English - An oak-tree.,A.D. Mills; Dictionary of English Place-Names; Smith; Place-names of the East Riding of Yorkshire; Watts; Cambridge Dictionary of English Place-names; E. Ekwall; Dictionary of English Place-Names
Aldbrough,'Old fortification'.,ald Old English; burh Old English - A fortified place.,E. Ekwall; Dictionary of English Place-Names; Watts; Cambridge Dictionary of English Place-names; Smith; Place-names of the East Riding of Yorkshire; A.D. Mills; Dictionary of English Place-Names
Allerthorpe,'Aelfweard's outlying farm/settlement' or '*Alfvarthr's outlying farm/settlement'.,"Personal name (Old English) Old English - Personal name; Personal name (Old Norse) Old Norse - Personal name; þorp Old Norse - A secondary settlement, a dependent outlying farmstead or hamlet.",Watts; Cambridge Dictionary of English Place-names; A.D. Mills; Dictionary of English Place-Names; Smith; Place-names of the East Riding of Yorkshire; E. Ekwall; Dictionary of English Place-Names
Anlaby,'Anlaf's farm/settlement'.,"bȳ Old Norse - A farmstead, a village.; Personal name (Old Norse) Old Norse - Personal name",A.D. Mills; Dictionary of English Place-Names; Watts; Cambridge Dictionary of English Place-names; Smith; Place-names of the East Riding of Yorkshire; E. Ekwall; Dictionary of English Place-Names
Argam,'At the shielings'.,"erg Old Norse - A shieling, a hill-pasture; a summer-pasture camp, a dairy or grazing out-station.",E. Ekwall; Dictionary of English Place-Names; Watts; Cambridge Dictionary of English Place-names; Smith; Place-names of the East Riding of Yorkshire; A.D. Mills; Dictionary of English Place-Names
Asselby,'Askell's farm/settlement'.,"bȳ Old Norse - A farmstead, a village.; Personal name (Old Norse) Old Norse - Personal name",Smith; Place-names of the East Riding of Yorkshire; A.D. Mills; Dictionary of English Place-Names; E. Ekwall; Dictionary of English Place-Names; Watts; Cambridge Dictionary of English Place-names
Atwick,'Specialised-farm connected with Atta'.,"-ing- Old English - Connective particle, linking a first element to a final element.; Personal name (Old English) Old English - Personal name; wīc Old English - A dwelling; a building or collection of buildings for special purposes; a farm, a dairy farm; a trading or industrial settlement; or (in the plural) a hamlet, village.",A.D. Mills; Dictionary of English Place-Names; Smith; Place-names of the East Riding of Yorkshire; E. Ekwall; Dictionary of English Place-Names; Watts; Cambridge Dictionary of English Place-names
Aughton,'Oak-tree farm/settlement'.,āc Old English - An oak-tree.; tūn Old English - An enclosure; a farmstead; a village; an estate.,A.D. Mills; Dictionary of English Place-Names; Watts; Cambridge Dictionary of English Place-names; E. Ekwall; Dictionary of English Place-Names; Smith; Place-names of the East Riding of Yorkshire
Bainton,'Farm/settlement connected with Beaga'.,"-ingtūn Old English - A settlement called after, or connected with . . .; Personal name (Old English) Old English - Personal name",Smith; Place-names of the East Riding of Yorkshire; Watts; Cambridge Dictionary of English Place-names; A.D. Mills; Dictionary of English Place-Names; E. Ekwall; Dictionary of English Place-Names
Balkholme,"Uncertain. 'Ridge island' or perhaps, 'Balki's island'.","balca Old English - A ridge, a bank; a balk, beam.  Used in ME and later f.ns. of the strip of ground left unploughed to mark the boundary between adjacent strips of the common field.; holmr Old Norse - An island, an inland promontory, raised ground in marsh, a river-meadow.; Personal name (Old Norse) Old Norse - Personal name",E. Ekwall; Dictionary of English Place-Names; Smith; Place-names of the East Riding of Yorkshire; Watts; Cambridge Dictionary of English Place-names; A.D. Mills; Dictionary of English Place-Names
Barlby,'*Beardwulf's farm/settlement' or 'Bardulf's farm/settlement'.,"bȳ Old Norse - A farmstead, a village.; Personal name (Old English) Old English - Personal name; Personal name (Uncertain) Unknown - Personal name",Smith; Place-names of the East Riding of Yorkshire; E. Ekwall; Dictionary of English Place-Names; A.D. Mills; Dictionary of English Place-Names; Watts; Cambridge Dictionary of English Place-names
Barmby on Marsh,"'Bjarni's/Barne's farm/settlement'. Alternatively, 'children's farm/settlement'.","barn Old Norse - Child, offspring.; bȳ Old Norse - A farmstead, a village.; Personal name (Old Norse) Old Norse - Personal name",Watts; Cambridge Dictionary of English Place-names; E. Ekwall; Dictionary of English Place-Names; A.D. Mills; Dictionary of English Place-Names; Smith; Place-names of the East Riding of Yorkshire
Barmby on the Moor,"'Bjarni's/Barne's farm/settlement'. Alternatively, 'children's farm/settlement'.","barn Old Norse - Child, offspring.; bȳ Old Norse - A farmstead, a village.; Personal name (Old Norse) Old Norse - Personal name",Watts; Cambridge Dictionary of English Place-names; Smith; Place-names of the East Riding of Yorkshire; A.D. Mills; Dictionary of English Place-Names; E. Ekwall; Dictionary of English Place-Names
Barmston,'Beorn's farm/settlement'.,Personal name (Old English) Old English - Personal name; tūn Old English - An enclosure; a farmstead; a village; an estate.,A.D. Mills; Dictionary of English Place-Names; Smith; Place-names of the East Riding of Yorkshire; Watts; Cambridge Dictionary of English Place-names; E. Ekwall; Dictionary of English Place-Names
Beeford,"'By the ford' or perhaps, 'bee ford'.","bēo Old English - A bee.; bī Old English - By, near; (place) near or in.; ford Old English - A ford.",E. Ekwall; Dictionary of English Place-Names; Smith; Place-names of the East Riding of Yorkshire; Watts; Cambridge Dictionary of English Place-names; A.D. Mills; Dictionary of English Place-Names
Belby,'Belli's/Bjalla's farm/settlement'.,"bȳ Old Norse - A farmstead, a village.; Personal name (Old Norse) Old Norse - Personal name",Smith; Place-names of the East Riding of Yorkshire; Watts; Cambridge Dictionary of English Place-names; E. Ekwall; Dictionary of English Place-Names; A.D. Mills; Dictionary of English Place-Names
Bellasize,'Beautiful seat'.,bel assis Old French - French place-name: a fine seat.,A.D. Mills; Dictionary of English Place-Names; Smith; Place-names of the East Riding of Yorkshire; E. Ekwall; Dictionary of English Place-Names; Watts; Cambridge Dictionary of English Place-names
Bempton,"'Beam farm/settlement' ,ie., made of beams or possibly, 'tree farm/settlement', indicating it was near a prominent tree.",bēam Old English - A tree; the cross on which Christ was crucified; a beam of timber.; tūn Old English - An enclosure; a farmstead; a village; an estate.,A.D. Mills; Dictionary of English Place-Names; Watts; Cambridge Dictionary of English Place-names; Smith; Place-names of the East Riding of Yorkshire; E. Ekwall; Dictionary of English Place-Names
Benningholme and Grange,"Probably, 'island connected with Ben(n)a'. Benningholme's 'outlying farm' (1650).","-ing Old English - Place-name forming suffix.; grange Middle English - A grange; originally a granary, a barn; later a farm; also an outlying farm belonging to a religious house or a feudal lord, where crops were stored.; holmr Old Norse - An island, an inland promontory, raised ground in marsh, a river-meadow.; Personal name (Old English) Old English - Personal name",E. Ekwall; Dictionary of English Place-Names; A.D. Mills; Dictionary of English Place-Names; Watts; Cambridge Dictionary of English Place-names; Smith; Place-names of the East Riding of Yorkshire
Bessingby,'Besing's/Basing's farm/settlement'.,"bȳ Old Norse - A farmstead, a village.; Personal name (Old Norse) Old Norse - Personal name",Watts; Cambridge Dictionary of English Place-names; A.D. Mills; Dictionary of English Place-Names; E. Ekwall; Dictionary of English Place-Names; Smith; Place-names of the East Riding of Yorkshire
Beswick,'Bosi's/Becci's specialised farm'.,"bȳ Old Norse - A farmstead, a village.; Personal name (Old Norse) Old Norse - Personal name",Smith; Place-names of the East Riding of Yorkshire; Watts; Cambridge Dictionary of English Place-names; A.D. Mills; Dictionary of English Place-Names; E. Ekwall; Dictionary of English Place-Names
Beverley,"'Beaver stream'. It has been suggested that the name is an OE adaptation of an earlier British name *bebros-*licos, also meaning, 'beaver stream'. Bede referred to an Anglo-Saxon monastery here, Inderauuda, 'in the Deirans's wood'.",beofor Old English - A beaver.; licc Old English - A stream.,Watts; Cambridge Dictionary of English Place-names; E. Ekwall; Dictionary of English Place-Names; Smith; Place-names of the East Riding of Yorkshire; A.D. Mills; Dictionary of English Place-Names
Bewholme and Nunkeeling,"Uncertain. 'At the river-bends', referring to nearby twisted watercourses or perhaps, 'at the circles', referring to a now lost stone circle or ring of trees. 'Cylla's people'. A Benedictine nunnery was founded here in ca. 1150.","-ingas Old English - The people of . . . ; the people called after . . .; bēag Old English - A ring, a circle; topographically probably the circular bend of a river or in allusion to other things of ring-like form.; bjúgr Old Norse - A river-bend.; nunne Old English - A nun.; Personal name (Old English) Old English - Personal name",Smith; Place-names of the East Riding of Yorkshire; Watts; Cambridge Dictionary of English Place-names; E. Ekwall; Dictionary of English Place-Names; A.D. Mills; Dictionary of English Place-Names
Bielby,'Beli's farm/settlement'.,"bȳ Old Norse - A farmstead, a village.; Personal name (Old Norse) Old Norse - Personal name",Smith; Place-names of the East Riding of Yorkshire; E. Ekwall; Dictionary of English Place-Names; Watts; Cambridge Dictionary of English Place-names; A.D. Mills; Dictionary of English Place-Names
Bilton,'Bill's/*Billa's farm/settlement'.,Personal name (Old English) Old English - Personal name; tūn Old English - An enclosure; a farmstead; a village; an estate.,E. Ekwall; Dictionary of English Place-Names; Watts; Cambridge Dictionary of English Place-names; A.D. Mills; Dictionary of English Place-Names; Smith; Place-names of the East Riding of Yorkshire
Birdsall,"'*Bridd's nook of land' or perhaps, 'young bird's nook of land'.","bridd Old English - A bird; a young bird.; halh Old English - A nook of land; a small valley; dry ground in marsh; a piece of land projecting from, or detached from, the main area of its administrative unit.; Personal name (Old English) Old English - Personal name",A.D. Mills; Dictionary of English Place-Names; Watts; Cambridge Dictionary of English Place-names; E. Ekwall; Dictionary of English Place-Names; Smith; Place-names of the East Riding of Yorkshire
Bishop Burton,'Fortification farm/settlement'. It was held by the Archbishops of York.,"biscop Old English - A bishop.; burh-tūn Old English - A fort enclosure; a farm with a palisade; a farm at, or belonging to, or which is, a fortification, fortified house, or manorhouse.",A.D. Mills; Dictionary of English Place-Names; Smith; Place-names of the East Riding of Yorkshire; Watts; Cambridge Dictionary of English Place-names; E. Ekwall; Dictionary of English Place-Names
Bishop Wilton with Belthorpe,'Willow-tree farm/settlement'. It was held by the Archbishops of York. 'Belgr's outlying farm/settlement'.,"biscop Old English - A bishop.; bȳ Old Norse - A farmstead, a village.; Personal name (Old Norse) Old Norse - Personal name; tūn Old English - An enclosure; a farmstead; a village; an estate.; wilig Old English",Watts; Cambridge Dictionary of English Place-names; E. Ekwall; Dictionary of English Place-Names; Smith; Place-names of the East Riding of Yorkshire; A.D. Mills; Dictionary of English Place-Names
Bishopsoil,A modern township whose name recalls the fact that the Liberty of Howdenshire belonged to the Bishop of Durham.,Place-name Unknown - Place-name,Smith; Place-names of the East Riding of Yorkshire; A.D. Mills; Dictionary of English Place-Names; Watts; Cambridge Dictionary of English Place-names; E. Ekwall; Dictionary of English Place-Names
Blacktoft,"'Dark curtilage' or perhaps, 'Blakki's curtilage'.","blæc Old English - Black, dark-coloured, dark.; Personal name (Old Norse) Old Norse - Personal name; toft Old English - A curtilage, the plot of ground in which a dwelling stands.",Watts; Cambridge Dictionary of English Place-names; Smith; Place-names of the East Riding of Yorkshire; E. Ekwall; Dictionary of English Place-Names; A.D. Mills; Dictionary of English Place-Names
Bolton,'Collection of buildings'.,"bōðl-tūn Old English - An enclosure with buildings, a collection of buildings.",A.D. Mills; Dictionary of English Place-Names; Smith; Place-names of the East Riding of Yorkshire; Watts; Cambridge Dictionary of English Place-names; E. Ekwall; Dictionary of English Place-Names
Bonwick,"'*Buna's specialised-farm' or perhaps, 'reedyspecialised-farm'.","bune Old English - A reed.; Personal name (Old English) Old English - Personal name; wīc Old English - A dwelling; a building or collection of buildings for special purposes; a farm, a dairy farm; a trading or industrial settlement; or (in the plural) a hamlet, village.",E. Ekwall; Dictionary of English Place-Names; A.D. Mills; Dictionary of English Place-Names; Watts; Cambridge Dictionary of English Place-names; Smith; Place-names of the East Riding of Yorkshire
Boynton,'Farm/settlement connected with Bofa'.,"-ingtūn Old English - A settlement called after, or connected with . . .; Personal name (Old English) Old English - Personal name",Watts; Cambridge Dictionary of English Place-names; A.D. Mills; Dictionary of English Place-Names; E. Ekwall; Dictionary of English Place-Names; Smith; Place-names of the East Riding of Yorkshire
Bracken,'Bracken'.,"bræcen Old English - Bracken, fern.",Smith; Place-names of the East Riding of Yorkshire; A.D. Mills; Dictionary of English Place-Names; E. Ekwall; Dictionary of English Place-Names; Watts; Cambridge Dictionary of English Place-names
Brackenholme and Woodhall,"'Bracken island'. 'Wood hall' (1285). Originally, 'Grimestorp', 'Grim's/Grimr's outlying farm/settlement'.","braken Middle English - Bracken, fern.; hall Old English - A slope, a hill; a boulder.; holmr Old Norse - An island, an inland promontory, raised ground in marsh, a river-meadow.; wudu Old English - A wood; or wood, timber.",Watts; Cambridge Dictionary of English Place-names; E. Ekwall; Dictionary of English Place-Names; Smith; Place-names of the East Riding of Yorkshire; A.D. Mills; Dictionary of English Place-Names
Brandesburton,'Brandr's fortified farm/settlement'.,"burh-tūn Old English - A fort enclosure; a farm with a palisade; a farm at, or belonging to, or which is, a fortification, fortified house, or manorhouse.; Personal name (Old Norse) Old Norse - Personal name",Smith; Place-names of the East Riding of Yorkshire; A.D. Mills; Dictionary of English Place-Names; Watts; Cambridge Dictionary of English Place-names; E. Ekwall; Dictionary of English Place-Names
Brantingham,"Uncertain. Perhaps, 'homestead/village of *Brant's or Brenti's people' or 'of the dwellers at the steep-place'. Alternatively, 'homestead/village at *Branting (= the steep-place)'.","-ing Old English - Place-name forming suffix.; -ingas Old English - The people of . . . ; the people called after . . .; hām Old English - A village, a village community, a manor, an estate, a homestead.; Personal name (Old English) Old English - Personal name; Personal name (Old Norse) Old Norse - Personal name",Watts; Cambridge Dictionary of English Place-names; Smith; Place-names of the East Riding of Yorkshire; A.D. Mills; Dictionary of English Place-Names; E. Ekwall; Dictionary of English Place-Names
Breighton and Gunby,"Uncertain. 'Bright farm/settlement' or perhaps, ' *Beorhta's farm/settlement'. 'Gunnhildr's farm/settlement', a feminine personal name.","beorht Old English - Bright, clear.; bȳ Old Norse - A farmstead, a village.; Personal name (Old English) Old English - Personal name; Personal name (Old Norse) Old Norse - Personal name; tūn Old English - An enclosure; a farmstead; a village; an estate.",Smith; Place-names of the East Riding of Yorkshire; Watts; Cambridge Dictionary of English Place-names; A.D. Mills; Dictionary of English Place-Names; E. Ekwall; Dictionary of English Place-Names
Bridlington,'Farm/settlement connected with Berhtel'.,"-ingtūn Old English - A settlement called after, or connected with . . .; Personal name (Old English) Old English - Personal name",Smith; Place-names of the East Riding of Yorkshire; E. Ekwall; Dictionary of English Place-Names; Watts; Cambridge Dictionary of English Place-names; A.D. Mills; Dictionary of English Place-Names
Brigham,'Bridge homestead/village'. The first element has been influenced by ON bryggja.,"brycg Old English - A bridge; a causeway.; hām Old English - A village, a village community, a manor, an estate, a homestead.",Smith; Place-names of the East Riding of Yorkshire; E. Ekwall; Dictionary of English Place-Names; A.D. Mills; Dictionary of English Place-Names; Watts; Cambridge Dictionary of English Place-names
Broomfleet,'Brungar's creek'.,"flēot Old English - An estuary, an inlet of the sea, a small stream.; Personal name (Old English) Old English - Personal name",Watts; Cambridge Dictionary of English Place-names; A.D. Mills; Dictionary of English Place-Names; E. Ekwall; Dictionary of English Place-Names; Smith; Place-names of the East Riding of Yorkshire
Bubwith,"'Bubba's wood', perhaps replacing an earlier OE wic, 'Bubba's specialised-farm'.","Personal name (Old English) Old English - Personal name; viðr Old Norse - A wood; or a tree, a tree-trunk.",E. Ekwall; Dictionary of English Place-Names; A.D. Mills; Dictionary of English Place-Names; Smith; Place-names of the East Riding of Yorkshire; Watts; Cambridge Dictionary of English Place-names
Buckton,Uncertain. 'Bucca's farm/settlement' or 'buck farm/settlement'.,bucca Old English - A he-goat.; Personal name (Old English) Old English - Personal name; tūn Old English - An enclosure; a farmstead; a village; an estate.,Smith; Place-names of the East Riding of Yorkshire; A.D. Mills; Dictionary of English Place-Names; Watts; Cambridge Dictionary of English Place-names; E. Ekwall; Dictionary of English Place-Names
Bugthorpe,'Buggi's outlying farm/settlement'.,"Personal name (Old Norse) Old Norse - Personal name; þorp Old Norse - A secondary settlement, a dependent outlying farmstead or hamlet.",Smith; Place-names of the East Riding of Yorkshire; Watts; Cambridge Dictionary of English Place-names; E. Ekwall; Dictionary of English Place-Names; A.D. Mills; Dictionary of English Place-Names
Burnby,'Spring/stream farm/settlement'.,"brunnr Old Norse - A well, a spring.; bȳ Old Norse - A farmstead, a village.",Smith; Place-names of the East Riding of Yorkshire; Watts; Cambridge Dictionary of English Place-names; E. Ekwall; Dictionary of English Place-Names; A.D. Mills; Dictionary of English Place-Names
Burstwick with Skeckling,"'Brusti's specialised farm'. Uncertain. Probably, 'people at the corner of land'. Less likely, perhaps, is '*Scaeccela's people'.","-ingas Old English - The people of . . . ; the people called after . . .; Personal name (Old English) Old English - Personal name; Personal name (Old Norse) Old Norse - Personal name; skekill Old Norse; wīc Old English - A dwelling; a building or collection of buildings for special purposes; a farm, a dairy farm; a trading or industrial settlement; or (in the plural) a hamlet, village.",A.D. Mills; Dictionary of English Place-Names; Watts; Cambridge Dictionary of English Place-names; E. Ekwall; Dictionary of English Place-Names; Smith; Place-names of the East Riding of Yorkshire
Burton Agnes,'Fortified farm/settlement'. It was connected with Agnes de Percy in the 12th century.,"burh-tūn Old English - A fort enclosure; a farm with a palisade; a farm at, or belonging to, or which is, a fortification, fortified house, or manorhouse.; Personal name (Uncertain) Unknown - Personal name",Smith; Place-names of the East Riding of Yorkshire; Watts; Cambridge Dictionary of English Place-names; E. Ekwall; Dictionary of English Place-Names; A.D. Mills; Dictionary of English Place-Names
Burton Pidsea,"Originally, two separate places. 'Fortified farm/settlement' and 'marsh pool'.","burh-tūn Old English - A fort enclosure; a farm with a palisade; a farm at, or belonging to, or which is, a fortification, fortified house, or manorhouse.; pide Old English - A marsh, a fen.; sǣ Old English - A lake; sea.  Usually means ""sea"" when used as a first element, and ""lake"" when used as a second element.",Smith; Place-names of the East Riding of Yorkshire; E. Ekwall; Dictionary of English Place-Names; Watts; Cambridge Dictionary of English Place-names; A.D. Mills; Dictionary of English Place-Names
Burythorpe,"'Bjorg's outlying farm/settlement', a feminine personal name.","Personal name (Old Norse) Old Norse - Personal name; þorp Old Norse - A secondary settlement, a dependent outlying farmstead or hamlet.",Smith; Place-names of the East Riding of Yorkshire; A.D. Mills; Dictionary of English Place-Names; E. Ekwall; Dictionary of English Place-Names; Watts; Cambridge Dictionary of English Place-names
Butterwick,'Butter specialised-farm'.,"butere Old English - Butter.; wīc Old English - A dwelling; a building or collection of buildings for special purposes; a farm, a dairy farm; a trading or industrial settlement; or (in the plural) a hamlet, village.",E. Ekwall; Dictionary of English Place-Names; Smith; Place-names of the East Riding of Yorkshire; A.D. Mills; Dictionary of English Place-Names; Watts; Cambridge Dictionary of English Place-names
Carnaby,'*Kaerandi's/*Keyrandi's homestead/village'.,"bȳ Old Norse - A farmstead, a village.; Personal name (Old Norse) Old Norse - Personal name",Smith; Place-names of the East Riding of Yorkshire; A.D. Mills; Dictionary of English Place-Names; Watts; Cambridge Dictionary of English Place-names; E. Ekwall; Dictionary of English Place-Names
Catfoss,'Catta's ditch'.,foss Old English - A ditch.; Personal name (Old English) Old English - Personal name,Watts; Cambridge Dictionary of English Place-names; Smith; Place-names of the East Riding of Yorkshire; E. Ekwall; Dictionary of English Place-Names; A.D. Mills; Dictionary of English Place-Names
Catwick,'Catta's specialised-farm'.,"Personal name (Old English) Old English - Personal name; wīc Old English - A dwelling; a building or collection of buildings for special purposes; a farm, a dairy farm; a trading or industrial settlement; or (in the plural) a hamlet, village.",Watts; Cambridge Dictionary of English Place-names; E. Ekwall; Dictionary of English Place-Names; A.D. Mills; Dictionary of English Place-Names; Smith; Place-names of the East Riding of Yorkshire
Cherry Burton,"'Fortified farm/settlement'. 'Cherry' probably refers to such trees growing here, cf. Cherry Hinton, Cambridgeshire.","burh-tūn Old English - A fort enclosure; a farm with a palisade; a farm at, or belonging to, or which is, a fortification, fortified house, or manorhouse.; chiri Middle English - A cherry; a cherry-tree.",A.D. Mills; Dictionary of English Place-Names; Smith; Place-names of the East Riding of Yorkshire; Watts; Cambridge Dictionary of English Place-names; E. Ekwall; Dictionary of English Place-Names
Cliffe cum Lund,"'River-bank'. There are apparently no features which would imply a 'cliff', but before it was diverted, the course of the River Ouse passed below the village. 'Grove'.","clif Old English - An escarpment, a hill-slope; a river-bank.; lundr Old Norse - A small wood.",Smith; Place-names of the East Riding of Yorkshire; E. Ekwall; Dictionary of English Place-Names; Watts; Cambridge Dictionary of English Place-names; A.D. Mills; Dictionary of English Place-Names
Coniston,'King's farm/settlement'.,kunung Old Norse; tūn Old English - An enclosure; a farmstead; a village; an estate.,A.D. Mills; Dictionary of English Place-Names; Smith; Place-names of the East Riding of Yorkshire; E. Ekwall; Dictionary of English Place-Names; Watts; Cambridge Dictionary of English Place-names
Cotness,'Cottage promontory'.,"cot Old English - A cottage, a hut, a shelter, a den.; næss Old English",A.D. Mills; Dictionary of English Place-Names; Smith; Place-names of the East Riding of Yorkshire; E. Ekwall; Dictionary of English Place-Names; Watts; Cambridge Dictionary of English Place-names
Cottam,'At the cottages'.,"cot Old English - A cottage, a hut, a shelter, a den.",A.D. Mills; Dictionary of English Place-Names; Smith; Place-names of the East Riding of Yorkshire; E. Ekwall; Dictionary of English Place-Names; Watts; Cambridge Dictionary of English Place-names
Cottingham,'Homestead/village of *Cott's/Cotta's people'.,-ingahām Old English - The village of the people of . . . ; the village of the people called after . . .; Personal name (Old English) Old English - Personal name,Smith; Place-names of the East Riding of Yorkshire; A.D. Mills; Dictionary of English Place-Names; E. Ekwall; Dictionary of English Place-Names; Watts; Cambridge Dictionary of English Place-names
Cowlam,'At the hill-tops'.,"kollr Old Norse - A hill, a top, a summit.",E. Ekwall; Dictionary of English Place-Names; Smith; Place-names of the East Riding of Yorkshire; A.D. Mills; Dictionary of English Place-Names; Watts; Cambridge Dictionary of English Place-names
Danthorpe,'Danes' outlying farm/settlement'.,"Danir Old Norse - The Danes.; þorp Old Norse - A secondary settlement, a dependent outlying farmstead or hamlet.",Watts; Cambridge Dictionary of English Place-names; A.D. Mills; Dictionary of English Place-Names; Smith; Place-names of the East Riding of Yorkshire; E. Ekwall; Dictionary of English Place-Names
Deighton,'Ditch farm/settlement'.,"dīc Old English - A ditch, usually an excavated trench, either defensive or for drainage of water.; tūn Old English - An enclosure; a farmstead; a village; an estate.",E. Ekwall; Dictionary of English Place-Names; Smith; Place-names of the East Riding of Yorkshire; Watts; Cambridge Dictionary of English Place-names; A.D. Mills; Dictionary of English Place-Names
Dickering Wapentake,"Probably, 'ring of dykes' but perhaps, '*Dicer's people'. The meeting-place is unknown, but in 1192 the wapentake met at Burton Fleming and in 1298 at Rudston. The road leading south from Burton Fleming is called Nine Dykes Road. There are also the remain","-ingas Old English - The people of . . . ; the people called after . . .; dīc Old English - A ditch, usually an excavated trench, either defensive or for drainage of water.; hring Old English - A ring, a circle; something circular.; Personal name (Old English) Old English - Personal name",Smith; Place-names of the East Riding of Yorkshire; Anderson; English Hundred-Names
Dringhoe Upton and Brough,'Free tenant's hill'. 'Upper farm/settlement'. 'Fortification'.,"burh Old English - A fortified place.; dreng Old English - A man holding land by a particular form of free tenure combining service, money payments and military duty.; haugr Old Norse - A natural height, a hill, a heap, an artificial mound, a burial mound.; tūn Old English - An enclosure; a farmstead; a village; an estate.; upp Old Norse - Up, higher up, upon.",E. Ekwall; Dictionary of English Place-Names; Smith; Place-names of the East Riding of Yorkshire; A.D. Mills; Dictionary of English Place-Names; Watts; Cambridge Dictionary of English Place-names
Drypool,"'Dry pool' or perhaps, 'dirty pool'.","drit Old English - Dirt.; drȳge Old English - Dry, dried up.; pōl Old English - A pool.",Smith; Place-names of the East Riding of Yorkshire; Watts; Cambridge Dictionary of English Place-names; A.D. Mills; Dictionary of English Place-Names; E. Ekwall; Dictionary of English Place-Names
Duggleby,'Dubgall's farm/settlement'.,"bȳ Old Norse - A farmstead, a village.; Personal name (Uncertain) Unknown - Personal name",Smith; Place-names of the East Riding of Yorkshire; A.D. Mills; Dictionary of English Place-Names; Watts; Cambridge Dictionary of English Place-names; E. Ekwall; Dictionary of English Place-Names
Dunnington,"Probably, 'farm/settlement connected with Dod(d)a/Dud(d)a'.","-ingtūn Old English - A settlement called after, or connected with . . .; Personal name (Old English) Old English - Personal name",Watts; Cambridge Dictionary of English Place-names; Smith; Place-names of the East Riding of Yorkshire; E. Ekwall; Dictionary of English Place-Names; A.D. Mills; Dictionary of English Place-Names
Dunnington,"'Farm/settlement connected with Dunna'. Alternatively, it has been suggested because of the frequency of names derived from OE Duningtun that they are more likely to represent a topographical term rather than a personal name. Thus, perhaps, 'farm/settleme","-ing Old English - Place-name forming suffix.; -ing- Old English - Connective particle, linking a first element to a final element.; dūn Old English - A hill.; Personal name (Old English) Old English - Personal name; tūn Old English - An enclosure; a farmstead; a village; an estate.",A.D. Mills; Dictionary of English Place-Names; E. Ekwall; Dictionary of English Place-Names; Smith; Place-names of the East Riding of Yorkshire; Watts; Cambridge Dictionary of English Place-names
Easington,'Farm/settlement connected with Esa/Esi'.,"-ingtūn Old English - A settlement called after, or connected with . . .; Personal name (Old English) Old English - Personal name",E. Ekwall; Dictionary of English Place-Names; Watts; Cambridge Dictionary of English Place-names; A.D. Mills; Dictionary of English Place-Names; Smith; Place-names of the East Riding of Yorkshire
East and West Heslerton,'Hazel-place farm/settlement'.,hæsling Old English - A place growing with hazel-trees.; tūn Old English - An enclosure; a farmstead; a village; an estate.,Smith; Place-names of the East Riding of Yorkshire; A.D. Mills; Dictionary of English Place-Names; Watts; Cambridge Dictionary of English Place-names; E. Ekwall; Dictionary of English Place-Names
East Cottingwith,"'Specialised-farm connected with *Cott/Cotta'. Later, the second element was replaced with ON vithr, 'wood'.","-ing- Old English - Connective particle, linking a first element to a final element.; Personal name (Old English) Old English - Personal name; wīc Old English - A dwelling; a building or collection of buildings for special purposes; a farm, a dairy farm; a trading or industrial settlement; or (in the plural) a hamlet, village.",E. Ekwall; Dictionary of English Place-Names; A.D. Mills; Dictionary of English Place-Names; Watts; Cambridge Dictionary of English Place-names; Smith; Place-names of the East Riding of Yorkshire
East Newton,'New farm/settlement'. 'East' to distinguish from West Newton.,austr Old Norse - East.; nīwe Old English - New.; tūn Old English - An enclosure; a farmstead; a village; an estate.,Smith; Place-names of the East Riding of Yorkshire; A.D. Mills; Dictionary of English Place-Names; Watts; Cambridge Dictionary of English Place-names; E. Ekwall; Dictionary of English Place-Names
East Stamford Bridge,"'Stone ford'. The ford across the River Derwent at this point was part of the Roman road between Barmby and Easingwold and later replaced by a 'bridge'. Curiously, early Scandinavianised forms of the name are found in ASC, while Scandinavian sources show","brycg Old English - A bridge; a causeway.; ford Old English - A ford.; stān Old English - A stone, stone, rock.",E. Ekwall; Dictionary of English Place-Names; Watts; Cambridge Dictionary of English Place-names; A.D. Mills; Dictionary of English Place-Names; Smith; Place-names of the East Riding of Yorkshire
Eastburn,'East spring/stream'.,"austr Old Norse - East.; brunnr Old Norse - A well, a spring.; burna Old English - A stream.; ēast Old English - Eastern, east.",Smith; Place-names of the East Riding of Yorkshire; A.D. Mills; Dictionary of English Place-Names; E. Ekwall; Dictionary of English Place-Names; Watts; Cambridge Dictionary of English Place-names
Easton,'East farm/settlement'.,"ēast Old English - Eastern, east.; tūn Old English - An enclosure; a farmstead; a village; an estate.",A.D. Mills; Dictionary of English Place-Names; Watts; Cambridge Dictionary of English Place-names; Smith; Place-names of the East Riding of Yorkshire; E. Ekwall; Dictionary of English Place-Names
Eastrington,"'Farm/settlement of the easterners', referring to the people living east of Howden.",-ingas Old English - The people of . . . ; the people called after . . .; ēastor Old English - Eastern.; tūn Old English - An enclosure; a farmstead; a village; an estate.,A.D. Mills; Dictionary of English Place-Names; Smith; Place-names of the East Riding of Yorkshire; E. Ekwall; Dictionary of English Place-Names; Watts; Cambridge Dictionary of English Place-names
Eddlethorpe,"'Eadwald's outlying farm/settlement'. Early spellings reflect a Scandinavianised version of the name, eg., Iatvaldr.","Personal name (Old English) Old English - Personal name; þorp Old Norse - A secondary settlement, a dependent outlying farmstead or hamlet.",Smith; Place-names of the East Riding of Yorkshire; A.D. Mills; Dictionary of English Place-Names; E. Ekwall; Dictionary of English Place-Names; Watts; Cambridge Dictionary of English Place-names
Ellerby,'Aelfweard's farm/settlement'.,"bȳ Old Norse - A farmstead, a village.; Personal name (Old English) Old English - Personal name",A.D. Mills; Dictionary of English Place-Names; E. Ekwall; Dictionary of English Place-Names; Smith; Place-names of the East Riding of Yorkshire; Watts; Cambridge Dictionary of English Place-names
Ellerker,'Alder marsh'.,"elri Old Norse - An alder-tree, an alder wood.; kjarr Old Norse - Brushwood; a marsh overgrown with brushwood.",A.D. Mills; Dictionary of English Place-Names; Watts; Cambridge Dictionary of English Place-names; E. Ekwall; Dictionary of English Place-Names; Smith; Place-names of the East Riding of Yorkshire
Ellerton,'Alder-tree farm/settlement'.,"elri Old Norse - An alder-tree, an alder wood.; tūn Old English - An enclosure; a farmstead; a village; an estate.",E. Ekwall; Dictionary of English Place-Names; Smith; Place-names of the East Riding of Yorkshire; A.D. Mills; Dictionary of English Place-Names; Watts; Cambridge Dictionary of English Place-names
Elloughton with Brough,"Uncertain. 'Heathen temple hill' or 'Helgi's hill'. Later forms show assimilation of the second element with OE tun, 'farm/settlement'. 'Fortification'.",burh Old English - A fortified place.; dūn Old English - A hill.; elgr Old Norse - A heathen temple.; Personal name (Old Norse) Old Norse - Personal name,A.D. Mills; Dictionary of English Place-Names; E. Ekwall; Dictionary of English Place-Names; Smith; Place-names of the East Riding of Yorkshire; Watts; Cambridge Dictionary of English Place-names
Elmswell with Little Driffield and Kelleythorpe,"'Helm's spring/stream'. 'Stubbly open land' or perhaps, 'dirty open land'. 'Kel(l)ing's outlying farm/settlement'.","drīf Old English - Stubble.; drit Old English - Dirt.; feld Old English - Open country, unencumbered ground (eg. land without trees as opposed to forest, level ground as opposed to hills, land without buildings); arable land (from late tenth century).; parva Latin - Small.; Personal name (Old English) Old English - Personal name; Personal name (Old Norse) Old Norse - Personal name; wella Old English; þorp Old Norse - A secondary settlement, a dependent outlying farmstead or hamlet.",A.D. Mills; Dictionary of English Place-Names; Watts; Cambridge Dictionary of English Place-names; E. Ekwall; Dictionary of English Place-Names; Smith; Place-names of the East Riding of Yorkshire
Elstronwick,'Aelfstan's specialised-farm'.,"Personal name (Old English) Old English - Personal name; wīc Old English - A dwelling; a building or collection of buildings for special purposes; a farm, a dairy farm; a trading or industrial settlement; or (in the plural) a hamlet, village.",Smith; Place-names of the East Riding of Yorkshire; A.D. Mills; Dictionary of English Place-Names; E. Ekwall; Dictionary of English Place-Names; Watts; Cambridge Dictionary of English Place-names
Elvington,'Aelfwynn's/Alfwine's farm/settlement'.,Personal name (Old English) Old English - Personal name; tūn Old English - An enclosure; a farmstead; a village; an estate.,Watts; Cambridge Dictionary of English Place-names; E. Ekwall; Dictionary of English Place-Names; A.D. Mills; Dictionary of English Place-Names; Smith; Place-names of the East Riding of Yorkshire
Escrick,'Strip of land growing with ash-trees'.,eski Old Norse - A place growing with ash-trees; ashen.; ric Old English - A raised straight strip. (Uncertain),Smith; Place-names of the East Riding of Yorkshire; Watts; Cambridge Dictionary of English Place-names; A.D. Mills; Dictionary of English Place-Names; E. Ekwall; Dictionary of English Place-Names
Eske,"'Ash-tree', later influenced by ON eski, 'growing with ash-trees'.",æsc Old English,Smith; Place-names of the East Riding of Yorkshire; Watts; Cambridge Dictionary of English Place-names; E. Ekwall; Dictionary of English Place-Names; A.D. Mills; Dictionary of English Place-Names
Etton,'Eata's farm/settlement'.,Personal name (Old English) Old English - Personal name; tūn Old English - An enclosure; a farmstead; a village; an estate.,Smith; Place-names of the East Riding of Yorkshire; E. Ekwall; Dictionary of English Place-Names; Watts; Cambridge Dictionary of English Place-names; A.D. Mills; Dictionary of English Place-Names
Everingham,'Homestead/village of Eofor's people'.,-ingahām Old English - The village of the people of . . . ; the village of the people called after . . .; Personal name (Old English) Old English - Personal name,E. Ekwall; Dictionary of English Place-Names; Smith; Place-names of the East Riding of Yorkshire; Watts; Cambridge Dictionary of English Place-names; A.D. Mills; Dictionary of English Place-Names
Fangfoss,"Probably, 'fishing ditch'. However, since OE *foss is more usually associated with personal names, perhaps, '*Fangulf's ditch'.",fang Old Norse - Fishing.; foss Old English - A ditch.; Personal name (Old English) Old English - Personal name,A.D. Mills; Dictionary of English Place-Names; Smith; Place-names of the East Riding of Yorkshire; Watts; Cambridge Dictionary of English Place-names; E. Ekwall; Dictionary of English Place-Names
Faxfleet,"Uncertain. 'Faxi's stream', 'flax stream' or 'coarse grass stream'.","feax Old English - Hair; rough, coarse grass.; fleax Old English - Flax.; flēot Old English - An estuary, an inlet of the sea, a small stream.; Personal name (Old Norse) Old Norse - Personal name",A.D. Mills; Dictionary of English Place-Names; Smith; Place-names of the East Riding of Yorkshire; E. Ekwall; Dictionary of English Place-Names; Watts; Cambridge Dictionary of English Place-names
Filey,"Possibly, 'monster island', perhaps referring to the shape of a slender projection of rock on the shore. Alternatively, 'five woods/clearing' or perhaps, 'cotton-grass wood/clearing'.","ēg Old English - An island.  In ancient settlement-names, most frequently refers to dry ground surrounded by marsh.  Also used of islands in modern sense.  In late OE names: well-watered land.; fīf Old English - Five.; fífa Old Norse - Cotton grass.; fīfel Old English - A monster.; lēah Old English - A forest, wood, glade, clearing; (later) a pasture, meadow.",E. Ekwall; Dictionary of English Place-Names; Watts; Cambridge Dictionary of English Place-names; Smith; Place-names of the East Riding of Yorkshire; A.D. Mills; Dictionary of English Place-Names
Fimber,"'Wood-pile pool' or perhaps, 'coarse-grass pool'.","fīn Old English - A heap, espcially of wood, a heap or pile of other material. (May sometimes refer to a hill or mound.); finn Old English - Coarse grass.; mere Old English - A pond, a pool, a lake.",E. Ekwall; Dictionary of English Place-Names; A.D. Mills; Dictionary of English Place-Names; Watts; Cambridge Dictionary of English Place-names; Smith; Place-names of the East Riding of Yorkshire
Firby,'Frithi's farm/settlement'.,"bȳ Old Norse - A farmstead, a village.; Personal name (Old Norse) Old Norse - Personal name",Smith; Place-names of the East Riding of Yorkshire; Watts; Cambridge Dictionary of English Place-names; A.D. Mills; Dictionary of English Place-Names; E. Ekwall; Dictionary of English Place-Names
Fitling,'Fitela's people'.,-ingas Old English - The people of . . . ; the people called after . . .; Personal name (Old English) Old English - Personal name,A.D. Mills; Dictionary of English Place-Names; E. Ekwall; Dictionary of English Place-Names; Watts; Cambridge Dictionary of English Place-names; Smith; Place-names of the East Riding of Yorkshire
Flamborough,"'Flenn's fortification' or perhaps, 'dart/arrow fortification', used descriptively of a promontory or spit of land. One tradition has it that Flamborough was founded by Kormak, the brother of Skarthi (who founded Scarborough), and also perhaps called 'Fle","burh Old English - A fortified place.; fleinn Old Norse - A dart, an arrow.; Personal name (Old Norse) Old Norse - Personal name",Watts; Cambridge Dictionary of English Place-names; Smith; Place-names of the East Riding of Yorkshire; E. Ekwall; Dictionary of English Place-Names; A.D. Mills; Dictionary of English Place-Names
Flinton,'Flint farm/settlement'.',flint Old English - A flint.; tūn Old English - An enclosure; a farmstead; a village; an estate.,Smith; Place-names of the East Riding of Yorkshire; Watts; Cambridge Dictionary of English Place-names; A.D. Mills; Dictionary of English Place-Names; E. Ekwall; Dictionary of English Place-Names
Foggathorpe,'Folcward's outlying farm/settlement'.,"Personal name (Uncertain) Unknown - Personal name; þorp Old Norse - A secondary settlement, a dependent outlying farmstead or hamlet.",A.D. Mills; Dictionary of English Place-Names; E. Ekwall; Dictionary of English Place-Names; Smith; Place-names of the East Riding of Yorkshire; Watts; Cambridge Dictionary of English Place-names
Folkton,'Folki's/* Folca's farm/settlement'.,Personal name (Old Norse) Old Norse - Personal name; tūn Old English - An enclosure; a farmstead; a village; an estate.,E. Ekwall; Dictionary of English Place-Names; Watts; Cambridge Dictionary of English Place-names; Smith; Place-names of the East Riding of Yorkshire; A.D. Mills; Dictionary of English Place-Names
Fordon,'In front of the hill'.,"dūn Old English - A hill.; fore Old English - In front of, before; used elliptically to mean (land, place, thing) in front of, or standing or lying before, something.",A.D. Mills; Dictionary of English Place-Names; Watts; Cambridge Dictionary of English Place-names; E. Ekwall; Dictionary of English Place-Names; Smith; Place-names of the East Riding of Yorkshire
Foston on the Wolds,'Fotr's farm/settlement'. 'on-le-Wolde' was a later addition referring to the high tract of chalk hills extending from the Humber near Wauldby and Cave to Flamborough Head.,Personal name (Old Norse) Old Norse - Personal name; tūn Old English - An enclosure; a farmstead; a village; an estate.,Smith; Place-names of the East Riding of Yorkshire; A.D. Mills; Dictionary of English Place-Names; Watts; Cambridge Dictionary of English Place-names; E. Ekwall; Dictionary of English Place-Names
Foxholes with Boythorpe,'Fox-hole(s)'. 'Boia's outlying farm/settlement'.,"fox-hol Old English - A fox-hole, a fox's earth.; Personal name (Old English) Old English - Personal name; þorp Old Norse - A secondary settlement, a dependent outlying farmstead or hamlet.",Watts; Cambridge Dictionary of English Place-names; A.D. Mills; Dictionary of English Place-Names; Smith; Place-names of the East Riding of Yorkshire; E. Ekwall; Dictionary of English Place-Names
Fraisthorpe with Auburn and Wilsthorpe,'*Freistingr's/*Freysteinn's homestead/village'. 'Eel stream'. 'Wifel's outlying farm/settlement'.,"burna Old English - A stream.; ēl Old English; Personal name (Old Norse) Old Norse - Personal name; þorp Old Norse - A secondary settlement, a dependent outlying farmstead or hamlet.",Watts; Cambridge Dictionary of English Place-names; A.D. Mills; Dictionary of English Place-Names; Smith; Place-names of the East Riding of Yorkshire; E. Ekwall; Dictionary of English Place-Names
Fridaythorpe,'*Frigedaeg's outlying farm/settlement'.,"Personal name (Old English) Old English - Personal name; þorp Old Norse - A secondary settlement, a dependent outlying farmstead or hamlet.",Smith; Place-names of the East Riding of Yorkshire; E. Ekwall; Dictionary of English Place-Names; Watts; Cambridge Dictionary of English Place-names; A.D. Mills; Dictionary of English Place-Names
Full Sutton,'South farm/settlement'. 'Foul' is a later addition.,"fūl Old English - Foul, dirty.; sūð Old English - South, southern.; tūn Old English - An enclosure; a farmstead; a village; an estate.",E. Ekwall; Dictionary of English Place-Names; Watts; Cambridge Dictionary of English Place-names; A.D. Mills; Dictionary of English Place-Names; Smith; Place-names of the East Riding of Yorkshire
Ganstead,'*Gagni's place'.,"Personal name (Old Norse) Old Norse - Personal name; staðr Old Norse - A place, a site.",Smith; Place-names of the East Riding of Yorkshire; A.D. Mills; Dictionary of English Place-Names; E. Ekwall; Dictionary of English Place-Names; Watts; Cambridge Dictionary of English Place-names
Ganton,'Galma's farm/settlement'.,Personal name (Old Norse) Old Norse - Personal name; tūn Old English - An enclosure; a farmstead; a village; an estate.,Smith; Place-names of the East Riding of Yorkshire; E. Ekwall; Dictionary of English Place-Names; A.D. Mills; Dictionary of English Place-Names; Watts; Cambridge Dictionary of English Place-names
Garton on the Wolds,'Farm/settlement on/near a triangular piece of ground' in the 'forest'.,"gāra Old English - A gore, a triangular plot of ground, a point of land.       (Ultimately derived from OE gar, ""spear"", meaning a piece of ground shaped like the head of a spear.); tūn Old English - An enclosure; a farmstead; a village; an estate.; wald Old English",Smith; Place-names of the East Riding of Yorkshire; A.D. Mills; Dictionary of English Place-Names; E. Ekwall; Dictionary of English Place-Names; Watts; Cambridge Dictionary of English Place-names
Garton with Grimston,"'Farm/settlement on/near a triangular piece of land'. 'Grimr's farm/settlement'. See Grimston, Ouse and Derwent Hundred.","gāra Old English - A gore, a triangular plot of ground, a point of land.       (Ultimately derived from OE gar, ""spear"", meaning a piece of ground shaped like the head of a spear.); Personal name (Old Norse) Old Norse - Personal name; tūn Old English - An enclosure; a farmstead; a village; an estate.",A.D. Mills; Dictionary of English Place-Names; Smith; Place-names of the East Riding of Yorkshire; E. Ekwall; Dictionary of English Place-Names; Watts; Cambridge Dictionary of English Place-names
Gembling,'Gemela's people'.,-ingas Old English - The people of . . . ; the people called after . . .; Personal name (Old English) Old English - Personal name,A.D. Mills; Dictionary of English Place-Names; Watts; Cambridge Dictionary of English Place-names; E. Ekwall; Dictionary of English Place-Names; Smith; Place-names of the East Riding of Yorkshire
Gilberdike,"'Ditch'. The name 'Gilbert' was prefixed by the 14th century, but the identity of the individual or family is uncertain.","dīc Old English - A ditch, usually an excavated trench, either defensive or for drainage of water.; Family name Unknown - Family name.; Personal name (Uncertain) Unknown - Personal name",A.D. Mills; Dictionary of English Place-Names; Watts; Cambridge Dictionary of English Place-names; Smith; Place-names of the East Riding of Yorkshire; E. Ekwall; Dictionary of English Place-Names
Goodmanham,"'Homestead/village of Godmund's people'. With nearby Sancton, Goodmanham formed a religious centre for the kingdom of Deira. This has led to the suggestion that the first part of the name is a compound of 'god' and 'protection', therefore, 'the people und","-ingahām Old English - The village of the people of . . . ; the village of the people called after . . .; god Old English - A heathen god; the Deity.; mund Old English - Security, proection.; Personal name (Old English) Old English - Personal name",Smith; Place-names of the East Riding of Yorkshire; A.D. Mills; Dictionary of English Place-Names; E. Ekwall; Dictionary of English Place-Names; Watts; Cambridge Dictionary of English Place-names
Goxhill,"Perhaps, 'gushing spring'.",gausli Old Norse - Gush of water.,Smith; Place-names of the East Riding of Yorkshire; Watts; Cambridge Dictionary of English Place-names; A.D. Mills; Dictionary of English Place-Names; E. Ekwall; Dictionary of English Place-Names
Gransmoor,'*Grante's/*Grente's moor'.,"mōr Old English - A marsh, barren upland.; Personal name (Old English) Old English - Personal name",A.D. Mills; Dictionary of English Place-Names; Watts; Cambridge Dictionary of English Place-names; E. Ekwall; Dictionary of English Place-Names; Smith; Place-names of the East Riding of Yorkshire
Great and Little Cowden,'Charcoal hill'.,"col Old English - Coal, especially charcoal.; dūn Old English - A hill.; magna Latin - Big, great.; parva Latin - Small.",A.D. Mills; Dictionary of English Place-Names; Smith; Place-names of the East Riding of Yorkshire; Watts; Cambridge Dictionary of English Place-names; E. Ekwall; Dictionary of English Place-Names
Great and Little Hatfield,'Heathy open land'.,"feld Old English - Open country, unencumbered ground (eg. land without trees as opposed to forest, level ground as opposed to hills, land without buildings); arable land (from late tenth century).; hǣð Old English - Heather; a tract of uncultivated land.; magna Latin - Big, great.; parva Latin - Small.",Watts; Cambridge Dictionary of English Place-names; E. Ekwall; Dictionary of English Place-Names; A.D. Mills; Dictionary of English Place-Names; Smith; Place-names of the East Riding of Yorkshire
Great and Little Kelk,'Chalky ground'.,celce Old English,A.D. Mills; Dictionary of English Place-Names; Smith; Place-names of the East Riding of Yorkshire; Watts; Cambridge Dictionary of English Place-names; E. Ekwall; Dictionary of English Place-Names
Great Driffield,"'Stubbly open land' or perhaps, 'dirty open land'.","drīf Old English - Stubble.; drit Old English - Dirt.; feld Old English - Open country, unencumbered ground (eg. land without trees as opposed to forest, level ground as opposed to hills, land without buildings); arable land (from late tenth century).; magna Latin - Big, great.",E. Ekwall; Dictionary of English Place-Names; Smith; Place-names of the East Riding of Yorkshire; Watts; Cambridge Dictionary of English Place-names; A.D. Mills; Dictionary of English Place-Names
Great Givendale with Grimthorp,"Perhaps, 'valley of the River *Gaevul', a lost river-name. Alternatively, 'bountiful valley'. 'Grimr's outlying farm/settlement'.","dæl Old English; gifol Old English - Liberal, generous, bountiful.; Personal name (Old Norse) Old Norse - Personal name; River-name Unknown - River-name; þorp Old Norse - A secondary settlement, a dependent outlying farmstead or hamlet.",Smith; Place-names of the East Riding of Yorkshire; A.D. Mills; Dictionary of English Place-Names; Watts; Cambridge Dictionary of English Place-names; E. Ekwall; Dictionary of English Place-Names
Gribthorpe,'Grip's outlying farm/settlement'.,"Personal name (Old Norse) Old Norse - Personal name; þorp Old Norse - A secondary settlement, a dependent outlying farmstead or hamlet.",Smith; Place-names of the East Riding of Yorkshire; A.D. Mills; Dictionary of English Place-Names; Watts; Cambridge Dictionary of English Place-names; E. Ekwall; Dictionary of English Place-Names
Grimston,"'Grimr's farm/settlement'. Grimr is a common Norse personal name, but Grimr, 'masked one' was a nickname for the Norse god Othinn, owing to his habit of going out in disguise. Later, the name Grimr may have been preserved as a pseudonym for the Devil. On",Personal name (Old Norse) Old Norse - Personal name; tūn Old English - An enclosure; a farmstead; a village; an estate.,Watts; Cambridge Dictionary of English Place-names; Smith; Place-names of the East Riding of Yorkshire; A.D. Mills; Dictionary of English Place-Names; E. Ekwall; Dictionary of English Place-Names
Grindale,'Green valley'.,"dæl Old English; grēne Old English - Green, grass-grown.",A.D. Mills; Dictionary of English Place-Names; Watts; Cambridge Dictionary of English Place-names; Smith; Place-names of the East Riding of Yorkshire; E. Ekwall; Dictionary of English Place-Names
Haisthorpe,'Haskel's outlying farm/settlement'.,"Personal name (Old Norse) Old Norse - Personal name; þorp Old Norse - A secondary settlement, a dependent outlying farmstead or hamlet.",Watts; Cambridge Dictionary of English Place-names; A.D. Mills; Dictionary of English Place-Names; Smith; Place-names of the East Riding of Yorkshire; E. Ekwall; Dictionary of English Place-Names
Halsham,'Neck of land homestead/village'.,"hals Old English; hām Old English - A village, a village community, a manor, an estate, a homestead.",Watts; Cambridge Dictionary of English Place-names; Smith; Place-names of the East Riding of Yorkshire; E. Ekwall; Dictionary of English Place-Names; A.D. Mills; Dictionary of English Place-Names
Haltemprice,"'High enterprise', referring to the founding of an Augustinian priory here in 1322, by Thomas Wake, Lord of Cottingham. The priory was later moved to nearby Newton [lost] with the French name replacing the English one.",emprise Old French - Enterprise.; haut Old French - High.,Watts; Cambridge Dictionary of English Place-names; Smith; Place-names of the East Riding of Yorkshire; E. Ekwall; Dictionary of English Place-Names; A.D. Mills; Dictionary of English Place-Names
Harlthorpe,'Herel's outlying farm/settlement'.,"Personal name (Old Norse) Old Norse - Personal name; þorp Old Norse - A secondary settlement, a dependent outlying farmstead or hamlet.",Watts; Cambridge Dictionary of English Place-names; Smith; Place-names of the East Riding of Yorkshire; E. Ekwall; Dictionary of English Place-Names; A.D. Mills; Dictionary of English Place-Names
Harpham,"'Harp homestead/village' or 'harper's homestead/village'. The reference is probably to the instrument, however, Harpham is located not far from the sea and it has also been suggested that the first element is a reference to the 'salt-harp', a utensil used","hām Old English - A village, a village community, a manor, an estate, a homestead.; hearpa Old English - A harper.; hearpe Old English - A harp; perhaps also a sieve, a riddle (as used in salt-workings).",Smith; Place-names of the East Riding of Yorkshire; E. Ekwall; Dictionary of English Place-Names; A.D. Mills; Dictionary of English Place-Names; Watts; Cambridge Dictionary of English Place-names
Harswell,'Her(e)sa's spring/stream'.,Personal name (Old English) Old English - Personal name; wella Old English,Watts; Cambridge Dictionary of English Place-names; E. Ekwall; Dictionary of English Place-Names; A.D. Mills; Dictionary of English Place-Names; Smith; Place-names of the East Riding of Yorkshire
Hayton,'Hay farm/settlement'.,hēg Old English; tūn Old English - An enclosure; a farmstead; a village; an estate.,Smith; Place-names of the East Riding of Yorkshire; E. Ekwall; Dictionary of English Place-Names; Watts; Cambridge Dictionary of English Place-names; A.D. Mills; Dictionary of English Place-Names
Hedon,'Heather hill'.,dūn Old English - A hill.; hǣð Old English - Heather; a tract of uncultivated land.,Smith; Place-names of the East Riding of Yorkshire; A.D. Mills; Dictionary of English Place-Names; E. Ekwall; Dictionary of English Place-Names; Watts; Cambridge Dictionary of English Place-names
Helperthorpe,"'Hjalp's outlying farm/settlement', a feminine personal name.","Personal name (Old Norse) Old Norse - Personal name; þorp Old Norse - A secondary settlement, a dependent outlying farmstead or hamlet.",Watts; Cambridge Dictionary of English Place-names; A.D. Mills; Dictionary of English Place-Names; Smith; Place-names of the East Riding of Yorkshire; E. Ekwall; Dictionary of English Place-Names
Hemingbrough,"'Hemingr's fortification' or 'fortification of Hemingr's people'. It is possible that the Hemingbrough takes its name from the Jomsborg Viking, Jarl Hemingr, who led a body of housecarls first established by Swein Forkbeard. This Hemingr and his men were",-ingas Old English - The people of . . . ; the people called after . . .; burh Old English - A fortified place.; Personal name (Old Norse) Old Norse - Personal name,Watts; Cambridge Dictionary of English Place-names; Smith; Place-names of the East Riding of Yorkshire; E. Ekwall; Dictionary of English Place-Names; A.D. Mills; Dictionary of English Place-Names
Hempholme,'Hemp island'.,"hænep Old English - Hemp.; holmr Old Norse - An island, an inland promontory, raised ground in marsh, a river-meadow.",Smith; Place-names of the East Riding of Yorkshire; Watts; Cambridge Dictionary of English Place-names; A.D. Mills; Dictionary of English Place-Names; E. Ekwall; Dictionary of English Place-Names
Heslington,'Farm/settlement growing with hazel'.,hæsling Old English - A place growing with hazel-trees.; tūn Old English - An enclosure; a farmstead; a village; an estate.,A.D. Mills; Dictionary of English Place-Names; Watts; Cambridge Dictionary of English Place-names; Smith; Place-names of the East Riding of Yorkshire; E. Ekwall; Dictionary of English Place-Names
Hessle,'Hazel-tree'.,hæsel Old English - A hazel-tree.,Smith; Place-names of the East Riding of Yorkshire; E. Ekwall; Dictionary of English Place-Names; Watts; Cambridge Dictionary of English Place-names; A.D. Mills; Dictionary of English Place-Names
High and Low Catton,"'Catta's farm/settlement' or 'Kati's farm/settlement'. Alternatively, 'wild-cat farm/settlement'.","catt Old English - A cat, probably both wild and domestic.; Personal name (Old English) Old English - Personal name; Personal name (Old Norse) Old Norse - Personal name; tūn Old English - An enclosure; a farmstead; a village; an estate.",E. Ekwall; Dictionary of English Place-Names; A.D. Mills; Dictionary of English Place-Names; Smith; Place-names of the East Riding of Yorkshire; Watts; Cambridge Dictionary of English Place-names
Hilderthorpe,"'Hildiger's outlying farm/settlement' or 'Hildigerth's outlying farm/settlement', a feminine personal name.","Personal name (Old Norse) Old Norse - Personal name; þorp Old Norse - A secondary settlement, a dependent outlying farmstead or hamlet.",Watts; Cambridge Dictionary of English Place-names; A.D. Mills; Dictionary of English Place-Names; Smith; Place-names of the East Riding of Yorkshire; E. Ekwall; Dictionary of English Place-Names
Hilston,"'Hidolf's farm/settlement' or perhaps, 'Hildwulf's farm/settlement'.",Personal name (Old English) Old English - Personal name; Personal name (Old Norse) Old Norse - Personal name; tūn Old English - An enclosure; a farmstead; a village; an estate.,Watts; Cambridge Dictionary of English Place-names; Smith; Place-names of the East Riding of Yorkshire; E. Ekwall; Dictionary of English Place-Names; A.D. Mills; Dictionary of English Place-Names
Hollym,"Uncertain. Probably, 'at the hollows', but perhaps, 'hollow homestead/village'.","hām Old English - A village, a village community, a manor, an estate, a homestead.; hamm Old English - Land hemmed in by water or marsh (perhaps also by high ground); a river-meadow; cultivated plot on the edge of woodland or moor.; hol Old English - A hole, a hollow.; holr Old Norse - Hollow; lying in a hollow, deep, running in a deep hollow.",Watts; Cambridge Dictionary of English Place-names; A.D. Mills; Dictionary of English Place-Names; E. Ekwall; Dictionary of English Place-Names; Smith; Place-names of the East Riding of Yorkshire
Holme on the Wolds,'At burial-mounds/hills' or 'at the hill-spurs'.,"haugr Old Norse - A natural height, a hill, a heap, an artificial mound, a burial mound.; hōh Old English - A heel; a sharply projecting piece of ground.",Smith; Place-names of the East Riding of Yorkshire; E. Ekwall; Dictionary of English Place-Names; Watts; Cambridge Dictionary of English Place-names; A.D. Mills; Dictionary of English Place-Names
Holme upon Spalding Moor,'Island'. Spaldingmoor refers to a large tract of land east of the River Derwent; see Spaldington.,"holmr Old Norse - An island, an inland promontory, raised ground in marsh, a river-meadow.; Personal name (Old English) Old English - Personal name; Place-name Unknown - Place-name",Smith; Place-names of the East Riding of Yorkshire; E. Ekwall; Dictionary of English Place-Names; Watts; Cambridge Dictionary of English Place-names; A.D. Mills; Dictionary of English Place-Names
Holmpton,'Island farm/settlement'.,"holmr Old Norse - An island, an inland promontory, raised ground in marsh, a river-meadow.; tūn Old English - An enclosure; a farmstead; a village; an estate.",E. Ekwall; Dictionary of English Place-Names; A.D. Mills; Dictionary of English Place-Names; Watts; Cambridge Dictionary of English Place-names; Smith; Place-names of the East Riding of Yorkshire
Hook,'River-bend'.,hūc Old English - A hook; a river-bend.,A.D. Mills; Dictionary of English Place-Names; Watts; Cambridge Dictionary of English Place-names; E. Ekwall; Dictionary of English Place-Names; Smith; Place-names of the West Riding of Yorkshire
Hornsea,'Horness's (= horn-shaped promontory) lake'.,"horn Old Norse - A horn; something shaped like a horn; a hornlike projection on a building; a projecting piece of land, esp. formed in a river-bend; a projecting headland; a horn-shaped hill.; nes Old Norse - A ness, a headland, a promontory. (Used for larger areas than the Old English word naess.); sǣ Old English - A lake; sea.  Usually means ""sea"" when used as a first element, and ""lake"" when used as a second element.; sǽr Old Norse - A lake, sea.",E. Ekwall; Dictionary of English Place-Names; A.D. Mills; Dictionary of English Place-Names; Smith; Place-names of the East Riding of Yorkshire; Watts; Cambridge Dictionary of English Place-names
Hotham,'At the shelters'.,hōd Old English - A hood; topographically a hood-shaped hill.,E. Ekwall; Dictionary of English Place-Names; Smith; Place-names of the East Riding of Yorkshire; A.D. Mills; Dictionary of English Place-Names; Watts; Cambridge Dictionary of English Place-names
Howden,"'Head valley', perhaps used topographically of a headland or the top of the valley. Alternatively, it may imply the chief, or most important valley.",denu Old English - A valley.; hēafod Old English - A head; an end or source; headland in a field-system; a projecting piece of ground; a hill (often small).,A.D. Mills; Dictionary of English Place-Names; Smith; Place-names of the East Riding of Yorkshire; Watts; Cambridge Dictionary of English Place-names; E. Ekwall; Dictionary of English Place-Names
Howsham,'At the houses'.,hūs Old English - A house; also sometimes used of a building for special purposes.; hús Old Norse - A house; also sometimes used of a building for special purposes.,E. Ekwall; Dictionary of English Place-Names; A.D. Mills; Dictionary of English Place-Names; Watts; Cambridge Dictionary of English Place-names; Smith; Place-names of the East Riding of Yorkshire
Huggate,"Perhaps, 'burial-mound road'. If so, the name probably refers to the road to York and the numerous prehistoric burial mounds along its way. Alternatively, 'hill-spur road' or 'hook road'.","gata Old Norse - A road, a street; a right of way; a right of access to pasture-land; a right of pasturage; an allotment of pasture.; geat Old English - A hole, an opening, a gap, a pass, a passage; a gate(way).; hōh Old English - A heel; a sharply projecting piece of ground.; hūc Old English - A hook; a river-bend.; hugr Old Norse - A mound, a hillock.",E. Ekwall; Dictionary of English Place-Names; A.D. Mills; Dictionary of English Place-Names; Smith; Place-names of the East Riding of Yorkshire; Watts; Cambridge Dictionary of English Place-names
Humbleton,"Uncertain. 'Rounded hill farm/settlement', 'hop farm/settlement' or perhaps, 'Humli's farm/settlement'.",humele Old English - The hop-plant.; humli Old Norse - The hop plant.; humol Old English - A rounded hillock.; humul Old Norse - A rounded hillock.; Personal name (Old Norse) Old Norse - Personal name; tūn Old English - An enclosure; a farmstead; a village; an estate.,Smith; Place-names of the East Riding of Yorkshire; Watts; Cambridge Dictionary of English Place-names; A.D. Mills; Dictionary of English Place-Names; E. Ekwall; Dictionary of English Place-Names
Hunmanby,'Houndsmen's farm/settlement'.,"bȳ Old Norse - A farmstead, a village.; hunda-maðr Old Norse - A houndsman.",A.D. Mills; Dictionary of English Place-Names; Watts; Cambridge Dictionary of English Place-names; E. Ekwall; Dictionary of English Place-Names; Smith; Place-names of the East Riding of Yorkshire
Hutton Cranswick,"Two separate places, they were frequently linked from at least c. 1210:'Hill-spur farm/settlement' and an uncertain 'cranes' specialised-farm' or perhaps, '*Cranoc's specialised-farm'","cran Old English - A crane; probably also a heron or similar bird.; hōh Old English - A heel; a sharply projecting piece of ground.; Personal name (Old English) Old English - Personal name; tūn Old English - An enclosure; a farmstead; a village; an estate.; wīc Old English - A dwelling; a building or collection of buildings for special purposes; a farm, a dairy farm; a trading or industrial settlement; or (in the plural) a hamlet, village.",Watts; Cambridge Dictionary of English Place-names; E. Ekwall; Dictionary of English Place-Names; Smith; Place-names of the East Riding of Yorkshire; A.D. Mills; Dictionary of English Place-Names
Kelfield,"'Chalk open land' alternating with OE *celce, 'chalky open land'.","calc Old English; feld Old English - Open country, unencumbered ground (eg. land without trees as opposed to forest, level ground as opposed to hills, land without buildings); arable land (from late tenth century).",A.D. Mills; Dictionary of English Place-Names; Watts; Cambridge Dictionary of English Place-names; Smith; Place-names of the East Riding of Yorkshire; E. Ekwall; Dictionary of English Place-Names
Kennythorpe,'Cenhere's/Cynehere's outlying farm/settlement.,"Personal name (Old English) Old English - Personal name; þorp Old Norse - A secondary settlement, a dependent outlying farmstead or hamlet.",Watts; Cambridge Dictionary of English Place-names; Smith; Place-names of the East Riding of Yorkshire; E. Ekwall; Dictionary of English Place-Names; A.D. Mills; Dictionary of English Place-Names
Kexby,"Uncertain. 'Kek's farm/settlement' or 'kex farm/settlement'. Kex is a word of uncertain etymology that describs the hollow stems of herbaceous plants, in particular large umbellifers such as Cow Parsnip (Anthriscus sylvestris).","bȳ Old Norse - A farmstead, a village.; kex Middle English - A dry hollow stalk; a large hollow-stemmed umbelliferous plant.; Personal name (Old Norse) Old Norse - Personal name",Watts; Cambridge Dictionary of English Place-names; Smith; Place-names of the East Riding of Yorkshire; A.D. Mills; Dictionary of English Place-Names; E. Ekwall; Dictionary of English Place-Names
Keyingham,"Partly uncertain. Perhaps, 'homestead/village of the Caeingas (= dwellers at the key-shaped feature)' or 'homestead/village at/called *Caeging (= the key-shaped place)'. Alternatively the first element may mean 'stone/gravel' or contain a personal name ba","-ing Old English - Place-name forming suffix.; -ingas Old English - The people of . . . ; the people called after . . .; cǣg Old English - A key; perhaps used topographically of hills.; hām Old English - A village, a village community, a manor, an estate, a homestead.; Place-name Unknown - Place-name",Watts; Cambridge Dictionary of English Place-names; A.D. Mills; Dictionary of English Place-Names; E. Ekwall; Dictionary of English Place-Names; The Vocabulary of English Place-Names; Smith; Place-names of the East Riding of Yorkshire
Kilham,'At the kilns'.,"cyln Old English - A kiln, a furnace for baking or burning.",Watts; Cambridge Dictionary of English Place-names; A.D. Mills; Dictionary of English Place-Names; E. Ekwall; Dictionary of English Place-Names; Smith; Place-names of the East Riding of Yorkshire
Kilnsea,'Kiln lake'.,"cyln Old English - A kiln, a furnace for baking or burning.; sǣ Old English - A lake; sea.  Usually means ""sea"" when used as a first element, and ""lake"" when used as a second element.",Smith; Place-names of the East Riding of Yorkshire; E. Ekwall; Dictionary of English Place-Names; Watts; Cambridge Dictionary of English Place-names; A.D. Mills; Dictionary of English Place-Names
Kilnwick,"'Specialised-farm connected with *Cylla' perhaps alternating with, 'specialised-farm at *Cylla's place'.","-ing Old English - Place-name forming suffix.; -ing- Old English - Connective particle, linking a first element to a final element.; Personal name (Old English) Old English - Personal name; wīc Old English - A dwelling; a building or collection of buildings for special purposes; a farm, a dairy farm; a trading or industrial settlement; or (in the plural) a hamlet, village.",E. Ekwall; Dictionary of English Place-Names; Watts; Cambridge Dictionary of English Place-names; A.D. Mills; Dictionary of English Place-Names; Smith; Place-names of the East Riding of Yorkshire
Kilnwick Percy,"'*Cylla's specialised-farm' or perhaps, 'specialised- farm of *Cylla's people'. It was held by the Percy family in the 12th century.","-ingas Old English - The people of . . . ; the people called after . . .; Family name Unknown - Family name.; Personal name (Old English) Old English - Personal name; wīc Old English - A dwelling; a building or collection of buildings for special purposes; a farm, a dairy farm; a trading or industrial settlement; or (in the plural) a hamlet, village.",Smith; Place-names of the East Riding of Yorkshire; Watts; Cambridge Dictionary of English Place-names; A.D. Mills; Dictionary of English Place-Names; E. Ekwall; Dictionary of English Place-Names
Kilpin,'Calf pen'.,"celf Old English; penn Old English - A small enclosure, a fold; later an enclosure for animals.",Smith; Place-names of the East Riding of Yorkshire; Watts; Cambridge Dictionary of English Place-names; E. Ekwall; Dictionary of English Place-Names; A.D. Mills; Dictionary of English Place-Names
Kingston upon Hull,"'King's farm/settlement' on the River Hull. Originally called OE wic, 'specialised-farm' and later known as 'port of Hull', after the River Hull.","king Middle English - A king.; River-name Unknown - River-name; toun Middle English - A township, a community.",A.D. Mills; Dictionary of English Place-Names; Watts; Cambridge Dictionary of English Place-names; Smith; Place-names of the East Riding of Yorkshire; E. Ekwall; Dictionary of English Place-Names
Kirby Grindalythe,'Church farm/settlement' on the 'slope of crane/heron valley'.,"cran Old English - A crane; probably also a heron or similar bird.; dæl Old English; hlíð Old Norse - A slope, a hill-side.; kirkju-býr Old Norse - A village with a church.",Watts; Cambridge Dictionary of English Place-names; Smith; Place-names of the East Riding of Yorkshire; E. Ekwall; Dictionary of English Place-Names; A.D. Mills; Dictionary of English Place-Names
Kirby Underdale,'Church farm/settlement' and 'Hundolf's valley'.,dæl Old English; kirkju-býr Old Norse - A village with a church.; Personal name (Old Norse) Old Norse - Personal name,E. Ekwall; Dictionary of English Place-Names; A.D. Mills; Dictionary of English Place-Names; Watts; Cambridge Dictionary of English Place-names; Smith; Place-names of the East Riding of Yorkshire
Kirk Ella,'Aelf(a)'s wood/clearing'. 'Church' to distinguish from West Ella.,"kirkja Old Norse - A church.; lēah Old English - A forest, wood, glade, clearing; (later) a pasture, meadow.; Personal name (Old English) Old English - Personal name",A.D. Mills; Dictionary of English Place-Names; Watts; Cambridge Dictionary of English Place-names; Smith; Place-names of the East Riding of Yorkshire; E. Ekwall; Dictionary of English Place-Names
Kirkburn and Battleburn,"'Church spring/stream'. Originally, 'spring/stream house', with OE hus as the second element, later 'west spring/stream' with OE west as the first element. 'Bordel's spring/stream'.","brunnr Old Norse - A well, a spring.; burna Old English - A stream.; kirkja Old Norse - A church.; Personal name (Old English) Old English - Personal name",Smith; Place-names of the East Riding of Yorkshire; E. Ekwall; Dictionary of English Place-Names; A.D. Mills; Dictionary of English Place-Names; Watts; Cambridge Dictionary of English Place-names
Knapton,"Uncertain. 'Cnapa's farm/settlement' or perhaps, 'servant's/boy's farm/settlement'.","cnafa Old English - A boy, a young man, a servant, a menial.; Personal name (Old English) Old English - Personal name; tūn Old English - An enclosure; a farmstead; a village; an estate.",E. Ekwall; Dictionary of English Place-Names; A.D. Mills; Dictionary of English Place-Names; Smith; Place-names of the East Riding of Yorkshire; Watts; Cambridge Dictionary of English Place-names
Knedlington,"'Farm/settlement of Cneddel's people' or perhaps, 'farm/settlement connected with Cneddel'.","-ing- Old English - Connective particle, linking a first element to a final element.; -ingas Old English - The people of . . . ; the people called after . . .; Personal name (Old English) Old English - Personal name; tūn Old English - An enclosure; a farmstead; a village; an estate.",Smith; Place-names of the East Riding of Yorkshire; E. Ekwall; Dictionary of English Place-Names; Watts; Cambridge Dictionary of English Place-names; A.D. Mills; Dictionary of English Place-Names
Langtoft,'Long curtilage'.,"langr Old Norse - Long, tall.; toft Old English - A curtilage, the plot of ground in which a dwelling stands.",Watts; Cambridge Dictionary of English Place-names; Smith; Place-names of the East Riding of Yorkshire; E. Ekwall; Dictionary of English Place-Names; A.D. Mills; Dictionary of English Place-Names
Langton,'Long farm/settlement'.,"lang Old English - Long, tall.; tūn Old English - An enclosure; a farmstead; a village; an estate.",Smith; Place-names of the East Riding of Yorkshire; A.D. Mills; Dictionary of English Place-Names; Watts; Cambridge Dictionary of English Place-names; E. Ekwall; Dictionary of English Place-Names
Langwith,'Long ford'.,"langr Old Norse - Long, tall.; vað Old Norse - A ford.",E. Ekwall; Dictionary of English Place-Names; Watts; Cambridge Dictionary of English Place-names; Smith; Place-names of the East Riding of Yorkshire; A.D. Mills; Dictionary of English Place-Names
Laxton,'Farm/settlement connected with *L(e)axa'.,"-ingtūn Old English - A settlement called after, or connected with . . .; Personal name (Old English) Old English - Personal name",E. Ekwall; Dictionary of English Place-Names; Smith; Place-names of the East Riding of Yorkshire; A.D. Mills; Dictionary of English Place-Names; Watts; Cambridge Dictionary of English Place-names
Laytham,'At the barns'.,"hlaða Old Norse - A store-house, a barn.",Smith; Place-names of the East Riding of Yorkshire; E. Ekwall; Dictionary of English Place-Names; Watts; Cambridge Dictionary of English Place-names; A.D. Mills; Dictionary of English Place-Names
Leavening,"Possibly, 'Leofheah's people'.",-ingas Old English - The people of . . . ; the people called after . . .; Personal name (Old English) Old English - Personal name,E. Ekwall; Dictionary of English Place-Names; Smith; Place-names of the East Riding of Yorkshire; A.D. Mills; Dictionary of English Place-Names; Watts; Cambridge Dictionary of English Place-names
Leconfield,"Probably, 'boggy-stream open land'.","feld Old English - Open country, unencumbered ground (eg. land without trees as opposed to forest, level ground as opposed to hills, land without buildings); arable land (from late tenth century).; læcc Old English - A stream, a bog.",A.D. Mills; Dictionary of English Place-Names; Watts; Cambridge Dictionary of English Place-names; E. Ekwall; Dictionary of English Place-Names; Smith; Place-names of the East Riding of Yorkshire
Lelley,'Twig wood/clearing'.,"lǣl Old English - A twig, a switch.; lēah Old English - A forest, wood, glade, clearing; (later) a pasture, meadow.",Smith; Place-names of the East Riding of Yorkshire; A.D. Mills; Dictionary of English Place-Names; E. Ekwall; Dictionary of English Place-Names; Watts; Cambridge Dictionary of English Place-names
Leppington,'Farm/settlement connected with Leppa'.,"-ingtūn Old English - A settlement called after, or connected with . . .; Personal name (Old English) Old English - Personal name",A.D. Mills; Dictionary of English Place-Names; Watts; Cambridge Dictionary of English Place-names; E. Ekwall; Dictionary of English Place-Names; Smith; Place-names of the East Riding of Yorkshire
Leven,Perhaps a lost river name identical to the River Leven in the North Riding.,River-name Unknown - River-name,Smith; Place-names of the East Riding of Yorkshire; A.D. Mills; Dictionary of English Place-Names; E. Ekwall; Dictionary of English Place-Names; Watts; Cambridge Dictionary of English Place-names
Lissett,'Pasture dwelling'.,"lǣs Old English - Pasture, meadow-land.; set Old English - A dwelling, a camp, a place for animals, a stable, a fold.",Watts; Cambridge Dictionary of English Place-names; Smith; Place-names of the East Riding of Yorkshire; E. Ekwall; Dictionary of English Place-Names; A.D. Mills; Dictionary of English Place-Names
Lockington,"'Farm/settlement connected with *Loca' or perhaps, 'enclosure's farm/settlement' (varying with 'farm/settlement at the enclosure').","-ing Old English - Place-name forming suffix.; -ing- Old English - Connective particle, linking a first element to a final element.; loca Old English - An enclosure.; Personal name (Old English) Old English - Personal name; tūn Old English - An enclosure; a farmstead; a village; an estate.",A.D. Mills; Dictionary of English Place-Names; E. Ekwall; Dictionary of English Place-Names; Smith; Place-names of the East Riding of Yorkshire; Watts; Cambridge Dictionary of English Place-names
Londesborough with Easthorpe,'Lothinn's fortification. 'East outlying farm/settlement'.,"burh Old English - A fortified place.; ēast Old English - Eastern, east.; Personal name (Old Norse) Old Norse - Personal name; þorp Old Norse - A secondary settlement, a dependent outlying farmstead or hamlet.",Smith; Place-names of the East Riding of Yorkshire; A.D. Mills; Dictionary of English Place-Names; E. Ekwall; Dictionary of English Place-Names; Watts; Cambridge Dictionary of English Place-names
Long Drax,'Long stretch of river'. The place-name has been influenced by nearby Drax which has a different origin and meaning.,"lang Old English - Long, tall.; racu Old English - A hollow, a stream, the bed of a stream.",A.D. Mills; Dictionary of English Place-Names; E. Ekwall; Dictionary of English Place-Names; Smith; Place-names of the West Riding of Yorkshire; Watts; Cambridge Dictionary of English Place-names
Long Riston,'Brushwood farm/settlement'. 'Long' to distinguish from Ruston Parva.,"hrīs Old English - Shrubs, brushwood.; tūn Old English - An enclosure; a farmstead; a village; an estate.",A.D. Mills; Dictionary of English Place-Names; E. Ekwall; Dictionary of English Place-Names; Watts; Cambridge Dictionary of English Place-names; Smith; Place-names of the East Riding of Yorkshire
Lowthorpe,'Lagi's/Logi's outlying farm/settlement'.,"Personal name (Old Norse) Old Norse - Personal name; þorp Old Norse - A secondary settlement, a dependent outlying farmstead or hamlet.",Smith; Place-names of the East Riding of Yorkshire; Watts; Cambridge Dictionary of English Place-names; A.D. Mills; Dictionary of English Place-Names; E. Ekwall; Dictionary of English Place-Names
Lund,'Grove'.,lundr Old Norse - A small wood.,Watts; Cambridge Dictionary of English Place-names; E. Ekwall; Dictionary of English Place-Names; Smith; Place-names of the East Riding of Yorkshire; A.D. Mills; Dictionary of English Place-Names
Luttons Ambo,"Probably, 'Luda's farm/settlement'. L. Ambo, 'both', after East and West Lutton were joined as a single parish.",ambo Latin - Both. (Usually in allusion to two villages of the same name forming one parish.); Personal name (Old English) Old English - Personal name; tūn Old English - An enclosure; a farmstead; a village; an estate.,E. Ekwall; Dictionary of English Place-Names; Watts; Cambridge Dictionary of English Place-names; A.D. Mills; Dictionary of English Place-Names; Smith; Place-names of the East Riding of Yorkshire
Mappleton and Rowlston,'Maple-tree farm/settlement'. 'Rolf's farm/settlement'.,mapel Old English - A maple-tree.; Personal name (Old Norse) Old Norse - Personal name; tūn Old English - An enclosure; a farmstead; a village; an estate.,Watts; Cambridge Dictionary of English Place-names; A.D. Mills; Dictionary of English Place-Names; Smith; Place-names of the East Riding of Yorkshire; E. Ekwall; Dictionary of English Place-Names
Marfleet,'Pool stream'.,"flēot Old English - An estuary, an inlet of the sea, a small stream.; mere Old English - A pond, a pool, a lake.",E. Ekwall; Dictionary of English Place-Names; A.D. Mills; Dictionary of English Place-Names; Smith; Place-names of the East Riding of Yorkshire; Watts; Cambridge Dictionary of English Place-names
Market Weighton and Arras,"Uncertain. Since it is on a Roman road, perhaps, 'farm/settlement near a Roman vicus (= trading station)'. Alternatively, it may simply refer to a 'dwelling place'. 'Shielings'.","erg Old Norse - A shieling, a hill-pasture; a summer-pasture camp, a dairy or grazing out-station.; wīc-tūn Old English - An enclosure with a dwelling; a settlment with or at a factory.",A.D. Mills; Dictionary of English Place-Names; Watts; Cambridge Dictionary of English Place-names; Smith; Place-names of the East Riding of Yorkshire; E. Ekwall; Dictionary of English Place-Names
Marton,'Pond farm/settlement'.,"mere Old English - A pond, a pool, a lake.; tūn Old English - An enclosure; a farmstead; a village; an estate.",Watts; Cambridge Dictionary of English Place-names; A.D. Mills; Dictionary of English Place-Names; Smith; Place-names of the East Riding of Yorkshire; E. Ekwall; Dictionary of English Place-Names
Meaux,'Sandy-bank lake'.,"melr Old Norse - A sand-bank, a sand-hill.; sǽr Old Norse - A lake, sea.",Watts; Cambridge Dictionary of English Place-names; A.D. Mills; Dictionary of English Place-Names; E. Ekwall; Dictionary of English Place-Names; Smith; Place-names of the East Riding of Yorkshire
Melbourne,'Middle stream'.,burna Old English - A stream.; middel Old English - Middle.,Smith; Place-names of the East Riding of Yorkshire; E. Ekwall; Dictionary of English Place-Names; Watts; Cambridge Dictionary of English Place-names; A.D. Mills; Dictionary of English Place-Names
Melton,'Middle farm/settlement'.,middel Old English - Middle.; tūn Old English - An enclosure; a farmstead; a village; an estate.,Smith; Place-names of the East Riding of Yorkshire; A.D. Mills; Dictionary of English Place-Names; E. Ekwall; Dictionary of English Place-Names; Watts; Cambridge Dictionary of English Place-names
Menethorpe,'Men(n)ing's outlying farm/settlement'.,"Personal name (Old Norse) Old Norse - Personal name; þorp Old Norse - A secondary settlement, a dependent outlying farmstead or hamlet.",A.D. Mills; Dictionary of English Place-Names; E. Ekwall; Dictionary of English Place-Names; Smith; Place-names of the East Riding of Yorkshire; Watts; Cambridge Dictionary of English Place-names
Menthorpe cum Bowthorpe,"'Menni's outlying farm/settlement' or 'Menja's outlying farm/settlement', a feminine personal name. 'Bula's/Bulli's outlying farm/settlement'.","Personal name (Old English) Old English - Personal name; Personal name (Old Norse) Old Norse - Personal name; þorp Old Norse - A secondary settlement, a dependent outlying farmstead or hamlet.",A.D. Mills; Dictionary of English Place-Names; Watts; Cambridge Dictionary of English Place-names; E. Ekwall; Dictionary of English Place-Names; Smith; Place-names of the East Riding of Yorkshire
Metham,'Mean/poor homestead/village'. The land here was once waste and marsh.,"hām Old English - A village, a village community, a manor, an estate, a homestead.; mǣte Old English - Mean, poor, inferior, small, bad.",Watts; Cambridge Dictionary of English Place-names; E. Ekwall; Dictionary of English Place-Names; A.D. Mills; Dictionary of English Place-Names; Smith; Place-names of the East Riding of Yorkshire
Middleton on the Wolds,'Middle farm/settlement' in the 'forest'.,middel Old English - Middle.; tūn Old English - An enclosure; a farmstead; a village; an estate.,E. Ekwall; Dictionary of English Place-Names; Watts; Cambridge Dictionary of English Place-names; A.D. Mills; Dictionary of English Place-Names; Smith; Place-names of the East Riding of Yorkshire
Millington with Little Givendale,"'Mill farm/settlement'. Perhaps, 'valley of the River *Gaevul', a lost river-name. Alternatively, 'bountiful valley'.","dalr Old Norse - A valley.; gifol Old English - Liberal, generous, bountiful.; myln Old English - A mill.; River-name Unknown - River-name; tūn Old English - An enclosure; a farmstead; a village; an estate.",Smith; Place-names of the East Riding of Yorkshire; E. Ekwall; Dictionary of English Place-Names; A.D. Mills; Dictionary of English Place-Names; Watts; Cambridge Dictionary of English Place-names
Molescroft,"'Mul's enclosed field' or perhaps, 'mule's enclosed field'.",croft Old English - A small enclosed field.; mūl Old English - A mule.; múll Old Norse - A mule.; Personal name (Old English) Old English - Personal name,Smith; Place-names of the East Riding of Yorkshire; A.D. Mills; Dictionary of English Place-Names; Watts; Cambridge Dictionary of English Place-names; E. Ekwall; Dictionary of English Place-Names
Moor Town,'Moor'. 'Town' is a later addition.,"mōr Old English - A marsh, barren upland.",E. Ekwall; Dictionary of English Place-Names; Watts; Cambridge Dictionary of English Place-names; Smith; Place-names of the East Riding of Yorkshire; A.D. Mills; Dictionary of English Place-Names
Muston,'Mouse farm/settlement' or 'Musi's farm/settlement'.,"mūs Old English - A mouse, a field-mouse.; Personal name (Old Norse) Old Norse - Personal name; tūn Old English - An enclosure; a farmstead; a village; an estate.",Smith; Place-names of the East Riding of Yorkshire; A.D. Mills; Dictionary of English Place-Names; Watts; Cambridge Dictionary of English Place-names; E. Ekwall; Dictionary of English Place-Names
Naburn,"Uncertain. Possibly, 'near stream' or 'narrow stream'. Alternatively, 'corpse stream', perhaps referring to a place where one was found.",burna Old English - A stream.; ná- Old Norse - Near.; nár Old Norse - A corpse.; nearu Old English - Narrow.,E. Ekwall; Dictionary of English Place-Names; Smith; Place-names of the East Riding of Yorkshire; Watts; Cambridge Dictionary of English Place-names; A.D. Mills; Dictionary of English Place-Names
Nafferton,'Nattfari's farm/settlement'.,Personal name (Old Norse) Old Norse - Personal name; tūn Old English - An enclosure; a farmstead; a village; an estate.,Watts; Cambridge Dictionary of English Place-names; Smith; Place-names of the East Riding of Yorkshire; A.D. Mills; Dictionary of English Place-Names; E. Ekwall; Dictionary of English Place-Names
Neswick,'Promontory specialised-farm'.,"-ing Old English - Place-name forming suffix.; næss Old English; wīc Old English - A dwelling; a building or collection of buildings for special purposes; a farm, a dairy farm; a trading or industrial settlement; or (in the plural) a hamlet, village.",Watts; Cambridge Dictionary of English Place-names; Smith; Place-names of the East Riding of Yorkshire; A.D. Mills; Dictionary of English Place-Names; E. Ekwall; Dictionary of English Place-Names
Newton upon Derwent,'New farm/settlement' on the River Derwent.,nīwe Old English - New.; River-name Unknown - River-name; tūn Old English - An enclosure; a farmstead; a village; an estate.,E. Ekwall; Dictionary of English Place-Names; Smith; Place-names of the East Riding of Yorkshire; A.D. Mills; Dictionary of English Place-Names; Watts; Cambridge Dictionary of English Place-names
North and South Cliffe,'Cliff'.,"clif Old English - An escarpment, a hill-slope; a river-bank.",Watts; Cambridge Dictionary of English Place-names; E. Ekwall; Dictionary of English Place-Names; Smith; Place-names of the East Riding of Yorkshire; A.D. Mills; Dictionary of English Place-Names
North and South Duffield,'Dove open land'.,"dūfe Old English - A dove, a pigeon.; feld Old English - Open country, unencumbered ground (eg. land without trees as opposed to forest, level ground as opposed to hills, land without buildings); arable land (from late tenth century).",Watts; Cambridge Dictionary of English Place-names; Smith; Place-names of the East Riding of Yorkshire; E. Ekwall; Dictionary of English Place-Names; A.D. Mills; Dictionary of English Place-Names
North and South Newbald,'New building'.,"bōðl Old English - A dwelling, a dwelling-place, a house.; nīwe Old English - New.",Watts; Cambridge Dictionary of English Place-names; A.D. Mills; Dictionary of English Place-Names; E. Ekwall; Dictionary of English Place-Names; Smith; Place-names of the East Riding of Yorkshire
North Burton or Burton Fleming,'Fortified farm/settlement'. 'North' to distinguish from other Burtons and 'Fleming' because it was held by the Fleming family in the 12th century.,"burh-tūn Old English - A fort enclosure; a farm with a palisade; a farm at, or belonging to, or which is, a fortification, fortified house, or manorhouse.; Family name Unknown - Family name.",E. Ekwall; Dictionary of English Place-Names; A.D. Mills; Dictionary of English Place-Names; Watts; Cambridge Dictionary of English Place-names; Smith; Place-names of the East Riding of Yorkshire
North Cave with Everthorpe & Drewton,"Probably a lost stream-name. 'North' to distinguish from South Cave. 'Higher outlying farm/settlement'. Possibly, 'Drowa's farm/settlement'.","Personal name (Old English) Old English - Personal name; River-name Unknown - River-name; tūn Old English - An enclosure; a farmstead; a village; an estate.; uferra Old English - Higher.; þorp Old Norse - A secondary settlement, a dependent outlying farmstead or hamlet.",Watts; Cambridge Dictionary of English Place-names; Smith; Place-names of the East Riding of Yorkshire; A.D. Mills; Dictionary of English Place-Names; E. Ekwall; Dictionary of English Place-Names
North Dalton,'Valley farm/settlement'. 'North' to distinguish from South Dalton.,dæl Old English; tūn Old English - An enclosure; a farmstead; a village; an estate.,A.D. Mills; Dictionary of English Place-Names; Smith; Place-names of the East Riding of Yorkshire; E. Ekwall; Dictionary of English Place-Names; Watts; Cambridge Dictionary of English Place-names
North Ferriby,'Ferry farm/settlement'.,"bȳ Old Norse - A farmstead, a village.; ferja Old Norse - A ferry.",Smith; Place-names of the East Riding of Yorkshire; E. Ekwall; Dictionary of English Place-Names; A.D. Mills; Dictionary of English Place-Names; Watts; Cambridge Dictionary of English Place-names
North Frodingham,"'Homestead/village of Frod(a)'s people' or perhaps, 'homestead/village at *Froding (= Froda's place)'.","-ing Old English - Place-name forming suffix.; -ingas Old English - The people of . . . ; the people called after . . .; hām Old English - A village, a village community, a manor, an estate, a homestead.; Personal name (Old English) Old English - Personal name",Smith; Place-names of the East Riding of Yorkshire; E. Ekwall; Dictionary of English Place-Names; Watts; Cambridge Dictionary of English Place-names; A.D. Mills; Dictionary of English Place-Names
North Grimston,"'Grim's/Grimr's farm/settlement', see Grimston.",Personal name (Old Norse) Old Norse - Personal name; tūn Old English - An enclosure; a farmstead; a village; an estate.,Gelling; Signposts to the Past; E. Ekwall; Dictionary of English Place-Names; A.D. Mills; Dictionary of English Place-Names; Smith; Place-names of the East Riding of Yorkshire; Watts; Cambridge Dictionary of English Place-names
North Skirlaugh Rowton and Arnold,'Bright wood/clear'. 'Rough farm/settlement'. 'Eagles' nook of land'.,"earn Old English - An eagle.; halh Old English - A nook of land; a small valley; dry ground in marsh; a piece of land projecting from, or detached from, the main area of its administrative unit.; lēah Old English - A forest, wood, glade, clearing; (later) a pasture, meadow.; rūh Old English - Rough.; scīr Old English - A shire, a jurisdiction, an administrative district, a county.; tūn Old English - An enclosure; a farmstead; a village; an estate.",A.D. Mills; Dictionary of English Place-Names; Smith; Place-names of the East Riding of Yorkshire; Watts; Cambridge Dictionary of English Place-names; E. Ekwall; Dictionary of English Place-Names
Norton,'North farm/settlement'.,"norð Old English - Northern, north.; tūn Old English - An enclosure; a farmstead; a village; an estate.",E. Ekwall; Dictionary of English Place-Names; Watts; Cambridge Dictionary of English Place-names; Smith; Place-names of the East Riding of Yorkshire; A.D. Mills; Dictionary of English Place-Names
Nunburnholme,'At the springs/streams'. There was a Benedictine nunnery here.,"brunnr Old Norse - A well, a spring.; nunne Old English - A nun.",Watts; Cambridge Dictionary of English Place-names; E. Ekwall; Dictionary of English Place-Names; A.D. Mills; Dictionary of English Place-Names; Smith; Place-names of the East Riding of Yorkshire
Osgodby,"'Asgautr's farm/settlement', Anglicised to 'Osgot'.","bȳ Old Norse - A farmstead, a village.; Personal name (Old Norse) Old Norse - Personal name",Watts; Cambridge Dictionary of English Place-names; Smith; Place-names of the East Riding of Yorkshire; E. Ekwall; Dictionary of English Place-Names; A.D. Mills; Dictionary of English Place-Names
Ottringham,"Uncertain. 'Homestead/village of Oter's people' or perhaps, 'homestead/village at Otering (= the otter place)'. A Domesday form indicates a possible alternative, 'otter-island homestead/village'.","-ing Old English - Place-name forming suffix.; -ingas Old English - The people of . . . ; the people called after . . .; ēg Old English - An island.  In ancient settlement-names, most frequently refers to dry ground surrounded by marsh.  Also used of islands in modern sense.  In late OE names: well-watered land.; hām Old English - A village, a village community, a manor, an estate, a homestead.; oter Old English - An otter.; Personal name (Old English) Old English - Personal name",A.D. Mills; Dictionary of English Place-Names; Smith; Place-names of the East Riding of Yorkshire; Watts; Cambridge Dictionary of English Place-names; E. Ekwall; Dictionary of English Place-Names
Ousethorpe,"'Eanwulf's outlying farm/settlement' Later forms show a change in personal name to ON 'Ulf', either signalling a change in ownership or a reflecting a shortening of the original name.","Personal name (Old English) Old English - Personal name; þorp Old Norse - A secondary settlement, a dependent outlying farmstead or hamlet.",Watts; Cambridge Dictionary of English Place-names; A.D. Mills; Dictionary of English Place-Names; E. Ekwall; Dictionary of English Place-Names; Smith; Place-names of the East Riding of Yorkshire
Out Newton,'Outer new farm/settlement'.,"nīwe Old English - New.; tūn Old English - An enclosure; a farmstead; a village; an estate.; ūt Old English - Outside, on the outskirts.",Smith; Place-names of the East Riding of Yorkshire; E. Ekwall; Dictionary of English Place-Names; Watts; Cambridge Dictionary of English Place-names; A.D. Mills; Dictionary of English Place-Names
Owstwick,'East specialised farm'.,"austr Old Norse - East.; wīc Old English - A dwelling; a building or collection of buildings for special purposes; a farm, a dairy farm; a trading or industrial settlement; or (in the plural) a hamlet, village.",E. Ekwall; Dictionary of English Place-Names; Watts; Cambridge Dictionary of English Place-names; A.D. Mills; Dictionary of English Place-Names; Smith; Place-names of the East Riding of Yorkshire
Owthorne,'Outer thorn-tree'.,"ūt Old English - Outside, on the outskirts.; þorn Old English - A hawthorn-tree.",Smith; Place-names of the East Riding of Yorkshire; E. Ekwall; Dictionary of English Place-Names; Watts; Cambridge Dictionary of English Place-names; A.D. Mills; Dictionary of English Place-Names
Patrington,"Uncertain. 'Farm/settlement of the *Patringes' or 'farm/settlement called/at *Patring', alternating with a place-name, '*Patring'. The specific, '*Pater', thought unlikely to represent the personal name Patrick, remains unexplained.","-ing Old English - Place-name forming suffix.; -ing- Old English - Connective particle, linking a first element to a final element.; -ingas Old English - The people of . . . ; the people called after . . .; Obscure element Unknown - Obscure element; tūn Old English - An enclosure; a farmstead; a village; an estate.",Watts; Cambridge Dictionary of English Place-names; A.D. Mills; Dictionary of English Place-Names; E. Ekwall; Dictionary of English Place-Names; Smith; Place-names of the East Riding of Yorkshire
Paull,"Probably, 'stake', perhaps referring to one marking a boundary or otherwise used as a landmark.",pagol Old English - A stake.,Smith; Place-names of the East Riding of Yorkshire; Watts; Cambridge Dictionary of English Place-names; E. Ekwall; Dictionary of English Place-Names; A.D. Mills; Dictionary of English Place-Names
Pocklington,'Farm/settlement connected with *Pocela'.,"-ingtūn Old English - A settlement called after, or connected with . . .; Personal name (Old English) Old English - Personal name",E. Ekwall; Dictionary of English Place-Names; Watts; Cambridge Dictionary of English Place-names; A.D. Mills; Dictionary of English Place-Names; Smith; Place-names of the East Riding of Yorkshire
Portington and Cavil,"'Farm/settlement connected to a market town', referring to Howden. Alternatively, 'farm/settlement connected with *Porta'. 'Jackdaw open land'.","-ing- Old English - Connective particle, linking a first element to a final element.; cā Middle English - A jackdaw.; feld Old English - Open country, unencumbered ground (eg. land without trees as opposed to forest, level ground as opposed to hills, land without buildings); arable land (from late tenth century).; Personal name (Old English) Old English - Personal name; port Old English - A haven, a harbour.; tūn Old English - An enclosure; a farmstead; a village; an estate.",E. Ekwall; Dictionary of English Place-Names; Watts; Cambridge Dictionary of English Place-names; A.D. Mills; Dictionary of English Place-Names; Smith; Place-names of the East Riding of Yorkshire
Preston,'Priests' farm/settlement'.,prēost Old English - A priest.; tūn Old English - An enclosure; a farmstead; a village; an estate.,E. Ekwall; Dictionary of English Place-Names; Smith; Place-names of the East Riding of Yorkshire; Watts; Cambridge Dictionary of English Place-names; A.D. Mills; Dictionary of English Place-Names
Raisthorpe and Burdale,"'Hreitharr's outlying farm/settlement'. 'Board hall', ie., made of boards or perhaps, 'board nook of land', a place where they were made or obtained. Alternatively, perhaps 'broad nook of land'","brǣdu Old English - Breadth.; bred Old English - A plank, a board.; halh Old English - A nook of land; a small valley; dry ground in marsh; a piece of land projecting from, or detached from, the main area of its administrative unit.; hall Old English - A slope, a hill; a boulder.; Personal name (Old Norse) Old Norse - Personal name; þorp Old Norse - A secondary settlement, a dependent outlying farmstead or hamlet.",E. Ekwall; Dictionary of English Place-Names; Smith; Place-names of the East Riding of Yorkshire; A.D. Mills; Dictionary of English Place-Names; Watts; Cambridge Dictionary of English Place-names
Reighton,'Strip of land farm/settlement'.,ric Old English - A raised straight strip. (Uncertain); tūn Old English - An enclosure; a farmstead; a village; an estate.,E. Ekwall; Dictionary of English Place-Names; A.D. Mills; Dictionary of English Place-Names; Watts; Cambridge Dictionary of English Place-names; Smith; Place-names of the East Riding of Yorkshire
Riccall,'*Rica's nook of land'.,"halh Old English - A nook of land; a small valley; dry ground in marsh; a piece of land projecting from, or detached from, the main area of its administrative unit.; Personal name (Old English) Old English - Personal name",A.D. Mills; Dictionary of English Place-Names; Smith; Place-names of the East Riding of Yorkshire; E. Ekwall; Dictionary of English Place-Names; Watts; Cambridge Dictionary of English Place-names
Rillington,'Farm/settlement connected with *Redel/Hrethel'.,"-ingtūn Old English - A settlement called after, or connected with . . .; Personal name (Old English) Old English - Personal name",A.D. Mills; Dictionary of English Place-Names; Smith; Place-names of the East Riding of Yorkshire; Watts; Cambridge Dictionary of English Place-names; E. Ekwall; Dictionary of English Place-Names
Rimswell,"Uncertain. '*Rymi's spring/stream' or '*Hrimr's spring/stream'. Alternatively, the second element may be 'swelling', used topographically of a hill or rise of land.","Personal name (Old English) Old English - Personal name; Personal name (Old Norse) Old Norse - Personal name; rima Old English - A rim, an edge, a border; used of the edge of a river, hill, etc., or a boundary.; swelle Old English - A swelling; topographically a rising piece of ground, a hill.; wella Old English",A.D. Mills; Dictionary of English Place-Names; Smith; Place-names of the East Riding of Yorkshire; Watts; Cambridge Dictionary of English Place-names; E. Ekwall; Dictionary of English Place-Names
Rise,'Brushwood'.,"hrís Old Norse - Shrubs, brushwood.",E. Ekwall; Dictionary of English Place-Names; A.D. Mills; Dictionary of English Place-Names; Smith; Place-names of the East Riding of Yorkshire; Watts; Cambridge Dictionary of English Place-names
Roos,"'Moor' or perhaps, 'promontory'.",ros C,A.D. Mills; Dictionary of English Place-Names; E. Ekwall; Dictionary of English Place-Names; Watts; Cambridge Dictionary of English Place-names; Smith; Place-names of the East Riding of Yorkshire
Rotsea,"'Rot(a)'s lake' or perhaps, 'scum lake'.","hrot Old English - Scum.; Personal name (Old English) Old English - Personal name; sǣ Old English - A lake; sea.  Usually means ""sea"" when used as a first element, and ""lake"" when used as a second element.",A.D. Mills; Dictionary of English Place-Names; Smith; Place-names of the East Riding of Yorkshire; Watts; Cambridge Dictionary of English Place-names; E. Ekwall; Dictionary of English Place-Names
Routh,'Rough ground'.,"hrúðr Old Norse - Scurf; topographically perhaps rough, shaly ground.",E. Ekwall; Dictionary of English Place-Names; Watts; Cambridge Dictionary of English Place-names; A.D. Mills; Dictionary of English Place-Names; Smith; Place-names of the East Riding of Yorkshire
Rowley,"'Rough wood/clearing'. Perhaps, originally, 'rough burial-mound/hill' with OE hlaw as the second element.","lēah Old English - A forest, wood, glade, clearing; (later) a pasture, meadow.; rūh Old English - Rough.",A.D. Mills; Dictionary of English Place-Names; Watts; Cambridge Dictionary of English Place-names; E. Ekwall; Dictionary of English Place-Names; Smith; Place-names of the East Riding of Yorkshire
Rudston,"Probably, 'rood-stone', referring to a standing stone in the church yard. However, weathering of the rock has produced a red tinge and the first element might be 'red'.","rōd Old English - A rood, a cross; also a cross for executing criminals.; rudig Old English - Ruddy, red.; stān Old English - A stone, stone, rock.",Smith; Place-names of the East Riding of Yorkshire; A.D. Mills; Dictionary of English Place-Names; Watts; Cambridge Dictionary of English Place-names; E. Ekwall; Dictionary of English Place-Names
Ruston Parva,'*Hror's farm/settlement' or '*Roarr's farm/settlement'. 'Little' to distinguish from Long Riston.,parva Latin - Small.; Personal name (Old English) Old English - Personal name; Personal name (Old Norse) Old Norse - Personal name; tūn Old English - An enclosure; a farmstead; a village; an estate.,A.D. Mills; Dictionary of English Place-Names; E. Ekwall; Dictionary of English Place-Names; Smith; Place-names of the East Riding of Yorkshire; Watts; Cambridge Dictionary of English Place-names
Ryhill and Camerton,"'Rye hill'. Uncertain. An obscure first element with 'farm/settlement'. For tentative solutions cf. Cammeringham, Lincolnshire and Camberwell, Somerset.","hyll Old English - A hill, a natural eminence or elevated piece of ground.; Obscure element Unknown - Obscure element; ryge Old English - Rye.; tūn Old English - An enclosure; a farmstead; a village; an estate.",Watts; Cambridge Dictionary of English Place-names; Smith; Place-names of the East Riding of Yorkshire; A.D. Mills; Dictionary of English Place-Names; E. Ekwall; Dictionary of English Place-Names
Saltmarshe,'Salty marsh' or 'brackish marsh'.,mersc Old English - A marsh.; salt Old English,E. Ekwall; Dictionary of English Place-Names; Watts; Cambridge Dictionary of English Place-names; A.D. Mills; Dictionary of English Place-Names; Smith; Place-names of the East Riding of Yorkshire
Sancton and Houghton,'Sand farm/settlement'. 'Hofa's farm/settlement' or 'ale-hoof farm/settlement'.,hōfe Old English - Ale-hoof (a herb).; Personal name (Old English) Old English - Personal name; sand Old English - Sand.; tūn Old English - An enclosure; a farmstead; a village; an estate.,Watts; Cambridge Dictionary of English Place-names; A.D. Mills; Dictionary of English Place-Names; E. Ekwall; Dictionary of English Place-Names; Smith; Place-names of the East Riding of Yorkshire
Scagglethorpe,"'Skakull's/Skakli's outlying farm/settlement'. See entry for Scackleton, Yorkshire North Riding for alternative explanation.",Personal name (Old Norse) Old Norse - Personal name,Smith; Place-names of the East Riding of Yorkshire; E. Ekwall; Dictionary of English Place-Names; Watts; Cambridge Dictionary of English Place-names; A.D. Mills; Dictionary of English Place-Names
Scalby,'Skalli's farm/settlement'.,"bȳ Old Norse - A farmstead, a village.; Personal name (Old Norse) Old Norse - Personal name",Watts; Cambridge Dictionary of English Place-names; Smith; Place-names of the East Riding of Yorkshire; E. Ekwall; Dictionary of English Place-Names; A.D. Mills; Dictionary of English Place-Names
Scampston,"'Skammr's farm/settlement', varying with its diminuitive form 'Skammel'. Alternatively, 'short farm/settlement'.",Personal name (Old Norse) Old Norse - Personal name; tūn Old English - An enclosure; a farmstead; a village; an estate.,Watts; Cambridge Dictionary of English Place-names; E. Ekwall; Dictionary of English Place-Names; Smith; Place-names of the East Riding of Yorkshire; A.D. Mills; Dictionary of English Place-Names
Scorborough,'Wood shelter'.,búð Old Norse; skógr Old Norse - A wood.,Watts; Cambridge Dictionary of English Place-names; A.D. Mills; Dictionary of English Place-Names; E. Ekwall; Dictionary of English Place-Names; Smith; Place-names of the East Riding of Yorkshire
Scrayingham,"Uncertain. 'Homestead/village of *Scirheah's people' or 'homestead/village of Skrati's people'. Alternatively, 'homestead/village at/called *Scraeging (= structure of made of poles)'.","-ing Old English - Place-name forming suffix.; -ingas Old English - The people of . . . ; the people called after . . .; hām Old English - A village, a village community, a manor, an estate, a homestead.; Personal name (Old English) Old English - Personal name; Personal name (Old Norse) Old Norse - Personal name",E. Ekwall; Dictionary of English Place-Names; A.D. Mills; Dictionary of English Place-Names; Watts; Cambridge Dictionary of English Place-names; Smith; Place-names of the East Riding of Yorkshire
Sculcoates,'Skuli's cottages'.,"cot Old English - A cottage, a hut, a shelter, a den.; Personal name (Old Norse) Old Norse - Personal name",E. Ekwall; Dictionary of English Place-Names; Watts; Cambridge Dictionary of English Place-names; Smith; Place-names of the East Riding of Yorkshire; A.D. Mills; Dictionary of English Place-Names
Seaton and Wassand,'Lake farm/settlement'. 'Sand ford'.,"sǣ Old English - A lake; sea.  Usually means ""sea"" when used as a first element, and ""lake"" when used as a second element.; sandr Old Norse - Sand.; tūn Old English - An enclosure; a farmstead; a village; an estate.; vað Old Norse - A ford.",A.D. Mills; Dictionary of English Place-Names; E. Ekwall; Dictionary of English Place-Names; Smith; Place-names of the East Riding of Yorkshire; Watts; Cambridge Dictionary of English Place-names
Seaton Ross,'Lake farm/settlement'. The area has been drained and there is no lake here now. It was held by the Roos or Ross family from the 12th until the 17th century.,"Family name Unknown - Family name.; sǣ Old English - A lake; sea.  Usually means ""sea"" when used as a first element, and ""lake"" when used as a second element.; tūn Old English - An enclosure; a farmstead; a village; an estate.",Smith; Place-names of the East Riding of Yorkshire; A.D. Mills; Dictionary of English Place-Names; E. Ekwall; Dictionary of English Place-Names; Watts; Cambridge Dictionary of English Place-names
Settrington,"Perhaps,'farm/settlement at/called *Saettering (= the robber's place)' or with the same element used as a personal name, 'Saetere'. Alternatively, 'drain/ditch farm/settlement'.","-ing- Old English - Connective particle, linking a first element to a final element.; Personal name (Old English) Old English - Personal name; sǣtere Old English - A robber.; seohtre Old English - A drain, a ditch.; tūn Old English - An enclosure; a farmstead; a village; an estate.",A.D. Mills; Dictionary of English Place-Names; E. Ekwall; Dictionary of English Place-Names; Smith; Place-names of the East Riding of Yorkshire; Watts; Cambridge Dictionary of English Place-names
Sewerby cum Marton,'Sigvarthr's farm/settlement'. 'Pool farm/settlement'.,"bȳ Old Norse - A farmstead, a village.; mere Old English - A pond, a pool, a lake.; Personal name (Old Norse) Old Norse - Personal name; tūn Old English - An enclosure; a farmstead; a village; an estate.",A.D. Mills; Dictionary of English Place-Names; Smith; Place-names of the East Riding of Yorkshire; Watts; Cambridge Dictionary of English Place-names; E. Ekwall; Dictionary of English Place-Names
Sherburn,'Bright/clear stream'.,"burna Old English - A stream.; scīr Old English - A shire, a jurisdiction, an administrative district, a county.",A.D. Mills; Dictionary of English Place-Names; E. Ekwall; Dictionary of English Place-Names; Smith; Place-names of the East Riding of Yorkshire; Watts; Cambridge Dictionary of English Place-names
Shipton,'Briar farm/settlement'.,"hēope Old English - The fruit of the wild rose, a hip.; tūn Old English - An enclosure; a farmstead; a village; an estate.",Watts; Cambridge Dictionary of English Place-names; Smith; Place-names of the East Riding of Yorkshire; E. Ekwall; Dictionary of English Place-Names; A.D. Mills; Dictionary of English Place-Names
Sigglesthorne,'Sigel's thorn-tree'.,Personal name (Old Norse) Old Norse - Personal name; þorn Old Norse - A hawthorn-tree.,Smith; Place-names of the East Riding of Yorkshire; A.D. Mills; Dictionary of English Place-Names; E. Ekwall; Dictionary of English Place-Names; Watts; Cambridge Dictionary of English Place-names
Skeffling,"Uncertain. Possibly, '*Sceftela's place' or 'Skapti's place' or perhaps, '*Sceftela's people'. Alternatively, a Scandinavianised, 'shaft-place' or an -ing formation of a lost place-name, 'shaft wood/clearing' denoting a place where shafts were obtained or","-ing Old English - Place-name forming suffix.; -ingas Old English - The people of . . . ; the people called after . . .; lēah Old English - A forest, wood, glade, clearing; (later) a pasture, meadow.; Personal name (Old English) Old English - Personal name; Personal name (Old Norse) Old Norse - Personal name; sceaft Old English - A shaft, a pole, probably used of a pole acting as a landmark or boundary post.",A.D. Mills; Dictionary of English Place-Names; Smith; Place-names of the East Riding of Yorkshire; E. Ekwall; Dictionary of English Place-Names; Watts; Cambridge Dictionary of English Place-names
Skelton,'Shelf farm/settlement'.,"scelf Old English - A shelf, a shelving terrain; a pinnacle, battlement.; tūn Old English - An enclosure; a farmstead; a village; an estate.",Watts; Cambridge Dictionary of English Place-names; A.D. Mills; Dictionary of English Place-Names; Smith; Place-names of the East Riding of Yorkshire; E. Ekwall; Dictionary of English Place-Names
Skerne,Named after the Skerne Beck.,Stream-Name Unknown - Stream-name.,E. Ekwall; Dictionary of English Place-Names; Watts; Cambridge Dictionary of English Place-names; A.D. Mills; Dictionary of English Place-Names; Smith; Place-names of the East Riding of Yorkshire
Skidby,'Skyti's farm/settlement' or 'dirty farm/settlement'.,"bȳ Old Norse - A farmstead, a village.; Personal name (Old Norse) Old Norse - Personal name",Smith; Place-names of the East Riding of Yorkshire; Watts; Cambridge Dictionary of English Place-names; E. Ekwall; Dictionary of English Place-Names; A.D. Mills; Dictionary of English Place-Names
Skipsea,'Ship lake '.,"sǽr Old Norse - A lake, sea.; skip Old Norse - A ship.",E. Ekwall; Dictionary of English Place-Names; Smith; Place-names of the East Riding of Yorkshire; Watts; Cambridge Dictionary of English Place-names; A.D. Mills; Dictionary of English Place-Names
Skipwith,"'Sheep specialised-farm'. Later, the second element was replaced with ON vithr, 'wood'.","scēp Old English; wīc Old English - A dwelling; a building or collection of buildings for special purposes; a farm, a dairy farm; a trading or industrial settlement; or (in the plural) a hamlet, village.",Smith; Place-names of the East Riding of Yorkshire; A.D. Mills; Dictionary of English Place-Names; E. Ekwall; Dictionary of English Place-Names; Watts; Cambridge Dictionary of English Place-names
Skirpenbeck,"'Dried-up brook' or perhaps, 'brook called *Skerping (= the dried-up one)' .","bekkr Old Norse - A stream, a beck.; skerpin Old Norse - A dried-up stream, dried-up barren land.",Watts; Cambridge Dictionary of English Place-names; Smith; Place-names of the East Riding of Yorkshire; E. Ekwall; Dictionary of English Place-Names; A.D. Mills; Dictionary of English Place-Names
Sledmere,'Valley pool'.,"mere Old English - A pond, a pool, a lake.; slæd Old English",E. Ekwall; Dictionary of English Place-Names; Smith; Place-names of the East Riding of Yorkshire; Watts; Cambridge Dictionary of English Place-names; A.D. Mills; Dictionary of English Place-Names
South Cave,Probably a lost stream-name. 'South' to distinguish from North Cave.,Stream-Name Unknown - Stream-name.,Smith; Place-names of the East Riding of Yorkshire; A.D. Mills; Dictionary of English Place-Names; E. Ekwall; Dictionary of English Place-Names; Watts; Cambridge Dictionary of English Place-names
South Dalton,'Valley farm/settlement'. 'South' to distinguish from North Dalton.,dæl Old English; tūn Old English - An enclosure; a farmstead; a village; an estate.,E. Ekwall; Dictionary of English Place-Names; A.D. Mills; Dictionary of English Place-Names; Smith; Place-names of the East Riding of Yorkshire; Watts; Cambridge Dictionary of English Place-names
South Frodingham,"Either, 'homestead/village of Froda's people' or 'homestead/village at Froda's place'.","-ing Old English - Place-name forming suffix.; -ingas Old English - The people of . . . ; the people called after . . .; hām Old English - A village, a village community, a manor, an estate, a homestead.; Personal name (Old English) Old English - Personal name",A.D. Mills; Dictionary of English Place-Names; Watts; Cambridge Dictionary of English Place-names; E. Ekwall; Dictionary of English Place-Names; Smith; Place-names of the East Riding of Yorkshire
South Skirlaugh,'Bright wood/clearing'. 'South' to distinguish from North Skirlaugh.,"lēah Old English - A forest, wood, glade, clearing; (later) a pasture, meadow.; scīr Old English - A shire, a jurisdiction, an administrative district, a county.",Smith; Place-names of the East Riding of Yorkshire; A.D. Mills; Dictionary of English Place-Names; Watts; Cambridge Dictionary of English Place-names; E. Ekwall; Dictionary of English Place-Names
Southburn,'South spring/stream'.,"brunnr Old Norse - A well, a spring.; burna Old English - A stream.; sūð Old English - South, southern.; suðrœnn Old Norse - Southern, southerly.",A.D. Mills; Dictionary of English Place-Names; Smith; Place-names of the East Riding of Yorkshire; Watts; Cambridge Dictionary of English Place-names; E. Ekwall; Dictionary of English Place-Names
Southcoates,'Soti's cottages'.,"cot Old English - A cottage, a hut, a shelter, a den.; Personal name (Old Norse) Old Norse - Personal name",Watts; Cambridge Dictionary of English Place-names; Smith; Place-names of the East Riding of Yorkshire; A.D. Mills; Dictionary of English Place-Names; E. Ekwall; Dictionary of English Place-Names
Spaldington,"'Farm/settlement of the *Spaldingas (= the people of the Spalde)'. Perhaps off-shoots of the Spalde who are mentioned in the Tribal Hidage and give their name to Spalding, Lincolnshire. Alternatively, 'farm/settlement on the Spalding (= ditch place)', a o","-ing Old English - Place-name forming suffix.; -ingas Old English - The people of . . . ; the people called after . . .; River-name Unknown - River-name; spāld Old English - Spittle, spit; perhaps used of a river or stream.; Tribal-Name Unknown - Tribal-name.; tún Old Norse - An enclosure, a farmstead.",Smith; Place-names of the East Riding of Yorkshire; E. Ekwall; Dictionary of English Place-Names; Watts; Cambridge Dictionary of English Place-names; A.D. Mills; Dictionary of English Place-Names
Speeton,"'Speech farm/settlement', perhaps denoting the hundred meeting place.",spēc Old English; tūn Old English - An enclosure; a farmstead; a village; an estate.,A.D. Mills; Dictionary of English Place-Names; Watts; Cambridge Dictionary of English Place-names; Smith; Place-names of the East Riding of Yorkshire; E. Ekwall; Dictionary of English Place-Names
Sproatley,'Sprout wood/clearing'.,"lēah Old English - A forest, wood, glade, clearing; (later) a pasture, meadow.; sprota Old English - A sprout, a shoot, a twig.",A.D. Mills; Dictionary of English Place-Names; Smith; Place-names of the East Riding of Yorkshire; E. Ekwall; Dictionary of English Place-Names; Watts; Cambridge Dictionary of English Place-names
Stillingfleet with Moreby,'Stream of *Styfel's people' or 'stream at *Styfel's place'. 'Moor farm/settlement'.,"-ing Old English - Place-name forming suffix.; -ingas Old English - The people of . . . ; the people called after . . .; bȳ Old Norse - A farmstead, a village.; flēot Old English - An estuary, an inlet of the sea, a small stream.; mór Old Norse - A marsh; barren upland.; Personal name (Old English) Old English - Personal name",A.D. Mills; Dictionary of English Place-Names; Smith; Place-names of the East Riding of Yorkshire; E. Ekwall; Dictionary of English Place-Names; Watts; Cambridge Dictionary of English Place-names
Storkhill and Sandholme,"It is thought unlikely that the name derives from OE storc, 'a stork'. Rather the name may be derived from an hypothetical OE *storc or ON *stork, 'land built up or increased' through drainage, which, it has been argued, would make sense topographically.","holm Old English - Water, the sea, ocean (in late OE poetic usage); island (in late OE prose); mound, hill (possibly).; Obscure element Unknown - Obscure element; sand Old English - Sand.",Smith; Place-names of the East Riding of Yorkshire; E. Ekwall; Dictionary of English Place-Names; Watts; Cambridge Dictionary of English Place-names; A.D. Mills; Dictionary of English Place-Names
Storwood,'Brushwood clearing'.,"storð Old Norse - A young wood, a plantation, land growing with brushwood.; þveit Old Norse - A clearing, a meadow, a paddock.",Smith; Place-names of the East Riding of Yorkshire; A.D. Mills; Dictionary of English Place-Names; Watts; Cambridge Dictionary of English Place-names; E. Ekwall; Dictionary of English Place-Names
Sunderlandwick,"'Specialised-farm on detached land' or perhaps, 'Sunderland's specialised-farm'.","Place-name Unknown - Place-name; sundor-land Old English - Land set apart for some special purpose, private land, detached land.; wīc Old English - A dwelling; a building or collection of buildings for special purposes; a farm, a dairy farm; a trading or industrial settlement; or (in the plural) a hamlet, village.",A.D. Mills; Dictionary of English Place-Names; E. Ekwall; Dictionary of English Place-Names; Smith; Place-names of the East Riding of Yorkshire; Watts; Cambridge Dictionary of English Place-names
Sunk Island,"In the 17th century, it was a small island rising out of a sandbank in the Humber. The north arm of the river has since filled up, and the 'island' is now part of the mainland.",Place-name Unknown - Place-name,A.D. Mills; Dictionary of English Place-Names; Watts; Cambridge Dictionary of English Place-names; E. Ekwall; Dictionary of English Place-Names; Smith; Place-names of the East Riding of Yorkshire
Sutton on Hull,'South farm/settlement' on the River Hull.,"River-name Unknown - River-name; sūð Old English - South, southern.; tūn Old English - An enclosure; a farmstead; a village; an estate.",Watts; Cambridge Dictionary of English Place-names; Smith; Place-names of the East Riding of Yorkshire; A.D. Mills; Dictionary of English Place-Names; E. Ekwall; Dictionary of English Place-Names
Sutton upon Derwent,'South farm/settlement' on the River Derwent.,"River-name Unknown - River-name; sūð Old English - South, southern.; tūn Old English - An enclosure; a farmstead; a village; an estate.",Smith; Place-names of the East Riding of Yorkshire; A.D. Mills; Dictionary of English Place-Names; E. Ekwall; Dictionary of English Place-Names; Watts; Cambridge Dictionary of English Place-names
Swanland,'Svan's grove'.,lundr Old Norse - A small wood.; Personal name (Old Norse) Old Norse - Personal name,E. Ekwall; Dictionary of English Place-Names; Watts; Cambridge Dictionary of English Place-names; Smith; Place-names of the East Riding of Yorkshire; A.D. Mills; Dictionary of English Place-Names
Swine,'Creek'.,"swin Old English - A creek, a channel.",Watts; Cambridge Dictionary of English Place-names; Smith; Place-names of the East Riding of Yorkshire; A.D. Mills; Dictionary of English Place-Names; E. Ekwall; Dictionary of English Place-Names
Thearne,'Thorn-tree'.,þorn Old English - A hawthorn-tree.,Watts; Cambridge Dictionary of English Place-names; A.D. Mills; Dictionary of English Place-Names; Smith; Place-names of the East Riding of Yorkshire; E. Ekwall; Dictionary of English Place-Names
Thirkleby,'Thorkell's farm/settlement'.,"bȳ Old Norse - A farmstead, a village.; Personal name (Old Norse) Old Norse - Personal name",A.D. Mills; Dictionary of English Place-Names; E. Ekwall; Dictionary of English Place-Names; Watts; Cambridge Dictionary of English Place-names; Smith; Place-names of the East Riding of Yorkshire
Thirtleby,'Thorkel's farm/settlement'.,"bȳ Old Norse - A farmstead, a village.; Personal name (Old Norse) Old Norse - Personal name",A.D. Mills; Dictionary of English Place-Names; E. Ekwall; Dictionary of English Place-Names; Watts; Cambridge Dictionary of English Place-names; Smith; Place-names of the East Riding of Yorkshire
Thixendale,"'Sigstienn's valley'. Spellings occasionally confused with L. Sexdecim, 'sixteen'.",dalr Old Norse - A valley.; Personal name (Old Norse) Old Norse - Personal name,Watts; Cambridge Dictionary of English Place-names; E. Ekwall; Dictionary of English Place-Names; A.D. Mills; Dictionary of English Place-Names; Smith; Place-names of the East Riding of Yorkshire
Thorganby with West Cottingwith,"'Thorgrim's farm/settlement. '*Cott's/*Cotta's specialised farm'. Later, the second element was replaced with ON vithr, 'wood'.","-ing- Old English - Connective particle, linking a first element to a final element.; bȳ Old Norse - A farmstead, a village.; Personal name (Old English) Old English - Personal name; Personal name (Old Norse) Old Norse - Personal name; wīc Old English - A dwelling; a building or collection of buildings for special purposes; a farm, a dairy farm; a trading or industrial settlement; or (in the plural) a hamlet, village.",Watts; Cambridge Dictionary of English Place-names; Smith; Place-names of the East Riding of Yorkshire; A.D. Mills; Dictionary of English Place-Names; E. Ekwall; Dictionary of English Place-Names
Thorngumbald,'Thorn-tree'. It was held by the Gumbald family in the 13th century.,Family name Unknown - Family name.,A.D. Mills; Dictionary of English Place-Names; E. Ekwall; Dictionary of English Place-Names; Smith; Place-names of the East Riding of Yorkshire; Watts; Cambridge Dictionary of English Place-names
Thornholme,'At the thorn-trees'.,þyrne Old English - A thorn-bush.,E. Ekwall; Dictionary of English Place-Names; Watts; Cambridge Dictionary of English Place-names; A.D. Mills; Dictionary of English Place-Names; Smith; Place-names of the East Riding of Yorkshire
Thornton,'Hawthorn-tree farm/settlement'.,tūn Old English - An enclosure; a farmstead; a village; an estate.; þorn Old English - A hawthorn-tree.,Watts; Cambridge Dictionary of English Place-names; A.D. Mills; Dictionary of English Place-Names; E. Ekwall; Dictionary of English Place-Names; Smith; Place-names of the East Riding of Yorkshire
Thorpe Bassett,'Outlying farm/settlement'. It was held by William Basset in 1204.,"Family name Unknown - Family name.; þorp Old Norse - A secondary settlement, a dependent outlying farmstead or hamlet.",A.D. Mills; Dictionary of English Place-Names; Smith; Place-names of the East Riding of Yorkshire; E. Ekwall; Dictionary of English Place-Names; Watts; Cambridge Dictionary of English Place-names
Thorpe le Street,'Outlying farm/settlement'. It is on the Roman road between York and Brough on Humber.,"le Old French - The.; strēt Old English; þorp Old Norse - A secondary settlement, a dependent outlying farmstead or hamlet.",A.D. Mills; Dictionary of English Place-Names; Watts; Cambridge Dictionary of English Place-names; E. Ekwall; Dictionary of English Place-Names; Smith; Place-names of the East Riding of Yorkshire
Thwing,'Narrow strip of land'.,þvengr Old Norse - A thong; a narrow strip of land.; þweng Old English,E. Ekwall; Dictionary of English Place-Names; Smith; Place-names of the East Riding of Yorkshire; A.D. Mills; Dictionary of English Place-Names; Watts; Cambridge Dictionary of English Place-names
Tibthorpe,'*Tibbi's outlying farm/settlement' or 'Tibba's outlying farm/settlement'.,"Personal name (Old English) Old English - Personal name; Personal name (Old Norse) Old Norse - Personal name; þorp Old Norse - A secondary settlement, a dependent outlying farmstead or hamlet.",E. Ekwall; Dictionary of English Place-Names; A.D. Mills; Dictionary of English Place-Names; Smith; Place-names of the East Riding of Yorkshire; Watts; Cambridge Dictionary of English Place-names
Tickton & Hullbridge,"Either, 'young goat farm/settlement' or 'Ticca's farm/settlement'.","Personal name (Old English) Old English - Personal name; ticcen Old English - A kid, a young goat.; tūn Old English - An enclosure; a farmstead; a village; an estate.",Watts; Cambridge Dictionary of English Place-names; A.D. Mills; Dictionary of English Place-Names; Smith; Place-names of the East Riding of Yorkshire; E. Ekwall; Dictionary of English Place-Names
Towthorpe,'Tove's/Tofi's outlying farm/settlement'.,"Personal name (Old Norse) Old Norse - Personal name; þorp Old Norse - A secondary settlement, a dependent outlying farmstead or hamlet.",E. Ekwall; Dictionary of English Place-Names; A.D. Mills; Dictionary of English Place-Names; Smith; Place-names of the East Riding of Yorkshire; Watts; Cambridge Dictionary of English Place-names
Tunstall,'Farmstead'.,"tūn-stall Old English - The site of a farm, a farmstead.",E. Ekwall; Dictionary of English Place-Names; Smith; Place-names of the East Riding of Yorkshire; A.D. Mills; Dictionary of English Place-Names; Watts; Cambridge Dictionary of English Place-names
Ulrome,"'Wulfhere'shomestead/village' or perhaps, 'Wulfaru's homestead/village', a feminine personal name.","hām Old English - A village, a village community, a manor, an estate, a homestead.; Personal name (Old English) Old English - Personal name",A.D. Mills; Dictionary of English Place-Names; Watts; Cambridge Dictionary of English Place-names; Smith; Place-names of the East Riding of Yorkshire; E. Ekwall; Dictionary of English Place-Names
Walkington,'Farm/settlement connected with *Walca'.,"-ingtūn Old English - A settlement called after, or connected with . . .; Personal name (Old English) Old English - Personal name",Watts; Cambridge Dictionary of English Place-names; E. Ekwall; Dictionary of English Place-Names; A.D. Mills; Dictionary of English Place-Names; Smith; Place-names of the East Riding of Yorkshire
Wallingfen,"'Britons' fen' or perhaps, 'Wealh's fen'.","fenn Old English - A fen, a marsh, marshland.; Personal name (Old English) Old English - Personal name; walh Old English",Watts; Cambridge Dictionary of English Place-names; Smith; Place-names of the East Riding of Yorkshire; E. Ekwall; Dictionary of English Place-Names; A.D. Mills; Dictionary of English Place-Names
Wansford,'*Wand's/*Wandel's ford'.,ford Old English - A ford.; Personal name (Old English) Old English - Personal name,Watts; Cambridge Dictionary of English Place-names; E. Ekwall; Dictionary of English Place-Names; A.D. Mills; Dictionary of English Place-Names; Smith; Place-names of the East Riding of Yorkshire
Waplington,"'Farm/settlement connected with Waeppela' or perhaps, 'farm/settlement at *Wapling (= marshy place)'.","-ing Old English - Place-name forming suffix.; -ing- Old English - Connective particle, linking a first element to a final element.; Personal name (Old English) Old English - Personal name; tūn Old English - An enclosure; a farmstead; a village; an estate.; wapol Old English - A pool, a marsh (probably).",A.D. Mills; Dictionary of English Place-Names; E. Ekwall; Dictionary of English Place-Names; Watts; Cambridge Dictionary of English Place-names; Smith; Place-names of the East Riding of Yorkshire
Warter,"'Criminals' tree', ie, a gallows. Alternatively, 'gnarled tree'.","trēow Old English - A tree; a large piece of wood, a post, a beam.; wearg Old English - A felon, a criminal, an outlaw.; wearr Old English - Callosity.",Watts; Cambridge Dictionary of English Place-names; A.D. Mills; Dictionary of English Place-Names; E. Ekwall; Dictionary of English Place-Names; Smith; Place-names of the East Riding of Yorkshire
Water Fulford,'Foul ford'. It is on the River Ouse.,"ford Old English - A ford.; fūl Old English - Foul, dirty.",Watts; Cambridge Dictionary of English Place-names; A.D. Mills; Dictionary of English Place-Names; E. Ekwall; Dictionary of English Place-Names; Smith; Place-names of the East Riding of Yorkshire
Watton,"'Wet hill'. WSax waet, substituted for ONb wet and then ON vatr and finally Northern ME wete.","dūn Old English - A hill.; wēt Old English - Wet, damp.",Smith; Place-names of the East Riding of Yorkshire; Watts; Cambridge Dictionary of English Place-names; A.D. Mills; Dictionary of English Place-Names; E. Ekwall; Dictionary of English Place-Names
Wauldby,'High-forest farm/settlement'.,"bȳ Old Norse - A farmstead, a village.; wald Old English",E. Ekwall; Dictionary of English Place-Names; A.D. Mills; Dictionary of English Place-Names; Smith; Place-names of the East Riding of Yorkshire; Watts; Cambridge Dictionary of English Place-names
Wawne,"'Quaking bog' or perhaps, 'moor'.",gwaun C; wagen Old English - A quaking bog.,Watts; Cambridge Dictionary of English Place-names; Smith; Place-names of the East Riding of Yorkshire; E. Ekwall; Dictionary of English Place-Names; A.D. Mills; Dictionary of English Place-Names
Waxholme,'Wax homestead/village'.,"hām Old English - A village, a village community, a manor, an estate, a homestead.; weax Old English - Wax; probably used in place-names in allusion to places where bees' wax was produced or found.",Smith; Place-names of the East Riding of Yorkshire; Watts; Cambridge Dictionary of English Place-names; A.D. Mills; Dictionary of English Place-Names; E. Ekwall; Dictionary of English Place-Names
Weaverthorpe,"'Vithfari's outlying farm/settlement' or perhaps, 'Wigferth's outlying farm/settlement'.","Personal name (Old English) Old English - Personal name; Personal name (Old Norse) Old Norse - Personal name; þorp Old Norse - A secondary settlement, a dependent outlying farmstead or hamlet.",Smith; Place-names of the East Riding of Yorkshire; Watts; Cambridge Dictionary of English Place-names; A.D. Mills; Dictionary of English Place-Names; E. Ekwall; Dictionary of English Place-Names
Weel,'Deep pool'.,wēl Old English,Watts; Cambridge Dictionary of English Place-names; E. Ekwall; Dictionary of English Place-Names; Smith; Place-names of the East Riding of Yorkshire; A.D. Mills; Dictionary of English Place-Names
Welton,'Spring/stream farm/settlement'.,tūn Old English - An enclosure; a farmstead; a village; an estate.; wella Old English,Smith; Place-names of the East Riding of Yorkshire; E. Ekwall; Dictionary of English Place-Names; Watts; Cambridge Dictionary of English Place-names; A.D. Mills; Dictionary of English Place-Names
Welwick,'Spring/stream (specialised) farm'.,"wella Old English; wīc Old English - A dwelling; a building or collection of buildings for special purposes; a farm, a dairy farm; a trading or industrial settlement; or (in the plural) a hamlet, village.",E. Ekwall; Dictionary of English Place-Names; A.D. Mills; Dictionary of English Place-Names; Watts; Cambridge Dictionary of English Place-names; Smith; Place-names of the East Riding of Yorkshire
West Ella,'Aelf(a)'s wood/clearing'.,"lēah Old English - A forest, wood, glade, clearing; (later) a pasture, meadow.; Personal name (Old English) Old English - Personal name",Watts; Cambridge Dictionary of English Place-names; E. Ekwall; Dictionary of English Place-Names; Smith; Place-names of the East Riding of Yorkshire; A.D. Mills; Dictionary of English Place-Names
West Newton with Burton Constable,"'New farm/settlement'. 'West' to distinguish from East Newton. 'Fortified farm/settlement'. Erneburgh de Alost, who held the manor as a widow married Ulbert le Conestable.","burh-tūn Old English - A fort enclosure; a farm with a palisade; a farm at, or belonging to, or which is, a fortification, fortified house, or manorhouse.; Family name Unknown - Family name.; nīwe Old English - New.; tūn Old English - An enclosure; a farmstead; a village; an estate.",A.D. Mills; Dictionary of English Place-Names; Smith; Place-names of the East Riding of Yorkshire; Watts; Cambridge Dictionary of English Place-names; E. Ekwall; Dictionary of English Place-Names
West Stamford Bridge with Scoreby,"'Stone ford'. The ford across the River Derwent at this point was part of the Roman road between Barmby and Easingwold, and later replaced by a 'bridge'. Curiously, early Scandinavianised forms of the name are found in ASC, while Scandinavian sources show","brycg Old English - A bridge; a causeway.; bȳ Old Norse - A farmstead, a village.; ford Old English - A ford.; Personal name (Old Norse) Old Norse - Personal name; stān Old English - A stone, stone, rock.",Smith; Place-names of the East Riding of Yorkshire; Watts; Cambridge Dictionary of English Place-names; A.D. Mills; Dictionary of English Place-Names; E. Ekwall; Dictionary of English Place-Names
Westow,"Probably, 'women's place'. Alternatively, 'Wifa's place' or 'Wife's place', a feminine personal name.",Personal name (Old English) Old English - Personal name; stōw Old English - A place; a place of assembly; a holy place.; wīf Old English - A woman.,E. Ekwall; Dictionary of English Place-Names; A.D. Mills; Dictionary of English Place-Names; Watts; Cambridge Dictionary of English Place-names; Smith; Place-names of the East Riding of Yorkshire
Wetwang,"Probably, 'field for the trial of a legal action'.",vǽtt-vangr Old Norse - A field for the trial of a legal action.,A.D. Mills; Dictionary of English Place-Names; Smith; Place-names of the East Riding of Yorkshire; E. Ekwall; Dictionary of English Place-Names; Watts; Cambridge Dictionary of English Place-names
Wharram le Street,"Uncertain. Possibly, 'at the kettles/cauldrons'. 'At the bends' seems more plausible, but available spellings do not strongly support this. It is on the Roman road from Malton to Wetwang.","hvarf Old Norse - A bend, a nook, a corner.; hwer Old English - A kettle, a cauldron.; strāt Old English - A Roman road. (May be a form of ""stret"").",Watts; Cambridge Dictionary of English Place-names; E. Ekwall; Dictionary of English Place-Names; A.D. Mills; Dictionary of English Place-Names; Smith; Place-names of the East Riding of Yorkshire
Wharram Percy,"Uncertain. Possibly, 'at the kettles/cauldrons'. 'At the bends' seems more plausible, but available spellings do not strongly support this. It was held by the de Percy family.","Family name Unknown - Family name.; hvarf Old Norse - A bend, a nook, a corner.; hwer Old English - A kettle, a cauldron.",A.D. Mills; Dictionary of English Place-Names; Smith; Place-names of the East Riding of Yorkshire; Watts; Cambridge Dictionary of English Place-names; E. Ekwall; Dictionary of English Place-Names
Wheldrake,"Uncertain. Perhaps, 'strip of land where a death took place'.",cweld Old English; ric Old English - A raised straight strip. (Uncertain),Watts; Cambridge Dictionary of English Place-names; A.D. Mills; Dictionary of English Place-Names; E. Ekwall; Dictionary of English Place-Names; Smith; Place-names of the East Riding of Yorkshire
Wilberfoss,"'Wilburh's ditch', a feminine personal name.",foss Old English - A ditch.; Personal name (Old English) Old English - Personal name,Watts; Cambridge Dictionary of English Place-names; E. Ekwall; Dictionary of English Place-Names; A.D. Mills; Dictionary of English Place-Names; Smith; Place-names of the East Riding of Yorkshire
Willerby,'Wilheard's farm/settlement'.,"bȳ Old Norse - A farmstead, a village.; Personal name (Old English) Old English - Personal name",Smith; Place-names of the East Riding of Yorkshire; E. Ekwall; Dictionary of English Place-Names; Watts; Cambridge Dictionary of English Place-names; A.D. Mills; Dictionary of English Place-Names
Willerby,'Wilheard's farm/settlement'.,"bȳ Old Norse - A farmstead, a village.; Personal name (Old English) Old English - Personal name",E. Ekwall; Dictionary of English Place-Names; Smith; Place-names of the East Riding of Yorkshire; A.D. Mills; Dictionary of English Place-Names; Watts; Cambridge Dictionary of English Place-names
Willitoft,'Willow-tree curtilage'.,"topt Old Norse - A building site, a curtilage, a messuage.; wilig Old English",Smith; Place-names of the East Riding of Yorkshire; A.D. Mills; Dictionary of English Place-Names; E. Ekwall; Dictionary of English Place-Names; Watts; Cambridge Dictionary of English Place-names
Winestead,"Uncertain. 'Women's place'. Alternatively, '*Wifa's place' or '*Wife's place', a feminine personal name.","Personal name (Old English) Old English - Personal name; stede Old English - A place, a site, a locality; a religious house or foundation; a place of communal activity; a farm, a dairy-farm, an estate.; wīf Old English - A woman.",E. Ekwall; Dictionary of English Place-Names; Watts; Cambridge Dictionary of English Place-names; A.D. Mills; Dictionary of English Place-Names; Smith; Place-names of the East Riding of Yorkshire
Wintringham,"Probably, 'homestead/village of Wintra's people' but perhaps, 'homestead/village at *Wintering (= the vineyard place)'","-ing Old English - Place-name forming suffix.; -ingas Old English - The people of . . . ; the people called after . . .; hām Old English - A village, a village community, a manor, an estate, a homestead.; Personal name (Old English) Old English - Personal name; winter Old English - Winter.",Smith; Place-names of the East Riding of Yorkshire; A.D. Mills; Dictionary of English Place-Names; Watts; Cambridge Dictionary of English Place-names; E. Ekwall; Dictionary of English Place-Names
Withernsea,"'Withern's (=near the thorn-tree) lake'. Alternatively, perhaps '*Vith-Forni's lake'.","Personal name (Old Norse) Old Norse - Personal name; sǣ Old English - A lake; sea.  Usually means ""sea"" when used as a first element, and ""lake"" when used as a second element.; wið Old English - Against, near, beside.; þorn Old English - A hawthorn-tree.",Smith; Place-names of the East Riding of Yorkshire; Watts; Cambridge Dictionary of English Place-names; A.D. Mills; Dictionary of English Place-Names; E. Ekwall; Dictionary of English Place-Names
Withernwick,"'Withern's (=near the thorn-tree) specialised farm'. Alternatively, perhaps '*Vith-Forni's specialised farm'.","Personal name (Old Norse) Old Norse - Personal name; wīc Old English - A dwelling; a building or collection of buildings for special purposes; a farm, a dairy farm; a trading or industrial settlement; or (in the plural) a hamlet, village.; wið Old English - Against, near, beside.; þorn Old English - A hawthorn-tree.",E. Ekwall; Dictionary of English Place-Names; Watts; Cambridge Dictionary of English Place-names; Smith; Place-names of the East Riding of Yorkshire; A.D. Mills; Dictionary of English Place-Names
Wold Newton,'New farm/settlement' in the 'high-forest'. It is in the Yorkshire Wolds.,nīwe Old English - New.; tūn Old English - An enclosure; a farmstead; a village; an estate.; wald Old English,E. Ekwall; Dictionary of English Place-Names; Smith; Place-names of the East Riding of Yorkshire; Watts; Cambridge Dictionary of English Place-names; A.D. Mills; Dictionary of English Place-Names
Woodmansey and Beverley Parks,Uncertain. 'Wood-man's lake' or 'wood-man's river'. A park belonging to the Archbishops of York.,"ēa Old English - A river.; park Middle English - An enclosed tract of land for beasts of the chase.; Place-name Unknown - Place-name; sǣ Old English - A lake; sea.  Usually means ""sea"" when used as a first element, and ""lake"" when used as a second element.; wudu-mann Old English - A woodsman, a forester.",A.D. Mills; Dictionary of English Place-Names; E. Ekwall; Dictionary of English Place-Names; Smith; Place-names of the East Riding of Yorkshire; Watts; Cambridge Dictionary of English Place-names
Wressell,"'Twisted', perhaps in the sense of broken ground, complex topography or a meandering watercourse. If this is the case, it may refer to a bend in the river here. Alternatively, it may be used of a 'thicket'.","wrǣsel Old English - Something twisted or knotted, such as a piece of rough ground or a twisting river.",A.D. Mills; Dictionary of English Place-Names; Watts; Cambridge Dictionary of English Place-names; Smith; Place-names of the East Riding of Yorkshire; E. Ekwall; Dictionary of English Place-Names
Wyton,"Uncertain. Possibly, 'women's place' or perhaps, '*Wifa's place' or '*Wife's place', a feminine personal name. Alternatively, 'willow-tree farm/settlement'.",Personal name (Old English) Old English - Personal name; tūn Old English - An enclosure; a farmstead; a village; an estate.; wīðig Old English - A willow-tree; a withy.; wīf Old English - A woman.,A.D. Mills; Dictionary of English Place-Names; Watts; Cambridge Dictionary of English Place-names; E. Ekwall; Dictionary of English Place-Names; Smith; Place-names of the East Riding of Yorkshire
Yapham cum Meltonby,"'At the steep slopes'. Uncertain. Perhaps originally, 'middle farm/settlement' to which an ON 'farm/settlement' was later added. Alternatively, the first element might be an Anglo-Scandinavian personal name, 'Mel-, Mjolthegn'.","gēap Old English - A steep place, a steep hill.; meðal Old Norse - Among, between; middle.; Personal name (Uncertain) Unknown - Personal name; tūn Old English - An enclosure; a farmstead; a village; an estate.",Watts; Cambridge Dictionary of English Place-names; E. Ekwall; Dictionary of English Place-Names; Smith; Place-names of the East Riding of Yorkshire; A.D. Mills; Dictionary of English Place-Names
Yedingham,'Homestead/village of Eada's people'.,-ingahām Old English - The village of the people of . . . ; the village of the people called after . . .; Personal name (Old English) Old English - Personal name,A.D. Mills; Dictionary of English Place-Names; Smith; Place-names of the East Riding of Yorkshire; Watts; Cambridge Dictionary of English Place-names; E. Ekwall; Dictionary of English Place-Names
Yokefleet,'Jokell's stream'.,"flēot Old English - An estuary, an inlet of the sea, a small stream.; Personal name (Old Norse) Old Norse - Personal name",A.D. Mills; Dictionary of English Place-Names; Watts; Cambridge Dictionary of English Place-names; Smith; Place-names of the East Riding of Yorkshire; E. Ekwall; Dictionary of English Place-Names
Youlthorpe with Gowthorpe,"Originally, 'Eyjulfr's outlying farm/settlement' later, 'Jol(i)'s outlying farm/settlement'. 'Gauk's outlying farm/settlement' or perhaps, 'cuckoo's outlying farm/settlement'.","gaukr Old Norse - A cuckoo.; Personal name (Old Norse) Old Norse - Personal name; þorp Old Norse - A secondary settlement, a dependent outlying farmstead or hamlet.",E. Ekwall; Dictionary of English Place-Names; Smith; Place-names of the East Riding of Yorkshire; A.D. Mills; Dictionary of English Place-Names; Watts; Cambridge Dictionary of English Place-names
