PlaceName,Etymology,Derivation,ReferenceTitle
Aberford,"'Eadburh's ford', a feminine personal name.",ford Old English - A ford.; Personal name (Old English) Old English - Personal name,Smith; Place-names of the West Riding of Yorkshire; Watts; Cambridge Dictionary of English Place-names; E. Ekwall; Dictionary of English Place-Names; A.D. Mills; Dictionary of English Place-Names
Acaster Selby,"'River Roman site'. One of two Roman fortifications established to defend York against potential attackers sailing up the River Ouse. The other is at Acaster Malbis. Selby Abbey held land here. It is also referred to as Sutheacaster, 'south Roman site'.",á Old Norse - A river.; ceaster Old English - A city; an old fortification; a Roman site.; Place-name Unknown - Place-name,Smith; Place-names of the West Riding of Yorkshire; E. Ekwall; Dictionary of English Place-Names; A.D. Mills; Dictionary of English Place-Names; Watts; Cambridge Dictionary of English Place-names
Ackton,'Oak-tree farm/settlement'.,eik Old Norse - An oak-tree.; tūn Old English - An enclosure; a farmstead; a village; an estate.,A.D. Mills; Dictionary of English Place-Names; Watts; Cambridge Dictionary of English Place-names; Smith; Place-names of the West Riding of Yorkshire; E. Ekwall; Dictionary of English Place-Names
Ackworth,'Acca's enclosure'.,Personal name (Old English) Old English - Personal name; worð Old English - An enclosure.,Smith; Place-names of the West Riding of Yorkshire; Watts; Cambridge Dictionary of English Place-names; E. Ekwall; Dictionary of English Place-Names; A.D. Mills; Dictionary of English Place-Names
Acomb,'At the oak-trees'.,āc Old English - An oak-tree.,Smith; Place-names of the West Riding of Yorkshire; Watts; Cambridge Dictionary of English Place-names; A.D. Mills; Dictionary of English Place-Names; E. Ekwall; Dictionary of English Place-Names
Addingham,"Uncertain. Possibly, 'homestead/village of Adda's people', 'homestead/village at Adda's place' or 'homestead/village connected with Adda'. However, the 1086 form and other point to an alternative, feminine personal-name, 'Eadgyth'.","-ing Old English - Place-name forming suffix.; -ing- Old English - Connective particle, linking a first element to a final element.; hām Old English - A village, a village community, a manor, an estate, a homestead.; Personal name (Old English) Old English - Personal name",A.D. Mills; Dictionary of English Place-Names; E. Ekwall; Dictionary of English Place-Names; Watts; Cambridge Dictionary of English Place-names; Smith; Place-names of the West Riding of Yorkshire
Adel,'Filthy place'.,"adela Old English - Filth, a filthy place, a sewer.",A.D. Mills; Dictionary of English Place-Names; Smith; Place-names of the West Riding of Yorkshire; Watts; Cambridge Dictionary of English Place-names; E. Ekwall; Dictionary of English Place-Names
Adlingfleet,'Prince's stream'.,"æðeling Old English - A prince, a nobleman.; flēot Old English - An estuary, an inlet of the sea, a small stream.",E. Ekwall; Dictionary of English Place-Names; Watts; Cambridge Dictionary of English Place-names; Smith; Place-names of the West Riding of Yorkshire; A.D. Mills; Dictionary of English Place-Names
Adwick le Street,'Adda's specialised-farm'.,"Personal name (Old English) Old English - Personal name; wīc Old English - A dwelling; a building or collection of buildings for special purposes; a farm, a dairy farm; a trading or industrial settlement; or (in the plural) a hamlet, village.",Watts; Cambridge Dictionary of English Place-names; E. Ekwall; Dictionary of English Place-Names; Smith; Place-names of the West Riding of Yorkshire; A.D. Mills; Dictionary of English Place-Names
Adwick upon Dearne,'Adda's specialised-farm' on the River Dearne.,"Personal name (Old English) Old English - Personal name; River-name Unknown - River-name; wīc Old English - A dwelling; a building or collection of buildings for special purposes; a farm, a dairy farm; a trading or industrial settlement; or (in the plural) a hamlet, village.",A.D. Mills; Dictionary of English Place-Names; Smith; Place-names of the West Riding of Yorkshire; E. Ekwall; Dictionary of English Place-Names; Watts; Cambridge Dictionary of English Place-names
Airmyn,'River Aire mouth'.,mynni Old Norse - The mouth of a river where it joins another or runs into a lake or the sea.; River-name Unknown - River-name,Watts; Cambridge Dictionary of English Place-names; Smith; Place-names of the West Riding of Yorkshire; E. Ekwall; Dictionary of English Place-Names; A.D. Mills; Dictionary of English Place-Names
Airton,'River Aire farm/settlement'.,River-name Unknown - River-name; tūn Old English - An enclosure; a farmstead; a village; an estate.,A.D. Mills; Dictionary of English Place-Names; Smith; Place-names of the West Riding of Yorkshire; E. Ekwall; Dictionary of English Place-Names; Watts; Cambridge Dictionary of English Place-names
Aismunderby with Bondgate,'Asmund's farm/settlement'. 'Peasant landowners' street'.,"bóndi Old Norse - A peasant landowner.; gata Old Norse - A road, a street; a right of way; a right of access to pasture-land; a right of pasturage; an allotment of pasture.; Personal name (Old Norse) Old Norse - Personal name; þorp Old Norse - A secondary settlement, a dependent outlying farmstead or hamlet.",Smith; Place-names of the West Riding of Yorkshire; A.D. Mills; Dictionary of English Place-Names; Watts; Cambridge Dictionary of English Place-names; E. Ekwall; Dictionary of English Place-Names
Aldborough,'The old fortification'.,ald Old English; burh Old English - A fortified place.,E. Ekwall; Dictionary of English Place-Names; Watts; Cambridge Dictionary of English Place-names; Smith; Place-names of the West Riding of Yorkshire; A.D. Mills; Dictionary of English Place-Names
Aldfield,'Old open country'.,"ald Old English; feld Old English - Open country, unencumbered ground (eg. land without trees as opposed to forest, level ground as opposed to hills, land without buildings); arable land (from late tenth century).",Smith; Place-names of the West Riding of Yorkshire; Watts; Cambridge Dictionary of English Place-names; A.D. Mills; Dictionary of English Place-Names; E. Ekwall; Dictionary of English Place-Names
Allerton,'Alder-tree farm/settlement'.,alor Old English - An alder-tree.; tūn Old English - An enclosure; a farmstead; a village; an estate.,E. Ekwall; Dictionary of English Place-Names; Watts; Cambridge Dictionary of English Place-names; A.D. Mills; Dictionary of English Place-Names; Smith; Place-names of the West Riding of Yorkshire
Allerton Bywater,'Alder-tree farm/settlement' by the River Aire.,alor Old English - An alder-tree.; aqua Latin - Water.; juxta Latin - Near.; tūn Old English - An enclosure; a farmstead; a village; an estate.,A.D. Mills; Dictionary of English Place-Names; Watts; Cambridge Dictionary of English Place-names; Smith; Place-names of the West Riding of Yorkshire; E. Ekwall; Dictionary of English Place-Names
Allerton Mauleverer with Hopperton,'Aelfweard's farm/settlement'. It was held by the Mauleverer family in the 12th century. 'Hooper's farmstead'.,hōpere Old English - A cooper.; Personal name (Old English) Old English - Personal name; tūn Old English - An enclosure; a farmstead; a village; an estate.,Smith; Place-names of the West Riding of Yorkshire; A.D. Mills; Dictionary of English Place-Names; E. Ekwall; Dictionary of English Place-Names; Watts; Cambridge Dictionary of English Place-names
Almondbury,'Community's fortification'.,"almenn Old Norse - All men, the whole community.; burh Old English - A fortified place.",Watts; Cambridge Dictionary of English Place-names; E. Ekwall; Dictionary of English Place-Names; A.D. Mills; Dictionary of English Place-Names; Smith; Place-names of the West Riding of Yorkshire
Altofts,'Old curtilages'.,"ald Old English; toft Old English - A curtilage, the plot of ground in which a dwelling stands.",Smith; Place-names of the West Riding of Yorkshire; E. Ekwall; Dictionary of English Place-Names; A.D. Mills; Dictionary of English Place-Names; Watts; Cambridge Dictionary of English Place-names
Alverthorpe with Thornes,'Aelfhere's outlying farm/settlement'. 'Thorn-trees'.,"Personal name (Old English) Old English - Personal name; þorp Old Norse - A secondary settlement, a dependent outlying farmstead or hamlet.; þyrne Old English - A thorn-bush.",A.D. Mills; Dictionary of English Place-Names; E. Ekwall; Dictionary of English Place-Names; Watts; Cambridge Dictionary of English Place-names; Smith; Place-names of the West Riding of Yorkshire
Alwoodley,'Athelwald's wood/clearing'.,"lēah Old English - A forest, wood, glade, clearing; (later) a pasture, meadow.; Personal name (Old English) Old English - Personal name",Watts; Cambridge Dictionary of English Place-names; E. Ekwall; Dictionary of English Place-Names; Smith; Place-names of the West Riding of Yorkshire; A.D. Mills; Dictionary of English Place-Names
Angram,'At the pastures'.,"anger Old English - Grassland, pasture land.",Smith; Place-names of the West Riding of Yorkshire; E. Ekwall; Dictionary of English Place-Names; A.D. Mills; Dictionary of English Place-Names; Watts; Cambridge Dictionary of English Place-names
Appleton Roebuck,'Apple orchard'. 'Rabuk' appears to have been the name of a 14th century owner.,æppel-tūn Old English - An orchard.; Family name Unknown - Family name.,Smith; Place-names of the West Riding of Yorkshire; E. Ekwall; Dictionary of English Place-Names; A.D. Mills; Dictionary of English Place-Names; Watts; Cambridge Dictionary of English Place-names
Appletreewick,'Apple-tree specialised-farm'.,"æppel-trēow Old English - An apple-tree, a fruit-tree.; wīc Old English - A dwelling; a building or collection of buildings for special purposes; a farm, a dairy farm; a trading or industrial settlement; or (in the plural) a hamlet, village.",Watts; Cambridge Dictionary of English Place-names; A.D. Mills; Dictionary of English Place-Names; Smith; Place-names of the West Riding of Yorkshire; E. Ekwall; Dictionary of English Place-Names
Ardsley,'Eorred's/Eanred's wood/clearing'.,"lēah Old English - A forest, wood, glade, clearing; (later) a pasture, meadow.; Personal name (Old English) Old English - Personal name",Smith; Place-names of the West Riding of Yorkshire; A.D. Mills; Dictionary of English Place-Names; Watts; Cambridge Dictionary of English Place-names; E. Ekwall; Dictionary of English Place-Names
Arkendale,"Probably, '*Eorcna's valley' but perhaps, 'chest valley' with the first element used in topographical sense which remains unclear. The OE second element was later replaced by ON dalr.","arke Middle English - A chest, a receptacle.; denu Old English - A valley.; Personal name (Old English) Old English - Personal name",A.D. Mills; Dictionary of English Place-Names; E. Ekwall; Dictionary of English Place-Names; Smith; Place-names of the West Riding of Yorkshire; Watts; Cambridge Dictionary of English Place-names
Armley,'Earm(a)'s wood/clearing'.,"lēah Old English - A forest, wood, glade, clearing; (later) a pasture, meadow.; Personal name (Old English) Old English - Personal name",E. Ekwall; Dictionary of English Place-Names; Smith; Place-names of the West Riding of Yorkshire; A.D. Mills; Dictionary of English Place-Names; Watts; Cambridge Dictionary of English Place-names
Armthorpe,'Earnwulf's outlying farm/settlement' or 'Arnulfr's outlying farm/settlement'.,"Personal name (Old English) Old English - Personal name; Personal name (Old Norse) Old Norse - Personal name; þorp Old Norse - A secondary settlement, a dependent outlying farmstead or hamlet.",E. Ekwall; Dictionary of English Place-Names; Smith; Place-names of the West Riding of Yorkshire; A.D. Mills; Dictionary of English Place-Names; Watts; Cambridge Dictionary of English Place-names
Arncliffe,'Eagles' cliff'.,"clif Old English - An escarpment, a hill-slope; a river-bank.; earn Old English - An eagle.",Smith; Place-names of the West Riding of Yorkshire; Watts; Cambridge Dictionary of English Place-names; E. Ekwall; Dictionary of English Place-Names; A.D. Mills; Dictionary of English Place-Names
Arthington,'Farm/settlement connected with *Earda'.,"-ingtūn Old English - A settlement called after, or connected with . . .; Personal name (Old English) Old English - Personal name",A.D. Mills; Dictionary of English Place-Names; E. Ekwall; Dictionary of English Place-Names; Watts; Cambridge Dictionary of English Place-names; Smith; Place-names of the West Riding of Yorkshire
Askern,'Ash-tree house'.,"ærn Old English - A building, a house.  In place-names often a building used for a specific purpose.; askr Old Norse - An ash-tree.",Smith; Place-names of the West Riding of Yorkshire; A.D. Mills; Dictionary of English Place-Names; Watts; Cambridge Dictionary of English Place-names; E. Ekwall; Dictionary of English Place-Names
Askham Bryan,'Ash-tree homestead/village'. 'Brian' was a traditional name amongst the family that held the manor between 1195 and 1428.,"æsc Old English; hām Old English - A village, a village community, a manor, an estate, a homestead.",E. Ekwall; Dictionary of English Place-Names; A.D. Mills; Dictionary of English Place-Names; Smith; Place-names of the West Riding of Yorkshire; Watts; Cambridge Dictionary of English Place-names
Askham Richard,"'Ash-tree homestead/village'. 'Richard' is possibly the Earl of Cornwall who held extensive estates in Yorkshire in the 13th century, or perhaps more likely, Richard de Malebys de Askham (1284).","æsc Old English; hām Old English - A village, a village community, a manor, an estate, a homestead.",A.D. Mills; Dictionary of English Place-Names; E. Ekwall; Dictionary of English Place-Names; Smith; Place-names of the West Riding of Yorkshire; Watts; Cambridge Dictionary of English Place-names
Askwith,'Ash-tree wood'.,"askr Old Norse - An ash-tree.; viðr Old Norse - A wood; or a tree, a tree-trunk.",Smith; Place-names of the West Riding of Yorkshire; E. Ekwall; Dictionary of English Place-Names; Watts; Cambridge Dictionary of English Place-names; A.D. Mills; Dictionary of English Place-Names
Aston cum Aughton,'East farm/settlement'. 'Oak-tree farm/settlement'.,"āc Old English - An oak-tree.; ēast Old English - Eastern, east.; tūn Old English - An enclosure; a farmstead; a village; an estate.",A.D. Mills; Dictionary of English Place-Names; Watts; Cambridge Dictionary of English Place-names; Smith; Place-names of the West Riding of Yorkshire; E. Ekwall; Dictionary of English Place-Names
Attercliffe cum Darnall,'At the cliff'. 'Secluded nook of land'.,"æt Old English - At: the common preposition of location in place-names.; clif Old English - An escarpment, a hill-slope; a river-bank.; þǣre Old English - 'the'.",E. Ekwall; Dictionary of English Place-Names; Watts; Cambridge Dictionary of English Place-names; Smith; Place-names of the West Riding of Yorkshire; A.D. Mills; Dictionary of English Place-Names
Auckley,'Alca's/Alha's wood/clearing'.,"lēah Old English - A forest, wood, glade, clearing; (later) a pasture, meadow.; Personal name (Old English) Old English - Personal name",E. Ekwall; Dictionary of English Place-Names; A.D. Mills; Dictionary of English Place-Names; Smith; Place-names of the West Riding of Yorkshire; Watts; Cambridge Dictionary of English Place-names
Austerfield,'Sheep-fold open land'. A synod was held here 702-3.,"eowestre Old English - A sheep-fold.; feld Old English - Open country, unencumbered ground (eg. land without trees as opposed to forest, level ground as opposed to hills, land without buildings); arable land (from late tenth century).",E. Ekwall; Dictionary of English Place-Names; A.D. Mills; Dictionary of English Place-Names; Watts; Cambridge Dictionary of English Place-names; Smith; Place-names of the West Riding of Yorkshire
Austhorpe,'East outlying farm/settlement'.,"austr Old Norse - East.; þorp Old Norse - A secondary settlement, a dependent outlying farmstead or hamlet.",Watts; Cambridge Dictionary of English Place-names; E. Ekwall; Dictionary of English Place-Names; Smith; Place-names of the West Riding of Yorkshire; A.D. Mills; Dictionary of English Place-Names
Austonley,'Alstan's wood/clearing'.,"lēah Old English - A forest, wood, glade, clearing; (later) a pasture, meadow.; Personal name (Old English) Old English - Personal name",A.D. Mills; Dictionary of English Place-Names; E. Ekwall; Dictionary of English Place-Names; Watts; Cambridge Dictionary of English Place-names; Smith; Place-names of the West Riding of Yorkshire
Austwick,'East specialised-farm'.,"austr Old Norse - East.; wīc Old English - A dwelling; a building or collection of buildings for special purposes; a farm, a dairy farm; a trading or industrial settlement; or (in the plural) a hamlet, village.",E. Ekwall; Dictionary of English Place-Names; Watts; Cambridge Dictionary of English Place-names; Smith; Place-names of the West Riding of Yorkshire; A.D. Mills; Dictionary of English Place-Names
Azerley,'Atsurr's wood/clearing'.,"lēah Old English - A forest, wood, glade, clearing; (later) a pasture, meadow.; Personal name (Old Norse) Old Norse - Personal name",Watts; Cambridge Dictionary of English Place-names; A.D. Mills; Dictionary of English Place-Names; E. Ekwall; Dictionary of English Place-Names; Smith; Place-names of the West Riding of Yorkshire
Badsworth,'*Baeddi's enclosure'.,Personal name (Old English) Old English - Personal name; worð Old English - An enclosure.,Watts; Cambridge Dictionary of English Place-names; Smith; Place-names of the West Riding of Yorkshire; E. Ekwall; Dictionary of English Place-Names; A.D. Mills; Dictionary of English Place-Names
Baildon,'Circle hill'.,bēgel Old English; dūn Old English - A hill.,Smith; Place-names of the West Riding of Yorkshire; E. Ekwall; Dictionary of English Place-Names; A.D. Mills; Dictionary of English Place-Names; Watts; Cambridge Dictionary of English Place-names
Balby,'Balli's farm/settlement'.,"bȳ Old Norse - A farmstead, a village.; Personal name (Old Norse) Old Norse - Personal name",E. Ekwall; Dictionary of English Place-Names; A.D. Mills; Dictionary of English Place-Names; Smith; Place-names of the West Riding of Yorkshire; Watts; Cambridge Dictionary of English Place-names
Balne,"Uncertain. Perhaps, 'bathing place'. Also adopted as the name of a district because it was used as the name for the large tract of land called Balne Moor.","balne Middle English - A bath, a bathing place.; balneum Latin - Bathing place.",Watts; Cambridge Dictionary of English Place-names; A.D. Mills; Dictionary of English Place-Names; Smith; Place-names of the West Riding of Yorkshire; E. Ekwall; Dictionary of English Place-Names
Bank Newton,'New farm/settlement'. John del Bank acquired the manor by marriage ca. 1400.,nīwe Old English - New.; tūn Old English - An enclosure; a farmstead; a village; an estate.,Watts; Cambridge Dictionary of English Place-names; E. Ekwall; Dictionary of English Place-Names; A.D. Mills; Dictionary of English Place-Names; Smith; Place-names of the West Riding of Yorkshire
Barden,'Barley valley'.,bere Old English - Barley.; denu Old English - A valley.,A.D. Mills; Dictionary of English Place-Names; Smith; Place-names of the West Riding of Yorkshire; E. Ekwall; Dictionary of English Place-Names; Watts; Cambridge Dictionary of English Place-names
Bardsey,'Beornraed's island'.,"ēg Old English - An island.  In ancient settlement-names, most frequently refers to dry ground surrounded by marsh.  Also used of islands in modern sense.  In late OE names: well-watered land.; Personal name (Old English) Old English - Personal name",A.D. Mills; Dictionary of English Place-Names; E. Ekwall; Dictionary of English Place-Names; Smith; Place-names of the West Riding of Yorkshire; Watts; Cambridge Dictionary of English Place-names
Barkisland,'Barkr's land'.,land Old English - Land (as part of earth's surface); an estate; possibly also new arable area.  In minor and field names: strip in a field-system.; Personal name (Old Norse) Old Norse - Personal name,A.D. Mills; Dictionary of English Place-Names; Watts; Cambridge Dictionary of English Place-names; E. Ekwall; Dictionary of English Place-Names; Smith; Place-names of the West Riding of Yorkshire
Barkston,'Barkr's/Borkr's farm/settlement'.,Personal name (Old Norse) Old Norse - Personal name; tūn Old English - An enclosure; a farmstead; a village; an estate.,E. Ekwall; Dictionary of English Place-Names; A.D. Mills; Dictionary of English Place-Names; Watts; Cambridge Dictionary of English Place-names; Smith; Place-names of the West Riding of Yorkshire
Barlow,"'Barn wood/clearing' or perhaps, 'barley wood/clearing'.","bere-ærn Old English - A barn, a storehouse for barley and other grain.; beren Old English - Of or growing with barley.; lēah Old English - A forest, wood, glade, clearing; (later) a pasture, meadow.",E. Ekwall; Dictionary of English Place-Names; A.D. Mills; Dictionary of English Place-Names; Smith; Place-names of the West Riding of Yorkshire; Watts; Cambridge Dictionary of English Place-names
Barnburgh,"'Barni's/Bjarni's fortification' or perhaps, 'child's fortification'.","barn Old Norse - Child, offspring.; burh Old English - A fortified place.; Personal name (Old Norse) Old Norse - Personal name",E. Ekwall; Dictionary of English Place-Names; A.D. Mills; Dictionary of English Place-Names; Watts; Cambridge Dictionary of English Place-names; Smith; Place-names of the West Riding of Yorkshire
Barnby upon Don,'Children's farm/settlement' on the River Don.,"barn Old Norse - Child, offspring.; bȳ Old Norse - A farmstead, a village.",A.D. Mills; Dictionary of English Place-Names; Watts; Cambridge Dictionary of English Place-names; Smith; Place-names of the West Riding of Yorkshire; E. Ekwall; Dictionary of English Place-Names
Barnoldswick,'Beornwulf's/Bjornulfr's specialised farm'.,"Personal name (Old Norse) Old Norse - Personal name; wīc Old English - A dwelling; a building or collection of buildings for special purposes; a farm, a dairy farm; a trading or industrial settlement; or (in the plural) a hamlet, village.",Smith; Place-names of the West Riding of Yorkshire; E. Ekwall; Dictionary of English Place-Names; Watts; Cambridge Dictionary of English Place-names; A.D. Mills; Dictionary of English Place-Names
Barnsley,'Beorn's wood/clearing'.,"lēah Old English - A forest, wood, glade, clearing; (later) a pasture, meadow.; Personal name (Old English) Old English - Personal name",Watts; Cambridge Dictionary of English Place-names; A.D. Mills; Dictionary of English Place-Names; Smith; Place-names of the West Riding of Yorkshire; E. Ekwall; Dictionary of English Place-Names
Barugh,'Hill'.,berg Old English,Watts; Cambridge Dictionary of English Place-names; E. Ekwall; Dictionary of English Place-Names; Smith; Place-names of the West Riding of Yorkshire; A.D. Mills; Dictionary of English Place-Names
Barwick in Elmet,"'Barley farm'. Elmet is an ancient district name of uncertain origins and meaning but identical to the Welsh cantref name, Elfed.","bere-wīc Old English - A barley farm; a grange, an outlying or demesne farm.",Smith; Place-names of the West Riding of Yorkshire; Watts; Cambridge Dictionary of English Place-names; E. Ekwall; Dictionary of English Place-Names; A.D. Mills; Dictionary of English Place-Names
Bashall Eaves,"'Ridge shelf' distinguish as being on the 'edge of a wood', probably referring to Bowland Forest.","bæc Old English - A back; used topographically of a ridge, varying from a low ridge in marshy ground to a steep escarpment.; efes Old English - Eaves; an edge or border (especially of a wood); the brow of a hill or bank, the edge of an escarpment or steep hillside.; scelf Old English - A shelf, a shelving terrain; a pinnacle, battlement.",Smith; Place-names of the West Riding of Yorkshire; Watts; Cambridge Dictionary of English Place-names; A.D. Mills; Dictionary of English Place-Names; E. Ekwall; Dictionary of English Place-Names
Batley,'Bata's wood/clearing'.,"lēah Old English - A forest, wood, glade, clearing; (later) a pasture, meadow.; Personal name (Old English) Old English - Personal name",A.D. Mills; Dictionary of English Place-Names; E. Ekwall; Dictionary of English Place-Names; Watts; Cambridge Dictionary of English Place-names; Smith; Place-names of the West Riding of Yorkshire
Bawtry,'Ball-like tree'.,"ball Old English; trēow Old English - A tree; a large piece of wood, a post, a beam.",E. Ekwall; Dictionary of English Place-Names; Watts; Cambridge Dictionary of English Place-names; Smith; Place-names of the West Riding of Yorkshire; A.D. Mills; Dictionary of English Place-Names
Beal,"'At the river-bend nook of land'. The name may refer to land across the River Aire from the village which is completely surrounded by the Old Eye. If dative plural forms are reliable, the name might also refer to a number of 'nooks' in bends in the River","bēag Old English - A ring, a circle; topographically probably the circular bend of a river or in allusion to other things of ring-like form.; halh Old English - A nook of land; a small valley; dry ground in marsh; a piece of land projecting from, or detached from, the main area of its administrative unit.",A.D. Mills; Dictionary of English Place-Names; Watts; Cambridge Dictionary of English Place-names; E. Ekwall; Dictionary of English Place-Names; Smith; Place-names of the West Riding of Yorkshire
Beamsley,'Valley bottom's wood/clearing'.,"beðme Old English - Bottom.; lēah Old English - A forest, wood, glade, clearing; (later) a pasture, meadow.",Smith; Place-names of the West Riding of Yorkshire; E. Ekwall; Dictionary of English Place-Names; A.D. Mills; Dictionary of English Place-Names; Watts; Cambridge Dictionary of English Place-names
Beauchief,'Beautiful headland'.,"bel Old French - Fair, beautiful.; chef Old French - A headland.",Cameron; Place-names of Derbyshire; A.D. Mills; Dictionary of English Place-Names; E. Ekwall; Dictionary of English Place-Names; Watts; Cambridge Dictionary of English Place-names
Beeston,'Bent grass farm/settlement'.,"bēos Old English - Bent grass, rough grass.; tūn Old English - An enclosure; a farmstead; a village; an estate.",Watts; Cambridge Dictionary of English Place-names; Smith; Place-names of the West Riding of Yorkshire; E. Ekwall; Dictionary of English Place-Names; A.D. Mills; Dictionary of English Place-Names
Bentham,'Bent-grass homestead/village'.,"beonet Old English - Bent grass.; hām Old English - A village, a village community, a manor, an estate, a homestead.",Watts; Cambridge Dictionary of English Place-names; Smith; Place-names of the West Riding of Yorkshire; E. Ekwall; Dictionary of English Place-Names; A.D. Mills; Dictionary of English Place-Names
Bentley with Arksey,'Bent-grass wood/clearing'. 'Arnkel's island'.,"beonet Old English - Bent grass.; ēg Old English - An island.  In ancient settlement-names, most frequently refers to dry ground surrounded by marsh.  Also used of islands in modern sense.  In late OE names: well-watered land.; lēah Old English - A forest, wood, glade, clearing; (later) a pasture, meadow.; Personal name (Old Norse) Old Norse - Personal name",Smith; Place-names of the West Riding of Yorkshire; Watts; Cambridge Dictionary of English Place-names; A.D. Mills; Dictionary of English Place-Names; E. Ekwall; Dictionary of English Place-Names
Bewerly,'Beaver wood/clearing'.,"beofor Old English - A beaver.; lēah Old English - A forest, wood, glade, clearing; (later) a pasture, meadow.",E. Ekwall; Dictionary of English Place-Names; Smith; Place-names of the West Riding of Yorkshire; Watts; Cambridge Dictionary of English Place-names; A.D. Mills; Dictionary of English Place-Names
Bickerton,'Bee-keepers' farm/settlement'.,bīcere Old English - A bee-keeper.; tūn Old English - An enclosure; a farmstead; a village; an estate.,A.D. Mills; Dictionary of English Place-Names; E. Ekwall; Dictionary of English Place-Names; Watts; Cambridge Dictionary of English Place-names; Smith; Place-names of the West Riding of Yorkshire
Biggin,'Building'.,"bigging Middle English - A building; later an outbuilding, an outhouse.",Watts; Cambridge Dictionary of English Place-names; Smith; Place-names of the West Riding of Yorkshire; A.D. Mills; Dictionary of English Place-Names; E. Ekwall; Dictionary of English Place-Names
Bilbrough,'*Bila's/*Bill's fortification'. There are no known remains of a fortification here.,burh Old English - A fortified place.; Personal name (Old English) Old English - Personal name,Smith; Place-names of the West Riding of Yorkshire; Watts; Cambridge Dictionary of English Place-names; E. Ekwall; Dictionary of English Place-Names; A.D. Mills; Dictionary of English Place-Names
Bilham,"'Bil(l)a's homestead/village' or perhaps, 'bill homestead/village' referring to a nearby, prominent bill-shaped feature.","bile Old English - A bill, beak; used topographically of a headland, a narrow promontory.; bill Old English - A bill, a sword; topographically a sharp ridge, a headland, the edge of a hill, a promontory.; hām Old English - A village, a village community, a manor, an estate, a homestead.; Personal name (Old English) Old English - Personal name",Smith; Place-names of the West Riding of Yorkshire; Watts; Cambridge Dictionary of English Place-names; A.D. Mills; Dictionary of English Place-Names; E. Ekwall; Dictionary of English Place-Names
Billingley,"Uncertain. Possibly, 'wood/clearing of Billa's people' or 'wood/clearing of the Bilham people'. Alternatively, perhaps, 'wood/clearing at/called *Billing (= the bill-shaped hill)'.","-ingas Old English - The people of . . . ; the people called after . . .; billing Old English - A hill, a prominence, a promontory, a ridge.; lēah Old English - A forest, wood, glade, clearing; (later) a pasture, meadow.; Personal name (Old English) Old English - Personal name; Place-name Unknown - Place-name",A.D. Mills; Dictionary of English Place-Names; E. Ekwall; Dictionary of English Place-Names; Smith; Place-names of the West Riding of Yorkshire; Watts; Cambridge Dictionary of English Place-names
Bilton,'*Bila's/*Bill's farm/settlement'.,Personal name (Old English) Old English - Personal name; tūn Old English - An enclosure; a farmstead; a village; an estate.,Smith; Place-names of the West Riding of Yorkshire; A.D. Mills; Dictionary of English Place-Names; Watts; Cambridge Dictionary of English Place-names; E. Ekwall; Dictionary of English Place-Names
Bilton Park with Harrogate,"Bilton's 'park', a track of land enclosed for hunting. 'Cairn road'.","gata Old Norse - A road, a street; a right of way; a right of access to pasture-land; a right of pasturage; an allotment of pasture.; hǫrgr Old Norse - A heap of stones, a cairn, an altar.; park Middle English - An enclosed tract of land for beasts of the chase.; Place-name Unknown - Place-name",A.D. Mills; Dictionary of English Place-Names; E. Ekwall; Dictionary of English Place-Names; Smith; Place-names of the West Riding of Yorkshire; Watts; Cambridge Dictionary of English Place-names
Bingley,"'Uncertain. Probably, 'wood/clearing of Bynna's people' but perhaps 'heap wood/clearing'.","-ingas Old English - The people of . . . ; the people called after . . .; bing Old English - A hollow.; lēah Old English - A forest, wood, glade, clearing; (later) a pasture, meadow.; Personal name (Old English) Old English - Personal name",Smith; Place-names of the West Riding of Yorkshire; A.D. Mills; Dictionary of English Place-Names; Watts; Cambridge Dictionary of English Place-names; E. Ekwall; Dictionary of English Place-Names
Birkin,'Growing with birch-trees'.,"bircen Old English - Growing with birch-trees, birchen; used substantively to mean a place overgrown with birches, a birch copse.",E. Ekwall; Dictionary of English Place-Names; A.D. Mills; Dictionary of English Place-Names; Watts; Cambridge Dictionary of English Place-names; Smith; Place-names of the West Riding of Yorkshire
Birstall,'Fortification site'.,burh-stall Old English,A.D. Mills; Dictionary of English Place-Names; Smith; Place-names of the West Riding of Yorkshire; E. Ekwall; Dictionary of English Place-Names; Watts; Cambridge Dictionary of English Place-names
Birstwith,"Probably, 'farm site'. The ON may have replaced an earlier OE name byrig-stede, 'fortification place'.",býjar-staðr Old Norse - A farmstead.,Smith; Place-names of the West Riding of Yorkshire; Watts; Cambridge Dictionary of English Place-names; A.D. Mills; Dictionary of English Place-Names; E. Ekwall; Dictionary of English Place-Names
Bishop Monkton,'Monks' farm/settlement'. It was held by the Archbishops of York.,episcopus Latin - A bishop.; munuc Old English - A monk.; tūn Old English - An enclosure; a farmstead; a village; an estate.,E. Ekwall; Dictionary of English Place-Names; Watts; Cambridge Dictionary of English Place-names; Smith; Place-names of the West Riding of Yorkshire; A.D. Mills; Dictionary of English Place-Names
Bishop Thornton,'Thorn-tree farm/settlement'. It was held by the Archbishop of York.,episcopus Latin - A bishop.; tūn Old English - An enclosure; a farmstead; a village; an estate.; þorn Old English - A hawthorn-tree.,Watts; Cambridge Dictionary of English Place-names; Smith; Place-names of the West Riding of Yorkshire; E. Ekwall; Dictionary of English Place-Names; A.D. Mills; Dictionary of English Place-Names
Bishopthorpe,'Bishop's outlying farm/settlement'.,"biscop Old English - A bishop.; þorp Old Norse - A secondary settlement, a dependent outlying farmstead or hamlet.",E. Ekwall; Dictionary of English Place-Names; Watts; Cambridge Dictionary of English Place-names; Smith; Place-names of the West Riding of Yorkshire; A.D. Mills; Dictionary of English Place-Names
Blaxton,'Black stone'.,"blæc Old English - Black, dark-coloured, dark.; stān Old English - A stone, stone, rock.",A.D. Mills; Dictionary of English Place-Names; Smith; Place-names of the West Riding of Yorkshire; Watts; Cambridge Dictionary of English Place-names; E. Ekwall; Dictionary of English Place-Names
Blubberhouses,'Bubbling spring houses'.,"bluber Middle English - A bubble, a bubbling spring.; hūs Old English - A house; also sometimes used of a building for special purposes.",Smith; Place-names of the West Riding of Yorkshire; A.D. Mills; Dictionary of English Place-Names; E. Ekwall; Dictionary of English Place-Names; Watts; Cambridge Dictionary of English Place-names
Bolton,'Collection of buildings'.,"bōðl-tūn Old English - An enclosure with buildings, a collection of buildings.",Watts; Cambridge Dictionary of English Place-names; A.D. Mills; Dictionary of English Place-Names; Smith; Place-names of the West Riding of Yorkshire; E. Ekwall; Dictionary of English Place-Names
Bolton Abbey,'Collection of buildings'. 'Abbey' refers to the Augustinian priory that was here in the 12th century.,"abbaye Middle English - An abbey.; bōðl-tūn Old English - An enclosure with buildings, a collection of buildings.",A.D. Mills; Dictionary of English Place-Names; Watts; Cambridge Dictionary of English Place-names; Smith; Place-names of the West Riding of Yorkshire; E. Ekwall; Dictionary of English Place-Names
Bolton by Bowland,'Collection of buildings'.,"bōðl-tūn Old English - An enclosure with buildings, a collection of buildings.; Place-name Unknown - Place-name",E. Ekwall; Dictionary of English Place-Names; Watts; Cambridge Dictionary of English Place-names; A.D. Mills; Dictionary of English Place-Names; Smith; Place-names of the West Riding of Yorkshire
Bolton Percy,'Collection of buildings'. It was part of the extensive estates received by William de Percy from William the Conqueror.,"bōðl-tūn Old English - An enclosure with buildings, a collection of buildings.; Family name Unknown - Family name.",Smith; Place-names of the West Riding of Yorkshire; Watts; Cambridge Dictionary of English Place-names; E. Ekwall; Dictionary of English Place-Names; A.D. Mills; Dictionary of English Place-Names
Bolton upon Dearne,'Collection of buildings' on the River Dearne.,"bōðl-tūn Old English - An enclosure with buildings, a collection of buildings.; River-name Unknown - River-name",A.D. Mills; Dictionary of English Place-Names; E. Ekwall; Dictionary of English Place-Names; Smith; Place-names of the West Riding of Yorkshire; Watts; Cambridge Dictionary of English Place-names
Bordley,"'Board wood/clearing', probably referring to a place where these were made and/or obtained.","bord Old English - A board, a plank; a table.; lēah Old English - A forest, wood, glade, clearing; (later) a pasture, meadow.",Watts; Cambridge Dictionary of English Place-names; E. Ekwall; Dictionary of English Place-Names; Smith; Place-names of the West Riding of Yorkshire; A.D. Mills; Dictionary of English Place-Names
Boroughbridge,"'Bridge near Burgh - fort, stronghold, (= Aldborough)'.",brycg Old English - A bridge; a causeway.; burh Old English - A fortified place.,E. Ekwall; Dictionary of English Place-Names; A.D. Mills; Dictionary of English Place-Names; Smith; Place-names of the West Riding of Yorkshire; Watts; Cambridge Dictionary of English Place-names
Bowland Forest,'Curved land'.,"boga Old English - A bow, an arch; an arched bridge; a bow (for shooting); something curved or bent, such as a river bend or curved valley.; land Old English - Land (as part of earth's surface); an estate; possibly also new arable area.  In minor and field names: strip in a field-system.",Watts; Cambridge Dictionary of English Place-names; A.D. Mills; Dictionary of English Place-Names; E. Ekwall; Dictionary of English Place-Names; Smith; Place-names of the West Riding of Yorkshire
Bowling,'Hollow place'.,-ing Old English - Place-name forming suffix.; bolla Old English - A bowl; topographically perhaps a bowl-shaped depression or hollow.,Smith; Place-names of the West Riding of Yorkshire; A.D. Mills; Dictionary of English Place-Names; Watts; Cambridge Dictionary of English Place-names; E. Ekwall; Dictionary of English Place-Names
Bracewell,'Breithr's spring/stream'.,Personal name (Old Norse) Old Norse - Personal name; wella Old English,A.D. Mills; Dictionary of English Place-Names; Smith; Place-names of the West Riding of Yorkshire; E. Ekwall; Dictionary of English Place-Names; Watts; Cambridge Dictionary of English Place-names
Bradfield,'Broad open land'.,"brād Old English - Broad, spacious, wide, large.; feld Old English - Open country, unencumbered ground (eg. land without trees as opposed to forest, level ground as opposed to hills, land without buildings); arable land (from late tenth century).",A.D. Mills; Dictionary of English Place-Names; E. Ekwall; Dictionary of English Place-Names; Smith; Place-names of the West Riding of Yorkshire; Watts; Cambridge Dictionary of English Place-names
Bradford,'Broad ford'.,"brād Old English - Broad, spacious, wide, large.; ford Old English - A ford.",Smith; Place-names of the West Riding of Yorkshire; E. Ekwall; Dictionary of English Place-Names; Watts; Cambridge Dictionary of English Place-names; A.D. Mills; Dictionary of English Place-Names
Bradleys Both,'Broad wood/clearing'. 'Both' denotes High and Low Bradley.,"brād Old English - Broad, spacious, wide, large.; lēah Old English - A forest, wood, glade, clearing; (later) a pasture, meadow.",E. Ekwall; Dictionary of English Place-Names; A.D. Mills; Dictionary of English Place-Names; Watts; Cambridge Dictionary of English Place-names; Smith; Place-names of the West Riding of Yorkshire
Braithwell,'The broad spring/stream'. The original OE first element was later replaced by ON breithr.,"brād Old English - Broad, spacious, wide, large.; wella Old English",A.D. Mills; Dictionary of English Place-Names; E. Ekwall; Dictionary of English Place-Names; Smith; Place-names of the West Riding of Yorkshire; Watts; Cambridge Dictionary of English Place-names
Bramham cum Oglethorpe,'Broom homestead/village'. 'Odkell's outlying farm/settlement'.,"brōm Old English - Broom; a thorny bush or shrub.; hām Old English - A village, a village community, a manor, an estate, a homestead.; Personal name (Old Norse) Old Norse - Personal name; þorp Old Norse - A secondary settlement, a dependent outlying farmstead or hamlet.",A.D. Mills; Dictionary of English Place-Names; Watts; Cambridge Dictionary of English Place-names; E. Ekwall; Dictionary of English Place-Names; Smith; Place-names of the West Riding of Yorkshire
Bramhope,'Broom valley'.,"brōm Old English - Broom; a thorny bush or shrub.; halh Old English - A nook of land; a small valley; dry ground in marsh; a piece of land projecting from, or detached from, the main area of its administrative unit.",Smith; Place-names of the West Riding of Yorkshire; A.D. Mills; Dictionary of English Place-Names; E. Ekwall; Dictionary of English Place-Names; Watts; Cambridge Dictionary of English Place-names
Bramley,'Broomy wood/clearing'.,"brōm Old English - Broom; a thorny bush or shrub.; lēah Old English - A forest, wood, glade, clearing; (later) a pasture, meadow.",A.D. Mills; Dictionary of English Place-Names; Smith; Place-names of the West Riding of Yorkshire; Watts; Cambridge Dictionary of English Place-names; E. Ekwall; Dictionary of English Place-Names
Bramley,'Broom wood/clearing'.,"brōm Old English - Broom; a thorny bush or shrub.; lēah Old English - A forest, wood, glade, clearing; (later) a pasture, meadow.",Watts; Cambridge Dictionary of English Place-names; A.D. Mills; Dictionary of English Place-Names; E. Ekwall; Dictionary of English Place-Names; Smith; Place-names of the West Riding of Yorkshire
Brampton Bierlow,'Broom farm/settlement'. It was later distinguished as a 'township'.,brōm Old English - Broom; a thorny bush or shrub.; býjar-lǫg Old Norse - A village community; used of a small administrative district.; tūn Old English - An enclosure; a farmstead; a village; an estate.,A.D. Mills; Dictionary of English Place-Names; Smith; Place-names of the West Riding of Yorkshire; Watts; Cambridge Dictionary of English Place-names; E. Ekwall; Dictionary of English Place-Names
Brampton en le Morthen,"'Broom farm/settlement' in 'Morthen' an old district name long thought to mean 'moorland assembly', but this interpretation is somewhat disputed.","brōm Old English - Broom; a thorny bush or shrub.; mōr Old English - A marsh, barren upland.; tūn Old English - An enclosure; a farmstead; a village; an estate.; þing Old English - An assembly, a council, a meeting.",Watts; Cambridge Dictionary of English Place-names; E. Ekwall; Dictionary of English Place-Names; Smith; Place-names of the West Riding of Yorkshire; A.D. Mills; Dictionary of English Place-Names
Brayton,Uncertain. 'Broad farm/settlement' or '*Breithi's farm/settlement'.,"breiðr Old Norse - Broad, spacious.; Personal name (Old Norse) Old Norse - Personal name; tūn Old English - An enclosure; a farmstead; a village; an estate.",Watts; Cambridge Dictionary of English Place-names; Smith; Place-names of the West Riding of Yorkshire; E. Ekwall; Dictionary of English Place-Names; A.D. Mills; Dictionary of English Place-Names
Brearton,'Briar farm/settlement'.,brēr Old English; tūn Old English - An enclosure; a farmstead; a village; an estate.,A.D. Mills; Dictionary of English Place-Names; Smith; Place-names of the West Riding of Yorkshire; Watts; Cambridge Dictionary of English Place-names; E. Ekwall; Dictionary of English Place-Names
Bridge Hewick,'High specialised farm'. The 'bridge' carried the Ripon-Boroughbridge road across the River Ure. It was broken in 1362 and William de Dalton left money for its upkeep in 1371.,"brycg Old English - A bridge; a causeway.; hēah Old English - A high place, a height.; wīc Old English - A dwelling; a building or collection of buildings for special purposes; a farm, a dairy farm; a trading or industrial settlement; or (in the plural) a hamlet, village.",Smith; Place-names of the West Riding of Yorkshire; E. Ekwall; Dictionary of English Place-Names; Watts; Cambridge Dictionary of English Place-names; A.D. Mills; Dictionary of English Place-Names
Brierley,'Briar wood/clearing'.,"brēr Old English; lēah Old English - A forest, wood, glade, clearing; (later) a pasture, meadow.",Watts; Cambridge Dictionary of English Place-names; Smith; Place-names of the West Riding of Yorkshire; E. Ekwall; Dictionary of English Place-Names; A.D. Mills; Dictionary of English Place-Names
Brightside Bierlow,"Uncertain. Perhaps, '*Bric's hearth' or 'Brihtric's earth'. If the former, it may be related to the iron smelting activities characteristic of the area. It was later distinguished as a 'township'.","býjar-lǫg Old Norse - A village community; used of a small administrative district.; erð Old English; heorð Old English - A hearth; a smith's hearth, a forge.; Personal name (Old English) Old English - Personal name",A.D. Mills; Dictionary of English Place-Names; E. Ekwall; Dictionary of English Place-Names; Watts; Cambridge Dictionary of English Place-names; Smith; Place-names of the West Riding of Yorkshire
Brinsworth,'Bryni's ford'.,ford Old English - A ford.; Personal name (Old English) Old English - Personal name,Smith; Place-names of the West Riding of Yorkshire; Watts; Cambridge Dictionary of English Place-names; A.D. Mills; Dictionary of English Place-Names; E. Ekwall; Dictionary of English Place-Names
Brodsworth,'Broddr's enclosure' or 'Brord's enclosure'.,Personal name (Old English) Old English - Personal name; Personal name (Old Norse) Old Norse - Personal name; worð Old English - An enclosure.,A.D. Mills; Dictionary of English Place-Names; Smith; Place-names of the West Riding of Yorkshire; E. Ekwall; Dictionary of English Place-Names; Watts; Cambridge Dictionary of English Place-names
Brogden,'Brook valley'.,"brōc Old English - A brook, a stream.  (Used of a stream with a muddy bed and a visible sediment load.); denu Old English - A valley.",Smith; Place-names of the West Riding of Yorkshire; Watts; Cambridge Dictionary of English Place-names; A.D. Mills; Dictionary of English Place-Names; E. Ekwall; Dictionary of English Place-Names
Brotherton,"Either, 'brother's farm/settlement' or '*Brothir's farm/settlement'.","brōðor Old English - A brother; (later) a religious brother, monk.; Personal name (Old Norse) Old Norse - Personal name; tūn Old English - An enclosure; a farmstead; a village; an estate.",E. Ekwall; Dictionary of English Place-Names; Smith; Place-names of the West Riding of Yorkshire; A.D. Mills; Dictionary of English Place-Names; Watts; Cambridge Dictionary of English Place-names
Broughton,'Brook farm/settlement'.,"brōc Old English - A brook, a stream.  (Used of a stream with a muddy bed and a visible sediment load.); tūn Old English - An enclosure; a farmstead; a village; an estate.",Smith; Place-names of the West Riding of Yorkshire; Watts; Cambridge Dictionary of English Place-names; A.D. Mills; Dictionary of English Place-Names; E. Ekwall; Dictionary of English Place-Names
Buckden,'He-goat valley'.,bucca Old English - A he-goat.; denu Old English - A valley.,Watts; Cambridge Dictionary of English Place-names; A.D. Mills; Dictionary of English Place-Names; E. Ekwall; Dictionary of English Place-Names; Smith; Place-names of the West Riding of Yorkshire
Burghwallis,"'Fortification' with the later incorporation of the Walleys family name, who held the manor in the 12th century.",burh Old English - A fortified place.; Family name Unknown - Family name.,E. Ekwall; Dictionary of English Place-Names; Watts; Cambridge Dictionary of English Place-names; Smith; Place-names of the West Riding of Yorkshire; A.D. Mills; Dictionary of English Place-Names
Burley in Wharfedale,'Fortification wood/clearing' in the 'River Wharfe valley'.,"burh Old English - A fortified place.; dalr Old Norse - A valley.; lēah Old English - A forest, wood, glade, clearing; (later) a pasture, meadow.; River-name Unknown - River-name",E. Ekwall; Dictionary of English Place-Names; Watts; Cambridge Dictionary of English Place-names; Smith; Place-names of the West Riding of Yorkshire; A.D. Mills; Dictionary of English Place-Names
Burn,'Burned place'.,bryne Old English - Burning; a place cleared by burning.,E. Ekwall; Dictionary of English Place-Names; Watts; Cambridge Dictionary of English Place-names; Smith; Place-names of the West Riding of Yorkshire; A.D. Mills; Dictionary of English Place-Names
Burnsall,'Bryni's nook of land'.,"halh Old English - A nook of land; a small valley; dry ground in marsh; a piece of land projecting from, or detached from, the main area of its administrative unit.; Personal name (Old English) Old English - Personal name",Watts; Cambridge Dictionary of English Place-names; A.D. Mills; Dictionary of English Place-Names; E. Ekwall; Dictionary of English Place-Names; Smith; Place-names of the West Riding of Yorkshire
Burton in Lonsdale,'Fortification farm/settlement'.,"burh-tūn Old English - A fort enclosure; a farm with a palisade; a farm at, or belonging to, or which is, a fortification, fortified house, or manorhouse.",E. Ekwall; Dictionary of English Place-Names; Watts; Cambridge Dictionary of English Place-names; A.D. Mills; Dictionary of English Place-Names; Smith; Place-names of the West Riding of Yorkshire
Burton Leonard,"'Fortification farm/settlement'. 'Leonard' is probably from the dedication of the church here to that saint, now called St. Helen's.","burh-tūn Old English - A fort enclosure; a farm with a palisade; a farm at, or belonging to, or which is, a fortification, fortified house, or manorhouse.; Saint's Name Unknown - Saint's name.",E. Ekwall; Dictionary of English Place-Names; Smith; Place-names of the West Riding of Yorkshire; Watts; Cambridge Dictionary of English Place-names; A.D. Mills; Dictionary of English Place-Names
Burton Salmon,'Britons' farm/settlement'. It was held by someone called Salamone in the 13th century.,Brettas Old English - The Britons.; Personal name (Uncertain) Unknown - Personal name; tūn Old English - An enclosure; a farmstead; a village; an estate.,A.D. Mills; Dictionary of English Place-Names; E. Ekwall; Dictionary of English Place-Names; Watts; Cambridge Dictionary of English Place-names; Smith; Place-names of the West Riding of Yorkshire
Byram cum Poole,'At the cowsheds'. 'Pool'.,"bȳre Old English - A byre, a cow-shed.; pōl Old English - A pool.",A.D. Mills; Dictionary of English Place-Names; Smith; Place-names of the West Riding of Yorkshire; Watts; Cambridge Dictionary of English Place-names; E. Ekwall; Dictionary of English Place-Names
Cadeby,'Kati's farm/settlement'.,"bȳ Old Norse - A farmstead, a village.; Personal name (Old Norse) Old Norse - Personal name",E. Ekwall; Dictionary of English Place-Names; A.D. Mills; Dictionary of English Place-Names; Watts; Cambridge Dictionary of English Place-names; Smith; Place-names of the West Riding of Yorkshire
Calton,'Calf farm/settlement'.,calf Old English; tūn Old English - An enclosure; a farmstead; a village; an estate.,Smith; Place-names of the West Riding of Yorkshire; Watts; Cambridge Dictionary of English Place-names; E. Ekwall; Dictionary of English Place-Names; A.D. Mills; Dictionary of English Place-Names
Calverley with Farsley,"'Calves' wood/clearing'. Uncertain. Probably, 'heifer's wood/clearing' but perhaps, 'furze wood/clearing'.",calf Old English; fers Old English - Furze.; fyrs Old English - Furze.; tūn Old English - An enclosure; a farmstead; a village; an estate.,A.D. Mills; Dictionary of English Place-Names; Watts; Cambridge Dictionary of English Place-names; E. Ekwall; Dictionary of English Place-Names; Smith; Place-names of the West Riding of Yorkshire
Camblesforth,'*Camel(e)'s ford'.,ford Old English - A ford.; Personal name (Old English) Old English - Personal name,A.D. Mills; Dictionary of English Place-Names; Watts; Cambridge Dictionary of English Place-names; E. Ekwall; Dictionary of English Place-Names; Smith; Place-names of the West Riding of Yorkshire
Campsall,"Uncertain. '*Cam's nook of land' or perhaps, 'crooked nook of land'.","camm C; halh Old English - A nook of land; a small valley; dry ground in marsh; a piece of land projecting from, or detached from, the main area of its administrative unit.; Personal name (Old English) Old English - Personal name",Watts; Cambridge Dictionary of English Place-names; A.D. Mills; Dictionary of English Place-Names; Smith; Place-names of the West Riding of Yorkshire; E. Ekwall; Dictionary of English Place-Names
Cantley,'*Canta's wood/clearing'.,"lēah Old English - A forest, wood, glade, clearing; (later) a pasture, meadow.; Personal name (Old English) Old English - Personal name",E. Ekwall; Dictionary of English Place-Names; Watts; Cambridge Dictionary of English Place-names; A.D. Mills; Dictionary of English Place-Names; Smith; Place-names of the West Riding of Yorkshire
Carleton,'Free peasants' farm/settlement'.,"karl Old Norse - A freeman of the lower class, a peasant.; tūn Old English - An enclosure; a farmstead; a village; an estate.",A.D. Mills; Dictionary of English Place-Names; E. Ekwall; Dictionary of English Place-Names; Smith; Place-names of the West Riding of Yorkshire; Watts; Cambridge Dictionary of English Place-names
Carleton,'Free peasants' farm/settlement'. The OE first element was later replaced by ON karl.,"ceorl Old English - A freeman of the lower class, a peasant.; tūn Old English - An enclosure; a farmstead; a village; an estate.",Watts; Cambridge Dictionary of English Place-names; A.D. Mills; Dictionary of English Place-Names; Smith; Place-names of the West Riding of Yorkshire; E. Ekwall; Dictionary of English Place-Names
Carlton,'Free peasants' farm/settlement'.,"karl Old Norse - A freeman of the lower class, a peasant.; tūn Old English - An enclosure; a farmstead; a village; an estate.",Watts; Cambridge Dictionary of English Place-names; E. Ekwall; Dictionary of English Place-Names; Smith; Place-names of the West Riding of Yorkshire; A.D. Mills; Dictionary of English Place-Names
Carlton,'Free peasants' farm/settlement'. The original OE first element was later replaced by ON karl.,"ceorl Old English - A freeman of the lower class, a peasant.; tūn Old English - An enclosure; a farmstead; a village; an estate.",Smith; Place-names of the West Riding of Yorkshire; E. Ekwall; Dictionary of English Place-Names; A.D. Mills; Dictionary of English Place-Names; Watts; Cambridge Dictionary of English Place-names
Carlton,'Free peasants' farm/settlement'.,"ceorl Old English - A freeman of the lower class, a peasant.; tūn Old English - An enclosure; a farmstead; a village; an estate.",Watts; Cambridge Dictionary of English Place-names; Smith; Place-names of the West Riding of Yorkshire; A.D. Mills; Dictionary of English Place-Names; E. Ekwall; Dictionary of English Place-Names
Cartworth,Craeta's enclosure'.,Personal name (Old English) Old English - Personal name; worð Old English - An enclosure.,Smith; Place-names of the West Riding of Yorkshire; Watts; Cambridge Dictionary of English Place-names; E. Ekwall; Dictionary of English Place-Names; A.D. Mills; Dictionary of English Place-Names
Castleford,"'Roman site ford'. The original OE element was later replaced by OFr castel. The site is the Roman fort of Lagentium, a name perhaps derived from OW llain, 'sword/spear blade' and the suffix *-io meaning 'swordsmen's/spearmen's fortification'.",ceaster Old English - A city; an old fortification; a Roman site.; ford Old English - A ford.,Watts; Cambridge Dictionary of English Place-names; Rivet & Smith; Place-names of Roman Britain; E. Ekwall; Dictionary of English Place-Names; A.D. Mills; Dictionary of English Place-Names; Smith; Place-names of the West Riding of Yorkshire
Castley,'Heap wood/clearing'.,"ceastel Old English - A heap.; lēah Old English - A forest, wood, glade, clearing; (later) a pasture, meadow.",E. Ekwall; Dictionary of English Place-Names; Smith; Place-names of the West Riding of Yorkshire; A.D. Mills; Dictionary of English Place-Names; Watts; Cambridge Dictionary of English Place-names
Catcliffe,'Wild-cat cliff'.,"catt Old English - A cat, probably both wild and domestic.; clif Old English - An escarpment, a hill-slope; a river-bank.",A.D. Mills; Dictionary of English Place-Names; Watts; Cambridge Dictionary of English Place-names; E. Ekwall; Dictionary of English Place-Names; Smith; Place-names of the West Riding of Yorkshire
Cattal,'Wild-cats' nook of land'.,"catt Old English - A cat, probably both wild and domestic.; halh Old English - A nook of land; a small valley; dry ground in marsh; a piece of land projecting from, or detached from, the main area of its administrative unit.",Smith; Place-names of the West Riding of Yorkshire; E. Ekwall; Dictionary of English Place-Names; A.D. Mills; Dictionary of English Place-Names; Watts; Cambridge Dictionary of English Place-names
Catterton,"'Farm/settlement at *Cadeir (= the 'chair', used as a hill-name)'.",cadeir C; tūn Old English - An enclosure; a farmstead; a village; an estate.,A.D. Mills; Dictionary of English Place-Names; E. Ekwall; Dictionary of English Place-Names; Watts; Cambridge Dictionary of English Place-names; Smith; Place-names of the West Riding of Yorkshire
Cawood,'Jackdaw wood'.,"cā Old English - A jackdaw.; wudu Old English - A wood; or wood, timber.",Watts; Cambridge Dictionary of English Place-names; Smith; Place-names of the West Riding of Yorkshire; A.D. Mills; Dictionary of English Place-Names; E. Ekwall; Dictionary of English Place-Names
Cawthorne,'Cold thorn-tree'.,cald Old English; þorn Old English - A hawthorn-tree.,E. Ekwall; Dictionary of English Place-Names; A.D. Mills; Dictionary of English Place-Names; Smith; Place-names of the West Riding of Yorkshire; Watts; Cambridge Dictionary of English Place-names
Chapel Allerton,'Alder-tree farm/settlement' with the later addition of 'chapel'.,alor Old English - An alder-tree.; chapel Middle English - A chapel; occasionally used figuratively for a place for meetings or observance.; tūn Old English - An enclosure; a farmstead; a village; an estate.,A.D. Mills; Dictionary of English Place-Names; Watts; Cambridge Dictionary of English Place-names; Smith; Place-names of the West Riding of Yorkshire; E. Ekwall; Dictionary of English Place-Names
Chapel and West Haddlesey,"Uncertain. Perhaps, 'heathery marsh' or 'hollow marsh' from a first element related to OE hatholitha, 'elbow' or heathnor, 'prison/enclosure'. Both explanations are tentative.","chapel Middle English - A chapel; occasionally used figuratively for a place for meetings or observance.; hāðel Old English - A heathery place.; haðel Old English - Uncertain.  Possibly derived from the root ""hath"" or ""haeth"" (heath); more probably related to OE ""hatho-"" in ""hatholida"" (elbow), and used of a hollow.; sǣge Old English - A swamp, a marsh, a lake.; west Old English - Western, west.",E. Ekwall; Dictionary of English Place-Names; Watts; Cambridge Dictionary of English Place-names; Smith; Place-names of the West Riding of Yorkshire; A.D. Mills; Dictionary of English Place-Names
Chevet,Perhaps 'ridge' compounded with the British place- and river-name forming suffix *-et.,-et C; cev˜n C,Smith; Place-names of the West Riding of Yorkshire; Watts; Cambridge Dictionary of English Place-names; A.D. Mills; Dictionary of English Place-Names; E. Ekwall; Dictionary of English Place-Names
Church Fenton,'Fen farm/settlement' with the later addition of 'church' to distinguish from Little Fenton.,"fenn Old English - A fen, a marsh, marshland.; kirkja Old Norse - A church.; tūn Old English - An enclosure; a farmstead; a village; an estate.",Watts; Cambridge Dictionary of English Place-names; A.D. Mills; Dictionary of English Place-Names; E. Ekwall; Dictionary of English Place-Names; Smith; Place-names of the West Riding of Yorkshire
Churwell,'Free peasants' spring/stream'.,"ceorl Old English - A freeman of the lower class, a peasant.; wella Old English",Smith; Place-names of the West Riding of Yorkshire; E. Ekwall; Dictionary of English Place-Names; Watts; Cambridge Dictionary of English Place-names; A.D. Mills; Dictionary of English Place-Names
Clapham,'Noisy stream homestead/village'.,"clæpe Old English - A noisy stream.; hām Old English - A village, a village community, a manor, an estate, a homestead.",Smith; Place-names of the West Riding of Yorkshire; A.D. Mills; Dictionary of English Place-Names; E. Ekwall; Dictionary of English Place-Names; Watts; Cambridge Dictionary of English Place-names
Clareton,"Perhaps, 'Clare's farm/settlement'. The personal name is recorded only once, in a charter. There is general doubt about the etymology of the first element of this place-name, which is shared by Claro Hill, from which the wapentakes of Upper and Lower Clar",Personal name (Uncertain) Unknown - Personal name; tūn Old English - An enclosure; a farmstead; a village; an estate.,Smith; Place-names of the West Riding of Yorkshire; A.D. Mills; Dictionary of English Place-Names; E. Ekwall; Dictionary of English Place-Names; Watts; Cambridge Dictionary of English Place-names
Clayton,'Clay farm/settlement'.,"clǣg Old English - Clay, clayey soil.; tūn Old English - An enclosure; a farmstead; a village; an estate.",E. Ekwall; Dictionary of English Place-Names; Smith; Place-names of the West Riding of Yorkshire; Watts; Cambridge Dictionary of English Place-names; A.D. Mills; Dictionary of English Place-Names
Clayton West,'Clay farm/settlement'.,"clǣg Old English - Clay, clayey soil.; tūn Old English - An enclosure; a farmstead; a village; an estate.",A.D. Mills; Dictionary of English Place-Names; E. Ekwall; Dictionary of English Place-Names; Watts; Cambridge Dictionary of English Place-names; Smith; Place-names of the West Riding of Yorkshire
Clayton with Frickley,'Clayey farm/settlement'. 'Frica's wood/clearing'.,"clǣg Old English - Clay, clayey soil.; lēah Old English - A forest, wood, glade, clearing; (later) a pasture, meadow.; Personal name (Old English) Old English - Personal name; tūn Old English - An enclosure; a farmstead; a village; an estate.",Watts; Cambridge Dictionary of English Place-names; A.D. Mills; Dictionary of English Place-Names; E. Ekwall; Dictionary of English Place-Names; Smith; Place-names of the West Riding of Yorkshire
Cleckheaton,'High farm/settlement' with the later addition of 'hill'.,"hēah Old English - A high place, a height.; klakkr Old Norse - A lump; probably also a hill.; tūn Old English - An enclosure; a farmstead; a village; an estate.",Watts; Cambridge Dictionary of English Place-names; A.D. Mills; Dictionary of English Place-Names; Smith; Place-names of the West Riding of Yorkshire; E. Ekwall; Dictionary of English Place-Names
Clifford with Boston Spa,"'Cliff ford'. A famous mineral spring was discovered here in 1744. The village was constructed in an open field in 1753 and called Thorpe Spaw, a name taken from nearby Thorpe Arch. It is uncertain how the name 'Boston' came o be associated with this name","clif Old English - An escarpment, a hill-slope; a river-bank.; Family name Unknown - Family name.; ford Old English - A ford.; spa Modern English",E. Ekwall; Dictionary of English Place-Names; Smith; Place-names of the West Riding of Yorkshire; A.D. Mills; Dictionary of English Place-Names; Watts; Cambridge Dictionary of English Place-names
Clifton,'Cliff farm/settlement'.,"clif Old English - An escarpment, a hill-slope; a river-bank.; tūn Old English - An enclosure; a farmstead; a village; an estate.",A.D. Mills; Dictionary of English Place-Names; E. Ekwall; Dictionary of English Place-Names; Watts; Cambridge Dictionary of English Place-names; Smith; Place-names of the West Riding of Yorkshire
Clifton with Norwood,'Cliff farm/settlement'. 'North wood'.,"clif Old English - An escarpment, a hill-slope; a river-bank.; norð Old English - Northern, north.; tūn Old English - An enclosure; a farmstead; a village; an estate.; wudu Old English - A wood; or wood, timber.",E. Ekwall; Dictionary of English Place-Names; A.D. Mills; Dictionary of English Place-Names; Watts; Cambridge Dictionary of English Place-names; Smith; Place-names of the West Riding of Yorkshire
Clint,'Rocky cliff'.,klint Old Norse,A.D. Mills; Dictionary of English Place-Names; Smith; Place-names of the West Riding of Yorkshire; Watts; Cambridge Dictionary of English Place-names; E. Ekwall; Dictionary of English Place-Names
Clotherholme,'At the rocks'.,clūder Old English - A mass of rocks or debris.,A.D. Mills; Dictionary of English Place-Names; Watts; Cambridge Dictionary of English Place-names; E. Ekwall; Dictionary of English Place-Names; Smith; Place-names of the West Riding of Yorkshire
Coates,'Cottages'.,"cot Old English - A cottage, a hut, a shelter, a den.",A.D. Mills; Dictionary of English Place-Names; Watts; Cambridge Dictionary of English Place-names; Smith; Place-names of the West Riding of Yorkshire; E. Ekwall; Dictionary of English Place-Names
Collingham,"Uncertain. Probably, 'homestead/village of *Col's/Cola's people' but perhaps, 'hill-place homestead/village'.","-ing Old English - Place-name forming suffix.; -ingas Old English - The people of . . . ; the people called after . . .; coll Old English - A hill.; hām Old English - A village, a village community, a manor, an estate, a homestead.; Personal name (Old English) Old English - Personal name",E. Ekwall; Dictionary of English Place-Names; A.D. Mills; Dictionary of English Place-Names; Watts; Cambridge Dictionary of English Place-names; Smith; Place-names of the West Riding of Yorkshire
Colton,'Cola's farm/settlement' or Koli's farm/settlement'.,Personal name (Old English) Old English - Personal name; Personal name (Old Norse) Old Norse - Personal name; tūn Old English - An enclosure; a farmstead; a village; an estate.,E. Ekwall; Dictionary of English Place-Names; A.D. Mills; Dictionary of English Place-Names; Watts; Cambridge Dictionary of English Place-names; Smith; Place-names of the West Riding of Yorkshire
Coneythorpe,'King's outlying farm/settlement'.,kunung Old Norse; tūn Old English - An enclosure; a farmstead; a village; an estate.,E. Ekwall; Dictionary of English Place-Names; Watts; Cambridge Dictionary of English Place-names; A.D. Mills; Dictionary of English Place-Names; Smith; Place-names of the West Riding of Yorkshire
Conisbrough,'King's fortification'.,burh Old English - A fortified place.; kunung Old Norse,Watts; Cambridge Dictionary of English Place-names; E. Ekwall; Dictionary of English Place-Names; Smith; Place-names of the West Riding of Yorkshire; A.D. Mills; Dictionary of English Place-Names
Coniston Cold,'King's farm/settlement'. 'Cold' from its exposed situation.,cald Old English; kunung Old Norse; tūn Old English - An enclosure; a farmstead; a village; an estate.,Watts; Cambridge Dictionary of English Place-names; A.D. Mills; Dictionary of English Place-Names; Smith; Place-names of the West Riding of Yorkshire; E. Ekwall; Dictionary of English Place-Names
Conistone,'King's farm/settlement'.,kunung Old Norse; tūn Old English - An enclosure; a farmstead; a village; an estate.,A.D. Mills; Dictionary of English Place-Names; Smith; Place-names of the West Riding of Yorkshire; E. Ekwall; Dictionary of English Place-Names; Watts; Cambridge Dictionary of English Place-names
Cononley,Uncertain. It is characterised by a varied range of spellings and it is difficult to distinguish which is most closely related to the original form of the name. Type II indicates 'Conon's wood/clearing' from the OIr personal name. Type IV may be an unexpl,"lēah Old English - A forest, wood, glade, clearing; (later) a pasture, meadow.; Personal name (Uncertain) Unknown - Personal name; Place-name Unknown - Place-name",A.D. Mills; Dictionary of English Place-Names; Watts; Cambridge Dictionary of English Place-names; E. Ekwall; Dictionary of English Place-Names; Smith; Place-names of the West Riding of Yorkshire
Copgrove,'Coppa's grove'.,"grāf Old English - A grove, a copse.; Personal name (Old English) Old English - Personal name",Smith; Place-names of the West Riding of Yorkshire; A.D. Mills; Dictionary of English Place-Names; E. Ekwall; Dictionary of English Place-Names; Watts; Cambridge Dictionary of English Place-names
Copmanthorpe,'Merchants' outlying farm/settlement.,"kaup-maðr Old Norse - A merchant, a trader.; þorp Old Norse - A secondary settlement, a dependent outlying farmstead or hamlet.",A.D. Mills; Dictionary of English Place-Names; Smith; Place-names of the West Riding of Yorkshire; Watts; Cambridge Dictionary of English Place-names; E. Ekwall; Dictionary of English Place-Names
Copt Hewick,'High specialised farm'. 'Copt' refers to the peaked hill on which the village stands.,"coppede Old English - Having a peak or top.; hēah Old English - A high place, a height.; wīc Old English - A dwelling; a building or collection of buildings for special purposes; a farm, a dairy farm; a trading or industrial settlement; or (in the plural) a hamlet, village.",A.D. Mills; Dictionary of English Place-Names; Smith; Place-names of the West Riding of Yorkshire; E. Ekwall; Dictionary of English Place-Names; Watts; Cambridge Dictionary of English Place-names
Cowling,'Hill place'.,-ing Old English - Place-name forming suffix.; coll Old English - A hill.,Watts; Cambridge Dictionary of English Place-names; E. Ekwall; Dictionary of English Place-Names; Smith; Place-names of the West Riding of Yorkshire; A.D. Mills; Dictionary of English Place-Names
Cowthorpe,'Koli's outlying farm/settlement'.,"Personal name (Old Norse) Old Norse - Personal name; þorp Old Norse - A secondary settlement, a dependent outlying farmstead or hamlet.",Smith; Place-names of the West Riding of Yorkshire; Watts; Cambridge Dictionary of English Place-names; E. Ekwall; Dictionary of English Place-Names; A.D. Mills; Dictionary of English Place-Names
Cracoe,'Crow/raven hill-spur'.,"haugr Old Norse - A natural height, a hill, a heap, an artificial mound, a burial mound.; hōh Old English - A heel; a sharply projecting piece of ground.; kráka Old Norse - A crow, a raven.",A.D. Mills; Dictionary of English Place-Names; E. Ekwall; Dictionary of English Place-Names; Smith; Place-names of the West Riding of Yorkshire; Watts; Cambridge Dictionary of English Place-names
Cridling Stubbs,'*Cridela's place' to distinguish from Walden Stubbs and Hamphall Stubbs.,-ing Old English - Place-name forming suffix.; Personal name (Old English) Old English - Personal name; Place-name Unknown - Place-name,Watts; Cambridge Dictionary of English Place-names; Smith; Place-names of the West Riding of Yorkshire; A.D. Mills; Dictionary of English Place-Names; E. Ekwall; Dictionary of English Place-Names
Crigglestone,'Farm/settlement at Cryc-hill'. Celtic 'crug' was adopted as a place-name to which an explanatory OE hyll was added.,"crṻg C; hyll Old English - A hill, a natural eminence or elevated piece of ground.; tūn Old English - An enclosure; a farmstead; a village; an estate.",Smith; Place-names of the West Riding of Yorkshire; A.D. Mills; Dictionary of English Place-Names; Watts; Cambridge Dictionary of English Place-names; E. Ekwall; Dictionary of English Place-Names
Crofton,'Farm/settlement with a small enclosure'.,croft Old English - A small enclosed field.; tūn Old English - An enclosure; a farmstead; a village; an estate.,Watts; Cambridge Dictionary of English Place-names; E. Ekwall; Dictionary of English Place-Names; A.D. Mills; Dictionary of English Place-Names; Smith; Place-names of the West Riding of Yorkshire
Cudworth,'Cutha's enclosure'.,Personal name (Old English) Old English - Personal name; worð Old English - An enclosure.,E. Ekwall; Dictionary of English Place-Names; Watts; Cambridge Dictionary of English Place-names; A.D. Mills; Dictionary of English Place-Names; Smith; Place-names of the West Riding of Yorkshire
Dacre,A lost name for one of the tributary streams of the River Nidd.,River-name Unknown - River-name,Watts; Cambridge Dictionary of English Place-names; Smith; Place-names of the West Riding of Yorkshire; E. Ekwall; Dictionary of English Place-Names; A.D. Mills; Dictionary of English Place-Names
Dalton,'Valley farm/settlement'.,dæl Old English; tūn Old English - An enclosure; a farmstead; a village; an estate.,Smith; Place-names of the West Riding of Yorkshire; Watts; Cambridge Dictionary of English Place-names; A.D. Mills; Dictionary of English Place-Names; E. Ekwall; Dictionary of English Place-Names
Dalton,'Valley farm/settlement'.,dæl Old English; tūn Old English - An enclosure; a farmstead; a village; an estate.,E. Ekwall; Dictionary of English Place-Names; A.D. Mills; Dictionary of English Place-Names; Watts; Cambridge Dictionary of English Place-names; Smith; Place-names of the West Riding of Yorkshire
Darfield,'Deer/wild animal open land'.,"dēor Old English - An animal, a beast.; feld Old English - Open country, unencumbered ground (eg. land without trees as opposed to forest, level ground as opposed to hills, land without buildings); arable land (from late tenth century).",Smith; Place-names of the West Riding of Yorkshire; E. Ekwall; Dictionary of English Place-Names; Watts; Cambridge Dictionary of English Place-names; A.D. Mills; Dictionary of English Place-Names
Darrington,'Farm/settlement connected with Deornoth'.,"-ingtūn Old English - A settlement called after, or connected with . . .; Personal name (Old English) Old English - Personal name",Smith; Place-names of the West Riding of Yorkshire; E. Ekwall; Dictionary of English Place-Names; A.D. Mills; Dictionary of English Place-Names; Watts; Cambridge Dictionary of English Place-names
Darton,'Deer park'.,"dēor-tūn Old English - A park, a deer park.",E. Ekwall; Dictionary of English Place-Names; Watts; Cambridge Dictionary of English Place-names; A.D. Mills; Dictionary of English Place-Names; Smith; Place-names of the West Riding of Yorkshire
Denaby,'Danes' farm/settlement'.,"bȳ Old Norse - A farmstead, a village.; Dene Old English - A Dane.",Smith; Place-names of the West Riding of Yorkshire; E. Ekwall; Dictionary of English Place-Names; Watts; Cambridge Dictionary of English Place-names; A.D. Mills; Dictionary of English Place-Names
Denby,'Danes' farm/settlement'.,"bȳ Old Norse - A farmstead, a village.; Dene Old English - A Dane.",Smith; Place-names of the West Riding of Yorkshire; A.D. Mills; Dictionary of English Place-Names; E. Ekwall; Dictionary of English Place-Names; Watts; Cambridge Dictionary of English Place-names
Dent,"Obscure. Perhaps a lost river name of unknown origins and meaning. Alternatively, perhaps a British place-name 'hill' from a hypothesised *Dindeto- or *Dindetio-.",Obscure element Unknown - Obscure element; River-name Unknown - River-name,E. Ekwall; Dictionary of English Place-Names; Smith; Place-names of the West Riding of Yorkshire; Watts; Cambridge Dictionary of English Place-names; A.D. Mills; Dictionary of English Place-Names
Denton,'Valley farm/settlement'.,denu Old English - A valley.; tūn Old English - An enclosure; a farmstead; a village; an estate.,Smith; Place-names of the West Riding of Yorkshire; E. Ekwall; Dictionary of English Place-Names; A.D. Mills; Dictionary of English Place-Names; Watts; Cambridge Dictionary of English Place-names
Dewsbury,"'Dewi's fortification', an Old Welsh personal name.",burh Old English - A fortified place.; Personal name (Uncertain) Unknown - Personal name,Smith; Place-names of the West Riding of Yorkshire; Watts; Cambridge Dictionary of English Place-names; E. Ekwall; Dictionary of English Place-Names; A.D. Mills; Dictionary of English Place-Names
Dinnington,"'Farm/settlement connected with Dunna'. Alternatively, it has been suggested because of the frequency of names derived from OE Duningtun that they are more likely to represent a topographical term rather than a personal name. Thus, perhaps, 'farm/settleme","-ing Old English - Place-name forming suffix.; -ing- Old English - Connective particle, linking a first element to a final element.; dūn Old English - A hill.; Personal name (Old English) Old English - Personal name; tūn Old English - An enclosure; a farmstead; a village; an estate.",E. Ekwall; Dictionary of English Place-Names; A.D. Mills; Dictionary of English Place-Names; Watts; Cambridge Dictionary of English Place-names; Smith; Place-names of the West Riding of Yorkshire
Dodworth,'Dod(d)'s/Dod(d)a's enclosure.,Personal name (Old English) Old English - Personal name; worð Old English - An enclosure.,A.D. Mills; Dictionary of English Place-Names; Smith; Place-names of the West Riding of Yorkshire; Watts; Cambridge Dictionary of English Place-names; E. Ekwall; Dictionary of English Place-Names
Doncaster,"'River Don Roman site'. The Roman fortification here was called Danum, after the original name of the river.",ceaster Old English - A city; an old fortification; a Roman site.; River-name Unknown - River-name,Watts; Cambridge Dictionary of English Place-names; A.D. Mills; Dictionary of English Place-Names; E. Ekwall; Dictionary of English Place-Names; Smith; Place-names of the West Riding of Yorkshire; Rivet & Smith; Place-names of Roman Britain
Dore,"'Narrow pass', a pass located on the boundary formerly between Northumbria and Mercia.","dor Old English - A large door, a gate; the entrance to a pass between hills.",Cameron; Place-names of Derbyshire; A.D. Mills; Dictionary of English Place-Names; E. Ekwall; Dictionary of English Place-Names; Watts; Cambridge Dictionary of English Place-names
Draughton,'Dray farm/settlement'. The ON element may have replaced an original OE draeg.,"drag Old Norse - A soft slope or valley; a watercourse, a portage.; tūn Old English - An enclosure; a farmstead; a village; an estate.",Smith; Place-names of the West Riding of Yorkshire; Watts; Cambridge Dictionary of English Place-names; A.D. Mills; Dictionary of English Place-Names; E. Ekwall; Dictionary of English Place-Names
Drax,"Uncertain. Perhaps, 'portage'. Alternatively the name may be derived from OE draege, 'drag-net', denoting a fishery. Drax is situated in a corner of land between the River Ouse and another watercourse and a fishery is known to have existed here in the 11t","dræge Old English - A drag-net.; drag Old Norse - A soft slope or valley; a watercourse, a portage.",E. Ekwall; Dictionary of English Place-Names; Smith; Place-names of the West Riding of Yorkshire; A.D. Mills; Dictionary of English Place-Names; Watts; Cambridge Dictionary of English Place-names
Drighlington,'Farm/settlement connected with Dryhtel/Dyrthla'.,"-ingtūn Old English - A settlement called after, or connected with . . .; Personal name (Old English) Old English - Personal name",E. Ekwall; Dictionary of English Place-Names; A.D. Mills; Dictionary of English Place-Names; Smith; Place-names of the West Riding of Yorkshire; Watts; Cambridge Dictionary of English Place-names
Dringhouses,'Servants' house'.,"drengr Old Norse - A man, a servant.; hús Old Norse - A house; also sometimes used of a building for special purposes.",Watts; Cambridge Dictionary of English Place-names; E. Ekwall; Dictionary of English Place-Names; A.D. Mills; Dictionary of English Place-Names; Smith; Place-names of the West Riding of Yorkshire
Dunkeswick,'Cheese specialised farm'.,"cēse Old English; wīc Old English - A dwelling; a building or collection of buildings for special purposes; a farm, a dairy farm; a trading or industrial settlement; or (in the plural) a hamlet, village.",Smith; Place-names of the West Riding of Yorkshire; Watts; Cambridge Dictionary of English Place-names; A.D. Mills; Dictionary of English Place-Names; E. Ekwall; Dictionary of English Place-Names
Easington,'Farm/settlement connected with Esa'.,"-ingtūn Old English - A settlement called after, or connected with . . .; Personal name (Old English) Old English - Personal name",A.D. Mills; Dictionary of English Place-Names; Watts; Cambridge Dictionary of English Place-names; E. Ekwall; Dictionary of English Place-Names; Smith; Place-names of the West Riding of Yorkshire
East and West Ardsley,'Eored's/Eanred's wood/clearing'.,hlāw Old English - A tumulus; a hill.; Personal name (Old English) Old English - Personal name,E. Ekwall; Dictionary of English Place-Names; Smith; Place-names of the West Riding of Yorkshire; A.D. Mills; Dictionary of English Place-Names; Watts; Cambridge Dictionary of English Place-names
East and West Hardwick,'Herd farm'.,heorde-wīc Old English - A herd farm.,Watts; Cambridge Dictionary of English Place-names; A.D. Mills; Dictionary of English Place-Names; Smith; Place-names of the West Riding of Yorkshire; E. Ekwall; Dictionary of English Place-Names
East and West Morton,'Moor farm/settlement'.,"mōr Old English - A marsh, barren upland.; tūn Old English - An enclosure; a farmstead; a village; an estate.",Smith; Place-names of the West Riding of Yorkshire; A.D. Mills; Dictionary of English Place-Names; E. Ekwall; Dictionary of English Place-Names; Watts; Cambridge Dictionary of English Place-names
East Keswick,'Cheese specialised-farm'. The initial k- is a result of ON influence.,"cēse Old English; wīc Old English - A dwelling; a building or collection of buildings for special purposes; a farm, a dairy farm; a trading or industrial settlement; or (in the plural) a hamlet, village.",A.D. Mills; Dictionary of English Place-Names; Watts; Cambridge Dictionary of English Place-names; Smith; Place-names of the West Riding of Yorkshire; E. Ekwall; Dictionary of English Place-Names
Eastoft,'Ash-tree curtilage'.,"eski Old Norse - A place growing with ash-trees; ashen.; toft Old English - A curtilage, the plot of ground in which a dwelling stands.",E. Ekwall; Dictionary of English Place-Names; A.D. Mills; Dictionary of English Place-Names; Watts; Cambridge Dictionary of English Place-names; Smith; Place-names of the West Riding of Yorkshire
Eavestone,'Edge farm/settlement'.,"efes Old English - Eaves; an edge or border (especially of a wood); the brow of a hill or bank, the edge of an escarpment or steep hillside.; tūn Old English - An enclosure; a farmstead; a village; an estate.",Watts; Cambridge Dictionary of English Place-names; Smith; Place-names of the West Riding of Yorkshire; A.D. Mills; Dictionary of English Place-Names; E. Ekwall; Dictionary of English Place-Names
Ecclesall Bierlow,"'Church nook of land'. 'Ecles' is generally taken to refer to early British churches or religious communities. In the case of this name, an alternative interpretation has been proposed: 'nook of land in the boundary of Ecclesfield'. It has been suggested","býjar-lǫg Old Norse - A village community; used of a small administrative district.; eglẹ̄s C; halh Old English - A nook of land; a small valley; dry ground in marsh; a piece of land projecting from, or detached from, the main area of its administrative unit.",Watts; Cambridge Dictionary of English Place-names; E. Ekwall; Dictionary of English Place-Names; A.D. Mills; Dictionary of English Place-Names; Smith; Place-names of the West Riding of Yorkshire
Ecclesfield,'Church open land'. ' Ecles' is generally taken to refer to early British churches or religious communities. It has been suggested that Ecclesfield may have been an early 'mother church settlement' from which nearby Eccleshall derived its name.,"eglẹ̄s C; feld Old English - Open country, unencumbered ground (eg. land without trees as opposed to forest, level ground as opposed to hills, land without buildings); arable land (from late tenth century).",E. Ekwall; Dictionary of English Place-Names; A.D. Mills; Dictionary of English Place-Names; Watts; Cambridge Dictionary of English Place-names; Smith; Place-names of the West Riding of Yorkshire
Eccleshill,'Church hill'. 'Ecles' is generally taken to refer to early British churches or religious communities.,"eclẹ̄si̥ā C; hyll Old English - A hill, a natural eminence or elevated piece of ground.",Watts; Cambridge Dictionary of English Place-names; E. Ekwall; Dictionary of English Place-Names; Smith; Place-names of the West Riding of Yorkshire; A.D. Mills; Dictionary of English Place-Names
Edlington,'Farm/settlement connected with *Edla'.,"-ingtūn Old English - A settlement called after, or connected with . . .; Personal name (Old English) Old English - Personal name",Watts; Cambridge Dictionary of English Place-names; A.D. Mills; Dictionary of English Place-Names; E. Ekwall; Dictionary of English Place-Names; Smith; Place-names of the West Riding of Yorkshire
Eggborough,'Ecga's fortification'.,burh Old English - A fortified place.; Personal name (Old English) Old English - Personal name,Smith; Place-names of the West Riding of Yorkshire; A.D. Mills; Dictionary of English Place-Names; Watts; Cambridge Dictionary of English Place-names; E. Ekwall; Dictionary of English Place-Names
Elland with Greetland,'River land'. 'Gravelly land'.,"ēa-land Old English - Land by water or by a river, an island.; grjót Old Norse - Gravel.; land Old English - Land (as part of earth's surface); an estate; possibly also new arable area.  In minor and field names: strip in a field-system.",A.D. Mills; Dictionary of English Place-Names; Smith; Place-names of the West Riding of Yorkshire; Watts; Cambridge Dictionary of English Place-names
Elslack,'El(l)i's stream' or 'El(l)i's valley'.,"lacu Old English - A small stream, a watercourse.; Personal name (Old English) Old English - Personal name; slakki Old Norse",Watts; Cambridge Dictionary of English Place-names; A.D. Mills; Dictionary of English Place-Names; E. Ekwall; Dictionary of English Place-Names; Smith; Place-names of the West Riding of Yorkshire
Embsay,"Either, 'Embe's enclosure' or 'Embe's island'.","ēg Old English - An island.  In ancient settlement-names, most frequently refers to dry ground surrounded by marsh.  Also used of islands in modern sense.  In late OE names: well-watered land.; hæg Old English - A fence, an enclosure.; Personal name (Old English) Old English - Personal name",Watts; Cambridge Dictionary of English Place-names; A.D. Mills; Dictionary of English Place-Names; Smith; Place-names of the West Riding of Yorkshire; E. Ekwall; Dictionary of English Place-Names
Emley,'*Em(m)a's/Eama's wood/clearing'.,"lēah Old English - A forest, wood, glade, clearing; (later) a pasture, meadow.; Personal name (Old English) Old English - Personal name",E. Ekwall; Dictionary of English Place-Names; Smith; Place-names of the West Riding of Yorkshire; Watts; Cambridge Dictionary of English Place-names; A.D. Mills; Dictionary of English Place-Names
Erringden,'Eric's valley'.,denu Old English - A valley.; Personal name (Old Norse) Old Norse - Personal name,A.D. Mills; Dictionary of English Place-Names; Watts; Cambridge Dictionary of English Place-names; Smith; Place-names of the West Riding of Yorkshire; E. Ekwall; Dictionary of English Place-Names
Esholt,'Ash-tree wood'.,æsc Old English; holt Old English - A wood. (Probably of a single species.),Watts; Cambridge Dictionary of English Place-names; Smith; Place-names of the West Riding of Yorkshire; A.D. Mills; Dictionary of English Place-Names; E. Ekwall; Dictionary of English Place-Names
Eshton,'Ash-tree farm/settlement'.,æsc Old English; tūn Old English - An enclosure; a farmstead; a village; an estate.,E. Ekwall; Dictionary of English Place-Names; Smith; Place-names of the West Riding of Yorkshire; A.D. Mills; Dictionary of English Place-Names; Watts; Cambridge Dictionary of English Place-names
Fairburn,'Ferny stream'.,burna Old English - A stream.; fearn Old English - A fern; ferns; a ferny place.,A.D. Mills; Dictionary of English Place-Names; Watts; Cambridge Dictionary of English Place-names; E. Ekwall; Dictionary of English Place-Names; Smith; Place-names of the West Riding of Yorkshire
Farnely,'Ferny wood/clearing'.,"fearn Old English - A fern; ferns; a ferny place.; lēah Old English - A forest, wood, glade, clearing; (later) a pasture, meadow.",Watts; Cambridge Dictionary of English Place-names; Smith; Place-names of the West Riding of Yorkshire; E. Ekwall; Dictionary of English Place-Names; A.D. Mills; Dictionary of English Place-Names
Farnham,'Ferny homestead/village'.,"fearn Old English - A fern; ferns; a ferny place.; hām Old English - A village, a village community, a manor, an estate, a homestead.",A.D. Mills; Dictionary of English Place-Names; E. Ekwall; Dictionary of English Place-Names; Smith; Place-names of the West Riding of Yorkshire; Watts; Cambridge Dictionary of English Place-names
Farnhill,'Ferny hill'.,"fearn Old English - A fern; ferns; a ferny place.; hyll Old English - A hill, a natural eminence or elevated piece of ground.",Smith; Place-names of the West Riding of Yorkshire; A.D. Mills; Dictionary of English Place-Names; Watts; Cambridge Dictionary of English Place-names; E. Ekwall; Dictionary of English Place-Names
Farnley,'Ferny wood/clearing'.,"fearn Old English - A fern; ferns; a ferny place.; lēah Old English - A forest, wood, glade, clearing; (later) a pasture, meadow.",A.D. Mills; Dictionary of English Place-Names; Smith; Place-names of the West Riding of Yorkshire; E. Ekwall; Dictionary of English Place-Names; Watts; Cambridge Dictionary of English Place-names
Farnley Tyas,'Ferny wood/clearing'. It was held by a family called le Tyeis in the 13th century.,"fearn Old English - A fern; ferns; a ferny place.; lēah Old English - A forest, wood, glade, clearing; (later) a pasture, meadow.",E. Ekwall; Dictionary of English Place-Names; Smith; Place-names of the West Riding of Yorkshire; Watts; Cambridge Dictionary of English Place-names; A.D. Mills; Dictionary of English Place-Names
Featherstone,'Four stones'. There appear to be no remains of a cromlech in the area.,"feoðer- Old English - Four. (Only found in compounds.); stān Old English - A stone, stone, rock.",E. Ekwall; Dictionary of English Place-Names; A.D. Mills; Dictionary of English Place-Names; Watts; Cambridge Dictionary of English Place-names; Smith; Place-names of the West Riding of Yorkshire
Felliscliffe,'Felagh's cliff'.,"clif Old English - An escarpment, a hill-slope; a river-bank.; Personal name (Old Norse) Old Norse - Personal name",Watts; Cambridge Dictionary of English Place-names; A.D. Mills; Dictionary of English Place-Names; Smith; Place-names of the West Riding of Yorkshire; E. Ekwall; Dictionary of English Place-Names
Fenwick,'Fen specialised farm'.,"fenn Old English - A fen, a marsh, marshland.; wīc Old English - A dwelling; a building or collection of buildings for special purposes; a farm, a dairy farm; a trading or industrial settlement; or (in the plural) a hamlet, village.",Smith; Place-names of the West Riding of Yorkshire; A.D. Mills; Dictionary of English Place-Names; Watts; Cambridge Dictionary of English Place-names; E. Ekwall; Dictionary of English Place-Names
Ferrensby,"Probably, 'farm/settlement of the Faeroese'..","bȳ Old Norse - A farmstead, a village.; faereyingr Old Norse - A Faeroese.",Smith; Place-names of the West Riding of Yorkshire; Watts; Cambridge Dictionary of English Place-names; E. Ekwall; Dictionary of English Place-Names; A.D. Mills; Dictionary of English Place-Names
Ferry Fryston,'Frisians' farm/settlement'. The ferry is mentioned in Domesday Book.,"ferrye Middle English - A ferry.; Frīsa Old English - A Frisian, a native of Friesland and the Frisian Isles.; tūn Old English - An enclosure; a farmstead; a village; an estate.",Watts; Cambridge Dictionary of English Place-names; A.D. Mills; Dictionary of English Place-Names; Smith; Place-names of the West Riding of Yorkshire; E. Ekwall; Dictionary of English Place-Names
Fewston,'Fotr's farm/settlement' or 'Fot's farm/settlement'.,Personal name (Old English) Old English - Personal name; Personal name (Old Norse) Old Norse - Personal name; tūn Old English - An enclosure; a farmstead; a village; an estate.,Watts; Cambridge Dictionary of English Place-names; E. Ekwall; Dictionary of English Place-Names; Smith; Place-names of the West Riding of Yorkshire; A.D. Mills; Dictionary of English Place-Names
Firbeck,"Uncertain. 'Woodland stream' or perhaps, 'Frithi's stream'.","bekkr Old Norse - A stream, a beck.; fyrhð Old English - A wood; land overgrown with brushwood, scrub on the edge of forest.  (Uncertain); Personal name (Old Norse) Old Norse - Personal name",Smith; Place-names of the West Riding of Yorkshire; A.D. Mills; Dictionary of English Place-Names; Watts; Cambridge Dictionary of English Place-names; E. Ekwall; Dictionary of English Place-Names
Fishlake,'Fish stream'.,"fisc Old English - A fish.; lacu Old English - A small stream, a watercourse.",E. Ekwall; Dictionary of English Place-Names; Watts; Cambridge Dictionary of English Place-names; A.D. Mills; Dictionary of English Place-Names; Smith; Place-names of the West Riding of Yorkshire
Fixby,'Fech's farm/settlement'.,"bȳ Old Norse - A farmstead, a village.; Personal name (Old English) Old English - Personal name",Watts; Cambridge Dictionary of English Place-names; Smith; Place-names of the West Riding of Yorkshire; A.D. Mills; Dictionary of English Place-Names; E. Ekwall; Dictionary of English Place-Names
Flasby,'Flatr's farm/settlement'.,"bȳ Old Norse - A farmstead, a village.; Personal name (Old Norse) Old Norse - Personal name",Smith; Place-names of the West Riding of Yorkshire; E. Ekwall; Dictionary of English Place-Names; Watts; Cambridge Dictionary of English Place-names; A.D. Mills; Dictionary of English Place-Names
Flaxby,'Flatr's farmstead/village'.,"bȳ Old Norse - A farmstead, a village.; Personal name (Old English) Old English - Personal name",Watts; Cambridge Dictionary of English Place-names; E. Ekwall; Dictionary of English Place-Names; Smith; Place-names of the West Riding of Yorkshire; A.D. Mills; Dictionary of English Place-Names
Flockton,'Floki's farm/settlement'.,Personal name (Old Norse) Old Norse - Personal name; tūn Old English - An enclosure; a farmstead; a village; an estate.,Smith; Place-names of the West Riding of Yorkshire; Watts; Cambridge Dictionary of English Place-names; E. Ekwall; Dictionary of English Place-Names; A.D. Mills; Dictionary of English Place-Names
Fockerby,"'Folkvarthr's farm/settlement'. The personal name is actually an adaptation of the OGer personal name, Folcward (cf. Fockerby, Lincolnshire).","bȳ Old Norse - A farmstead, a village.; Personal name (Old Norse) Old Norse - Personal name",A.D. Mills; Dictionary of English Place-Names; E. Ekwall; Dictionary of English Place-Names; Watts; Cambridge Dictionary of English Place-names; Smith; Place-names of the West Riding of Yorkshire
Follifoot,'Horse fight'. Horse-fighting was a blood-sport practised by the Vikings.,"feoht Old English - A fight, the place of a fight.  (Sometimes used of so-called sports such as cock-fighting or horse-fighting.); fola Old English - A foal.",Watts; Cambridge Dictionary of English Place-names; A.D. Mills; Dictionary of English Place-Names; Smith; Place-names of the West Riding of Yorkshire; E. Ekwall; Dictionary of English Place-Names
Fountains Earth,"'Fountains' ground'. cf. Lindrick, Studley Royal and Fountains.","eorðe Old English - Earth, soil, ground; a plot of ground.; Place-name Unknown - Place-name",A.D. Mills; Dictionary of English Place-Names; Watts; Cambridge Dictionary of English Place-names; Smith; Place-names of the West Riding of Yorkshire; E. Ekwall; Dictionary of English Place-Names
Fulstone,'Fugol's farm/settlement'.,Personal name (Old English) Old English - Personal name; tūn Old English - An enclosure; a farmstead; a village; an estate.,E. Ekwall; Dictionary of English Place-Names; A.D. Mills; Dictionary of English Place-Names; Watts; Cambridge Dictionary of English Place-names; Smith; Place-names of the West Riding of Yorkshire
Garforth,"Either, 'ford at the triangle of land' or '*Gaera's ford'.","ford Old English - A ford.; gāra Old English - A gore, a triangular plot of ground, a point of land.       (Ultimately derived from OE gar, ""spear"", meaning a piece of ground shaped like the head of a spear.); Personal name (Old English) Old English - Personal name",E. Ekwall; Dictionary of English Place-Names; Watts; Cambridge Dictionary of English Place-names; A.D. Mills; Dictionary of English Place-Names; Smith; Place-names of the West Riding of Yorkshire
Gargrave,'Grove on a triangle of ground'.,"geiri Old Norse - A triangular plot of ground.; grāf Old English - A grove, a copse.",Smith; Place-names of the West Riding of Yorkshire; A.D. Mills; Dictionary of English Place-Names; Watts; Cambridge Dictionary of English Place-names; E. Ekwall; Dictionary of English Place-Names
Garsdale,'Garth's valley'.,dalr Old Norse - A valley.; Personal name (Old Norse) Old Norse - Personal name,Watts; Cambridge Dictionary of English Place-names; A.D. Mills; Dictionary of English Place-Names; E. Ekwall; Dictionary of English Place-Names; Smith; Place-names of the West Riding of Yorkshire
Garthorpe,'Gairulfr's outlying farm/settlement' or 'Gairulf's outlying farm/settlement'.,"Personal name (Old Norse) Old Norse - Personal name; Personal name (Uncertain) Unknown - Personal name; þorp Old Norse - A secondary settlement, a dependent outlying farmstead or hamlet.",Cameon et al.; Place-names of Lincolnshire; Watts; Cambridge Dictionary of English Place-names; A.D. Mills; Dictionary of English Place-Names; E. Ekwall; Dictionary of English Place-Names; Cameron; Dictionary of Lincolnshire Place-names
Gateforth,'Goat ford'.,ford Old English - A ford.; geit Old Norse - A goat.,Smith; Place-names of the West Riding of Yorkshire; E. Ekwall; Dictionary of English Place-Names; Watts; Cambridge Dictionary of English Place-names; A.D. Mills; Dictionary of English Place-Names
Giggleswick,'Gikel's specialised farm' or 'Gichel's specialised farm'.,"Personal name (Old English) Old English - Personal name; Personal name (Uncertain) Unknown - Personal name; wīc Old English - A dwelling; a building or collection of buildings for special purposes; a farm, a dairy farm; a trading or industrial settlement; or (in the plural) a hamlet, village.",Smith; Place-names of the West Riding of Yorkshire; Watts; Cambridge Dictionary of English Place-names; E. Ekwall; Dictionary of English Place-Names; A.D. Mills; Dictionary of English Place-Names
Gildersome,'At the guild-houses'.,gildi-hús Old Norse - A guild house.,Smith; Place-names of the West Riding of Yorkshire; Watts; Cambridge Dictionary of English Place-names; E. Ekwall; Dictionary of English Place-Names; A.D. Mills; Dictionary of English Place-Names
Gildingswells,"Probably, 'gushing spring/stream' although 'golden spring/stream' is also possible.","gildande Old English - Gushing.; gylden Old English - Golden (literally as to material or colour, figuratively as to richness or splendour or fertility).; wella Old English",Smith; Place-names of the West Riding of Yorkshire; E. Ekwall; Dictionary of English Place-Names; Watts; Cambridge Dictionary of English Place-names; A.D. Mills; Dictionary of English Place-Names
Gisburn,"Uncertain. Either, 'Gysla's stream', 'Gisli's stream' or 'gushing stream'.",burna Old English - A stream.; gysel Old English - A gushing of water.; Personal name (Old English) Old English - Personal name; Personal name (Old Norse) Old Norse - Personal name,Watts; Cambridge Dictionary of English Place-names; Smith; Place-names of the West Riding of Yorkshire; A.D. Mills; Dictionary of English Place-Names; E. Ekwall; Dictionary of English Place-Names
Gisburn Forest,Gisburn's forest.,"forest Middle English - A large tract of woodland, a forest.; Place-name Unknown - Place-name",Watts; Cambridge Dictionary of English Place-names; A.D. Mills; Dictionary of English Place-Names; Smith; Place-names of the West Riding of Yorkshire; E. Ekwall; Dictionary of English Place-Names
Givendale,"Either, '*Gythla's valley' or 'valley of *Gythla's people'.",-ingas Old English - The people of . . . ; the people called after . . .; dæl Old English; Personal name (Old English) Old English - Personal name,A.D. Mills; Dictionary of English Place-Names; E. Ekwall; Dictionary of English Place-Names; Smith; Place-names of the West Riding of Yorkshire; Watts; Cambridge Dictionary of English Place-names
Glass Houghton,'Hill-spur farm/settlement'. There was a glassworks here.,hōh Old English - A heel; a sharply projecting piece of ground.; tūn Old English - An enclosure; a farmstead; a village; an estate.,Smith; Place-names of the West Riding of Yorkshire; E. Ekwall; Dictionary of English Place-Names; Watts; Cambridge Dictionary of English Place-names; A.D. Mills; Dictionary of English Place-Names
Glusburn,'Gleaming stream'.,"brunnr Old Norse - A well, a spring.; gluss Old Norse - Bright, gleaming.",E. Ekwall; Dictionary of English Place-Names; Smith; Place-names of the West Riding of Yorkshire; A.D. Mills; Dictionary of English Place-Names; Watts; Cambridge Dictionary of English Place-names
Golcar,'Guthleikr's/Guthlaugr's shieling'.,"erg Old Norse - A shieling, a hill-pasture; a summer-pasture camp, a dairy or grazing out-station.; Personal name (Old Norse) Old Norse - Personal name",E. Ekwall; Dictionary of English Place-Names; Smith; Place-names of the West Riding of Yorkshire; A.D. Mills; Dictionary of English Place-Names; Watts; Cambridge Dictionary of English Place-names
Goldsborough,'Godel's fortification'.,burh Old English - A fortified place.; Personal name (Old English) Old English - Personal name,A.D. Mills; Dictionary of English Place-Names; E. Ekwall; Dictionary of English Place-Names; Smith; Place-names of the West Riding of Yorkshire; Watts; Cambridge Dictionary of English Place-names
Gomersal,'*Guthmaer's nook of land'.,"halh Old English - A nook of land; a small valley; dry ground in marsh; a piece of land projecting from, or detached from, the main area of its administrative unit.; Personal name (Old English) Old English - Personal name",Smith; Place-names of the West Riding of Yorkshire; A.D. Mills; Dictionary of English Place-Names; Watts; Cambridge Dictionary of English Place-names; E. Ekwall; Dictionary of English Place-Names
Goole,'Ditch'.,"goule Middle English - A ditch, a stream, a channel.",Smith; Place-names of the West Riding of Yorkshire; A.D. Mills; Dictionary of English Place-Names; Watts; Cambridge Dictionary of English Place-names; E. Ekwall; Dictionary of English Place-Names
Gowdall,'Marigold nook of land'.,"golde Old English - A marigold, a marsh marigold.; halh Old English - A nook of land; a small valley; dry ground in marsh; a piece of land projecting from, or detached from, the main area of its administrative unit.",A.D. Mills; Dictionary of English Place-Names; E. Ekwall; Dictionary of English Place-Names; Watts; Cambridge Dictionary of English Place-names; Smith; Place-names of the West Riding of Yorkshire
Grantley,'*Granta's wood/clearing'.,"lēah Old English - A forest, wood, glade, clearing; (later) a pasture, meadow.; Personal name (Old English) Old English - Personal name",E. Ekwall; Dictionary of English Place-Names; Smith; Place-names of the West Riding of Yorkshire; Watts; Cambridge Dictionary of English Place-names; A.D. Mills; Dictionary of English Place-Names
Grassington,'Grazing farm/settlement'.,"gærsing Old English - Grazing, pasture.; tūn Old English - An enclosure; a farmstead; a village; an estate.",A.D. Mills; Dictionary of English Place-Names; E. Ekwall; Dictionary of English Place-Names; Smith; Place-names of the West Riding of Yorkshire; Watts; Cambridge Dictionary of English Place-names
Greasbrough,"Either, 'grassy brook' or 'gravelly brook'.","brōc Old English - A brook, a stream.  (Used of a stream with a muddy bed and a visible sediment load.); gærsen Old English - Growing with grass.; grēosn Old English - Gravel, a pebble.",E. Ekwall; Dictionary of English Place-Names; A.D. Mills; Dictionary of English Place-Names; Smith; Place-names of the West Riding of Yorkshire; Watts; Cambridge Dictionary of English Place-names
Great and Little Horton,'Filthy farm/settlement'.,"horu Old English - Filth, dirt.; tūn Old English - An enclosure; a farmstead; a village; an estate.",Smith; Place-names of the West Riding of Yorkshire; A.D. Mills; Dictionary of English Place-Names; Watts; Cambridge Dictionary of English Place-names; E. Ekwall; Dictionary of English Place-Names
Great and Little Houghton,'Hill-spur farm/settlement'.,"hōh Old English - A heel; a sharply projecting piece of ground.; magna Latin - Big, great.; tūn Old English - An enclosure; a farmstead; a village; an estate.",E. Ekwall; Dictionary of English Place-Names; A.D. Mills; Dictionary of English Place-Names; Watts; Cambridge Dictionary of English Place-names; Smith; Place-names of the West Riding of Yorkshire
Great and Little Preston,'Priests' farm/settlement'.,"grēat Old English - Thick, stout, bulky, massive. Later meaning 'big in size'.; lȳtel Old English - Little, small.; prēost Old English - A priest.; tūn Old English - An enclosure; a farmstead; a village; an estate.",Watts; Cambridge Dictionary of English Place-names; Smith; Place-names of the West Riding of Yorkshire; A.D. Mills; Dictionary of English Place-Names; E. Ekwall; Dictionary of English Place-Names
Great and Little Ribston with Walshford,'Ribwort/hound's tongue stone'. 'Britons' ford'.,"ford Old English - A ford.; ribbe Old English - Ribwort, hound's tongue.; stān Old English - A stone, stone, rock.; walh Old English",Smith; Place-names of the West Riding of Yorkshire; A.D. Mills; Dictionary of English Place-Names; E. Ekwall; Dictionary of English Place-Names; Watts; Cambridge Dictionary of English Place-names
Great and Little Timble,"Uncertain. Given the village's situation on a hill and an early form, 'on Timbel' (ca. 1030) a topographical explanation seems most likely, perhaps derived from an OE *tymbel in the sense of a 'tumbling stream' or 'fall of land'.","tymbel Old English - 'That which falls' derived from OE, ON verbs tumbian, tumba, 'to tumble, to fall'.",E. Ekwall; Dictionary of English Place-Names; Smith; Place-names of the West Riding of Yorkshire; Watts; Cambridge Dictionary of English Place-names; A.D. Mills; Dictionary of English Place-Names
Great Mitton,"'Confluence farm/settlement'. 'Great' to distinguish from Little Mitton, Lancashire.","magna Latin - Big, great.; mȳðe Old English - The mouth of a river where it runs into another; a confluence of rivers.; tūn Old English - An enclosure; a farmstead; a village; an estate.",Watts; Cambridge Dictionary of English Place-names; A.D. Mills; Dictionary of English Place-Names; Smith; Place-names of the West Riding of Yorkshire; E. Ekwall; Dictionary of English Place-Names
Great Ouseburn,"'River Ouse stream'. 'Great' to distinguish from Little Ouseburn, Upper Claro Wapentake.","burna Old English - A stream.; magna Latin - Big, great.; River-name Unknown - River-name",Smith; Place-names of the West Riding of Yorkshire; Watts; Cambridge Dictionary of English Place-names; A.D. Mills; Dictionary of English Place-Names; E. Ekwall; Dictionary of English Place-Names
Great Ribston with Walshford,'Ribwort/hound's tongue stone'. The second element shows occasional influence of ON steinn. 'Britons' ford'.,"ford Old English - A ford.; magna Latin - Big, great.; ribbe Old English - Ribwort, hound's tongue.; stān Old English - A stone, stone, rock.; walh Old English",Smith; Place-names of the West Riding of Yorkshire; A.D. Mills; Dictionary of English Place-Names; Watts; Cambridge Dictionary of English Place-names; E. Ekwall; Dictionary of English Place-Names
Green Hammerton,"'Hammer farm/settlement'. The significance of the specific is unclear. It may refer to a place where hammers were made, a hammer-shaped topographical feature or represent a short form of a plant name, the hammer-sedge or hammer-wort. 'Green' to distinguis","grēne Old English - Green, grass-grown.; hamor Old English - A hammer; possibly also a hammer-shaped crag, a steep rock, a cliff (like the Old Norse cognate ""hamarr"").; tūn Old English - An enclosure; a farmstead; a village; an estate.",Smith; Place-names of the West Riding of Yorkshire; E. Ekwall; Dictionary of English Place-Names; Watts; Cambridge Dictionary of English Place-names; A.D. Mills; Dictionary of English Place-Names
Grewelthorpe,"'Outlying farm/settlement' with the later incorporation of the surname Gruel, which was often used as a nickname for a miller or baker.","Family name Unknown - Family name.; þorp Old Norse - A secondary settlement, a dependent outlying farmstead or hamlet.",A.D. Mills; Dictionary of English Place-Names; E. Ekwall; Dictionary of English Place-Names; Smith; Place-names of the West Riding of Yorkshire; Watts; Cambridge Dictionary of English Place-names
Grimston,'Grimr's farm/settlement.,Personal name (Old Norse) Old Norse - Personal name; tūn Old English - An enclosure; a farmstead; a village; an estate.,E. Ekwall; Dictionary of English Place-Names; Smith; Place-names of the West Riding of Yorkshire; A.D. Mills; Dictionary of English Place-Names; Watts; Cambridge Dictionary of English Place-names
Grindleton,'Farm/settlement at Grendling (= the gravelly stream)'.,-ing Old English - Place-name forming suffix.; grendel Old English - A gravelly place or stream.; tūn Old English - An enclosure; a farmstead; a village; an estate.,Watts; Cambridge Dictionary of English Place-names; A.D. Mills; Dictionary of English Place-Names; E. Ekwall; Dictionary of English Place-Names; Smith; Place-names of the West Riding of Yorkshire
Guiseley,'*Gislic's wood/clearing'. From the 15th century the form of the name was incorrectly taken to be the personal name Guy.,"lēah Old English - A forest, wood, glade, clearing; (later) a pasture, meadow.; Personal name (Old English) Old English - Personal name",A.D. Mills; Dictionary of English Place-Names; Smith; Place-names of the West Riding of Yorkshire; Watts; Cambridge Dictionary of English Place-names; E. Ekwall; Dictionary of English Place-Names
Gunthwaite,"'Gunhild's clearing', a feminine personal name.","Personal name (Old Norse) Old Norse - Personal name; þveit Old Norse - A clearing, a meadow, a paddock.",Smith; Place-names of the West Riding of Yorkshire; Watts; Cambridge Dictionary of English Place-names; E. Ekwall; Dictionary of English Place-Names; A.D. Mills; Dictionary of English Place-Names
Haldenby,'Haldan's farm/settlement'.,"bȳ Old Norse - A farmstead, a village.; Personal name (Old Norse) Old Norse - Personal name",Smith; Place-names of the West Riding of Yorkshire; E. Ekwall; Dictionary of English Place-Names; A.D. Mills; Dictionary of English Place-Names; Watts; Cambridge Dictionary of English Place-names
Halifax,"'Coarse-grass nook of land'. In the 16th century, the name was incorrectly interpreted as 'holy hair' from OE halig-feax by the antiquarian William Camden. He invented a story to go with it, of a young maiden who was murdered by a lustful priest when she","feax Old English - Hair; rough, coarse grass.; halh Old English - A nook of land; a small valley; dry ground in marsh; a piece of land projecting from, or detached from, the main area of its administrative unit.",A.D. Mills; Dictionary of English Place-Names; Watts; Cambridge Dictionary of English Place-names; Smith; Place-names of the West Riding of Yorkshire; E. Ekwall; Dictionary of English Place-Names
Halton East,'Nook of land farm/settlement'.,"halh Old English - A nook of land; a small valley; dry ground in marsh; a piece of land projecting from, or detached from, the main area of its administrative unit.; tūn Old English - An enclosure; a farmstead; a village; an estate.",Smith; Place-names of the West Riding of Yorkshire; A.D. Mills; Dictionary of English Place-Names; E. Ekwall; Dictionary of English Place-Names; Watts; Cambridge Dictionary of English Place-names
Halton Gill,'Nook of land farm/settlement'.,"halh Old English - A nook of land; a small valley; dry ground in marsh; a piece of land projecting from, or detached from, the main area of its administrative unit.; tūn Old English - An enclosure; a farmstead; a village; an estate.",Smith; Place-names of the West Riding of Yorkshire; Watts; Cambridge Dictionary of English Place-names; E. Ekwall; Dictionary of English Place-Names; A.D. Mills; Dictionary of English Place-Names
Halton West,'Nook of land farm/settlement'.,"halh Old English - A nook of land; a small valley; dry ground in marsh; a piece of land projecting from, or detached from, the main area of its administrative unit.; tūn Old English - An enclosure; a farmstead; a village; an estate.",Watts; Cambridge Dictionary of English Place-names; E. Ekwall; Dictionary of English Place-Names; Smith; Place-names of the West Riding of Yorkshire; A.D. Mills; Dictionary of English Place-Names
Hambleton,'Maimed hill farm/settlement'.,"hamol Old English - Maimed, mutilated; crooked, scarred, flat-topped, cut-off.; tūn Old English - An enclosure; a farmstead; a village; an estate.",E. Ekwall; Dictionary of English Place-Names; Watts; Cambridge Dictionary of English Place-names; A.D. Mills; Dictionary of English Place-Names; Smith; Place-names of the West Riding of Yorkshire
Hamphall Stubbs,'Tree-stumps'. The place-name 'Hampole' was added to distinguish from Stubbs Walden.,"Place-name Unknown - Place-name; stubb Old English - A stub, a tree-stump.",Smith; Place-names of the West Riding of Yorkshire; A.D. Mills; Dictionary of English Place-Names; Watts; Cambridge Dictionary of English Place-names; E. Ekwall; Dictionary of English Place-Names
Hampole,'*Hana's pool' or 'cock pool'.,hana Old English - A cock.; Personal name (Old English) Old English - Personal name; pōl Old English - A pool.,Watts; Cambridge Dictionary of English Place-names; A.D. Mills; Dictionary of English Place-Names; Smith; Place-names of the West Riding of Yorkshire; E. Ekwall; Dictionary of English Place-Names
Hampsthwaite,'Hamr's/Hamall's clearing'.,"Personal name (Old Norse) Old Norse - Personal name; þveit Old Norse - A clearing, a meadow, a paddock.",E. Ekwall; Dictionary of English Place-Names; A.D. Mills; Dictionary of English Place-Names; Smith; Place-names of the West Riding of Yorkshire; Watts; Cambridge Dictionary of English Place-names
Handsworth,"Probably, '*Hand's enclosure' although the exact form of the personal name is uncertain.",Personal name (Old English) Old English - Personal name; worð Old English - An enclosure.,Watts; Cambridge Dictionary of English Place-names; E. Ekwall; Dictionary of English Place-Names; Smith; Place-names of the West Riding of Yorkshire; A.D. Mills; Dictionary of English Place-Names
Hanlith,'Hagni's/Hogni's hill-side'.,"hlíð Old Norse - A slope, a hill-side.; Personal name (Old Norse) Old Norse - Personal name",E. Ekwall; Dictionary of English Place-Names; Smith; Place-names of the West Riding of Yorkshire; A.D. Mills; Dictionary of English Place-Names; Watts; Cambridge Dictionary of English Place-names
Harewood,"Probably, 'the grey wood'.","hær Old English - A rock, a heap of stones, a tumulus.; hār Old English - Grey, hoar, especially grey through being overgrown with lichen.; hara Old English - A hare.; wudu Old English - A wood; or wood, timber.",E. Ekwall; Dictionary of English Place-Names; Watts; Cambridge Dictionary of English Place-names; A.D. Mills; Dictionary of English Place-Names; Smith; Place-names of the West Riding of Yorkshire
Harthill,'Stag hill'.,"heorot Old English - A hart, a stag, a grown male deer.; hyll Old English - A hill, a natural eminence or elevated piece of ground.",Watts; Cambridge Dictionary of English Place-names; Smith; Place-names of the West Riding of Yorkshire; E. Ekwall; Dictionary of English Place-Names; A.D. Mills; Dictionary of English Place-Names
Hartlington,"Uncertain. 'Farm/settlement connected with *Heortla' or perhaps, 'farm/settlement at/called Hart Hill'.","-ing- Old English - Connective particle, linking a first element to a final element.; heorot Old English - A hart, a stag, a grown male deer.; Personal name (Old English) Old English - Personal name; tūn Old English - An enclosure; a farmstead; a village; an estate.",E. Ekwall; Dictionary of English Place-Names; Smith; Place-names of the West Riding of Yorkshire; Watts; Cambridge Dictionary of English Place-names; A.D. Mills; Dictionary of English Place-Names
Hartshead,'Stag's head'.,"hēafod Old English - A head; an end or source; headland in a field-system; a projecting piece of ground; a hill (often small).; heorot Old English - A hart, a stag, a grown male deer.",Watts; Cambridge Dictionary of English Place-names; E. Ekwall; Dictionary of English Place-Names; A.D. Mills; Dictionary of English Place-Names; Smith; Place-names of the West Riding of Yorkshire
Hartwith,'Hart wood'.,"heorot Old English - A hart, a stag, a grown male deer.; viðr Old Norse - A wood; or a tree, a tree-trunk.",Smith; Place-names of the West Riding of Yorkshire; Watts; Cambridge Dictionary of English Place-names; A.D. Mills; Dictionary of English Place-Names; E. Ekwall; Dictionary of English Place-Names
Hatfield,'Heath open land'.,"feld Old English - Open country, unencumbered ground (eg. land without trees as opposed to forest, level ground as opposed to hills, land without buildings); arable land (from late tenth century).; hǣð Old English - Heather; a tract of uncultivated land.",Smith; Place-names of the West Riding of Yorkshire; E. Ekwall; Dictionary of English Place-Names; Watts; Cambridge Dictionary of English Place-names; A.D. Mills; Dictionary of English Place-Names
Haverah Park,'Enclosure nook of land'.,"hæg Old English - A fence, an enclosure.; park Middle English - An enclosed tract of land for beasts of the chase.; vrá Old Norse - A nook, a corner of land.",E. Ekwall; Dictionary of English Place-Names; A.D. Mills; Dictionary of English Place-Names; Watts; Cambridge Dictionary of English Place-names; Smith; Place-names of the West Riding of Yorkshire
Havercroft with Cold Hiendley,"Uncertain. Either, 'he-goat small enclosure' or 'oat small enclosure'. 'Hind wood/clearing'. 'Cold' to distinguish from South Hiendley.","cald Old English; croft Old English - A small enclosed field.; hæfer Old English - A he-goat.; hæfera Old English - Oats.; hafr Old Norse - A he-goat.; hafri Old Norse - Oats.; hind Old English - A hind, the female of the deer.; lēah Old English - A forest, wood, glade, clearing; (later) a pasture, meadow.",A.D. Mills; Dictionary of English Place-Names; Watts; Cambridge Dictionary of English Place-names; E. Ekwall; Dictionary of English Place-Names; Smith; Place-names of the West Riding of Yorkshire
Hawkswick,'Haukr's specialised farm'.,"Personal name (Old Norse) Old Norse - Personal name; wīc Old English - A dwelling; a building or collection of buildings for special purposes; a farm, a dairy farm; a trading or industrial settlement; or (in the plural) a hamlet, village.",Smith; Place-names of the West Riding of Yorkshire; A.D. Mills; Dictionary of English Place-Names; E. Ekwall; Dictionary of English Place-Names; Watts; Cambridge Dictionary of English Place-names
Hawksworth,'Hoc's enclosure'.,Personal name (Old English) Old English - Personal name; worð Old English - An enclosure.,Smith; Place-names of the West Riding of Yorkshire; E. Ekwall; Dictionary of English Place-Names; A.D. Mills; Dictionary of English Place-Names; Watts; Cambridge Dictionary of English Place-names
Haworth,'Hedge enclosure'.,"haga Old English - A hedge; an enclosure; later a messuage, property.; worð Old English - An enclosure.",A.D. Mills; Dictionary of English Place-Names; Watts; Cambridge Dictionary of English Place-names; Smith; Place-names of the West Riding of Yorkshire
Hazlewood,'Hazel-tree wood'.,"hæsel Old English - A hazel-tree.; wudu Old English - A wood; or wood, timber.",E. Ekwall; Dictionary of English Place-Names; Watts; Cambridge Dictionary of English Place-names; Smith; Place-names of the West Riding of Yorkshire; A.D. Mills; Dictionary of English Place-Names
Headingley,'Wood/clearing of Headda's people'.,"-ingas Old English - The people of . . . ; the people called after . . .; lēah Old English - A forest, wood, glade, clearing; (later) a pasture, meadow.; Personal name (Old English) Old English - Personal name",E. Ekwall; Dictionary of English Place-Names; Watts; Cambridge Dictionary of English Place-names; A.D. Mills; Dictionary of English Place-Names; Smith; Place-names of the West Riding of Yorkshire
Healaugh,'High wood/clearing'.,"hēah Old English - A high place, a height.; lēah Old English - A forest, wood, glade, clearing; (later) a pasture, meadow.",A.D. Mills; Dictionary of English Place-Names; Watts; Cambridge Dictionary of English Place-names; Smith; Place-names of the West Riding of Yorkshire; E. Ekwall; Dictionary of English Place-Names
Heaton,'High farm/settlement'.,"hēah Old English - A high place, a height.; tūn Old English - An enclosure; a farmstead; a village; an estate.",A.D. Mills; Dictionary of English Place-Names; E. Ekwall; Dictionary of English Place-Names; Smith; Place-names of the West Riding of Yorkshire; Watts; Cambridge Dictionary of English Place-names
Hebden,"Either, 'rose-hip valley' or 'bramble valley'.","denu Old English - A valley.; hēopa Old English - The dog rose, a bramble.; hēope Old English - The fruit of the wild rose, a hip.",A.D. Mills; Dictionary of English Place-Names; Watts; Cambridge Dictionary of English Place-names; E. Ekwall; Dictionary of English Place-Names; Smith; Place-names of the West Riding of Yorkshire
Heck,'Hatch'.,"hæcc Old English - A hatch, a grating, a half-gate, a gate; a sluice-gate.",A.D. Mills; Dictionary of English Place-Names; Smith; Place-names of the West Riding of Yorkshire; Watts; Cambridge Dictionary of English Place-names; E. Ekwall; Dictionary of English Place-Names
Heckmondwike,'Heahmund's specialised farm'.,"Personal name (Old English) Old English - Personal name; wīc Old English - A dwelling; a building or collection of buildings for special purposes; a farm, a dairy farm; a trading or industrial settlement; or (in the plural) a hamlet, village.",Smith; Place-names of the West Riding of Yorkshire; A.D. Mills; Dictionary of English Place-Names; E. Ekwall; Dictionary of English Place-Names; Watts; Cambridge Dictionary of English Place-names
Hellifield,'Helgi's open land'.,"feld Old English - Open country, unencumbered ground (eg. land without trees as opposed to forest, level ground as opposed to hills, land without buildings); arable land (from late tenth century).; Personal name (Old Norse) Old Norse - Personal name",E. Ekwall; Dictionary of English Place-Names; Watts; Cambridge Dictionary of English Place-names; A.D. Mills; Dictionary of English Place-Names; Smith; Place-names of the West Riding of Yorkshire
Hemsworth,'*Hymel's enclosure'.,Personal name (Old English) Old English - Personal name; worð Old English - An enclosure.,Smith; Place-names of the West Riding of Yorkshire; A.D. Mills; Dictionary of English Place-Names; E. Ekwall; Dictionary of English Place-Names; Watts; Cambridge Dictionary of English Place-names
Hensall,'*Hethin's nook of land' or 'Hethinn's nook of land'.,"halh Old English - A nook of land; a small valley; dry ground in marsh; a piece of land projecting from, or detached from, the main area of its administrative unit.; Personal name (Old English) Old English - Personal name; Personal name (Old Norse) Old Norse - Personal name",Watts; Cambridge Dictionary of English Place-names; Smith; Place-names of the West Riding of Yorkshire; E. Ekwall; Dictionary of English Place-Names; A.D. Mills; Dictionary of English Place-Names
Heptonstall,"Perhaps either, 'rosehip farmstead' or 'dog-rose farmstead'. Alternatively, 'River Hebden farmstead'.","hēopa Old English - The dog rose, a bramble.; hēope Old English - The fruit of the wild rose, a hip.; River-name Unknown - River-name; tūn-stall Old English - The site of a farm, a farmstead.",E. Ekwall; Dictionary of English Place-Names; A.D. Mills; Dictionary of English Place-Names; Smith; Place-names of the West Riding of Yorkshire; Watts; Cambridge Dictionary of English Place-names
Hepworth,'*Heppa's enclosure'.,Personal name (Old English) Old English - Personal name; worð Old English - An enclosure.,Smith; Place-names of the West Riding of Yorkshire; Watts; Cambridge Dictionary of English Place-names; A.D. Mills; Dictionary of English Place-Names; E. Ekwall; Dictionary of English Place-Names
Hessay,'Hazel-tree island'. The name was influenced by ON hesli.,"ēg Old English - An island.  In ancient settlement-names, most frequently refers to dry ground surrounded by marsh.  Also used of islands in modern sense.  In late OE names: well-watered land.; hæsel Old English - A hazel-tree.",A.D. Mills; Dictionary of English Place-Names; Smith; Place-names of the West Riding of Yorkshire; Watts; Cambridge Dictionary of English Place-names; E. Ekwall; Dictionary of English Place-Names
Hessle,'Hazel-tree'. Spellings show influence of ON hesli.,hæsel Old English - A hazel-tree.,Watts; Cambridge Dictionary of English Place-names; Smith; Place-names of the West Riding of Yorkshire; E. Ekwall; Dictionary of English Place-Names; A.D. Mills; Dictionary of English Place-Names
Hetton,'Heath farm/settlement'.,hǣð Old English - Heather; a tract of uncultivated land.; tūn Old English - An enclosure; a farmstead; a village; an estate.,E. Ekwall; Dictionary of English Place-Names; Watts; Cambridge Dictionary of English Place-names; Smith; Place-names of the West Riding of Yorkshire; A.D. Mills; Dictionary of English Place-Names
Heworth,'High enclosure'.,"hēah Old English - A high place, a height.; worð Old English - An enclosure.",Smith; Place-Names of the North Riding of Yorkshire; Watts; Cambridge Dictionary of English Place-names; A.D. Mills; Dictionary of English Place-Names; E. Ekwall; Dictionary of English Place-Names
Hickleton,"'Woodpecker farm/settlement' or perhaps, '*Hicel's farm/settlement'.",hicol Old English - A woodpecker.; Personal name (Old English) Old English - Personal name; tūn Old English - An enclosure; a farmstead; a village; an estate.,A.D. Mills; Dictionary of English Place-Names; Watts; Cambridge Dictionary of English Place-names; Smith; Place-names of the West Riding of Yorkshire; E. Ekwall; Dictionary of English Place-Names
High and Low Bishopside,'Bishop's hill-side'.,biscop Old English - A bishop.; sīde Old English - A side; a long hill-slope.,E. Ekwall; Dictionary of English Place-Names; A.D. Mills; Dictionary of English Place-Names; Smith; Place-names of the West Riding of Yorkshire; Watts; Cambridge Dictionary of English Place-names
High Hoyland,'Hill-spur land'. 'High' to distinguish from other Hoylands.,hōh Old English - A heel; a sharply projecting piece of ground.; tūn Old English - An enclosure; a farmstead; a village; an estate.,Smith; Place-names of the West Riding of Yorkshire; Watts; Cambridge Dictionary of English Place-names; A.D. Mills; Dictionary of English Place-Names; E. Ekwall; Dictionary of English Place-Names
High Melton,'Middle farm/settlement'. The OE first element was later replaced by ON methal with the same meaning.,middel Old English - Middle.; tūn Old English - An enclosure; a farmstead; a village; an estate.,Watts; Cambridge Dictionary of English Place-names; A.D. Mills; Dictionary of English Place-Names; Smith; Place-names of the West Riding of Yorkshire; E. Ekwall; Dictionary of English Place-Names
Hillam,'At the hills'.,"hyll Old English - A hill, a natural eminence or elevated piece of ground.",A.D. Mills; Dictionary of English Place-Names; Watts; Cambridge Dictionary of English Place-names; Smith; Place-names of the West Riding of Yorkshire; E. Ekwall; Dictionary of English Place-Names
Hipperholme,'At the osiers'.,hyper Old English - An osier.,Watts; Cambridge Dictionary of English Place-names; E. Ekwall; Dictionary of English Place-Names; A.D. Mills; Dictionary of English Place-Names; Smith; Place-names of the West Riding of Yorkshire
Hirst Courtney,'Wooded hill'. It was held by the Courtney family in 1235 and 1303.,Family name Unknown - Family name.; hyrst Old English - A wooded hill.,E. Ekwall; Dictionary of English Place-Names; Smith; Place-names of the West Riding of Yorkshire; A.D. Mills; Dictionary of English Place-Names; Watts; Cambridge Dictionary of English Place-names
Holbeck,'Hollow stream'. The name has been Scandanavianised.,"bæc Old English - A back; used topographically of a ridge, varying from a low ridge in marshy ground to a steep escarpment.; hol Old English - A hole, a hollow.",E. Ekwall; Dictionary of English Place-Names; Smith; Place-names of the West Riding of Yorkshire; Watts; Cambridge Dictionary of English Place-names; A.D. Mills; Dictionary of English Place-Names
Holme,'Holly-tree'.,holegn Old English - Holly.,Watts; Cambridge Dictionary of English Place-names; E. Ekwall; Dictionary of English Place-Names; Smith; Place-names of the West Riding of Yorkshire; A.D. Mills; Dictionary of English Place-Names
Honley,"Uncertain. 'Cock wood/clearing', 'Hana's wood/clearing' or perhaps, 'stone wood/clearing'.","hān Old English - A hone, a stone, a boundary-stone, a rock.; hana Old English - A cock.; lēah Old English - A forest, wood, glade, clearing; (later) a pasture, meadow.; Personal name (Old English) Old English - Personal name",E. Ekwall; Dictionary of English Place-Names; A.D. Mills; Dictionary of English Place-Names; Watts; Cambridge Dictionary of English Place-names; Smith; Place-names of the West Riding of Yorkshire
Hooton Levitt,'Hill-spur farm/settlement'. It was held by the Levitt family in the 13th and 14th centuries.,Family name Unknown - Family name.; hōh Old English - A heel; a sharply projecting piece of ground.; tūn Old English - An enclosure; a farmstead; a village; an estate.,A.D. Mills; Dictionary of English Place-Names; Watts; Cambridge Dictionary of English Place-names; E. Ekwall; Dictionary of English Place-Names; Smith; Place-names of the West Riding of Yorkshire
Hooton Pagnell,'Hill-spur farm/settlement'. It was held by the Painel family from the late 11th century.,Family name Unknown - Family name.; hōh Old English - A heel; a sharply projecting piece of ground.; tūn Old English - An enclosure; a farmstead; a village; an estate.,Smith; Place-names of the West Riding of Yorkshire; Watts; Cambridge Dictionary of English Place-names; A.D. Mills; Dictionary of English Place-Names; E. Ekwall; Dictionary of English Place-Names
Hooton Roberts,"'Hill-spur farm/settlement'. The name 'Robert' is either after Robert, son of William (1226) or from Robertus filius Willelmi de Hoton (1285).",hōh Old English - A heel; a sharply projecting piece of ground.; Personal name (Uncertain) Unknown - Personal name; tūn Old English - An enclosure; a farmstead; a village; an estate.,A.D. Mills; Dictionary of English Place-Names; E. Ekwall; Dictionary of English Place-Names; Smith; Place-names of the West Riding of Yorkshire; Watts; Cambridge Dictionary of English Place-names
Horbury,'Filthy fortification'.,"burh Old English - A fortified place.; horu Old English - Filth, dirt.",Watts; Cambridge Dictionary of English Place-names; Smith; Place-names of the West Riding of Yorkshire; A.D. Mills; Dictionary of English Place-Names; E. Ekwall; Dictionary of English Place-Names
Horsforth,'Horse ford'.,ford Old English - A ford.; hors Old English - A horse.,Watts; Cambridge Dictionary of English Place-names; E. Ekwall; Dictionary of English Place-Names; Smith; Place-names of the West Riding of Yorkshire; A.D. Mills; Dictionary of English Place-Names
Horton,'Filthy farm/settlement'.,"horu Old English - Filth, dirt.; tūn Old English - An enclosure; a farmstead; a village; an estate.",Smith; Place-names of the West Riding of Yorkshire; A.D. Mills; Dictionary of English Place-Names; E. Ekwall; Dictionary of English Place-Names; Watts; Cambridge Dictionary of English Place-names
Horton in Ribblesdale,'Filthy farm/settlement',"horu Old English - Filth, dirt.; tūn Old English - An enclosure; a farmstead; a village; an estate.",A.D. Mills; Dictionary of English Place-Names; Smith; Place-names of the West Riding of Yorkshire; Watts; Cambridge Dictionary of English Place-names; E. Ekwall; Dictionary of English Place-Names
Hoyland Swaine,"'Hill-spur land'. 'Sveinn' was the name of two possible tenants, Swein (son of Ailric) who died in 1129 and Swane de Hoiland who witnessed a deed (1189-1200).",hōh Old English - A heel; a sharply projecting piece of ground.; land Old English - Land (as part of earth's surface); an estate; possibly also new arable area.  In minor and field names: strip in a field-system.; Personal name (Uncertain) Unknown - Personal name,Watts; Cambridge Dictionary of English Place-names; Smith; Place-names of the West Riding of Yorkshire; A.D. Mills; Dictionary of English Place-Names; E. Ekwall; Dictionary of English Place-Names
Huddersfield,"Uncertain. '*Hudraed's open land' or perhaps, 'shelter open land'.","feld Old English - Open country, unencumbered ground (eg. land without trees as opposed to forest, level ground as opposed to hills, land without buildings); arable land (from late tenth century).; hōd Old English - A hood; topographically a hood-shaped hill.; Personal name (Old English) Old English - Personal name",Watts; Cambridge Dictionary of English Place-names; A.D. Mills; Dictionary of English Place-Names; Smith; Place-names of the West Riding of Yorkshire; E. Ekwall; Dictionary of English Place-Names
Huddleston cum Lumby,'Hudel's farm/settlement'. 'Grove farm/settlement'.,"bȳ Old Norse - A farmstead, a village.; lundr Old Norse - A small wood.; Personal name (Old English) Old English - Personal name; tūn Old English - An enclosure; a farmstead; a village; an estate.",E. Ekwall; Dictionary of English Place-Names; A.D. Mills; Dictionary of English Place-Names; Watts; Cambridge Dictionary of English Place-names; Smith; Place-names of the West Riding of Yorkshire
Hunshelf,'Hun's shelf'.,"Personal name (Old English) Old English - Personal name; scelf Old English - A shelf, a shelving terrain; a pinnacle, battlement.",E. Ekwall; Dictionary of English Place-Names; Smith; Place-names of the West Riding of Yorkshire; A.D. Mills; Dictionary of English Place-Names; Watts; Cambridge Dictionary of English Place-names
Hunsingore,"Either, 'ridge connected with Hunsige' or 'ridge at Hunsige's place'.","-ing Old English - Place-name forming suffix.; -ing- Old English - Connective particle, linking a first element to a final element.; ōfer Old English - A margin; a river-bank, sea-shore.; Personal name (Old English) Old English - Personal name",Smith; Place-names of the West Riding of Yorkshire; E. Ekwall; Dictionary of English Place-Names; Watts; Cambridge Dictionary of English Place-names; A.D. Mills; Dictionary of English Place-Names
Hunslet,'Hun's stream'.,"flēot Old English - An estuary, an inlet of the sea, a small stream.; Personal name (Old English) Old English - Personal name",Watts; Cambridge Dictionary of English Place-names; E. Ekwall; Dictionary of English Place-Names; Smith; Place-names of the West Riding of Yorkshire; A.D. Mills; Dictionary of English Place-Names
Hunsworth,'Hund's enclosure'.,Personal name (Old English) Old English - Personal name; worð Old English - An enclosure.,Watts; Cambridge Dictionary of English Place-names; Smith; Place-names of the West Riding of Yorkshire; A.D. Mills; Dictionary of English Place-Names; E. Ekwall; Dictionary of English Place-Names
Huntwick,'Huna's specialised farm'.,"Personal name (Old English) Old English - Personal name; wīc Old English - A dwelling; a building or collection of buildings for special purposes; a farm, a dairy farm; a trading or industrial settlement; or (in the plural) a hamlet, village.",E. Ekwall; Dictionary of English Place-Names; Smith; Place-names of the West Riding of Yorkshire; A.D. Mills; Dictionary of English Place-Names; Watts; Cambridge Dictionary of English Place-names
Hutton Wandesley,Originally two separate places: 'Hill-spur farm/settlement' and '*Wand's/Wandel's wood/clearing'.,"hōh Old English - A heel; a sharply projecting piece of ground.; lēah Old English - A forest, wood, glade, clearing; (later) a pasture, meadow.; Personal name (Old English) Old English - Personal name; tūn Old English - An enclosure; a farmstead; a village; an estate.",E. Ekwall; Dictionary of English Place-Names; Smith; Place-names of the West Riding of Yorkshire; Watts; Cambridge Dictionary of English Place-names; A.D. Mills; Dictionary of English Place-Names
Idle,"'Idle', perhaps in the sense 'uncultivated'.","īdel Old English - Empty, vacant, useless. (Sometimes used of useless, uncultivated land.)",Watts; Cambridge Dictionary of English Place-names; E. Ekwall; Dictionary of English Place-Names; Smith; Place-names of the West Riding of Yorkshire; A.D. Mills; Dictionary of English Place-Names
Ilkley,"'*Yllica's/*Illica's wood/clearing'. It has long been identified with Ptolemy's Olicana, but it has been suggested that the Roman fort at Ilkeley was actually Verbeia, taken from the name of the goddess of the River Wharfe. The name was taken by Scandinav","lēah Old English - A forest, wood, glade, clearing; (later) a pasture, meadow.; Personal name (Old English) Old English - Personal name",Smith; Place-names of the West Riding of Yorkshire; Watts; Cambridge Dictionary of English Place-names; Rivet & Smith; Place-names of Roman Britain; E. Ekwall; Dictionary of English Place-Names; A.D. Mills; Dictionary of English Place-Names
Ingbirchworth,"'Birch-tree enclosure', with the later addition of 'meadow'.","birce Old English; eng Old Norse - A meadow, pasture.; worð Old English - An enclosure.",Watts; Cambridge Dictionary of English Place-names; A.D. Mills; Dictionary of English Place-Names; E. Ekwall; Dictionary of English Place-Names; Smith; Place-names of the West Riding of Yorkshire
Ingerthorpe,"'Ingrid's outlying farm/settlement', feminine personal name.","Personal name (Old Norse) Old Norse - Personal name; þorp Old Norse - A secondary settlement, a dependent outlying farmstead or hamlet.",E. Ekwall; Dictionary of English Place-Names; Watts; Cambridge Dictionary of English Place-names; Smith; Place-names of the West Riding of Yorkshire; A.D. Mills; Dictionary of English Place-Names
Ingleton,'Peak farm/settlement'.,ingel Old English - A peak.; tūn Old English - An enclosure; a farmstead; a village; an estate.,Smith; Place-names of the West Riding of Yorkshire; A.D. Mills; Dictionary of English Place-Names; Watts; Cambridge Dictionary of English Place-names; E. Ekwall; Dictionary of English Place-Names
Kearby with Netherby,'Kere's farm/settlement.,"bȳ Old Norse - A farmstead, a village.; Personal name (Old Norse) Old Norse - Personal name",E. Ekwall; Dictionary of English Place-Names; A.D. Mills; Dictionary of English Place-Names; Smith; Place-names of the West Riding of Yorkshire; Watts; Cambridge Dictionary of English Place-names
Keighley,'*Cyhha's wood/clearing'.,"lēah Old English - A forest, wood, glade, clearing; (later) a pasture, meadow.; Personal name (Old English) Old English - Personal name",E. Ekwall; Dictionary of English Place-Names; Watts; Cambridge Dictionary of English Place-names; Smith; Place-names of the West Riding of Yorkshire; A.D. Mills; Dictionary of English Place-Names
Kellington,'Farm/settlement connected with Ceolla'.,"-ingtūn Old English - A settlement called after, or connected with . . .; Personal name (Old English) Old English - Personal name",Watts; Cambridge Dictionary of English Place-names; A.D. Mills; Dictionary of English Place-Names; Smith; Place-names of the West Riding of Yorkshire; E. Ekwall; Dictionary of English Place-Names
Kettlewell,'Deep valley spring/stream'. The initial K- is due to ON influence.,cetel Old English; wella Old English,A.D. Mills; Dictionary of English Place-Names; Smith; Place-names of the West Riding of Yorkshire; Watts; Cambridge Dictionary of English Place-names; E. Ekwall; Dictionary of English Place-Names
Kexbrough,'Keptr's fortification'.,burh Old English - A fortified place.; Personal name (Old Norse) Old Norse - Personal name,Smith; Place-names of the West Riding of Yorkshire; E. Ekwall; Dictionary of English Place-Names; A.D. Mills; Dictionary of English Place-Names; Watts; Cambridge Dictionary of English Place-names
Kildwick,'Children's specialised farm'.,"cild Old English - A child, a young person, a boy, a son.; wīc Old English - A dwelling; a building or collection of buildings for special purposes; a farm, a dairy farm; a trading or industrial settlement; or (in the plural) a hamlet, village.",Smith; Place-names of the West Riding of Yorkshire; E. Ekwall; Dictionary of English Place-Names; Watts; Cambridge Dictionary of English Place-names; A.D. Mills; Dictionary of English Place-Names
Killinghall,"Possibly, 'nook of land of *Cylla's people' but perhaps more likely is 'nook of land connected with *Cylla' or 'nook of land at *Cylla's place'.","-ing Old English - Place-name forming suffix.; -ing- Old English - Connective particle, linking a first element to a final element.; -ingas Old English - The people of . . . ; the people called after . . .; halh Old English - A nook of land; a small valley; dry ground in marsh; a piece of land projecting from, or detached from, the main area of its administrative unit.; Personal name (Old English) Old English - Personal name",Smith; Place-names of the West Riding of Yorkshire; E. Ekwall; Dictionary of English Place-Names; Watts; Cambridge Dictionary of English Place-names; A.D. Mills; Dictionary of English Place-Names
Kimberworth,"Perhaps, 'Cyneburg's enclosure', a feminine personal name.",Personal name (Old English) Old English - Personal name; worð Old English - An enclosure.,A.D. Mills; Dictionary of English Place-Names; Smith; Place-names of the West Riding of Yorkshire; E. Ekwall; Dictionary of English Place-Names; Watts; Cambridge Dictionary of English Place-names
Kippax,'*Cippa's/*Cyppa's ash-tree'. The OE second element was later replaced by ON askr.,æsc Old English; Personal name (Old English) Old English - Personal name,E. Ekwall; Dictionary of English Place-Names; A.D. Mills; Dictionary of English Place-Names; Watts; Cambridge Dictionary of English Place-names; Smith; Place-names of the West Riding of Yorkshire
Kirby Hall,'Church farm/settlement'.,kirkju-býr Old Norse - A village with a church.,A.D. Mills; Dictionary of English Place-Names; E. Ekwall; Dictionary of English Place-Names; Smith; Place-names of the West Riding of Yorkshire; Watts; Cambridge Dictionary of English Place-names
Kirk Bramwith,"'Broom wood' with the later addition of 'church'. The range of spellings indicated that the original generic was OE wudu, 'wood', later replaced by ON vithr and subsequent confusion with OE wic, 'specialised farm' and ON thveit, 'clearing' (cf. Skipwith,","brōm Old English - Broom; a thorny bush or shrub.; kirkja Old Norse - A church.; wudu Old English - A wood; or wood, timber.",A.D. Mills; Dictionary of English Place-Names; E. Ekwall; Dictionary of English Place-Names; Smith; Place-names of the West Riding of Yorkshire; Watts; Cambridge Dictionary of English Place-names
Kirk Deighton,'Ditch farm/settlement' with the later addition of 'church'.,"dīc Old English - A ditch, usually an excavated trench, either defensive or for drainage of water.; kirkja Old Norse - A church.; tūn Old English - An enclosure; a farmstead; a village; an estate.",E. Ekwall; Dictionary of English Place-Names; Watts; Cambridge Dictionary of English Place-names; Smith; Place-names of the West Riding of Yorkshire; A.D. Mills; Dictionary of English Place-Names
Kirk Hammerton,"'Hammer farm/settlement'. The significance of the specific is unclear. It may refer to a place where hammers were made, a hammer-shaped topographical feature or represent a short form of a plant name, the hammer-sedge or hammer-wort. 'Church' to distingui","hamor Old English - A hammer; possibly also a hammer-shaped crag, a steep rock, a cliff (like the Old Norse cognate ""hamarr"").; kirkja Old Norse - A church.; tūn Old English - An enclosure; a farmstead; a village; an estate.",A.D. Mills; Dictionary of English Place-Names; Smith; Place-names of the West Riding of Yorkshire; Watts; Cambridge Dictionary of English Place-names; E. Ekwall; Dictionary of English Place-Names
Kirk Sandall,'Sandy nook of land' with a 'church'.,"halh Old English - A nook of land; a small valley; dry ground in marsh; a piece of land projecting from, or detached from, the main area of its administrative unit.; kirkja Old Norse - A church.; sand Old English - Sand.",A.D. Mills; Dictionary of English Place-Names; Watts; Cambridge Dictionary of English Place-names; Smith; Place-names of the West Riding of Yorkshire; E. Ekwall; Dictionary of English Place-Names
Kirk Smeaton,'Smiths' farm/settlement' with the later addition of 'church' to distinguish from Little Smeaton.,"kirkja Old Norse - A church.; smið Old English - A smith, a worker in metal.; tūn Old English - An enclosure; a farmstead; a village; an estate.",Watts; Cambridge Dictionary of English Place-names; A.D. Mills; Dictionary of English Place-Names; Smith; Place-names of the West Riding of Yorkshire; E. Ekwall; Dictionary of English Place-Names
Kirkburton,'Fortification farm/settlement' with the later addition of 'church'.,"burh-tūn Old English - A fort enclosure; a farm with a palisade; a farm at, or belonging to, or which is, a fortification, fortified house, or manorhouse.; kirkja Old Norse - A church.",A.D. Mills; Dictionary of English Place-Names; Smith; Place-names of the West Riding of Yorkshire; Watts; Cambridge Dictionary of English Place-names; E. Ekwall; Dictionary of English Place-Names
Kirkby Malham,"'Church farm/settlement' disintguished by the place-name Malham: possibly, 'at the gravelly/stony places'. cf. Malham and Malham Moor.","kirkju-býr Old Norse - A village with a church.; malgi Old Norse - Perhaps: a gravelly or stony place. (Very uncertain.); melr Old Norse - A sand-bank, a sand-hill.",Smith; Place-names of the West Riding of Yorkshire; A.D. Mills; Dictionary of English Place-Names; Watts; Cambridge Dictionary of English Place-names; E. Ekwall; Dictionary of English Place-Names
Kirkby Malzeard,"'Church farm/settlement'. It is distinguished by an old place-name, Mal-assart, OFr for 'bad clearing'.",kirkju-býr Old Norse - A village with a church.; Place-name Unknown - Place-name,E. Ekwall; Dictionary of English Place-Names; Watts; Cambridge Dictionary of English Place-names; Smith; Place-names of the West Riding of Yorkshire; A.D. Mills; Dictionary of English Place-Names
Kirkby Overblow,"'Church farm/settlement'. 'Ore-blower', a smelter, refers to what was a common activity in the area.","kirkju-býr Old Norse - A village with a church.; ōr-blāwere Old English - An ore-blower, a smelter.",Watts; Cambridge Dictionary of English Place-names; E. Ekwall; Dictionary of English Place-Names; Smith; Place-names of the West Riding of Yorkshire; A.D. Mills; Dictionary of English Place-Names
Kirkby Wharfe & North Milford,'Church farm/settlement' on the River Wharfe. 'Mill ford'. 'North' to distinguish from South Milford.,ford Old English - A ford.; kirkju-býr Old Norse - A village with a church.; myln Old English - A mill.; River-name Unknown - River-name,E. Ekwall; Dictionary of English Place-Names; Watts; Cambridge Dictionary of English Place-names; Smith; Place-names of the West Riding of Yorkshire; A.D. Mills; Dictionary of English Place-Names
Kirkheaton,'High farm/settlement' with the later addition of 'church'.,"hēah Old English - A high place, a height.; kirkja Old Norse - A church.; tūn Old English - An enclosure; a farmstead; a village; an estate.",E. Ekwall; Dictionary of English Place-Names; Watts; Cambridge Dictionary of English Place-names; Smith; Place-names of the West Riding of Yorkshire; A.D. Mills; Dictionary of English Place-Names
Knaresborough,'Cenhear's fortification'.,burh Old English - A fortified place.; Personal name (Old English) Old English - Personal name,Watts; Cambridge Dictionary of English Place-names; A.D. Mills; Dictionary of English Place-Names; E. Ekwall; Dictionary of English Place-Names; Smith; Place-names of the West Riding of Yorkshire
Knottingley,'Wood/clearing of *Cnotta's people'.,"-ingas Old English - The people of . . . ; the people called after . . .; lēah Old English - A forest, wood, glade, clearing; (later) a pasture, meadow.; Personal name (Old English) Old English - Personal name",A.D. Mills; Dictionary of English Place-Names; E. Ekwall; Dictionary of English Place-Names; Watts; Cambridge Dictionary of English Place-names; Smith; Place-names of the West Riding of Yorkshire
Langcliffe,'Long cliff'.,"clif Old English - An escarpment, a hill-slope; a river-bank.; lang Old English - Long, tall.",E. Ekwall; Dictionary of English Place-Names; Watts; Cambridge Dictionary of English Place-names; A.D. Mills; Dictionary of English Place-Names; Smith; Place-names of the West Riding of Yorkshire
Langsett,'Long hill-slope'.,"lang Old English - Long, tall.; sīde Old English - A side; a long hill-slope.",Watts; Cambridge Dictionary of English Place-names; A.D. Mills; Dictionary of English Place-Names; E. Ekwall; Dictionary of English Place-Names; Smith; Place-names of the West Riding of Yorkshire
Langthwaite with Tilts,"'Long clearing'. Uncertain. Perhaps, 'lime-tree'.","lang Old English - Long, tall.; þveit Old Norse - A clearing, a meadow, a paddock.",A.D. Mills; Dictionary of English Place-Names; Watts; Cambridge Dictionary of English Place-names; E. Ekwall; Dictionary of English Place-Names; Smith; Place-names of the West Riding of Yorkshire
Laughton en le Morthen,"'Leek enclosure/herb garden' in 'Morthen' an old district name long thought to mean 'moorland assembly', but this interpretation is somewhat disputed.","lēac-tūn Old English - A leek enclosure; a herb garden.; mōr Old English - A marsh, barren upland.; þing Old English - An assembly, a council, a meeting.",E. Ekwall; Dictionary of English Place-Names; Smith; Place-names of the West Riding of Yorkshire; A.D. Mills; Dictionary of English Place-Names; Watts; Cambridge Dictionary of English Place-names
Laverton,'River Laver farm/settlement'.,River-name Unknown - River-name; tūn Old English - An enclosure; a farmstead; a village; an estate.,E. Ekwall; Dictionary of English Place-Names; A.D. Mills; Dictionary of English Place-Names; Smith; Place-names of the West Riding of Yorkshire; Watts; Cambridge Dictionary of English Place-names
Lawkland,'Leek land'.,"land Old English - Land (as part of earth's surface); an estate; possibly also new arable area.  In minor and field names: strip in a field-system.; laukr Old Norse - A leek, garlic.",Watts; Cambridge Dictionary of English Place-names; E. Ekwall; Dictionary of English Place-Names; Smith; Place-names of the West Riding of Yorkshire; A.D. Mills; Dictionary of English Place-Names
Lead,"Uncertain. Perhaps, 'water-channel'. The suggestion that this is a reduced form of OE hleo-wudu, 'shelter wood' is considered phonologically unlikely, as is any connection with the place-name Leeds.","lǣd Old English - A drain, a water-course.",Watts; Cambridge Dictionary of English Place-names; Smith; Place-names of the West Riding of Yorkshire; A.D. Mills; Dictionary of English Place-Names; E. Ekwall; Dictionary of English Place-Names
Leathley,'Slope wood/clearing'.,"hlið Old English - A slope, a hill-side.; lēah Old English - A forest, wood, glade, clearing; (later) a pasture, meadow.",E. Ekwall; Dictionary of English Place-Names; Smith; Place-names of the West Riding of Yorkshire; A.D. Mills; Dictionary of English Place-Names; Watts; Cambridge Dictionary of English Place-names
Ledsham,'Leeds homestead/village'.,"hām Old English - A village, a village community, a manor, an estate, a homestead.; Place-name Unknown - Place-name",E. Ekwall; Dictionary of English Place-Names; Smith; Place-names of the West Riding of Yorkshire; A.D. Mills; Dictionary of English Place-Names; Watts; Cambridge Dictionary of English Place-names
Ledston,'Leeds farm/settlement'.,Place-name Unknown - Place-name; tūn Old English - An enclosure; a farmstead; a village; an estate.,A.D. Mills; Dictionary of English Place-Names; Smith; Place-names of the West Riding of Yorkshire; E. Ekwall; Dictionary of English Place-Names; Watts; Cambridge Dictionary of English Place-names
Leeds,"'The River *Lat- people', as indicated by the the suffix -enses, rather than river ending -issa. *Lat- must have been an old name for the River Aire, which was later used to describe the district extending to Ledsham and Ledston.",River-name Unknown - River-name,E. Ekwall; Dictionary of English Place-Names; Watts; Cambridge Dictionary of English Place-names; A.D. Mills; Dictionary of English Place-Names; Smith; Place-names of the West Riding of Yorkshire
Lepton,"Uncertain. Literally, 'leap farm/settlement'. The first element might be used here in the sense of a steep hill-slope.",hlēp Old English; tūn Old English - An enclosure; a farmstead; a village; an estate.,Smith; Place-names of the West Riding of Yorkshire; A.D. Mills; Dictionary of English Place-Names; Watts; Cambridge Dictionary of English Place-names; E. Ekwall; Dictionary of English Place-Names
Letwell,'Obstructed spring/stream'.,lette Middle English - An obstruction or stoppage.; wella Old English,Watts; Cambridge Dictionary of English Place-names; E. Ekwall; Dictionary of English Place-Names; Smith; Place-names of the West Riding of Yorkshire; A.D. Mills; Dictionary of English Place-Names
Lindley,'Lime-tree wood/clearing'.,"lēah Old English - A forest, wood, glade, clearing; (later) a pasture, meadow.; lind Old English - A lime-tree.",Smith; Place-names of the West Riding of Yorkshire; A.D. Mills; Dictionary of English Place-Names; Watts; Cambridge Dictionary of English Place-names; E. Ekwall; Dictionary of English Place-Names
Lindley cum Quarmby,'Flax wood/clearing'. 'Mill farm/settlement'.,"bȳ Old Norse - A farmstead, a village.; kvern Old Norse - A hand-mill; a mill; a mill-stone.; lēah Old English - A forest, wood, glade, clearing; (later) a pasture, meadow.; līn Old English - Flax.",E. Ekwall; Dictionary of English Place-Names; Watts; Cambridge Dictionary of English Place-names; Smith; Place-names of the West Riding of Yorkshire; A.D. Mills; Dictionary of English Place-Names
Lindrick Studley Royal and Fountains,'Lime-tree strip of land'. 'Wood/clearing where a stud of horses is kept'. It is unclear why it became known as 'Royal'. The site of a Cistercian Abbey founded in 1132 called Fontibus (L. dat.pl. 'at the fountains') and later Fonteyns.,"fontein Old French - A fountain, a spring.; lēah Old English - A forest, wood, glade, clearing; (later) a pasture, meadow.; linden Old English - Growing with lime-trees.; ric Old English - A raised straight strip. (Uncertain); stōd Old English - A stud, a herd of horses.",Smith; Place-names of the West Riding of Yorkshire; Watts; Cambridge Dictionary of English Place-names; A.D. Mills; Dictionary of English Place-Names; E. Ekwall; Dictionary of English Place-Names
Linthwaite,"Either, 'flax clearing' or 'lime-tree clearing'.","lín Old Norse - Flax.; lind Old Norse - A lime-tree.; þveit Old Norse - A clearing, a meadow, a paddock.",A.D. Mills; Dictionary of English Place-Names; Smith; Place-names of the West Riding of Yorkshire; Watts; Cambridge Dictionary of English Place-names; E. Ekwall; Dictionary of English Place-Names
Linton,'Flax farm/settlement'.,līn Old English - Flax.; tūn Old English - An enclosure; a farmstead; a village; an estate.,Watts; Cambridge Dictionary of English Place-names; E. Ekwall; Dictionary of English Place-Names; Smith; Place-names of the West Riding of Yorkshire; A.D. Mills; Dictionary of English Place-Names
Linton,'Flax farm/settlement'.,līn Old English - Flax.; tūn Old English - An enclosure; a farmstead; a village; an estate.,Watts; Cambridge Dictionary of English Place-names; A.D. Mills; Dictionary of English Place-Names; Smith; Place-names of the West Riding of Yorkshire; E. Ekwall; Dictionary of English Place-Names
Little Bowland,"'Bow land', ie., near a bend in the River Hodder.","boga Old English - A bow, an arch; an arched bridge; a bow (for shooting); something curved or bent, such as a river bend or curved valley.; land Old English - Land (as part of earth's surface); an estate; possibly also new arable area.  In minor and field names: strip in a field-system.",Watts; Cambridge Dictionary of English Place-names; E. Ekwall; Dictionary of English Place-Names; A.D. Mills; Dictionary of English Place-Names; Ekwall; Place-names of Lancashire
Little Fenton,'Fen farm/settlement'. 'Little' to distinguish from Church Fenton.,"fenn Old English - A fen, a marsh, marshland.; parva Latin - Small.; tūn Old English - An enclosure; a farmstead; a village; an estate.",Watts; Cambridge Dictionary of English Place-names; A.D. Mills; Dictionary of English Place-Names; E. Ekwall; Dictionary of English Place-Names; Smith; Place-names of the West Riding of Yorkshire
Little Mitton Henthorn and Coldcoates,'Confluence farm/settlement. 'Hen thorn-tree'. 'Cold cottages'.,"cald Old English; cot Old English - A cottage, a hut, a shelter, a den.; henn Old English - A hen. (Usually taken to be a wild hen or water-hen in place-names; perhaps also a domestic hen.); mȳðe Old English - The mouth of a river where it runs into another; a confluence of rivers.; tūn Old English - An enclosure; a farmstead; a village; an estate.; þyrne Old English - A thorn-bush.",Ekwall; Place-names of Lancashire; E. Ekwall; Dictionary of English Place-Names; Watts; Cambridge Dictionary of English Place-names; A.D. Mills; Dictionary of English Place-Names
Little Ouseburn,"'River Ouse stream'. 'Little' to distinguish from Great Ouseburn, Upper Claro Wapentake.",burna Old English - A stream.; parva Latin - Small.; River-name Unknown - River-name,A.D. Mills; Dictionary of English Place-Names; Watts; Cambridge Dictionary of English Place-names; E. Ekwall; Dictionary of English Place-Names; Smith; Place-names of the West Riding of Yorkshire
Little Ribston,'Ribwort/hound's-tongue stone'.,"ribbe Old English - Ribwort, hound's tongue.; stān Old English - A stone, stone, rock.",Smith; Place-names of the West Riding of Yorkshire; E. Ekwall; Dictionary of English Place-Names; A.D. Mills; Dictionary of English Place-Names; Watts; Cambridge Dictionary of English Place-names
Little Smeaton,'Smiths' farm/settlement'. 'Little' to distinguish from Kirk Smeaton.,"parva Latin - Small.; smið Old English - A smith, a worker in metal.; tūn Old English - An enclosure; a farmstead; a village; an estate.",E. Ekwall; Dictionary of English Place-Names; Watts; Cambridge Dictionary of English Place-names; A.D. Mills; Dictionary of English Place-Names; Smith; Place-names of the West Riding of Yorkshire
Litton,'Slope farm/settlement'.,"hlíð Old Norse - A slope, a hill-side.; tūn Old English - An enclosure; a farmstead; a village; an estate.",Watts; Cambridge Dictionary of English Place-names; E. Ekwall; Dictionary of English Place-Names; Smith; Place-names of the West Riding of Yorkshire; A.D. Mills; Dictionary of English Place-Names
Liversedge,'Leofhere's edge'.,"ecg Old English - An edge; the edge of a hill, an escarpment.; Personal name (Old English) Old English - Personal name",Smith; Place-names of the West Riding of Yorkshire; E. Ekwall; Dictionary of English Place-Names; Watts; Cambridge Dictionary of English Place-names; A.D. Mills; Dictionary of English Place-Names
Lockwood,'Enclosure wood'.,"loc Old English - A lock, a bolt; a fold.; wudu Old English - A wood; or wood, timber.",E. Ekwall; Dictionary of English Place-Names; A.D. Mills; Dictionary of English Place-Names; Watts; Cambridge Dictionary of English Place-names; Smith; Place-names of the West Riding of Yorkshire
Lofthouse,'At the loft houses'.,lopt-hús Old Norse - A house with a loft or upper chamber.,E. Ekwall; Dictionary of English Place-Names; Watts; Cambridge Dictionary of English Place-names; A.D. Mills; Dictionary of English Place-Names; Smith; Place-names of the West Riding of Yorkshire
Long Marston,'Marsh farm/settlement'. 'Long' because of the shape of the village.,"lang Old English - Long, tall.; mersc Old English - A marsh.; tūn Old English - An enclosure; a farmstead; a village; an estate.",Watts; Cambridge Dictionary of English Place-names; Smith; Place-names of the West Riding of Yorkshire; A.D. Mills; Dictionary of English Place-Names; E. Ekwall; Dictionary of English Place-Names
Long Preston,'Priests' farm/settlement'. 'Long' because of the length of the village.,prēost Old English - A priest.; tūn Old English - An enclosure; a farmstead; a village; an estate.,Smith; Place-names of the West Riding of Yorkshire; Watts; Cambridge Dictionary of English Place-names; A.D. Mills; Dictionary of English Place-Names; E. Ekwall; Dictionary of English Place-Names
Long Sandall,'Sand nook of land'. 'Long' to distinguish from Kirk Sandall. Earlier known as Little Sandall.,"halh Old English - A nook of land; a small valley; dry ground in marsh; a piece of land projecting from, or detached from, the main area of its administrative unit.; parva Latin - Small.; sand Old English - Sand.",E. Ekwall; Dictionary of English Place-Names; A.D. Mills; Dictionary of English Place-Names; Smith; Place-names of the West Riding of Yorkshire; Watts; Cambridge Dictionary of English Place-names
Longfield,Obscure.,Obscure element Unknown - Obscure element,A.D. Mills; Dictionary of English Place-Names; E. Ekwall; Dictionary of English Place-Names; Watts; Cambridge Dictionary of English Place-names; Smith; Place-names of the West Riding of Yorkshire
Longwood,'The long wood'.,"lang Old English - Long, tall.; wudu Old English - A wood; or wood, timber.",Watts; Cambridge Dictionary of English Place-names; Smith; Place-names of the West Riding of Yorkshire; E. Ekwall; Dictionary of English Place-Names; A.D. Mills; Dictionary of English Place-Names
Lotherton cum Aberford,"'Hlutor's farm/settlement'. 'Eadburh's ford', a feminine personal name.",ford Old English - A ford.; Personal name (Old English) Old English - Personal name; tūn Old English - An enclosure; a farmstead; a village; an estate.,E. Ekwall; Dictionary of English Place-Names; Watts; Cambridge Dictionary of English Place-names; A.D. Mills; Dictionary of English Place-Names; Smith; Place-names of the West Riding of Yorkshire
Loversall,'Leofhere' s nook of land'.,"halh Old English - A nook of land; a small valley; dry ground in marsh; a piece of land projecting from, or detached from, the main area of its administrative unit.; Personal name (Old English) Old English - Personal name",Watts; Cambridge Dictionary of English Place-names; E. Ekwall; Dictionary of English Place-Names; Smith; Place-names of the West Riding of Yorkshire; A.D. Mills; Dictionary of English Place-Names
Lower and Upper Cumberworth,'*Cumbre's enclosure' or 'Cumbrian Britons' enclosure'.,"Cumbre Old English - The Cymry, the Welsh, the Cumbrian Britons.; Personal name (Old English) Old English - Personal name; worð Old English - An enclosure.",A.D. Mills; Dictionary of English Place-Names; Smith; Place-names of the West Riding of Yorkshire; E. Ekwall; Dictionary of English Place-Names; Watts; Cambridge Dictionary of English Place-names
Lower and Upper Wortley,'Wyrca's wood/clearing'.,"lēah Old English - A forest, wood, glade, clearing; (later) a pasture, meadow.; Personal name (Old English) Old English - Personal name",E. Ekwall; Dictionary of English Place-Names; Watts; Cambridge Dictionary of English Place-names; A.D. Mills; Dictionary of English Place-Names; Smith; Place-names of the West Riding of Yorkshire
Luddington,'Farm/settlement connected with Luda'.,"-ingtūn Old English - A settlement called after, or connected with . . .; Personal name (Old English) Old English - Personal name",Cameron; Dictionary of Lincolnshire Place-names; Watts; Cambridge Dictionary of English Place-names; Cameon et al.; Place-names of Lincolnshire; A.D. Mills; Dictionary of English Place-Names; E. Ekwall; Dictionary of English Place-Names
Malham,"Uncertain. Possibly, 'at the gravelly/stony places'. Alternatively,'at the hollows'.","malgi Old Norse - Perhaps: a gravelly or stony place. (Very uncertain.); malr Old Norse - A sack ,a bag.  Used topographically to describe a hollow or depression.; melr Old Norse - A sand-bank, a sand-hill.",E. Ekwall; Dictionary of English Place-Names; A.D. Mills; Dictionary of English Place-Names; Watts; Cambridge Dictionary of English Place-names; Smith; Place-names of the West Riding of Yorkshire
Malham Moor,'Malham's moor'. This great tract of land between Wharfedale and Ribblesdale was a valuable sheep farm belonging to Fountains Abbey.,mór Old Norse - A marsh; barren upland.; Place-name Unknown - Place-name,Watts; Cambridge Dictionary of English Place-names; E. Ekwall; Dictionary of English Place-Names; A.D. Mills; Dictionary of English Place-Names; Smith; Place-names of the West Riding of Yorkshire
Maltby,Uncertain. Either 'Malti's farm/settlement' or 'malt farm/settlement'.,"bȳ Old Norse - A farmstead, a village.; malt Old Norse - Malt.; Personal name (Old Norse) Old Norse - Personal name",A.D. Mills; Dictionary of English Place-Names; Watts; Cambridge Dictionary of English Place-names; Smith; Place-names of the West Riding of Yorkshire; E. Ekwall; Dictionary of English Place-Names
Manningham,"Probably, 'homestead/village connected with Maegen'.","-ing- Old English - Connective particle, linking a first element to a final element.; hām Old English - A village, a village community, a manor, an estate, a homestead.; Personal name (Old English) Old English - Personal name",E. Ekwall; Dictionary of English Place-Names; Smith; Place-names of the West Riding of Yorkshire; Watts; Cambridge Dictionary of English Place-names; A.D. Mills; Dictionary of English Place-Names
Markingfield Hall,'Mercians' field' or perhaps 'boundary dweller's field'. cf. Markington with Wallerthwaite.,"-ingas Old English - The people of . . . ; the people called after . . .; feld Old English - Open country, unencumbered ground (eg. land without trees as opposed to forest, level ground as opposed to hills, land without buildings); arable land (from late tenth century).; mearc Old English - A march, a boundary; a boundary mark.; Merce Old English",E. Ekwall; Dictionary of English Place-Names; A.D. Mills; Dictionary of English Place-Names; Watts; Cambridge Dictionary of English Place-names; Smith; Place-names of the West Riding of Yorkshire
Markington with Wallerthwaite,"Uncertain. Perhaps, 'Mercian's farm/settlement' or 'boundary dweller's farm/settlement'. Alternatively, 'farm/settlement of the Markingfield people'. cf. Markingfield Hall. 'Meadow clearing'.","-ingas Old English - The people of . . . ; the people called after . . .; Merce Old English; mercels Old English; Place-name Unknown - Place-name; tūn Old English - An enclosure; a farmstead; a village; an estate.; vǫllr Old Norse - A meadow, a pasture, a paddock.; þveit Old Norse - A clearing, a meadow, a paddock.",A.D. Mills; Dictionary of English Place-Names; E. Ekwall; Dictionary of English Place-Names; Smith; Place-names of the West Riding of Yorkshire; Watts; Cambridge Dictionary of English Place-names
Marr,'Marsh'.,"marr Old Norse - A fen, a marsh.",E. Ekwall; Dictionary of English Place-Names; Watts; Cambridge Dictionary of English Place-names; A.D. Mills; Dictionary of English Place-Names; Smith; Place-names of the West Riding of Yorkshire
Marsden,"'Boundary-mark valley', referring to the boundary between Yorkshire and Lancashire.",denu Old English - A valley.; mercels Old English,A.D. Mills; Dictionary of English Place-Names; E. Ekwall; Dictionary of English Place-Names; Watts; Cambridge Dictionary of English Place-names; Smith; Place-names of the West Riding of Yorkshire
Marton,'Pool farm/settlement'.,"mere Old English - A pond, a pool, a lake.; tūn Old English - An enclosure; a farmstead; a village; an estate.",Watts; Cambridge Dictionary of English Place-names; E. Ekwall; Dictionary of English Place-Names; A.D. Mills; Dictionary of English Place-Names; Smith; Place-names of the West Riding of Yorkshire
Martons Both,'Pool farm/settlement'. 'Both' denoting East and West Marton.,"bōthe Middle English - A temporary shelter, a covered market-stall.; mere Old English - A pond, a pool, a lake.; tūn Old English - An enclosure; a farmstead; a village; an estate.",Watts; Cambridge Dictionary of English Place-names; A.D. Mills; Dictionary of English Place-Names; E. Ekwall; Dictionary of English Place-Names; Smith; Place-names of the West Riding of Yorkshire
Meltham,"Uncertain. Perhaps, 'smelting/malting homestead/village' or 'smelter's homestead/village'.","hām Old English - A village, a village community, a manor, an estate, a homestead.; melt Old English - Melting, smelting, malting.",Smith; Place-names of the West Riding of Yorkshire; Watts; Cambridge Dictionary of English Place-names; E. Ekwall; Dictionary of English Place-Names; A.D. Mills; Dictionary of English Place-Names
Menston,'Farm/settlement connected with *Mensa'.,"-ingtūn Old English - A settlement called after, or connected with . . .; Personal name (Old English) Old English - Personal name",Smith; Place-names of the West Riding of Yorkshire; A.D. Mills; Dictionary of English Place-Names; E. Ekwall; Dictionary of English Place-Names; Watts; Cambridge Dictionary of English Place-names
Menwith,'Communal wood'.,"mǣne Old English - Common; communal (land).; viðr Old Norse - A wood; or a tree, a tree-trunk.",Smith; Place-names of the West Riding of Yorkshire; A.D. Mills; Dictionary of English Place-Names; Watts; Cambridge Dictionary of English Place-names; E. Ekwall; Dictionary of English Place-Names
Methley,"'Grass-cutting wood/clearing' or 'grass-cutting wood/clearing'. Alternatively, the second element may be 'island'.","ēg Old English - An island.  In ancient settlement-names, most frequently refers to dry ground surrounded by marsh.  Also used of islands in modern sense.  In late OE names: well-watered land.; lēah Old English - A forest, wood, glade, clearing; (later) a pasture, meadow.; mǣð Old English - Mowing, the cutting of grass or corn.; meðal Old Norse - Among, between; middle.",Smith; Place-names of the West Riding of Yorkshire; Watts; Cambridge Dictionary of English Place-names; A.D. Mills; Dictionary of English Place-Names; E. Ekwall; Dictionary of English Place-Names
Mexborough,'*Meoc's fortification' or 'Mjukr's fortification'.,burh Old English - A fortified place.; Personal name (Old English) Old English - Personal name; Personal name (Old Norse) Old Norse - Personal name,Watts; Cambridge Dictionary of English Place-names; A.D. Mills; Dictionary of English Place-Names; Smith; Place-names of the West Riding of Yorkshire; E. Ekwall; Dictionary of English Place-Names
Micklefield,'Great open land'.,"feld Old English - Open country, unencumbered ground (eg. land without trees as opposed to forest, level ground as opposed to hills, land without buildings); arable land (from late tenth century).; micel Old English - Big, great.",E. Ekwall; Dictionary of English Place-Names; Watts; Cambridge Dictionary of English Place-names; A.D. Mills; Dictionary of English Place-Names; Smith; Place-names of the West Riding of Yorkshire
Micklethwaite,'Great clearing'.,"mikill Old Norse - Big, great.; þveit Old Norse - A clearing, a meadow, a paddock.",E. Ekwall; Dictionary of English Place-Names; A.D. Mills; Dictionary of English Place-Names; Smith; Place-names of the West Riding of Yorkshire; Watts; Cambridge Dictionary of English Place-names
Middlethorpe,"'Outlying farm/settlement'. Various affixes, including 'middle', refer to its situation between Bishopthorpe and another settlement, perhaps the lost Bustardthorpe.","middel Old English - Middle.; þorp Old Norse - A secondary settlement, a dependent outlying farmstead or hamlet.",Watts; Cambridge Dictionary of English Place-names; A.D. Mills; Dictionary of English Place-Names; Smith; Place-names of the West Riding of Yorkshire; E. Ekwall; Dictionary of English Place-Names
Middleton,'Middle farm/settlement'.,middel Old English - Middle.; tūn Old English - An enclosure; a farmstead; a village; an estate.,E. Ekwall; Dictionary of English Place-Names; A.D. Mills; Dictionary of English Place-Names; Watts; Cambridge Dictionary of English Place-names; Smith; Place-names of the West Riding of Yorkshire
Middleton,'Middle farm/settlement'.,middel Old English - Middle.; tūn Old English - An enclosure; a farmstead; a village; an estate.,Smith; Place-names of the West Riding of Yorkshire; A.D. Mills; Dictionary of English Place-Names; Watts; Cambridge Dictionary of English Place-names; E. Ekwall; Dictionary of English Place-Names
Middop,'Between valleys'.,"hop Old English - A valley; a remote enclosed space; a piece of enclosed land in a fen; an enclosure in marsh or moor.; mid Old English - Among, amidst.",Watts; Cambridge Dictionary of English Place-names; Smith; Place-names of the West Riding of Yorkshire; E. Ekwall; Dictionary of English Place-Names; A.D. Mills; Dictionary of English Place-Names
Midgeley,'Midgey wood/clearing'.,"lēah Old English - A forest, wood, glade, clearing; (later) a pasture, meadow.; mycg Old English - A midge, a gnat.",A.D. Mills; Dictionary of English Place-Names; Smith; Place-names of the West Riding of Yorkshire; Watts; Cambridge Dictionary of English Place-names; E. Ekwall; Dictionary of English Place-Names
Minskip,'Communal possession'.,mǣnscipe Old English - A community; a communal possession.,Smith; Place-names of the West Riding of Yorkshire; A.D. Mills; Dictionary of English Place-Names; Watts; Cambridge Dictionary of English Place-names; E. Ekwall; Dictionary of English Place-Names
Mirfield,"'Pleasant open land'. Alternatively, the first element could also imply a place of merriment, where festivities or revels were held.","feld Old English - Open country, unencumbered ground (eg. land without trees as opposed to forest, level ground as opposed to hills, land without buildings); arable land (from late tenth century).; myrge Old English - Pleasant, sweet, agreeable.",Watts; Cambridge Dictionary of English Place-names; E. Ekwall; Dictionary of English Place-Names; Smith; Place-names of the West Riding of Yorkshire; A.D. Mills; Dictionary of English Place-Names
Monk Bretton,'Britons' farm/settlement'.,Brettas Old English - The Britons.; tūn Old English - An enclosure; a farmstead; a village; an estate.,Watts; Cambridge Dictionary of English Place-names; Smith; Place-names of the West Riding of Yorkshire; E. Ekwall; Dictionary of English Place-Names; A.D. Mills; Dictionary of English Place-Names
Monk Fryston,'Frisians' farm/settlement'. It was held by the monks of Selby Abbey.,"Frīsa Old English - A Frisian, a native of Friesland and the Frisian Isles.; munuc Old English - A monk.; tūn Old English - An enclosure; a farmstead; a village; an estate.",A.D. Mills; Dictionary of English Place-Names; Watts; Cambridge Dictionary of English Place-names; E. Ekwall; Dictionary of English Place-Names; Smith; Place-names of the West Riding of Yorkshire
Monkhill,'Monk hill'. This was the site of the Cluniac priory founded ca. 1190 by Robert de Lacy,"hyll Old English - A hill, a natural eminence or elevated piece of ground.; munuc Old English - A monk.",Watts; Cambridge Dictionary of English Place-names; Smith; Place-names of the West Riding of Yorkshire; E. Ekwall; Dictionary of English Place-Names; A.D. Mills; Dictionary of English Place-Names
Moor Monkton,'Monks' farm/settlement'. 'Moor' to distinguish from Nun Monkton in the Upper Claro wapentake.,"mōr Old English - A marsh, barren upland.; munuc Old English - A monk.; tūn Old English - An enclosure; a farmstead; a village; an estate.",A.D. Mills; Dictionary of English Place-Names; Watts; Cambridge Dictionary of English Place-names; E. Ekwall; Dictionary of English Place-Names; Smith; Place-names of the West Riding of Yorkshire
Morley,'Moor wood/clearing'.,"lēah Old English - A forest, wood, glade, clearing; (later) a pasture, meadow.; mōr Old English - A marsh, barren upland.",Smith; Place-names of the West Riding of Yorkshire; Watts; Cambridge Dictionary of English Place-names; A.D. Mills; Dictionary of English Place-Names; E. Ekwall; Dictionary of English Place-Names
Moss,'Bog'.,"mos Old English - A bog, a swamp; presumably also moss.  Only recorded once, in charter boundaries dating from 975.",E. Ekwall; Dictionary of English Place-Names; Smith; Place-names of the West Riding of Yorkshire; Watts; Cambridge Dictionary of English Place-names; A.D. Mills; Dictionary of English Place-Names
Nappa,"Uncertain. Perhaps, 'bowl-shaped enclosure'.","hæg Old English - A fence, an enclosure.; hnæpp Old English - A bowl.",A.D. Mills; Dictionary of English Place-Names; Smith; Place-names of the West Riding of Yorkshire; E. Ekwall; Dictionary of English Place-Names; Watts; Cambridge Dictionary of English Place-names
Nesfield,"'Lowermost open land'. The OE first element was later replaced ny ON nezti, with the same meaning.","feld Old English - Open country, unencumbered ground (eg. land without trees as opposed to forest, level ground as opposed to hills, land without buildings); arable land (from late tenth century).; niðemest Old English - Lowermost.",A.D. Mills; Dictionary of English Place-Names; Smith; Place-names of the West Riding of Yorkshire; E. Ekwall; Dictionary of English Place-Names; Watts; Cambridge Dictionary of English Place-names
Nether Hoyland,'Hill-spur land'. 'Lower' to distinguish from other Hoylands.,hōh Old English - A heel; a sharply projecting piece of ground.; land Old English - Land (as part of earth's surface); an estate; possibly also new arable area.  In minor and field names: strip in a field-system.; neoðera Old English - Lower. (No positive form.),Watts; Cambridge Dictionary of English Place-names; E. Ekwall; Dictionary of English Place-Names; Smith; Place-names of the West Riding of Yorkshire; A.D. Mills; Dictionary of English Place-Names
Netherthong,"Lower 'narrow strip of land', to distinguish from Upperthong.",neoðera Old English - Lower. (No positive form.); þwang Old English - A thong; a narrow strip of land.,Watts; Cambridge Dictionary of English Place-names; A.D. Mills; Dictionary of English Place-Names; Smith; Place-names of the West Riding of Yorkshire; E. Ekwall; Dictionary of English Place-Names
Newby with Mulwith,'New farm/settlement'.,"bȳ Old Norse - A farmstead, a village.; nīwe Old English - New.",Smith; Place-names of the West Riding of Yorkshire; Watts; Cambridge Dictionary of English Place-names; E. Ekwall; Dictionary of English Place-Names; A.D. Mills; Dictionary of English Place-Names
Newland,'New land'.,land Old English - Land (as part of earth's surface); an estate; possibly also new arable area.  In minor and field names: strip in a field-system.; nīwe Old English - New.,Watts; Cambridge Dictionary of English Place-names; A.D. Mills; Dictionary of English Place-Names; Smith; Place-names of the West Riding of Yorkshire; E. Ekwall; Dictionary of English Place-Names
Newland,'New land'.,land Old English - Land (as part of earth's surface); an estate; possibly also new arable area.  In minor and field names: strip in a field-system.; nīwe Old English - New.,Watts; Cambridge Dictionary of English Place-names; Smith; Place-names of the West Riding of Yorkshire; A.D. Mills; Dictionary of English Place-Names; E. Ekwall; Dictionary of English Place-Names
Newsholme,'At the new houses'.,hūs Old English - A house; also sometimes used of a building for special purposes.; nīwe Old English - New.,A.D. Mills; Dictionary of English Place-Names; Watts; Cambridge Dictionary of English Place-names; E. Ekwall; Dictionary of English Place-Names; Smith; Place-names of the West Riding of Yorkshire
Newthorpe,'At the new outlying farm/settlement'.,"nīwe Old English - New.; þorp Old Norse - A secondary settlement, a dependent outlying farmstead or hamlet.",Smith; Place-names of the West Riding of Yorkshire; A.D. Mills; Dictionary of English Place-Names; Watts; Cambridge Dictionary of English Place-names; E. Ekwall; Dictionary of English Place-Names
Newton,'New farm/settlement'.,nīwe Old English - New.; tūn Old English - An enclosure; a farmstead; a village; an estate.,Smith; Place-names of the West Riding of Yorkshire; A.D. Mills; Dictionary of English Place-Names; Watts; Cambridge Dictionary of English Place-names; E. Ekwall; Dictionary of English Place-Names
Newton Kyme cum Toulston,'New farm/settlemenmt'. Affix from the Kyme family who held land here from the 13th century. 'Toglos' farm/settlement'. A famous jarl of the same name was slain at Tempsford in 921 according to the Anglo-Saxon Chronicles (A).,nīwe Old English - New.; Personal name (Old English) Old English - Personal name; tūn Old English - An enclosure; a farmstead; a village; an estate.,E. Ekwall; Dictionary of English Place-Names; Watts; Cambridge Dictionary of English Place-names; Smith; Place-names of the West Riding of Yorkshire; A.D. Mills; Dictionary of English Place-Names
Nidd,Named after the River Nidd.,River-name Unknown - River-name,Smith; Place-names of the West Riding of Yorkshire; Watts; Cambridge Dictionary of English Place-names; A.D. Mills; Dictionary of English Place-Names; E. Ekwall; Dictionary of English Place-Names
Norland,'North land'.,"land Old English - Land (as part of earth's surface); an estate; possibly also new arable area.  In minor and field names: strip in a field-system.; norð Old English - Northern, north.",Watts; Cambridge Dictionary of English Place-names; Smith; Place-names of the West Riding of Yorkshire; E. Ekwall; Dictionary of English Place-Names; A.D. Mills; Dictionary of English Place-Names
Normanton,'Norwegian Vikings' farm/settlement'.,"Norðman Old English - A Northman, a Norwegian.; tūn Old English - An enclosure; a farmstead; a village; an estate.",Smith; Place-names of the West Riding of Yorkshire; Watts; Cambridge Dictionary of English Place-names; A.D. Mills; Dictionary of English Place-Names; E. Ekwall; Dictionary of English Place-Names
North and South Anston,'Lonely stone'.,"āna Old English - Lonely.  (Difficult to distinguish from ān, ""one, single"".; stān Old English - A stone, stone, rock.",E. Ekwall; Dictionary of English Place-Names; Smith; Place-names of the West Riding of Yorkshire; A.D. Mills; Dictionary of English Place-Names; Watts; Cambridge Dictionary of English Place-names
North and South Elmsall,'Elm-tree nook of land'.,"elm Old English - An elm-tree.; halh Old English - A nook of land; a small valley; dry ground in marsh; a piece of land projecting from, or detached from, the main area of its administrative unit.",Smith; Place-names of the West Riding of Yorkshire; A.D. Mills; Dictionary of English Place-Names; E. Ekwall; Dictionary of English Place-Names; Watts; Cambridge Dictionary of English Place-names
North Bierley,'Small dwelling'.,bȳrel Old English - A dwelling.,Watts; Cambridge Dictionary of English Place-names; A.D. Mills; Dictionary of English Place-Names; E. Ekwall; Dictionary of English Place-Names; Smith; Place-names of the West Riding of Yorkshire
North Deighton,'Ditch farm/settlement'. 'North' to distinguish from Kirk Deighton.,"dīc Old English - A ditch, usually an excavated trench, either defensive or for drainage of water.; norð Old English - Northern, north.; tūn Old English - An enclosure; a farmstead; a village; an estate.",Smith; Place-names of the West Riding of Yorkshire; Watts; Cambridge Dictionary of English Place-names; A.D. Mills; Dictionary of English Place-Names; E. Ekwall; Dictionary of English Place-Names
North Stainley,'Stone wood/clearing'. The OE first element was later replace by ON steinn.,"lēah Old English - A forest, wood, glade, clearing; (later) a pasture, meadow.; stān Old English - A stone, stone, rock.",Watts; Cambridge Dictionary of English Place-names; A.D. Mills; Dictionary of English Place-Names; E. Ekwall; Dictionary of English Place-Names; Smith; Place-names of the West Riding of Yorkshire
Northowram,'At the ridges'. 'North' to distinguish from Southowram.,"norð Old English - Northern, north.; ofer Old English - The tip of a promontory, a flat-topped ridge.",Watts; Cambridge Dictionary of English Place-names; E. Ekwall; Dictionary of English Place-Names; Smith; Place-names of the West Riding of Yorkshire; A.D. Mills; Dictionary of English Place-Names
Norton,'North farm/settlement'.,"norð Old English - Northern, north.; tūn Old English - An enclosure; a farmstead; a village; an estate.",Smith; Place-names of the West Riding of Yorkshire; Watts; Cambridge Dictionary of English Place-names; A.D. Mills; Dictionary of English Place-Names; E. Ekwall; Dictionary of English Place-Names
Notton,'Wether sheep farm/settlement'.,hnoc Old English - A wether sheep.; tūn Old English - An enclosure; a farmstead; a village; an estate.,A.D. Mills; Dictionary of English Place-Names; E. Ekwall; Dictionary of English Place-Names; Watts; Cambridge Dictionary of English Place-names; Smith; Place-names of the West Riding of Yorkshire
Nun Monkton,'Monks' farm/settlemen'. 'Nun' to distinguish from Moor Monkton in the Ainstay wapentake from the 12th century priory of nuns here.,munuc Old English - A monk.; nunne Old English - A nun.; tūn Old English - An enclosure; a farmstead; a village; an estate.,Smith; Place-names of the West Riding of Yorkshire; E. Ekwall; Dictionary of English Place-Names; A.D. Mills; Dictionary of English Place-Names; Watts; Cambridge Dictionary of English Place-names
Nunwick,'Nuns' specialised farm'. The identity of the nuns is unknown.,"nunne Old English - A nun.; wīc Old English - A dwelling; a building or collection of buildings for special purposes; a farm, a dairy farm; a trading or industrial settlement; or (in the plural) a hamlet, village.",Smith; Place-names of the West Riding of Yorkshire; A.D. Mills; Dictionary of English Place-Names; Watts; Cambridge Dictionary of English Place-names; E. Ekwall; Dictionary of English Place-Names
Orgreave,'Ore pit'.,"græf Old English - A digging, a grave, a pit, a trench.; ōra Old English - A shore, hill-slope; possibly also the foot of a slope.  (Used in place-names only in the parts of southern England where Jutish and West Saxon dialects were operative.)",E. Ekwall; Dictionary of English Place-Names; A.D. Mills; Dictionary of English Place-Names; Smith; Place-names of the West Riding of Yorkshire; Watts; Cambridge Dictionary of English Place-names
Ossett,"Either, '*Osla's dwelling' or 'blackbirds' dwelling'.","ōsle Old English - An ouzel, a blackbird.; Personal name (Old English) Old English - Personal name; set Old English - A dwelling, a camp, a place for animals, a stable, a fold.",A.D. Mills; Dictionary of English Place-Names; Watts; Cambridge Dictionary of English Place-names; E. Ekwall; Dictionary of English Place-Names; Smith; Place-names of the West Riding of Yorkshire
Otley,'*Otta's wood/clearing'.,"lēah Old English - A forest, wood, glade, clearing; (later) a pasture, meadow.; Personal name (Old English) Old English - Personal name",E. Ekwall; Dictionary of English Place-Names; Smith; Place-names of the West Riding of Yorkshire; A.D. Mills; Dictionary of English Place-Names; Watts; Cambridge Dictionary of English Place-names
Otterburn,'Otter stream'.,burna Old English - A stream.; oter Old English - An otter.,E. Ekwall; Dictionary of English Place-Names; Smith; Place-names of the West Riding of Yorkshire; Watts; Cambridge Dictionary of English Place-names; A.D. Mills; Dictionary of English Place-Names
Oulton with Woodlesford,"Either, 'Ali's farm/settlement' or 'old farm/settlement'. 'Thicket ford'.",ald Old English; ford Old English - A ford.; Personal name (Old Norse) Old Norse - Personal name; tūn Old English - An enclosure; a farmstead; a village; an estate.; wrīdels Old English - A thicket.,A.D. Mills; Dictionary of English Place-Names; Watts; Cambridge Dictionary of English Place-names; E. Ekwall; Dictionary of English Place-Names; Smith; Place-names of the West Riding of Yorkshire
Ousefleet,'River Ouse stream'.,"flēot Old English - An estuary, an inlet of the sea, a small stream.; River-name Unknown - River-name",Watts; Cambridge Dictionary of English Place-names; E. Ekwall; Dictionary of English Place-Names; A.D. Mills; Dictionary of English Place-Names; Smith; Place-names of the West Riding of Yorkshire
Ovenden,'Ofa's valley'.,denu Old English - A valley.; Personal name (Old English) Old English - Personal name,Smith; Place-names of the West Riding of Yorkshire; E. Ekwall; Dictionary of English Place-Names; Watts; Cambridge Dictionary of English Place-names; A.D. Mills; Dictionary of English Place-Names
Owston,'East farm/settlement'.,austr Old Norse - East.; tūn Old English - An enclosure; a farmstead; a village; an estate.,E. Ekwall; Dictionary of English Place-Names; Smith; Place-names of the West Riding of Yorkshire; A.D. Mills; Dictionary of English Place-Names; Watts; Cambridge Dictionary of English Place-names
Oxspring,'Ox spring'.,"oxa Old English - An ox.; spring Old English - A spring, a well, the source of a stream.",Watts; Cambridge Dictionary of English Place-names; Smith; Place-names of the West Riding of Yorkshire; E. Ekwall; Dictionary of English Place-Names; A.D. Mills; Dictionary of English Place-Names
Oxton,'Ox farm/settlement'.,oxa Old English - An ox.; tūn Old English - An enclosure; a farmstead; a village; an estate.,Smith; Place-names of the West Riding of Yorkshire; E. Ekwall; Dictionary of English Place-Names; A.D. Mills; Dictionary of English Place-Names; Watts; Cambridge Dictionary of English Place-names
Pannal,'Pan-shaped nook of land'.,"halh Old English - A nook of land; a small valley; dry ground in marsh; a piece of land projecting from, or detached from, the main area of its administrative unit.; panne Old English - A pan; a pan-shaped thing; perhaps used topographically of a hollow.",Watts; Cambridge Dictionary of English Place-names; A.D. Mills; Dictionary of English Place-Names; Smith; Place-names of the West Riding of Yorkshire; E. Ekwall; Dictionary of English Place-Names
Parlington,'Farm/settlement connected with Pertel'.,"-ingtūn Old English - A settlement called after, or connected with . . .; Personal name (Old English) Old English - Personal name",E. Ekwall; Dictionary of English Place-Names; Smith; Place-names of the West Riding of Yorkshire; A.D. Mills; Dictionary of English Place-Names; Watts; Cambridge Dictionary of English Place-names
Paythorne,'Pai's thorn-tree'.,Personal name (Old Norse) Old Norse - Personal name; þorn Old Norse - A hawthorn-tree.,Watts; Cambridge Dictionary of English Place-names; E. Ekwall; Dictionary of English Place-Names; A.D. Mills; Dictionary of English Place-Names; Smith; Place-names of the West Riding of Yorkshire
Penistone,"Probably, 'farm/settlement at/called *Penning (= the hill place)'.",-ing Old English - Place-name forming suffix.; penn C; tūn Old English - An enclosure; a farmstead; a village; an estate.,E. Ekwall; Dictionary of English Place-Names; A.D. Mills; Dictionary of English Place-Names; Smith; Place-names of the West Riding of Yorkshire; Watts; Cambridge Dictionary of English Place-names
Plompton,'Plum-tree farm/settlement'.,plūme Old English - A plum; a plum-tree.; tūn Old English - An enclosure; a farmstead; a village; an estate.,E. Ekwall; Dictionary of English Place-Names; Smith; Place-names of the West Riding of Yorkshire; A.D. Mills; Dictionary of English Place-Names; Watts; Cambridge Dictionary of English Place-names
Pollington,"'Farm/settlement connected with a place called Pofel'. The meaning of this element is obscure, but it might be related to Scots poffle, 'small piece of land'.","-ing Old English - Place-name forming suffix.; -ing- Old English - Connective particle, linking a first element to a final element.; pofel Old English - Meaning and origin unknown.; tūn Old English - An enclosure; a farmstead; a village; an estate.",Smith; Place-names of the West Riding of Yorkshire; E. Ekwall; Dictionary of English Place-Names; Watts; Cambridge Dictionary of English Place-names; A.D. Mills; Dictionary of English Place-Names
Pontefract,"'Broken bridge'. Other early spellings are OFr ponte freit. Originally the place was called Taddenesscylf, 'Taedda's shelf of land' from the OE personal name and scylf (cf. Tanshelf).",fractus Latin - Broken.; pons Latin - Bridge.,Smith; Place-names of the West Riding of Yorkshire; E. Ekwall; Dictionary of English Place-Names; A.D. Mills; Dictionary of English Place-Names; Watts; Cambridge Dictionary of English Place-names
Pool,"The meaning of this element is obscure, but it might be related to Scots poffle, 'small piece of land'. cf. Pollington.",pofel Old English - Meaning and origin unknown.,E. Ekwall; Dictionary of English Place-Names; Watts; Cambridge Dictionary of English Place-names; A.D. Mills; Dictionary of English Place-Names; Smith; Place-names of the West Riding of Yorkshire
Potter Newton,'New farm/settlement'. Pottery-making was at one time a principal industry here.,nīwe Old English - New.; pottere Old English - A pot-maker.; tūn Old English - An enclosure; a farmstead; a village; an estate.,A.D. Mills; Dictionary of English Place-Names; Watts; Cambridge Dictionary of English Place-names; Smith; Place-names of the West Riding of Yorkshire; E. Ekwall; Dictionary of English Place-Names
Pudsey,"Uncertain. Perhaps, '*Pudoc's island' or '*Pudoc's enclosure'. An alternative suggestion is that the first element is an old hill name *Puduc (= the wart)'.","ēg Old English - An island.  In ancient settlement-names, most frequently refers to dry ground surrounded by marsh.  Also used of islands in modern sense.  In late OE names: well-watered land.; hæg Old English - A fence, an enclosure.; Personal name (Old English) Old English - Personal name; Place-name Unknown - Place-name",Watts; Cambridge Dictionary of English Place-names; Smith; Place-names of the West Riding of Yorkshire; A.D. Mills; Dictionary of English Place-Names; E. Ekwall; Dictionary of English Place-Names
Purston Jaglin,"'Priests' farm/settlement'. 'Jakelyn' is the diminutive form of OFr Jacques, an otherwise unidentified tenant.",Personal name (Uncertain) Unknown - Personal name; prēost Old English - A priest.; tūn Old English - An enclosure; a farmstead; a village; an estate.,Watts; Cambridge Dictionary of English Place-names; A.D. Mills; Dictionary of English Place-Names; Smith; Place-names of the West Riding of Yorkshire; E. Ekwall; Dictionary of English Place-Names
Queensbury,"A modern name created in 1863. Earlier the village was known as Queen's head, after the local public house.",Place-name Unknown - Place-name,Smith; Place-names of the West Riding of Yorkshire; A.D. Mills; Dictionary of English Place-Names; E. Ekwall; Dictionary of English Place-Names; Watts; Cambridge Dictionary of English Place-names
Rastrick,"Perhaps, 'resting place ridge'.","ric Old English - A raised straight strip. (Uncertain); rǫst Old Norse - A resting-place, the distance between two resting-places.",Smith; Place-names of the West Riding of Yorkshire; E. Ekwall; Dictionary of English Place-Names; Watts; Cambridge Dictionary of English Place-names; A.D. Mills; Dictionary of English Place-Names
Rathmell,'Red sandbank'.,"melr Old Norse - A sand-bank, a sand-hill.; rauðr Old Norse - Red.",A.D. Mills; Dictionary of English Place-Names; E. Ekwall; Dictionary of English Place-Names; Smith; Place-names of the West Riding of Yorkshire; Watts; Cambridge Dictionary of English Place-names
Ravenfield,"Either, '*Hraefn's open land' or 'raven open land'.","feld Old English - Open country, unencumbered ground (eg. land without trees as opposed to forest, level ground as opposed to hills, land without buildings); arable land (from late tenth century).; hræfn Old English - A raven.; Personal name (Old English) Old English - Personal name",Smith; Place-names of the West Riding of Yorkshire; A.D. Mills; Dictionary of English Place-Names; Watts; Cambridge Dictionary of English Place-names; E. Ekwall; Dictionary of English Place-Names
Rawcliffe,'Red cliff'.,"klif Old Norse - A cliff, a steep hill.; rauðr Old Norse - Red.",Watts; Cambridge Dictionary of English Place-names; Smith; Place-names of the West Riding of Yorkshire; E. Ekwall; Dictionary of English Place-Names; A.D. Mills; Dictionary of English Place-Names
Rawdon,'Red hill '.,dūn Old English - A hill.; rauðr Old Norse - Red.,Smith; Place-names of the West Riding of Yorkshire; Watts; Cambridge Dictionary of English Place-names; A.D. Mills; Dictionary of English Place-Names; E. Ekwall; Dictionary of English Place-Names
Rawmarsh,'Red marsh'.,mersc Old English - A marsh.; rauðr Old Norse - Red.,E. Ekwall; Dictionary of English Place-Names; Smith; Place-names of the West Riding of Yorkshire; A.D. Mills; Dictionary of English Place-Names; Watts; Cambridge Dictionary of English Place-names
Reedness,'Reedy headland'.,"hrēod Old English - A reed, a rush; a reed-bed.; næss Old English",A.D. Mills; Dictionary of English Place-Names; E. Ekwall; Dictionary of English Place-Names; Watts; Cambridge Dictionary of English Place-names; Smith; Place-names of the West Riding of Yorkshire
Rigton,'Ridge farm/settlement'.,hrycg Old English - A ridge.; tūn Old English - An enclosure; a farmstead; a village; an estate.,A.D. Mills; Dictionary of English Place-Names; E. Ekwall; Dictionary of English Place-Names; Smith; Place-names of the West Riding of Yorkshire; Watts; Cambridge Dictionary of English Place-names
Rimington,"'Farm/settlement at Riming (= the boundary place)', in this case probably referring to the brook here which once formed the boundary between Yorkshire and Lancashire.","-ing- Old English - Connective particle, linking a first element to a final element.; rima Old English - A rim, an edge, a border; used of the edge of a river, hill, etc., or a boundary.; tūn Old English - An enclosure; a farmstead; a village; an estate.",Smith; Place-names of the West Riding of Yorkshire; E. Ekwall; Dictionary of English Place-Names; Watts; Cambridge Dictionary of English Place-names; A.D. Mills; Dictionary of English Place-Names
Ripley,"'Wood/clearing of the Hrype'. This may have marked the boundary of the Hrype's territory, the centre of which was Ripon.","Hrype Old English - An Anglian tribe.; lēah Old English - A forest, wood, glade, clearing; (later) a pasture, meadow.",Smith; Place-names of the West Riding of Yorkshire; Watts; Cambridge Dictionary of English Place-names; A.D. Mills; Dictionary of English Place-Names; E. Ekwall; Dictionary of English Place-Names
Ripon,'At the place of the Hrype'.,Hrype Old English - An Anglian tribe.,E. Ekwall; Dictionary of English Place-Names; Smith; Place-names of the West Riding of Yorkshire; Watts; Cambridge Dictionary of English Place-names; A.D. Mills; Dictionary of English Place-Names
Rishworth,'Rush enclosure'.,"rysc Old English - A rush; in the simplex plural, a place where rushes grow, a rush bed.; worð Old English - An enclosure.",Watts; Cambridge Dictionary of English Place-names; E. Ekwall; Dictionary of English Place-Names; A.D. Mills; Dictionary of English Place-Names; Smith; Place-names of the West Riding of Yorkshire
Roecliffe,'Red cliff'.,"clif Old English - An escarpment, a hill-slope; a river-bank.; rauðr Old Norse - Red.",Smith; Place-names of the West Riding of Yorkshire; Watts; Cambridge Dictionary of English Place-names; E. Ekwall; Dictionary of English Place-Names; A.D. Mills; Dictionary of English Place-Names
Rossington,"Probably, 'farm/settlement at/called *Rosing (= moor place)'.",-ing Old English - Place-name forming suffix.; ros C; tūn Old English - An enclosure; a farmstead; a village; an estate.,Watts; Cambridge Dictionary of English Place-names; A.D. Mills; Dictionary of English Place-Names; Smith; Place-names of the West Riding of Yorkshire; E. Ekwall; Dictionary of English Place-Names
Rotherham,'River Rother homestead/village'.,"hām Old English - A village, a village community, a manor, an estate, a homestead.; River-name Unknown - River-name",A.D. Mills; Dictionary of English Place-Names; Watts; Cambridge Dictionary of English Place-names; Smith; Place-names of the West Riding of Yorkshire; E. Ekwall; Dictionary of English Place-Names
Rothwell,'Clearing spring/stream'.,roð Old English - A clearing.; wella Old English,E. Ekwall; Dictionary of English Place-Names; Watts; Cambridge Dictionary of English Place-names; A.D. Mills; Dictionary of English Place-Names; Smith; Place-names of the West Riding of Yorkshire
Roundhay,'Round enclosure'.,"hæg Old English - A fence, an enclosure.; rond Old French - Round.",Watts; Cambridge Dictionary of English Place-names; Smith; Place-names of the West Riding of Yorkshire; E. Ekwall; Dictionary of English Place-Names; A.D. Mills; Dictionary of English Place-Names
Royston,'*Hror's farm/settlement' or *Roarr's farm/settlement'.,Personal name (Old English) Old English - Personal name; Personal name (Old Norse) Old Norse - Personal name; tūn Old English - An enclosure; a farmstead; a village; an estate.,Watts; Cambridge Dictionary of English Place-names; E. Ekwall; Dictionary of English Place-Names; Smith; Place-names of the West Riding of Yorkshire; A.D. Mills; Dictionary of English Place-Names
Rufforth,'Rough ford'.,ford Old English - A ford.; rūh Old English - Rough.,Smith; Place-names of the West Riding of Yorkshire; Watts; Cambridge Dictionary of English Place-names; E. Ekwall; Dictionary of English Place-Names; A.D. Mills; Dictionary of English Place-Names
Ryhill,'Rye hill'.,"hyll Old English - A hill, a natural eminence or elevated piece of ground.; ryge Old English - Rye.",E. Ekwall; Dictionary of English Place-Names; A.D. Mills; Dictionary of English Place-Names; Smith; Place-names of the West Riding of Yorkshire; Watts; Cambridge Dictionary of English Place-names
Rylstone,"Uncertain. Perhaps, 'small stream farm/settlement'.","rynel Old English - A small stream, a runnel.; tūn Old English - An enclosure; a farmstead; a village; an estate.",E. Ekwall; Dictionary of English Place-Names; A.D. Mills; Dictionary of English Place-Names; Smith; Place-names of the West Riding of Yorkshire; Watts; Cambridge Dictionary of English Place-names
Ryther cum Ozendyke,'Clearing'. 'Osmund's oak-tree'.,eik Old Norse - An oak-tree.; Personal name (Old English) Old English - Personal name; ryðer Old English - A clearing.,A.D. Mills; Dictionary of English Place-Names; Smith; Place-names of the West Riding of Yorkshire; E. Ekwall; Dictionary of English Place-Names; Watts; Cambridge Dictionary of English Place-names
Saddleworth,"'Saddle enclosure', in the sense of a col or other depression in the hills.",sadol Old English - A saddle; topographically a saddle-shaped dip in the hills.; worð Old English - An enclosure.,Smith; Place-names of the West Riding of Yorkshire; A.D. Mills; Dictionary of English Place-Names; E. Ekwall; Dictionary of English Place-Names; Watts; Cambridge Dictionary of English Place-names
Salterforth,'Salt merchants' ford'.,ford Old English - A ford.; saltere Old English,E. Ekwall; Dictionary of English Place-Names; A.D. Mills; Dictionary of English Place-Names; Watts; Cambridge Dictionary of English Place-names; Smith; Place-names of the West Riding of Yorkshire
Sandal Magna,'Sandy nook of land'.,"halh Old English - A nook of land; a small valley; dry ground in marsh; a piece of land projecting from, or detached from, the main area of its administrative unit.; magna Latin - Big, great.; sand Old English - Sand.",E. Ekwall; Dictionary of English Place-Names; Watts; Cambridge Dictionary of English Place-names; A.D. Mills; Dictionary of English Place-Names; Smith; Place-names of the West Riding of Yorkshire
Sawley,'Willow-tree wood/clearing'.,"lēah Old English - A forest, wood, glade, clearing; (later) a pasture, meadow.; salh Old English",Watts; Cambridge Dictionary of English Place-names; A.D. Mills; Dictionary of English Place-Names; Smith; Place-names of the West Riding of Yorkshire; E. Ekwall; Dictionary of English Place-Names
Sawley,'Willow-tree wood/clearing'.,"lēah Old English - A forest, wood, glade, clearing; (later) a pasture, meadow.; salh Old English",E. Ekwall; Dictionary of English Place-Names; Watts; Cambridge Dictionary of English Place-names; Smith; Place-names of the West Riding of Yorkshire; A.D. Mills; Dictionary of English Place-Names
Saxton with Scarthingwell,"Uncertain. 'Saxi's farm/settlement', 'Saxon's farm/settlement' and 'rock farm/settlement' are possible. Uncertain. Either, 'Skarthi's spring/stream' or 'spring/stream at the gap place'.","-ing Old English - Place-name forming suffix.; Personal name (Old Norse) Old Norse - Personal name; sceard Old English - A cleft, a gap (as in a fence).; seax Old English - A stone, a rock.; Seaxe Old English - The Saxons; usually denoting isolated settlements of Saxons among other tribes.; tūn Old English - An enclosure; a farmstead; a village; an estate.; wella Old English",A.D. Mills; Dictionary of English Place-Names; Watts; Cambridge Dictionary of English Place-names; E. Ekwall; Dictionary of English Place-Names; Smith; Place-names of the West Riding of Yorkshire
Scammonden,'Skammbein's valley'.,denu Old English - A valley.; Personal name (Old Norse) Old Norse - Personal name,Smith; Place-names of the West Riding of Yorkshire; A.D. Mills; Dictionary of English Place-Names; E. Ekwall; Dictionary of English Place-Names; Watts; Cambridge Dictionary of English Place-names
Scarcroft,'Small enclosed piece of land with a gap'. 'Gap' might have referred to a topographical feature or something like a gap in a fence or wall.,"croft Old English - A small enclosed field.; sceard Old English - A cleft, a gap (as in a fence).",E. Ekwall; Dictionary of English Place-Names; Watts; Cambridge Dictionary of English Place-names; Smith; Place-names of the West Riding of Yorkshire; A.D. Mills; Dictionary of English Place-Names
Scosthrop,"'Skott's outlying farm/settlement'. This is the ON by-name, Skottr, 'the Scot'.","Personal name (Old Norse) Old Norse - Personal name; þorp Old Norse - A secondary settlement, a dependent outlying farmstead or hamlet.",Watts; Cambridge Dictionary of English Place-names; A.D. Mills; Dictionary of English Place-Names; E. Ekwall; Dictionary of English Place-Names; Smith; Place-names of the West Riding of Yorkshire
Scotton,'Scots' farm/settlement'.,Scott Old English - A Scot.; tūn Old English - An enclosure; a farmstead; a village; an estate.,Smith; Place-names of the West Riding of Yorkshire; E. Ekwall; Dictionary of English Place-Names; Watts; Cambridge Dictionary of English Place-names; A.D. Mills; Dictionary of English Place-Names
Scriven,'Hollow-place'. The name may have occurred in two different forms with identical meanings. There is evidence of quarrying on the north side of the village.,"-ing Old English - Place-name forming suffix.; scræf Old English - A cavern, a hole in the ground; a hovel, a hut.; scræfen Old English - A hollow place, a place with caves or pits.",E. Ekwall; Dictionary of English Place-Names; A.D. Mills; Dictionary of English Place-Names; Watts; Cambridge Dictionary of English Place-names; Smith; Place-names of the West Riding of Yorkshire
Seacroft,'Enclosed piece of land by a lake/marsh'.,"croft Old English - A small enclosed field.; sǣ Old English - A lake; sea.  Usually means ""sea"" when used as a first element, and ""lake"" when used as a second element.",E. Ekwall; Dictionary of English Place-Names; A.D. Mills; Dictionary of English Place-Names; Smith; Place-names of the West Riding of Yorkshire; Watts; Cambridge Dictionary of English Place-names
Sedbergh,'Flat-topped hill'.,set-berg Old Norse - A flat-topped hill.,Smith; Place-names of the West Riding of Yorkshire; E. Ekwall; Dictionary of English Place-Names; A.D. Mills; Dictionary of English Place-Names; Watts; Cambridge Dictionary of English Place-names
Selby,'Willow-tree farm/settlement'.,"bȳ Old Norse - A farmstead, a village.; sele Old English - A dwelling, a house, a hall.; selja Old Norse - A willow-tree.",Watts; Cambridge Dictionary of English Place-names; A.D. Mills; Dictionary of English Place-Names; E. Ekwall; Dictionary of English Place-Names; Smith; Place-names of the West Riding of Yorkshire
Settle,'Dwelling'.,"setl Old English - A seat, an abode, a dwelling; sometimes probably used to indicate a lofty setting.",Watts; Cambridge Dictionary of English Place-names; A.D. Mills; Dictionary of English Place-Names; E. Ekwall; Dictionary of English Place-Names; Smith; Place-names of the West Riding of Yorkshire
Shadwell,'Shady spring/stream'.,"sceadu Old English - A shadow, a shade, a shady place, a shelter.; wella Old English",E. Ekwall; Dictionary of English Place-Names; Smith; Place-names of the West Riding of Yorkshire; Watts; Cambridge Dictionary of English Place-names; A.D. Mills; Dictionary of English Place-Names
Shafton,"'Shaft farm/settlement', perhaps referring to a place marked by or made of poles.","sceaft Old English - A shaft, a pole, probably used of a pole acting as a landmark or boundary post.; tūn Old English - An enclosure; a farmstead; a village; an estate.",A.D. Mills; Dictionary of English Place-Names; Watts; Cambridge Dictionary of English Place-names; Smith; Place-names of the West Riding of Yorkshire; E. Ekwall; Dictionary of English Place-Names
Sharlston,'*Scearf's farm/settlement'. The later S(c)harle- forms probably developed from association with the personal name Charles.,Personal name (Old English) Old English - Personal name; tūn Old English - An enclosure; a farmstead; a village; an estate.,Smith; Place-names of the West Riding of Yorkshire; A.D. Mills; Dictionary of English Place-Names; Watts; Cambridge Dictionary of English Place-names; E. Ekwall; Dictionary of English Place-Names
Sharow,'Boundary hill-spur'.,"hōh Old English - A heel; a sharply projecting piece of ground.; scearu Old English - A share, a division.",A.D. Mills; Dictionary of English Place-Names; E. Ekwall; Dictionary of English Place-Names; Smith; Place-names of the West Riding of Yorkshire; Watts; Cambridge Dictionary of English Place-names
Sheffield,'River Sheaf open land'.,"feld Old English - Open country, unencumbered ground (eg. land without trees as opposed to forest, level ground as opposed to hills, land without buildings); arable land (from late tenth century).; River-name Unknown - River-name",Smith; Place-names of the West Riding of Yorkshire; Watts; Cambridge Dictionary of English Place-names; E. Ekwall; Dictionary of English Place-Names; A.D. Mills; Dictionary of English Place-Names
Shelf,'Shelving ground'.,"scelf Old English - A shelf, a shelving terrain; a pinnacle, battlement.",Watts; Cambridge Dictionary of English Place-names; Smith; Place-names of the West Riding of Yorkshire; E. Ekwall; Dictionary of English Place-Names; A.D. Mills; Dictionary of English Place-Names
Shelley,'Shelving wood/clearing'.,"lēah Old English - A forest, wood, glade, clearing; (later) a pasture, meadow.; scelf Old English - A shelf, a shelving terrain; a pinnacle, battlement.",Watts; Cambridge Dictionary of English Place-names; E. Ekwall; Dictionary of English Place-Names; Smith; Place-names of the West Riding of Yorkshire; A.D. Mills; Dictionary of English Place-Names
Shepley,Sheep wood/clearing'.,"lēah Old English - A forest, wood, glade, clearing; (later) a pasture, meadow.; scēp Old English",A.D. Mills; Dictionary of English Place-Names; E. Ekwall; Dictionary of English Place-Names; Smith; Place-names of the West Riding of Yorkshire; Watts; Cambridge Dictionary of English Place-names
Sherburn in Elmet,"'Bright stream'. Elmet is an ancient district name of uncertain origins and meaning but identical to the Welsh cantref name, Elfed.","burna Old English - A stream.; Place-name Unknown - Place-name; scīr Old English - A shire, a jurisdiction, an administrative district, a county.",A.D. Mills; Dictionary of English Place-Names; E. Ekwall; Dictionary of English Place-Names; Smith; Place-names of the West Riding of Yorkshire; Watts; Cambridge Dictionary of English Place-names
Shipley,'Sheep wood/clearing'.,"lēah Old English - A forest, wood, glade, clearing; (later) a pasture, meadow.; scēp Old English",E. Ekwall; Dictionary of English Place-Names; Smith; Place-names of the West Riding of Yorkshire; A.D. Mills; Dictionary of English Place-Names; Watts; Cambridge Dictionary of English Place-names
Shitlington,"Uncertain. Possibly, 'farm/settlement connected with *Scyttel'. Alternatively, 'steep-slope farm/settlement'. Over time, the village became known by its present name of 'Sitlington' because of the unpleasant associations of the original spelling of the na","-ing- Old English - Connective particle, linking a first element to a final element.; Personal name (Old English) Old English - Personal name; scyttels Old English - A bolt, a bar; a gate which bolts shut.; tūn Old English - An enclosure; a farmstead; a village; an estate.",E. Ekwall; Dictionary of English Place-Names; Watts; Cambridge Dictionary of English Place-names; Smith; Place-names of the West Riding of Yorkshire; A.D. Mills; Dictionary of English Place-Names
Sicklinghall,"Either, 'nook of land of *Sicel's people' or 'nook of land at *Sicel's place'.","-ing Old English - Place-name forming suffix.; -ingas Old English - The people of . . . ; the people called after . . .; halh Old English - A nook of land; a small valley; dry ground in marsh; a piece of land projecting from, or detached from, the main area of its administrative unit.; Personal name (Old English) Old English - Personal name",A.D. Mills; Dictionary of English Place-Names; Watts; Cambridge Dictionary of English Place-names; Smith; Place-names of the West Riding of Yorkshire; E. Ekwall; Dictionary of English Place-Names
Silkstone,'Sigelac's farm/settlement'.,Personal name (Old English) Old English - Personal name; tūn Old English - An enclosure; a farmstead; a village; an estate.,Watts; Cambridge Dictionary of English Place-names; E. Ekwall; Dictionary of English Place-Names; Smith; Place-names of the West Riding of Yorkshire; A.D. Mills; Dictionary of English Place-Names
Silsden,'Sigulfr's valley'.,denu Old English - A valley.; Personal name (Old Norse) Old Norse - Personal name,E. Ekwall; Dictionary of English Place-Names; Smith; Place-names of the West Riding of Yorkshire; Watts; Cambridge Dictionary of English Place-names; A.D. Mills; Dictionary of English Place-Names
Skelbrooke,Shieling brook'.,"brōc Old English - A brook, a stream.  (Used of a stream with a muddy bed and a visible sediment load.); skáli Old Norse",Smith; Place-names of the West Riding of Yorkshire; E. Ekwall; Dictionary of English Place-Names; Watts; Cambridge Dictionary of English Place-names; A.D. Mills; Dictionary of English Place-Names
Skelding,'Head of the River Skell valley'. 'Head' appears to have been lost from the name after the 16th century.,denu Old English - A valley.; hēafod Old English - A head; an end or source; headland in a field-system; a projecting piece of ground; a hill (often small).; River-name Unknown - River-name,A.D. Mills; Dictionary of English Place-Names; Watts; Cambridge Dictionary of English Place-names; Smith; Place-names of the West Riding of Yorkshire; E. Ekwall; Dictionary of English Place-Names
Skellow,'Shieling nook of land'.,"halh Old English - A nook of land; a small valley; dry ground in marsh; a piece of land projecting from, or detached from, the main area of its administrative unit.; scēla Old English; skáli Old Norse",E. Ekwall; Dictionary of English Place-Names; A.D. Mills; Dictionary of English Place-Names; Smith; Place-names of the West Riding of Yorkshire; Watts; Cambridge Dictionary of English Place-names
Skelton,'Farm/settlement on shelving ground'.,"scelf Old English - A shelf, a shelving terrain; a pinnacle, battlement.; tūn Old English - An enclosure; a farmstead; a village; an estate.",Watts; Cambridge Dictionary of English Place-names; E. Ekwall; Dictionary of English Place-Names; Smith; Place-names of the West Riding of Yorkshire; A.D. Mills; Dictionary of English Place-Names
Skipton,'Sheep farm/settlement'.,scēp Old English; tūn Old English - An enclosure; a farmstead; a village; an estate.,Watts; Cambridge Dictionary of English Place-names; A.D. Mills; Dictionary of English Place-Names; Smith; Place-names of the West Riding of Yorkshire; E. Ekwall; Dictionary of English Place-Names
Skircoat,'Bright cottages'. The original OE first element was later replaced by ON skirr.,"cot Old English - A cottage, a hut, a shelter, a den.; scīr Old English - A shire, a jurisdiction, an administrative district, a county.",Smith; Place-names of the West Riding of Yorkshire; E. Ekwall; Dictionary of English Place-Names; A.D. Mills; Dictionary of English Place-Names; Watts; Cambridge Dictionary of English Place-names
Slaidburn,'Sheep-pasture stream'.,burna Old English - A stream.; slæget Old English - A sheep pasture.,Watts; Cambridge Dictionary of English Place-names; E. Ekwall; Dictionary of English Place-Names; A.D. Mills; Dictionary of English Place-Names; Smith; Place-names of the West Riding of Yorkshire
Slaithwaite,'Timber-fell clearing'.,"slag Old Norse - A blow; related words also have the sense 'mowing' and Sw slag is thought to refer to a place where timber is cut.; þveit Old Norse - A clearing, a meadow, a paddock.",Watts; Cambridge Dictionary of English Place-names; A.D. Mills; Dictionary of English Place-Names; Smith; Place-names of the West Riding of Yorkshire; E. Ekwall; Dictionary of English Place-Names
Snaith,'Cut-off piece of land'.,"sneið Old Norse - A slice, a piece cut off, something cut on the slant; also used in England of a detached piece of ground.",A.D. Mills; Dictionary of English Place-Names; Smith; Place-names of the West Riding of Yorkshire; E. Ekwall; Dictionary of English Place-Names; Watts; Cambridge Dictionary of English Place-names
Snydale,'Snipe's nook of land'.,"halh Old English - A nook of land; a small valley; dry ground in marsh; a piece of land projecting from, or detached from, the main area of its administrative unit.; snīte Old English - A snipe.",E. Ekwall; Dictionary of English Place-Names; Watts; Cambridge Dictionary of English Place-names; Smith; Place-names of the West Riding of Yorkshire; A.D. Mills; Dictionary of English Place-Names
Soothill,'Soot hill'. There are collieries along the hillside.,"hyll Old English - A hill, a natural eminence or elevated piece of ground.; sōt Old English - Soot. (Perhaps in allusion to the colour of the soil.)",E. Ekwall; Dictionary of English Place-Names; Watts; Cambridge Dictionary of English Place-names; Smith; Place-names of the West Riding of Yorkshire; A.D. Mills; Dictionary of English Place-Names
South Crosland,'Cross land'.,"cross Modern English - A cross, the Cross.; land Old English - Land (as part of earth's surface); an estate; possibly also new arable area.  In minor and field names: strip in a field-system.",Smith; Place-names of the West Riding of Yorkshire; Watts; Cambridge Dictionary of English Place-names; A.D. Mills; Dictionary of English Place-Names; E. Ekwall; Dictionary of English Place-Names
South Hiendley,'Hind wood/clearing'. 'South' to distinguish from Cold Hiendley.,"hind Old English - A hind, the female of the deer.; lēah Old English - A forest, wood, glade, clearing; (later) a pasture, meadow.",Smith; Place-names of the West Riding of Yorkshire; E. Ekwall; Dictionary of English Place-Names; A.D. Mills; Dictionary of English Place-Names; Watts; Cambridge Dictionary of English Place-names
South Kirkby,'Church farm/settlement'. 'South' to distinguish from a lost Kirby in Pontefract.,"kirkju-býr Old Norse - A village with a church.; sūð Old English - South, southern.",E. Ekwall; Dictionary of English Place-Names; Smith; Place-names of the West Riding of Yorkshire; A.D. Mills; Dictionary of English Place-Names; Watts; Cambridge Dictionary of English Place-names
South Milford,'Mill ford'. 'South' to distinguish from North Milford.,ford Old English - A ford.; myln Old English - A mill.,Watts; Cambridge Dictionary of English Place-names; Smith; Place-names of the West Riding of Yorkshire; A.D. Mills; Dictionary of English Place-Names; E. Ekwall; Dictionary of English Place-Names
South Stainley,'Stone wood/clearing'. The original OE first element was later replaced by ON steinn.,"lēah Old English - A forest, wood, glade, clearing; (later) a pasture, meadow.; stān Old English - A stone, stone, rock.",A.D. Mills; Dictionary of English Place-Names; Watts; Cambridge Dictionary of English Place-names; E. Ekwall; Dictionary of English Place-Names
Southowram,'At the ridges'. 'South' to distinguish from Northowram.,"ofer Old English - The tip of a promontory, a flat-topped ridge.; sūð Old English - South, southern.",E. Ekwall; Dictionary of English Place-Names; Watts; Cambridge Dictionary of English Place-names; A.D. Mills; Dictionary of English Place-Names; Smith; Place-names of the West Riding of Yorkshire
Sowerby,'Sour ground farm/settlement'.,"bȳ Old Norse - A farmstead, a village.; saurr Old Norse - Mud, dirt, sour ground.",Smith; Place-names of the West Riding of Yorkshire; A.D. Mills; Dictionary of English Place-Names; Watts; Cambridge Dictionary of English Place-names; E. Ekwall; Dictionary of English Place-Names
Soyland,'Boggy land'.,"land Old English - Land (as part of earth's surface); an estate; possibly also new arable area.  In minor and field names: strip in a field-system.; sogh Middle English - A bog, a swamp.",Smith; Place-names of the West Riding of Yorkshire; A.D. Mills; Dictionary of English Place-Names; E. Ekwall; Dictionary of English Place-Names; Watts; Cambridge Dictionary of English Place-names
Spofforth with Stockton,'Small piece of land ford'.,"ford Old English - A ford.; spot Old English - A small piece, a bit.",Watts; Cambridge Dictionary of English Place-names; Smith; Place-names of the West Riding of Yorkshire; A.D. Mills; Dictionary of English Place-Names; E. Ekwall; Dictionary of English Place-Names
Sprotbrough,"'*Sprota's fortification' or 'sprout fortification', that is, perhaps one over grown with shoots and twigs.","burh Old English - A fortified place.; Personal name (Old English) Old English - Personal name; sprota Old English - A sprout, a shoot, a twig.",Watts; Cambridge Dictionary of English Place-names; A.D. Mills; Dictionary of English Place-Names; Smith; Place-names of the West Riding of Yorkshire; E. Ekwall; Dictionary of English Place-Names
St. John's with Throapham,Named after the dedication of the parish church. 'At the outlying hamlet'.,"Saint's Name Unknown - Saint's name.; þrop Old English - A hamlet, an outlying farm.",A.D. Mills; Dictionary of English Place-Names; Watts; Cambridge Dictionary of English Place-names; E. Ekwall; Dictionary of English Place-Names; Smith; Place-names of the West Riding of Yorkshire
Stainborough,'Stone fortification'. The OE first element was later replaced by ON steinn.,"burh Old English - A fortified place.; stān Old English - A stone, stone, rock.",E. Ekwall; Dictionary of English Place-Names; Smith; Place-names of the West Riding of Yorkshire; A.D. Mills; Dictionary of English Place-Names; Watts; Cambridge Dictionary of English Place-names
Stainburn,'Stone stream'.,"burna Old English - A stream.; stān Old English - A stone, stone, rock.",Watts; Cambridge Dictionary of English Place-names; A.D. Mills; Dictionary of English Place-Names; E. Ekwall; Dictionary of English Place-Names; Smith; Place-names of the West Riding of Yorkshire
Stainforth,'Stone ford'. The OE first element was later replaced by ON steinn.,"ford Old English - A ford.; stān Old English - A stone, stone, rock.",Smith; Place-names of the West Riding of Yorkshire; A.D. Mills; Dictionary of English Place-Names; Watts; Cambridge Dictionary of English Place-names; E. Ekwall; Dictionary of English Place-Names
Stainforth,'Stone ford'.,"ford Old English - A ford.; stān Old English - A stone, stone, rock.",A.D. Mills; Dictionary of English Place-Names; Watts; Cambridge Dictionary of English Place-names; E. Ekwall; Dictionary of English Place-Names; Smith; Place-names of the West Riding of Yorkshire
Stainland with Old Lindley,'Stone land'. The original OE first element was later replaced by ON steinn. 'Flax wood/clearing'. 'Old' to distinguish from Lindley.,"land Old English - Land (as part of earth's surface); an estate; possibly also new arable area.  In minor and field names: strip in a field-system.; lēah Old English - A forest, wood, glade, clearing; (later) a pasture, meadow.; līn Old English - Flax.; stān Old English - A stone, stone, rock.",A.D. Mills; Dictionary of English Place-Names; Smith; Place-names of the West Riding of Yorkshire; Watts; Cambridge Dictionary of English Place-names; E. Ekwall; Dictionary of English Place-Names
Stainton,'Stone farm/settlement'. The original OE first element was later replaced by ON steinn.,"stān Old English - A stone, stone, rock.; tūn Old English - An enclosure; a farmstead; a village; an estate.",Watts; Cambridge Dictionary of English Place-names; A.D. Mills; Dictionary of English Place-Names; Smith; Place-names of the West Riding of Yorkshire; E. Ekwall; Dictionary of English Place-Names
Stancill Wellingley and Wilsic,"Uncertain. Perhaps, 'stone dwelling'. Either, 'spring/stream dweller's wood/clearing' or perhaps, 'wood/clearing at/called *Welling (the spring/stream place)'. 'Willow stream'.","-ing Old English - Place-name forming suffix.; -ingas Old English - The people of . . . ; the people called after . . .; lēah Old English - A forest, wood, glade, clearing; (later) a pasture, meadow.; salr Old Norse - A dwelling, a hall.; sīc Old English - A small stream.; stān Old English - A stone, stone, rock.; steinn Old Norse - A stone, a rock.; wella Old English; wilig Old English",Smith; Place-names of the West Riding of Yorkshire; A.D. Mills; Dictionary of English Place-Names; E. Ekwall; Dictionary of English Place-Names; Watts; Cambridge Dictionary of English Place-names
Stanley,'Stone wood/clearing'.,"lēah Old English - A forest, wood, glade, clearing; (later) a pasture, meadow.; stān Old English - A stone, stone, rock.",Watts; Cambridge Dictionary of English Place-names; E. Ekwall; Dictionary of English Place-Names; A.D. Mills; Dictionary of English Place-Names; Smith; Place-names of the West Riding of Yorkshire
Stansfield,"Uncertain. Perhaps, 'stone's open land', referring to a standing stone or other similar feature. Alternatively, the first element might be a lost place-name, 'Stanes' open land'. Less likely, perhaps, is an unattested OE personal name, '*Stan's open land'","feld Old English - Open country, unencumbered ground (eg. land without trees as opposed to forest, level ground as opposed to hills, land without buildings); arable land (from late tenth century).; Personal name (Old English) Old English - Personal name; Place-name Unknown - Place-name; stān Old English - A stone, stone, rock.",Smith; Place-names of the West Riding of Yorkshire; Watts; Cambridge Dictionary of English Place-names; E. Ekwall; Dictionary of English Place-Names; A.D. Mills; Dictionary of English Place-Names
Stapleton,"'Post farm/settlement', perhaps referring to a farm built of or marked by posts.","stapol Old English - A post, a pillar.; tūn Old English - An enclosure; a farmstead; a village; an estate.",Watts; Cambridge Dictionary of English Place-names; E. Ekwall; Dictionary of English Place-Names; Smith; Place-names of the West Riding of Yorkshire; A.D. Mills; Dictionary of English Place-Names
Stavely,"'Stave wood/clearing', referring to a place where they were made and/or obtained.","lēah Old English - A forest, wood, glade, clearing; (later) a pasture, meadow.; stæf Old English - A staff, a stave, a rod.",E. Ekwall; Dictionary of English Place-Names; A.D. Mills; Dictionary of English Place-Names; Watts; Cambridge Dictionary of English Place-names; Smith; Place-names of the West Riding of Yorkshire
Steeton,'Tree-stump farm/settlement'.,"styfic Old English - A stump.; west Old English - Western, west.",Watts; Cambridge Dictionary of English Place-names; E. Ekwall; Dictionary of English Place-Names; A.D. Mills; Dictionary of English Place-Names; Smith; Place-names of the West Riding of Yorkshire
Steeton,'Tree-stump farm/settlement'.,styfic Old English - A stump.; tūn Old English - An enclosure; a farmstead; a village; an estate.,Smith; Place-names of the West Riding of Yorkshire; E. Ekwall; Dictionary of English Place-Names; Watts; Cambridge Dictionary of English Place-names; A.D. Mills; Dictionary of English Place-Names
Stirton,'Roman road farm/settlement'. The village is on the main road through Airedale between Skipton and Kendal.,strēt Old English; tūn Old English - An enclosure; a farmstead; a village; an estate.,A.D. Mills; Dictionary of English Place-Names; Watts; Cambridge Dictionary of English Place-names; E. Ekwall; Dictionary of English Place-Names; Smith; Place-names of the West Riding of Yorkshire
Stonebeck Down and Upper,"Named from Stone Beck, a small tributary of the River Nidd.",River-name Unknown - River-name,Smith; Place-names of the West Riding of Yorkshire; E. Ekwall; Dictionary of English Place-Names; A.D. Mills; Dictionary of English Place-Names; Watts; Cambridge Dictionary of English Place-names
Stotfold,'Stud enclosure'.,"stōd-fald Old English - A stud-fold, a horse-enclosure.",Watts; Cambridge Dictionary of English Place-names; A.D. Mills; Dictionary of English Place-Names; E. Ekwall; Dictionary of English Place-Names; Smith; Place-names of the West Riding of Yorkshire
Studley Roger,'Wood/clearing where a stud of horses is kept'. It was held by Roger de Mowbray in 1288.,"lēah Old English - A forest, wood, glade, clearing; (later) a pasture, meadow.; Personal name (Uncertain) Unknown - Personal name; stōd Old English - A stud, a herd of horses.",Smith; Place-names of the West Riding of Yorkshire; Watts; Cambridge Dictionary of English Place-names; A.D. Mills; Dictionary of English Place-Names; E. Ekwall; Dictionary of English Place-Names
Sturton Grange,'Roman road farm/settlement'. It is on the Great North Road.,"grange Middle English - A grange; originally a granary, a barn; later a farm; also an outlying farm belonging to a religious house or a feudal lord, where crops were stored.; strēt Old English; tūn Old English - An enclosure; a farmstead; a village; an estate.",A.D. Mills; Dictionary of English Place-Names; E. Ekwall; Dictionary of English Place-Names; Smith; Place-names of the West Riding of Yorkshire; Watts; Cambridge Dictionary of English Place-names
Stutton with Hazlewood,"Uncertain. Possibly, 'gnat farm/settlement', 'stumpy hillock farm/settlement' or perhaps, 'Stutr's farm/settlement'. 'Hazel wood'.",hesli Old Norse - A hazel-tree.; Personal name (Old Norse) Old Norse - Personal name; stūt Old English - A gnat.; tūn Old English - An enclosure; a farmstead; a village; an estate.,E. Ekwall; Dictionary of English Place-Names; A.D. Mills; Dictionary of English Place-Names; Smith; Place-names of the West Riding of Yorkshire; Watts; Cambridge Dictionary of English Place-names
Sutton,'South farm/settlement'.,"sūð Old English - South, southern.; tūn Old English - An enclosure; a farmstead; a village; an estate.",Smith; Place-names of the West Riding of Yorkshire; A.D. Mills; Dictionary of English Place-Names; Watts; Cambridge Dictionary of English Place-names; E. Ekwall; Dictionary of English Place-Names
Sutton,'South farm/settlement'.,"sūð Old English - South, southern.; tūn Old English - An enclosure; a farmstead; a village; an estate.",Watts; Cambridge Dictionary of English Place-names; Smith; Place-names of the West Riding of Yorkshire; A.D. Mills; Dictionary of English Place-Names; E. Ekwall; Dictionary of English Place-Names
Sutton,'South farm/settlement'.,"sūð Old English - South, southern.; tūn Old English - An enclosure; a farmstead; a village; an estate.",A.D. Mills; Dictionary of English Place-Names; Smith; Place-names of the West Riding of Yorkshire; Watts; Cambridge Dictionary of English Place-names; E. Ekwall; Dictionary of English Place-Names
Sutton Grange,'South farm/settlement'. It was an outlying farm belonging to Fountains Abbey..,"grange Middle English - A grange; originally a granary, a barn; later a farm; also an outlying farm belonging to a religious house or a feudal lord, where crops were stored.; sūð Old English - South, southern.; tūn Old English - An enclosure; a farmstead; a village; an estate.",E. Ekwall; Dictionary of English Place-Names; Smith; Place-names of the West Riding of Yorkshire; Watts; Cambridge Dictionary of English Place-names; A.D. Mills; Dictionary of English Place-Names
Swillington,"Uncertain. Perhaps, 'farm/settlement at *Swinling' incorporating an older place-name, either 'swine-hill place' or 'swine pasture place'.","-ing Old English - Place-name forming suffix.; hyll Old English - A hill, a natural eminence or elevated piece of ground.; lēah Old English - A forest, wood, glade, clearing; (later) a pasture, meadow.; swīn Old English - A swine, a pig.; tūn Old English - An enclosure; a farmstead; a village; an estate.",Watts; Cambridge Dictionary of English Place-names; A.D. Mills; Dictionary of English Place-Names; E. Ekwall; Dictionary of English Place-Names; Smith; Place-names of the West Riding of Yorkshire
Swinden,'Swine valley'.,"denu Old English - A valley.; swīn Old English - A swine, a pig.",E. Ekwall; Dictionary of English Place-Names; A.D. Mills; Dictionary of English Place-Names; Watts; Cambridge Dictionary of English Place-names; Smith; Place-names of the West Riding of Yorkshire
Swinefleet,'Stream called *Swin (= the channel)'.,"flēot Old English - An estuary, an inlet of the sea, a small stream.; swīn Old English - A swine, a pig.",A.D. Mills; Dictionary of English Place-Names; E. Ekwall; Dictionary of English Place-Names; Smith; Place-names of the West Riding of Yorkshire; Watts; Cambridge Dictionary of English Place-names
Swinton,'Swine farm/settlement'.,"swīn Old English - A swine, a pig.; tūn Old English - An enclosure; a farmstead; a village; an estate.",A.D. Mills; Dictionary of English Place-Names; Watts; Cambridge Dictionary of English Place-names; E. Ekwall; Dictionary of English Place-Names; Smith; Place-names of the West Riding of Yorkshire
Sykehouse,'Small-stream house'.,hūs Old English - A house; also sometimes used of a building for special purposes.; sīc Old English - A small stream.,Watts; Cambridge Dictionary of English Place-names; A.D. Mills; Dictionary of English Place-Names; Smith; Place-names of the West Riding of Yorkshire; E. Ekwall; Dictionary of English Place-Names
Tadcaster East,"'Tata's/*Tada's Roman site'. If the mention of King Harald's troops at a place referred to in the Anglo-Saxon Chronicles (C) as 'to Tada' is this place, than it is most likely the second name. This was the Roman settlement of Calcaria, 'lime-works'.",ceaster Old English - A city; an old fortification; a Roman site.; Personal name (Old English) Old English - Personal name,Rivet & Smith; Place-names of Roman Britain; Smith; Place-names of the West Riding of Yorkshire; A.D. Mills; Dictionary of English Place-Names; Watts; Cambridge Dictionary of English Place-names; E. Ekwall; Dictionary of English Place-Names
Tadcaster West,"'Tata's/*Tada's Roman site'. If the mention of King Harald's troops at a place referred to in the Anglo-Saxon Chronicles (C) as 'to Tada' is this place, than it is most likely the second name. This was the Roman settlement of Calcaria, 'lime-works'.",ceaster Old English - A city; an old fortification; a Roman site.; Personal name (Old English) Old English - Personal name,Rivet & Smith; Place-names of Roman Britain; Smith; Place-names of the West Riding of Yorkshire; Watts; Cambridge Dictionary of English Place-names; A.D. Mills; Dictionary of English Place-Names; E. Ekwall; Dictionary of English Place-Names
Tankersley,'T(h)ancred's wood/clearing'.,"lēah Old English - A forest, wood, glade, clearing; (later) a pasture, meadow.; Personal name (Uncertain) Unknown - Personal name",E. Ekwall; Dictionary of English Place-Names; Watts; Cambridge Dictionary of English Place-names; A.D. Mills; Dictionary of English Place-Names; Smith; Place-names of the West Riding of Yorkshire
Tanshelf,'*Taedden's shelf'.,"Personal name (Old English) Old English - Personal name; scelf Old English - A shelf, a shelving terrain; a pinnacle, battlement.",Watts; Cambridge Dictionary of English Place-names; E. Ekwall; Dictionary of English Place-Names; A.D. Mills; Dictionary of English Place-Names; Smith; Place-names of the West Riding of Yorkshire
Temple Hirst,'Wooded hill'. It was held by the Knights Templars in 12th century.,hyrst Old English - A wooded hill.; temple Middle English - A temple; usually in allusion to properties of the Knights Templar.,Smith; Place-names of the West Riding of Yorkshire; Watts; Cambridge Dictionary of English Place-names; A.D. Mills; Dictionary of English Place-Names; E. Ekwall; Dictionary of English Place-Names
Temple Newsham,'At the new houses'. It was held by the Knights Templar.,hūs Old English - A house; also sometimes used of a building for special purposes.; nīwe Old English - New.; temple Middle English - A temple; usually in allusion to properties of the Knights Templar.,Watts; Cambridge Dictionary of English Place-names; E. Ekwall; Dictionary of English Place-Names; A.D. Mills; Dictionary of English Place-Names; Smith; Place-names of the West Riding of Yorkshire
Thorne,'Thorn-tree'.,þorn Old English - A hawthorn-tree.,Smith; Place-names of the West Riding of Yorkshire; Watts; Cambridge Dictionary of English Place-names; E. Ekwall; Dictionary of English Place-Names; A.D. Mills; Dictionary of English Place-Names
Thorner,'Thorn-tree ridge'.,"ōfer Old English - A margin; a river-bank, sea-shore.; þorn Old English - A hawthorn-tree.",E. Ekwall; Dictionary of English Place-Names; Smith; Place-names of the West Riding of Yorkshire; A.D. Mills; Dictionary of English Place-Names; Watts; Cambridge Dictionary of English Place-names
Thornhill,'Thorn-tree hill'.,"hyll Old English - A hill, a natural eminence or elevated piece of ground.; þorn Old English - A hawthorn-tree.",A.D. Mills; Dictionary of English Place-Names; Smith; Place-names of the West Riding of Yorkshire; E. Ekwall; Dictionary of English Place-Names; Watts; Cambridge Dictionary of English Place-names
Thornthwaite,'Thorn-tree clearing'.,"þorn Old Norse - A hawthorn-tree.; þveit Old Norse - A clearing, a meadow, a paddock.",Smith; Place-names of the West Riding of Yorkshire; E. Ekwall; Dictionary of English Place-Names; A.D. Mills; Dictionary of English Place-Names; Watts; Cambridge Dictionary of English Place-names
Thornton,'Thorn-tree farm/settlement'.,tūn Old English - An enclosure; a farmstead; a village; an estate.; þorn Old English - A hawthorn-tree.,Watts; Cambridge Dictionary of English Place-names; E. Ekwall; Dictionary of English Place-Names; A.D. Mills; Dictionary of English Place-Names; Smith; Place-names of the West Riding of Yorkshire
Thornton in Craven,"'Thorn-tree farm/settlement'. Thornton is in the Domesday wapentake of Craven, recorded in 1086 as Cravescire, and referring to the district between Ribblesdale and Great Whernside. Probably a Celtic name, 'wild-garlic district', perhaps related to Welsh",Place-name Unknown - Place-name; tūn Old English - An enclosure; a farmstead; a village; an estate.; þorn Old English - A hawthorn-tree.,E. Ekwall; Dictionary of English Place-Names; Smith; Place-names of the West Riding of Yorkshire; Watts; Cambridge Dictionary of English Place-names; A.D. Mills; Dictionary of English Place-Names
Thornton in Lonsdale,'Thorn-tree farm/settlement'.,tūn Old English - An enclosure; a farmstead; a village; an estate.; þorn Old English - A hawthorn-tree.,Watts; Cambridge Dictionary of English Place-names; A.D. Mills; Dictionary of English Place-Names; Smith; Place-names of the West Riding of Yorkshire; E. Ekwall; Dictionary of English Place-Names
Thornville,"Originally, a detached portion of Whixley parish probably renamed by Colonel Thornton when he acquired the manor of Allerton Mauleverer from the Duke of York in 1789.",Family name Unknown - Family name.,Watts; Cambridge Dictionary of English Place-names; E. Ekwall; Dictionary of English Place-Names; A.D. Mills; Dictionary of English Place-Names; Smith; Place-names of the West Riding of Yorkshire
Thorp Arch,"'Outlying farm/settlement'. It was held by Osbern de Arches and then his son, William.","þorp Old Norse - A secondary settlement, a dependent outlying farmstead or hamlet.",Watts; Cambridge Dictionary of English Place-names; Smith; Place-names of the West Riding of Yorkshire; E. Ekwall; Dictionary of English Place-Names; A.D. Mills; Dictionary of English Place-Names
Thorpe,'Outlying farm/settlement'. Also known as Thorpe on the Hill to distinguish from other places called Thorpe.,"þorp Old Norse - A secondary settlement, a dependent outlying farmstead or hamlet.",E. Ekwall; Dictionary of English Place-Names; Smith; Place-names of the West Riding of Yorkshire; Watts; Cambridge Dictionary of English Place-names; A.D. Mills; Dictionary of English Place-Names
Thorpe,'Outlying farm/settlement'.,"þorp Old Norse - A secondary settlement, a dependent outlying farmstead or hamlet.",Watts; Cambridge Dictionary of English Place-names; A.D. Mills; Dictionary of English Place-Names; E. Ekwall; Dictionary of English Place-Names; Smith; Place-names of the West Riding of Yorkshire
Thorpe Audling,'Outlying farm/settlement'. Audelin's (from the OGer personal name Aldelin) son William was a tenant in 1190.,"Personal name (Uncertain) Unknown - Personal name; þorp Old Norse - A secondary settlement, a dependent outlying farmstead or hamlet.",E. Ekwall; Dictionary of English Place-Names; Smith; Place-names of the West Riding of Yorkshire; Watts; Cambridge Dictionary of English Place-names; A.D. Mills; Dictionary of English Place-Names
Thorpe in Balne,"'Outlying farm/settlement' in the district of Balne, which survives as the name of the parish Balne in the Osgoldcross Hundred.","Place-name Unknown - Place-name; þorp Old Norse - A secondary settlement, a dependent outlying farmstead or hamlet.",A.D. Mills; Dictionary of English Place-Names; E. Ekwall; Dictionary of English Place-Names; Smith; Place-names of the West Riding of Yorkshire; Watts; Cambridge Dictionary of English Place-names
Thorpe Salvin,'Outlying farm/settlement'. It was held by the Salvain family in the 13th century.,"Family name Unknown - Family name.; þorp Old Norse - A secondary settlement, a dependent outlying farmstead or hamlet.",Watts; Cambridge Dictionary of English Place-names; E. Ekwall; Dictionary of English Place-Names; Smith; Place-names of the West Riding of Yorkshire; A.D. Mills; Dictionary of English Place-Names
Thorpe Stapleton,'Outlying farm/settlement'. The name of the Stapleton family is mention in 1240.,"Family name Unknown - Family name.; þorp Old Norse - A secondary settlement, a dependent outlying farmstead or hamlet.",Watts; Cambridge Dictionary of English Place-names; E. Ekwall; Dictionary of English Place-Names; A.D. Mills; Dictionary of English Place-Names; Smith; Place-names of the West Riding of Yorkshire
Thorpe Underwood,'Outlying farm/settlement'. There are woods on Thorpe Hill overlooking the village.,"under Old English - Under, beneath, below.; wudu Old English - A wood; or wood, timber.; þorp Old Norse - A secondary settlement, a dependent outlying farmstead or hamlet.",Smith; Place-names of the West Riding of Yorkshire; E. Ekwall; Dictionary of English Place-Names; Watts; Cambridge Dictionary of English Place-names; A.D. Mills; Dictionary of English Place-Names
Thorpe Willoughby,'Outlying farm/settlement'. Robert de Willeby was mentioned here in 1237.,"Family name Unknown - Family name.; þorp Old Norse - A secondary settlement, a dependent outlying farmstead or hamlet.",A.D. Mills; Dictionary of English Place-Names; E. Ekwall; Dictionary of English Place-Names; Watts; Cambridge Dictionary of English Place-names; Smith; Place-names of the West Riding of Yorkshire
Threshfield,'Threshing open land'.,"feld Old English - Open country, unencumbered ground (eg. land without trees as opposed to forest, level ground as opposed to hills, land without buildings); arable land (from late tenth century).; þresc Old English - A thrashing, a beating; probably also threshing.",Smith; Place-names of the West Riding of Yorkshire; E. Ekwall; Dictionary of English Place-Names; Watts; Cambridge Dictionary of English Place-names; A.D. Mills; Dictionary of English Place-Names
Thruscross,'Thori's cross'.,"cros Middle English - A cross, the Cross. (Also late Old English); Personal name (Old Norse) Old Norse - Personal name",E. Ekwall; Dictionary of English Place-Names; Watts; Cambridge Dictionary of English Place-names; A.D. Mills; Dictionary of English Place-Names; Smith; Place-names of the West Riding of Yorkshire
Thrybergh,'Three hills'.,berg Old English; þrēo Old English - Three.,A.D. Mills; Dictionary of English Place-Names; Watts; Cambridge Dictionary of English Place-names; Smith; Place-names of the West Riding of Yorkshire; E. Ekwall; Dictionary of English Place-Names
Thurgoland,'Thorgeirr's land'.,land Old English - Land (as part of earth's surface); an estate; possibly also new arable area.  In minor and field names: strip in a field-system.; Personal name (Old Norse) Old Norse - Personal name,Smith; Place-names of the West Riding of Yorkshire; E. Ekwall; Dictionary of English Place-Names; A.D. Mills; Dictionary of English Place-Names; Watts; Cambridge Dictionary of English Place-names
Thurlstone,'Thorulfr's farm/settlement'.,Personal name (Old Norse) Old Norse - Personal name; tūn Old English - An enclosure; a farmstead; a village; an estate.,Smith; Place-names of the West Riding of Yorkshire; E. Ekwall; Dictionary of English Place-Names; A.D. Mills; Dictionary of English Place-Names; Watts; Cambridge Dictionary of English Place-names
Thurnscoe,"'Thorn-tree wood'. In 1086 there was a woodland for pannage, or swine-pasturage, here.",skógr Old Norse - A wood.; þyrnir Old Norse - A thorn-bush.,E. Ekwall; Dictionary of English Place-Names; Smith; Place-names of the West Riding of Yorkshire; Watts; Cambridge Dictionary of English Place-names; A.D. Mills; Dictionary of English Place-Names
Thurstonland,'Thorsteinn's land'.,"land Old Norse - Land (as part of earth's surface); an estate; new arable area.  In minor and field names: strip in a field-system.  In Scandinavian names: land by water or by a river, a shore.; Personal name (Old Norse) Old Norse - Personal name",Smith; Place-names of the West Riding of Yorkshire; E. Ekwall; Dictionary of English Place-Names; Watts; Cambridge Dictionary of English Place-names; A.D. Mills; Dictionary of English Place-Names
Tickhill,"Either, '*Tica's hill' or 'young goat hill'.","hyll Old English - A hill, a natural eminence or elevated piece of ground.; Personal name (Old English) Old English - Personal name; ticcen Old English - A kid, a young goat.",Watts; Cambridge Dictionary of English Place-names; A.D. Mills; Dictionary of English Place-Names; E. Ekwall; Dictionary of English Place-Names; Smith; Place-names of the West Riding of Yorkshire
Tinsley,'*Tynni's mound'.,hlāw Old English - A tumulus; a hill.; Personal name (Old English) Old English - Personal name,A.D. Mills; Dictionary of English Place-Names; E. Ekwall; Dictionary of English Place-Names; Watts; Cambridge Dictionary of English Place-names; Smith; Place-names of the West Riding of Yorkshire
Tockwith,'Toki's wood'.,"Personal name (Old Norse) Old Norse - Personal name; viðr Old Norse - A wood; or a tree, a tree-trunk.",Smith; Place-names of the West Riding of Yorkshire; A.D. Mills; Dictionary of English Place-Names; E. Ekwall; Dictionary of English Place-Names; Watts; Cambridge Dictionary of English Place-names
Todmorden and Walsden,"'Totta's boundary valley', referring to the boundary between Yorkshire and Lancashire. Either, '*Walsa's valley' or 'Britons' valley'.","denu Old English - A valley.; mǣre Old English - A boundary, a border; (in field names) the balk of a ploughland.; Personal name (Old English) Old English - Personal name; walh Old English",Smith; Place-names of the West Riding of Yorkshire; E. Ekwall; Dictionary of English Place-Names; Watts; Cambridge Dictionary of English Place-names; A.D. Mills; Dictionary of English Place-Names
Todwick,'Tata's specialised farm'.,"Personal name (Old English) Old English - Personal name; wīc Old English - A dwelling; a building or collection of buildings for special purposes; a farm, a dairy farm; a trading or industrial settlement; or (in the plural) a hamlet, village.",A.D. Mills; Dictionary of English Place-Names; Watts; Cambridge Dictionary of English Place-names; E. Ekwall; Dictionary of English Place-Names; Smith; Place-names of the West Riding of Yorkshire
Tong,"Literally, 'tong', probably used of a 'spit of land' or prominent 'tong-shaped' feature in the landscape. In this case, the prominent ridge between Tyersall Beck and Cockers Dale on which the village sits.","tang Old English - A tong, forceps.; tweonga Old English - A pinched piece: a spit of land.",A.D. Mills; Dictionary of English Place-Names; E. Ekwall; Dictionary of English Place-Names; Watts; Cambridge Dictionary of English Place-names; Smith; Place-names of the West Riding of Yorkshire
Tosside,"Either, 'Thorir's hill-side' or 'Thorir's hill-pasture'.","Personal name (Old Norse) Old Norse - Personal name; set Old English - A dwelling, a camp, a place for animals, a stable, a fold.; sīde Old English - A side; a long hill-slope.",Watts; Cambridge Dictionary of English Place-names; A.D. Mills; Dictionary of English Place-Names; E. Ekwall; Dictionary of English Place-Names; Smith; Place-names of the West Riding of Yorkshire
Towton,'Tofi's farm/settlement'.,Personal name (Old Norse) Old Norse - Personal name; tūn Old English - An enclosure; a farmstead; a village; an estate.,Watts; Cambridge Dictionary of English Place-names; A.D. Mills; Dictionary of English Place-Names; Smith; Place-names of the West Riding of Yorkshire; E. Ekwall; Dictionary of English Place-Names
Treeton,'Tree farm/settlement'.,"trēow Old English - A tree; a large piece of wood, a post, a beam.; tūn Old English - An enclosure; a farmstead; a village; an estate.",Watts; Cambridge Dictionary of English Place-names; Smith; Place-names of the West Riding of Yorkshire; A.D. Mills; Dictionary of English Place-Names; E. Ekwall; Dictionary of English Place-Names
Ulleskelf,'Ulfr's shelfing land'. An earlier OE scelf with the same meaning may have been replaced by ON skjalf.,Personal name (Old Norse) Old Norse - Personal name; skjalf Old Norse - A seat; a shelf.,A.D. Mills; Dictionary of English Place-Names; E. Ekwall; Dictionary of English Place-Names; Watts; Cambridge Dictionary of English Place-names; Smith; Place-names of the West Riding of Yorkshire
Ulley,'Owl wood/clearing'.,"lēah Old English - A forest, wood, glade, clearing; (later) a pasture, meadow.; ūle Old English - An owl.",E. Ekwall; Dictionary of English Place-Names; Watts; Cambridge Dictionary of English Place-names; Smith; Place-names of the West Riding of Yorkshire; A.D. Mills; Dictionary of English Place-Names
Upper and Lower Dunsforth with Branton Green,'Dun(n)'s ford'.,ford Old English - A ford.; Personal name (Old English) Old English - Personal name,Watts; Cambridge Dictionary of English Place-names; Smith; Place-names of the West Riding of Yorkshire; A.D. Mills; Dictionary of English Place-Names; E. Ekwall; Dictionary of English Place-Names
Upper and Lower Whitley,'White wood/clearing'.,"hwīt Old English - White; in early Modern English sometimes ""infertile"" in contrast with black, ""fertile"".; lēah Old English - A forest, wood, glade, clearing; (later) a pasture, meadow.",Watts; Cambridge Dictionary of English Place-names; A.D. Mills; Dictionary of English Place-Names; Smith; Place-names of the West Riding of Yorkshire; E. Ekwall; Dictionary of English Place-Names
Upperthong,"Upper 'narrow strip of land', to distinguish from Netherthong.",neoðera Old English - Lower. (No positive form.); þwang Old English - A thong; a narrow strip of land.,Watts; Cambridge Dictionary of English Place-names; A.D. Mills; Dictionary of English Place-Names; E. Ekwall; Dictionary of English Place-Names; Smith; Place-names of the West Riding of Yorkshire
Upton,'Upper farm/settlement'.,"tūn Old English - An enclosure; a farmstead; a village; an estate.; upp Old English - Up, higher up, upon.",Watts; Cambridge Dictionary of English Place-names; Smith; Place-names of the West Riding of Yorkshire; E. Ekwall; Dictionary of English Place-Names; A.D. Mills; Dictionary of English Place-Names
Waddington,'Farm/settlement connected with Wada'.,"-ingtūn Old English - A settlement called after, or connected with . . .; Personal name (Old English) Old English - Personal name",Smith; Place-names of the West Riding of Yorkshire; Watts; Cambridge Dictionary of English Place-names; E. Ekwall; Dictionary of English Place-Names; A.D. Mills; Dictionary of English Place-Names
Wadsworth,"'*Waeddi's enclosure'. The site of the village is unknown, unless it is the same as the place marked on the map as 'Old Town' (SD 99 28).",Personal name (Old English) Old English - Personal name; worð Old English - An enclosure.,Watts; Cambridge Dictionary of English Place-names; E. Ekwall; Dictionary of English Place-Names; A.D. Mills; Dictionary of English Place-Names; Smith; Place-names of the West Riding of Yorkshire
Wadworth,'Wad(d)a's enclosure'.,Personal name (Old English) Old English - Personal name; worð Old English - An enclosure.,A.D. Mills; Dictionary of English Place-Names; Smith; Place-names of the West Riding of Yorkshire; E. Ekwall; Dictionary of English Place-Names; Watts; Cambridge Dictionary of English Place-names
Wakefield,"Uncertain. '*Waca's open land' or 'wake open land', referring to a plce where feasts or revels were held. The later explanation may be more likely than an otherwise unattested personal name, especially since the Towneley Plays are thought to have orginate","feld Old English - Open country, unencumbered ground (eg. land without trees as opposed to forest, level ground as opposed to hills, land without buildings); arable land (from late tenth century).; Personal name (Old English) Old English - Personal name; wacu Old English - A watch, a wake.",Ekwall; Studies2; A.D. Mills; Dictionary of English Place-Names; E. Ekwall; Dictionary of English Place-Names; Watts; Cambridge Dictionary of English Place-names; Smith; Place-names of the West Riding of Yorkshire
Walden Stubbs,"'Tree-stumps'. It is distinguished from Hamphall Stubbs by the personal name, Walding, from either OGer Waldin or the OE patrynomic, son of Walda.","-ing Old English - Place-name forming suffix.; Personal name (Old English) Old English - Personal name; Personal name (Uncertain) Unknown - Personal name; stubb Old English - A stub, a tree-stump.",Smith; Place-names of the West Riding of Yorkshire; E. Ekwall; Dictionary of English Place-Names; Watts; Cambridge Dictionary of English Place-names; A.D. Mills; Dictionary of English Place-Names
Wales,'Britons'.,walh Old English,Watts; Cambridge Dictionary of English Place-names; Smith; Place-names of the West Riding of Yorkshire; A.D. Mills; Dictionary of English Place-Names
Walkingham Hill,'Homestead/village of Walca's people'.,-ingahām Old English - The village of the people of . . . ; the village of the people called after . . .; Personal name (Old English) Old English - Personal name,E. Ekwall; Dictionary of English Place-Names; Watts; Cambridge Dictionary of English Place-names; Smith; Place-names of the West Riding of Yorkshire; A.D. Mills; Dictionary of English Place-Names
Walton,'Britons' farm/settlement'.,tūn Old English - An enclosure; a farmstead; a village; an estate.; walh Old English,E. Ekwall; Dictionary of English Place-Names; A.D. Mills; Dictionary of English Place-Names; Watts; Cambridge Dictionary of English Place-names; Smith; Place-names of the West Riding of Yorkshire
Walton,'Britons' farm/settlement'.,tūn Old English - An enclosure; a farmstead; a village; an estate.; walh Old English,E. Ekwall; Dictionary of English Place-Names; Watts; Cambridge Dictionary of English Place-names; Smith; Place-names of the West Riding of Yorkshire; A.D. Mills; Dictionary of English Place-Names
Warley,'Werlaf's wood/clearing'.,"lēah Old English - A forest, wood, glade, clearing; (later) a pasture, meadow.; Personal name (Old English) Old English - Personal name",E. Ekwall; Dictionary of English Place-Names; Watts; Cambridge Dictionary of English Place-names; A.D. Mills; Dictionary of English Place-Names; Smith; Place-names of the West Riding of Yorkshire
Warmfield,"Either, 'wren open land' or 'stallion open land'.","feld Old English - Open country, unencumbered ground (eg. land without trees as opposed to forest, level ground as opposed to hills, land without buildings); arable land (from late tenth century).; wrǣna Old English - A stallion.; wrenna Old English - A wren.",Watts; Cambridge Dictionary of English Place-names; E. Ekwall; Dictionary of English Place-Names; A.D. Mills; Dictionary of English Place-Names; Smith; Place-names of the West Riding of Yorkshire
Warmsworth,'Waermi's enclosure'.,Personal name (Old English) Old English - Personal name; worð Old English - An enclosure.,E. Ekwall; Dictionary of English Place-Names; A.D. Mills; Dictionary of English Place-Names; Smith; Place-names of the West Riding of Yorkshire; Watts; Cambridge Dictionary of English Place-names
Warsill,"'Watchman's nook of land' or perhaps, 'watch castle'.","halh Old English - A nook of land; a small valley; dry ground in marsh; a piece of land projecting from, or detached from, the main area of its administrative unit.; sæl Old English - Room, hall, castle.; weard Old English - Watch, ward, protection.",E. Ekwall; Dictionary of English Place-Names; Watts; Cambridge Dictionary of English Place-names; Smith; Place-names of the West Riding of Yorkshire; A.D. Mills; Dictionary of English Place-Names
Wath upon Dearne,'Ford' on the River Dearne.,River-name Unknown - River-name; vað Old Norse - A ford.,A.D. Mills; Dictionary of English Place-Names; E. Ekwall; Dictionary of English Place-Names; Watts; Cambridge Dictionary of English Place-names; Smith; Place-names of the West Riding of Yorkshire
Weardley,'Wigferth's wood/clearing'.,"lēah Old English - A forest, wood, glade, clearing; (later) a pasture, meadow.; Personal name (Old English) Old English - Personal name",Smith; Place-names of the West Riding of Yorkshire; E. Ekwall; Dictionary of English Place-Names; Watts; Cambridge Dictionary of English Place-names; A.D. Mills; Dictionary of English Place-Names
Weeton,'Willow-tree farm/settlement'.,tūn Old English - An enclosure; a farmstead; a village; an estate.; wīðig Old English - A willow-tree; a withy.,E. Ekwall; Dictionary of English Place-Names; Smith; Place-names of the West Riding of Yorkshire; Watts; Cambridge Dictionary of English Place-names; A.D. Mills; Dictionary of English Place-Names
Wentworth,Probably 'Wintra's enclosure'.,Personal name (Old English) Old English - Personal name; worð Old English - An enclosure.,Watts; Cambridge Dictionary of English Place-names; Smith; Place-names of the West Riding of Yorkshire; E. Ekwall; Dictionary of English Place-Names; A.D. Mills; Dictionary of English Place-Names
West Bradford,'Broad ford'.,"brād Old English - Broad, spacious, wide, large.; ford Old English - A ford.",Watts; Cambridge Dictionary of English Place-names; A.D. Mills; Dictionary of English Place-Names; Smith; Place-names of the West Riding of Yorkshire; E. Ekwall; Dictionary of English Place-Names
West Bretton,'Britons' farm/settlement'.,Brettas Old English - The Britons.; tūn Old English - An enclosure; a farmstead; a village; an estate.,Watts; Cambridge Dictionary of English Place-names; A.D. Mills; Dictionary of English Place-Names; E. Ekwall; Dictionary of English Place-Names; Smith; Place-names of the West Riding of Yorkshire
Weston,'West farm/settlement'.,"tūn Old English - An enclosure; a farmstead; a village; an estate.; west Old English - Western, west.",A.D. Mills; Dictionary of English Place-Names; Smith; Place-names of the West Riding of Yorkshire; E. Ekwall; Dictionary of English Place-Names; Watts; Cambridge Dictionary of English Place-names
Westwick,'West specialised farm'.,"west Old English - Western, west.; wīc Old English - A dwelling; a building or collection of buildings for special purposes; a farm, a dairy farm; a trading or industrial settlement; or (in the plural) a hamlet, village.",Smith; Place-names of the West Riding of Yorkshire; Watts; Cambridge Dictionary of English Place-names; A.D. Mills; Dictionary of English Place-Names; E. Ekwall; Dictionary of English Place-Names
Wetherby,'Wether-sheep farm/settlement'.,"bȳ Old Norse - A farmstead, a village.; veðr Old Norse - A wether-sheep.",Watts; Cambridge Dictionary of English Place-names; Smith; Place-names of the West Riding of Yorkshire; E. Ekwall; Dictionary of English Place-Names; A.D. Mills; Dictionary of English Place-Names
Wheatley,'Wheat wood/clearing'.,"hwǣte Old English - Wheat.; lēah Old English - A forest, wood, glade, clearing; (later) a pasture, meadow.",A.D. Mills; Dictionary of English Place-Names; Smith; Place-names of the West Riding of Yorkshire; Watts; Cambridge Dictionary of English Place-names; E. Ekwall; Dictionary of English Place-Names
Whiston,'White stone'.,"hwīt Old English - White; in early Modern English sometimes ""infertile"" in contrast with black, ""fertile"".; stān Old English - A stone, stone, rock.",A.D. Mills; Dictionary of English Place-Names; E. Ekwall; Dictionary of English Place-Names; Watts; Cambridge Dictionary of English Place-names; Smith; Place-names of the West Riding of Yorkshire
Whitcliffe with Thorpe,"'White cliff'. 'Outlying farm/settlement'. Also known as Littlethorpe, it was one of the berewics of Ripon recorded in the Domesday Book.","clif Old English - An escarpment, a hill-slope; a river-bank.; hwīt Old English - White; in early Modern English sometimes ""infertile"" in contrast with black, ""fertile"".; þorp Old Norse - A secondary settlement, a dependent outlying farmstead or hamlet.",A.D. Mills; Dictionary of English Place-Names; Watts; Cambridge Dictionary of English Place-names; Smith; Place-names of the West Riding of Yorkshire; E. Ekwall; Dictionary of English Place-Names
Whitgift,"'Hvitr's marriage portion', 'Hwita's marriage portion' or 'Hwite's marriage portion', the latter a feminine personal name.","gipt Old Norse - A marriage portion, a dowry.; Personal name (Old English) Old English - Personal name; Personal name (Old Norse) Old Norse - Personal name",A.D. Mills; Dictionary of English Place-Names; Smith; Place-names of the West Riding of Yorkshire; Watts; Cambridge Dictionary of English Place-names; E. Ekwall; Dictionary of English Place-Names
Whitley,'White wood/clearing'.,"hwīt Old English - White; in early Modern English sometimes ""infertile"" in contrast with black, ""fertile"".; lēah Old English - A forest, wood, glade, clearing; (later) a pasture, meadow.",E. Ekwall; Dictionary of English Place-Names; Smith; Place-names of the West Riding of Yorkshire; A.D. Mills; Dictionary of English Place-Names; Watts; Cambridge Dictionary of English Place-names
Whitwood,'The white wood'.,"hwīt Old English - White; in early Modern English sometimes ""infertile"" in contrast with black, ""fertile"".; wudu Old English - A wood; or wood, timber.",E. Ekwall; Dictionary of English Place-Names; A.D. Mills; Dictionary of English Place-Names; Watts; Cambridge Dictionary of English Place-names; Smith; Place-names of the West Riding of Yorkshire
Whixley,'*Cwic's wood/clearing'.,"lēah Old English - A forest, wood, glade, clearing; (later) a pasture, meadow.; Personal name (Old English) Old English - Personal name",A.D. Mills; Dictionary of English Place-Names; E. Ekwall; Dictionary of English Place-Names; Smith; Place-names of the West Riding of Yorkshire; Watts; Cambridge Dictionary of English Place-names
Wickersley,'Vikarr's wood/clearing'.,"lēah Old English - A forest, wood, glade, clearing; (later) a pasture, meadow.; Personal name (Old Norse) Old Norse - Personal name",E. Ekwall; Dictionary of English Place-Names; Smith; Place-names of the West Riding of Yorkshire; A.D. Mills; Dictionary of English Place-Names; Watts; Cambridge Dictionary of English Place-names
Widdington,'Willow-tree farm/settlement'.,tūn Old English - An enclosure; a farmstead; a village; an estate.; wīðig Old English - A willow-tree; a withy.,Smith; Place-names of the West Riding of Yorkshire; A.D. Mills; Dictionary of English Place-Names; Watts; Cambridge Dictionary of English Place-names; E. Ekwall; Dictionary of English Place-Names
Wigglesworth,'Wincel's enclosure'.,Personal name (Old English) Old English - Personal name; worð Old English - An enclosure.,A.D. Mills; Dictionary of English Place-Names; Watts; Cambridge Dictionary of English Place-names; E. Ekwall; Dictionary of English Place-Names; Smith; Place-names of the West Riding of Yorkshire
Wighill,'Specialised farm nook of land'. It has been suggested that OE wic might be used here in an early sense of a Roman-British vicus (= trading station).,"halh Old English - A nook of land; a small valley; dry ground in marsh; a piece of land projecting from, or detached from, the main area of its administrative unit.; wīc Old English - A dwelling; a building or collection of buildings for special purposes; a farm, a dairy farm; a trading or industrial settlement; or (in the plural) a hamlet, village.",Watts; Cambridge Dictionary of English Place-names; A.D. Mills; Dictionary of English Place-Names; E. Ekwall; Dictionary of English Place-Names; Smith; Place-names of the West Riding of Yorkshire
Wigton,'Wike's hill'.,dūn Old English - A hill.; Personal name (Old English) Old English - Personal name,Smith; Place-names of the West Riding of Yorkshire; A.D. Mills; Dictionary of English Place-Names; E. Ekwall; Dictionary of English Place-Names; Watts; Cambridge Dictionary of English Place-names
Wike,'Specialised farm'.,"wīc Old English - A dwelling; a building or collection of buildings for special purposes; a farm, a dairy farm; a trading or industrial settlement; or (in the plural) a hamlet, village.",Watts; Cambridge Dictionary of English Place-names; E. Ekwall; Dictionary of English Place-Names; A.D. Mills; Dictionary of English Place-Names; Smith; Place-names of the West Riding of Yorkshire
Wilsden,'Wilsige's valley'.,denu Old English - A valley.; Personal name (Old English) Old English - Personal name,Smith; Place-names of the West Riding of Yorkshire; A.D. Mills; Dictionary of English Place-Names; Watts; Cambridge Dictionary of English Place-names; E. Ekwall; Dictionary of English Place-Names
Wilstrop,'Wifel's outlying farm/settlement'.,"Personal name (Old Norse) Old Norse - Personal name; þorp Old Norse - A secondary settlement, a dependent outlying farmstead or hamlet.",A.D. Mills; Dictionary of English Place-Names; Smith; Place-names of the West Riding of Yorkshire; E. Ekwall; Dictionary of English Place-Names; Watts; Cambridge Dictionary of English Place-names
Winksley,'Winuc's wood/clearing'.,"feld Old English - Open country, unencumbered ground (eg. land without trees as opposed to forest, level ground as opposed to hills, land without buildings); arable land (from late tenth century).; Personal name (Old English) Old English - Personal name",Smith; Place-names of the West Riding of Yorkshire; Watts; Cambridge Dictionary of English Place-names; E. Ekwall; Dictionary of English Place-Names; A.D. Mills; Dictionary of English Place-Names
Wintersett,'Winter dwelling'.,"set Old English - A dwelling, a camp, a place for animals, a stable, a fold.; winter Old English - Winter.",Watts; Cambridge Dictionary of English Place-names; E. Ekwall; Dictionary of English Place-Names; A.D. Mills; Dictionary of English Place-Names; Smith; Place-names of the West Riding of Yorkshire
Wistow,'Dwelling place'.,"wīc-stōw Old English - A dwelling place, a camp.",A.D. Mills; Dictionary of English Place-Names; E. Ekwall; Dictionary of English Place-Names; Watts; Cambridge Dictionary of English Place-names; Smith; Place-names of the West Riding of Yorkshire
Wombwell,"Uncertain. Possibly, 'Wamba's spring/stream'. Alternatively, perhaps, 'womb spring/stream' used in a topographic sense of 'hollow'.","Personal name (Old English) Old English - Personal name; wamb Old English - A womb, a belly; topographically a hollow.; wella Old English",Watts; Cambridge Dictionary of English Place-names; Smith; Place-names of the West Riding of Yorkshire; A.D. Mills; Dictionary of English Place-Names; E. Ekwall; Dictionary of English Place-Names
Womersley,'Wilmaer's wood/clearing'.,"lēah Old English - A forest, wood, glade, clearing; (later) a pasture, meadow.; Personal name (Old English) Old English - Personal name",Watts; Cambridge Dictionary of English Place-names; A.D. Mills; Dictionary of English Place-Names; Smith; Place-names of the West Riding of Yorkshire; E. Ekwall; Dictionary of English Place-Names
Woodsetts,'Wood dwellings'.,"set Old English - A dwelling, a camp, a place for animals, a stable, a fold.; wudu Old English - A wood; or wood, timber.",E. Ekwall; Dictionary of English Place-Names; A.D. Mills; Dictionary of English Place-Names; Smith; Place-names of the West Riding of Yorkshire; Watts; Cambridge Dictionary of English Place-names
Wooldale,'Wolf valley'.,dæl Old English; wulf Old English - A wolf.,E. Ekwall; Dictionary of English Place-Names; Watts; Cambridge Dictionary of English Place-names; A.D. Mills; Dictionary of English Place-Names; Smith; Place-names of the West Riding of Yorkshire
Woolley,'Wolf wood/clearing'.,"lēah Old English - A forest, wood, glade, clearing; (later) a pasture, meadow.; wulf Old English - A wolf.",E. Ekwall; Dictionary of English Place-Names; A.D. Mills; Dictionary of English Place-Names; Watts; Cambridge Dictionary of English Place-names; Smith; Place-names of the West Riding of Yorkshire
Worsbrough,'*Wyrc's fortification'.,burh Old English - A fortified place.; Personal name (Old English) Old English - Personal name,A.D. Mills; Dictionary of English Place-Names; Smith; Place-names of the West Riding of Yorkshire; E. Ekwall; Dictionary of English Place-Names; Watts; Cambridge Dictionary of English Place-names
Wortley,'Vegetable wood/clearing'.,"lēah Old English - A forest, wood, glade, clearing; (later) a pasture, meadow.; wyrt Old English - A plant, a vegetable.",A.D. Mills; Dictionary of English Place-Names; Watts; Cambridge Dictionary of English Place-names; E. Ekwall; Dictionary of English Place-Names; Smith; Place-names of the West Riding of Yorkshire
Wothersome,'At the wood houses'.,"hús Old Norse - A house; also sometimes used of a building for special purposes.; wudu Old English - A wood; or wood, timber.",Watts; Cambridge Dictionary of English Place-names; A.D. Mills; Dictionary of English Place-Names; Smith; Place-names of the West Riding of Yorkshire; E. Ekwall; Dictionary of English Place-Names
Wyke,'Specialised farm'.,"wīc Old English - A dwelling; a building or collection of buildings for special purposes; a farm, a dairy farm; a trading or industrial settlement; or (in the plural) a hamlet, village.",E. Ekwall; Dictionary of English Place-Names; Smith; Place-names of the West Riding of Yorkshire; Watts; Cambridge Dictionary of English Place-names; A.D. Mills; Dictionary of English Place-Names
Yeadon,'Steep hill'.,dūn Old English - A hill.; gǣh Old English - Steep.,Watts; Cambridge Dictionary of English Place-names; Smith; Place-names of the West Riding of Yorkshire; E. Ekwall; Dictionary of English Place-Names; A.D. Mills; Dictionary of English Place-Names
York,"'Yew-tree' or a personal name, 'Eburos', derived from the same root, with the place- and river-name forming suffix -aco. With Anglian settlement, the name became associated with OE eofor, 'boar' and wic, 'specialised farm', which was further adapted by la",-āco- C; eburos C,Smith; Place-names of the East Riding of Yorkshire; E. Ekwall; Dictionary of English Place-Names; A.D. Mills; Dictionary of English Place-Names; Watts; Cambridge Dictionary of English Place-names
