PlaceName,Etymology,Derivation,ReferenceTitle
Acklam,'At the oak woods/clearings'.,"āc Old English - An oak-tree.; lēah Old English - A forest, wood, glade, clearing; (later) a pasture, meadow.",A.D. Mills; Dictionary of English Place-Names; Watts; Cambridge Dictionary of English Place-names; Smith; Place-Names of the North Riding of Yorkshire; E. Ekwall; Dictionary of English Place-Names
Agglethorpe with Coverham,'Homestead/village on the River Cover'. 'Acwulf's outlying farm/settlement'.,"hām Old English - A village, a village community, a manor, an estate, a homestead.; Personal name (Old English) Old English - Personal name; River-name Unknown - River-name; þorp Old Norse - A secondary settlement, a dependent outlying farmstead or hamlet.",Smith; Place-Names of the North Riding of Yorkshire; E. Ekwall; Dictionary of English Place-Names; A.D. Mills; Dictionary of English Place-Names; Watts; Cambridge Dictionary of English Place-names
Aikber,'Oak hill'.,"berg Old English; eiki Old Norse - Oaken, oak, oakwood.",E. Ekwall; Dictionary of English Place-Names; Smith; Place-Names of the North Riding of Yorkshire; A.D. Mills; Dictionary of English Place-Names; Watts; Cambridge Dictionary of English Place-names
Ainderby Mires with Holtby,'Eindrithi's farm/settlement'. 'Mires' to distinguish from Ainderby Quernhow and because of the swampy nature of the ground. 'Holti's farm/settlement',"bȳ Old Norse - A farmstead, a village.; mýrr Old Norse - A swamp.; Personal name (Old Norse) Old Norse - Personal name",Smith; Place-Names of the North Riding of Yorkshire; A.D. Mills; Dictionary of English Place-Names; Watts; Cambridge Dictionary of English Place-names; E. Ekwall; Dictionary of English Place-Names
Ainderby Quernhow,"'Eindrithi's farm/settlement'. Quernhow, 'quern-shaped burial mound', forms the boundary between Ainderby and Middleton Quernhow.","bȳ Old Norse - A farmstead, a village.; haugr Old Norse - A natural height, a hill, a heap, an artificial mound, a burial mound.; kvern Old Norse - A hand-mill; a mill; a mill-stone.; Personal name (Old Norse) Old Norse - Personal name",Watts; Cambridge Dictionary of English Place-names; E. Ekwall; Dictionary of English Place-Names; A.D. Mills; Dictionary of English Place-Names; Smith; Place-Names of the North Riding of Yorkshire
Ainderby Steeple,"'Eindrithi's farm/settlement' with a steeple (ie., a church).","bȳ Old Norse - A farmstead, a village.; Personal name (Old Norse) Old Norse - Personal name; stēpel Old English",E. Ekwall; Dictionary of English Place-Names; Watts; Cambridge Dictionary of English Place-names; A.D. Mills; Dictionary of English Place-Names; Smith; Place-Names of the North Riding of Yorkshire
Airyholme with Howthorpe and Baxtonhowe,"'At the shielings/hill-pastures'. Probably, 'hollow outlying farm/settlement'. Obscure.","erg Old Norse - A shieling, a hill-pasture; a summer-pasture camp, a dairy or grazing out-station.; hol Old English - A hole, a hollow.; Obscure element Unknown - Obscure element; þorp Old Norse - A secondary settlement, a dependent outlying farmstead or hamlet.",Smith; Place-Names of the North Riding of Yorkshire; E. Ekwall; Dictionary of English Place-Names; Watts; Cambridge Dictionary of English Place-names; A.D. Mills; Dictionary of English Place-Names
Aiskew,'Oak wood'.,eik Old Norse - An oak-tree.; skógr Old Norse - A wood.,E. Ekwall; Dictionary of English Place-Names; Smith; Place-Names of the North Riding of Yorkshire; Watts; Cambridge Dictionary of English Place-names; A.D. Mills; Dictionary of English Place-Names
Aislaby,'Aslakr's farm/settlement'.,"bȳ Old Norse - A farmstead, a village.; Personal name (Old Norse) Old Norse - Personal name",Smith; Place-Names of the North Riding of Yorkshire; Watts; Cambridge Dictionary of English Place-names; E. Ekwall; Dictionary of English Place-Names; A.D. Mills; Dictionary of English Place-Names
Aislaby,'Asulfr's farm/settlement'.,"bȳ Old Norse - A farmstead, a village.; Personal name (Old Norse) Old Norse - Personal name",Watts; Cambridge Dictionary of English Place-names; E. Ekwall; Dictionary of English Place-Names; Smith; Place-Names of the North Riding of Yorkshire; A.D. Mills; Dictionary of English Place-Names
Aldbrough,'Old fortification'.,ald Old English; burh Old English - A fortified place.,Watts; Cambridge Dictionary of English Place-names; E. Ekwall; Dictionary of English Place-Names; A.D. Mills; Dictionary of English Place-Names; Smith; Place-Names of the North Riding of Yorkshire
Aldwark,'Old fortification'.,"ald Old English; weorc Old English - A work, a building structure; a fortification.",Watts; Cambridge Dictionary of English Place-names; Smith; Place-Names of the North Riding of Yorkshire; A.D. Mills; Dictionary of English Place-Names; E. Ekwall; Dictionary of English Place-Names
Allerston,'Aelfhere's stone'.,"Personal name (Old English) Old English - Personal name; stān Old English - A stone, stone, rock.",A.D. Mills; Dictionary of English Place-Names; Smith; Place-Names of the North Riding of Yorkshire; Watts; Cambridge Dictionary of English Place-names; E. Ekwall; Dictionary of English Place-Names
Alne,"Uncertain. Perhaps the original name of the River Kyle, where the place stands today.",River-name Unknown - River-name,A.D. Mills; Dictionary of English Place-Names; Watts; Cambridge Dictionary of English Place-names; E. Ekwall; Dictionary of English Place-Names; Smith; Place-Names of the North Riding of Yorkshire
Amotherby,'Eymundr's farm/settlement'.,"bȳ Old Norse - A farmstead, a village.; Personal name (Old Norse) Old Norse - Personal name",Smith; Place-Names of the North Riding of Yorkshire; Watts; Cambridge Dictionary of English Place-names; E. Ekwall; Dictionary of English Place-Names; A.D. Mills; Dictionary of English Place-Names
Ampleforth,'Dock/sorrel ford'.,"ampre Old English - Dock, sorrel.; ford Old English - A ford.",Watts; Cambridge Dictionary of English Place-names; A.D. Mills; Dictionary of English Place-Names; E. Ekwall; Dictionary of English Place-Names; Smith; Place-Names of the North Riding of Yorkshire
Angram Grange,'At the pastures'. 'Grange' is a later addition.,"anger Old English - Grassland, pasture land.; grange Middle English - A grange; originally a granary, a barn; later a farm; also an outlying farm belonging to a religious house or a feudal lord, where crops were stored.",E. Ekwall; Dictionary of English Place-Names; Smith; Place-Names of the North Riding of Yorkshire; Watts; Cambridge Dictionary of English Place-names; A.D. Mills; Dictionary of English Place-Names
Appleton le Moors,'Apple orchard' near the moors. 'le Moors' is a late addition to distinguish from Appleton le Street.,æppel-tūn Old English - An orchard.,A.D. Mills; Dictionary of English Place-Names; E. Ekwall; Dictionary of English Place-Names; Smith; Place-Names of the North Riding of Yorkshire; Watts; Cambridge Dictionary of English Place-names
Appleton le Street,'Apple orchard on a Roman road'.,æppel-tūn Old English - An orchard.; le Old French - The.; strēt Old English,Smith; Place-Names of the North Riding of Yorkshire; E. Ekwall; Dictionary of English Place-Names; A.D. Mills; Dictionary of English Place-Names; Watts; Cambridge Dictionary of English Place-names
Appleton Wiske,'Apple orchard' on the River Wiske.,æppel-tūn Old English - An orchard.; River-name Unknown - River-name,Smith; Place-Names of the North Riding of Yorkshire; A.D. Mills; Dictionary of English Place-Names; E. Ekwall; Dictionary of English Place-Names; Watts; Cambridge Dictionary of English Place-names
Arden,"Probably, 'Earda's valley'.",denu Old English - A valley.; Personal name (Old English) Old English - Personal name,Watts; Cambridge Dictionary of English Place-names; Smith; Place-Names of the North Riding of Yorkshire; A.D. Mills; Dictionary of English Place-Names; E. Ekwall; Dictionary of English Place-Names
Arkengarthdale,'Arkil's enclosure valley'.,dæl Old English; garðr Old Norse - An enclosure.; Personal name (Uncertain) Unknown - Personal name,Smith; Place-Names of the North Riding of Yorkshire; A.D. Mills; Dictionary of English Place-Names; Watts; Cambridge Dictionary of English Place-names; E. Ekwall; Dictionary of English Place-Names
Arrathorne,'Thorn-tree shieling/hill-pasture'.,"erg Old Norse - A shieling, a hill-pasture; a summer-pasture camp, a dairy or grazing out-station.; þorn Old Norse - A hawthorn-tree.",E. Ekwall; Dictionary of English Place-Names; Watts; Cambridge Dictionary of English Place-names; A.D. Mills; Dictionary of English Place-Names; Smith; Place-Names of the North Riding of Yorkshire
Asenby,'Eystein's farm/settlement'.,"bȳ Old Norse - A farmstead, a village.; Personal name (Old Norse) Old Norse - Personal name",A.D. Mills; Dictionary of English Place-Names; Smith; Place-Names of the North Riding of Yorkshire; Watts; Cambridge Dictionary of English Place-names; E. Ekwall; Dictionary of English Place-Names
Aske Hall,'Ash-tree'.,æsc Old English,Smith; Place-Names of the North Riding of Yorkshire; E. Ekwall; Dictionary of English Place-Names; A.D. Mills; Dictionary of English Place-Names; Watts; Cambridge Dictionary of English Place-names
Askrigg,'Ash-tree ridge',askr Old Norse - An ash-tree.; hryggr Old Norse - A ridge.,A.D. Mills; Dictionary of English Place-Names; E. Ekwall; Dictionary of English Place-Names; Smith; Place-Names of the North Riding of Yorkshire; Watts; Cambridge Dictionary of English Place-names
Aysgarth,'Oak-tree open space'.,"eiki Old Norse - Oaken, oak, oakwood.; skarð Old Norse - An opening, an open place in the edge of something, a gap, a mountain pass.",E. Ekwall; Dictionary of English Place-Names; A.D. Mills; Dictionary of English Place-Names; Watts; Cambridge Dictionary of English Place-names; Smith; Place-Names of the North Riding of Yorkshire
Bagby,'Baggi's farm/settlement'.,"bȳ Old Norse - A farmstead, a village.; Personal name (Old Norse) Old Norse - Personal name",E. Ekwall; Dictionary of English Place-Names; Smith; Place-Names of the North Riding of Yorkshire; A.D. Mills; Dictionary of English Place-Names; Watts; Cambridge Dictionary of English Place-names
Bainbridge,'Bridge over the River Bain'.,brycg Old English - A bridge; a causeway.; River-name Unknown - River-name,Smith; Place-Names of the North Riding of Yorkshire; A.D. Mills; Dictionary of English Place-Names
Baldersby,'Baldhere's farm/settlement'.,"bȳ Old Norse - A farmstead, a village.; Personal name (Old English) Old English - Personal name",A.D. Mills; Dictionary of English Place-Names; E. Ekwall; Dictionary of English Place-Names; Smith; Place-Names of the North Riding of Yorkshire; Watts; Cambridge Dictionary of English Place-names
Balk,'Ridge'.,"balca Old English - A ridge, a bank; a balk, beam.  Used in ME and later f.ns. of the strip of ground left unploughed to mark the boundary between adjacent strips of the common field.",Smith; Place-Names of the North Riding of Yorkshire; A.D. Mills; Dictionary of English Place-Names; E. Ekwall; Dictionary of English Place-Names; Watts; Cambridge Dictionary of English Place-names
Barden,"Uncertain. Either, 'barley valley' or 'Beorna's valley'.",bere Old English - Barley.; beren Old English - Of or growing with barley.; denu Old English - A valley.; Personal name (Old English) Old English - Personal name,A.D. Mills; Dictionary of English Place-Names; E. Ekwall; Dictionary of English Place-Names; Watts; Cambridge Dictionary of English Place-names; Smith; Place-Names of the North Riding of Yorkshire
Barnby,'Children's farm/settlement'.,"barn Old Norse - Child, offspring.; bȳ Old Norse - A farmstead, a village.",A.D. Mills; Dictionary of English Place-Names; Watts; Cambridge Dictionary of English Place-names; E. Ekwall; Dictionary of English Place-Names; Smith; Place-Names of the North Riding of Yorkshire
Barningham,'Homestead/village of Beorna's people'.,-ingahām Old English - The village of the people of . . . ; the village of the people called after . . .; Personal name (Old English) Old English - Personal name,A.D. Mills; Dictionary of English Place-Names; Watts; Cambridge Dictionary of English Place-names; Smith; Place-Names of the North Riding of Yorkshire; E. Ekwall; Dictionary of English Place-Names
Barton,'Barley farm/settlement'.,"bere-tūn Old English - A barley enclosure, a barley farm; later a demesne farm, an outlying grange.",E. Ekwall; Dictionary of English Place-Names; A.D. Mills; Dictionary of English Place-Names; Watts; Cambridge Dictionary of English Place-names; Smith; Place-Names of the North Riding of Yorkshire
Barton le Street,'Barley farm/settlement on a Roman road'.,"bere-tūn Old English - A barley enclosure, a barley farm; later a demesne farm, an outlying grange.; le Old French - The.; strēt Old English",A.D. Mills; Dictionary of English Place-Names; E. Ekwall; Dictionary of English Place-Names; Watts; Cambridge Dictionary of English Place-names; Smith; Place-Names of the North Riding of Yorkshire
Barton le Willows,'Barley farm/settlement' near the willow-trees.,"bere-tūn Old English - A barley enclosure, a barley farm; later a demesne farm, an outlying grange.",E. Ekwall; Dictionary of English Place-Names; Smith; Place-Names of the North Riding of Yorkshire; A.D. Mills; Dictionary of English Place-Names; Watts; Cambridge Dictionary of English Place-names
Beadlam,'Buildings'.,"bōðl Old English - A dwelling, a dwelling-place, a house.",E. Ekwall; Dictionary of English Place-Names; Smith; Place-Names of the North Riding of Yorkshire; A.D. Mills; Dictionary of English Place-Names; Watts; Cambridge Dictionary of English Place-names
Bedale,'Beda's nook of land'.,"halh Old English - A nook of land; a small valley; dry ground in marsh; a piece of land projecting from, or detached from, the main area of its administrative unit.; Personal name (Old English) Old English - Personal name",A.D. Mills; Dictionary of English Place-Names; E. Ekwall; Dictionary of English Place-Names; Watts; Cambridge Dictionary of English Place-names; Smith; Place-Names of the North Riding of Yorkshire
Bellerby,'Belgr's farm/settlement'.,"bȳ Old Norse - A farmstead, a village.; Personal name (Old Norse) Old Norse - Personal name",Smith; Place-Names of the North Riding of Yorkshire; E. Ekwall; Dictionary of English Place-Names; Watts; Cambridge Dictionary of English Place-names; A.D. Mills; Dictionary of English Place-Names
Beningbrough,'Fortification connected with Beorna'.,"-ingtūn Old English - A settlement called after, or connected with . . .; Personal name (Old English) Old English - Personal name",E. Ekwall; Dictionary of English Place-Names; Smith; Place-Names of the North Riding of Yorkshire; A.D. Mills; Dictionary of English Place-Names; Watts; Cambridge Dictionary of English Place-names
Bilsdale,'Bild's valley'.,dæl Old English; Personal name (Old Norse) Old Norse - Personal name,Watts; Cambridge Dictionary of English Place-names; E. Ekwall; Dictionary of English Place-Names; Smith; Place-Names of the North Riding of Yorkshire; A.D. Mills; Dictionary of English Place-Names
Bilsdale Westside,'Bild's valley'.,dæl Old English; Personal name (Old Norse) Old Norse - Personal name,Watts; Cambridge Dictionary of English Place-names; Smith; Place-Names of the North Riding of Yorkshire; A.D. Mills; Dictionary of English Place-Names; E. Ekwall; Dictionary of English Place-Names
Birdforth,"Either, 'bride ford' or '*Bruthr's ford'. In Domesday Book, the hundred was called","brȳd Old English - A bride.; ford Old English - A ford.; Personal name (Old Norse) Old Norse - Personal name; vápnatak Old Norse - A wapentake, a sub-division of a county.",A.D. Mills; Dictionary of English Place-Names; Smith; Place-Names of the North Riding of Yorkshire; Watts; Cambridge Dictionary of English Place-names; E. Ekwall; Dictionary of English Place-Names; Anderson; English Hundred-Names
Birkby,'Britons' farm/settlement'.,"Bretar Old Norse - The Britons.; bȳ Old Norse - A farmstead, a village.",E. Ekwall; Dictionary of English Place-Names; Smith; Place-Names of the North Riding of Yorkshire; A.D. Mills; Dictionary of English Place-Names; Watts; Cambridge Dictionary of English Place-names
Bishopdale,"Uncertain. Either, 'Bisc(e)op's valley' or 'bishop's valley'.",biscop Old English - A bishop.; dæl Old English; Personal name (Old English) Old English - Personal name,E. Ekwall; Dictionary of English Place-Names; Watts; Cambridge Dictionary of English Place-names; A.D. Mills; Dictionary of English Place-Names; Smith; Place-Names of the North Riding of Yorkshire
Boldron,'Bull clearing'.,"boli Old Norse - A steer, a bull.; rúm Old Norse - Room, space, an open space, a clearing.",Watts; Cambridge Dictionary of English Place-names; A.D. Mills; Dictionary of English Place-Names; Smith; Place-Names of the North Riding of Yorkshire; E. Ekwall; Dictionary of English Place-Names
Boltby,'Bolti's farm/settlement'.,"bȳ Old Norse - A farmstead, a village.; Personal name (Old Norse) Old Norse - Personal name",E. Ekwall; Dictionary of English Place-Names; Smith; Place-Names of the North Riding of Yorkshire; Watts; Cambridge Dictionary of English Place-names; A.D. Mills; Dictionary of English Place-Names
Bolton upon Swale,'Collection of buildings' on the River Swale.,"bōðl-tūn Old English - An enclosure with buildings, a collection of buildings.",Smith; Place-Names of the North Riding of Yorkshire; Watts; Cambridge Dictionary of English Place-names; E. Ekwall; Dictionary of English Place-Names; A.D. Mills; Dictionary of English Place-Names
Borrowby,'Hill farm/settlement'.,"berg Old English; bȳ Old Norse - A farmstead, a village.",E. Ekwall; Dictionary of English Place-Names; A.D. Mills; Dictionary of English Place-Names; Smith; Place-Names of the North Riding of Yorkshire; Watts; Cambridge Dictionary of English Place-names
Borrowby,'Hill farm/settlement'.,"berg Old Norse - A hill, a mountain.; bȳ Old Norse - A farmstead, a village.",E. Ekwall; Dictionary of English Place-Names; Watts; Cambridge Dictionary of English Place-names; Smith; Place-Names of the North Riding of Yorkshire; A.D. Mills; Dictionary of English Place-Names
Bossall with Buttercrambe,"Probably, '*Bot's nook of land'. 'Butter river-bend land', describing the rich pasture that was found here.","butere Old English - Butter.; cramb Old English - Land in the bend of a river.; halh Old English - A nook of land; a small valley; dry ground in marsh; a piece of land projecting from, or detached from, the main area of its administrative unit.; Personal name (Old English) Old English - Personal name",E. Ekwall; Dictionary of English Place-Names; A.D. Mills; Dictionary of English Place-Names; Smith; Place-Names of the North Riding of Yorkshire; Watts; Cambridge Dictionary of English Place-names
Bowes,'River-bends'.,"boga Old English - A bow, an arch; an arched bridge; a bow (for shooting); something curved or bent, such as a river bend or curved valley.; bogi Old Norse - A bow, an arch; an arched bridge; a bow (for shooting); something curved or bent, such as a river bend or curved valley.",Smith; Place-Names of the North Riding of Yorkshire; A.D. Mills; Dictionary of English Place-Names; E. Ekwall; Dictionary of English Place-Names; Watts; Cambridge Dictionary of English Place-names
Brafferton,'Broad-ford farm/settlement'.,"brād Old English - Broad, spacious, wide, large.; ford Old English - A ford.; tūn Old English - An enclosure; a farmstead; a village; an estate.",A.D. Mills; Dictionary of English Place-Names; Smith; Place-Names of the North Riding of Yorkshire; E. Ekwall; Dictionary of English Place-Names; Watts; Cambridge Dictionary of English Place-names
Brandsby cum Stearsby,'Brandr's farm/settlement'. 'Styrr's farm/settlement'.,"bȳ Old Norse - A farmstead, a village.; Personal name (Old Norse) Old Norse - Personal name",E. Ekwall; Dictionary of English Place-Names; Smith; Place-Names of the North Riding of Yorkshire; A.D. Mills; Dictionary of English Place-Names; Watts; Cambridge Dictionary of English Place-names
Bransdale,'Brand's valley'.,dæl Old English; Personal name (Old Norse) Old Norse - Personal name,A.D. Mills; Dictionary of English Place-Names; Smith; Place-Names of the North Riding of Yorkshire; E. Ekwall; Dictionary of English Place-Names; Watts; Cambridge Dictionary of English Place-names
Brawby,'Bragi's farm/settlement'.,"bȳ Old Norse - A farmstead, a village.; Personal name (Old Norse) Old Norse - Personal name",Smith; Place-Names of the North Riding of Yorkshire; Watts; Cambridge Dictionary of English Place-names; E. Ekwall; Dictionary of English Place-Names; A.D. Mills; Dictionary of English Place-Names
Brignall,"Uncertain. The second element is 'nook of land'. The specific may be an unattested personal name, '*Bringa', '*Brynga'. The forms do not strongly support the earlier interpretation that this is 'nook of land of Bryni's people'.","-ingas Old English - The people of . . . ; the people called after . . .; halh Old English - A nook of land; a small valley; dry ground in marsh; a piece of land projecting from, or detached from, the main area of its administrative unit.; Personal name (Old English) Old English - Personal name",Smith; Place-Names of the North Riding of Yorkshire; Watts; Cambridge Dictionary of English Place-names; E. Ekwall; Dictionary of English Place-Names; A.D. Mills; Dictionary of English Place-Names
Brompton,'Broom farm/settlement'.,brōm Old English - Broom; a thorny bush or shrub.; tūn Old English - An enclosure; a farmstead; a village; an estate.,Smith; Place-Names of the North Riding of Yorkshire; A.D. Mills; Dictionary of English Place-Names; E. Ekwall; Dictionary of English Place-Names; Watts; Cambridge Dictionary of English Place-names
Brompton,'Broom farm/settlement'.,brōm Old English - Broom; a thorny bush or shrub.; tūn Old English - An enclosure; a farmstead; a village; an estate.,Smith; Place-Names of the North Riding of Yorkshire; E. Ekwall; Dictionary of English Place-Names; Watts; Cambridge Dictionary of English Place-names; A.D. Mills; Dictionary of English Place-Names
Brompton on Swale,'Broom farm/settlement' on the River Swale.,brōm Old English - Broom; a thorny bush or shrub.; tūn Old English - An enclosure; a farmstead; a village; an estate.,Watts; Cambridge Dictionary of English Place-names; E. Ekwall; Dictionary of English Place-Names; Smith; Place-Names of the North Riding of Yorkshire; A.D. Mills; Dictionary of English Place-Names
Brotton,'Brook farm/settlement'.,"brōc Old English - A brook, a stream.  (Used of a stream with a muddy bed and a visible sediment load.); tūn Old English - An enclosure; a farmstead; a village; an estate.",E. Ekwall; Dictionary of English Place-Names; Watts; Cambridge Dictionary of English Place-names; Smith; Place-Names of the North Riding of Yorkshire; A.D. Mills; Dictionary of English Place-Names
Brough Hall,'Fortification'. Brough is near the Romano-British site of Cataracton.,burh Old English - A fortified place.,A.D. Mills; Dictionary of English Place-Names; Smith; Place-Names of the North Riding of Yorkshire; Watts; Cambridge Dictionary of English Place-names; E. Ekwall; Dictionary of English Place-Names
Broughton,'Brook farm/settlement'.,"brōc Old English - A brook, a stream.  (Used of a stream with a muddy bed and a visible sediment load.); tūn Old English - An enclosure; a farmstead; a village; an estate.",A.D. Mills; Dictionary of English Place-Names; Watts; Cambridge Dictionary of English Place-names; E. Ekwall; Dictionary of English Place-Names; Smith; Place-Names of the North Riding of Yorkshire
Broxa,'Broc's enclosure'.,"hæg Old English - A fence, an enclosure.; Personal name (Old English) Old English - Personal name",A.D. Mills; Dictionary of English Place-Names; E. Ekwall; Dictionary of English Place-Names; Smith; Place-Names of the North Riding of Yorkshire; Watts; Cambridge Dictionary of English Place-names
Bulmer,"'Bull pond'. In Domesday Book, this was called Bulford,","bula Old English - A bull.; mere Old English - A pond, a pool, a lake.; vápnatak Old Norse - A wapentake, a sub-division of a county.",Smith; Place-Names of the North Riding of Yorkshire; E. Ekwall; Dictionary of English Place-Names; A.D. Mills; Dictionary of English Place-Names; Anderson; English Hundred-Names; Watts; Cambridge Dictionary of English Place-names
Burneston,"Uncertain. 'Bryning's farm/settlement' or perhaps, 'farm/settlement at the place cleared by burning'.",bryne Old English - Burning; a place cleared by burning.; Personal name (Old Norse) Old Norse - Personal name; tūn Old English - An enclosure; a farmstead; a village; an estate.,E. Ekwall; Dictionary of English Place-Names; Watts; Cambridge Dictionary of English Place-names; A.D. Mills; Dictionary of English Place-Names; Smith; Place-Names of the North Riding of Yorkshire
Burniston,"'Either, Bryningr's farm/settlement' or 'farm/settlement at the place cleared by burning'.",bryne Old English - Burning; a place cleared by burning.; Personal name (Old Norse) Old Norse - Personal name; tūn Old English - An enclosure; a farmstead; a village; an estate.,E. Ekwall; Dictionary of English Place-Names; Smith; Place-Names of the North Riding of Yorkshire; Watts; Cambridge Dictionary of English Place-names; A.D. Mills; Dictionary of English Place-Names
Burrill with Cowling,"Probably, 'fortification hill'. Originally, 'thorn-tree farm/settlement' from OE thorn and tun. 'Colling', either a family name or personal name appears in Domesday and eventually, the place became known solely by this affix.","burh Old English - A fortified place.; Family name Unknown - Family name.; hyll Old English - A hill, a natural eminence or elevated piece of ground.; Personal name (Uncertain) Unknown - Personal name",Watts; Cambridge Dictionary of English Place-names; E. Ekwall; Dictionary of English Place-Names; Smith; Place-Names of the North Riding of Yorkshire; A.D. Mills; Dictionary of English Place-Names
Burton cum Walden,'Fortified farm/settlement'. 'Britons' valley'.,"burh-tūn Old English - A fort enclosure; a farm with a palisade; a farm at, or belonging to, or which is, a fortification, fortified house, or manorhouse.; denu Old English - A valley.; walh Old English",Watts; Cambridge Dictionary of English Place-names; A.D. Mills; Dictionary of English Place-Names; E. Ekwall; Dictionary of English Place-Names; Smith; Place-Names of the North Riding of Yorkshire
Burton on Ure,'Fortified farm/settlement' on the River Ure.,"burh-tūn Old English - A fort enclosure; a farm with a palisade; a farm at, or belonging to, or which is, a fortification, fortified house, or manorhouse.",Smith; Place-Names of the North Riding of Yorkshire; A.D. Mills; Dictionary of English Place-Names; Watts; Cambridge Dictionary of English Place-names; E. Ekwall; Dictionary of English Place-Names
Butterwick,'Butter (specialised) farm'.,"butere Old English - Butter.; wīc Old English - A dwelling; a building or collection of buildings for special purposes; a farm, a dairy farm; a trading or industrial settlement; or (in the plural) a hamlet, village.",Smith; Place-Names of the North Riding of Yorkshire; A.D. Mills; Dictionary of English Place-Names; Watts; Cambridge Dictionary of English Place-names; E. Ekwall; Dictionary of English Place-Names
Byland with Wass,"'Bega's land'. There was a Cistercian monastery here in 1177. Probably, 'fords', a development of ME wathes from ON vath.",land Old English - Land (as part of earth's surface); an estate; possibly also new arable area.  In minor and field names: strip in a field-system.; Personal name (Old English) Old English - Personal name; wath Middle English - Ford.,E. Ekwall; Dictionary of English Place-Names; Smith; Place-Names of the North Riding of Yorkshire; Watts; Cambridge Dictionary of English Place-names; A.D. Mills; Dictionary of English Place-Names
Caldbergh with East Scrafton,"'Cold hill'. 'Hovel farm/settlement', 'hollow farm/settlement' or 'farm/settlement with caves/pits'.","berg Old Norse - A hill, a mountain.; kaldr Old Norse - Cold.; scræf Old English - A cavern, a hole in the ground; a hovel, a hut.; tūn Old English - An enclosure; a farmstead; a village; an estate.",Watts; Cambridge Dictionary of English Place-names; Smith; Place-Names of the North Riding of Yorkshire; A.D. Mills; Dictionary of English Place-Names; E. Ekwall; Dictionary of English Place-Names
Caldwell,'Cold spring/stream'.,cald Old English; wella Old English,Smith; Place-Names of the North Riding of Yorkshire; E. Ekwall; Dictionary of English Place-Names; Watts; Cambridge Dictionary of English Place-names; A.D. Mills; Dictionary of English Place-Names
Carlton,'Peasants' farm/settlement'.,"karl Old Norse - A freeman of the lower class, a peasant.; tūn Old English - An enclosure; a farmstead; a village; an estate.",A.D. Mills; Dictionary of English Place-Names; E. Ekwall; Dictionary of English Place-Names; Watts; Cambridge Dictionary of English Place-names; Smith; Place-Names of the North Riding of Yorkshire
Carlton Husthwaite,'Peasants' farm/settlement'. It is near Husthwaite.,"karl Old Norse - A freeman of the lower class, a peasant.; Place-name Unknown - Place-name; tún Old Norse - An enclosure, a farmstead.",E. Ekwall; Dictionary of English Place-Names; Smith; Place-Names of the North Riding of Yorkshire; A.D. Mills; Dictionary of English Place-Names; Watts; Cambridge Dictionary of English Place-names
Carlton in Coverdale,'Peasants' farm/settlement'.,"karl Old Norse - A freeman of the lower class, a peasant.; tūn Old English - An enclosure; a farmstead; a village; an estate.",Watts; Cambridge Dictionary of English Place-names; E. Ekwall; Dictionary of English Place-Names; Smith; Place-Names of the North Riding of Yorkshire; A.D. Mills; Dictionary of English Place-Names
Carlton Miniott,'Peasants' farm/settlement'. The Miniott family held land here in the 14th century.,"Family name Unknown - Family name.; karl Old Norse - A freeman of the lower class, a peasant.; tūn Old English - An enclosure; a farmstead; a village; an estate.",Watts; Cambridge Dictionary of English Place-names; E. Ekwall; Dictionary of English Place-Names; Smith; Place-Names of the North Riding of Yorkshire; A.D. Mills; Dictionary of English Place-Names
Carperby cum Thoresby,"Uncertain. Possibly, 'Cairpe's farm/settlement'. 'Thorir's farm/settlement'.","bȳ Old Norse - A farmstead, a village.; Personal name (Old Norse) Old Norse - Personal name; Personal name (Uncertain) Unknown - Personal name",Smith; Place-Names of the North Riding of Yorkshire; E. Ekwall; Dictionary of English Place-Names; Watts; Cambridge Dictionary of English Place-names; A.D. Mills; Dictionary of English Place-Names
Carthorpe,'Kari's outlying farm/settlement'.,"Personal name (Old Norse) Old Norse - Personal name; þorp Old Norse - A secondary settlement, a dependent outlying farmstead or hamlet.",Smith; Place-Names of the North Riding of Yorkshire; Watts; Cambridge Dictionary of English Place-names; E. Ekwall; Dictionary of English Place-Names; A.D. Mills; Dictionary of English Place-Names
Castle Bolton,"'Collection of buildings'. In 1379, Richard le Scrope built a castle here.","bōðl-tūn Old English - An enclosure with buildings, a collection of buildings.",Smith; Place-Names of the North Riding of Yorkshire; A.D. Mills; Dictionary of English Place-Names; E. Ekwall; Dictionary of English Place-Names; Watts; Cambridge Dictionary of English Place-names
Castle Leavington,'Farm/settlement by the River Leven'. Distinguished from Kirk Leavington by its castle.,castel Old English - A defensive building; a village.; River-name Unknown - River-name; tūn Old English - An enclosure; a farmstead; a village; an estate.,Watts; Cambridge Dictionary of English Place-names; Smith; Place-Names of the North Riding of Yorkshire; E. Ekwall; Dictionary of English Place-Names; A.D. Mills; Dictionary of English Place-Names
Catterick,"Probably, 'fortification', but the original Celtic place-name, 'Caturatis' is thought to have been confused, by the Romans, with L. cataracta, 'waterfall'.",cataracta Latin - Waterfall.; cater C,A.D. Mills; Dictionary of English Place-Names; E. Ekwall; Dictionary of English Place-Names; Smith; Place-Names of the North Riding of Yorkshire; Watts; Cambridge Dictionary of English Place-names
Catton,'Catta's farm/settlement' or 'Kati's farm/settlement'.,Personal name (Old English) Old English - Personal name; Personal name (Old Norse) Old Norse - Personal name; tūn Old English - An enclosure; a farmstead; a village; an estate.,Smith; Place-Names of the North Riding of Yorkshire; A.D. Mills; Dictionary of English Place-Names; E. Ekwall; Dictionary of English Place-Names; Watts; Cambridge Dictionary of English Place-names
Cawthorn,'Cold thorn-tree'.,cald Old English; þorn Old English - A hawthorn-tree.,E. Ekwall; Dictionary of English Place-Names; Smith; Place-Names of the North Riding of Yorkshire; Watts; Cambridge Dictionary of English Place-names; A.D. Mills; Dictionary of English Place-Names
Cawton,'Calf farm/settlement'.,calf Old English; tūn Old English - An enclosure; a farmstead; a village; an estate.,Smith; Place-Names of the North Riding of Yorkshire; A.D. Mills; Dictionary of English Place-Names; Watts; Cambridge Dictionary of English Place-names; E. Ekwall; Dictionary of English Place-Names
Cayton,'*Caega's farm/settlement'.,Personal name (Old English) Old English - Personal name; tūn Old English - An enclosure; a farmstead; a village; an estate.,E. Ekwall; Dictionary of English Place-Names; A.D. Mills; Dictionary of English Place-Names; Smith; Place-Names of the North Riding of Yorkshire; Watts; Cambridge Dictionary of English Place-names
Claxton,Uncertain. 'Hill farm/settlement' or perhaps 'Clacc's/Klakk's farm/settlement'.,"clacc Old English - A hill, a peak.; Personal name (Old English) Old English - Personal name; Personal name (Old Norse) Old Norse - Personal name; tūn Old English - An enclosure; a farmstead; a village; an estate.",Smith; Place-Names of the North Riding of Yorkshire; A.D. Mills; Dictionary of English Place-Names; Watts; Cambridge Dictionary of English Place-names; E. Ekwall; Dictionary of English Place-Names
Cleasby,"Uncertain. Perhaps, 'Kleiss' farm/settlement'.","bȳ Old Norse - A farmstead, a village.; Personal name (Old Norse) Old Norse - Personal name",E. Ekwall; Dictionary of English Place-Names; A.D. Mills; Dictionary of English Place-Names; Watts; Cambridge Dictionary of English Place-names; Smith; Place-Names of the North Riding of Yorkshire
Cliffe,'Cliff'.,"clif Old English - An escarpment, a hill-slope; a river-bank.",E. Ekwall; Dictionary of English Place-Names; Watts; Cambridge Dictionary of English Place-names; Smith; Place-Names of the North Riding of Yorkshire; A.D. Mills; Dictionary of English Place-Names
Clifton,'Cliff farm/settlement'.,"clif Old English - An escarpment, a hill-slope; a river-bank.; tūn Old English - An enclosure; a farmstead; a village; an estate.",Smith; Place-Names of the North Riding of Yorkshire; Watts; Cambridge Dictionary of English Place-names; E. Ekwall; Dictionary of English Place-Names; A.D. Mills; Dictionary of English Place-Names
Clifton on Ure,'Cliff farm/settlement' on the River Ure.,"clif Old English - An escarpment, a hill-slope; a river-bank.; tūn Old English - An enclosure; a farmstead; a village; an estate.",Watts; Cambridge Dictionary of English Place-names; E. Ekwall; Dictionary of English Place-Names; Smith; Place-Names of the North Riding of Yorkshire; A.D. Mills; Dictionary of English Place-Names
Cloughton,'Ravine farm/settlement'.,clōh Old English - A ravine.; tūn Old English - An enclosure; a farmstead; a village; an estate.,Smith; Place-Names of the North Riding of Yorkshire; E. Ekwall; Dictionary of English Place-Names; A.D. Mills; Dictionary of English Place-Names; Watts; Cambridge Dictionary of English Place-names
Colburn,'Cool stream' or 'coal-black stream'.,"brunnr Old Norse - A well, a spring.; burna Old English - A stream.; col Old English - Coal, especially charcoal.; kol Old Norse - Coal-black.",E. Ekwall; Dictionary of English Place-Names; Smith; Place-Names of the North Riding of Yorkshire; A.D. Mills; Dictionary of English Place-Names; Watts; Cambridge Dictionary of English Place-names
Cold Kirby,'Kaeri's farm/settlement'.,"bȳ Old Norse - A farmstead, a village.; Personal name (Old Norse) Old Norse - Personal name",A.D. Mills; Dictionary of English Place-Names; Smith; Place-Names of the North Riding of Yorkshire; Watts; Cambridge Dictionary of English Place-names; E. Ekwall; Dictionary of English Place-Names
Colsterdale,'Charcoal burner's valley'.,colestre Old English - A charcoal burner.; dæl Old English; dalr Old Norse - A valley.,Watts; Cambridge Dictionary of English Place-names; Smith; Place-Names of the North Riding of Yorkshire; A.D. Mills; Dictionary of English Place-Names; E. Ekwall; Dictionary of English Place-Names
Commondale,'Colman's valley'.,dalr Old Norse - A valley.; Personal name (Old Irish) C,A.D. Mills; Dictionary of English Place-Names; Smith; Place-Names of the North Riding of Yorkshire; E. Ekwall; Dictionary of English Place-Names; Watts; Cambridge Dictionary of English Place-names
Coneysthorpe,'King's outlying farm/settlement'.,"kunung Old Norse; þorp Old Norse - A secondary settlement, a dependent outlying farmstead or hamlet.",E. Ekwall; Dictionary of English Place-Names; Smith; Place-Names of the North Riding of Yorkshire; Watts; Cambridge Dictionary of English Place-names; A.D. Mills; Dictionary of English Place-Names
Constable Burton,"'Fortified farm/settlement'. It was granted by the Earl of Richmond to his constable, Roald, c. 1100.","burh-tūn Old English - A fort enclosure; a farm with a palisade; a farm at, or belonging to, or which is, a fortification, fortified house, or manorhouse.; conestable Middle English - A constable, the chief officer of a royal household or court, the warden of a royal castle.",E. Ekwall; Dictionary of English Place-Names; Smith; Place-Names of the North Riding of Yorkshire; A.D. Mills; Dictionary of English Place-Names; Watts; Cambridge Dictionary of English Place-names
Cotcliffe,'Cottage cliff'.,"clif Old English - An escarpment, a hill-slope; a river-bank.; cot Old English - A cottage, a hut, a shelter, a den.",A.D. Mills; Dictionary of English Place-Names; Watts; Cambridge Dictionary of English Place-names; E. Ekwall; Dictionary of English Place-Names; Smith; Place-Names of the North Riding of Yorkshire
Cotherstone,'Cuthhere's farm/settlement'.,Personal name (Old English) Old English - Personal name; tūn Old English - An enclosure; a farmstead; a village; an estate.,Smith; Place-Names of the North Riding of Yorkshire; A.D. Mills; Dictionary of English Place-Names; E. Ekwall; Dictionary of English Place-Names; Watts; Cambridge Dictionary of English Place-names
Coulton,'Charcoal farm/settlement'.,"col Old English - Coal, especially charcoal.; tūn Old English - An enclosure; a farmstead; a village; an estate.",Smith; Place-Names of the North Riding of Yorkshire; Watts; Cambridge Dictionary of English Place-names; E. Ekwall; Dictionary of English Place-Names; A.D. Mills; Dictionary of English Place-Names
Cowesby,'Kausi's farm/settlement'.,"bȳ Old Norse - A farmstead, a village.; Personal name (Old Norse) Old Norse - Personal name",E. Ekwall; Dictionary of English Place-Names; Smith; Place-Names of the North Riding of Yorkshire; A.D. Mills; Dictionary of English Place-Names; Watts; Cambridge Dictionary of English Place-names
Coxwold,"Uncertain. Possibly, 'cuckoo forest' or perhaps, '*Cuha's forest'.",cuccu Middle English - A cuckoo.; Personal name (Old English) Old English - Personal name; wald Old English,A.D. Mills; Dictionary of English Place-Names; Smith; Place-Names of the North Riding of Yorkshire; E. Ekwall; Dictionary of English Place-Names; Watts; Cambridge Dictionary of English Place-names
Crambe,'River-bend land'.,cramb Old English - Land in the bend of a river.,Watts; Cambridge Dictionary of English Place-names; Smith; Place-Names of the North Riding of Yorkshire; E. Ekwall; Dictionary of English Place-Names; A.D. Mills; Dictionary of English Place-Names
Crathorne,'Thorn-tree nook of land'.,"krá Old Norse - A nook, a corner of land.; þorn Old Norse - A hawthorn-tree.",E. Ekwall; Dictionary of English Place-Names; Smith; Place-Names of the North Riding of Yorkshire; A.D. Mills; Dictionary of English Place-Names; Watts; Cambridge Dictionary of English Place-names
Crayke,'Cliff'. Crayke Castle is built on the steep cliff here.,creig C,Smith; Place-Names of the North Riding of Yorkshire; Watts; Cambridge Dictionary of English Place-names; E. Ekwall; Dictionary of English Place-Names; A.D. Mills; Dictionary of English Place-Names
Croft,'Small enclosed field'.,croft Old English - A small enclosed field.,Smith; Place-Names of the North Riding of Yorkshire; Watts; Cambridge Dictionary of English Place-names; E. Ekwall; Dictionary of English Place-Names; A.D. Mills; Dictionary of English Place-Names
Cropton,'Hill farm/settlement'.,"cropp Old English - The sprout or top of a plant, a bunch of blooms, a cluster of herbs; a swelling, mound, hill.; tūn Old English - An enclosure; a farmstead; a village; an estate.",Watts; Cambridge Dictionary of English Place-names; A.D. Mills; Dictionary of English Place-Names; E. Ekwall; Dictionary of English Place-Names; Smith; Place-Names of the North Riding of Yorkshire
Crosby,"'Cross farm/settlement' or, possibly, 'Krok's farm/settlement'.","bȳ Old Norse - A farmstead, a village.; cros Middle English - A cross, the Cross. (Also late Old English); Personal name (Old Norse) Old Norse - Personal name",Smith; Place-Names of the North Riding of Yorkshire; Watts; Cambridge Dictionary of English Place-names; A.D. Mills; Dictionary of English Place-Names; E. Ekwall; Dictionary of English Place-Names
Cundall with Leckby,"Uncertain. Possibly, 'cow valley', 'Cunda's valley' or 'Kundi's valley'. 'Liot's farm/settlement', a feminine personal name or perhaps an unrecorded masculine name, '*Lioti'.","bȳ Old Norse - A farmstead, a village.; cū Old English - A cow.; dæl Old English; Personal name (Old English) Old English - Personal name; Personal name (Old Norse) Old Norse - Personal name",E. Ekwall; Dictionary of English Place-Names; A.D. Mills; Dictionary of English Place-Names; Watts; Cambridge Dictionary of English Place-names; Smith; Place-Names of the North Riding of Yorkshire
Dalby cum Skewsby,"'Valley farm/settlement'. 'Wood farm/settlement' or possibly, 'Skogr's farm/settlement'.","bȳ Old Norse - A farmstead, a village.; dalr Old Norse - A valley.; Personal name (Old Norse) Old Norse - Personal name; skógr Old Norse - A wood.",Watts; Cambridge Dictionary of English Place-names; Smith; Place-Names of the North Riding of Yorkshire; E. Ekwall; Dictionary of English Place-Names; A.D. Mills; Dictionary of English Place-Names
Dale Town,'Valley'.,dæl Old English,E. Ekwall; Dictionary of English Place-Names; A.D. Mills; Dictionary of English Place-Names; Smith; Place-Names of the North Riding of Yorkshire; Watts; Cambridge Dictionary of English Place-names
Dalton,'Valley farm/settlement'.,dæl Old English; tūn Old English - An enclosure; a farmstead; a village; an estate.,Watts; Cambridge Dictionary of English Place-names; A.D. Mills; Dictionary of English Place-Names; Smith; Place-Names of the North Riding of Yorkshire; E. Ekwall; Dictionary of English Place-Names
Dalton,'Valley farm/settlement'.,dæl Old English; tūn Old English - An enclosure; a farmstead; a village; an estate.,Watts; Cambridge Dictionary of English Place-names; Smith; Place-Names of the North Riding of Yorkshire; A.D. Mills; Dictionary of English Place-Names; E. Ekwall; Dictionary of English Place-Names
Dalton upon Tees,'Valley farm/settlement' on the River Tees.,dæl Old English; tūn Old English - An enclosure; a farmstead; a village; an estate.,A.D. Mills; Dictionary of English Place-Names; Smith; Place-Names of the North Riding of Yorkshire; Watts; Cambridge Dictionary of English Place-names; E. Ekwall; Dictionary of English Place-Names
Danby,'Danes' farm/settlement'.,"bȳ Old Norse - A farmstead, a village.; Danir Old Norse - The Danes.",E. Ekwall; Dictionary of English Place-Names; A.D. Mills; Dictionary of English Place-Names; Watts; Cambridge Dictionary of English Place-names; Smith; Place-Names of the North Riding of Yorkshire
Danby Wiske,'Danes' farm/settlement' on the River Wiske.,"bȳ Old Norse - A farmstead, a village.; Danir Old Norse - The Danes.",Smith; Place-Names of the North Riding of Yorkshire; Watts; Cambridge Dictionary of English Place-names; E. Ekwall; Dictionary of English Place-Names; A.D. Mills; Dictionary of English Place-Names
Deighton,'Ditch farm/settlement'.,"dīc Old English - A ditch, usually an excavated trench, either defensive or for drainage of water.; tūn Old English - An enclosure; a farmstead; a village; an estate.",Smith; Place-Names of the North Riding of Yorkshire; E. Ekwall; Dictionary of English Place-Names; Watts; Cambridge Dictionary of English Place-names; A.D. Mills; Dictionary of English Place-Names
Dishforth,'Ditch ford'.,"dīc Old English - A ditch, usually an excavated trench, either defensive or for drainage of water.; ford Old English - A ford.",Smith; Place-Names of the North Riding of Yorkshire; E. Ekwall; Dictionary of English Place-Names; Watts; Cambridge Dictionary of English Place-names; A.D. Mills; Dictionary of English Place-Names
Downholme,'Hill(s)'.,dūn Old English - A hill.,E. Ekwall; Dictionary of English Place-Names; Smith; Place-Names of the North Riding of Yorkshire; Watts; Cambridge Dictionary of English Place-names; A.D. Mills; Dictionary of English Place-Names
Earswick,'Aethelric's specialised farm'.,"Personal name (Old English) Old English - Personal name; wīc Old English - A dwelling; a building or collection of buildings for special purposes; a farm, a dairy farm; a trading or industrial settlement; or (in the plural) a hamlet, village.",Smith; Place-Names of the North Riding of Yorkshire; E. Ekwall; Dictionary of English Place-Names; A.D. Mills; Dictionary of English Place-Names; Watts; Cambridge Dictionary of English Place-names
Easby,'Esi's farm/settlement'.,"bȳ Old Norse - A farmstead, a village.; Personal name (Old Norse) Old Norse - Personal name",Watts; Cambridge Dictionary of English Place-names; E. Ekwall; Dictionary of English Place-Names; A.D. Mills; Dictionary of English Place-Names; Smith; Place-Names of the North Riding of Yorkshire
Easby,'Esi's farm/settlement'.,"bȳ Old Norse - A farmstead, a village.; Personal name (Old Norse) Old Norse - Personal name",E. Ekwall; Dictionary of English Place-Names; Smith; Place-Names of the North Riding of Yorkshire; A.D. Mills; Dictionary of English Place-Names; Watts; Cambridge Dictionary of English Place-names
Easington,'Farm/settlement connected with Esa'.,"-ingtūn Old English - A settlement called after, or connected with . . .; Personal name (Old English) Old English - Personal name",Smith; Place-Names of the North Riding of Yorkshire; A.D. Mills; Dictionary of English Place-Names; E. Ekwall; Dictionary of English Place-Names; Watts; Cambridge Dictionary of English Place-names
Easingwold,'Forest of Esa's people'.,-ingas Old English - The people of . . . ; the people called after . . .; Personal name (Old English) Old English - Personal name; wald Old English,Smith; Place-Names of the North Riding of Yorkshire; A.D. Mills; Dictionary of English Place-Names; E. Ekwall; Dictionary of English Place-Names; Watts; Cambridge Dictionary of English Place-names
East and West Ness,"'Promontory', referring to a ridge between the River Rye and Hole Beck.",næss Old English,Watts; Cambridge Dictionary of English Place-names; Smith; Place-Names of the North Riding of Yorkshire; A.D. Mills; Dictionary of English Place-Names; E. Ekwall; Dictionary of English Place-Names
East and West Rounton,"'Pole farm/settlement',perhaps denoting a trackway or an enclosed settlement.","hrung Old English - A rung, a staff, a pole.; tūn Old English - An enclosure; a farmstead; a village; an estate.",A.D. Mills; Dictionary of English Place-Names; Watts; Cambridge Dictionary of English Place-names; E. Ekwall; Dictionary of English Place-Names; Smith; Place-Names of the North Riding of Yorkshire
East Ayton,'River farm/settlement'. It is on the River Derwent. 'East' to distinguish from West Ayton.,ēa Old English - A river.; tūn Old English - An enclosure; a farmstead; a village; an estate.,A.D. Mills; Dictionary of English Place-Names; Smith; Place-Names of the North Riding of Yorkshire; E. Ekwall; Dictionary of English Place-Names; Watts; Cambridge Dictionary of English Place-names
East Cowton,'Cow farm/settlement'. 'East' to distinguish from the other Cowtons.,cū Old English - A cow.; tūn Old English - An enclosure; a farmstead; a village; an estate.,Smith; Place-Names of the North Riding of Yorkshire; A.D. Mills; Dictionary of English Place-Names; Watts; Cambridge Dictionary of English Place-names; E. Ekwall; Dictionary of English Place-Names
East Harlsey,'*Herel's island'. 'East' to distinguish from West Harlsey.,"ēg Old English - An island.  In ancient settlement-names, most frequently refers to dry ground surrounded by marsh.  Also used of islands in modern sense.  In late OE names: well-watered land.; Personal name (Old English) Old English - Personal name",Smith; Place-Names of the North Riding of Yorkshire; E. Ekwall; Dictionary of English Place-Names; Watts; Cambridge Dictionary of English Place-names; A.D. Mills; Dictionary of English Place-Names
East Layton,"Literally, 'leek farm/settlement'.","lēac Old English - A leek, garlic.; tūn Old English - An enclosure; a farmstead; a village; an estate.",E. Ekwall; Dictionary of English Place-Names; A.D. Mills; Dictionary of English Place-Names; Watts; Cambridge Dictionary of English Place-names; Smith; Place-Names of the North Riding of Yorkshire
East Newton and Laysthorpe,'New farm/settlement'.,nīwe Old English - New.; Personal name (Old Norse) Old Norse - Personal name; tūn Old English - An enclosure; a farmstead; a village; an estate.,A.D. Mills; Dictionary of English Place-Names; Smith; Place-Names of the North Riding of Yorkshire; Watts; Cambridge Dictionary of English Place-names; E. Ekwall; Dictionary of English Place-Names
East Tanfield,"Uncertain. 'Field of young shoots/osiers' or perhaps a personal name, '*Tana's field'. 'East' to distinguish from West Tanfield.","feld Old English - Open country, unencumbered ground (eg. land without trees as opposed to forest, level ground as opposed to hills, land without buildings); arable land (from late tenth century).; Personal name (Old English) Old English - Personal name; tan Modern English - Bark used for the production of tannin; tannin used in tanning leather.",E. Ekwall; Dictionary of English Place-Names; A.D. Mills; Dictionary of English Place-Names; Smith; Place-Names of the North Riding of Yorkshire; Watts; Cambridge Dictionary of English Place-names
East Witton,'Wood farm/settlement'.,"tūn Old English - An enclosure; a farmstead; a village; an estate.; wudu Old English - A wood; or wood, timber.",E. Ekwall; Dictionary of English Place-Names; Smith; Place-Names of the North Riding of Yorkshire; A.D. Mills; Dictionary of English Place-Names; Watts; Cambridge Dictionary of English Place-names
Ebberston,'Eadbriht's farm/settlement.,Personal name (Old English) Old English - Personal name; tūn Old English - An enclosure; a farmstead; a village; an estate.,Smith; Place-Names of the North Riding of Yorkshire; A.D. Mills; Dictionary of English Place-Names; Watts; Cambridge Dictionary of English Place-names
Egton,'Ecga's farm/settlement'.,Personal name (Old English) Old English - Personal name; tūn Old English - An enclosure; a farmstead; a village; an estate.,Watts; Cambridge Dictionary of English Place-names; A.D. Mills; Dictionary of English Place-Names; E. Ekwall; Dictionary of English Place-Names; Smith; Place-Names of the North Riding of Yorkshire
Eldmire with Crakehill,"'Swan pool'. Possibly, 'Craca's nook of land'. Alternatively, the first element refers to a bird either a raven, crow or perhaps, or corncrake.","elfitu Old English; halh Old English - A nook of land; a small valley; dry ground in marsh; a piece of land projecting from, or detached from, the main area of its administrative unit.; kráka Old Norse - A crow, a raven.; mere Old English - A pond, a pool, a lake.; Personal name (Old English) Old English - Personal name",E. Ekwall; Dictionary of English Place-Names; A.D. Mills; Dictionary of English Place-Names; Watts; Cambridge Dictionary of English Place-names; Smith; Place-Names of the North Riding of Yorkshire
Ellenthorpe,"'Atheling's outlying farm/settlement' or perhaps, 'prince's outlying settlement'.","æðeling Old English - A prince, a nobleman.; Personal name (Old English) Old English - Personal name; þorp Old Norse - A secondary settlement, a dependent outlying farmstead or hamlet.",Watts; Cambridge Dictionary of English Place-names; A.D. Mills; Dictionary of English Place-Names; E. Ekwall; Dictionary of English Place-Names; Smith; Place-Names of the North Riding of Yorkshire
Ellerbeck,'Alder stream'.,"bekkr Old Norse - A stream, a beck.; elri Old Norse - An alder-tree, an alder wood.",Smith; Place-Names of the North Riding of Yorkshire; A.D. Mills; Dictionary of English Place-Names; Watts; Cambridge Dictionary of English Place-names; E. Ekwall; Dictionary of English Place-Names
Ellerby,'Aelfweard's farm/settlement'.,"bȳ Old Norse - A farmstead, a village.; Personal name (Old English) Old English - Personal name",Smith; Place-Names of the North Riding of Yorkshire; E. Ekwall; Dictionary of English Place-Names; A.D. Mills; Dictionary of English Place-Names; Watts; Cambridge Dictionary of English Place-names
Ellerton Abbey,'Alder farm/settlement'.,"elri Old Norse - An alder-tree, an alder wood.; tūn Old English - An enclosure; a farmstead; a village; an estate.",Smith; Place-Names of the North Riding of Yorkshire; E. Ekwall; Dictionary of English Place-Names; Watts; Cambridge Dictionary of English Place-names; A.D. Mills; Dictionary of English Place-Names
Ellerton on Swale,'Alder farm/settlement' on the River Swale.,"alor Old English - An alder-tree.; elri Old Norse - An alder-tree, an alder wood.; tūn Old English - An enclosure; a farmstead; a village; an estate.",Watts; Cambridge Dictionary of English Place-names; E. Ekwall; Dictionary of English Place-Names; Smith; Place-Names of the North Riding of Yorkshire; A.D. Mills; Dictionary of English Place-Names
Ellingstring,Uncertain. 'Water-course connected with Ella' or 'water-course called Eling (= eel stream)'.,"-ing Old English - Place-name forming suffix.; -ing- Old English - Connective particle, linking a first element to a final element.; ēl Old English; Personal name (Old English) Old English - Personal name; strengr Old Norse - A water-course.",Watts; Cambridge Dictionary of English Place-names; E. Ekwall; Dictionary of English Place-Names; Smith; Place-Names of the North Riding of Yorkshire; A.D. Mills; Dictionary of English Place-Names
Ellington,"Uncertain. 'Farm/settlement on Eling (= eel place)', perhaps a stream name or 'farm/settlement connected with Ella'.","-ing Old English - Place-name forming suffix.; -ing- Old English - Connective particle, linking a first element to a final element.; ēl Old English; Personal name (Old English) Old English - Personal name; tūn Old English - An enclosure; a farmstead; a village; an estate.",E. Ekwall; Dictionary of English Place-Names; Watts; Cambridge Dictionary of English Place-names; A.D. Mills; Dictionary of English Place-Names; Smith; Place-Names of the North Riding of Yorkshire
Eppleby,'Apple farm/settlement'.,"æppel Old English; bȳ Old Norse - A farmstead, a village.; epli Old Norse - An apple.",Smith; Place-Names of the North Riding of Yorkshire; Watts; Cambridge Dictionary of English Place-names; E. Ekwall; Dictionary of English Place-Names; A.D. Mills; Dictionary of English Place-Names
Eryholme,'Shielings/hill-pastures'.,"erg Old Norse - A shieling, a hill-pasture; a summer-pasture camp, a dairy or grazing out-station.",E. Ekwall; Dictionary of English Place-Names; Smith; Place-Names of the North Riding of Yorkshire; Watts; Cambridge Dictionary of English Place-names; A.D. Mills; Dictionary of English Place-Names
Eskdaleside cum Ugglebarnby,'River Esk valley'. 'Owl-beard's farm/settlement'.,"bȳ Old Norse - A farmstead, a village.; dæl Old English; Personal name (Old Norse) Old Norse - Personal name; River-name Unknown - River-name; sīd Old English - Large, spacious, extensive, long.",E. Ekwall; Dictionary of English Place-Names; A.D. Mills; Dictionary of English Place-Names; Smith; Place-Names of the North Riding of Yorkshire; Watts; Cambridge Dictionary of English Place-names
Eston,'East farm/settlement'.,"ēast Old English - Eastern, east.; tūn Old English - An enclosure; a farmstead; a village; an estate.",Watts; Cambridge Dictionary of English Place-names; Smith; Place-Names of the North Riding of Yorkshire; A.D. Mills; Dictionary of English Place-Names; E. Ekwall; Dictionary of English Place-Names
"Exelby, Leeming and Newton","'Eskil's farm/settlement'. Originally a river-name of uncertain meaning. 'New farm/settlement'. Also known as Scabbed Newton, from a NE dialect word meaning 'thin, bare, rocky soil' and Newton Picot from Randel Picot in 1502.","bȳ Old Norse - A farmstead, a village.; nīwe Old English - New.; Personal name (Old Norse) Old Norse - Personal name; River-name Unknown - River-name; tūn Old English - An enclosure; a farmstead; a village; an estate.",A.D. Mills; Dictionary of English Place-Names; E. Ekwall; Dictionary of English Place-Names; Watts; Cambridge Dictionary of English Place-names; Smith; Place-Names of the North Riding of Yorkshire
Faceby,'*Feit's farm/settlement'.,"bȳ Old Norse - A farmstead, a village.; Personal name (Old Norse) Old Norse - Personal name",A.D. Mills; Dictionary of English Place-Names; E. Ekwall; Dictionary of English Place-Names; Watts; Cambridge Dictionary of English Place-names; Smith; Place-Names of the North Riding of Yorkshire
Fadmoor,'*Fad(d)a's moor'.,"mōr Old English - A marsh, barren upland.; Personal name (Old English) Old English - Personal name",E. Ekwall; Dictionary of English Place-Names; Watts; Cambridge Dictionary of English Place-names; Smith; Place-Names of the North Riding of Yorkshire; A.D. Mills; Dictionary of English Place-Names
Farlington,"Probably, 'farm/settlement connected with *Faerela'.","-ingtūn Old English - A settlement called after, or connected with . . .; Personal name (Old English) Old English - Personal name",E. Ekwall; Dictionary of English Place-Names; Watts; Cambridge Dictionary of English Place-names; A.D. Mills; Dictionary of English Place-Names; Smith; Place-Names of the North Riding of Yorkshire
Farndale,'Fern valley'.,dæl Old English; fearn Old English - A fern; ferns; a ferny place.,A.D. Mills; Dictionary of English Place-Names; E. Ekwall; Dictionary of English Place-Names; Smith; Place-Names of the North Riding of Yorkshire; Watts; Cambridge Dictionary of English Place-names
Fawdington,"Uncertain. Either, 'farm/settlement connected with Falda' or 'farm/settlement where animals are folded'.","-ingtūn Old English - A settlement called after, or connected with . . .; falding Old English - The act of folding animals.; Personal name (Old English) Old English - Personal name; tūn Old English - An enclosure; a farmstead; a village; an estate.",A.D. Mills; Dictionary of English Place-Names; Smith; Place-Names of the North Riding of Yorkshire; E. Ekwall; Dictionary of English Place-Names; Watts; Cambridge Dictionary of English Place-names
Fearby,Uncertain. 'Four farms/settlements' or 'feather farm/settlement'.,"bȳ Old Norse - A farmstead, a village.; feðer Old English - A feather.; fethuru Old Norse - Four.; fjǫðr Old Norse - A feather.",E. Ekwall; Dictionary of English Place-Names; A.D. Mills; Dictionary of English Place-Names; Smith; Place-Names of the North Riding of Yorkshire; Watts; Cambridge Dictionary of English Place-names
Felixkirk,'St. Felix's church'.,kirkja Old Norse - A church.; Saint's Name Unknown - Saint's name.,E. Ekwall; Dictionary of English Place-Names; Watts; Cambridge Dictionary of English Place-names; Smith; Place-Names of the North Riding of Yorkshire; A.D. Mills; Dictionary of English Place-Names
Finghall,"Uncertain. Possibly, 'nook of land at Fining (= the wood-pile)'. Less likely, perhaps, is 'nook of land of *Fin(a)'s people'.","-ing Old English - Place-name forming suffix.; -ingas Old English - The people of . . . ; the people called after . . .; fīn Old English - A heap, espcially of wood, a heap or pile of other material. (May sometimes refer to a hill or mound.); halh Old English - A nook of land; a small valley; dry ground in marsh; a piece of land projecting from, or detached from, the main area of its administrative unit.; Personal name (Old English) Old English - Personal name",Smith; Place-Names of the North Riding of Yorkshire; Watts; Cambridge Dictionary of English Place-names; A.D. Mills; Dictionary of English Place-Names; E. Ekwall; Dictionary of English Place-Names
Firby,'Frith(i)'s farm/settlement'.,"bȳ Old Norse - A farmstead, a village.; Personal name (Old Norse) Old Norse - Personal name",Watts; Cambridge Dictionary of English Place-names; A.D. Mills; Dictionary of English Place-Names; Smith; Place-Names of the North Riding of Yorkshire; E. Ekwall; Dictionary of English Place-Names
Flawith,"Uncertain. Perhaps, 'flat-meadow ford', 'water-lily ford' or 'ford of the female troll'.",flaða Old Norse - A flat meadow.; flagð Old Norse - A (female) troll.; fleaðe Old English - A water-lily.; vað Old Norse - A ford.,Smith; Place-Names of the North Riding of Yorkshire; Watts; Cambridge Dictionary of English Place-names; A.D. Mills; Dictionary of English Place-Names; E. Ekwall; Dictionary of English Place-Names
Flaxton,'Flax farm/settlement'.,fleax Old English - Flax.; tūn Old English - An enclosure; a farmstead; a village; an estate.,E. Ekwall; Dictionary of English Place-Names; Smith; Place-Names of the North Riding of Yorkshire; A.D. Mills; Dictionary of English Place-Names; Watts; Cambridge Dictionary of English Place-names
Forcett,"Probably, 'fold ford', but 'waterfall shieling' has also been suggested.","ford Old English - A ford.; fors Old Norse - A waterfall.; sǽtr Old Norse - A mountain pasture, a shieling.; set Old English - A dwelling, a camp, a place for animals, a stable, a fold.",Watts; Cambridge Dictionary of English Place-names; A.D. Mills; Dictionary of English Place-Names; Smith; Place-Names of the North Riding of Yorkshire; E. Ekwall; Dictionary of English Place-Names
Foston,'Fotr's farm/settlement'.,Personal name (Old Norse) Old Norse - Personal name; tūn Old English - An enclosure; a farmstead; a village; an estate.,Watts; Cambridge Dictionary of English Place-names; Smith; Place-Names of the North Riding of Yorkshire; A.D. Mills; Dictionary of English Place-Names; E. Ekwall; Dictionary of English Place-Names
Fryton,"'Frithi's farm/settlement' or perhaps, 'refuge farm/settlement'.","frið Old English - Refuge, protection.; Personal name (Old Norse) Old Norse - Personal name; tūn Old English - An enclosure; a farmstead; a village; an estate.",A.D. Mills; Dictionary of English Place-Names; E. Ekwall; Dictionary of English Place-Names; Smith; Place-Names of the North Riding of Yorkshire; Watts; Cambridge Dictionary of English Place-names
Fylingdales,'Fygela's people'. 'Dale' is a later addition.,-ingas Old English - The people of . . . ; the people called after . . .; dæl Old English; Personal name (Old English) Old English - Personal name,Smith; Place-Names of the North Riding of Yorkshire; A.D. Mills; Dictionary of English Place-Names; E. Ekwall; Dictionary of English Place-Names; Watts; Cambridge Dictionary of English Place-names
Ganthorpe,'Galmr's outlying farm/settlement'.,"Personal name (Old Norse) Old Norse - Personal name; þorp Old Norse - A secondary settlement, a dependent outlying farmstead or hamlet.",Smith; Place-Names of the North Riding of Yorkshire; E. Ekwall; Dictionary of English Place-Names; A.D. Mills; Dictionary of English Place-Names; Watts; Cambridge Dictionary of English Place-names
Garriston,'Gerth's farm/settlement'.,Personal name (Old Norse) Old Norse - Personal name; tūn Old English - An enclosure; a farmstead; a village; an estate.,E. Ekwall; Dictionary of English Place-Names; Smith; Place-Names of the North Riding of Yorkshire; Watts; Cambridge Dictionary of English Place-names; A.D. Mills; Dictionary of English Place-Names
Gate Helmsley,'Hemele's island'. 'Gate' to distinguish from Upper Helmsley and in reference to the Roman road from York to Malton on which it stands.,"ēg Old English - An island.  In ancient settlement-names, most frequently refers to dry ground surrounded by marsh.  Also used of islands in modern sense.  In late OE names: well-watered land.; Personal name (Old English) Old English - Personal name",Smith; Place-Names of the North Riding of Yorkshire; A.D. Mills; Dictionary of English Place-Names; E. Ekwall; Dictionary of English Place-Names; Watts; Cambridge Dictionary of English Place-names
Gatenby,"Possibly, 'Gaithan's farm/settlement'.","bȳ Old Norse - A farmstead, a village.; Personal name (Uncertain) Unknown - Personal name",E. Ekwall; Dictionary of English Place-Names; Watts; Cambridge Dictionary of English Place-names; Smith; Place-Names of the North Riding of Yorkshire; A.D. Mills; Dictionary of English Place-Names
Gayles,'Ravines'.,"geil Old Norse - A narrow ravine; a way, especially a narrow lane.",A.D. Mills; Dictionary of English Place-Names; Watts; Cambridge Dictionary of English Place-names; Smith; Place-Names of the North Riding of Yorkshire; E. Ekwall; Dictionary of English Place-Names
Gillamoor,'Moor of *Getla's people'.,"-ingas Old English - The people of . . . ; the people called after . . .; mōr Old English - A marsh, barren upland.; Personal name (Old English) Old English - Personal name",E. Ekwall; Dictionary of English Place-Names; Watts; Cambridge Dictionary of English Place-names; A.D. Mills; Dictionary of English Place-Names; Smith; Place-Names of the North Riding of Yorkshire
Gilling,'Getla's people'. The meeting-place was in Gilling.,"-ingas Old English - The people of . . . ; the people called after . . .; Personal name (Uncertain) Unknown - Personal name; vápnatak Old Norse - A wapentake, a sub-division of a county.",Smith; Place-Names of the North Riding of Yorkshire; Anderson; English Hundred-Names; A.D. Mills; Dictionary of English Place-Names; E. Ekwall; Dictionary of English Place-Names; Watts; Cambridge Dictionary of English Place-names
Gilling East,'*Getla's people'.,-ingas Old English - The people of . . . ; the people called after . . .; Personal name (Old English) Old English - Personal name,A.D. Mills; Dictionary of English Place-Names; E. Ekwall; Dictionary of English Place-Names; Smith; Place-Names of the North Riding of Yorkshire; Watts; Cambridge Dictionary of English Place-names
Gilmonby,'Gilman's farm/settlement'.,"bȳ Old Norse - A farmstead, a village.; Personal name (Old Norse) Old Norse - Personal name",Watts; Cambridge Dictionary of English Place-names; Smith; Place-Names of the North Riding of Yorkshire; E. Ekwall; Dictionary of English Place-Names; A.D. Mills; Dictionary of English Place-Names
Girsby,'*Griss' farm/settlement' or 'young pig farm/settlement'.,"bȳ Old Norse - A farmstead, a village.; gríss Old Norse - A young pig.; Personal name (Old Norse) Old Norse - Personal name",Watts; Cambridge Dictionary of English Place-names; A.D. Mills; Dictionary of English Place-Names; E. Ekwall; Dictionary of English Place-Names; Smith; Place-Names of the North Riding of Yorkshire
Glaisdale,"'River Glais valley', derived from an old Celtic river-name.",River-name Unknown - River-name,Smith; Place-Names of the North Riding of Yorkshire; Watts; Cambridge Dictionary of English Place-names; A.D. Mills; Dictionary of English Place-Names
Glaisdale & Lealholme Moors,Glaisdale's moorland. 'Among the twigs/brushwood'.,Place-name Unknown - Place-name,Watts; Cambridge Dictionary of English Place-names; E. Ekwall; Dictionary of English Place-Names; Smith; Place-Names of the North Riding of Yorkshire; A.D. Mills; Dictionary of English Place-Names
Goathland,"Uncertain. Either, 'Goda's land' or 'good land'.",god Old English - A heathen god; the Deity.; land Old English - Land (as part of earth's surface); an estate; possibly also new arable area.  In minor and field names: strip in a field-system.; Personal name (Old English) Old English - Personal name,Smith; Place-Names of the North Riding of Yorkshire; E. Ekwall; Dictionary of English Place-Names; A.D. Mills; Dictionary of English Place-Names; Watts; Cambridge Dictionary of English Place-names
Great and Little Ayton,'River farm/settlement'. 'Great' to distinguish from Little Ayton.,ēa Old English - A river.; tūn Old English - An enclosure; a farmstead; a village; an estate.,Watts; Cambridge Dictionary of English Place-names; E. Ekwall; Dictionary of English Place-Names; Smith; Place-Names of the North Riding of Yorkshire; A.D. Mills; Dictionary of English Place-Names
Great and Little Barugh,'Hill'.,"berg Old English; magna Latin - Big, great.; parva Latin - Small.",Smith; Place-Names of the North Riding of Yorkshire; A.D. Mills; Dictionary of English Place-Names; Watts; Cambridge Dictionary of English Place-names; E. Ekwall; Dictionary of English Place-Names
Great and Little Busby,"'Bush farm/settlement' or perhaps, '*Buski's farm/settlement'.'Little' is a recent addition to distinguish from Great Busby.","buskr Old Norse - A bush, a shrub.; bȳ Old Norse - A farmstead, a village.; magna Latin - Big, great.; Personal name (Old Norse) Old Norse - Personal name",E. Ekwall; Dictionary of English Place-Names; Smith; Place-Names of the North Riding of Yorkshire; A.D. Mills; Dictionary of English Place-Names; Watts; Cambridge Dictionary of English Place-names
Great and Little Crakehall,"Either, 'crow/raven nook of land' or 'Craca's nook of land'.","halh Old English - A nook of land; a small valley; dry ground in marsh; a piece of land projecting from, or detached from, the main area of its administrative unit.; kráka Old Norse - A crow, a raven.; Personal name (Old English) Old English - Personal name",E. Ekwall; Dictionary of English Place-Names; A.D. Mills; Dictionary of English Place-Names; Smith; Place-Names of the North Riding of Yorkshire; Watts; Cambridge Dictionary of English Place-names
Great and Little Habton,'*Hab(b)a's farm/settlement'.,"grēat Old English - Thick, stout, bulky, massive. Later meaning 'big in size'.; parva Latin - Small.; Personal name (Old English) Old English - Personal name; tūn Old English - An enclosure; a farmstead; a village; an estate.",Watts; Cambridge Dictionary of English Place-names; E. Ekwall; Dictionary of English Place-Names; Smith; Place-Names of the North Riding of Yorkshire; A.D. Mills; Dictionary of English Place-Names
Great and Little Langton,'Long farm/settlement'.,"lang Old English - Long, tall.; magna Latin - Big, great.; parva Latin - Small.; tūn Old English - An enclosure; a farmstead; a village; an estate.",A.D. Mills; Dictionary of English Place-Names; Smith; Place-Names of the North Riding of Yorkshire; Watts; Cambridge Dictionary of English Place-names; E. Ekwall; Dictionary of English Place-Names
Great and Little Moorsholm,'Moor houses'.,"hūs Old English - A house; also sometimes used of a building for special purposes.; hús Old Norse - A house; also sometimes used of a building for special purposes.; magna Latin - Big, great.; mōr Old English - A marsh, barren upland.; mór Old Norse - A marsh; barren upland.; parva Latin - Small.",Smith; Place-Names of the North Riding of Yorkshire; Watts; Cambridge Dictionary of English Place-names; A.D. Mills; Dictionary of English Place-Names; E. Ekwall; Dictionary of English Place-Names
Great Broughton,'Brook farm/settlement'.,"brōc Old English - A brook, a stream.  (Used of a stream with a muddy bed and a visible sediment load.); tūn Old English - An enclosure; a farmstead; a village; an estate.",Smith; Place-Names of the North Riding of Yorkshire; Watts; Cambridge Dictionary of English Place-names; E. Ekwall; Dictionary of English Place-Names; A.D. Mills; Dictionary of English Place-Names
Great Edstone,'*Eadin's farm/settlement'.,"micel Old English - Big, great.; Personal name (Old English) Old English - Personal name; tūn Old English - An enclosure; a farmstead; a village; an estate.",E. Ekwall; Dictionary of English Place-Names; Smith; Place-Names of the North Riding of Yorkshire; Watts; Cambridge Dictionary of English Place-names; A.D. Mills; Dictionary of English Place-Names
Great Smeaton,'Smiths' farm/settlement. 'Great' to distinguish from Little Smeaton.,"smið Old English - A smith, a worker in metal.; tūn Old English - An enclosure; a farmstead; a village; an estate.",Watts; Cambridge Dictionary of English Place-names; Smith; Place-Names of the North Riding of Yorkshire; E. Ekwall; Dictionary of English Place-Names; A.D. Mills; Dictionary of English Place-Names
Grimston,'Grimr's farm/settlement'.,Personal name (Old Norse) Old Norse - Personal name; tūn Old English - An enclosure; a farmstead; a village; an estate.,Smith; Place-Names of the North Riding of Yorkshire; Watts; Cambridge Dictionary of English Place-names; A.D. Mills; Dictionary of English Place-Names; E. Ekwall; Dictionary of English Place-Names
Grinton,'Green farm/settlement'.,"grēne Old English - Green, grass-grown.; tūn Old English - An enclosure; a farmstead; a village; an estate.",Smith; Place-Names of the North Riding of Yorkshire; E. Ekwall; Dictionary of English Place-Names; Watts; Cambridge Dictionary of English Place-names; A.D. Mills; Dictionary of English Place-Names
Gristhorpe,"Either, 'Griss' outlying farm/settlement' or 'pig farm/settlement'.","gríss Old Norse - A young pig.; Personal name (Old Norse) Old Norse - Personal name; þorp Old Norse - A secondary settlement, a dependent outlying farmstead or hamlet.",Smith; Place-Names of the North Riding of Yorkshire; A.D. Mills; Dictionary of English Place-Names; Watts; Cambridge Dictionary of English Place-names; E. Ekwall; Dictionary of English Place-Names
Guisborough,"Probably, 'Gigr's fortification'.","borg Old Norse - A fort, a stronghold; a fortified hill.; Personal name (Old Norse) Old Norse - Personal name",A.D. Mills; Dictionary of English Place-Names; Watts; Cambridge Dictionary of English Place-names; E. Ekwall; Dictionary of English Place-Names; Smith; Place-Names of the North Riding of Yorkshire
Hackforth,"Either, 'hatch ford' or 'hook ford'. If it is OE haecc, it may refer to a gate, usually to a forest, or a sluice-gate in a river.","ford Old English - A ford.; haca Old English - A hook.; hæcc Old English - A hatch, a grating, a half-gate, a gate; a sluice-gate.",Watts; Cambridge Dictionary of English Place-names; Smith; Place-Names of the North Riding of Yorkshire; E. Ekwall; Dictionary of English Place-Names; A.D. Mills; Dictionary of English Place-Names
Hackness,'Hook-shaped promontory'.,haca Old English - A hook.; næss Old English,Watts; Cambridge Dictionary of English Place-names; E. Ekwall; Dictionary of English Place-Names; Smith; Place-Names of the North Riding of Yorkshire; A.D. Mills; Dictionary of English Place-Names
Hang Wapentake,'Wooded-slope'. The wapentake is called after its meeting,"hangra Old English - A sloping wood.  (Used in settlement-names of a gentle rather than steep slope.); vápnatak Old Norse - A wapentake, a sub-division of a county.",Anderson; English Hundred-Names; Smith; Place-Names of the North Riding of Yorkshire
Harmby,'Hjarni's farm/settlement'.,"bȳ Old Norse - A farmstead, a village.; Personal name (Old Norse) Old Norse - Personal name",Smith; Place-Names of the North Riding of Yorkshire; A.D. Mills; Dictionary of English Place-Names; E. Ekwall; Dictionary of English Place-Names; Watts; Cambridge Dictionary of English Place-names
Harome,'Rocks/stones'.,"hær Old English - A rock, a heap of stones, a tumulus.",E. Ekwall; Dictionary of English Place-Names; A.D. Mills; Dictionary of English Place-Names; Smith; Place-Names of the North Riding of Yorkshire; Watts; Cambridge Dictionary of English Place-names
Hartoft,'Stone/rock curtilage'.,"hær Old English - A rock, a heap of stones, a tumulus.; toft Old English - A curtilage, the plot of ground in which a dwelling stands.",A.D. Mills; Dictionary of English Place-Names; Watts; Cambridge Dictionary of English Place-names; Smith; Place-Names of the North Riding of Yorkshire; E. Ekwall; Dictionary of English Place-Names
Harton,"Uncertain. 'Rock farm/settlement', 'Herra's farm/settlement' or perhaps, 'army farm/settlement'.","hær Old English - A rock, a heap of stones, a tumulus.; here Old English - An army.; Personal name (Old English) Old English - Personal name; tūn Old English - An enclosure; a farmstead; a village; an estate.",A.D. Mills; Dictionary of English Place-Names; Smith; Place-Names of the North Riding of Yorkshire; Watts; Cambridge Dictionary of English Place-names; E. Ekwall; Dictionary of English Place-Names
Harwood Dale,"Uncertain. 'Grey wood', 'hare wood' or 'stone wood'.","dalr Old Norse - A valley.; hær Old English - A rock, a heap of stones, a tumulus.; hār Old English - Grey, hoar, especially grey through being overgrown with lichen.; hara Old English - A hare.; wudu Old English - A wood; or wood, timber.",Smith; Place-Names of the North Riding of Yorkshire; A.D. Mills; Dictionary of English Place-Names; E. Ekwall; Dictionary of English Place-Names; Watts; Cambridge Dictionary of English Place-names
Hauxwell,'Hawk spring/stream' or '*Hafoc's spring/stream' or 'Haukr's spring/stream'.,hafoc Old English; Personal name (Old English) Old English - Personal name; Personal name (Old Norse) Old Norse - Personal name; wella Old English,Smith; Place-Names of the North Riding of Yorkshire; Watts; Cambridge Dictionary of English Place-names; E. Ekwall; Dictionary of English Place-Names; A.D. Mills; Dictionary of English Place-Names
Hawes,'Hill-pass'.,hals Old English,Watts; Cambridge Dictionary of English Place-names; Smith; Place-Names of the North Riding of Yorkshire; E. Ekwall; Dictionary of English Place-Names; A.D. Mills; Dictionary of English Place-Names
Hawnby,"Probably, '*Halmi's farm/settlement'. Less likely, perhaps, is 'straw farm/settlement'.","bȳ Old Norse - A farmstead, a village.; halm Old English; Personal name (Old Norse) Old Norse - Personal name",E. Ekwall; Dictionary of English Place-Names; Watts; Cambridge Dictionary of English Place-names; Smith; Place-Names of the North Riding of Yorkshire; A.D. Mills; Dictionary of English Place-Names
Hawsker,'Haukr's enclosure'.,garðr Old Norse - An enclosure.; Personal name (Old Norse) Old Norse - Personal name,Watts; Cambridge Dictionary of English Place-names; Smith; Place-Names of the North Riding of Yorkshire; A.D. Mills; Dictionary of English Place-Names; E. Ekwall; Dictionary of English Place-Names
Haxby,'Hakr's farm/settlement'.,"bȳ Old Norse - A farmstead, a village.; Personal name (Old Norse) Old Norse - Personal name",E. Ekwall; Dictionary of English Place-Names; Watts; Cambridge Dictionary of English Place-names; Smith; Place-Names of the North Riding of Yorkshire; A.D. Mills; Dictionary of English Place-Names
Healey with Sutton,'High wood/clearing'. 'South farm/settlement'.,"hēah Old English - A high place, a height.; lēah Old English - A forest, wood, glade, clearing; (later) a pasture, meadow.; sūð Old English - South, southern.; tūn Old English - An enclosure; a farmstead; a village; an estate.",Watts; Cambridge Dictionary of English Place-names; E. Ekwall; Dictionary of English Place-Names; A.D. Mills; Dictionary of English Place-Names; Smith; Place-Names of the North Riding of Yorkshire
Helmsley,'Helm's wood/clearing'.,"lēah Old English - A forest, wood, glade, clearing; (later) a pasture, meadow.; Personal name (Old English) Old English - Personal name",Smith; Place-Names of the North Riding of Yorkshire; E. Ekwall; Dictionary of English Place-Names; A.D. Mills; Dictionary of English Place-Names; Watts; Cambridge Dictionary of English Place-names
Helperby,"'Hjlap's farm/settlement', a feminine personal name.","bȳ Old Norse - A farmstead, a village.; Personal name (Old Norse) Old Norse - Personal name",A.D. Mills; Dictionary of English Place-Names; E. Ekwall; Dictionary of English Place-Names; Smith; Place-Names of the North Riding of Yorkshire; Watts; Cambridge Dictionary of English Place-names
Helredale,"Uncertain. Possibly, 'flat-stone valley'.","dæl Old English; hella Old Norse - A flat stone, a flag-stone.",Watts; Cambridge Dictionary of English Place-names; E. Ekwall; Dictionary of English Place-Names; Smith; Place-Names of the North Riding of Yorkshire; A.D. Mills; Dictionary of English Place-Names
Hemlington,'Farm/settlement connected with Hemela'.,"-ingtūn Old English - A settlement called after, or connected with . . .; Personal name (Uncertain) Unknown - Personal name",A.D. Mills; Dictionary of English Place-Names; E. Ekwall; Dictionary of English Place-Names; Watts; Cambridge Dictionary of English Place-names; Smith; Place-Names of the North Riding of Yorkshire
High and Low Abbotside,'Abbot's hill-side'. It was held by the abbot of Jervaulx.,abbas Latin - An abbot.; sīde Old English - A side; a long hill-slope.,Watts; Cambridge Dictionary of English Place-names; Smith; Place-Names of the North Riding of Yorkshire; E. Ekwall; Dictionary of English Place-Names; A.D. Mills; Dictionary of English Place-Names
High Hutton,'High farm/settlement'. 'High' to distinguish from Low Hutton and Hutton Hill.,hōh Old English - A heel; a sharply projecting piece of ground.; tūn Old English - An enclosure; a farmstead; a village; an estate.,A.D. Mills; Dictionary of English Place-Names; Smith; Place-Names of the North Riding of Yorkshire; Watts; Cambridge Dictionary of English Place-names; E. Ekwall; Dictionary of English Place-Names
High Worsall,'*Weorc's nook of land'. 'High' to distinguish from Low Worsall.,"halh Old English - A nook of land; a small valley; dry ground in marsh; a piece of land projecting from, or detached from, the main area of its administrative unit.; Personal name (Old English) Old English - Personal name",A.D. Mills; Dictionary of English Place-Names; Watts; Cambridge Dictionary of English Place-names; E. Ekwall; Dictionary of English Place-Names; Smith; Place-Names of the North Riding of Yorkshire
Hildenley,'Hilding's wood/clearing'.,"lēah Old English - A forest, wood, glade, clearing; (later) a pasture, meadow.; Personal name (Old English) Old English - Personal name",Watts; Cambridge Dictionary of English Place-names; E. Ekwall; Dictionary of English Place-Names; Smith; Place-Names of the North Riding of Yorkshire; A.D. Mills; Dictionary of English Place-Names
Hilton,'Hill farm/settlement'.,"hyll Old English - A hill, a natural eminence or elevated piece of ground.; tūn Old English - An enclosure; a farmstead; a village; an estate.",E. Ekwall; Dictionary of English Place-Names; A.D. Mills; Dictionary of English Place-Names; Smith; Place-Names of the North Riding of Yorkshire; Watts; Cambridge Dictionary of English Place-names
Hinderskelfe,'Hildr's shelf'. There is a small plateau located just to the west.,Personal name (Old Norse) Old Norse - Personal name; skjalf Old Norse - A seat; a shelf.,A.D. Mills; Dictionary of English Place-Names; Smith; Place-Names of the North Riding of Yorkshire; Watts; Cambridge Dictionary of English Place-names; E. Ekwall; Dictionary of English Place-Names
Hinderwell,"Uncertain. 'Elder-tree spring/stream' or 'Hild's spring/stream', possibly referring to the abbess, St. Hild. If it is a personal name, earlier forms point to a Scandanavian influence.",hyldre Old English - An elder-tree.; Personal name (Old English) Old English - Personal name; wella Old English,E. Ekwall; Dictionary of English Place-Names; Watts; Cambridge Dictionary of English Place-names; Smith; Place-Names of the North Riding of Yorkshire; A.D. Mills; Dictionary of English Place-Names
Hipswell,'Hill spring/stream'.,hēap Old English - A heap; topographically a hill.; wella Old English,A.D. Mills; Dictionary of English Place-Names; E. Ekwall; Dictionary of English Place-Names; Smith; Place-Names of the North Riding of Yorkshire; Watts; Cambridge Dictionary of English Place-names
Holme,'Island'.,"holmr Old Norse - An island, an inland promontory, raised ground in marsh, a river-meadow.",Watts; Cambridge Dictionary of English Place-names; Smith; Place-Names of the North Riding of Yorkshire; A.D. Mills; Dictionary of English Place-Names; E. Ekwall; Dictionary of English Place-Names
Holtby,'Holti's farm/settlement'.,"bȳ Old Norse - A farmstead, a village.; Personal name (Old Norse) Old Norse - Personal name",Watts; Cambridge Dictionary of English Place-names; A.D. Mills; Dictionary of English Place-Names; Smith; Place-Names of the North Riding of Yorkshire; E. Ekwall; Dictionary of English Place-Names
Holwick,"Probably, 'hollow (specialised) farm'.","hol Old English - A hole, a hollow.; wīc Old English - A dwelling; a building or collection of buildings for special purposes; a farm, a dairy farm; a trading or industrial settlement; or (in the plural) a hamlet, village.",A.D. Mills; Dictionary of English Place-Names; E. Ekwall; Dictionary of English Place-Names; Watts; Cambridge Dictionary of English Place-names; Smith; Place-Names of the North Riding of Yorkshire
Hood Grange,"Uncertain. Possibly, 'hood-shaped hill' or 'shelter hill'.","grange Middle English - A grange; originally a granary, a barn; later a farm; also an outlying farm belonging to a religious house or a feudal lord, where crops were stored.; hōd Old English - A hood; topographically a hood-shaped hill.",Watts; Cambridge Dictionary of English Place-names; E. Ekwall; Dictionary of English Place-Names; A.D. Mills; Dictionary of English Place-Names; Smith; Place-Names of the North Riding of Yorkshire
Hope,'Valley'.,hop Old English - A valley; a remote enclosed space; a piece of enclosed land in a fen; an enclosure in marsh or moor.,Watts; Cambridge Dictionary of English Place-names; Smith; Place-Names of the North Riding of Yorkshire; A.D. Mills; Dictionary of English Place-Names; E. Ekwall; Dictionary of English Place-Names
Hornby,"Uncertain. Probably, '*Horni's farm/settlement' or perhaps, 'farm/settlement at a horn-shaped piece of land'.","bȳ Old Norse - A farmstead, a village.; horn Old Norse - A horn; something shaped like a horn; a hornlike projection on a building; a projecting piece of land, esp. formed in a river-bend; a projecting headland; a horn-shaped hill.; Personal name (Old Norse) Old Norse - Personal name",E. Ekwall; Dictionary of English Place-Names; Smith; Place-Names of the North Riding of Yorkshire; A.D. Mills; Dictionary of English Place-Names; Watts; Cambridge Dictionary of English Place-names
Hornby,"Uncertain. Probably, 'Horni's farm/settlement' or perhaps, 'farm/settlement at the horn-shaped piece of land'.","bȳ Old Norse - A farmstead, a village.; horn Old English - A horn; something shaped like a horn; a hornlike projection on a building; a projecting piece of land, esp. formed in a river-bend; a projecting headland; a horn-shaped hill.; Personal name (Old Norse) Old Norse - Personal name",A.D. Mills; Dictionary of English Place-Names; E. Ekwall; Dictionary of English Place-Names; Watts; Cambridge Dictionary of English Place-names; Smith; Place-Names of the North Riding of Yorkshire
Hovingham,"Uncertain. Possibly, 'homestead/village of Hofa's people' or perhaps, 'homestead/village at Hofing (= the dwelling place)'. There is a Roman villa here.","-ing Old English - Place-name forming suffix.; -ingas Old English - The people of . . . ; the people called after . . .; hām Old English - A village, a village community, a manor, an estate, a homestead.; hof Old English - A dwelling, hall; a temple.; Personal name (Old English) Old English - Personal name",A.D. Mills; Dictionary of English Place-Names; Smith; Place-Names of the North Riding of Yorkshire; E. Ekwall; Dictionary of English Place-Names; Watts; Cambridge Dictionary of English Place-names
Howe,'Burial mound'. The place probably takes its name from Howe Hill to the west.,"haugr Old Norse - A natural height, a hill, a heap, an artificial mound, a burial mound.",A.D. Mills; Dictionary of English Place-Names; Smith; Place-Names of the North Riding of Yorkshire; E. Ekwall; Dictionary of English Place-Names; Watts; Cambridge Dictionary of English Place-names
Howgrave,'Hollow grove'.,"grāf Old English - A grove, a copse.; hol Old English - A hole, a hollow.",A.D. Mills; Dictionary of English Place-Names; Watts; Cambridge Dictionary of English Place-names; E. Ekwall; Dictionary of English Place-Names; Smith; Place-Names of the North Riding of Yorkshire
Huby,'Hill-spur farm/settlement'.,"bȳ Old Norse - A farmstead, a village.; haugr Old Norse - A natural height, a hill, a heap, an artificial mound, a burial mound.; hōh Old English - A heel; a sharply projecting piece of ground.",Smith; Place-Names of the North Riding of Yorkshire; E. Ekwall; Dictionary of English Place-Names; Watts; Cambridge Dictionary of English Place-names; A.D. Mills; Dictionary of English Place-Names
Hudswell,"'Probably, *Hudel's spring/stream'.",Personal name (Old English) Old English - Personal name; wella Old English,A.D. Mills; Dictionary of English Place-Names; E. Ekwall; Dictionary of English Place-Names; Watts; Cambridge Dictionary of English Place-names; Smith; Place-Names of the North Riding of Yorkshire
Humburton,'Hund's fortified farm/settlement' or 'Hundr's fortified farm/settlement'.,"burh-tūn Old English - A fort enclosure; a farm with a palisade; a farm at, or belonging to, or which is, a fortification, fortified house, or manorhouse.; Personal name (Old English) Old English - Personal name; Personal name (Old Norse) Old Norse - Personal name",A.D. Mills; Dictionary of English Place-Names; Watts; Cambridge Dictionary of English Place-names; E. Ekwall; Dictionary of English Place-Names; Smith; Place-Names of the North Riding of Yorkshire
Hunderthwaite,"Uncertain. '*Hunrothr's clearing' or perhaps, 'hundred clearing', perhaps referring to the Anglo-Saxon system of land-division.","hundred Old English - One hundred; an administrative division of a county.; Personal name (Old Norse) Old Norse - Personal name; þveit Old Norse - A clearing, a meadow, a paddock.",Watts; Cambridge Dictionary of English Place-names; A.D. Mills; Dictionary of English Place-Names; E. Ekwall; Dictionary of English Place-Names; Smith; Place-Names of the North Riding of Yorkshire
Huntington,'Hunting hill'.,dūn Old English - A hill.; hunting Old English - Hunting.,Watts; Cambridge Dictionary of English Place-names; Smith; Place-Names of the North Riding of Yorkshire; A.D. Mills; Dictionary of English Place-Names; E. Ekwall; Dictionary of English Place-Names
Hunton,'Huna's farm/settlement'.,Personal name (Old English) Old English - Personal name; tūn Old English - An enclosure; a farmstead; a village; an estate.,A.D. Mills; Dictionary of English Place-Names; Watts; Cambridge Dictionary of English Place-names; E. Ekwall; Dictionary of English Place-Names; Smith; Place-Names of the North Riding of Yorkshire
Husthwaite,'House clearing'.,"hús Old Norse - A house; also sometimes used of a building for special purposes.; þveit Old Norse - A clearing, a meadow, a paddock.",Smith; Place-Names of the North Riding of Yorkshire; Watts; Cambridge Dictionary of English Place-names; E. Ekwall; Dictionary of English Place-Names; A.D. Mills; Dictionary of English Place-Names
Hutton Bonville,'Hill-spur farm/settlement'. It was held by Robert de Boneville.,hōh Old English - A heel; a sharply projecting piece of ground.; tūn Old English - An enclosure; a farmstead; a village; an estate.,Watts; Cambridge Dictionary of English Place-names; Smith; Place-Names of the North Riding of Yorkshire; A.D. Mills; Dictionary of English Place-Names; E. Ekwall; Dictionary of English Place-Names
Hutton Bushell,'Hill-spur farm/settlement. The Bushell family held land here in the 12th and 13th centuries.,Family name Unknown - Family name.; hōh Old English - A heel; a sharply projecting piece of ground.; tūn Old English - An enclosure; a farmstead; a village; an estate.,Smith; Place-Names of the North Riding of Yorkshire; E. Ekwall; Dictionary of English Place-Names; A.D. Mills; Dictionary of English Place-Names; Watts; Cambridge Dictionary of English Place-names
Hutton Conyers,'Hill-spur farm/settlement'. The Conyers family held land here between 1099 and 1133.,Family name Unknown - Family name.; hōh Old English - A heel; a sharply projecting piece of ground.; tūn Old English - An enclosure; a farmstead; a village; an estate.,Watts; Cambridge Dictionary of English Place-names; E. Ekwall; Dictionary of English Place-Names; A.D. Mills; Dictionary of English Place-Names; Smith; Place-Names of the North Riding of Yorkshire
Hutton Hang,'Hill-spur farm/settlement'. It is south of Hang Bank.,hōh Old English - A heel; a sharply projecting piece of ground.; Place-name Unknown - Place-name; tūn Old English - An enclosure; a farmstead; a village; an estate.,A.D. Mills; Dictionary of English Place-Names; Smith; Place-Names of the North Riding of Yorkshire; E. Ekwall; Dictionary of English Place-Names; Watts; Cambridge Dictionary of English Place-names
Hutton le Hole,'Hill-spur farm/settlement in a hollow'.,"hōh Old English - A heel; a sharply projecting piece of ground.; hol Old English - A hole, a hollow.; le Old French - The.; tūn Old English - An enclosure; a farmstead; a village; an estate.",E. Ekwall; Dictionary of English Place-Names; Watts; Cambridge Dictionary of English Place-names; Smith; Place-Names of the North Riding of Yorkshire; A.D. Mills; Dictionary of English Place-Names
Hutton Lowcross,"'Hill-spur farm/settlement'. It is near Lowcross Farm, 'Logi's cross'.","cros Middle English - A cross, the Cross. (Also late Old English); hōh Old English - A heel; a sharply projecting piece of ground.; Personal name (Old Norse) Old Norse - Personal name; tūn Old English - An enclosure; a farmstead; a village; an estate.",E. Ekwall; Dictionary of English Place-Names; Watts; Cambridge Dictionary of English Place-names; Smith; Place-Names of the North Riding of Yorkshire; A.D. Mills; Dictionary of English Place-Names
Hutton Magna,'Great hill-spur farm/settlement'.,"hōh Old English - A heel; a sharply projecting piece of ground.; magna Latin - Big, great.; tūn Old English - An enclosure; a farmstead; a village; an estate.",A.D. Mills; Dictionary of English Place-Names; Watts; Cambridge Dictionary of English Place-names; E. Ekwall; Dictionary of English Place-Names; Smith; Place-Names of the North Riding of Yorkshire
Hutton Mulgrave,"'Hill-spur farm/settlement'. It is near Mulgrave, 'Muli's valley'.","gryfja Old Norse - A hole, a pit.; hōh Old English - A heel; a sharply projecting piece of ground.; Personal name (Old Norse) Old Norse - Personal name; tūn Old English - An enclosure; a farmstead; a village; an estate.",Smith; Place-Names of the North Riding of Yorkshire; E. Ekwall; Dictionary of English Place-Names; A.D. Mills; Dictionary of English Place-Names; Watts; Cambridge Dictionary of English Place-names
Hutton Rudby,'Hill-spur farm/settlement'. It is near Rudby.,hōh Old English - A heel; a sharply projecting piece of ground.; Place-name Unknown - Place-name; tūn Old English - An enclosure; a farmstead; a village; an estate.,A.D. Mills; Dictionary of English Place-Names; E. Ekwall; Dictionary of English Place-Names; Smith; Place-Names of the North Riding of Yorkshire; Watts; Cambridge Dictionary of English Place-names
Hutton Sessay,'Hill-spur farm/settlement' near Sessay.,hōh Old English - A heel; a sharply projecting piece of ground.; Place-name Unknown - Place-name; tūn Old English - An enclosure; a farmstead; a village; an estate.,Watts; Cambridge Dictionary of English Place-names; Smith; Place-Names of the North Riding of Yorkshire; E. Ekwall; Dictionary of English Place-Names; A.D. Mills; Dictionary of English Place-Names
Ilton cum Pott,'*Ylca's farm/settlement'. The name probably refers to a deep hole or fissure in the limestone or a nearby tarn.,"Personal name (Old English) Old English - Personal name; potte Middle English - A deep hole, a pit, a deep hole in a river-bed, a pot(-hole).; tūn Old English - An enclosure; a farmstead; a village; an estate.",A.D. Mills; Dictionary of English Place-Names; Smith; Place-Names of the North Riding of Yorkshire; E. Ekwall; Dictionary of English Place-Names; Watts; Cambridge Dictionary of English Place-names
Ingleby Arncliffe,'Angles' farm/settlement' near 'eagle cliff'.,"bȳ Old Norse - A farmstead, a village.; clif Old English - An escarpment, a hill-slope; a river-bank.; earn Old English - An eagle.; Engle Old English - The Angles, later the English.",Smith; Place-Names of the North Riding of Yorkshire; A.D. Mills; Dictionary of English Place-Names; E. Ekwall; Dictionary of English Place-Names; Watts; Cambridge Dictionary of English Place-names
Ingleby Barwick,"'Angles' farm/settlement'. It is near Barwick, 'barley hamlet/farm' or 'outlying hamlet/farm'.","bere-wīc Old English - A barley farm; a grange, an outlying or demesne farm.; bȳ Old Norse - A farmstead, a village.; Engle Old English - The Angles, later the English.",Smith; Place-Names of the North Riding of Yorkshire; A.D. Mills; Dictionary of English Place-Names; Watts; Cambridge Dictionary of English Place-names; E. Ekwall; Dictionary of English Place-Names
Ingleby Greenhow,'Angle's farm/settlement' near the 'green burial mound'.,"bȳ Old Norse - A farmstead, a village.; Engle Old English - The Angles, later the English.; grēne Old English - Green, grass-grown.; haugr Old Norse - A natural height, a hill, a heap, an artificial mound, a burial mound.",A.D. Mills; Dictionary of English Place-Names; Watts; Cambridge Dictionary of English Place-names; E. Ekwall; Dictionary of English Place-Names; Smith; Place-Names of the North Riding of Yorkshire
Irton,'Irish farm/settlement'.,Íri Old Norse - An Irishman; probably also a Norseman who had lived in Ireland.; tūn Old English - An enclosure; a farmstead; a village; an estate.,Watts; Cambridge Dictionary of English Place-names; Smith; Place-Names of the North Riding of Yorkshire; A.D. Mills; Dictionary of English Place-Names; E. Ekwall; Dictionary of English Place-Names
Kepwick,'Market (specialised) farm',"cēap Old English - Trade, merchandise, a market.; wīc Old English - A dwelling; a building or collection of buildings for special purposes; a farm, a dairy farm; a trading or industrial settlement; or (in the plural) a hamlet, village.",A.D. Mills; Dictionary of English Place-Names; E. Ekwall; Dictionary of English Place-Names; Watts; Cambridge Dictionary of English Place-names; Smith; Place-Names of the North Riding of Yorkshire
Kilburn,"Perhaps,'*Cylla's stream' or another, as yet unidentified, personal name.",burna Old English - A stream.; Personal name (Old English) Old English - Personal name,Smith; Place-Names of the North Riding of Yorkshire; E. Ekwall; Dictionary of English Place-Names; Watts; Cambridge Dictionary of English Place-names; A.D. Mills; Dictionary of English Place-Names
Kildale,"Probably, 'narrow valley'.",dalr Old Norse - A valley.; kíll Old Norse - A narrow bay; probably also a narrow valley.,E. Ekwall; Dictionary of English Place-Names; Smith; Place-Names of the North Riding of Yorkshire; A.D. Mills; Dictionary of English Place-Names; Watts; Cambridge Dictionary of English Place-names
Killerby,"Probably, '*Kilvert's farm/settlement'.","bȳ Old Norse - A farmstead, a village.; Personal name (Old Norse) Old Norse - Personal name",Smith; Place-Names of the North Riding of Yorkshire; E. Ekwall; Dictionary of English Place-Names; Watts; Cambridge Dictionary of English Place-names; A.D. Mills; Dictionary of English Place-Names
Kilton,"Uncertain. Perhaps, 'narrow-valley farm/settlement' or a Scandanavianised form of OE cilda-tun, 'children's farm/settlement'.","cild Old English - A child, a young person, a boy, a son.; kíll Old Norse - A narrow bay; probably also a narrow valley.; tūn Old English - An enclosure; a farmstead; a village; an estate.",E. Ekwall; Dictionary of English Place-Names; Smith; Place-Names of the North Riding of Yorkshire; A.D. Mills; Dictionary of English Place-Names; Watts; Cambridge Dictionary of English Place-names
Kingthorpe,"Either, 'Cyna's outlying farm/settlement' or 'royal outlying farm/settlement'.","cyne- Old English - Kingly, royal.; Personal name (Old English) Old English - Personal name; þorp Old Norse - A secondary settlement, a dependent outlying farmstead or hamlet.",E. Ekwall; Dictionary of English Place-Names; A.D. Mills; Dictionary of English Place-Names; Watts; Cambridge Dictionary of English Place-names; Smith; Place-Names of the North Riding of Yorkshire
Kiplin,"Uncertain. '*Cippla's people' or perhaps, 'Cippa's place'.",-ing Old English - Place-name forming suffix.; -ingas Old English - The people of . . . ; the people called after . . .; Personal name (Old English) Old English - Personal name,Smith; Place-Names of the North Riding of Yorkshire; Watts; Cambridge Dictionary of English Place-names; A.D. Mills; Dictionary of English Place-Names; E. Ekwall; Dictionary of English Place-Names
Kirby Hill,'Church farm/settlement'. 'Hill' is a later addition.,kirkju-býr Old Norse - A village with a church.,Smith; Place-Names of the North Riding of Yorkshire; A.D. Mills; Dictionary of English Place-Names; E. Ekwall; Dictionary of English Place-Names; Watts; Cambridge Dictionary of English Place-names
Kirby Hill,'Church farm/settlement' on a hill.,kirkju-býr Old Norse - A village with a church.,Smith; Place-Names of the North Riding of Yorkshire; E. Ekwall; Dictionary of English Place-Names; Watts; Cambridge Dictionary of English Place-names; A.D. Mills; Dictionary of English Place-Names
Kirby in Cleveland,'Church farm/settlement'.,kirkju-býr Old Norse - A village with a church.,Smith; Place-Names of the North Riding of Yorkshire; Watts; Cambridge Dictionary of English Place-names; A.D. Mills; Dictionary of English Place-Names; E. Ekwall; Dictionary of English Place-Names
Kirby Knowle,'Church farm/settlement under the hill'.,"cnoll Old English - A knoll, a small rounded hill.; kirkju-býr Old Norse - A village with a church.; sub Latin - Below, underneath.",Watts; Cambridge Dictionary of English Place-names; E. Ekwall; Dictionary of English Place-Names; Smith; Place-Names of the North Riding of Yorkshire; A.D. Mills; Dictionary of English Place-Names
Kirby Misperton,"Originally, two separate places. 'Church farm/settlement' and 'medlar-tree farm/settlement'.",kirkju-býr Old Norse - A village with a church.; mispeler Old English - A medlar-tree.; tūn Old English - An enclosure; a farmstead; a village; an estate.,E. Ekwall; Dictionary of English Place-Names; Watts; Cambridge Dictionary of English Place-names; Smith; Place-Names of the North Riding of Yorkshire; A.D. Mills; Dictionary of English Place-Names
Kirby Sigston,"'Church farm/settlement'. It is near Sigston, 'Sigg's farm/settlement'.",kirkju-býr Old Norse - A village with a church.; Personal name (Old Norse) Old Norse - Personal name; tūn Old English - An enclosure; a farmstead; a village; an estate.,A.D. Mills; Dictionary of English Place-Names; Smith; Place-Names of the North Riding of Yorkshire; Watts; Cambridge Dictionary of English Place-names; E. Ekwall; Dictionary of English Place-Names
Kirby Wiske,'Church farm/settlement' on the River Wiske.,kirkju-býr Old Norse - A village with a church.,Smith; Place-Names of the North Riding of Yorkshire; E. Ekwall; Dictionary of English Place-Names; A.D. Mills; Dictionary of English Place-Names; Watts; Cambridge Dictionary of English Place-names
Kirk Leavington,"'Farm/settlement on the River Leven'. Distinguished by its church, a prominent feature of the village.",kirkja Old Norse - A church.; River-name Unknown - River-name; tūn Old English - An enclosure; a farmstead; a village; an estate.,A.D. Mills; Dictionary of English Place-Names; Smith; Place-Names of the North Riding of Yorkshire; E. Ekwall; Dictionary of English Place-Names; Watts; Cambridge Dictionary of English Place-names
Kirkby Fleetham,"'Church farm/settlement'. Kirkby itself disappeared, except for its name and a church at Kirkby Hall, after it was joined with Fleetham, 'stream farm/settlement'.","flēot Old English - An estuary, an inlet of the sea, a small stream.; hām Old English - A village, a village community, a manor, an estate, a homestead.; kirkju-býr Old Norse - A village with a church.",Smith; Place-Names of the North Riding of Yorkshire; A.D. Mills; Dictionary of English Place-Names; E. Ekwall; Dictionary of English Place-Names; Watts; Cambridge Dictionary of English Place-names
Kirkby Moorside,'Church farm/settlement' by 'moor head'.,"hēafod Old English - A head; an end or source; headland in a field-system; a projecting piece of ground; a hill (often small).; kirkju-býr Old Norse - A village with a church.; mōr Old English - A marsh, barren upland.",A.D. Mills; Dictionary of English Place-Names; Watts; Cambridge Dictionary of English Place-names; E. Ekwall; Dictionary of English Place-Names; Smith; Place-Names of the North Riding of Yorkshire
Kirkham,'Church homestead/village'.,"cirice Old English - A church.; hām Old English - A village, a village community, a manor, an estate, a homestead.",Watts; Cambridge Dictionary of English Place-names; E. Ekwall; Dictionary of English Place-Names; Smith; Place-names of the East Riding of Yorkshire; A.D. Mills; Dictionary of English Place-Names
Kirkleatham,"'Slopes'. Originally, 'west' in relation to Upleatham, later changed to 'kirk'.","hlið Old English - A slope, a hill-side.; hlíð Old Norse - A slope, a hill-side.; kirkja Old Norse - A church.",E. Ekwall; Dictionary of English Place-Names; A.D. Mills; Dictionary of English Place-Names; Smith; Place-Names of the North Riding of Yorkshire; Watts; Cambridge Dictionary of English Place-names
Kirklington cum Upsland,"'Farm/settlement connected with *Cyrtla'. 'Upper huts' to which was later added, 'small grove'.","-ingtūn Old English - A settlement called after, or connected with . . .; lundr Old Norse - A small wood.; Personal name (Old English) Old English - Personal name; salr Old Norse - A dwelling, a hall.; upp Old Norse - Up, higher up, upon.",A.D. Mills; Dictionary of English Place-Names; Smith; Place-Names of the North Riding of Yorkshire; E. Ekwall; Dictionary of English Place-Names; Watts; Cambridge Dictionary of English Place-names
Knayton with Brawith,"'Cengifu's farm/settlement', a feminine personal name. 'Broad ford'.","breiðr Old Norse - Broad, spacious.; Personal name (Old English) Old English - Personal name; tūn Old English - An enclosure; a farmstead; a village; an estate.; vað Old Norse - A ford.",A.D. Mills; Dictionary of English Place-Names; Watts; Cambridge Dictionary of English Place-names; Smith; Place-Names of the North Riding of Yorkshire; E. Ekwall; Dictionary of English Place-Names
Landmoth cum Catto,'Meeting land'. Obscure.,"land Old English - Land (as part of earth's surface); an estate; possibly also new arable area.  In minor and field names: strip in a field-system.; mōt Old English - A meeting, an encounter: used of an assembly of people, or a river confluence.; Obscure element Unknown - Obscure element",E. Ekwall; Dictionary of English Place-Names; A.D. Mills; Dictionary of English Place-Names; Watts; Cambridge Dictionary of English Place-names; Smith; Place-Names of the North Riding of Yorkshire
Langbargh Wapentake,,"berg Old English; berg Old Norse - A hill, a mountain.; lang Old English - Long, tall.; langr Old Norse - Long, tall.; vápnatak Old Norse - A wapentake, a sub-division of a county.",Smith; Place-Names of the North Riding of Yorkshire; Anderson; English Hundred-Names
Langthorne,'Tall thorn-tree'.,"lang Old English - Long, tall.; þorn Old English - A hawthorn-tree.",Watts; Cambridge Dictionary of English Place-names; Smith; Place-Names of the North Riding of Yorkshire; E. Ekwall; Dictionary of English Place-Names; A.D. Mills; Dictionary of English Place-Names
Langthorpe,'Langlifr's outlying farm/settlement'.,"Personal name (Old Norse) Old Norse - Personal name; þorp Old Norse - A secondary settlement, a dependent outlying farmstead or hamlet.",A.D. Mills; Dictionary of English Place-Names; Smith; Place-Names of the North Riding of Yorkshire; E. Ekwall; Dictionary of English Place-Names; Watts; Cambridge Dictionary of English Place-names
Lartington,"Uncertain. 'Farm/settlement connected with *Lytri' or perhaps, 'farm/settlement at Lorting (= the dirty, muddy place)'.","-ing Old English - Place-name forming suffix.; -ingtūn Old English - A settlement called after, or connected with . . .; lorte Old English - Dirt, mud, a muddy place, a swamp.; Personal name (Uncertain) Unknown - Personal name; tūn Old English - An enclosure; a farmstead; a village; an estate.",E. Ekwall; Dictionary of English Place-Names; Watts; Cambridge Dictionary of English Place-names; Smith; Place-Names of the North Riding of Yorkshire; A.D. Mills; Dictionary of English Place-Names
Laskill Pasture,'Low shieling'.,lágr Old Norse - Low.; skáli Old Norse,A.D. Mills; Dictionary of English Place-Names; Smith; Place-Names of the North Riding of Yorkshire; Watts; Cambridge Dictionary of English Place-names
Lastingham,"'Homestead/village of Laesta's people'. 'Ham' replaced earlier, pre-Conquest spellings with OE eg, 'island'. The place is on a low-lying piece of ground around which the Hole Beck flows.","-ingas Old English - The people of . . . ; the people called after . . .; hām Old English - A village, a village community, a manor, an estate, a homestead.; Personal name (Old English) Old English - Personal name",E. Ekwall; Dictionary of English Place-Names; A.D. Mills; Dictionary of English Place-Names; Smith; Place-Names of the North Riding of Yorkshire; Watts; Cambridge Dictionary of English Place-names
Lazenby,"'Freedman's farm/settlement' or perhaps, 'Leysingr's farm/settlement'.","bȳ Old Norse - A farmstead, a village.; leysinga Old Norse - A freedman.; Personal name (Old Norse) Old Norse - Personal name",Watts; Cambridge Dictionary of English Place-names; Smith; Place-Names of the North Riding of Yorkshire; E. Ekwall; Dictionary of English Place-Names; A.D. Mills; Dictionary of English Place-Names
Leake,'Brook'.,lœ́kr Old Norse - A brook.,Smith; Place-Names of the North Riding of Yorkshire; Watts; Cambridge Dictionary of English Place-names; A.D. Mills; Dictionary of English Place-Names; E. Ekwall; Dictionary of English Place-Names
Lebberston,'Leodbriht's farm/settlement'.,Personal name (Old English) Old English - Personal name; tūn Old English - An enclosure; a farmstead; a village; an estate.,E. Ekwall; Dictionary of English Place-Names; Smith; Place-Names of the North Riding of Yorkshire; A.D. Mills; Dictionary of English Place-Names; Watts; Cambridge Dictionary of English Place-names
Levisham,'Leofgeat's homestead/village'.,"hām Old English - A village, a village community, a manor, an estate, a homestead.; Personal name (Old English) Old English - Personal name",E. Ekwall; Dictionary of English Place-Names; Watts; Cambridge Dictionary of English Place-names; Smith; Place-Names of the North Riding of Yorkshire; A.D. Mills; Dictionary of English Place-Names
Leyburn,"'Shelter stream'. Less likely, perhaps, is 'wood/clearing stream'.","burna Old English - A stream.; hlīg Old English - A shelter.; lēah Old English - A forest, wood, glade, clearing; (later) a pasture, meadow.",E. Ekwall; Dictionary of English Place-Names; Watts; Cambridge Dictionary of English Place-names; A.D. Mills; Dictionary of English Place-Names; Smith; Place-Names of the North Riding of Yorkshire
Lillings Ambo,"Uncertain. 'Lilla's people' or perhaps, 'Lilla's place'.",-ing Old English - Place-name forming suffix.; -ingas Old English - The people of . . . ; the people called after . . .; ambo Latin - Both. (Usually in allusion to two villages of the same name forming one parish.); Personal name (Old English) Old English - Personal name,A.D. Mills; Dictionary of English Place-Names; Smith; Place-Names of the North Riding of Yorkshire; Watts; Cambridge Dictionary of English Place-names; E. Ekwall; Dictionary of English Place-Names
Linthorpe,"'Farm/settlement connected with Leofa' or perhaps, 'Leofing's farm/settlement'.","-ing- Old English - Connective particle, linking a first element to a final element.; Personal name (Old English) Old English - Personal name; þorp Old Norse - A secondary settlement, a dependent outlying farmstead or hamlet.",E. Ekwall; Dictionary of English Place-Names; A.D. Mills; Dictionary of English Place-Names; Smith; Place-Names of the North Riding of Yorkshire; Watts; Cambridge Dictionary of English Place-names
Linton upon Ouse,"Probably, 'flax farm/settlement' on the River Ouse.",līn Old English - Flax.; tūn Old English - An enclosure; a farmstead; a village; an estate.,Watts; Cambridge Dictionary of English Place-names; E. Ekwall; Dictionary of English Place-Names; Smith; Place-Names of the North Riding of Yorkshire; A.D. Mills; Dictionary of English Place-Names
Little Edstone,'*Eadin's farm/settlement'.,parva Latin - Small.; Personal name (Old English) Old English - Personal name; tūn Old English - An enclosure; a farmstead; a village; an estate.,A.D. Mills; Dictionary of English Place-Names; E. Ekwall; Dictionary of English Place-Names; Watts; Cambridge Dictionary of English Place-names; Smith; Place-Names of the North Riding of Yorkshire
Little Smeaton,'Smiths' farm/settlement'.,"smið Old English - A smith, a worker in metal.; tūn Old English - An enclosure; a farmstead; a village; an estate.",Watts; Cambridge Dictionary of English Place-names; E. Ekwall; Dictionary of English Place-Names; Smith; Place-Names of the North Riding of Yorkshire; A.D. Mills; Dictionary of English Place-Names
Liverton,Uncertain. 'Farm/settlement on the Lifr (= the thick one)' or 'Leofhere's farm/settlement'. The place stands on Liverton Beck.,"lifer Old English - A liver; probably used of thick, clotted water.; Personal name (Old English) Old English - Personal name; tūn Old English - An enclosure; a farmstead; a village; an estate.",Smith; Place-Names of the North Riding of Yorkshire; Watts; Cambridge Dictionary of English Place-names; A.D. Mills; Dictionary of English Place-Names; E. Ekwall; Dictionary of English Place-Names
Lockton,"Uncertain. Either, 'farm/settlement connected with *Loca' or perhaps, 'enclosed farm/settlement'.","-ingtūn Old English - A settlement called after, or connected with . . .; loca Old English - An enclosure.; Personal name (Old English) Old English - Personal name; tūn Old English - An enclosure; a farmstead; a village; an estate.",A.D. Mills; Dictionary of English Place-Names; Watts; Cambridge Dictionary of English Place-names; Smith; Place-Names of the North Riding of Yorkshire; E. Ekwall; Dictionary of English Place-Names
Loftus,'Loft houses'.,lopt-hús Old Norse - A house with a loft or upper chamber.,Watts; Cambridge Dictionary of English Place-names; Smith; Place-Names of the North Riding of Yorkshire; E. Ekwall; Dictionary of English Place-Names; A.D. Mills; Dictionary of English Place-Names
Low Worsall,'*Weorc's nook of land'. 'Low' to distinguish from High Worsall.,"halh Old English - A nook of land; a small valley; dry ground in marsh; a piece of land projecting from, or detached from, the main area of its administrative unit.; Personal name (Old English) Old English - Personal name",E. Ekwall; Dictionary of English Place-Names; Watts; Cambridge Dictionary of English Place-names; A.D. Mills; Dictionary of English Place-Names; Smith; Place-Names of the North Riding of Yorkshire
Lune Dale,'Valley of the River Lune'.,River-name Unknown - River-name; vallem Latin - Valley.,Watts; Cambridge Dictionary of English Place-names; E. Ekwall; Dictionary of English Place-Names; Smith; Place-Names of the North Riding of Yorkshire; A.D. Mills; Dictionary of English Place-Names
Lythe,'Slope'.,"hlíð Old Norse - A slope, a hill-side.",E. Ekwall; Dictionary of English Place-Names; Smith; Place-Names of the North Riding of Yorkshire; Watts; Cambridge Dictionary of English Place-names; A.D. Mills; Dictionary of English Place-Names
Maltby,'*Malti's farm/settlement' or 'malt farm/settlement'.,"bȳ Old Norse - A farmstead, a village.; malt Old Norse - Malt.; Personal name (Old Norse) Old Norse - Personal name",E. Ekwall; Dictionary of English Place-Names; Watts; Cambridge Dictionary of English Place-names; A.D. Mills; Dictionary of English Place-Names; Smith; Place-Names of the North Riding of Yorkshire
Manfield,"Uncertain. '*Manna's open land', or perhaps, 'communal open land'.","feld Old English - Open country, unencumbered ground (eg. land without trees as opposed to forest, level ground as opposed to hills, land without buildings); arable land (from late tenth century).; mǣne Old English - Common; communal (land).; Personal name (Old English) Old English - Personal name",Watts; Cambridge Dictionary of English Place-names; Smith; Place-Names of the North Riding of Yorkshire; E. Ekwall; Dictionary of English Place-Names; A.D. Mills; Dictionary of English Place-Names
Marishes,'Marshes'.,mersc Old English - A marsh.,A.D. Mills; Dictionary of English Place-Names; E. Ekwall; Dictionary of English Place-Names; Watts; Cambridge Dictionary of English Place-names; Smith; Place-Names of the North Riding of Yorkshire
Marrick,"Uncertain. 'Horse ridge', but ON marr is found only in poetry. Alternatively, 'boundary ridge' or 'boundary strip of land'.","hrycg Old English - A ridge.; hryggr Old Norse - A ridge.; mǣre Old English - A boundary, a border; (in field names) the balk of a ploughland.; márr Old Norse - A horse; usually poetic.; ric Old English - A raised straight strip. (Uncertain)",Smith; Place-Names of the North Riding of Yorkshire; Watts; Cambridge Dictionary of English Place-names; A.D. Mills; Dictionary of English Place-Names; E. Ekwall; Dictionary of English Place-Names
Marske,'Marsh'.,mersc Old English - A marsh.,A.D. Mills; Dictionary of English Place-Names; E. Ekwall; Dictionary of English Place-Names; Smith; Place-Names of the North Riding of Yorkshire; Watts; Cambridge Dictionary of English Place-names
Marske,'Marsh'.,mersc Old English - A marsh.,E. Ekwall; Dictionary of English Place-Names; A.D. Mills; Dictionary of English Place-Names; Watts; Cambridge Dictionary of English Place-names; Smith; Place-Names of the North Riding of Yorkshire
Marton,'Marsh farm/settlement'.,"marr Old Norse - A fen, a marsh.; tūn Old English - An enclosure; a farmstead; a village; an estate.",E. Ekwall; Dictionary of English Place-Names; A.D. Mills; Dictionary of English Place-Names; Watts; Cambridge Dictionary of English Place-names; Smith; Place-Names of the North Riding of Yorkshire
Marton in Cleveland,'Marsh farm/settlement' in 'hilly land'.,"clif Old English - An escarpment, a hill-slope; a river-bank.; land Old English - Land (as part of earth's surface); an estate; possibly also new arable area.  In minor and field names: strip in a field-system.; marr Old Norse - A fen, a marsh.; tūn Old English - An enclosure; a farmstead; a village; an estate.",Watts; Cambridge Dictionary of English Place-names; A.D. Mills; Dictionary of English Place-Names; E. Ekwall; Dictionary of English Place-Names; Smith; Place-Names of the North Riding of Yorkshire
Marton le Forest cum Moxby,'Marsh farm/settlement'. '*Moldr's farm/settlement'.,"bȳ Old Norse - A farmstead, a village.; marr Old Norse - A fen, a marsh.; Personal name (Old Norse) Old Norse - Personal name; tún Old Norse - An enclosure, a farmstead.",A.D. Mills; Dictionary of English Place-Names; Watts; Cambridge Dictionary of English Place-names; E. Ekwall; Dictionary of English Place-Names; Smith; Place-Names of the North Riding of Yorkshire
Marton le Moor,'Marsh farm/settlement' on the moor.,"marr Old Norse - A fen, a marsh.; mōr Old English - A marsh, barren upland.; super Latin - On, above.; tūn Old English - An enclosure; a farmstead; a village; an estate.",E. Ekwall; Dictionary of English Place-Names; Watts; Cambridge Dictionary of English Place-names; Smith; Place-Names of the North Riding of Yorkshire; A.D. Mills; Dictionary of English Place-Names
Masham,'*Maessa's homestead/village'. Masham gave its name to a medieval shire from the 12th to the 14th centuries.,"hām Old English - A village, a village community, a manor, an estate, a homestead.; Personal name (Old English) Old English - Personal name",A.D. Mills; Dictionary of English Place-Names; Smith; Place-Names of the North Riding of Yorkshire; E. Ekwall; Dictionary of English Place-Names; Watts; Cambridge Dictionary of English Place-names
Maunby,'Magni's farm/settlement'.,"bȳ Old Norse - A farmstead, a village.; Personal name (Old Norse) Old Norse - Personal name",Watts; Cambridge Dictionary of English Place-names; E. Ekwall; Dictionary of English Place-Names; Smith; Place-Names of the North Riding of Yorkshire; A.D. Mills; Dictionary of English Place-Names
Melbecks,'Sand-bank stream'.,"bekkr Old Norse - A stream, a beck.; melr Old Norse - A sand-bank, a sand-hill.",Watts; Cambridge Dictionary of English Place-names; Smith; Place-Names of the North Riding of Yorkshire; A.D. Mills; Dictionary of English Place-Names; E. Ekwall; Dictionary of English Place-Names
Melmerby,'Sandy farm/settlement'.,"bȳ Old Norse - A farmstead, a village.; malmr Old Norse - Sand, a sandy field.",E. Ekwall; Dictionary of English Place-Names; A.D. Mills; Dictionary of English Place-Names; Smith; Place-Names of the North Riding of Yorkshire; Watts; Cambridge Dictionary of English Place-names
Melmerby,'Maelmuire's farm/settlement'.,"bȳ Old Norse - A farmstead, a village.; Personal name (Uncertain) Unknown - Personal name",Smith; Place-Names of the North Riding of Yorkshire; Watts; Cambridge Dictionary of English Place-names; E. Ekwall; Dictionary of English Place-Names; A.D. Mills; Dictionary of English Place-Names
Melsonby,"Uncertain. Perhaps, 'Maelsuithan's farm/settlement'.","bȳ Old Norse - A farmstead, a village.; Personal name (Uncertain) Unknown - Personal name",E. Ekwall; Dictionary of English Place-Names; Watts; Cambridge Dictionary of English Place-names; Smith; Place-Names of the North Riding of Yorkshire; A.D. Mills; Dictionary of English Place-Names
Mickleby,'Big farm/settlement'.,"bȳ Old Norse - A farmstead, a village.; mikill Old Norse - Big, great.",A.D. Mills; Dictionary of English Place-Names; Watts; Cambridge Dictionary of English Place-names; E. Ekwall; Dictionary of English Place-Names; Smith; Place-Names of the North Riding of Yorkshire
Mickleton,'Big farm/settlement'.,"micel Old English - Big, great.; tūn Old English - An enclosure; a farmstead; a village; an estate.",A.D. Mills; Dictionary of English Place-Names; E. Ekwall; Dictionary of English Place-Names; Smith; Place-Names of the North Riding of Yorkshire; Watts; Cambridge Dictionary of English Place-names
Middleham,'Middle homestead/village' or 'middle hemmed-in land'.,"hām Old English - A village, a village community, a manor, an estate, a homestead.; hamm Old English - Land hemmed in by water or marsh (perhaps also by high ground); a river-meadow; cultivated plot on the edge of woodland or moor.; middel Old English - Middle.",Watts; Cambridge Dictionary of English Place-names; Smith; Place-Names of the North Riding of Yorkshire; E. Ekwall; Dictionary of English Place-Names; A.D. Mills; Dictionary of English Place-Names
Middlesbrough,"Uncertain. 'Middlemost fortification' or perhaps, '*Midele's fortification'.",burh Old English - A fortified place.; middel Old English - Middle.; Personal name (Old English) Old English - Personal name,A.D. Mills; Dictionary of English Place-Names; Smith; Place-Names of the North Riding of Yorkshire; Watts; Cambridge Dictionary of English Place-names; E. Ekwall; Dictionary of English Place-Names
Middleton,'Middle farm/settlement'. This Middleton is a hub of other Anglian settlements in the area.,middel Old English - Middle.; tūn Old English - An enclosure; a farmstead; a village; an estate.,E. Ekwall; Dictionary of English Place-Names; A.D. Mills; Dictionary of English Place-Names; Smith; Place-Names of the North Riding of Yorkshire; Watts; Cambridge Dictionary of English Place-names
Middleton Quernhow,"'Middle farm/settlement'. Quernhow, 'quern-shaped burial mound', forms the boundary between Ainderby and Middleton Quernhow.","haugr Old Norse - A natural height, a hill, a heap, an artificial mound, a burial mound.; kvern Old Norse - A hand-mill; a mill; a mill-stone.; middel Old English - Middle.; tūn Old English - An enclosure; a farmstead; a village; an estate.",A.D. Mills; Dictionary of English Place-Names; Smith; Place-Names of the North Riding of Yorkshire; E. Ekwall; Dictionary of English Place-Names; Watts; Cambridge Dictionary of English Place-names
Middleton Tyas,"'Middle farm/settlement'. The family name Le Tyeis is known elsewhere in Yorkshire, but there is as yet no documentary evidence connecting them to Middleton.",Family name Unknown - Family name.; middel Old English - Middle.; tūn Old English - An enclosure; a farmstead; a village; an estate.,Smith; Place-Names of the North Riding of Yorkshire; Watts; Cambridge Dictionary of English Place-names; E. Ekwall; Dictionary of English Place-Names; A.D. Mills; Dictionary of English Place-Names
Middleton upon Leven,'Middle farm/settlement' on the River Leven.,middel Old English - Middle.; tūn Old English - An enclosure; a farmstead; a village; an estate.,E. Ekwall; Dictionary of English Place-Names; Watts; Cambridge Dictionary of English Place-names; Smith; Place-Names of the North Riding of Yorkshire; A.D. Mills; Dictionary of English Place-Names
Milby,'Mildi's farm/settlement'.,"bȳ Old Norse - A farmstead, a village.; Personal name (Old Norse) Old Norse - Personal name",Watts; Cambridge Dictionary of English Place-names; A.D. Mills; Dictionary of English Place-Names; Smith; Place-Names of the North Riding of Yorkshire; E. Ekwall; Dictionary of English Place-Names
Morton,'Moor farm/settlement'.,"mōr Old English - A marsh, barren upland.; tūn Old English - An enclosure; a farmstead; a village; an estate.",Watts; Cambridge Dictionary of English Place-names; Smith; Place-Names of the North Riding of Yorkshire; E. Ekwall; Dictionary of English Place-Names; A.D. Mills; Dictionary of English Place-Names
Morton upon Swale,'Moor farm/settlement' on the River Swale.,"mōr Old English - A marsh, barren upland.; tūn Old English - An enclosure; a farmstead; a village; an estate.",A.D. Mills; Dictionary of English Place-Names; Smith; Place-Names of the North Riding of Yorkshire; Watts; Cambridge Dictionary of English Place-names; E. Ekwall; Dictionary of English Place-Names
Moulton,"'*Mula's/Muli's farm/settlement' or possibly, 'mule farm/settlement'.",mūl Old English - A mule.; Personal name (Old English) Old English - Personal name; tūn Old English - An enclosure; a farmstead; a village; an estate.,Smith; Place-Names of the North Riding of Yorkshire; A.D. Mills; Dictionary of English Place-Names; Watts; Cambridge Dictionary of English Place-names; E. Ekwall; Dictionary of English Place-Names
Muker,'Narrow cultivated plot'.,"akr Old Norse - A plot of arable land. (Indistinguishable from OE æcer.); mjór Old Norse - Thin, narrow, small.",A.D. Mills; Dictionary of English Place-Names; Watts; Cambridge Dictionary of English Place-names; E. Ekwall; Dictionary of English Place-Names; Smith; Place-Names of the North Riding of Yorkshire
Murton,'Moor farm/settlement'.,"mōr Old English - A marsh, barren upland.; tūn Old English - An enclosure; a farmstead; a village; an estate.",E. Ekwall; Dictionary of English Place-Names; Watts; Cambridge Dictionary of English Place-names; A.D. Mills; Dictionary of English Place-Names; Smith; Place-Names of the North Riding of Yorkshire
Murton,'Moor farm/settlement'.,mór Old Norse - A marsh; barren upland.; tūn Old English - An enclosure; a farmstead; a village; an estate.,Smith; Place-Names of the North Riding of Yorkshire; Watts; Cambridge Dictionary of English Place-names; A.D. Mills; Dictionary of English Place-Names; E. Ekwall; Dictionary of English Place-Names
Muscoates,"Either, 'mouse cottages' or 'Musi's cottages'.","cot Old English - A cottage, a hut, a shelter, a den.; mūs Old English - A mouse, a field-mouse.; Personal name (Old Norse) Old Norse - Personal name",Watts; Cambridge Dictionary of English Place-names; A.D. Mills; Dictionary of English Place-Names; E. Ekwall; Dictionary of English Place-Names; Smith; Place-Names of the North Riding of Yorkshire
Myton on Swale,'Confluence farm/settlement'. The place is located on the River Swale where it joins the River Ure.,mȳðe Old English - The mouth of a river where it runs into another; a confluence of rivers.; tūn Old English - An enclosure; a farmstead; a village; an estate.,Watts; Cambridge Dictionary of English Place-names; A.D. Mills; Dictionary of English Place-Names; E. Ekwall; Dictionary of English Place-Names; Smith; Place-Names of the North Riding of Yorkshire
Nawton,'Nagli's farm/settlement'.,Personal name (Old Norse) Old Norse - Personal name; tūn Old English - An enclosure; a farmstead; a village; an estate.,E. Ekwall; Dictionary of English Place-Names; Smith; Place-Names of the North Riding of Yorkshire; A.D. Mills; Dictionary of English Place-Names; Watts; Cambridge Dictionary of English Place-names
Nether and Upper Hallam,"Probably, 'at the rocks' but perhaps, 'at the nooks of land'.","halh Old English - A nook of land; a small valley; dry ground in marsh; a piece of land projecting from, or detached from, the main area of its administrative unit.; hall Old English - A slope, a hill; a boulder.",Watts; Cambridge Dictionary of English Place-names; Smith; Place-names of the West Riding of Yorkshire; E. Ekwall; Dictionary of English Place-Names; A.D. Mills; Dictionary of English Place-Names
Nether and Upper Poppleton,'Pebble farm/settlement'.,neoðera Old English - Lower. (No positive form.); popel Old English - A pebble.; tūn Old English - An enclosure; a farmstead; a village; an estate.,A.D. Mills; Dictionary of English Place-Names; Smith; Place-names of the West Riding of Yorkshire; E. Ekwall; Dictionary of English Place-Names; Watts; Cambridge Dictionary of English Place-names
Nether Silton,'Shelf farm/settlement' or 'Sylfa's farm/settlement'. 'Nether' to distinguish from Over Silton.,"Personal name (Old Norse) Old Norse - Personal name; scelf Old English - A shelf, a shelving terrain; a pinnacle, battlement.; tūn Old English - An enclosure; a farmstead; a village; an estate.",A.D. Mills; Dictionary of English Place-Names; E. Ekwall; Dictionary of English Place-Names; Smith; Place-Names of the North Riding of Yorkshire; Watts; Cambridge Dictionary of English Place-names
New and Old Malton,"Uncertain. 'Assembly farm/settlement' or possibly, 'middle farm/settlement'.","mæðel Old English - Speech, assembly, council.; meðal Old Norse - Among, between; middle.; tūn Old English - An enclosure; a farmstead; a village; an estate.",A.D. Mills; Dictionary of English Place-Names; Smith; Place-Names of the North Riding of Yorkshire; E. Ekwall; Dictionary of English Place-Names; Watts; Cambridge Dictionary of English Place-names
New Forest,'New forest'.,"forest Middle English - A large tract of woodland, a forest.; nīwe Old English - New.",A.D. Mills; Dictionary of English Place-Names; Watts; Cambridge Dictionary of English Place-names; E. Ekwall; Dictionary of English Place-Names; Smith; Place-Names of the North Riding of Yorkshire
Newbiggin,'New building'.,"bigging Middle English - A building; later an outbuilding, an outhouse.; nīwe Old English - New.",Watts; Cambridge Dictionary of English Place-names; A.D. Mills; Dictionary of English Place-Names; Smith; Place-Names of the North Riding of Yorkshire; E. Ekwall; Dictionary of English Place-Names
Newburgh,'New fortification'.,burh Old English - A fortified place.; nīwe Old English - New.,E. Ekwall; Dictionary of English Place-Names; A.D. Mills; Dictionary of English Place-Names; Smith; Place-Names of the North Riding of Yorkshire; Watts; Cambridge Dictionary of English Place-names
Newby,'New farm/settlement'.,"bȳ Old Norse - A farmstead, a village.; nīwe Old English - New.",E. Ekwall; Dictionary of English Place-Names; Watts; Cambridge Dictionary of English Place-names; Smith; Place-Names of the North Riding of Yorkshire; A.D. Mills; Dictionary of English Place-Names
Newby Wiske,'New farm/settlement' on the River Wiske.,"bȳ Old Norse - A farmstead, a village.; nīwe Old English - New.",E. Ekwall; Dictionary of English Place-Names; Watts; Cambridge Dictionary of English Place-names; Smith; Place-Names of the North Riding of Yorkshire; A.D. Mills; Dictionary of English Place-Names
Newholm,'New homestead/village' or 'new hemmed-in land'.,"hām Old English - A village, a village community, a manor, an estate, a homestead.; hamm Old English - Land hemmed in by water or marsh (perhaps also by high ground); a river-meadow; cultivated plot on the edge of woodland or moor.; nīwe Old English - New.",A.D. Mills; Dictionary of English Place-Names; Watts; Cambridge Dictionary of English Place-names; Smith; Place-Names of the North Riding of Yorkshire; E. Ekwall; Dictionary of English Place-Names
Newsham,'New houses'.,hūs Old English - A house; also sometimes used of a building for special purposes.; nīwe Old English - New.,Watts; Cambridge Dictionary of English Place-names; A.D. Mills; Dictionary of English Place-Names; Smith; Place-Names of the North Riding of Yorkshire; E. Ekwall; Dictionary of English Place-Names
Newsham with Breckenbrough,'New houses'. 'Bracken hill'.,"berg Old English; braken Middle English - Bracken, fern.; hūs Old English - A house; also sometimes used of a building for special purposes.; nīwe Old English - New.",E. Ekwall; Dictionary of English Place-Names; Watts; Cambridge Dictionary of English Place-names; Smith; Place-Names of the North Riding of Yorkshire; A.D. Mills; Dictionary of English Place-Names
Newton,'New farm/settlement'.,nīwe Old English - New.; tūn Old English - An enclosure; a farmstead; a village; an estate.,E. Ekwall; Dictionary of English Place-Names; Smith; Place-Names of the North Riding of Yorkshire; A.D. Mills; Dictionary of English Place-Names; Watts; Cambridge Dictionary of English Place-names
Newton,'New farm/settlement'.,nīwe Old English - New.; tūn Old English - An enclosure; a farmstead; a village; an estate.,E. Ekwall; Dictionary of English Place-Names; Watts; Cambridge Dictionary of English Place-names; Smith; Place-Names of the North Riding of Yorkshire; A.D. Mills; Dictionary of English Place-Names
Newton le Willows,'New farm/settlement' near the willow trees.,nīwe Old English - New.; tūn Old English - An enclosure; a farmstead; a village; an estate.,A.D. Mills; Dictionary of English Place-Names; E. Ekwall; Dictionary of English Place-Names; Watts; Cambridge Dictionary of English Place-names; Smith; Place-Names of the North Riding of Yorkshire
Newton Morrell,'New farm/settlement'. It was held by the Morrel family.,Family name Unknown - Family name.; nīwe Old English - New.; tūn Old English - An enclosure; a farmstead; a village; an estate.,A.D. Mills; Dictionary of English Place-Names; E. Ekwall; Dictionary of English Place-Names; Smith; Place-Names of the North Riding of Yorkshire; Watts; Cambridge Dictionary of English Place-names
Newton Mulgrave,"'New farmstead'. It is near Mulgrave, 'Muli's valley'.","gryfja Old Norse - A hole, a pit.; nīwe Old English - New.; Personal name (Old Norse) Old Norse - Personal name; tūn Old English - An enclosure; a farmstead; a village; an estate.",Watts; Cambridge Dictionary of English Place-names; E. Ekwall; Dictionary of English Place-Names; Smith; Place-Names of the North Riding of Yorkshire; A.D. Mills; Dictionary of English Place-Names
Newton on Ouse,'New farm/settlement' on the River Ouse.,nīwe Old English - New.; tūn Old English - An enclosure; a farmstead; a village; an estate.,Smith; Place-Names of the North Riding of Yorkshire; A.D. Mills; Dictionary of English Place-Names; E. Ekwall; Dictionary of English Place-Names; Watts; Cambridge Dictionary of English Place-names
Normanby,'Norwegians' farm/settlement'.,"bȳ Old Norse - A farmstead, a village.; Norðman Old English - A Northman, a Norwegian.",E. Ekwall; Dictionary of English Place-Names; Watts; Cambridge Dictionary of English Place-names; Smith; Place-Names of the North Riding of Yorkshire; A.D. Mills; Dictionary of English Place-Names
Normanby,'Norwegians' farm/settlement'.,"bȳ Old Norse - A farmstead, a village.; Norðman Old English - A Northman, a Norwegian.",Watts; Cambridge Dictionary of English Place-names; A.D. Mills; Dictionary of English Place-Names; Smith; Place-Names of the North Riding of Yorkshire; E. Ekwall; Dictionary of English Place-Names
North and South Cowton,'Cow farm/settlement'.,cū Old English - A cow.; tūn Old English - An enclosure; a farmstead; a village; an estate.,Smith; Place-Names of the North Riding of Yorkshire; Watts; Cambridge Dictionary of English Place-names; A.D. Mills; Dictionary of English Place-Names; E. Ekwall; Dictionary of English Place-Names
North and South Otterington,Uncertain. 'Farm/settlement connected with Oter' or 'farm/settlement at Otering (= the otter place)'.,"-ing Old English - Place-name forming suffix.; -ingtūn Old English - A settlement called after, or connected with . . .; oter Old English - An otter.; Personal name (Old English) Old English - Personal name; tūn Old English - An enclosure; a farmstead; a village; an estate.",Smith; Place-Names of the North Riding of Yorkshire; A.D. Mills; Dictionary of English Place-Names; E. Ekwall; Dictionary of English Place-Names; Watts; Cambridge Dictionary of English Place-names
North Holme,"'Island', 'North' to distinguish from South Holme.","holmr Old Norse - An island, an inland promontory, raised ground in marsh, a river-meadow.; norð Old English - Northern, north.",Smith; Place-Names of the North Riding of Yorkshire; Watts; Cambridge Dictionary of English Place-names; A.D. Mills; Dictionary of English Place-Names; E. Ekwall; Dictionary of English Place-Names
North Kilvington,'Farm/settlement connected with *Cylfa'. 'North' to distinguish from South Kilvington.,"-ingtūn Old English - A settlement called after, or connected with . . .; Personal name (Old English) Old English - Personal name",E. Ekwall; Dictionary of English Place-Names; Watts; Cambridge Dictionary of English Place-names; Smith; Place-Names of the North Riding of Yorkshire; A.D. Mills; Dictionary of English Place-Names
Northallerton,'Aelfhere's farm/settlement'. 'North' to distinguish from other Allertons. Allerton wapentake takes its name from Northallerton. The meeting-place is apparently unknown.,"norð Old English - Northern, north.; Personal name (Old English) Old English - Personal name; tūn Old English - An enclosure; a farmstead; a village; an estate.; vápnatak Old Norse - A wapentake, a sub-division of a county.",E. Ekwall; Dictionary of English Place-Names; Anderson; English Hundred-Names; Watts; Cambridge Dictionary of English Place-names; Smith; Place-Names of the North Riding of Yorkshire; A.D. Mills; Dictionary of English Place-Names
Norton Conyers,'North farm/settlement'. The Conyers family held land here between 1099 and 1133.,"Family name Unknown - Family name.; norð Old English - Northern, north.; tūn Old English - An enclosure; a farmstead; a village; an estate.",E. Ekwall; Dictionary of English Place-Names; A.D. Mills; Dictionary of English Place-Names; Watts; Cambridge Dictionary of English Place-names; Smith; Place-Names of the North Riding of Yorkshire
Norton le Clay,"'North farm/settlement on clay'. An earlier form is 'in le Drit'. Both refer to the wet, clayey nature of soils around Norton.","clǣg Old English - Clay, clayey soil.; le Old French - The.; norð Old English - Northern, north.; tūn Old English - An enclosure; a farmstead; a village; an estate.",E. Ekwall; Dictionary of English Place-Names; Smith; Place-Names of the North Riding of Yorkshire; A.D. Mills; Dictionary of English Place-Names; Watts; Cambridge Dictionary of English Place-names
Nunnington,'Farm/settlement connected with Nunna'.,"-ingtūn Old English - A settlement called after, or connected with . . .; Personal name (Old English) Old English - Personal name",E. Ekwall; Dictionary of English Place-Names; A.D. Mills; Dictionary of English Place-Names; Watts; Cambridge Dictionary of English Place-names; Smith; Place-Names of the North Riding of Yorkshire
Nunthorpe,"'Nuns' outlying farm/settlement'. 'Nunne' is a later addition, referring to the nuns of the Church of St James.","nunne Old English - A nun.; þorp Old Norse - A secondary settlement, a dependent outlying farmstead or hamlet.",Watts; Cambridge Dictionary of English Place-names; A.D. Mills; Dictionary of English Place-Names; Smith; Place-Names of the North Riding of Yorkshire; E. Ekwall; Dictionary of English Place-Names
Old Byland,'Bega's land'. This was the original site of Byland Abbey.,land Old English - Land (as part of earth's surface); an estate; possibly also new arable area.  In minor and field names: strip in a field-system.; Personal name (Old English) Old English - Personal name,Smith; Place-Names of the North Riding of Yorkshire; Watts; Cambridge Dictionary of English Place-names; A.D. Mills; Dictionary of English Place-Names; E. Ekwall; Dictionary of English Place-Names
Oldstead,"'Old place', or perhaps in a later sense of OE stede, 'old farm'.","ald Old English; stede Old English - A place, a site, a locality; a religious house or foundation; a place of communal activity; a farm, a dairy-farm, an estate.",Smith; Place-Names of the North Riding of Yorkshire; A.D. Mills; Dictionary of English Place-Names; E. Ekwall; Dictionary of English Place-Names; Watts; Cambridge Dictionary of English Place-names
Ormesby,'Ormr's farm/settlement'.,"bȳ Old Norse - A farmstead, a village.; Personal name (Old Norse) Old Norse - Personal name",Watts; Cambridge Dictionary of English Place-names; E. Ekwall; Dictionary of English Place-Names; A.D. Mills; Dictionary of English Place-Names; Smith; Place-Names of the North Riding of Yorkshire
Osbaldwick,'Osbald's specialised farm'.,"Personal name (Old English) Old English - Personal name; wīc Old English - A dwelling; a building or collection of buildings for special purposes; a farm, a dairy farm; a trading or industrial settlement; or (in the plural) a hamlet, village.",Watts; Cambridge Dictionary of English Place-names; A.D. Mills; Dictionary of English Place-Names; Smith; Place-Names of the North Riding of Yorkshire; E. Ekwall; Dictionary of English Place-Names
Osmotherley,'Asmund's wood/clearing'.,"lēah Old English - A forest, wood, glade, clearing; (later) a pasture, meadow.; Personal name (Old Norse) Old Norse - Personal name",Smith; Place-Names of the North Riding of Yorkshire; Watts; Cambridge Dictionary of English Place-names; E. Ekwall; Dictionary of English Place-Names; A.D. Mills; Dictionary of English Place-Names
Oswaldkirk,'St. Oswald's church'.,kirkja Old Norse - A church.; Saint's Name Unknown - Saint's name.,Smith; Place-Names of the North Riding of Yorkshire; Watts; Cambridge Dictionary of English Place-names; A.D. Mills; Dictionary of English Place-Names; E. Ekwall; Dictionary of English Place-Names
Oulston,'Ulf's farm/settlement' or 'Wulf's farm/settlement'.,Personal name (Old English) Old English - Personal name; Personal name (Old Norse) Old Norse - Personal name; tūn Old English - An enclosure; a farmstead; a village; an estate.,A.D. Mills; Dictionary of English Place-Names; Watts; Cambridge Dictionary of English Place-names; E. Ekwall; Dictionary of English Place-Names; Smith; Place-Names of the North Riding of Yorkshire
Over Dinsdale,"Uncertain. Perhaps, 'Dyttin's nook of land' or 'nook of land belonging to *Dictun (= ditch farm/settlement)'.","dīc Old English - A ditch, usually an excavated trench, either defensive or for drainage of water.; halh Old English - A nook of land; a small valley; dry ground in marsh; a piece of land projecting from, or detached from, the main area of its administrative unit.; Personal name (Old English) Old English - Personal name; tūn Old English - An enclosure; a farmstead; a village; an estate.",A.D. Mills; Dictionary of English Place-Names; Watts; Cambridge Dictionary of English Place-names; E. Ekwall; Dictionary of English Place-Names; Smith; Place-Names of the North Riding of Yorkshire
Over Silton,'Shelf farm/settlement' or 'Sylfa's farm/settlement'. 'Over' to distinguish from Nether Silton.,"Personal name (Old Norse) Old Norse - Personal name; scelf Old English - A shelf, a shelving terrain; a pinnacle, battlement.; tūn Old English - An enclosure; a farmstead; a village; an estate.",Watts; Cambridge Dictionary of English Place-names; Smith; Place-Names of the North Riding of Yorkshire; E. Ekwall; Dictionary of English Place-Names; A.D. Mills; Dictionary of English Place-Names
Overton,'Higher farm/settlement'.,tūn Old English - An enclosure; a farmstead; a village; an estate.; uferra Old English - Higher.,Watts; Cambridge Dictionary of English Place-names; E. Ekwall; Dictionary of English Place-Names; Smith; Place-Names of the North Riding of Yorkshire; A.D. Mills; Dictionary of English Place-Names
Ovington,'Farm/settlement connected with Wulfa'.,"-ingtūn Old English - A settlement called after, or connected with . . .; Personal name (Old English) Old English - Personal name",E. Ekwall; Dictionary of English Place-Names; Smith; Place-Names of the North Riding of Yorkshire; Watts; Cambridge Dictionary of English Place-names; A.D. Mills; Dictionary of English Place-Names
Patrick Brompton,'Broom farm/settlement'. Patric is feudal name after the OIr. personal name Patric.,brōm Old English - Broom; a thorny bush or shrub.; Personal name (Uncertain) Unknown - Personal name; tūn Old English - An enclosure; a farmstead; a village; an estate.,Smith; Place-Names of the North Riding of Yorkshire; Watts; Cambridge Dictionary of English Place-names; E. Ekwall; Dictionary of English Place-Names; A.D. Mills; Dictionary of English Place-Names
Pendleton,'Farm/settlement by *Penn hill'. The Celtic 'penn' may have been adopted as a proper name to which 'hyll' was added by way of explanation.,"hyll Old English - A hill, a natural eminence or elevated piece of ground.; penn C; tūn Old English - An enclosure; a farmstead; a village; an estate.",Watts; Cambridge Dictionary of English Place-names; E. Ekwall; Dictionary of English Place-Names; Ekwall; Place-names of Lancashire; A.D. Mills; Dictionary of English Place-Names
Pickering,"Perhaps, '*Picer's people'. In 1086, this was called","-ingas Old English - The people of . . . ; the people called after . . .; hlið Old English - A slope, a hill-side.; Personal name (Old English) Old English - Personal name; vápnatak Old Norse - A wapentake, a sub-division of a county.",A.D. Mills; Dictionary of English Place-Names; Smith; Place-Names of the North Riding of Yorkshire; Watts; Cambridge Dictionary of English Place-names; Anderson; English Hundred-Names; E. Ekwall; Dictionary of English Place-Names
Pickhill with Roxby,Uncertain. '*Pica's nook of land' or 'pointed-hill nook of land'. 'Hrokr's nook of land'.,"bȳ Old Norse - A farmstead, a village.; halh Old English - A nook of land; a small valley; dry ground in marsh; a piece of land projecting from, or detached from, the main area of its administrative unit.; Personal name (Old English) Old English - Personal name; Personal name (Old Norse) Old Norse - Personal name; pīc Old English - A point; a pointed tool; a pike (the fish); a pointed hill.",E. Ekwall; Dictionary of English Place-Names; A.D. Mills; Dictionary of English Place-Names; Smith; Place-Names of the North Riding of Yorkshire; Watts; Cambridge Dictionary of English Place-names
Picton,'*Pica's farm/settlement'.,Personal name (Old English) Old English - Personal name; tūn Old English - An enclosure; a farmstead; a village; an estate.,A.D. Mills; Dictionary of English Place-Names; E. Ekwall; Dictionary of English Place-Names; Smith; Place-Names of the North Riding of Yorkshire; Watts; Cambridge Dictionary of English Place-names
Pinchinthorpe,"'Outlying farm/settlement'. The Pinchun family held land here in the 12th and 13th centuries. Originally, ON austr, 'east outlying farm/settlement'.","Personal name (Old English) Old English - Personal name; þorp Old Norse - A secondary settlement, a dependent outlying farmstead or hamlet.",E. Ekwall; Dictionary of English Place-Names; Smith; Place-Names of the North Riding of Yorkshire; Watts; Cambridge Dictionary of English Place-names; A.D. Mills; Dictionary of English Place-Names
Pockley,"Probably, '*Poca's wood/clearing'.","lēah Old English - A forest, wood, glade, clearing; (later) a pasture, meadow.; Personal name (Old English) Old English - Personal name",Watts; Cambridge Dictionary of English Place-names; A.D. Mills; Dictionary of English Place-Names; Smith; Place-Names of the North Riding of Yorkshire; E. Ekwall; Dictionary of English Place-Names
Potto,'Pot burial mound'.,"haugr Old Norse - A natural height, a hill, a heap, an artificial mound, a burial mound.; pott Old English - A pot.",Smith; Place-Names of the North Riding of Yorkshire; Watts; Cambridge Dictionary of English Place-names; A.D. Mills; Dictionary of English Place-Names; E. Ekwall; Dictionary of English Place-Names
Preston under Scar,Priests farm/settlement' under 'rock/cliff'.,"prēost Old English - A priest.; sker Old Norse - A rock, a scar, a reef, a skerry.; tūn Old English - An enclosure; a farmstead; a village; an estate.",Smith; Place-Names of the North Riding of Yorkshire; E. Ekwall; Dictionary of English Place-Names; A.D. Mills; Dictionary of English Place-Names; Watts; Cambridge Dictionary of English Place-names
Rainton with Newby,'Farm/settlement connected with *Raegen'. 'New farm/settlement'.,"-ingtūn Old English - A settlement called after, or connected with . . .; bȳ Old Norse - A farmstead, a village.; nīwe Old English - New.; Personal name (Old English) Old English - Personal name",Watts; Cambridge Dictionary of English Place-names; E. Ekwall; Dictionary of English Place-Names; A.D. Mills; Dictionary of English Place-Names; Smith; Place-Names of the North Riding of Yorkshire
Rand Grange,'Border'. Grange is a later addition.,"grange Middle English - A grange; originally a granary, a barn; later a farm; also an outlying farm belonging to a religious house or a feudal lord, where crops were stored.; rand Old English - An edge, a border, a brink, a shore.",Watts; Cambridge Dictionary of English Place-names; Smith; Place-Names of the North Riding of Yorkshire; E. Ekwall; Dictionary of English Place-Names; A.D. Mills; Dictionary of English Place-Names
Raskelf,'Roe-deer shelf'. The place is on a flat area of land over-looking the River Kyle.,"rá Old Norse - A roe, a roe-buck.; skjalf Old Norse - A seat; a shelf.",Watts; Cambridge Dictionary of English Place-names; A.D. Mills; Dictionary of English Place-Names; Smith; Place-Names of the North Riding of Yorkshire; E. Ekwall; Dictionary of English Place-Names
Ravensworth,"Either, 'Hrafn's ford' or 'raven's ford'.",hrafn Old Norse - A raven.; Personal name (Old Norse) Old Norse - Personal name; vað Old Norse - A ford.,A.D. Mills; Dictionary of English Place-Names; Watts; Cambridge Dictionary of English Place-names; Smith; Place-Names of the North Riding of Yorkshire; E. Ekwall; Dictionary of English Place-Names
Rawcliffe,"'Red cliff', probably referring to the colour of the steep banks of the River Ouse.","klif Old Norse - A cliff, a steep hill.; rauðr Old Norse - Red.",E. Ekwall; Dictionary of English Place-Names; A.D. Mills; Dictionary of English Place-Names; Watts; Cambridge Dictionary of English Place-names; Smith; Place-Names of the North Riding of Yorkshire
Redcar,Uncertain. 'Red marsh' or 'reed marsh'.,"hrēod Old English - A reed, a rush; a reed-bed.; kjarr Old Norse - Brushwood; a marsh overgrown with brushwood.; rēad Old English - Red.",Smith; Place-Names of the North Riding of Yorkshire; Watts; Cambridge Dictionary of English Place-names; A.D. Mills; Dictionary of English Place-Names; E. Ekwall; Dictionary of English Place-Names
Redmire,'Reed pool'.,"hrēod Old English - A reed, a rush; a reed-bed.; mere Old English - A pond, a pool, a lake.",E. Ekwall; Dictionary of English Place-Names; A.D. Mills; Dictionary of English Place-Names; Smith; Place-Names of the North Riding of Yorkshire; Watts; Cambridge Dictionary of English Place-names
Reeth,'Stream'.,rīð Old English - A small stream.,E. Ekwall; Dictionary of English Place-Names; A.D. Mills; Dictionary of English Place-Names; Smith; Place-Names of the North Riding of Yorkshire; Watts; Cambridge Dictionary of English Place-names
Richmond,"'Strong hill'. Originally, known as Hrindelac/Hindeslak, 'hind's woodland glade'.","mont Middle English - A mount, a hill.; riche Old French - Strong.",E. Ekwall; Dictionary of English Place-Names; Watts; Cambridge Dictionary of English Place-names; Smith; Place-Names of the North Riding of Yorkshire; A.D. Mills; Dictionary of English Place-Names
Rievaulx,'Rye valley' after the River Rye.,River-name Unknown - River-name; val Old French - Valley.,E. Ekwall; Dictionary of English Place-Names; Watts; Cambridge Dictionary of English Place-names; A.D. Mills; Dictionary of English Place-Names; Smith; Place-Names of the North Riding of Yorkshire
Rokeby,"'Hroca's farm/settlement' or perhaps, 'rook farm/settlement'.","bȳ Old Norse - A farmstead, a village.; hrókr Old Norse - A rook.; Personal name (Old Norse) Old Norse - Personal name",E. Ekwall; Dictionary of English Place-Names; A.D. Mills; Dictionary of English Place-Names; Smith; Place-Names of the North Riding of Yorkshire; Watts; Cambridge Dictionary of English Place-names
Romaldkirk,'St. Rumwald's church'.,kirkja Old Norse - A church.; Saint's Name Unknown - Saint's name.,A.D. Mills; Dictionary of English Place-Names; Smith; Place-Names of the North Riding of Yorkshire; Watts; Cambridge Dictionary of English Place-names; E. Ekwall; Dictionary of English Place-Names
Romanby,'Rothmund's farm/settlement'.,"bȳ Old Norse - A farmstead, a village.; Personal name (Old Norse) Old Norse - Personal name",A.D. Mills; Dictionary of English Place-Names; Smith; Place-Names of the North Riding of Yorkshire; E. Ekwall; Dictionary of English Place-Names; Watts; Cambridge Dictionary of English Place-names
Rookwith,'Rook wood'.,"hrōc Old English - A rook.; hrókr Old Norse - A rook.; viðr Old Norse - A wood; or a tree, a tree-trunk.",A.D. Mills; Dictionary of English Place-Names; Watts; Cambridge Dictionary of English Place-names; E. Ekwall; Dictionary of English Place-Names; Smith; Place-Names of the North Riding of Yorkshire
Rosedale,"Uncertain. 'Horse valley' or perhaps, 'Rossi's valley'.",dalr Old Norse - A valley.; hross Old Norse - A horse.; Personal name (Old Norse) Old Norse - Personal name,E. Ekwall; Dictionary of English Place-Names; Smith; Place-Names of the North Riding of Yorkshire; A.D. Mills; Dictionary of English Place-Names; Watts; Cambridge Dictionary of English Place-names
Roxby,'Rauthr's farm/settlement'.,"bȳ Old Norse - A farmstead, a village.; Personal name (Old Norse) Old Norse - Personal name",Smith; Place-Names of the North Riding of Yorkshire; E. Ekwall; Dictionary of English Place-Names; Watts; Cambridge Dictionary of English Place-names; A.D. Mills; Dictionary of English Place-Names
Rudby in Cleveland,"Either, 'Rudi's farm/settlement' or 'clearing farm/settlement'.","bȳ Old Norse - A farmstead, a village.; Personal name (Old Norse) Old Norse - Personal name; ruð Old Norse - A clearing.",Watts; Cambridge Dictionary of English Place-names; A.D. Mills; Dictionary of English Place-Names; E. Ekwall; Dictionary of English Place-Names; Smith; Place-Names of the North Riding of Yorkshire
Ruswarp,'Brushwood silted-land'.,"hrīs Old English - Shrubs, brushwood.; wearp Old English - A warp; an osier; silted land.",A.D. Mills; Dictionary of English Place-Names; E. Ekwall; Dictionary of English Place-Names; Smith; Place-Names of the North Riding of Yorkshire; Watts; Cambridge Dictionary of English Place-names
Ryton,'Farm/settlement on the River Rye'.,River-name Unknown - River-name; tūn Old English - An enclosure; a farmstead; a village; an estate.,Watts; Cambridge Dictionary of English Place-names; A.D. Mills; Dictionary of English Place-Names; E. Ekwall; Dictionary of English Place-Names; Smith; Place-Names of the North Riding of Yorkshire
Saltburn,'Salt stream'.,burna Old English - A stream.; salt Old English,Watts; Cambridge Dictionary of English Place-names; E. Ekwall; Dictionary of English Place-Names; Smith; Place-Names of the North Riding of Yorkshire; A.D. Mills; Dictionary of English Place-Names
Salton,'Willow farm/settlement'.,salh Old English; tūn Old English - An enclosure; a farmstead; a village; an estate.,Watts; Cambridge Dictionary of English Place-names; E. Ekwall; Dictionary of English Place-Names; Smith; Place-Names of the North Riding of Yorkshire; A.D. Mills; Dictionary of English Place-Names
Sand Hutton,'Sandy hill-spur farm/settlement'.,hōh Old English - A heel; a sharply projecting piece of ground.; sand Old English - Sand.; tūn Old English - An enclosure; a farmstead; a village; an estate.,E. Ekwall; Dictionary of English Place-Names; Smith; Place-Names of the North Riding of Yorkshire; A.D. Mills; Dictionary of English Place-Names; Watts; Cambridge Dictionary of English Place-names
Sand Hutton,'Sandy hill-spur farm/settlement'.,hōh Old English - A heel; a sharply projecting piece of ground.; sand Old English - Sand.; tūn Old English - An enclosure; a farmstead; a village; an estate.,Watts; Cambridge Dictionary of English Place-names; Smith; Place-Names of the North Riding of Yorkshire; E. Ekwall; Dictionary of English Place-Names; A.D. Mills; Dictionary of English Place-Names
Scackleton,"Literally, 'shackle valley' although the exact sense is uncertain. It has been suggested that the reference is to a 'pole' to which shackles are attached and may be 'pole valley' or 'pointed-land valley'. Alternatively, OE sceacol is a derivative of sceac",denu Old English - A valley.; sceacol Old English - A shackle; an iron ring to constrain a prisoner; probably used of a place where animals were tied up or shackled.,Watts; Cambridge Dictionary of English Place-names; E. Ekwall; Dictionary of English Place-Names; Smith; Place-Names of the North Riding of Yorkshire; A.D. Mills; Dictionary of English Place-Names
Scalby,'Skalli's farm/settlement'.,"bȳ Old Norse - A farmstead, a village.; Personal name (Old Norse) Old Norse - Personal name",Watts; Cambridge Dictionary of English Place-names; Smith; Place-Names of the North Riding of Yorkshire; A.D. Mills; Dictionary of English Place-Names; E. Ekwall; Dictionary of English Place-Names
Scarborough,"'Skarthi's fortification'. Kormakssaga tells of two brothers, Kormak and Thorgils, also called Skarthi, who founded Scarborough c. 966-7 while raiding along the coast.","borg Old Norse - A fort, a stronghold; a fortified hill.; Personal name (Old Norse) Old Norse - Personal name",Smith; Place-Names of the North Riding of Yorkshire; E. Ekwall; Dictionary of English Place-Names; A.D. Mills; Dictionary of English Place-Names; Watts; Cambridge Dictionary of English Place-names
Scargill,"'Skakari's ravine' but perhaps, 'merganser ravine'.",gil Old Norse; Personal name (Old Norse) Old Norse - Personal name; skraki Old Norse - Mergansers.,E. Ekwall; Dictionary of English Place-Names; Smith; Place-Names of the North Riding of Yorkshire; Watts; Cambridge Dictionary of English Place-names; A.D. Mills; Dictionary of English Place-Names
Scawton,"Either, 'hollow farm/settlement' or 'shieling farm/settlement'.","skál Old Norse - A bowl, a hollow.; skáli Old Norse; tūn Old English - An enclosure; a farmstead; a village; an estate.",E. Ekwall; Dictionary of English Place-Names; A.D. Mills; Dictionary of English Place-Names; Smith; Place-Names of the North Riding of Yorkshire; Watts; Cambridge Dictionary of English Place-names
Scorton,'Ravine farm/settlement'.,"skor Old Norse - A cut, a notch, a rift in a rock or precipice.; tūn Old English - An enclosure; a farmstead; a village; an estate.",Watts; Cambridge Dictionary of English Place-names; A.D. Mills; Dictionary of English Place-Names; Smith; Place-Names of the North Riding of Yorkshire; E. Ekwall; Dictionary of English Place-Names
Scotton,'Scots' farm/settlement'.,Scott Old English - A Scot.; tūn Old English - An enclosure; a farmstead; a village; an estate.,E. Ekwall; Dictionary of English Place-Names; Watts; Cambridge Dictionary of English Place-names; Smith; Place-Names of the North Riding of Yorkshire; A.D. Mills; Dictionary of English Place-Names
Scruton,'Scurfa's farm/settlement'.,Personal name (Old Norse) Old Norse - Personal name; tūn Old English - An enclosure; a farmstead; a village; an estate.,E. Ekwall; Dictionary of English Place-Names; A.D. Mills; Dictionary of English Place-Names; Smith; Place-Names of the North Riding of Yorkshire; Watts; Cambridge Dictionary of English Place-names
Seamer,"The first element is OE sae 'sea, lake', but its meaning in relation to the second element, 'pool', is unclear. Perhaps, 'marshy pool'.","mere Old English - A pond, a pool, a lake.; sǣ Old English - A lake; sea.  Usually means ""sea"" when used as a first element, and ""lake"" when used as a second element.",E. Ekwall; Dictionary of English Place-Names; Smith; Place-Names of the North Riding of Yorkshire; Watts; Cambridge Dictionary of English Place-names; A.D. Mills; Dictionary of English Place-Names
Seamer,"The first element is OE sae 'sea, lake', but its meaning in relation to the second element, 'pool' is unclear. Perhaps, 'marshy pool'.","mere Old English - A pond, a pool, a lake.; sǣ Old English - A lake; sea.  Usually means ""sea"" when used as a first element, and ""lake"" when used as a second element.",A.D. Mills; Dictionary of English Place-Names; Watts; Cambridge Dictionary of English Place-names; Smith; Place-Names of the North Riding of Yorkshire; E. Ekwall; Dictionary of English Place-Names
Sessay,'Sedge island'.,"ēg Old English - An island.  In ancient settlement-names, most frequently refers to dry ground surrounded by marsh.  Also used of islands in modern sense.  In late OE names: well-watered land.; secg Old English - Sedge, a reed, a rush.",E. Ekwall; Dictionary of English Place-Names; A.D. Mills; Dictionary of English Place-Names; Watts; Cambridge Dictionary of English Place-names; Smith; Place-Names of the North Riding of Yorkshire
Sexhow,"'Sek's burial mound' or perhaps, 'six burial mounds'.","haugr Old Norse - A natural height, a hill, a heap, an artificial mound, a burial mound.; Personal name (Old Norse) Old Norse - Personal name; sex Old English - Six.",Watts; Cambridge Dictionary of English Place-names; Smith; Place-Names of the North Riding of Yorkshire; A.D. Mills; Dictionary of English Place-Names; E. Ekwall; Dictionary of English Place-Names
Sheriff Hutton with Cornbrough,"'Hill-spur farm/settlement'. The Sheriff of York held this manor from the mid-12th century. Perhaps, 'crane/heron fortification'.","burh Old English - A fortified place.; corn Old English - Corn, grain.; hōh Old English - A heel; a sharply projecting piece of ground.; tūn Old English - An enclosure; a farmstead; a village; an estate.",Watts; Cambridge Dictionary of English Place-names; Smith; Place-Names of the North Riding of Yorkshire; A.D. Mills; Dictionary of English Place-Names; E. Ekwall; Dictionary of English Place-Names
Shipton,'Rose-hip farm/settlement'.,"hēope Old English - The fruit of the wild rose, a hip.; tūn Old English - An enclosure; a farmstead; a village; an estate.",E. Ekwall; Dictionary of English Place-Names; Watts; Cambridge Dictionary of English Place-names; A.D. Mills; Dictionary of English Place-Names; Smith; Place-Names of the North Riding of Yorkshire
Silpho,"Probably, 'shelf hill-spur'.","hōh Old English - A heel; a sharply projecting piece of ground.; scelf Old English - A shelf, a shelving terrain; a pinnacle, battlement.",A.D. Mills; Dictionary of English Place-Names; E. Ekwall; Dictionary of English Place-Names; Watts; Cambridge Dictionary of English Place-names; Smith; Place-Names of the North Riding of Yorkshire
Sinderby,"Uncertain. '*Sindri's farm/settlement', 'south farm/settlement' or 'cinder farm/settlement'.","bȳ Old Norse - A farmstead, a village.; Personal name (Old Norse) Old Norse - Personal name; sinder Old English - Cinder, slag.; syndri Old Norse",E. Ekwall; Dictionary of English Place-Names; Watts; Cambridge Dictionary of English Place-names; Smith; Place-Names of the North Riding of Yorkshire; A.D. Mills; Dictionary of English Place-Names
Sinnington,"'Farm/settlement associated with River Seven' or perhaps, 'River Seven farm/settlement'.","-ing Old English - Place-name forming suffix.; -ing- Old English - Connective particle, linking a first element to a final element.; River-name Unknown - River-name; tūn Old English - An enclosure; a farmstead; a village; an estate.",A.D. Mills; Dictionary of English Place-Names; Smith; Place-Names of the North Riding of Yorkshire; Watts; Cambridge Dictionary of English Place-names; E. Ekwall; Dictionary of English Place-Names
Skeeby,"Uncertain. 'Skithi's farm/settlement' or perhaps, 'wood farm/settlement'.","bȳ Old Norse - A farmstead, a village.; Personal name (Old Norse) Old Norse - Personal name; skíð Old Norse - Fire-wood, a billet of wood; a ski, a snow-shoe.",E. Ekwall; Dictionary of English Place-Names; Smith; Place-Names of the North Riding of Yorkshire; A.D. Mills; Dictionary of English Place-Names; Watts; Cambridge Dictionary of English Place-names
Skelton,"Uncertain. Possibly, 'farm/settlement on the River Skell (ON skellr= 'to clatter)', a lost river name, or perhaps, 'shelf farm/settlement'.","River-name Unknown - River-name; scelf Old English - A shelf, a shelving terrain; a pinnacle, battlement.; tūn Old English - An enclosure; a farmstead; a village; an estate.",E. Ekwall; Dictionary of English Place-Names; Smith; Place-Names of the North Riding of Yorkshire; A.D. Mills; Dictionary of English Place-Names; Watts; Cambridge Dictionary of English Place-names
Skelton,'Shelf farm/settlement'.,"scelf Old English - A shelf, a shelving terrain; a pinnacle, battlement.; tūn Old English - An enclosure; a farmstead; a village; an estate.",A.D. Mills; Dictionary of English Place-Names; E. Ekwall; Dictionary of English Place-Names; Smith; Place-Names of the North Riding of Yorkshire; Watts; Cambridge Dictionary of English Place-names
Skiplam,'Cowsheds'. The more recent '-lam' form developed under the influence of nearby Beadlam.,scypen Old English - A cow-shed.,Watts; Cambridge Dictionary of English Place-names; A.D. Mills; Dictionary of English Place-Names; E. Ekwall; Dictionary of English Place-Names; Smith; Place-Names of the North Riding of Yorkshire
Skipton on Swale,'Sheep farm' on the River Swale.,scēp Old English; tūn Old English - An enclosure; a farmstead; a village; an estate.,Smith; Place-Names of the North Riding of Yorkshire; E. Ekwall; Dictionary of English Place-Names; Watts; Cambridge Dictionary of English Place-names; A.D. Mills; Dictionary of English Place-Names
Skutterskelfe,'Skavathra's shelf' or 'shelf on the stream called Skavathra (= the chattering one)'.,Personal name (Old Norse) Old Norse - Personal name; River-name Unknown - River-name; skjalf Old Norse - A seat; a shelf.,E. Ekwall; Dictionary of English Place-Names; Watts; Cambridge Dictionary of English Place-names; A.D. Mills; Dictionary of English Place-Names; Smith; Place-Names of the North Riding of Yorkshire
Slingsby,'Slengr's farm/settlement'.,"bȳ Old Norse - A farmstead, a village.; Personal name (Old Norse) Old Norse - Personal name",E. Ekwall; Dictionary of English Place-Names; A.D. Mills; Dictionary of English Place-Names; Watts; Cambridge Dictionary of English Place-names; Smith; Place-Names of the North Riding of Yorkshire
Snainton,"Uncertain. Possibly, 'farm/settlement connected with *Snoc' or an otherwise obscure element.","-ingtūn Old English - A settlement called after, or connected with . . .; Personal name (Old English) Old English - Personal name; snecche Middle English - A trap, a snare.",Watts; Cambridge Dictionary of English Place-names; E. Ekwall; Dictionary of English Place-Names; A.D. Mills; Dictionary of English Place-Names; Smith; Place-Names of the North Riding of Yorkshire
Snape,"Either, 'boggy land' or 'poor pasture'.",snæp Old English - A boggy piece of land.; snap Old Norse - Poor pasture.,Watts; Cambridge Dictionary of English Place-names; Smith; Place-Names of the North Riding of Yorkshire; A.D. Mills; Dictionary of English Place-Names; E. Ekwall; Dictionary of English Place-Names
Sneaton,"Uncertain. 'Snaer's/Snjo's farm/settlement', 'farm/settlement on a detached piece of ground' or 'slope farm/settlement'.","Personal name (Old Norse) Old Norse - Personal name; snǣd Old English - Something cut off, a fragment, a detaced piece of ground.; tūn Old English - An enclosure; a farmstead; a village; an estate.",Smith; Place-Names of the North Riding of Yorkshire; E. Ekwall; Dictionary of English Place-Names; Watts; Cambridge Dictionary of English Place-names; A.D. Mills; Dictionary of English Place-Names
Snilesworth,"Uncertain. 'Snail ford' or perhaps, 'Snigel's ford'.",Personal name (Old Norse) Old Norse - Personal name; snigill Old Norse - A snail.; vað Old Norse - A ford.,Smith; Place-Names of the North Riding of Yorkshire; A.D. Mills; Dictionary of English Place-Names; Watts; Cambridge Dictionary of English Place-names; E. Ekwall; Dictionary of English Place-Names
South Holme,'Island'. 'South' to distinguish from North Holme.,"holmr Old Norse - An island, an inland promontory, raised ground in marsh, a river-meadow.; sūð Old English - South, southern.",E. Ekwall; Dictionary of English Place-Names; A.D. Mills; Dictionary of English Place-Names; Smith; Place-Names of the North Riding of Yorkshire; Watts; Cambridge Dictionary of English Place-names
South Kilvington,'Farm/settlement connected with *Cylfa'. 'South' to distinguish from North Kilvington.,"-ingtūn Old English - A settlement called after, or connected with . . .; Personal name (Old English) Old English - Personal name",Watts; Cambridge Dictionary of English Place-names; A.D. Mills; Dictionary of English Place-Names; E. Ekwall; Dictionary of English Place-Names; Smith; Place-Names of the North Riding of Yorkshire
Sowerby,'Sour/muddy farm/settlement'.,"bȳ Old Norse - A farmstead, a village.; saurr Old Norse - Mud, dirt, sour ground.",E. Ekwall; Dictionary of English Place-Names; Watts; Cambridge Dictionary of English Place-names; A.D. Mills; Dictionary of English Place-Names; Smith; Place-Names of the North Riding of Yorkshire
Sowerby under Cotcliffe,"'Muddy/sour farm/settlement' below Cotcliffe, 'cliff cottage'.","bȳ Old Norse - A farmstead, a village.; Place-name Unknown - Place-name; saurr Old Norse - Mud, dirt, sour ground.",Watts; Cambridge Dictionary of English Place-names; A.D. Mills; Dictionary of English Place-Names; E. Ekwall; Dictionary of English Place-Names; Smith; Place-Names of the North Riding of Yorkshire
Spaunton,'Wood-chip farm/settlement'.,"spánn Old Norse - A chip, a wooden shingle tile.; tūn Old English - An enclosure; a farmstead; a village; an estate.",A.D. Mills; Dictionary of English Place-Names; E. Ekwall; Dictionary of English Place-Names; Smith; Place-Names of the North Riding of Yorkshire; Watts; Cambridge Dictionary of English Place-names
Spennithorne,"Uncertain. 'Thorn-tree hedge/enclosure' or perhaps, 'thorn-tree dyke'.","spenn Old English - A clasp, a buckle; used topographically, perhaps of a strip of land or a fence.; spenning Old English - Probably a hedge, a fence, an enclosure.; spenning Old Norse - Probably a hedge, a fence, an enclosure.; þorn Old English - A hawthorn-tree.",Smith; Place-Names of the North Riding of Yorkshire; A.D. Mills; Dictionary of English Place-Names; Watts; Cambridge Dictionary of English Place-names; E. Ekwall; Dictionary of English Place-Names
Sproxton,"Uncertain. '*Sprok's farm/settlement' or perhaps, 'brushwood farm/settlement'.","Personal name (Old Norse) Old Norse - Personal name; sprǣg Old English - Brushwood, twigs.; tūn Old English - An enclosure; a farmstead; a village; an estate.",E. Ekwall; Dictionary of English Place-Names; Watts; Cambridge Dictionary of English Place-names; A.D. Mills; Dictionary of English Place-Names; Smith; Place-Names of the North Riding of Yorkshire
Stainton,'Stony farm/settlement'.,"stān Old English - A stone, stone, rock.; tūn Old English - An enclosure; a farmstead; a village; an estate.",Watts; Cambridge Dictionary of English Place-names; Smith; Place-Names of the North Riding of Yorkshire; A.D. Mills; Dictionary of English Place-Names; E. Ekwall; Dictionary of English Place-Names
Stainton,'Stony farm/settlement'.,"stān Old English - A stone, stone, rock.; tūn Old English - An enclosure; a farmstead; a village; an estate.",Watts; Cambridge Dictionary of English Place-names; Smith; Place-Names of the North Riding of Yorkshire; E. Ekwall; Dictionary of English Place-Names; A.D. Mills; Dictionary of English Place-Names
Staintondale,'Stony farm/settlement valley'.,"stān Old English - A stone, stone, rock.; tūn Old English - An enclosure; a farmstead; a village; an estate.",Smith; Place-Names of the North Riding of Yorkshire; A.D. Mills; Dictionary of English Place-Names; E. Ekwall; Dictionary of English Place-Names; Watts; Cambridge Dictionary of English Place-names
Stanghow,'Pole burial mound'.,"haugr Old Norse - A natural height, a hill, a heap, an artificial mound, a burial mound.; stǫng Old Norse - A pole, a stave; also used as a standard of measure.",Smith; Place-Names of the North Riding of Yorkshire; E. Ekwall; Dictionary of English Place-Names; A.D. Mills; Dictionary of English Place-Names; Watts; Cambridge Dictionary of English Place-names
Stanwick Park,'Stone walls'.,"steinn Old Norse - A stone, a rock.; veggr Old Norse - A wall; in ODan also a boulder, and in Norw p.ns. a mountainous wall, a steep cliff.",Watts; Cambridge Dictionary of English Place-names; A.D. Mills; Dictionary of English Place-Names; E. Ekwall; Dictionary of English Place-Names; Smith; Place-Names of the North Riding of Yorkshire
Startforth,"'Ford on a Roman road', where Watling Street crosses the River Tees.",ford Old English - A ford.; strēt Old English,Smith; Place-Names of the North Riding of Yorkshire; E. Ekwall; Dictionary of English Place-Names; Watts; Cambridge Dictionary of English Place-names; A.D. Mills; Dictionary of English Place-Names
Stillington,'Farm/settlement connected with *Styfel'.,"-ingtūn Old English - A settlement called after, or connected with . . .; Personal name (Old English) Old English - Personal name",A.D. Mills; Dictionary of English Place-Names; E. Ekwall; Dictionary of English Place-Names; Smith; Place-Names of the North Riding of Yorkshire; Watts; Cambridge Dictionary of English Place-names
Stittenham,"Uncertain. Possibly, 'steep place'. The place is situated on a very steep hill, surrounded on three sides by deep valleys.","sticel Old English - A steep place, a declivity.",A.D. Mills; Dictionary of English Place-Names; Watts; Cambridge Dictionary of English Place-names; Smith; Place-Names of the North Riding of Yorkshire; E. Ekwall; Dictionary of English Place-Names
Stockton on the Forest,"Probably, 'farm/settlement associated with an outlying farm/settlement' but perhaps, 'stock farm/settlement', i.e. enclosed, palisaded or log-built.","stoc Old English - A place, a secondary settlement.; stocc Old English - A tree-trunk, a stump, a log of wood, a stock (esp. in boundary marks or place-names that denote structures made of logs); a set of stocks as an engine of punishment.; tūn Old English - An enclosure; a farmstead; a village; an estate.",Watts; Cambridge Dictionary of English Place-names; Smith; Place-Names of the North Riding of Yorkshire; A.D. Mills; Dictionary of English Place-Names; E. Ekwall; Dictionary of English Place-Names
Stokesley,'Stoke's wood/clearing'.,"lēah Old English - A forest, wood, glade, clearing; (later) a pasture, meadow.; Place-name Unknown - Place-name",Smith; Place-Names of the North Riding of Yorkshire; A.D. Mills; Dictionary of English Place-Names; E. Ekwall; Dictionary of English Place-Names; Watts; Cambridge Dictionary of English Place-names
Stonegrave,'Quarry of the people at the stone'.,"-ingas Old English - The people of . . . ; the people called after . . .; græf Old English - A digging, a grave, a pit, a trench.; stān Old English - A stone, stone, rock.",E. Ekwall; Dictionary of English Place-Names; Watts; Cambridge Dictionary of English Place-names; Smith; Place-Names of the North Riding of Yorkshire; A.D. Mills; Dictionary of English Place-Names
Strensall,"Uncertain. '*Streon's nook of land' has been suggested, along with 'nook of land given as a reward' or 'nook of land used by lovers'.","halh Old English - A nook of land; a small valley; dry ground in marsh; a piece of land projecting from, or detached from, the main area of its administrative unit.; Personal name (Old English) Old English - Personal name; strēon Old English - Property, treasure.",Watts; Cambridge Dictionary of English Place-names; A.D. Mills; Dictionary of English Place-Names; Smith; Place-Names of the North Riding of Yorkshire; E. Ekwall; Dictionary of English Place-Names
Suffield cum Everley,'South field'. 'Wild boar wood/clearing'.,"eofor Old English - A wild boar.; feld Old English - Open country, unencumbered ground (eg. land without trees as opposed to forest, level ground as opposed to hills, land without buildings); arable land (from late tenth century).; lēah Old English - A forest, wood, glade, clearing; (later) a pasture, meadow.; sūð Old English - South, southern.",Watts; Cambridge Dictionary of English Place-names; A.D. Mills; Dictionary of English Place-Names; Smith; Place-Names of the North Riding of Yorkshire; E. Ekwall; Dictionary of English Place-Names
Sutton Howgrave,'South farm/settlement'. It is to the south of Howgrave.,"Place-name Unknown - Place-name; sūð Old English - South, southern.; tūn Old English - An enclosure; a farmstead; a village; an estate.",E. Ekwall; Dictionary of English Place-Names; Smith; Place-Names of the North Riding of Yorkshire; Watts; Cambridge Dictionary of English Place-names; A.D. Mills; Dictionary of English Place-Names
Sutton on the Forest,'South farm/settlement'.,"sūð Old English - South, southern.; tūn Old English - An enclosure; a farmstead; a village; an estate.",A.D. Mills; Dictionary of English Place-Names; E. Ekwall; Dictionary of English Place-Names; Smith; Place-Names of the North Riding of Yorkshire; Watts; Cambridge Dictionary of English Place-names
Sutton under Whitestone Cliffe,'South farm/settlement under the white stone cliff'.,"clif Old English - An escarpment, a hill-slope; a river-bank.; hwīt Old English - White; in early Modern English sometimes ""infertile"" in contrast with black, ""fertile"".; stān Old English - A stone, stone, rock.; sub Latin - Below, underneath.; sūð Old English - South, southern.; tūn Old English - An enclosure; a farmstead; a village; an estate.",E. Ekwall; Dictionary of English Place-Names; Watts; Cambridge Dictionary of English Place-names; Smith; Place-Names of the North Riding of Yorkshire; A.D. Mills; Dictionary of English Place-Names
Swainby with Allerthorpe,'Young men's farm/settlement'. 'Herlef's outlying farm/settlement'.,"bȳ Old Norse - A farmstead, a village.; Personal name (Old Norse) Old Norse - Personal name; sveinn Old Norse - A young man, a servant, an attendant.; þorp Old Norse - A secondary settlement, a dependent outlying farmstead or hamlet.",Watts; Cambridge Dictionary of English Place-names; Smith; Place-Names of the North Riding of Yorkshire; E. Ekwall; Dictionary of English Place-Names; A.D. Mills; Dictionary of English Place-Names
Swinton,'Pig farm/settlement'.,"swīn Old English - A swine, a pig.; tūn Old English - An enclosure; a farmstead; a village; an estate.",A.D. Mills; Dictionary of English Place-Names; E. Ekwall; Dictionary of English Place-Names; Watts; Cambridge Dictionary of English Place-names; Smith; Place-Names of the North Riding of Yorkshire
Swinton with Warthermarske,'Pig farm/settlement'. 'Watch-hill marsh'. -sk- is due to Scandinavian influence.,"dūn Old English - A hill.; mersc Old English - A marsh.; swīn Old English - A swine, a pig.; tūn Old English - An enclosure; a farmstead; a village; an estate.; weard Old English - Watch, ward, protection.",A.D. Mills; Dictionary of English Place-Names; Watts; Cambridge Dictionary of English Place-names; Smith; Place-Names of the North Riding of Yorkshire; E. Ekwall; Dictionary of English Place-Names
Terrington with Wigganthorpe,"Uncertain. Possibly, 'farm/settlement connected with *Teofer'. Alternatively, 'picture farm/settlement', perhaps referring to decoration or sorcery. 'Viking's outlying farm/settlement'.","-ing- Old English - Connective particle, linking a first element to a final element.; Personal name (Old English) Old English - Personal name; tūn Old English - An enclosure; a farmstead; a village; an estate.; wīcing Old English - A pirate.; þorp Old Norse - A secondary settlement, a dependent outlying farmstead or hamlet.",A.D. Mills; Dictionary of English Place-Names; E. Ekwall; Dictionary of English Place-Names; Watts; Cambridge Dictionary of English Place-names; Smith; Place-Names of the North Riding of Yorkshire
Theakston,"Probably, '*Theodec's farm/settlement'.",Personal name (Old English) Old English - Personal name; tūn Old English - An enclosure; a farmstead; a village; an estate.,Smith; Place-Names of the North Riding of Yorkshire; Watts; Cambridge Dictionary of English Place-names; E. Ekwall; Dictionary of English Place-Names; A.D. Mills; Dictionary of English Place-Names
Thimbleby,'*Thymill's farm/settlement'.,"bȳ Old Norse - A farmstead, a village.; Personal name (Old Norse) Old Norse - Personal name",Watts; Cambridge Dictionary of English Place-names; Smith; Place-Names of the North Riding of Yorkshire; E. Ekwall; Dictionary of English Place-Names; A.D. Mills; Dictionary of English Place-Names
Thirkleby,'Thorkell's farm/settlement'.,"bȳ Old Norse - A farmstead, a village.; Personal name (Old Norse) Old Norse - Personal name",E. Ekwall; Dictionary of English Place-Names; Watts; Cambridge Dictionary of English Place-names; Smith; Place-Names of the North Riding of Yorkshire; A.D. Mills; Dictionary of English Place-Names
Thirlby,"Uncertain. Either, 'thrall's farm/settlement' or '*Thrylli's farm/settlement'.","bȳ Old Norse - A farmstead, a village.; Personal name (Old Norse) Old Norse - Personal name; þrǽll Old Norse - A thrall, a serf, a slave.",Smith; Place-Names of the North Riding of Yorkshire; Watts; Cambridge Dictionary of English Place-names; E. Ekwall; Dictionary of English Place-Names; A.D. Mills; Dictionary of English Place-Names
Thirn,'Thorn-tree'.,þyrne Old English - A thorn-bush.,Smith; Place-Names of the North Riding of Yorkshire; Watts; Cambridge Dictionary of English Place-names; A.D. Mills; Dictionary of English Place-Names; E. Ekwall; Dictionary of English Place-Names
Thirsk,'Fen'.,"þresk Old Norse - A fen, a lake.",E. Ekwall; Dictionary of English Place-Names; Smith; Place-Names of the North Riding of Yorkshire; A.D. Mills; Dictionary of English Place-Names; Watts; Cambridge Dictionary of English Place-names
Tholthorpe,'Thorulfr's outlying farm/settlement'.,"Personal name (Old Norse) Old Norse - Personal name; þorp Old Norse - A secondary settlement, a dependent outlying farmstead or hamlet.",Smith; Place-Names of the North Riding of Yorkshire; A.D. Mills; Dictionary of English Place-Names; Watts; Cambridge Dictionary of English Place-names; E. Ekwall; Dictionary of English Place-Names
Thoralby,'Thoraldr's farm/settlement'.,"bȳ Old Norse - A farmstead, a village.; Personal name (Old Norse) Old Norse - Personal name",Watts; Cambridge Dictionary of English Place-names; E. Ekwall; Dictionary of English Place-Names; Smith; Place-Names of the North Riding of Yorkshire; A.D. Mills; Dictionary of English Place-Names
Thormanby,'Thormothr's farm/settlement'.,"bȳ Old Norse - A farmstead, a village.; Personal name (Old Norse) Old Norse - Personal name",E. Ekwall; Dictionary of English Place-Names; Smith; Place-Names of the North Riding of Yorkshire; Watts; Cambridge Dictionary of English Place-names; A.D. Mills; Dictionary of English Place-Names
Thornaby,'Thormoth's farm/settlement'.,"bȳ Old Norse - A farmstead, a village.; Personal name (Old Norse) Old Norse - Personal name",Watts; Cambridge Dictionary of English Place-names; Smith; Place-Names of the North Riding of Yorkshire; A.D. Mills; Dictionary of English Place-Names; E. Ekwall; Dictionary of English Place-Names
Thornbrough,'Thorn-tree hill'.,berg Old English; þorn Old English - A hawthorn-tree.,Smith; Place-Names of the North Riding of Yorkshire; Watts; Cambridge Dictionary of English Place-names; A.D. Mills; Dictionary of English Place-Names; E. Ekwall; Dictionary of English Place-Names
Thornton Bridge,'Thorn-tree farm/settlement'. 'Bridge' is a later addition.,tūn Old English - An enclosure; a farmstead; a village; an estate.; þorn Old English - A hawthorn-tree.,E. Ekwall; Dictionary of English Place-Names; Watts; Cambridge Dictionary of English Place-names; A.D. Mills; Dictionary of English Place-Names; Smith; Place-Names of the North Riding of Yorkshire
Thornton Dale,'Thorn-tree farm/settlement' in the Vale of Pickering.,tūn Old English - An enclosure; a farmstead; a village; an estate.; þorn Old English - A hawthorn-tree.,A.D. Mills; Dictionary of English Place-Names; Watts; Cambridge Dictionary of English Place-names; Smith; Place-Names of the North Riding of Yorkshire; E. Ekwall; Dictionary of English Place-Names
Thornton le Beans,'Thorn-tree farm/settlement'. 'Beans' indicates that this was probably an important local crop.,faba Latin - A bean.; in Old English - In.; tūn Old English - An enclosure; a farmstead; a village; an estate.; þorn Old English - A hawthorn-tree.,E. Ekwall; Dictionary of English Place-Names; A.D. Mills; Dictionary of English Place-Names; Watts; Cambridge Dictionary of English Place-names; Smith; Place-Names of the North Riding of Yorkshire
Thornton le Clay,'Thorn-tree farm/settlement on clay'.,"clǣg Old English - Clay, clayey soil.; le Old French - The.; tūn Old English - An enclosure; a farmstead; a village; an estate.; þorn Old English - A hawthorn-tree.",Smith; Place-Names of the North Riding of Yorkshire; E. Ekwall; Dictionary of English Place-Names; A.D. Mills; Dictionary of English Place-Names; Watts; Cambridge Dictionary of English Place-names
Thornton le Moor,'Thorn-tree farm/settlement on the moor'.,"in Old English - In.; mōr Old English - A marsh, barren upland.; tūn Old English - An enclosure; a farmstead; a village; an estate.; þorn Old English - A hawthorn-tree.",A.D. Mills; Dictionary of English Place-Names; E. Ekwall; Dictionary of English Place-Names; Watts; Cambridge Dictionary of English Place-names; Smith; Place-Names of the North Riding of Yorkshire
Thornton le Street,'Thorn-tree farm/settlement on a Roman road'.,in Old English - In.; strēt Old English; tūn Old English - An enclosure; a farmstead; a village; an estate.; þorn Old English - A hawthorn-tree.,E. Ekwall; Dictionary of English Place-Names; Watts; Cambridge Dictionary of English Place-names; A.D. Mills; Dictionary of English Place-Names; Smith; Place-Names of the North Riding of Yorkshire
Thornton on the Hill,'Thorn-tree farm/settlement'.,tūn Old English - An enclosure; a farmstead; a village; an estate.; þorn Old English - A hawthorn-tree.,A.D. Mills; Dictionary of English Place-Names; E. Ekwall; Dictionary of English Place-Names; Watts; Cambridge Dictionary of English Place-names; Smith; Place-Names of the North Riding of Yorkshire
Thornton Riseborough,"'Thorn-tree farm/settlement below brushwood hill'. L. sub, 'below' has been lost.","berg Old English; hrīs Old English - Shrubs, brushwood.; tūn Old English - An enclosure; a farmstead; a village; an estate.; þorn Old English - A hawthorn-tree.",Smith; Place-Names of the North Riding of Yorkshire; Watts; Cambridge Dictionary of English Place-names; E. Ekwall; Dictionary of English Place-Names; A.D. Mills; Dictionary of English Place-Names
Thornton Rust,"'Thorn-tree farm/settlement'. Although documentary evidence is scant, 'Rust' may indicate ownership by someone named Hrosskill c. 1086.",Personal name (Uncertain) Unknown - Personal name; tūn Old English - An enclosure; a farmstead; a village; an estate.; þorn Old English - A hawthorn-tree.,Watts; Cambridge Dictionary of English Place-names; A.D. Mills; Dictionary of English Place-Names; E. Ekwall; Dictionary of English Place-Names; Smith; Place-Names of the North Riding of Yorkshire
Thornton Steward,"'Thorn-tree farm/settlement'. Thornton was held by Wymar, steward of the Earls of Richmond.",stig-weard Old English - A steward.; tūn Old English - An enclosure; a farmstead; a village; an estate.; þorn Old English - A hawthorn-tree.,Watts; Cambridge Dictionary of English Place-names; A.D. Mills; Dictionary of English Place-Names; Smith; Place-Names of the North Riding of Yorkshire; E. Ekwall; Dictionary of English Place-Names
Thornton Watlass,"'Thorn-tree farm/settlement'. It was joined with Watlass, 'water-less', in the 13th century.","-lauss Old Norse - -less, without.; tūn Old English - An enclosure; a farmstead; a village; an estate.; vatn Old Norse - Water, fresh water, a lake.; þorn Old English - A hawthorn-tree.",A.D. Mills; Dictionary of English Place-Names; Smith; Place-Names of the North Riding of Yorkshire; E. Ekwall; Dictionary of English Place-Names; Watts; Cambridge Dictionary of English Place-names
Thorpe le Willows,'Outlying farm/settlement' in the willows.,"þorp Old Norse - A secondary settlement, a dependent outlying farmstead or hamlet.",Smith; Place-Names of the North Riding of Yorkshire; A.D. Mills; Dictionary of English Place-Names; Watts; Cambridge Dictionary of English Place-names; E. Ekwall; Dictionary of English Place-Names
Thrintoft,'Thorn-tree curtilage'.,"toft Old English - A curtilage, the plot of ground in which a dwelling stands.; topt Old Norse - A building site, a curtilage, a messuage.; þyrne Old English - A thorn-bush.; þyrnir Old Norse - A thorn-bush.",A.D. Mills; Dictionary of English Place-Names; Smith; Place-Names of the North Riding of Yorkshire; E. Ekwall; Dictionary of English Place-Names; Watts; Cambridge Dictionary of English Place-names
Throxenby,'Thurstan's farm/settlement'.,"bȳ Old Norse - A farmstead, a village.; Personal name (Old Norse) Old Norse - Personal name",A.D. Mills; Dictionary of English Place-Names; Watts; Cambridge Dictionary of English Place-names; E. Ekwall; Dictionary of English Place-Names; Smith; Place-Names of the North Riding of Yorkshire
Tocketts,Obscure first element. The second is 'cottages',"cot Old English - A cottage, a hut, a shelter, a den.; Obscure element Unknown - Obscure element",A.D. Mills; Dictionary of English Place-Names; E. Ekwall; Dictionary of English Place-Names; Watts; Cambridge Dictionary of English Place-names; Smith; Place-Names of the North Riding of Yorkshire
Tollerton,'Tax-gatherer's farm/settlement'.,tolnere Old English - A tax-gatherer.; tūn Old English - An enclosure; a farmstead; a village; an estate.,A.D. Mills; Dictionary of English Place-Names; E. Ekwall; Dictionary of English Place-Names; Smith; Place-Names of the North Riding of Yorkshire; Watts; Cambridge Dictionary of English Place-names
Topcliffe,'Top of the cliff'.,"clif Old English - An escarpment, a hill-slope; a river-bank.; topp Old English - A top, the top of a bank or hill.",E. Ekwall; Dictionary of English Place-Names; A.D. Mills; Dictionary of English Place-Names; Smith; Place-Names of the North Riding of Yorkshire; Watts; Cambridge Dictionary of English Place-names
Towthorpe,'Tofi's outlying farm/settlement'.,"Personal name (Old Norse) Old Norse - Personal name; þorp Old Norse - A secondary settlement, a dependent outlying farmstead or hamlet.",Smith; Place-Names of the North Riding of Yorkshire; Watts; Cambridge Dictionary of English Place-names; E. Ekwall; Dictionary of English Place-Names; A.D. Mills; Dictionary of English Place-Names
Trouts Dale,"Uncertain. Possibly, 'trout place' or 'Trut's valley'.",dæl Old English; Personal name (Old Norse) Old Norse - Personal name; stall Old English; truht Old English - A trout.,Watts; Cambridge Dictionary of English Place-names; E. Ekwall; Dictionary of English Place-Names; A.D. Mills; Dictionary of English Place-Names; Smith; Place-Names of the North Riding of Yorkshire
Tunstall,'Farmstead'.,"tūn-stall Old English - The site of a farm, a farmstead.",E. Ekwall; Dictionary of English Place-Names; Smith; Place-Names of the North Riding of Yorkshire; A.D. Mills; Dictionary of English Place-Names; Watts; Cambridge Dictionary of English Place-names
Uckerby,"Uncertain. Perhaps, '*Ukyrri's/*Utkari's farm/settlement'.","bȳ Old Norse - A farmstead, a village.; Personal name (Old Norse) Old Norse - Personal name",A.D. Mills; Dictionary of English Place-Names; E. Ekwall; Dictionary of English Place-Names; Smith; Place-Names of the North Riding of Yorkshire; Watts; Cambridge Dictionary of English Place-names
Ugthorpe,'Uggi's outlying farm/settlement'.,"Personal name (Old Norse) Old Norse - Personal name; þorp Old Norse - A secondary settlement, a dependent outlying farmstead or hamlet.",Watts; Cambridge Dictionary of English Place-names; E. Ekwall; Dictionary of English Place-Names; Smith; Place-Names of the North Riding of Yorkshire; A.D. Mills; Dictionary of English Place-Names
Upleatham,'Upper slopes'.,"hlið Old English - A slope, a hill-side.; hlíð Old Norse - A slope, a hill-side.; upp Old English - Up, higher up, upon.; upp Old Norse - Up, higher up, upon.",Smith; Place-Names of the North Riding of Yorkshire; Watts; Cambridge Dictionary of English Place-names; A.D. Mills; Dictionary of English Place-Names; E. Ekwall; Dictionary of English Place-Names
Upper Helmsley,'Hemele's island'. 'Upper' to distinguish from Gate Helmsley.,"ēg Old English - An island.  In ancient settlement-names, most frequently refers to dry ground surrounded by marsh.  Also used of islands in modern sense.  In late OE names: well-watered land.; Personal name (Old English) Old English - Personal name; uferra Old English - Higher.",E. Ekwall; Dictionary of English Place-Names; Watts; Cambridge Dictionary of English Place-names; A.D. Mills; Dictionary of English Place-Names; Smith; Place-Names of the North Riding of Yorkshire
Upsall,'High dwelling(s)'.,"salr Old Norse - A dwelling, a hall.; upp Old Norse - Up, higher up, upon.",A.D. Mills; Dictionary of English Place-Names; Smith; Place-Names of the North Riding of Yorkshire; Watts; Cambridge Dictionary of English Place-names; E. Ekwall; Dictionary of English Place-Names
Upsall,'High dwelling(s)'.,"salr Old Norse - A dwelling, a hall.; upp Old Norse - Up, higher up, upon.",Watts; Cambridge Dictionary of English Place-names; E. Ekwall; Dictionary of English Place-Names; Smith; Place-Names of the North Riding of Yorkshire; A.D. Mills; Dictionary of English Place-Names
Walburn,'Britons' stream'.,burna Old English - A stream.; walh Old English,E. Ekwall; Dictionary of English Place-Names; A.D. Mills; Dictionary of English Place-Names; Watts; Cambridge Dictionary of English Place-names; Smith; Place-Names of the North Riding of Yorkshire
Warlaby,"Uncertain. 'Waerlaf's farm/settlement' or possibly, 'troth-breaker's farm/settlement'.","bȳ Old Norse - A farmstead, a village.; Personal name (Old English) Old English - Personal name; wērloga Old English - A troth-breaker, a traitor, a warlock.",Smith; Place-Names of the North Riding of Yorkshire; Watts; Cambridge Dictionary of English Place-names; A.D. Mills; Dictionary of English Place-Names; E. Ekwall; Dictionary of English Place-Names
Warthill,"Uncertain. 'Watch hill' or perhaps, 'beacon hill'.","hyll Old English - A hill, a natural eminence or elevated piece of ground.; varða Old Norse - A cairn, a heap of stones.; weard Old English - Watch, ward, protection.",A.D. Mills; Dictionary of English Place-Names; E. Ekwall; Dictionary of English Place-Names; Watts; Cambridge Dictionary of English Place-names; Smith; Place-Names of the North Riding of Yorkshire
Wath,'Ford'.,vað Old Norse - A ford.,E. Ekwall; Dictionary of English Place-Names; A.D. Mills; Dictionary of English Place-Names; Watts; Cambridge Dictionary of English Place-names; Smith; Place-Names of the North Riding of Yorkshire
Wath,'Ford'.,vað Old Norse - A ford.,A.D. Mills; Dictionary of English Place-Names; Watts; Cambridge Dictionary of English Place-names; Smith; Place-Names of the North Riding of Yorkshire; E. Ekwall; Dictionary of English Place-Names
Welburn,'Spring stream'.,burna Old English - A stream.; wella Old English,Smith; Place-Names of the North Riding of Yorkshire; A.D. Mills; Dictionary of English Place-Names; Watts; Cambridge Dictionary of English Place-names; E. Ekwall; Dictionary of English Place-Names
Welburn,'Spring stream'.,burna Old English - A stream.; wella Old English,A.D. Mills; Dictionary of English Place-Names; Watts; Cambridge Dictionary of English Place-names; E. Ekwall; Dictionary of English Place-Names; Smith; Place-Names of the North Riding of Yorkshire
Welbury,'Spring/stream hill'.,berg Old English; wella Old English,Watts; Cambridge Dictionary of English Place-names; A.D. Mills; Dictionary of English Place-Names; Smith; Place-Names of the North Riding of Yorkshire; E. Ekwall; Dictionary of English Place-Names
Well,'Spring/stream'.,wella Old English,A.D. Mills; Dictionary of English Place-Names; E. Ekwall; Dictionary of English Place-Names; Smith; Place-Names of the North Riding of Yorkshire; Watts; Cambridge Dictionary of English Place-names
Wensley,'*Waendel's wood/clearing'.,"lēah Old English - A forest, wood, glade, clearing; (later) a pasture, meadow.; Personal name (Old English) Old English - Personal name",E. Ekwall; Dictionary of English Place-Names; Watts; Cambridge Dictionary of English Place-names; A.D. Mills; Dictionary of English Place-Names; Smith; Place-Names of the North Riding of Yorkshire
West Appleton,'Apple orchard'.,æppel-tūn Old English - An orchard.,E. Ekwall; Dictionary of English Place-Names; A.D. Mills; Dictionary of English Place-Names; Smith; Place-Names of the North Riding of Yorkshire; Watts; Cambridge Dictionary of English Place-names
West Ayton,'River farm/settlement'. It is on the River Derwent. 'West' to distinguish from East Ayton.,ēa Old English - A river.; tūn Old English - An enclosure; a farmstead; a village; an estate.,Smith; Place-Names of the North Riding of Yorkshire; A.D. Mills; Dictionary of English Place-Names; Watts; Cambridge Dictionary of English Place-names; E. Ekwall; Dictionary of English Place-Names
West Harlsey,'*Herel's island'. 'West' to distinguish from East Harlsey.,"ēg Old English - An island.  In ancient settlement-names, most frequently refers to dry ground surrounded by marsh.  Also used of islands in modern sense.  In late OE names: well-watered land.; Personal name (Old English) Old English - Personal name",Smith; Place-Names of the North Riding of Yorkshire; Watts; Cambridge Dictionary of English Place-names; A.D. Mills; Dictionary of English Place-Names; E. Ekwall; Dictionary of English Place-Names
West Layton,"Literally, 'leek farm/settlement'.","lēac Old English - A leek, garlic.; tūn Old English - An enclosure; a farmstead; a village; an estate.",Watts; Cambridge Dictionary of English Place-names; E. Ekwall; Dictionary of English Place-Names; Smith; Place-Names of the North Riding of Yorkshire; A.D. Mills; Dictionary of English Place-Names
West Scrafton,"'Hovel farm/settlement', 'hollow farm/settlement' or 'farm/settlement with caves/pits'.","scræf Old English - A cavern, a hole in the ground; a hovel, a hut.; tūn Old English - An enclosure; a farmstead; a village; an estate.",A.D. Mills; Dictionary of English Place-Names; Smith; Place-Names of the North Riding of Yorkshire; E. Ekwall; Dictionary of English Place-Names; Watts; Cambridge Dictionary of English Place-names
West Tanfield,"Uncertain. 'Field of young shoots/osiers' or perhaps a personal name, '*Tana's field'. 'West' to distinguish from East Tanfield.","feld Old English - Open country, unencumbered ground (eg. land without trees as opposed to forest, level ground as opposed to hills, land without buildings); arable land (from late tenth century).; Personal name (Old English) Old English - Personal name; tan Modern English - Bark used for the production of tannin; tannin used in tanning leather.",Smith; Place-Names of the North Riding of Yorkshire; E. Ekwall; Dictionary of English Place-Names; A.D. Mills; Dictionary of English Place-Names; Watts; Cambridge Dictionary of English Place-names
West Witton,'Wood farm/settlement'.,"tūn Old English - An enclosure; a farmstead; a village; an estate.; wudu Old English - A wood; or wood, timber.",Smith; Place-Names of the North Riding of Yorkshire; E. Ekwall; Dictionary of English Place-Names; Watts; Cambridge Dictionary of English Place-names; A.D. Mills; Dictionary of English Place-Names
Westerdale,'West valley'.,"dalr Old Norse - A valley.; vestr Old Norse - West, westerly.",E. Ekwall; Dictionary of English Place-Names; A.D. Mills; Dictionary of English Place-Names; Watts; Cambridge Dictionary of English Place-names; Smith; Place-Names of the North Riding of Yorkshire
Whashton,"Uncertain. 'Farm/settlement of *Hwaessa's people' or perhaps, 'farm/settlement at Hwaessing (= the sharp, pointed place)'.","-ing Old English - Place-name forming suffix.; -ingtūn Old English - A settlement called after, or connected with . . .; hwæs Old English - Sharp, pointed, narrow.; Personal name (Old English) Old English - Personal name; tūn Old English - An enclosure; a farmstead; a village; an estate.",Watts; Cambridge Dictionary of English Place-names; Smith; Place-Names of the North Riding of Yorkshire; E. Ekwall; Dictionary of English Place-Names; A.D. Mills; Dictionary of English Place-Names
Whenby,'Women's farm/settlement'.,"bȳ Old Norse - A farmstead, a village.; kona Old Norse - A woman.",A.D. Mills; Dictionary of English Place-Names; Watts; Cambridge Dictionary of English Place-names; Smith; Place-Names of the North Riding of Yorkshire; E. Ekwall; Dictionary of English Place-Names
Whitby,Uncertain. 'White farm/settlement' or 'Hviti's farm/settlement'. The wapentake is,"bȳ Old Norse - A farmstead, a village.; hvítr Old Norse - White.; Personal name (Old Norse) Old Norse - Personal name; strand Old English - Land at the edge of a piece of water, esp. the sea; a shore, a bank.; vápnatak Old Norse - A wapentake, a sub-division of a county.",Anderson; English Hundred-Names; A.D. Mills; Dictionary of English Place-Names; E. Ekwall; Dictionary of English Place-Names; Watts; Cambridge Dictionary of English Place-names; Smith; Place-Names of the North Riding of Yorkshire
Whitwell,'White spring/stream'.,"hwīt Old English - White; in early Modern English sometimes ""infertile"" in contrast with black, ""fertile"".; wella Old English",A.D. Mills; Dictionary of English Place-Names; E. Ekwall; Dictionary of English Place-Names; Watts; Cambridge Dictionary of English Place-names; Smith; Place-Names of the North Riding of Yorkshire
Whitwell on the Hill,'White spring/stream'.,"hwīt Old English - White; in early Modern English sometimes ""infertile"" in contrast with black, ""fertile"".; wella Old English",A.D. Mills; Dictionary of English Place-Names; Smith; Place-Names of the North Riding of Yorkshire; E. Ekwall; Dictionary of English Place-Names; Watts; Cambridge Dictionary of English Place-names
Whorlton,'Farm/settlement by a hill named Wirvel (= the round-topped one)'.,"-ing Old English - Place-name forming suffix.; hvirfill Old Norse - A circle; something circular, eg. a hill-top, a whirlpool.; hwyrfel Old English - A circle.; tūn Old English - An enclosure; a farmstead; a village; an estate.",A.D. Mills; Dictionary of English Place-Names; E. Ekwall; Dictionary of English Place-Names; Smith; Place-Names of the North Riding of Yorkshire; Watts; Cambridge Dictionary of English Place-names
Whorlton,"'Farm/settlement at Cweorning (= mill place)', perhaps the name of the stream here.","-ing Old English - Place-name forming suffix.; cweorn Old English - A quern, a hand-mill; possibly also used of any mill.; tūn Old English - An enclosure; a farmstead; a village; an estate.",E. Ekwall; Dictionary of English Place-Names; Watts; Dictionary of County Durham Place-names.; Watts; Cambridge Dictionary of English Place-names; Mawer; Place-names of Northumberland and Durham.; A.D. Mills; Dictionary of English Place-Names
Wigginton,'Farm/settlement connected with Wicga'.,"-ingtūn Old English - A settlement called after, or connected with . . .; Personal name (Old English) Old English - Personal name",Smith; Place-Names of the North Riding of Yorkshire; E. Ekwall; Dictionary of English Place-Names; Watts; Cambridge Dictionary of English Place-names; A.D. Mills; Dictionary of English Place-Names
Wildon,'Wild hill'.,dūn Old English - A hill.; wilde Old English - Wild; untamed or undomesticated (animal); uncultivated or desolate (land).,Smith; Place-Names of the North Riding of Yorkshire; A.D. Mills; Dictionary of English Place-Names; E. Ekwall; Dictionary of English Place-Names; Watts; Cambridge Dictionary of English Place-names
Wilton,"Either, 'wild farm/settlement' or 'willow-tree farm/settlement'.",tūn Old English - An enclosure; a farmstead; a village; an estate.; wilde Old English - Wild; untamed or undomesticated (animal); uncultivated or desolate (land).; wilig Old English,Smith; Place-Names of the North Riding of Yorkshire; E. Ekwall; Dictionary of English Place-Names; A.D. Mills; Dictionary of English Place-Names; Watts; Cambridge Dictionary of English Place-names
Wilton,"Either, 'wild farm/settlement' or 'willow-tree farm/settlement'.",tūn Old English - An enclosure; a farmstead; a village; an estate.; wilde Old English - Wild; untamed or undomesticated (animal); uncultivated or desolate (land).; wilig Old English,Smith; Place-Names of the North Riding of Yorkshire; A.D. Mills; Dictionary of English Place-Names; E. Ekwall; Dictionary of English Place-Names; Watts; Cambridge Dictionary of English Place-names
Winston,'Wine's/Wini's farm/settlement'.,Personal name (Old English) Old English - Personal name; tūn Old English - An enclosure; a farmstead; a village; an estate.,Watts; Cambridge Dictionary of English Place-names; Watts; Dictionary of County Durham Place-names.; A.D. Mills; Dictionary of English Place-Names; Mawer; Place-names of Northumberland and Durham.; E. Ekwall; Dictionary of English Place-Names
Winton,'Wina's farm/settlement'.,Personal name (Old English) Old English - Personal name; tūn Old English - An enclosure; a farmstead; a village; an estate.,Smith; Place-Names of the North Riding of Yorkshire; Watts; Cambridge Dictionary of English Place-names; A.D. Mills; Dictionary of English Place-Names; E. Ekwall; Dictionary of English Place-Names
Wombleton,'Wynbald's/Winebald's farm/settlement'.,Personal name (Old English) Old English - Personal name; tūn Old English - An enclosure; a farmstead; a village; an estate.,Smith; Place-Names of the North Riding of Yorkshire; A.D. Mills; Dictionary of English Place-Names; Watts; Cambridge Dictionary of English Place-names; E. Ekwall; Dictionary of English Place-Names
Wrelton,"Uncertain. It has been suggested that the first element could be 'wearg-hyll' (= criminal-hill), possibly meaning 'gallows-hill farm/settlement'.","hyll Old English - A hill, a natural eminence or elevated piece of ground.; tūn Old English - An enclosure; a farmstead; a village; an estate.; wearg Old English - A felon, a criminal, an outlaw.",E. Ekwall; Dictionary of English Place-Names; Smith; Place-Names of the North Riding of Yorkshire; Watts; Cambridge Dictionary of English Place-names; A.D. Mills; Dictionary of English Place-Names
Wycliffe with Thorpe,"Probably, 'bend cliff'. 'White cliff' is perhaps less likely. 'Outlying farm/settlement'.","clif Old English - An escarpment, a hill-slope; a river-bank.; hwīt Old English - White; in early Modern English sometimes ""infertile"" in contrast with black, ""fertile"".; wiht Old English - A bend.; þorp Old Norse - A secondary settlement, a dependent outlying farmstead or hamlet.",Smith; Place-Names of the North Riding of Yorkshire; Watts; Cambridge Dictionary of English Place-names; A.D. Mills; Dictionary of English Place-Names; E. Ekwall; Dictionary of English Place-Names
Wykeham,"Uncertain. Perhaps, 'homestead/village associated with a Romano-British vicus (L. vicus, probably in the sense 'trading station')'.",wīc-hām Old English - A settlement associated with a Roman 'vicus'.,Smith; Place-Names of the North Riding of Yorkshire; Watts; Cambridge Dictionary of English Place-names; E. Ekwall; Dictionary of English Place-Names; A.D. Mills; Dictionary of English Place-Names
Yafforth,'River-ford' (across the Wiske).,ēa Old English - A river.; ford Old English - A ford.,A.D. Mills; Dictionary of English Place-Names; Smith; Place-Names of the North Riding of Yorkshire; Watts; Cambridge Dictionary of English Place-names; E. Ekwall; Dictionary of English Place-Names
Yarm,'Fish-weir(s)'.,"gear Old English - A yair, a fish-weir.",Smith; Place-Names of the North Riding of Yorkshire; A.D. Mills; Dictionary of English Place-Names; E. Ekwall; Dictionary of English Place-Names; Watts; Cambridge Dictionary of English Place-names
Yearsley,"Either, 'wild-boar wood/clearing' or '*Eofor's wood/clearing'.","eofor Old English - A wild boar.; lēah Old English - A forest, wood, glade, clearing; (later) a pasture, meadow.; Personal name (Old English) Old English - Personal name",Smith; Place-Names of the North Riding of Yorkshire; Watts; Cambridge Dictionary of English Place-names; A.D. Mills; Dictionary of English Place-Names; E. Ekwall; Dictionary of English Place-Names
Youlton,'Joli's farm/settlement'.,Personal name (Old Norse) Old Norse - Personal name; tūn Old English - An enclosure; a farmstead; a village; an estate.,A.D. Mills; Dictionary of English Place-Names; E. Ekwall; Dictionary of English Place-Names; Smith; Place-Names of the North Riding of Yorkshire; Watts; Cambridge Dictionary of English Place-names
